solid Exported from Blender-2.82 (sub 7)
facet normal 0.086491 0.878608 -0.469647
outer loop
vertex 1.150000 1.041573 0.572221
vertex 1.150000 1.046194 0.580866
vertex 1.159012 1.045307 0.580866
endloop
endfacet
facet normal 0.086559 0.878563 -0.469718
outer loop
vertex 1.150000 1.041573 0.572221
vertex 1.159012 1.045307 0.580866
vertex 1.158110 1.040774 0.572221
endloop
endfacet
facet normal 0.062264 0.633045 0.771607
outer loop
vertex 1.150000 1.035356 0.635356
vertex 1.150000 1.027778 0.641573
vertex 1.155419 1.027245 0.641573
endloop
endfacet
facet normal 0.062405 0.633084 0.771564
outer loop
vertex 1.150000 1.035356 0.635356
vertex 1.155419 1.027245 0.641573
vertex 1.156898 1.034676 0.635356
endloop
endfacet
facet normal 0.075943 0.770800 -0.632535
outer loop
vertex 1.150000 1.035356 0.564645
vertex 1.150000 1.041573 0.572221
vertex 1.158110 1.040774 0.572221
endloop
endfacet
facet normal 0.075980 0.770803 -0.632527
outer loop
vertex 1.150000 1.035356 0.564645
vertex 1.158110 1.040774 0.572221
vertex 1.156898 1.034676 0.564645
endloop
endfacet
facet normal 0.075979 0.770877 0.632436
outer loop
vertex 1.150000 1.041573 0.627778
vertex 1.150000 1.035356 0.635356
vertex 1.156898 1.034676 0.635356
endloop
endfacet
facet normal 0.075955 0.770877 0.632440
outer loop
vertex 1.150000 1.041573 0.627778
vertex 1.156898 1.034676 0.635356
vertex 1.158110 1.040774 0.627778
endloop
endfacet
facet normal 0.062412 0.633097 -0.771552
outer loop
vertex 1.150000 1.027778 0.558427
vertex 1.150000 1.035356 0.564645
vertex 1.156898 1.034676 0.564645
endloop
endfacet
facet normal 0.062285 0.633153 -0.771517
outer loop
vertex 1.150000 1.027778 0.558427
vertex 1.156898 1.034676 0.564645
vertex 1.155419 1.027245 0.558427
endloop
endfacet
facet normal 0.086565 0.878571 0.469702
outer loop
vertex 1.150000 1.046194 0.619134
vertex 1.150000 1.041573 0.627778
vertex 1.158110 1.040774 0.627778
endloop
endfacet
facet normal 0.086486 0.878554 0.469748
outer loop
vertex 1.150000 1.046194 0.619134
vertex 1.158110 1.040774 0.627778
vertex 1.159012 1.045307 0.619134
endloop
endfacet
facet normal 0.046313 0.470941 -0.880948
outer loop
vertex 1.150000 1.019134 0.553806
vertex 1.150000 1.027778 0.558427
vertex 1.155419 1.027245 0.558427
endloop
endfacet
facet normal 0.046446 0.470917 -0.880954
outer loop
vertex 1.150000 1.019134 0.553806
vertex 1.155419 1.027245 0.558427
vertex 1.153733 1.018766 0.553806
endloop
endfacet
facet normal 0.093788 0.952733 0.288971
outer loop
vertex 1.150000 1.049039 0.609754
vertex 1.150000 1.046194 0.619134
vertex 1.159012 1.045307 0.619134
endloop
endfacet
facet normal 0.093808 0.952745 0.288924
outer loop
vertex 1.150000 1.049039 0.609754
vertex 1.159012 1.045307 0.619134
vertex 1.159567 1.048097 0.609754
endloop
endfacet
facet normal 0.028625 0.290219 -0.956532
outer loop
vertex 1.150000 1.009754 0.550960
vertex 1.150000 1.019134 0.553806
vertex 1.153733 1.018766 0.553806
endloop
endfacet
facet normal 0.028499 0.290259 -0.956524
outer loop
vertex 1.150000 1.009754 0.550960
vertex 1.153733 1.018766 0.553806
vertex 1.151903 1.009567 0.550960
endloop
endfacet
facet normal 0.097522 0.990438 0.097583
outer loop
vertex 1.150000 1.050000 0.600000
vertex 1.150000 1.049039 0.609754
vertex 1.159567 1.048097 0.609754
endloop
endfacet
facet normal 0.097576 0.990437 0.097539
outer loop
vertex 1.150000 1.050000 0.600000
vertex 1.159567 1.048097 0.609754
vertex 1.159754 1.049039 0.600000
endloop
endfacet
facet normal 0.009636 0.098048 0.995135
outer loop
vertex 1.150000 1.009754 0.649039
vertex 1.150000 1.000000 0.650000
vertex 1.151903 1.009567 0.649039
endloop
endfacet
facet normal 0.009624 0.097937 -0.995146
outer loop
vertex 1.150000 1.000000 0.550000
vertex 1.150000 1.009754 0.550960
vertex 1.151903 1.009567 0.550960
endloop
endfacet
facet normal 0.097576 0.990432 -0.097583
outer loop
vertex 1.150000 1.049039 0.590245
vertex 1.150000 1.050000 0.600000
vertex 1.159754 1.049039 0.600000
endloop
endfacet
facet normal 0.097522 0.990444 -0.097518
outer loop
vertex 1.150000 1.049039 0.590245
vertex 1.159754 1.049039 0.600000
vertex 1.159567 1.048097 0.590245
endloop
endfacet
facet normal 0.028469 0.290129 0.956564
outer loop
vertex 1.150000 1.019134 0.646194
vertex 1.150000 1.009754 0.649039
vertex 1.151903 1.009567 0.649039
endloop
endfacet
facet normal 0.028624 0.290133 0.956558
outer loop
vertex 1.150000 1.019134 0.646194
vertex 1.151903 1.009567 0.649039
vertex 1.153733 1.018766 0.646194
endloop
endfacet
facet normal 0.093809 0.952732 -0.288966
outer loop
vertex 1.150000 1.046194 0.580866
vertex 1.150000 1.049039 0.590245
vertex 1.159567 1.048097 0.590245
endloop
endfacet
facet normal 0.093787 0.952730 -0.288979
outer loop
vertex 1.150000 1.046194 0.580866
vertex 1.159567 1.048097 0.590245
vertex 1.159012 1.045307 0.580866
endloop
endfacet
facet normal 0.046439 0.470928 0.880949
outer loop
vertex 1.150000 1.027778 0.641573
vertex 1.150000 1.019134 0.646194
vertex 1.153733 1.018766 0.646194
endloop
endfacet
facet normal 0.046305 0.470934 0.880952
outer loop
vertex 1.150000 1.027778 0.641573
vertex 1.153733 1.018766 0.646194
vertex 1.155419 1.027245 0.641573
endloop
endfacet
facet normal 0.277870 0.916126 -0.288966
outer loop
vertex 1.159012 1.045307 0.580866
vertex 1.159567 1.048097 0.590245
vertex 1.168766 1.045307 0.590245
endloop
endfacet
facet normal 0.278025 0.916023 -0.289144
outer loop
vertex 1.159012 1.045307 0.580866
vertex 1.168766 1.045307 0.590245
vertex 1.167677 1.042677 0.580866
endloop
endfacet
facet normal 0.137391 0.452771 0.880978
outer loop
vertex 1.155419 1.027245 0.641573
vertex 1.153733 1.018766 0.646194
vertex 1.157322 1.017677 0.646194
endloop
endfacet
facet normal 0.137389 0.452816 0.880955
outer loop
vertex 1.155419 1.027245 0.641573
vertex 1.157322 1.017677 0.646194
vertex 1.160630 1.025664 0.641573
endloop
endfacet
facet normal 0.256402 0.844763 -0.469717
outer loop
vertex 1.158110 1.040774 0.572221
vertex 1.159012 1.045307 0.580866
vertex 1.167677 1.042677 0.580866
endloop
endfacet
facet normal 0.256226 0.844924 -0.469523
outer loop
vertex 1.158110 1.040774 0.572221
vertex 1.167677 1.042677 0.580866
vertex 1.165909 1.038409 0.572221
endloop
endfacet
facet normal 0.184706 0.608747 0.771564
outer loop
vertex 1.156898 1.034676 0.635356
vertex 1.155419 1.027245 0.641573
vertex 1.160630 1.025664 0.641573
endloop
endfacet
facet normal 0.184679 0.608747 0.771570
outer loop
vertex 1.156898 1.034676 0.635356
vertex 1.160630 1.025664 0.641573
vertex 1.163530 1.032664 0.635356
endloop
endfacet
facet normal 0.224769 0.741175 -0.632565
outer loop
vertex 1.156898 1.034676 0.564645
vertex 1.158110 1.040774 0.572221
vertex 1.165909 1.038409 0.572221
endloop
endfacet
facet normal 0.224840 0.741134 -0.632588
outer loop
vertex 1.156898 1.034676 0.564645
vertex 1.165909 1.038409 0.572221
vertex 1.163530 1.032664 0.564645
endloop
endfacet
facet normal 0.224891 0.741239 0.632447
outer loop
vertex 1.158110 1.040774 0.627778
vertex 1.156898 1.034676 0.635356
vertex 1.163530 1.032664 0.635356
endloop
endfacet
facet normal 0.224770 0.741230 0.632500
outer loop
vertex 1.158110 1.040774 0.627778
vertex 1.163530 1.032664 0.635356
vertex 1.165909 1.038409 0.627778
endloop
endfacet
facet normal 0.184697 0.608815 -0.771513
outer loop
vertex 1.155419 1.027245 0.558427
vertex 1.156898 1.034676 0.564645
vertex 1.163530 1.032664 0.564645
endloop
endfacet
facet normal 0.184713 0.608787 -0.771531
outer loop
vertex 1.155419 1.027245 0.558427
vertex 1.163530 1.032664 0.564645
vertex 1.160630 1.025664 0.558427
endloop
endfacet
facet normal 0.256193 0.844817 0.469734
outer loop
vertex 1.159012 1.045307 0.619134
vertex 1.158110 1.040774 0.627778
vertex 1.165909 1.038409 0.627778
endloop
endfacet
facet normal 0.256416 0.844832 0.469584
outer loop
vertex 1.159012 1.045307 0.619134
vertex 1.165909 1.038409 0.627778
vertex 1.167677 1.042677 0.619134
endloop
endfacet
facet normal 0.137378 0.452788 -0.880971
outer loop
vertex 1.153733 1.018766 0.553806
vertex 1.155419 1.027245 0.558427
vertex 1.160630 1.025664 0.558427
endloop
endfacet
facet normal 0.137391 0.452806 -0.880960
outer loop
vertex 1.153733 1.018766 0.553806
vertex 1.160630 1.025664 0.558427
vertex 1.157322 1.017677 0.553806
endloop
endfacet
facet normal 0.278057 0.916069 0.288967
outer loop
vertex 1.159567 1.048097 0.609754
vertex 1.159012 1.045307 0.619134
vertex 1.167677 1.042677 0.619134
endloop
endfacet
facet normal 0.277846 0.916097 0.289081
outer loop
vertex 1.159567 1.048097 0.609754
vertex 1.167677 1.042677 0.619134
vertex 1.168766 1.045307 0.609754
endloop
endfacet
facet normal 0.084659 0.279112 -0.956520
outer loop
vertex 1.151903 1.009567 0.550960
vertex 1.153733 1.018766 0.553806
vertex 1.157322 1.017677 0.553806
endloop
endfacet
facet normal 0.084695 0.279066 -0.956530
outer loop
vertex 1.151903 1.009567 0.550960
vertex 1.157322 1.017677 0.553806
vertex 1.153733 1.009012 0.550960
endloop
endfacet
facet normal 0.288868 0.952386 0.097550
outer loop
vertex 1.159754 1.049039 0.600000
vertex 1.159567 1.048097 0.609754
vertex 1.168766 1.045307 0.609754
endloop
endfacet
facet normal 0.288845 0.952399 0.097492
outer loop
vertex 1.159754 1.049039 0.600000
vertex 1.168766 1.045307 0.609754
vertex 1.169134 1.046194 0.600000
endloop
endfacet
facet normal 0.028606 0.094269 0.995136
outer loop
vertex 1.151903 1.009567 0.649039
vertex 1.150000 1.000000 0.650000
vertex 1.153733 1.009012 0.649039
endloop
endfacet
facet normal 0.028560 0.094171 -0.995146
outer loop
vertex 1.150000 1.000000 0.550000
vertex 1.151903 1.009567 0.550960
vertex 1.153733 1.009012 0.550960
endloop
endfacet
facet normal 0.288854 0.952398 -0.097477
outer loop
vertex 1.159567 1.048097 0.590245
vertex 1.159754 1.049039 0.600000
vertex 1.169134 1.046194 0.600000
endloop
endfacet
facet normal 0.288862 0.952389 -0.097545
outer loop
vertex 1.159567 1.048097 0.590245
vertex 1.169134 1.046194 0.600000
vertex 1.168766 1.045307 0.590245
endloop
endfacet
facet normal 0.084645 0.279041 0.956541
outer loop
vertex 1.153733 1.018766 0.646194
vertex 1.151903 1.009567 0.649039
vertex 1.153733 1.009012 0.649039
endloop
endfacet
facet normal 0.084643 0.278995 0.956555
outer loop
vertex 1.153733 1.018766 0.646194
vertex 1.153733 1.009012 0.649039
vertex 1.157322 1.017677 0.646194
endloop
endfacet
facet normal 0.223043 0.417315 -0.880965
outer loop
vertex 1.157322 1.017677 0.553806
vertex 1.160630 1.025664 0.558427
vertex 1.165433 1.023097 0.558427
endloop
endfacet
facet normal 0.223055 0.417328 -0.880956
outer loop
vertex 1.157322 1.017677 0.553806
vertex 1.165433 1.023097 0.558427
vertex 1.160630 1.015909 0.553806
endloop
endfacet
facet normal 0.451167 0.844303 0.289138
outer loop
vertex 1.168766 1.045307 0.609754
vertex 1.167677 1.042677 0.619134
vertex 1.175664 1.038409 0.619134
endloop
endfacet
facet normal 0.451341 0.844275 0.288949
outer loop
vertex 1.168766 1.045307 0.609754
vertex 1.175664 1.038409 0.619134
vertex 1.177245 1.040774 0.609754
endloop
endfacet
facet normal 0.137480 0.257225 -0.956522
outer loop
vertex 1.153733 1.009012 0.550960
vertex 1.157322 1.017677 0.553806
vertex 1.160630 1.015909 0.553806
endloop
endfacet
facet normal 0.137552 0.257162 -0.956529
outer loop
vertex 1.153733 1.009012 0.550960
vertex 1.160630 1.015909 0.553806
vertex 1.155419 1.008110 0.550960
endloop
endfacet
facet normal 0.469230 0.877675 0.097513
outer loop
vertex 1.169134 1.046194 0.600000
vertex 1.168766 1.045307 0.609754
vertex 1.177245 1.040774 0.609754
endloop
endfacet
facet normal 0.469206 0.877684 0.097549
outer loop
vertex 1.169134 1.046194 0.600000
vertex 1.177245 1.040774 0.609754
vertex 1.177778 1.041573 0.600000
endloop
endfacet
facet normal 0.046486 0.086868 0.995135
outer loop
vertex 1.153733 1.009012 0.649039
vertex 1.150000 1.000000 0.650000
vertex 1.155419 1.008110 0.649039
endloop
endfacet
facet normal 0.046449 0.086782 -0.995144
outer loop
vertex 1.150000 1.000000 0.550000
vertex 1.153733 1.009012 0.550960
vertex 1.155419 1.008110 0.550960
endloop
endfacet
facet normal 0.469205 0.877688 -0.097521
outer loop
vertex 1.168766 1.045307 0.590245
vertex 1.169134 1.046194 0.600000
vertex 1.177778 1.041573 0.600000
endloop
endfacet
facet normal 0.469225 0.877678 -0.097521
outer loop
vertex 1.168766 1.045307 0.590245
vertex 1.177778 1.041573 0.600000
vertex 1.177245 1.040774 0.590245
endloop
endfacet
facet normal 0.137534 0.257084 0.956552
outer loop
vertex 1.157322 1.017677 0.646194
vertex 1.153733 1.009012 0.649039
vertex 1.155419 1.008110 0.649039
endloop
endfacet
facet normal 0.137446 0.257133 0.956552
outer loop
vertex 1.157322 1.017677 0.646194
vertex 1.155419 1.008110 0.649039
vertex 1.160630 1.015909 0.646194
endloop
endfacet
facet normal 0.451317 0.844214 -0.289162
outer loop
vertex 1.167677 1.042677 0.580866
vertex 1.168766 1.045307 0.590245
vertex 1.177245 1.040774 0.590245
endloop
endfacet
facet normal 0.451187 0.844350 -0.288970
outer loop
vertex 1.167677 1.042677 0.580866
vertex 1.177245 1.040774 0.590245
vertex 1.175664 1.038409 0.580866
endloop
endfacet
facet normal 0.223035 0.417316 0.880967
outer loop
vertex 1.160630 1.025664 0.641573
vertex 1.157322 1.017677 0.646194
vertex 1.160630 1.015909 0.646194
endloop
endfacet
facet normal 0.223030 0.417323 0.880965
outer loop
vertex 1.160630 1.025664 0.641573
vertex 1.160630 1.015909 0.646194
vertex 1.165433 1.023097 0.641573
endloop
endfacet
facet normal 0.416111 0.778709 -0.469536
outer loop
vertex 1.165909 1.038409 0.572221
vertex 1.167677 1.042677 0.580866
vertex 1.175664 1.038409 0.580866
endloop
endfacet
facet normal 0.416163 0.778648 -0.469591
outer loop
vertex 1.165909 1.038409 0.572221
vertex 1.175664 1.038409 0.580866
vertex 1.173097 1.034567 0.572221
endloop
endfacet
facet normal 0.299836 0.561026 0.771588
outer loop
vertex 1.163530 1.032664 0.635356
vertex 1.160630 1.025664 0.641573
vertex 1.165433 1.023097 0.641573
endloop
endfacet
facet normal 0.299893 0.561050 0.771548
outer loop
vertex 1.163530 1.032664 0.635356
vertex 1.165433 1.023097 0.641573
vertex 1.169642 1.029397 0.635356
endloop
endfacet
facet normal 0.365085 0.683047 -0.632582
outer loop
vertex 1.163530 1.032664 0.564645
vertex 1.165909 1.038409 0.572221
vertex 1.173097 1.034567 0.572221
endloop
endfacet
facet normal 0.365085 0.683010 -0.632622
outer loop
vertex 1.163530 1.032664 0.564645
vertex 1.173097 1.034567 0.572221
vertex 1.169642 1.029397 0.564645
endloop
endfacet
facet normal 0.365144 0.683091 0.632501
outer loop
vertex 1.165909 1.038409 0.627778
vertex 1.163530 1.032664 0.635356
vertex 1.169642 1.029397 0.635356
endloop
endfacet
facet normal 0.365105 0.683109 0.632503
outer loop
vertex 1.165909 1.038409 0.627778
vertex 1.169642 1.029397 0.635356
vertex 1.173097 1.034567 0.627778
endloop
endfacet
facet normal 0.299903 0.561054 -0.771542
outer loop
vertex 1.160630 1.025664 0.558427
vertex 1.163530 1.032664 0.564645
vertex 1.169642 1.029397 0.564645
endloop
endfacet
facet normal 0.299890 0.561126 -0.771494
outer loop
vertex 1.160630 1.025664 0.558427
vertex 1.169642 1.029397 0.564645
vertex 1.165433 1.023097 0.558427
endloop
endfacet
facet normal 0.416179 0.778660 0.469556
outer loop
vertex 1.167677 1.042677 0.619134
vertex 1.165909 1.038409 0.627778
vertex 1.173097 1.034567 0.627778
endloop
endfacet
facet normal 0.416080 0.778664 0.469638
outer loop
vertex 1.167677 1.042677 0.619134
vertex 1.173097 1.034567 0.627778
vertex 1.175664 1.038409 0.619134
endloop
endfacet
facet normal 0.300097 0.365824 0.880974
outer loop
vertex 1.165433 1.023097 0.641573
vertex 1.160630 1.015909 0.646194
vertex 1.163530 1.013530 0.646194
endloop
endfacet
facet normal 0.300276 0.365782 0.880930
outer loop
vertex 1.165433 1.023097 0.641573
vertex 1.163530 1.013530 0.646194
vertex 1.169642 1.019642 0.641573
endloop
endfacet
facet normal 0.560116 0.682457 -0.469599
outer loop
vertex 1.173097 1.034567 0.572221
vertex 1.175664 1.038409 0.580866
vertex 1.182664 1.032664 0.580866
endloop
endfacet
facet normal 0.560074 0.682500 -0.469586
outer loop
vertex 1.173097 1.034567 0.572221
vertex 1.182664 1.032664 0.580866
vertex 1.179397 1.029397 0.572221
endloop
endfacet
facet normal 0.403645 0.491706 0.771554
outer loop
vertex 1.169642 1.029397 0.635356
vertex 1.165433 1.023097 0.641573
vertex 1.169642 1.019642 0.641573
endloop
endfacet
facet normal 0.403543 0.491739 0.771587
outer loop
vertex 1.169642 1.029397 0.635356
vertex 1.169642 1.019642 0.641573
vertex 1.175000 1.025000 0.635356
endloop
endfacet
facet normal 0.491304 0.598686 -0.632611
outer loop
vertex 1.169642 1.029397 0.564645
vertex 1.173097 1.034567 0.572221
vertex 1.179397 1.029397 0.572221
endloop
endfacet
facet normal 0.491317 0.598671 -0.632613
outer loop
vertex 1.169642 1.029397 0.564645
vertex 1.179397 1.029397 0.572221
vertex 1.175000 1.025000 0.564645
endloop
endfacet
facet normal 0.491368 0.598739 0.632510
outer loop
vertex 1.173097 1.034567 0.627778
vertex 1.169642 1.029397 0.635356
vertex 1.175000 1.025000 0.635356
endloop
endfacet
facet normal 0.491355 0.598740 0.632519
outer loop
vertex 1.173097 1.034567 0.627778
vertex 1.175000 1.025000 0.635356
vertex 1.179397 1.029397 0.627778
endloop
endfacet
facet normal 0.403612 0.491808 -0.771506
outer loop
vertex 1.165433 1.023097 0.558427
vertex 1.169642 1.029397 0.564645
vertex 1.175000 1.025000 0.564645
endloop
endfacet
facet normal 0.403624 0.491726 -0.771552
outer loop
vertex 1.165433 1.023097 0.558427
vertex 1.175000 1.025000 0.564645
vertex 1.169642 1.019642 0.558427
endloop
endfacet
facet normal 0.560053 0.682475 0.469647
outer loop
vertex 1.175664 1.038409 0.619134
vertex 1.173097 1.034567 0.627778
vertex 1.179397 1.029397 0.627778
endloop
endfacet
facet normal 0.560096 0.682460 0.469618
outer loop
vertex 1.175664 1.038409 0.619134
vertex 1.179397 1.029397 0.627778
vertex 1.182664 1.032664 0.619134
endloop
endfacet
facet normal 0.300230 0.365765 -0.880953
outer loop
vertex 1.160630 1.015909 0.553806
vertex 1.165433 1.023097 0.558427
vertex 1.169642 1.019642 0.558427
endloop
endfacet
facet normal 0.300131 0.365847 -0.880953
outer loop
vertex 1.160630 1.015909 0.553806
vertex 1.169642 1.019642 0.558427
vertex 1.163530 1.013530 0.553806
endloop
endfacet
facet normal 0.607348 0.740015 0.288973
outer loop
vertex 1.177245 1.040774 0.609754
vertex 1.175664 1.038409 0.619134
vertex 1.182664 1.032664 0.619134
endloop
endfacet
facet normal 0.607298 0.740051 0.288987
outer loop
vertex 1.177245 1.040774 0.609754
vertex 1.182664 1.032664 0.619134
vertex 1.184676 1.034676 0.609754
endloop
endfacet
facet normal 0.184974 0.225473 -0.956528
outer loop
vertex 1.155419 1.008110 0.550960
vertex 1.160630 1.015909 0.553806
vertex 1.163530 1.013530 0.553806
endloop
endfacet
facet normal 0.184853 0.225557 -0.956532
outer loop
vertex 1.155419 1.008110 0.550960
vertex 1.163530 1.013530 0.553806
vertex 1.156898 1.006898 0.550960
endloop
endfacet
facet normal 0.631335 0.769353 0.097528
outer loop
vertex 1.177778 1.041573 0.600000
vertex 1.177245 1.040774 0.609754
vertex 1.184676 1.034676 0.609754
endloop
endfacet
facet normal 0.631231 0.769422 0.097661
outer loop
vertex 1.177778 1.041573 0.600000
vertex 1.184676 1.034676 0.609754
vertex 1.185356 1.035356 0.600000
endloop
endfacet
facet normal 0.062408 0.076201 0.995138
outer loop
vertex 1.155419 1.008110 0.649039
vertex 1.150000 1.000000 0.650000
vertex 1.156898 1.006898 0.649039
endloop
endfacet
facet normal 0.062346 0.076126 -0.995147
outer loop
vertex 1.150000 1.000000 0.550000
vertex 1.155419 1.008110 0.550960
vertex 1.156898 1.006898 0.550960
endloop
endfacet
facet normal 0.631237 0.769433 -0.097536
outer loop
vertex 1.177245 1.040774 0.590245
vertex 1.177778 1.041573 0.600000
vertex 1.185356 1.035356 0.600000
endloop
endfacet
facet normal 0.631333 0.769342 -0.097636
outer loop
vertex 1.177245 1.040774 0.590245
vertex 1.185356 1.035356 0.600000
vertex 1.184676 1.034676 0.590245
endloop
endfacet
facet normal 0.184783 0.225468 0.956566
outer loop
vertex 1.160630 1.015909 0.646194
vertex 1.155419 1.008110 0.649039
vertex 1.156898 1.006898 0.649039
endloop
endfacet
facet normal 0.184914 0.225411 0.956555
outer loop
vertex 1.160630 1.015909 0.646194
vertex 1.156898 1.006898 0.649039
vertex 1.163530 1.013530 0.646194
endloop
endfacet
facet normal 0.607311 0.740041 -0.288987
outer loop
vertex 1.175664 1.038409 0.580866
vertex 1.177245 1.040774 0.590245
vertex 1.184676 1.034676 0.590245
endloop
endfacet
facet normal 0.607321 0.740017 -0.289027
outer loop
vertex 1.175664 1.038409 0.580866
vertex 1.184676 1.034676 0.590245
vertex 1.182664 1.032664 0.580866
endloop
endfacet
facet normal 0.740018 0.607335 0.288994
outer loop
vertex 1.184676 1.034676 0.609754
vertex 1.182664 1.032664 0.619134
vertex 1.188409 1.025664 0.619134
endloop
endfacet
facet normal 0.740057 0.607297 0.288974
outer loop
vertex 1.184676 1.034676 0.609754
vertex 1.188409 1.025664 0.619134
vertex 1.190774 1.027245 0.609754
endloop
endfacet
facet normal 0.225501 0.184986 -0.956519
outer loop
vertex 1.156898 1.006898 0.550960
vertex 1.163530 1.013530 0.553806
vertex 1.165909 1.010630 0.553806
endloop
endfacet
facet normal 0.225558 0.184858 -0.956531
outer loop
vertex 1.156898 1.006898 0.550960
vertex 1.165909 1.010630 0.553806
vertex 1.158110 1.005419 0.550960
endloop
endfacet
facet normal 0.769335 0.631339 0.097645
outer loop
vertex 1.185356 1.035356 0.600000
vertex 1.184676 1.034676 0.609754
vertex 1.190774 1.027245 0.609754
endloop
endfacet
facet normal 0.769430 0.631239 0.097538
outer loop
vertex 1.185356 1.035356 0.600000
vertex 1.190774 1.027245 0.609754
vertex 1.191573 1.027778 0.600000
endloop
endfacet
facet normal 0.076220 0.062439 0.995134
outer loop
vertex 1.156898 1.006898 0.649039
vertex 1.150000 1.000000 0.650000
vertex 1.158110 1.005419 0.649039
endloop
endfacet
facet normal 0.076134 0.062365 -0.995145
outer loop
vertex 1.150000 1.000000 0.550000
vertex 1.156898 1.006898 0.550960
vertex 1.158110 1.005419 0.550960
endloop
endfacet
facet normal 0.769428 0.631226 -0.097643
outer loop
vertex 1.184676 1.034676 0.590245
vertex 1.185356 1.035356 0.600000
vertex 1.191573 1.027778 0.600000
endloop
endfacet
facet normal 0.769337 0.631356 -0.097516
outer loop
vertex 1.184676 1.034676 0.590245
vertex 1.191573 1.027778 0.600000
vertex 1.190774 1.027245 0.590245
endloop
endfacet
facet normal 0.225502 0.184850 0.956545
outer loop
vertex 1.163530 1.013530 0.646194
vertex 1.156898 1.006898 0.649039
vertex 1.158110 1.005419 0.649039
endloop
endfacet
facet normal 0.225401 0.184895 0.956561
outer loop
vertex 1.163530 1.013530 0.646194
vertex 1.158110 1.005419 0.649039
vertex 1.165909 1.010630 0.646194
endloop
endfacet
facet normal 0.740044 0.607284 -0.289036
outer loop
vertex 1.182664 1.032664 0.580866
vertex 1.184676 1.034676 0.590245
vertex 1.190774 1.027245 0.590245
endloop
endfacet
facet normal 0.740021 0.607339 -0.288978
outer loop
vertex 1.182664 1.032664 0.580866
vertex 1.190774 1.027245 0.590245
vertex 1.188409 1.025664 0.580866
endloop
endfacet
facet normal 0.365869 0.300151 0.880937
outer loop
vertex 1.169642 1.019642 0.641573
vertex 1.163530 1.013530 0.646194
vertex 1.165909 1.010630 0.646194
endloop
endfacet
facet normal 0.365738 0.300233 0.880963
outer loop
vertex 1.169642 1.019642 0.641573
vertex 1.165909 1.010630 0.646194
vertex 1.173097 1.015433 0.641573
endloop
endfacet
facet normal 0.682465 0.560105 -0.469600
outer loop
vertex 1.179397 1.029397 0.572221
vertex 1.182664 1.032664 0.580866
vertex 1.188409 1.025664 0.580866
endloop
endfacet
facet normal 0.682502 0.560060 -0.469600
outer loop
vertex 1.179397 1.029397 0.572221
vertex 1.188409 1.025664 0.580866
vertex 1.184567 1.023097 0.572221
endloop
endfacet
facet normal 0.491687 0.403601 0.771589
outer loop
vertex 1.175000 1.025000 0.635356
vertex 1.169642 1.019642 0.641573
vertex 1.173097 1.015433 0.641573
endloop
endfacet
facet normal 0.491778 0.403588 0.771538
outer loop
vertex 1.175000 1.025000 0.635356
vertex 1.173097 1.015433 0.641573
vertex 1.179397 1.019642 0.635356
endloop
endfacet
facet normal 0.598674 0.491318 -0.632610
outer loop
vertex 1.175000 1.025000 0.564645
vertex 1.179397 1.029397 0.572221
vertex 1.184567 1.023097 0.572221
endloop
endfacet
facet normal 0.598674 0.491299 -0.632625
outer loop
vertex 1.175000 1.025000 0.564645
vertex 1.184567 1.023097 0.572221
vertex 1.179397 1.019642 0.564645
endloop
endfacet
facet normal 0.598734 0.491374 0.632510
outer loop
vertex 1.179397 1.029397 0.627778
vertex 1.175000 1.025000 0.635356
vertex 1.179397 1.019642 0.635356
endloop
endfacet
facet normal 0.598730 0.491365 0.632521
outer loop
vertex 1.179397 1.029397 0.627778
vertex 1.179397 1.019642 0.635356
vertex 1.184567 1.023097 0.627778
endloop
endfacet
facet normal 0.491782 0.403585 -0.771537
outer loop
vertex 1.169642 1.019642 0.558427
vertex 1.175000 1.025000 0.564645
vertex 1.179397 1.019642 0.564645
endloop
endfacet
facet normal 0.491786 0.403687 -0.771481
outer loop
vertex 1.169642 1.019642 0.558427
vertex 1.179397 1.019642 0.564645
vertex 1.173097 1.015433 0.558427
endloop
endfacet
facet normal 0.682488 0.560062 0.469617
outer loop
vertex 1.182664 1.032664 0.619134
vertex 1.179397 1.029397 0.627778
vertex 1.184567 1.023097 0.627778
endloop
endfacet
facet normal 0.682452 0.560069 0.469661
outer loop
vertex 1.182664 1.032664 0.619134
vertex 1.184567 1.023097 0.627778
vertex 1.188409 1.025664 0.619134
endloop
endfacet
facet normal 0.365768 0.300272 -0.880937
outer loop
vertex 1.163530 1.013530 0.553806
vertex 1.169642 1.019642 0.558427
vertex 1.173097 1.015433 0.558427
endloop
endfacet
facet normal 0.365830 0.300098 -0.880971
outer loop
vertex 1.163530 1.013530 0.553806
vertex 1.173097 1.015433 0.558427
vertex 1.165909 1.010630 0.553806
endloop
endfacet
facet normal 0.778662 0.416118 -0.469608
outer loop
vertex 1.184567 1.023097 0.572221
vertex 1.188409 1.025664 0.580866
vertex 1.192677 1.017677 0.580866
endloop
endfacet
facet normal 0.778664 0.416181 -0.469548
outer loop
vertex 1.184567 1.023097 0.572221
vertex 1.192677 1.017677 0.580866
vertex 1.188409 1.015909 0.572221
endloop
endfacet
facet normal 0.561052 0.299858 0.771561
outer loop
vertex 1.179397 1.019642 0.635356
vertex 1.173097 1.015433 0.641573
vertex 1.175664 1.010630 0.641573
endloop
endfacet
facet normal 0.561030 0.299872 0.771571
outer loop
vertex 1.179397 1.019642 0.635356
vertex 1.175664 1.010630 0.641573
vertex 1.182664 1.013530 0.635356
endloop
endfacet
facet normal 0.683046 0.365067 -0.632594
outer loop
vertex 1.179397 1.019642 0.564645
vertex 1.184567 1.023097 0.572221
vertex 1.188409 1.015909 0.572221
endloop
endfacet
facet normal 0.683012 0.365090 -0.632616
outer loop
vertex 1.179397 1.019642 0.564645
vertex 1.188409 1.015909 0.572221
vertex 1.182664 1.013530 0.564645
endloop
endfacet
facet normal 0.683113 0.365096 0.632504
outer loop
vertex 1.184567 1.023097 0.627778
vertex 1.179397 1.019642 0.635356
vertex 1.182664 1.013530 0.635356
endloop
endfacet
facet normal 0.683094 0.365122 0.632510
outer loop
vertex 1.184567 1.023097 0.627778
vertex 1.182664 1.013530 0.635356
vertex 1.188409 1.015909 0.627778
endloop
endfacet
facet normal 0.561084 0.299926 -0.771511
outer loop
vertex 1.173097 1.015433 0.558427
vertex 1.179397 1.019642 0.564645
vertex 1.182664 1.013530 0.564645
endloop
endfacet
facet normal 0.561097 0.299853 -0.771530
outer loop
vertex 1.173097 1.015433 0.558427
vertex 1.182664 1.013530 0.564645
vertex 1.175664 1.010630 0.558427
endloop
endfacet
facet normal 0.778608 0.416187 0.469637
outer loop
vertex 1.188409 1.025664 0.619134
vertex 1.184567 1.023097 0.627778
vertex 1.188409 1.015909 0.627778
endloop
endfacet
facet normal 0.778676 0.416095 0.469604
outer loop
vertex 1.188409 1.025664 0.619134
vertex 1.188409 1.015909 0.627778
vertex 1.192677 1.017677 0.619134
endloop
endfacet
facet normal 0.417334 0.223027 -0.880960
outer loop
vertex 1.165909 1.010630 0.553806
vertex 1.173097 1.015433 0.558427
vertex 1.175664 1.010630 0.558427
endloop
endfacet
facet normal 0.417309 0.223051 -0.880966
outer loop
vertex 1.165909 1.010630 0.553806
vertex 1.175664 1.010630 0.558427
vertex 1.167677 1.007322 0.553806
endloop
endfacet
facet normal 0.844347 0.451217 0.288933
outer loop
vertex 1.190774 1.027245 0.609754
vertex 1.188409 1.025664 0.619134
vertex 1.192677 1.017677 0.619134
endloop
endfacet
facet normal 0.844223 0.451343 0.289098
outer loop
vertex 1.190774 1.027245 0.609754
vertex 1.192677 1.017677 0.619134
vertex 1.195307 1.018766 0.609754
endloop
endfacet
facet normal 0.257213 0.137481 -0.956525
outer loop
vertex 1.158110 1.005419 0.550960
vertex 1.165909 1.010630 0.553806
vertex 1.167677 1.007322 0.553806
endloop
endfacet
facet normal 0.257199 0.137534 -0.956522
outer loop
vertex 1.158110 1.005419 0.550960
vertex 1.167677 1.007322 0.553806
vertex 1.159012 1.003733 0.550960
endloop
endfacet
facet normal 0.877688 0.469200 0.097548
outer loop
vertex 1.191573 1.027778 0.600000
vertex 1.190774 1.027245 0.609754
vertex 1.195307 1.018766 0.609754
endloop
endfacet
facet normal 0.877684 0.469212 0.097522
outer loop
vertex 1.191573 1.027778 0.600000
vertex 1.195307 1.018766 0.609754
vertex 1.196194 1.019134 0.600000
endloop
endfacet
facet normal 0.086872 0.046469 0.995135
outer loop
vertex 1.158110 1.005419 0.649039
vertex 1.150000 1.000000 0.650000
vertex 1.159012 1.003733 0.649039
endloop
endfacet
facet normal 0.086765 0.046422 -0.995147
outer loop
vertex 1.150000 1.000000 0.550000
vertex 1.158110 1.005419 0.550960
vertex 1.159012 1.003733 0.550960
endloop
endfacet
facet normal 0.877694 0.469189 -0.097541
outer loop
vertex 1.190774 1.027245 0.590245
vertex 1.191573 1.027778 0.600000
vertex 1.196194 1.019134 0.600000
endloop
endfacet
facet normal 0.877678 0.469227 -0.097509
outer loop
vertex 1.190774 1.027245 0.590245
vertex 1.196194 1.019134 0.600000
vertex 1.195307 1.018766 0.590245
endloop
endfacet
facet normal 0.257060 0.137501 0.956563
outer loop
vertex 1.165909 1.010630 0.646194
vertex 1.158110 1.005419 0.649039
vertex 1.159012 1.003733 0.649039
endloop
endfacet
facet normal 0.257142 0.137426 0.956552
outer loop
vertex 1.165909 1.010630 0.646194
vertex 1.159012 1.003733 0.649039
vertex 1.167677 1.007322 0.646194
endloop
endfacet
facet normal 0.844253 0.451363 -0.288978
outer loop
vertex 1.188409 1.025664 0.580866
vertex 1.190774 1.027245 0.590245
vertex 1.195307 1.018766 0.590245
endloop
endfacet
facet normal 0.844301 0.451181 -0.289123
outer loop
vertex 1.188409 1.025664 0.580866
vertex 1.195307 1.018766 0.590245
vertex 1.192677 1.017677 0.580866
endloop
endfacet
facet normal 0.417312 0.223060 0.880963
outer loop
vertex 1.173097 1.015433 0.641573
vertex 1.165909 1.010630 0.646194
vertex 1.167677 1.007322 0.646194
endloop
endfacet
facet normal 0.417318 0.223018 0.880970
outer loop
vertex 1.173097 1.015433 0.641573
vertex 1.167677 1.007322 0.646194
vertex 1.175664 1.010630 0.641573
endloop
endfacet
facet normal 0.279096 0.084685 -0.956522
outer loop
vertex 1.159012 1.003733 0.550960
vertex 1.167677 1.007322 0.553806
vertex 1.168766 1.003733 0.553806
endloop
endfacet
facet normal 0.279071 0.084668 -0.956530
outer loop
vertex 1.159012 1.003733 0.550960
vertex 1.168766 1.003733 0.553806
vertex 1.159567 1.001903 0.550960
endloop
endfacet
facet normal 0.952396 0.288853 0.097500
outer loop
vertex 1.196194 1.019134 0.600000
vertex 1.195307 1.018766 0.609754
vertex 1.198097 1.009567 0.609754
endloop
endfacet
facet normal 0.952392 0.288860 0.097515
outer loop
vertex 1.196194 1.019134 0.600000
vertex 1.198097 1.009567 0.609754
vertex 1.199039 1.009754 0.600000
endloop
endfacet
facet normal 0.094271 0.028598 0.995136
outer loop
vertex 1.159012 1.003733 0.649039
vertex 1.150000 1.000000 0.650000
vertex 1.159567 1.001903 0.649039
endloop
endfacet
facet normal 0.094192 0.028572 -0.995144
outer loop
vertex 1.150000 1.000000 0.550000
vertex 1.159012 1.003733 0.550960
vertex 1.159567 1.001903 0.550960
endloop
endfacet
facet normal 0.952393 0.288865 -0.097492
outer loop
vertex 1.195307 1.018766 0.590245
vertex 1.196194 1.019134 0.600000
vertex 1.199039 1.009754 0.600000
endloop
endfacet
facet normal 0.952397 0.288847 -0.097504
outer loop
vertex 1.195307 1.018766 0.590245
vertex 1.199039 1.009754 0.600000
vertex 1.198097 1.009567 0.590245
endloop
endfacet
facet normal 0.279019 0.084633 0.956549
outer loop
vertex 1.167677 1.007322 0.646194
vertex 1.159012 1.003733 0.649039
vertex 1.159567 1.001903 0.649039
endloop
endfacet
facet normal 0.278993 0.084658 0.956554
outer loop
vertex 1.167677 1.007322 0.646194
vertex 1.159567 1.001903 0.649039
vertex 1.168766 1.003733 0.646194
endloop
endfacet
facet normal 0.916083 0.277834 -0.289137
outer loop
vertex 1.192677 1.017677 0.580866
vertex 1.195307 1.018766 0.590245
vertex 1.198097 1.009567 0.590245
endloop
endfacet
facet normal 0.916076 0.278045 -0.288957
outer loop
vertex 1.192677 1.017677 0.580866
vertex 1.198097 1.009567 0.590245
vertex 1.195307 1.009012 0.580866
endloop
endfacet
facet normal 0.452787 0.137398 0.880969
outer loop
vertex 1.175664 1.010630 0.641573
vertex 1.167677 1.007322 0.646194
vertex 1.168766 1.003733 0.646194
endloop
endfacet
facet normal 0.452812 0.137392 0.880957
outer loop
vertex 1.175664 1.010630 0.641573
vertex 1.168766 1.003733 0.646194
vertex 1.177245 1.005419 0.641573
endloop
endfacet
facet normal 0.844844 0.256455 -0.469541
outer loop
vertex 1.188409 1.015909 0.572221
vertex 1.192677 1.017677 0.580866
vertex 1.195307 1.009012 0.580866
endloop
endfacet
facet normal 0.844833 0.256183 -0.469711
outer loop
vertex 1.188409 1.015909 0.572221
vertex 1.195307 1.009012 0.580866
vertex 1.190774 1.008110 0.572221
endloop
endfacet
facet normal 0.608752 0.184712 0.771558
outer loop
vertex 1.182664 1.013530 0.635356
vertex 1.175664 1.010630 0.641573
vertex 1.177245 1.005419 0.641573
endloop
endfacet
facet normal 0.608764 0.184667 0.771560
outer loop
vertex 1.182664 1.013530 0.635356
vertex 1.177245 1.005419 0.641573
vertex 1.184676 1.006898 0.635356
endloop
endfacet
facet normal 0.741150 0.224748 -0.632602
outer loop
vertex 1.182664 1.013530 0.564645
vertex 1.188409 1.015909 0.572221
vertex 1.190774 1.008110 0.572221
endloop
endfacet
facet normal 0.741161 0.224862 -0.632548
outer loop
vertex 1.182664 1.013530 0.564645
vertex 1.190774 1.008110 0.572221
vertex 1.184676 1.006898 0.564645
endloop
endfacet
facet normal 0.741196 0.224870 0.632504
outer loop
vertex 1.188409 1.015909 0.627778
vertex 1.182664 1.013530 0.635356
vertex 1.184676 1.006898 0.635356
endloop
endfacet
facet normal 0.741262 0.224772 0.632462
outer loop
vertex 1.188409 1.015909 0.627778
vertex 1.184676 1.006898 0.635356
vertex 1.190774 1.008110 0.627778
endloop
endfacet
facet normal 0.608828 0.184701 -0.771501
outer loop
vertex 1.175664 1.010630 0.558427
vertex 1.182664 1.013530 0.564645
vertex 1.184676 1.006898 0.564645
endloop
endfacet
facet normal 0.608793 0.184697 -0.771530
outer loop
vertex 1.175664 1.010630 0.558427
vertex 1.184676 1.006898 0.564645
vertex 1.177245 1.005419 0.558427
endloop
endfacet
facet normal 0.844892 0.256228 0.469579
outer loop
vertex 1.192677 1.017677 0.619134
vertex 1.188409 1.015909 0.627778
vertex 1.190774 1.008110 0.627778
endloop
endfacet
facet normal 0.844751 0.256394 0.469743
outer loop
vertex 1.192677 1.017677 0.619134
vertex 1.190774 1.008110 0.627778
vertex 1.195307 1.009012 0.619134
endloop
endfacet
facet normal 0.452809 0.137405 -0.880956
outer loop
vertex 1.167677 1.007322 0.553806
vertex 1.175664 1.010630 0.558427
vertex 1.177245 1.005419 0.558427
endloop
endfacet
facet normal 0.452796 0.137378 -0.880967
outer loop
vertex 1.167677 1.007322 0.553806
vertex 1.177245 1.005419 0.558427
vertex 1.168766 1.003733 0.553806
endloop
endfacet
facet normal 0.916032 0.278026 0.289115
outer loop
vertex 1.195307 1.018766 0.609754
vertex 1.192677 1.017677 0.619134
vertex 1.195307 1.009012 0.619134
endloop
endfacet
facet normal 0.916139 0.277860 0.288935
outer loop
vertex 1.195307 1.018766 0.609754
vertex 1.195307 1.009012 0.619134
vertex 1.198097 1.009567 0.609754
endloop
endfacet
facet normal 0.770777 0.075919 -0.632565
outer loop
vertex 1.184676 1.006898 0.564645
vertex 1.190774 1.008110 0.572221
vertex 1.191573 1.000000 0.572221
endloop
endfacet
facet normal 0.770793 0.076019 -0.632534
outer loop
vertex 1.184676 1.006898 0.564645
vertex 1.191573 1.000000 0.572221
vertex 1.185356 1.000000 0.564645
endloop
endfacet
facet normal 0.770849 0.076032 0.632464
outer loop
vertex 1.190774 1.008110 0.627778
vertex 1.184676 1.006898 0.635356
vertex 1.185356 1.000000 0.635356
endloop
endfacet
facet normal 0.770881 0.075933 0.632438
outer loop
vertex 1.190774 1.008110 0.627778
vertex 1.185356 1.000000 0.635356
vertex 1.191573 1.000000 0.627778
endloop
endfacet
facet normal 0.633143 0.062443 -0.771512
outer loop
vertex 1.177245 1.005419 0.558427
vertex 1.184676 1.006898 0.564645
vertex 1.185356 1.000000 0.564645
endloop
endfacet
facet normal 0.633098 0.062242 -0.771565
outer loop
vertex 1.177245 1.005419 0.558427
vertex 1.185356 1.000000 0.564645
vertex 1.177778 1.000000 0.558427
endloop
endfacet
facet normal 0.878541 0.086555 0.469759
outer loop
vertex 1.195307 1.009012 0.619134
vertex 1.190774 1.008110 0.627778
vertex 1.191573 1.000000 0.627778
endloop
endfacet
facet normal 0.878595 0.086469 0.469675
outer loop
vertex 1.195307 1.009012 0.619134
vertex 1.191573 1.000000 0.627778
vertex 1.196194 1.000000 0.619134
endloop
endfacet
facet normal 0.470910 0.046306 -0.880965
outer loop
vertex 1.168766 1.003733 0.553806
vertex 1.177245 1.005419 0.558427
vertex 1.177778 1.000000 0.558427
endloop
endfacet
facet normal 0.470933 0.046427 -0.880946
outer loop
vertex 1.168766 1.003733 0.553806
vertex 1.177778 1.000000 0.558427
vertex 1.169134 1.000000 0.553806
endloop
endfacet
facet normal 0.952747 0.093757 0.288933
outer loop
vertex 1.198097 1.009567 0.609754
vertex 1.195307 1.009012 0.619134
vertex 1.196194 1.000000 0.619134
endloop
endfacet
facet normal 0.952729 0.093813 0.288975
outer loop
vertex 1.198097 1.009567 0.609754
vertex 1.196194 1.000000 0.619134
vertex 1.199039 1.000000 0.609754
endloop
endfacet
facet normal 0.290254 0.028612 -0.956522
outer loop
vertex 1.159567 1.001903 0.550960
vertex 1.168766 1.003733 0.553806
vertex 1.169134 1.000000 0.553806
endloop
endfacet
facet normal 0.290210 0.028519 -0.956538
outer loop
vertex 1.159567 1.001903 0.550960
vertex 1.169134 1.000000 0.553806
vertex 1.159754 1.000000 0.550960
endloop
endfacet
facet normal 0.990444 0.097524 0.097520
outer loop
vertex 1.199039 1.009754 0.600000
vertex 1.198097 1.009567 0.609754
vertex 1.199039 1.000000 0.609754
endloop
endfacet
facet normal 0.990435 0.097555 0.097577
outer loop
vertex 1.199039 1.009754 0.600000
vertex 1.199039 1.000000 0.609754
vertex 1.200000 1.000000 0.600000
endloop
endfacet
facet normal 0.098056 0.009623 0.995134
outer loop
vertex 1.159567 1.001903 0.649039
vertex 1.150000 1.000000 0.650000
vertex 1.159754 1.000000 0.649039
endloop
endfacet
facet normal 0.097932 0.009611 -0.995147
outer loop
vertex 1.150000 1.000000 0.550000
vertex 1.159567 1.001903 0.550960
vertex 1.159754 1.000000 0.550960
endloop
endfacet
facet normal 0.990439 0.097583 -0.097510
outer loop
vertex 1.198097 1.009567 0.590245
vertex 1.199039 1.009754 0.600000
vertex 1.200000 1.000000 0.600000
endloop
endfacet
facet normal 0.990440 0.097514 -0.097567
outer loop
vertex 1.198097 1.009567 0.590245
vertex 1.200000 1.000000 0.600000
vertex 1.199039 1.000000 0.590245
endloop
endfacet
facet normal 0.290173 0.028501 0.956550
outer loop
vertex 1.168766 1.003733 0.646194
vertex 1.159567 1.001903 0.649039
vertex 1.159754 1.000000 0.649039
endloop
endfacet
facet normal 0.290128 0.028611 0.956560
outer loop
vertex 1.168766 1.003733 0.646194
vertex 1.159754 1.000000 0.649039
vertex 1.169134 1.000000 0.646194
endloop
endfacet
facet normal 0.952734 0.093804 -0.288963
outer loop
vertex 1.195307 1.009012 0.580866
vertex 1.198097 1.009567 0.590245
vertex 1.199039 1.000000 0.590245
endloop
endfacet
facet normal 0.952727 0.093764 -0.288998
outer loop
vertex 1.195307 1.009012 0.580866
vertex 1.199039 1.000000 0.590245
vertex 1.196194 1.000000 0.580866
endloop
endfacet
facet normal 0.470870 0.046422 0.880980
outer loop
vertex 1.177245 1.005419 0.641573
vertex 1.168766 1.003733 0.646194
vertex 1.169134 1.000000 0.646194
endloop
endfacet
facet normal 0.470955 0.046310 0.880941
outer loop
vertex 1.177245 1.005419 0.641573
vertex 1.169134 1.000000 0.646194
vertex 1.177778 1.000000 0.641573
endloop
endfacet
facet normal 0.878579 0.086457 -0.469707
outer loop
vertex 1.190774 1.008110 0.572221
vertex 1.195307 1.009012 0.580866
vertex 1.196194 1.000000 0.580866
endloop
endfacet
facet normal 0.878605 0.086552 -0.469641
outer loop
vertex 1.190774 1.008110 0.572221
vertex 1.196194 1.000000 0.580866
vertex 1.191573 1.000000 0.572221
endloop
endfacet
facet normal 0.633119 0.062271 0.771545
outer loop
vertex 1.184676 1.006898 0.635356
vertex 1.177245 1.005419 0.641573
vertex 1.177778 1.000000 0.641573
endloop
endfacet
facet normal 0.633032 0.062400 0.771607
outer loop
vertex 1.184676 1.006898 0.635356
vertex 1.177778 1.000000 0.641573
vertex 1.185356 1.000000 0.635356
endloop
endfacet
facet normal 0.098043 -0.009623 0.995136
outer loop
vertex 1.159754 1.000000 0.649039
vertex 1.150000 1.000000 0.650000
vertex 1.159567 0.998097 0.649039
endloop
endfacet
facet normal 0.097932 -0.009611 -0.995147
outer loop
vertex 1.150000 1.000000 0.550000
vertex 1.159754 1.000000 0.550960
vertex 1.159567 0.998097 0.550960
endloop
endfacet
facet normal 0.990436 -0.097553 -0.097565
outer loop
vertex 1.199039 1.000000 0.590245
vertex 1.200000 1.000000 0.600000
vertex 1.199039 0.990245 0.600000
endloop
endfacet
facet normal 0.990443 -0.097534 -0.097522
outer loop
vertex 1.199039 1.000000 0.590245
vertex 1.199039 0.990245 0.600000
vertex 1.198097 0.990433 0.590245
endloop
endfacet
facet normal 0.290107 -0.028495 0.956570
outer loop
vertex 1.169134 1.000000 0.646194
vertex 1.159754 1.000000 0.649039
vertex 1.159567 0.998097 0.649039
endloop
endfacet
facet normal 0.290156 -0.028614 0.956551
outer loop
vertex 1.169134 1.000000 0.646194
vertex 1.159567 0.998097 0.649039
vertex 1.168766 0.996267 0.646194
endloop
endfacet
facet normal 0.952722 -0.093803 -0.289001
outer loop
vertex 1.196194 1.000000 0.580866
vertex 1.199039 1.000000 0.590245
vertex 1.198097 0.990433 0.590245
endloop
endfacet
facet normal 0.952739 -0.093765 -0.288958
outer loop
vertex 1.196194 1.000000 0.580866
vertex 1.198097 0.990433 0.590245
vertex 1.195307 0.990988 0.580866
endloop
endfacet
facet normal 0.470954 -0.046428 0.880935
outer loop
vertex 1.177778 1.000000 0.641573
vertex 1.169134 1.000000 0.646194
vertex 1.168766 0.996267 0.646194
endloop
endfacet
facet normal 0.470908 -0.046306 0.880966
outer loop
vertex 1.177778 1.000000 0.641573
vertex 1.168766 0.996267 0.646194
vertex 1.177245 0.994581 0.641573
endloop
endfacet
facet normal 0.878618 -0.086461 -0.469634
outer loop
vertex 1.191573 1.000000 0.572221
vertex 1.196194 1.000000 0.580866
vertex 1.195307 0.990988 0.580866
endloop
endfacet
facet normal 0.878560 -0.086548 -0.469725
outer loop
vertex 1.191573 1.000000 0.572221
vertex 1.195307 0.990988 0.580866
vertex 1.190774 0.991890 0.572221
endloop
endfacet
facet normal 0.633038 -0.062247 0.771614
outer loop
vertex 1.185356 1.000000 0.635356
vertex 1.177778 1.000000 0.641573
vertex 1.177245 0.994581 0.641573
endloop
endfacet
facet normal 0.633095 -0.062428 0.771553
outer loop
vertex 1.185356 1.000000 0.635356
vertex 1.177245 0.994581 0.641573
vertex 1.184676 0.993103 0.635356
endloop
endfacet
facet normal 0.770800 -0.075921 -0.632537
outer loop
vertex 1.185356 1.000000 0.564645
vertex 1.191573 1.000000 0.572221
vertex 1.190774 0.991890 0.572221
endloop
endfacet
facet normal 0.770755 -0.076026 -0.632579
outer loop
vertex 1.185356 1.000000 0.564645
vertex 1.190774 0.991890 0.572221
vertex 1.184676 0.993103 0.564645
endloop
endfacet
facet normal 0.770876 -0.076018 0.632433
outer loop
vertex 1.191573 1.000000 0.627778
vertex 1.185356 1.000000 0.635356
vertex 1.184676 0.993103 0.635356
endloop
endfacet
facet normal 0.770849 -0.075953 0.632474
outer loop
vertex 1.191573 1.000000 0.627778
vertex 1.184676 0.993103 0.635356
vertex 1.190774 0.991890 0.627778
endloop
endfacet
facet normal 0.633086 -0.062418 -0.771561
outer loop
vertex 1.177778 1.000000 0.558427
vertex 1.185356 1.000000 0.564645
vertex 1.184676 0.993103 0.564645
endloop
endfacet
facet normal 0.633175 -0.062285 -0.771498
outer loop
vertex 1.177778 1.000000 0.558427
vertex 1.184676 0.993103 0.564645
vertex 1.177245 0.994581 0.558427
endloop
endfacet
facet normal 0.878585 -0.086559 0.469677
outer loop
vertex 1.196194 1.000000 0.619134
vertex 1.191573 1.000000 0.627778
vertex 1.190774 0.991890 0.627778
endloop
endfacet
facet normal 0.878556 -0.086465 0.469747
outer loop
vertex 1.196194 1.000000 0.619134
vertex 1.190774 0.991890 0.627778
vertex 1.195307 0.990988 0.619134
endloop
endfacet
facet normal 0.470954 -0.046311 -0.880941
outer loop
vertex 1.169134 1.000000 0.553806
vertex 1.177778 1.000000 0.558427
vertex 1.177245 0.994581 0.558427
endloop
endfacet
facet normal 0.470877 -0.046421 -0.880977
outer loop
vertex 1.169134 1.000000 0.553806
vertex 1.177245 0.994581 0.558427
vertex 1.168766 0.996267 0.553806
endloop
endfacet
facet normal 0.952733 -0.093776 0.288974
outer loop
vertex 1.199039 1.000000 0.609754
vertex 1.196194 1.000000 0.619134
vertex 1.195307 0.990988 0.619134
endloop
endfacet
facet normal 0.952743 -0.093795 0.288935
outer loop
vertex 1.199039 1.000000 0.609754
vertex 1.195307 0.990988 0.619134
vertex 1.198097 0.990433 0.609754
endloop
endfacet
facet normal 0.290226 -0.028622 -0.956530
outer loop
vertex 1.159754 1.000000 0.550960
vertex 1.169134 1.000000 0.553806
vertex 1.168766 0.996267 0.553806
endloop
endfacet
facet normal 0.290254 -0.028500 -0.956525
outer loop
vertex 1.159754 1.000000 0.550960
vertex 1.168766 0.996267 0.553806
vertex 1.159567 0.998097 0.550960
endloop
endfacet
facet normal 0.990442 -0.097483 0.097576
outer loop
vertex 1.200000 1.000000 0.600000
vertex 1.199039 1.000000 0.609754
vertex 1.198097 0.990433 0.609754
endloop
endfacet
facet normal 0.990437 -0.097584 0.097532
outer loop
vertex 1.200000 1.000000 0.600000
vertex 1.198097 0.990433 0.609754
vertex 1.199039 0.990245 0.600000
endloop
endfacet
facet normal 0.741241 -0.224822 0.632469
outer loop
vertex 1.190774 0.991890 0.627778
vertex 1.184676 0.993103 0.635356
vertex 1.182664 0.986470 0.635356
endloop
endfacet
facet normal 0.741225 -0.224781 0.632502
outer loop
vertex 1.190774 0.991890 0.627778
vertex 1.182664 0.986470 0.635356
vertex 1.188409 0.984091 0.627778
endloop
endfacet
facet normal 0.608842 -0.184651 -0.771502
outer loop
vertex 1.177245 0.994581 0.558427
vertex 1.184676 0.993103 0.564645
vertex 1.182664 0.986470 0.564645
endloop
endfacet
facet normal 0.608822 -0.184706 -0.771505
outer loop
vertex 1.177245 0.994581 0.558427
vertex 1.182664 0.986470 0.564645
vertex 1.175664 0.989369 0.558427
endloop
endfacet
facet normal 0.844819 -0.256172 0.469740
outer loop
vertex 1.195307 0.990988 0.619134
vertex 1.190774 0.991890 0.627778
vertex 1.188409 0.984091 0.627778
endloop
endfacet
facet normal 0.844816 -0.256409 0.469618
outer loop
vertex 1.195307 0.990988 0.619134
vertex 1.188409 0.984091 0.627778
vertex 1.192677 0.982322 0.619134
endloop
endfacet
facet normal 0.452810 -0.137361 -0.880963
outer loop
vertex 1.168766 0.996267 0.553806
vertex 1.177245 0.994581 0.558427
vertex 1.175664 0.989369 0.558427
endloop
endfacet
facet normal 0.452789 -0.137364 -0.880973
outer loop
vertex 1.168766 0.996267 0.553806
vertex 1.175664 0.989369 0.558427
vertex 1.167677 0.992677 0.553806
endloop
endfacet
facet normal 0.916088 -0.278032 0.288932
outer loop
vertex 1.198097 0.990433 0.609754
vertex 1.195307 0.990988 0.619134
vertex 1.192677 0.982322 0.619134
endloop
endfacet
facet normal 0.916100 -0.277832 0.289084
outer loop
vertex 1.198097 0.990433 0.609754
vertex 1.192677 0.982322 0.619134
vertex 1.195307 0.981234 0.609754
endloop
endfacet
facet normal 0.279089 -0.084673 -0.956525
outer loop
vertex 1.159567 0.998097 0.550960
vertex 1.168766 0.996267 0.553806
vertex 1.167677 0.992677 0.553806
endloop
endfacet
facet normal 0.279083 -0.084643 -0.956529
outer loop
vertex 1.159567 0.998097 0.550960
vertex 1.167677 0.992677 0.553806
vertex 1.159012 0.996267 0.550960
endloop
endfacet
facet normal 0.952392 -0.288849 0.097544
outer loop
vertex 1.199039 0.990245 0.600000
vertex 1.198097 0.990433 0.609754
vertex 1.195307 0.981234 0.609754
endloop
endfacet
facet normal 0.952385 -0.288891 0.097498
outer loop
vertex 1.199039 0.990245 0.600000
vertex 1.195307 0.981234 0.609754
vertex 1.196194 0.980866 0.600000
endloop
endfacet
facet normal 0.094296 -0.028598 0.995133
outer loop
vertex 1.159567 0.998097 0.649039
vertex 1.150000 1.000000 0.650000
vertex 1.159012 0.996267 0.649039
endloop
endfacet
facet normal 0.094192 -0.028572 -0.995144
outer loop
vertex 1.150000 1.000000 0.550000
vertex 1.159567 0.998097 0.550960
vertex 1.159012 0.996267 0.550960
endloop
endfacet
facet normal 0.952379 -0.288897 -0.097532
outer loop
vertex 1.198097 0.990433 0.590245
vertex 1.199039 0.990245 0.600000
vertex 1.196194 0.980866 0.600000
endloop
endfacet
facet normal 0.952400 -0.288843 -0.097489
outer loop
vertex 1.198097 0.990433 0.590245
vertex 1.196194 0.980866 0.600000
vertex 1.195307 0.981234 0.590245
endloop
endfacet
facet normal 0.279000 -0.084616 0.956556
outer loop
vertex 1.168766 0.996267 0.646194
vertex 1.159567 0.998097 0.649039
vertex 1.159012 0.996267 0.649039
endloop
endfacet
facet normal 0.278991 -0.084640 0.956556
outer loop
vertex 1.168766 0.996267 0.646194
vertex 1.159012 0.996267 0.649039
vertex 1.167677 0.992677 0.646194
endloop
endfacet
facet normal 0.916134 -0.277847 -0.288962
outer loop
vertex 1.195307 0.990988 0.580866
vertex 1.198097 0.990433 0.590245
vertex 1.195307 0.981234 0.590245
endloop
endfacet
facet normal 0.916038 -0.278005 -0.289115
outer loop
vertex 1.195307 0.990988 0.580866
vertex 1.195307 0.981234 0.590245
vertex 1.192677 0.982322 0.580866
endloop
endfacet
facet normal 0.452801 -0.137343 0.880970
outer loop
vertex 1.177245 0.994581 0.641573
vertex 1.168766 0.996267 0.646194
vertex 1.167677 0.992677 0.646194
endloop
endfacet
facet normal 0.452800 -0.137378 0.880965
outer loop
vertex 1.177245 0.994581 0.641573
vertex 1.167677 0.992677 0.646194
vertex 1.175664 0.989369 0.641573
endloop
endfacet
facet normal 0.844773 -0.256387 -0.469707
outer loop
vertex 1.190774 0.991890 0.572221
vertex 1.195307 0.990988 0.580866
vertex 1.192677 0.982322 0.580866
endloop
endfacet
facet normal 0.844907 -0.256223 -0.469556
outer loop
vertex 1.190774 0.991890 0.572221
vertex 1.192677 0.982322 0.580866
vertex 1.188409 0.984091 0.572221
endloop
endfacet
facet normal 0.608768 -0.184665 0.771557
outer loop
vertex 1.184676 0.993103 0.635356
vertex 1.177245 0.994581 0.641573
vertex 1.175664 0.989369 0.641573
endloop
endfacet
facet normal 0.608779 -0.184662 0.771549
outer loop
vertex 1.184676 0.993103 0.635356
vertex 1.175664 0.989369 0.641573
vertex 1.182664 0.986470 0.635356
endloop
endfacet
facet normal 0.741185 -0.224752 -0.632559
outer loop
vertex 1.184676 0.993103 0.564645
vertex 1.190774 0.991890 0.572221
vertex 1.188409 0.984091 0.572221
endloop
endfacet
facet normal 0.741128 -0.224822 -0.632601
outer loop
vertex 1.184676 0.993103 0.564645
vertex 1.188409 0.984091 0.572221
vertex 1.182664 0.986470 0.564645
endloop
endfacet
facet normal 0.877708 -0.469173 -0.097491
outer loop
vertex 1.195307 0.981234 0.590245
vertex 1.196194 0.980866 0.600000
vertex 1.191573 0.972221 0.600000
endloop
endfacet
facet normal 0.877683 -0.469200 -0.097586
outer loop
vertex 1.195307 0.981234 0.590245
vertex 1.191573 0.972221 0.600000
vertex 1.190774 0.972755 0.590245
endloop
endfacet
facet normal 0.257073 -0.137483 0.956562
outer loop
vertex 1.167677 0.992677 0.646194
vertex 1.159012 0.996267 0.649039
vertex 1.158110 0.994581 0.649039
endloop
endfacet
facet normal 0.257104 -0.137419 0.956564
outer loop
vertex 1.167677 0.992677 0.646194
vertex 1.158110 0.994581 0.649039
vertex 1.165909 0.989369 0.646194
endloop
endfacet
facet normal 0.844224 -0.451352 -0.289080
outer loop
vertex 1.192677 0.982322 0.580866
vertex 1.195307 0.981234 0.590245
vertex 1.190774 0.972755 0.590245
endloop
endfacet
facet normal 0.844321 -0.451241 -0.288968
outer loop
vertex 1.192677 0.982322 0.580866
vertex 1.190774 0.972755 0.590245
vertex 1.188409 0.974336 0.580866
endloop
endfacet
facet normal 0.417333 -0.223057 0.880953
outer loop
vertex 1.175664 0.989369 0.641573
vertex 1.167677 0.992677 0.646194
vertex 1.165909 0.989369 0.646194
endloop
endfacet
facet normal 0.417316 -0.223068 0.880958
outer loop
vertex 1.175664 0.989369 0.641573
vertex 1.165909 0.989369 0.646194
vertex 1.173097 0.984567 0.641573
endloop
endfacet
facet normal 0.778669 -0.416130 -0.469586
outer loop
vertex 1.188409 0.984091 0.572221
vertex 1.192677 0.982322 0.580866
vertex 1.188409 0.974336 0.580866
endloop
endfacet
facet normal 0.778618 -0.416204 -0.469604
outer loop
vertex 1.188409 0.984091 0.572221
vertex 1.188409 0.974336 0.580866
vertex 1.184567 0.976903 0.572221
endloop
endfacet
facet normal 0.561047 -0.299903 0.771547
outer loop
vertex 1.182664 0.986470 0.635356
vertex 1.175664 0.989369 0.641573
vertex 1.173097 0.984567 0.641573
endloop
endfacet
facet normal 0.561047 -0.299847 0.771568
outer loop
vertex 1.182664 0.986470 0.635356
vertex 1.173097 0.984567 0.641573
vertex 1.179397 0.980357 0.635356
endloop
endfacet
facet normal 0.683020 -0.365089 -0.632609
outer loop
vertex 1.182664 0.986470 0.564645
vertex 1.188409 0.984091 0.572221
vertex 1.184567 0.976903 0.572221
endloop
endfacet
facet normal 0.683085 -0.365036 -0.632569
outer loop
vertex 1.182664 0.986470 0.564645
vertex 1.184567 0.976903 0.572221
vertex 1.179397 0.980357 0.564645
endloop
endfacet
facet normal 0.683129 -0.365074 0.632499
outer loop
vertex 1.188409 0.984091 0.627778
vertex 1.182664 0.986470 0.635356
vertex 1.179397 0.980357 0.635356
endloop
endfacet
facet normal 0.683114 -0.365115 0.632493
outer loop
vertex 1.188409 0.984091 0.627778
vertex 1.179397 0.980357 0.635356
vertex 1.184567 0.976903 0.627778
endloop
endfacet
facet normal 0.561127 -0.299870 -0.771501
outer loop
vertex 1.175664 0.989369 0.558427
vertex 1.182664 0.986470 0.564645
vertex 1.179397 0.980357 0.564645
endloop
endfacet
facet normal 0.561061 -0.299933 -0.771525
outer loop
vertex 1.175664 0.989369 0.558427
vertex 1.179397 0.980357 0.564645
vertex 1.173097 0.984567 0.558427
endloop
endfacet
facet normal 0.778622 -0.416160 0.469636
outer loop
vertex 1.192677 0.982322 0.619134
vertex 1.188409 0.984091 0.627778
vertex 1.184567 0.976903 0.627778
endloop
endfacet
facet normal 0.778624 -0.416157 0.469637
outer loop
vertex 1.192677 0.982322 0.619134
vertex 1.184567 0.976903 0.627778
vertex 1.188409 0.974336 0.619134
endloop
endfacet
facet normal 0.417306 -0.223063 -0.880964
outer loop
vertex 1.167677 0.992677 0.553806
vertex 1.175664 0.989369 0.558427
vertex 1.173097 0.984567 0.558427
endloop
endfacet
facet normal 0.417327 -0.223061 -0.880955
outer loop
vertex 1.167677 0.992677 0.553806
vertex 1.173097 0.984567 0.558427
vertex 1.165909 0.989369 0.553806
endloop
endfacet
facet normal 0.844294 -0.451224 0.289077
outer loop
vertex 1.195307 0.981234 0.609754
vertex 1.192677 0.982322 0.619134
vertex 1.188409 0.974336 0.619134
endloop
endfacet
facet normal 0.844261 -0.451382 0.288927
outer loop
vertex 1.195307 0.981234 0.609754
vertex 1.188409 0.974336 0.619134
vertex 1.190774 0.972755 0.609754
endloop
endfacet
facet normal 0.257213 -0.137461 -0.956528
outer loop
vertex 1.159012 0.996267 0.550960
vertex 1.167677 0.992677 0.553806
vertex 1.165909 0.989369 0.553806
endloop
endfacet
facet normal 0.257138 -0.137539 -0.956537
outer loop
vertex 1.159012 0.996267 0.550960
vertex 1.165909 0.989369 0.553806
vertex 1.158110 0.994581 0.550960
endloop
endfacet
facet normal 0.877678 -0.469226 0.097510
outer loop
vertex 1.196194 0.980866 0.600000
vertex 1.195307 0.981234 0.609754
vertex 1.190774 0.972755 0.609754
endloop
endfacet
facet normal 0.877708 -0.469154 0.097586
outer loop
vertex 1.196194 0.980866 0.600000
vertex 1.190774 0.972755 0.609754
vertex 1.191573 0.972221 0.600000
endloop
endfacet
facet normal 0.086847 -0.046469 0.995137
outer loop
vertex 1.159012 0.996267 0.649039
vertex 1.150000 1.000000 0.650000
vertex 1.158110 0.994581 0.649039
endloop
endfacet
facet normal 0.086765 -0.046422 -0.995147
outer loop
vertex 1.150000 1.000000 0.550000
vertex 1.159012 0.996267 0.550960
vertex 1.158110 0.994581 0.550960
endloop
endfacet
facet normal 0.491751 -0.403639 -0.771529
outer loop
vertex 1.173097 0.984567 0.558427
vertex 1.179397 0.980357 0.564645
vertex 1.175000 0.975000 0.564645
endloop
endfacet
facet normal 0.491799 -0.403605 -0.771516
outer loop
vertex 1.173097 0.984567 0.558427
vertex 1.175000 0.975000 0.564645
vertex 1.169642 0.980357 0.558427
endloop
endfacet
facet normal 0.682480 -0.560045 0.469650
outer loop
vertex 1.188409 0.974336 0.619134
vertex 1.184567 0.976903 0.627778
vertex 1.179397 0.970603 0.627778
endloop
endfacet
facet normal 0.682461 -0.560086 0.469629
outer loop
vertex 1.188409 0.974336 0.619134
vertex 1.179397 0.970603 0.627778
vertex 1.182664 0.967336 0.619134
endloop
endfacet
facet normal 0.365797 -0.300210 -0.880946
outer loop
vertex 1.165909 0.989369 0.553806
vertex 1.173097 0.984567 0.558427
vertex 1.169642 0.980357 0.558427
endloop
endfacet
facet normal 0.365810 -0.300186 -0.880949
outer loop
vertex 1.165909 0.989369 0.553806
vertex 1.169642 0.980357 0.558427
vertex 1.163530 0.986470 0.553806
endloop
endfacet
facet normal 0.740020 -0.607345 0.288967
outer loop
vertex 1.190774 0.972755 0.609754
vertex 1.188409 0.974336 0.619134
vertex 1.182664 0.967336 0.619134
endloop
endfacet
facet normal 0.740052 -0.607289 0.289003
outer loop
vertex 1.190774 0.972755 0.609754
vertex 1.182664 0.967336 0.619134
vertex 1.184676 0.965324 0.609754
endloop
endfacet
facet normal 0.225427 -0.184999 -0.956534
outer loop
vertex 1.158110 0.994581 0.550960
vertex 1.165909 0.989369 0.553806
vertex 1.163530 0.986470 0.553806
endloop
endfacet
facet normal 0.225523 -0.184953 -0.956521
outer loop
vertex 1.158110 0.994581 0.550960
vertex 1.163530 0.986470 0.553806
vertex 1.156898 0.993103 0.550960
endloop
endfacet
facet normal 0.769340 -0.631344 0.097576
outer loop
vertex 1.191573 0.972221 0.600000
vertex 1.190774 0.972755 0.609754
vertex 1.184676 0.965324 0.609754
endloop
endfacet
facet normal 0.769342 -0.631339 0.097596
outer loop
vertex 1.191573 0.972221 0.600000
vertex 1.184676 0.965324 0.609754
vertex 1.185356 0.964645 0.600000
endloop
endfacet
facet normal 0.076226 -0.062464 0.995132
outer loop
vertex 1.158110 0.994581 0.649039
vertex 1.150000 1.000000 0.650000
vertex 1.156898 0.993103 0.649039
endloop
endfacet
facet normal 0.076097 -0.062391 -0.995147
outer loop
vertex 1.150000 1.000000 0.550000
vertex 1.158110 0.994581 0.550960
vertex 1.156898 0.993103 0.550960
endloop
endfacet
facet normal 0.769351 -0.631330 -0.097582
outer loop
vertex 1.190774 0.972755 0.590245
vertex 1.191573 0.972221 0.600000
vertex 1.185356 0.964645 0.600000
endloop
endfacet
facet normal 0.769333 -0.631353 -0.097569
outer loop
vertex 1.190774 0.972755 0.590245
vertex 1.185356 0.964645 0.600000
vertex 1.184676 0.965324 0.590245
endloop
endfacet
facet normal 0.225418 -0.184888 0.956558
outer loop
vertex 1.165909 0.989369 0.646194
vertex 1.158110 0.994581 0.649039
vertex 1.156898 0.993103 0.649039
endloop
endfacet
facet normal 0.225354 -0.184940 0.956563
outer loop
vertex 1.165909 0.989369 0.646194
vertex 1.156898 0.993103 0.649039
vertex 1.163530 0.986470 0.646194
endloop
endfacet
facet normal 0.740054 -0.607293 -0.288991
outer loop
vertex 1.188409 0.974336 0.580866
vertex 1.190774 0.972755 0.590245
vertex 1.184676 0.965324 0.590245
endloop
endfacet
facet normal 0.740004 -0.607334 -0.289031
outer loop
vertex 1.188409 0.974336 0.580866
vertex 1.184676 0.965324 0.590245
vertex 1.182664 0.967336 0.580866
endloop
endfacet
facet normal 0.365800 -0.300183 0.880954
outer loop
vertex 1.173097 0.984567 0.641573
vertex 1.165909 0.989369 0.646194
vertex 1.163530 0.986470 0.646194
endloop
endfacet
facet normal 0.365780 -0.300217 0.880951
outer loop
vertex 1.173097 0.984567 0.641573
vertex 1.163530 0.986470 0.646194
vertex 1.169642 0.980357 0.641573
endloop
endfacet
facet normal 0.682469 -0.560088 -0.469614
outer loop
vertex 1.184567 0.976903 0.572221
vertex 1.188409 0.974336 0.580866
vertex 1.182664 0.967336 0.580866
endloop
endfacet
facet normal 0.682501 -0.560082 -0.469575
outer loop
vertex 1.184567 0.976903 0.572221
vertex 1.182664 0.967336 0.580866
vertex 1.179397 0.970603 0.572221
endloop
endfacet
facet normal 0.491747 -0.403542 0.771582
outer loop
vertex 1.179397 0.980357 0.635356
vertex 1.173097 0.984567 0.641573
vertex 1.169642 0.980357 0.641573
endloop
endfacet
facet normal 0.491720 -0.403620 0.771558
outer loop
vertex 1.179397 0.980357 0.635356
vertex 1.169642 0.980357 0.641573
vertex 1.175000 0.975000 0.635356
endloop
endfacet
facet normal 0.598712 -0.491320 -0.632573
outer loop
vertex 1.179397 0.980357 0.564645
vertex 1.184567 0.976903 0.572221
vertex 1.179397 0.970603 0.572221
endloop
endfacet
facet normal 0.598629 -0.491376 -0.632608
outer loop
vertex 1.179397 0.980357 0.564645
vertex 1.179397 0.970603 0.572221
vertex 1.175000 0.975000 0.564645
endloop
endfacet
facet normal 0.598726 -0.491464 0.632448
outer loop
vertex 1.184567 0.976903 0.627778
vertex 1.179397 0.980357 0.635356
vertex 1.175000 0.975000 0.635356
endloop
endfacet
facet normal 0.598737 -0.491356 0.632521
outer loop
vertex 1.184567 0.976903 0.627778
vertex 1.175000 0.975000 0.635356
vertex 1.179397 0.970603 0.627778
endloop
endfacet
facet normal 0.184901 -0.225389 0.956562
outer loop
vertex 1.163530 0.986470 0.646194
vertex 1.156898 0.993103 0.649039
vertex 1.155419 0.991890 0.649039
endloop
endfacet
facet normal 0.184924 -0.225405 0.956554
outer loop
vertex 1.163530 0.986470 0.646194
vertex 1.155419 0.991890 0.649039
vertex 1.160630 0.984091 0.646194
endloop
endfacet
facet normal 0.607291 -0.740037 -0.289037
outer loop
vertex 1.182664 0.967336 0.580866
vertex 1.184676 0.965324 0.590245
vertex 1.177245 0.959226 0.590245
endloop
endfacet
facet normal 0.607349 -0.740014 -0.288976
outer loop
vertex 1.182664 0.967336 0.580866
vertex 1.177245 0.959226 0.590245
vertex 1.175664 0.961591 0.580866
endloop
endfacet
facet normal 0.300150 -0.365840 0.880949
outer loop
vertex 1.169642 0.980357 0.641573
vertex 1.163530 0.986470 0.646194
vertex 1.160630 0.984091 0.646194
endloop
endfacet
facet normal 0.300180 -0.365789 0.880960
outer loop
vertex 1.169642 0.980357 0.641573
vertex 1.160630 0.984091 0.646194
vertex 1.165433 0.976903 0.641573
endloop
endfacet
facet normal 0.560113 -0.682475 -0.469576
outer loop
vertex 1.179397 0.970603 0.572221
vertex 1.182664 0.967336 0.580866
vertex 1.175664 0.961591 0.580866
endloop
endfacet
facet normal 0.560076 -0.682478 -0.469616
outer loop
vertex 1.179397 0.970603 0.572221
vertex 1.175664 0.961591 0.580866
vertex 1.173097 0.965433 0.572221
endloop
endfacet
facet normal 0.403558 -0.491782 0.771551
outer loop
vertex 1.175000 0.975000 0.635356
vertex 1.169642 0.980357 0.641573
vertex 1.165433 0.976903 0.641573
endloop
endfacet
facet normal 0.403560 -0.491759 0.771565
outer loop
vertex 1.175000 0.975000 0.635356
vertex 1.165433 0.976903 0.641573
vertex 1.169642 0.970603 0.635356
endloop
endfacet
facet normal 0.491304 -0.598680 -0.632616
outer loop
vertex 1.175000 0.975000 0.564645
vertex 1.179397 0.970603 0.572221
vertex 1.173097 0.965433 0.572221
endloop
endfacet
facet normal 0.491312 -0.598674 -0.632615
outer loop
vertex 1.175000 0.975000 0.564645
vertex 1.173097 0.965433 0.572221
vertex 1.169642 0.970603 0.564645
endloop
endfacet
facet normal 0.491367 -0.598718 0.632531
outer loop
vertex 1.179397 0.970603 0.627778
vertex 1.175000 0.975000 0.635356
vertex 1.169642 0.970603 0.635356
endloop
endfacet
facet normal 0.491353 -0.598753 0.632509
outer loop
vertex 1.179397 0.970603 0.627778
vertex 1.169642 0.970603 0.635356
vertex 1.173097 0.965433 0.627778
endloop
endfacet
facet normal 0.403604 -0.491820 -0.771503
outer loop
vertex 1.169642 0.980357 0.558427
vertex 1.175000 0.975000 0.564645
vertex 1.169642 0.970603 0.564645
endloop
endfacet
facet normal 0.403592 -0.491808 -0.771517
outer loop
vertex 1.169642 0.980357 0.558427
vertex 1.169642 0.970603 0.564645
vertex 1.165433 0.976903 0.558427
endloop
endfacet
facet normal 0.560066 -0.682490 0.469610
outer loop
vertex 1.182664 0.967336 0.619134
vertex 1.179397 0.970603 0.627778
vertex 1.173097 0.965433 0.627778
endloop
endfacet
facet normal 0.560091 -0.682441 0.469652
outer loop
vertex 1.182664 0.967336 0.619134
vertex 1.173097 0.965433 0.627778
vertex 1.175664 0.961591 0.619134
endloop
endfacet
facet normal 0.300189 -0.365804 -0.880950
outer loop
vertex 1.163530 0.986470 0.553806
vertex 1.169642 0.980357 0.558427
vertex 1.165433 0.976903 0.558427
endloop
endfacet
facet normal 0.300099 -0.365819 -0.880975
outer loop
vertex 1.163530 0.986470 0.553806
vertex 1.165433 0.976903 0.558427
vertex 1.160630 0.984091 0.553806
endloop
endfacet
facet normal 0.607334 -0.740014 0.289006
outer loop
vertex 1.184676 0.965324 0.609754
vertex 1.182664 0.967336 0.619134
vertex 1.175664 0.961591 0.619134
endloop
endfacet
facet normal 0.607316 -0.740048 0.288959
outer loop
vertex 1.184676 0.965324 0.609754
vertex 1.175664 0.961591 0.619134
vertex 1.177245 0.959226 0.609754
endloop
endfacet
facet normal 0.184961 -0.225467 -0.956532
outer loop
vertex 1.156898 0.993103 0.550960
vertex 1.163530 0.986470 0.553806
vertex 1.160630 0.984091 0.553806
endloop
endfacet
facet normal 0.184941 -0.225476 -0.956534
outer loop
vertex 1.156898 0.993103 0.550960
vertex 1.160630 0.984091 0.553806
vertex 1.155419 0.991890 0.550960
endloop
endfacet
facet normal 0.631344 -0.769339 0.097579
outer loop
vertex 1.185356 0.964645 0.600000
vertex 1.184676 0.965324 0.609754
vertex 1.177245 0.959226 0.609754
endloop
endfacet
facet normal 0.631295 -0.769388 0.097513
outer loop
vertex 1.185356 0.964645 0.600000
vertex 1.177245 0.959226 0.609754
vertex 1.177778 0.958427 0.600000
endloop
endfacet
facet normal 0.062443 -0.076181 0.995137
outer loop
vertex 1.156898 0.993103 0.649039
vertex 1.150000 1.000000 0.650000
vertex 1.155419 0.991890 0.649039
endloop
endfacet
facet normal 0.062423 -0.076105 -0.995144
outer loop
vertex 1.150000 1.000000 0.550000
vertex 1.156898 0.993103 0.550960
vertex 1.155419 0.991890 0.550960
endloop
endfacet
facet normal 0.631300 -0.769378 -0.097561
outer loop
vertex 1.184676 0.965324 0.590245
vertex 1.185356 0.964645 0.600000
vertex 1.177778 0.958427 0.600000
endloop
endfacet
facet normal 0.631339 -0.769353 -0.097510
outer loop
vertex 1.184676 0.965324 0.590245
vertex 1.177778 0.958427 0.600000
vertex 1.177245 0.959226 0.590245
endloop
endfacet
facet normal 0.416156 -0.778618 0.469647
outer loop
vertex 1.175664 0.961591 0.619134
vertex 1.173097 0.965433 0.627778
vertex 1.165909 0.961591 0.627778
endloop
endfacet
facet normal 0.416099 -0.778691 0.469576
outer loop
vertex 1.175664 0.961591 0.619134
vertex 1.165909 0.961591 0.627778
vertex 1.167677 0.957323 0.619134
endloop
endfacet
facet normal 0.223038 -0.417322 -0.880963
outer loop
vertex 1.160630 0.984091 0.553806
vertex 1.165433 0.976903 0.558427
vertex 1.160630 0.974336 0.558427
endloop
endfacet
facet normal 0.223171 -0.417307 -0.880937
outer loop
vertex 1.160630 0.984091 0.553806
vertex 1.160630 0.974336 0.558427
vertex 1.157322 0.982322 0.553806
endloop
endfacet
facet normal 0.451185 -0.844358 0.288950
outer loop
vertex 1.177245 0.959226 0.609754
vertex 1.175664 0.961591 0.619134
vertex 1.167677 0.957323 0.619134
endloop
endfacet
facet normal 0.451334 -0.844223 0.289111
outer loop
vertex 1.177245 0.959226 0.609754
vertex 1.167677 0.957323 0.619134
vertex 1.168766 0.954693 0.609754
endloop
endfacet
facet normal 0.137532 -0.257181 -0.956526
outer loop
vertex 1.155419 0.991890 0.550960
vertex 1.160630 0.984091 0.553806
vertex 1.157322 0.982322 0.553806
endloop
endfacet
facet normal 0.137560 -0.257151 -0.956531
outer loop
vertex 1.155419 0.991890 0.550960
vertex 1.157322 0.982322 0.553806
vertex 1.153733 0.990988 0.550960
endloop
endfacet
facet normal 0.469225 -0.877676 0.097531
outer loop
vertex 1.177778 0.958427 0.600000
vertex 1.177245 0.959226 0.609754
vertex 1.168766 0.954693 0.609754
endloop
endfacet
facet normal 0.469218 -0.877681 0.097526
outer loop
vertex 1.177778 0.958427 0.600000
vertex 1.168766 0.954693 0.609754
vertex 1.169134 0.953806 0.600000
endloop
endfacet
facet normal 0.046486 -0.086868 0.995135
outer loop
vertex 1.155419 0.991890 0.649039
vertex 1.150000 1.000000 0.650000
vertex 1.153733 0.990988 0.649039
endloop
endfacet
facet normal 0.046424 -0.086782 -0.995145
outer loop
vertex 1.150000 1.000000 0.550000
vertex 1.155419 0.991890 0.550960
vertex 1.153733 0.990988 0.550960
endloop
endfacet
facet normal 0.469212 -0.877682 -0.097542
outer loop
vertex 1.177245 0.959226 0.590245
vertex 1.177778 0.958427 0.600000
vertex 1.169134 0.953806 0.600000
endloop
endfacet
facet normal 0.469224 -0.877681 -0.097494
outer loop
vertex 1.177245 0.959226 0.590245
vertex 1.169134 0.953806 0.600000
vertex 1.168766 0.954693 0.590245
endloop
endfacet
facet normal 0.137513 -0.257071 0.956559
outer loop
vertex 1.160630 0.984091 0.646194
vertex 1.155419 0.991890 0.649039
vertex 1.153733 0.990988 0.649039
endloop
endfacet
facet normal 0.137483 -0.257094 0.956557
outer loop
vertex 1.160630 0.984091 0.646194
vertex 1.153733 0.990988 0.649039
vertex 1.157322 0.982322 0.646194
endloop
endfacet
facet normal 0.451351 -0.844259 -0.288980
outer loop
vertex 1.175664 0.961591 0.580866
vertex 1.177245 0.959226 0.590245
vertex 1.168766 0.954693 0.590245
endloop
endfacet
facet normal 0.451164 -0.844301 -0.289148
outer loop
vertex 1.175664 0.961591 0.580866
vertex 1.168766 0.954693 0.590245
vertex 1.167677 0.957323 0.580866
endloop
endfacet
facet normal 0.223133 -0.417272 0.880963
outer loop
vertex 1.165433 0.976903 0.641573
vertex 1.160630 0.984091 0.646194
vertex 1.157322 0.982322 0.646194
endloop
endfacet
facet normal 0.223060 -0.417347 0.880946
outer loop
vertex 1.165433 0.976903 0.641573
vertex 1.157322 0.982322 0.646194
vertex 1.160630 0.974336 0.641573
endloop
endfacet
facet normal 0.416095 -0.778678 -0.469601
outer loop
vertex 1.173097 0.965433 0.572221
vertex 1.175664 0.961591 0.580866
vertex 1.167677 0.957323 0.580866
endloop
endfacet
facet normal 0.416183 -0.778673 -0.469531
outer loop
vertex 1.173097 0.965433 0.572221
vertex 1.167677 0.957323 0.580866
vertex 1.165909 0.961591 0.572221
endloop
endfacet
facet normal 0.299865 -0.561057 0.771554
outer loop
vertex 1.169642 0.970603 0.635356
vertex 1.165433 0.976903 0.641573
vertex 1.160630 0.974336 0.641573
endloop
endfacet
facet normal 0.299887 -0.561026 0.771568
outer loop
vertex 1.169642 0.970603 0.635356
vertex 1.160630 0.974336 0.641573
vertex 1.163530 0.967336 0.635356
endloop
endfacet
facet normal 0.365068 -0.683039 -0.632600
outer loop
vertex 1.169642 0.970603 0.564645
vertex 1.173097 0.965433 0.572221
vertex 1.165909 0.961591 0.572221
endloop
endfacet
facet normal 0.365100 -0.683024 -0.632598
outer loop
vertex 1.169642 0.970603 0.564645
vertex 1.165909 0.961591 0.572221
vertex 1.163530 0.967336 0.564645
endloop
endfacet
facet normal 0.365134 -0.683099 0.632497
outer loop
vertex 1.173097 0.965433 0.627778
vertex 1.169642 0.970603 0.635356
vertex 1.163530 0.967336 0.635356
endloop
endfacet
facet normal 0.365115 -0.683104 0.632503
outer loop
vertex 1.173097 0.965433 0.627778
vertex 1.163530 0.967336 0.635356
vertex 1.165909 0.961591 0.627778
endloop
endfacet
facet normal 0.299914 -0.561100 -0.771504
outer loop
vertex 1.165433 0.976903 0.558427
vertex 1.169642 0.970603 0.564645
vertex 1.163530 0.967336 0.564645
endloop
endfacet
facet normal 0.299893 -0.561081 -0.771526
outer loop
vertex 1.165433 0.976903 0.558427
vertex 1.163530 0.967336 0.564645
vertex 1.160630 0.974336 0.558427
endloop
endfacet
facet normal 0.277843 -0.916086 -0.289119
outer loop
vertex 1.167677 0.957323 0.580866
vertex 1.168766 0.954693 0.590245
vertex 1.159567 0.951903 0.590245
endloop
endfacet
facet normal 0.278049 -0.916070 -0.288971
outer loop
vertex 1.167677 0.957323 0.580866
vertex 1.159567 0.951903 0.590245
vertex 1.159012 0.954693 0.580866
endloop
endfacet
facet normal 0.137289 -0.452859 0.880948
outer loop
vertex 1.160630 0.974336 0.641573
vertex 1.157322 0.982322 0.646194
vertex 1.153733 0.981234 0.646194
endloop
endfacet
facet normal 0.137374 -0.452804 0.880963
outer loop
vertex 1.160630 0.974336 0.641573
vertex 1.153733 0.981234 0.646194
vertex 1.155419 0.972755 0.641573
endloop
endfacet
facet normal 0.256434 -0.844849 -0.469545
outer loop
vertex 1.165909 0.961591 0.572221
vertex 1.167677 0.957323 0.580866
vertex 1.159012 0.954693 0.580866
endloop
endfacet
facet normal 0.256190 -0.844829 -0.469714
outer loop
vertex 1.165909 0.961591 0.572221
vertex 1.159012 0.954693 0.580866
vertex 1.158110 0.959226 0.572221
endloop
endfacet
facet normal 0.184686 -0.608740 0.771574
outer loop
vertex 1.163530 0.967336 0.635356
vertex 1.160630 0.974336 0.641573
vertex 1.155419 0.972755 0.641573
endloop
endfacet
facet normal 0.184680 -0.608754 0.771565
outer loop
vertex 1.163530 0.967336 0.635356
vertex 1.155419 0.972755 0.641573
vertex 1.156898 0.965324 0.635356
endloop
endfacet
facet normal 0.224754 -0.741151 -0.632599
outer loop
vertex 1.163530 0.967336 0.564645
vertex 1.165909 0.961591 0.572221
vertex 1.158110 0.959226 0.572221
endloop
endfacet
facet normal 0.224863 -0.741153 -0.632558
outer loop
vertex 1.163530 0.967336 0.564645
vertex 1.158110 0.959226 0.572221
vertex 1.156898 0.965324 0.564645
endloop
endfacet
facet normal 0.224864 -0.741201 0.632501
outer loop
vertex 1.165909 0.961591 0.627778
vertex 1.163530 0.967336 0.635356
vertex 1.156898 0.965324 0.635356
endloop
endfacet
facet normal 0.224786 -0.741256 0.632464
outer loop
vertex 1.165909 0.961591 0.627778
vertex 1.156898 0.965324 0.635356
vertex 1.158110 0.959226 0.627778
endloop
endfacet
facet normal 0.184693 -0.608802 -0.771524
outer loop
vertex 1.160630 0.974336 0.558427
vertex 1.163530 0.967336 0.564645
vertex 1.156898 0.965324 0.564645
endloop
endfacet
facet normal 0.184701 -0.608805 -0.771519
outer loop
vertex 1.160630 0.974336 0.558427
vertex 1.156898 0.965324 0.564645
vertex 1.155419 0.972755 0.558427
endloop
endfacet
facet normal 0.256224 -0.844883 0.469598
outer loop
vertex 1.167677 0.957323 0.619134
vertex 1.165909 0.961591 0.627778
vertex 1.158110 0.959226 0.627778
endloop
endfacet
facet normal 0.256392 -0.844759 0.469729
outer loop
vertex 1.167677 0.957323 0.619134
vertex 1.158110 0.959226 0.627778
vertex 1.159012 0.954693 0.619134
endloop
endfacet
facet normal 0.137391 -0.452851 -0.880937
outer loop
vertex 1.157322 0.982322 0.553806
vertex 1.160630 0.974336 0.558427
vertex 1.155419 0.972755 0.558427
endloop
endfacet
facet normal 0.137267 -0.452794 -0.880985
outer loop
vertex 1.157322 0.982322 0.553806
vertex 1.155419 0.972755 0.558427
vertex 1.153733 0.981234 0.553806
endloop
endfacet
facet normal 0.278031 -0.916032 0.289110
outer loop
vertex 1.168766 0.954693 0.609754
vertex 1.167677 0.957323 0.619134
vertex 1.159012 0.954693 0.619134
endloop
endfacet
facet normal 0.277865 -0.916137 0.288937
outer loop
vertex 1.168766 0.954693 0.609754
vertex 1.159012 0.954693 0.619134
vertex 1.159567 0.951903 0.609754
endloop
endfacet
facet normal 0.084603 -0.279093 -0.956530
outer loop
vertex 1.153733 0.990988 0.550960
vertex 1.157322 0.982322 0.553806
vertex 1.153733 0.981234 0.553806
endloop
endfacet
facet normal 0.084644 -0.279110 -0.956521
outer loop
vertex 1.153733 0.990988 0.550960
vertex 1.153733 0.981234 0.553806
vertex 1.151903 0.990433 0.550960
endloop
endfacet
facet normal 0.288854 -0.952395 0.097507
outer loop
vertex 1.169134 0.953806 0.600000
vertex 1.168766 0.954693 0.609754
vertex 1.159567 0.951903 0.609754
endloop
endfacet
facet normal 0.288953 -0.952355 0.097599
outer loop
vertex 1.169134 0.953806 0.600000
vertex 1.159567 0.951903 0.609754
vertex 1.159754 0.950960 0.600000
endloop
endfacet
facet normal 0.028607 -0.094270 0.995136
outer loop
vertex 1.153733 0.990988 0.649039
vertex 1.150000 1.000000 0.650000
vertex 1.151903 0.990433 0.649039
endloop
endfacet
facet normal 0.028560 -0.094171 -0.995146
outer loop
vertex 1.150000 1.000000 0.550000
vertex 1.153733 0.990988 0.550960
vertex 1.151903 0.990433 0.550960
endloop
endfacet
facet normal 0.288951 -0.952367 -0.097493
outer loop
vertex 1.168766 0.954693 0.590245
vertex 1.169134 0.953806 0.600000
vertex 1.159754 0.950960 0.600000
endloop
endfacet
facet normal 0.288854 -0.952386 -0.097595
outer loop
vertex 1.168766 0.954693 0.590245
vertex 1.159754 0.950960 0.600000
vertex 1.159567 0.951903 0.590245
endloop
endfacet
facet normal 0.084644 -0.278962 0.956564
outer loop
vertex 1.157322 0.982322 0.646194
vertex 1.153733 0.990988 0.649039
vertex 1.151903 0.990433 0.649039
endloop
endfacet
facet normal 0.084594 -0.279040 0.956546
outer loop
vertex 1.157322 0.982322 0.646194
vertex 1.151903 0.990433 0.649039
vertex 1.153733 0.981234 0.646194
endloop
endfacet
facet normal 0.046398 -0.470930 -0.880949
outer loop
vertex 1.153733 0.981234 0.553806
vertex 1.155419 0.972755 0.558427
vertex 1.150000 0.972221 0.558427
endloop
endfacet
facet normal 0.046422 -0.470886 -0.880972
outer loop
vertex 1.153733 0.981234 0.553806
vertex 1.150000 0.972221 0.558427
vertex 1.150000 0.980866 0.553806
endloop
endfacet
facet normal 0.093776 -0.952745 0.288933
outer loop
vertex 1.159567 0.951903 0.609754
vertex 1.159012 0.954693 0.619134
vertex 1.150000 0.953806 0.619134
endloop
endfacet
facet normal 0.093907 -0.952699 0.289045
outer loop
vertex 1.159567 0.951903 0.609754
vertex 1.150000 0.953806 0.619134
vertex 1.150000 0.950960 0.609754
endloop
endfacet
facet normal 0.028633 -0.290240 -0.956525
outer loop
vertex 1.151903 0.990433 0.550960
vertex 1.153733 0.981234 0.553806
vertex 1.150000 0.980866 0.553806
endloop
endfacet
facet normal 0.028648 -0.290251 -0.956522
outer loop
vertex 1.151903 0.990433 0.550960
vertex 1.150000 0.980866 0.553806
vertex 1.150000 0.990245 0.550960
endloop
endfacet
facet normal 0.097624 -0.990422 0.097641
outer loop
vertex 1.159754 0.950960 0.600000
vertex 1.159567 0.951903 0.609754
vertex 1.150000 0.950960 0.609754
endloop
endfacet
facet normal 0.097480 -0.990452 0.097478
outer loop
vertex 1.159754 0.950960 0.600000
vertex 1.150000 0.950960 0.609754
vertex 1.150000 0.950000 0.600000
endloop
endfacet
facet normal 0.009685 -0.098037 0.995136
outer loop
vertex 1.151903 0.990433 0.649039
vertex 1.150000 1.000000 0.650000
vertex 1.150000 0.990245 0.649039
endloop
endfacet
facet normal 0.009694 -0.097926 -0.995146
outer loop
vertex 1.150000 1.000000 0.550000
vertex 1.151903 0.990433 0.550960
vertex 1.150000 0.990245 0.550960
endloop
endfacet
facet normal 0.097481 -0.990440 -0.097603
outer loop
vertex 1.159567 0.951903 0.590245
vertex 1.159754 0.950960 0.600000
vertex 1.150000 0.950000 0.600000
endloop
endfacet
facet normal 0.097626 -0.990436 -0.097494
outer loop
vertex 1.159567 0.951903 0.590245
vertex 1.150000 0.950000 0.600000
vertex 1.150000 0.950960 0.590245
endloop
endfacet
facet normal 0.028639 -0.290112 0.956564
outer loop
vertex 1.153733 0.981234 0.646194
vertex 1.151903 0.990433 0.649039
vertex 1.150000 0.990245 0.649039
endloop
endfacet
facet normal 0.028600 -0.290157 0.956551
outer loop
vertex 1.153733 0.981234 0.646194
vertex 1.150000 0.990245 0.649039
vertex 1.150000 0.980866 0.646194
endloop
endfacet
facet normal 0.093909 -0.952725 -0.288958
outer loop
vertex 1.159012 0.954693 0.580866
vertex 1.159567 0.951903 0.590245
vertex 1.150000 0.950960 0.590245
endloop
endfacet
facet normal 0.093773 -0.952702 -0.289077
outer loop
vertex 1.159012 0.954693 0.580866
vertex 1.150000 0.950960 0.590245
vertex 1.150000 0.953806 0.580866
endloop
endfacet
facet normal 0.046422 -0.470920 0.880954
outer loop
vertex 1.155419 0.972755 0.641573
vertex 1.153733 0.981234 0.646194
vertex 1.150000 0.980866 0.646194
endloop
endfacet
facet normal 0.046411 -0.470910 0.880960
outer loop
vertex 1.155419 0.972755 0.641573
vertex 1.150000 0.980866 0.646194
vertex 1.150000 0.972221 0.641573
endloop
endfacet
facet normal 0.086480 -0.878573 -0.469712
outer loop
vertex 1.158110 0.959226 0.572221
vertex 1.159012 0.954693 0.580866
vertex 1.150000 0.953806 0.580866
endloop
endfacet
facet normal 0.086557 -0.878607 -0.469636
outer loop
vertex 1.158110 0.959226 0.572221
vertex 1.150000 0.953806 0.580866
vertex 1.150000 0.958427 0.572221
endloop
endfacet
facet normal 0.062377 -0.633071 0.771576
outer loop
vertex 1.156898 0.965324 0.635356
vertex 1.155419 0.972755 0.641573
vertex 1.150000 0.972221 0.641573
endloop
endfacet
facet normal 0.062312 -0.633146 0.771520
outer loop
vertex 1.156898 0.965324 0.635356
vertex 1.150000 0.972221 0.641573
vertex 1.150000 0.964645 0.635356
endloop
endfacet
facet normal 0.075937 -0.770793 -0.632544
outer loop
vertex 1.156898 0.965324 0.564645
vertex 1.158110 0.959226 0.572221
vertex 1.150000 0.958427 0.572221
endloop
endfacet
facet normal 0.075861 -0.770753 -0.632602
outer loop
vertex 1.156898 0.965324 0.564645
vertex 1.150000 0.958427 0.572221
vertex 1.150000 0.964645 0.564645
endloop
endfacet
facet normal 0.075875 -0.770870 0.632457
outer loop
vertex 1.158110 0.959226 0.627778
vertex 1.156898 0.965324 0.635356
vertex 1.150000 0.964645 0.635356
endloop
endfacet
facet normal 0.075939 -0.770833 0.632495
outer loop
vertex 1.158110 0.959226 0.627778
vertex 1.150000 0.964645 0.635356
vertex 1.150000 0.958427 0.627778
endloop
endfacet
facet normal 0.062327 -0.633160 -0.771508
outer loop
vertex 1.155419 0.972755 0.558427
vertex 1.156898 0.965324 0.564645
vertex 1.150000 0.964645 0.564645
endloop
endfacet
facet normal 0.062391 -0.633187 -0.771480
outer loop
vertex 1.155419 0.972755 0.558427
vertex 1.150000 0.964645 0.564645
vertex 1.150000 0.972221 0.558427
endloop
endfacet
facet normal 0.086553 -0.878542 0.469757
outer loop
vertex 1.159012 0.954693 0.619134
vertex 1.158110 0.959226 0.627778
vertex 1.150000 0.958427 0.627778
endloop
endfacet
facet normal 0.086478 -0.878585 0.469691
outer loop
vertex 1.159012 0.954693 0.619134
vertex 1.150000 0.958427 0.627778
vertex 1.150000 0.953806 0.619134
endloop
endfacet
facet normal -0.086478 -0.878609 -0.469647
outer loop
vertex 1.150000 0.958427 0.572221
vertex 1.150000 0.953806 0.580866
vertex 1.140988 0.954693 0.580866
endloop
endfacet
facet normal -0.086561 -0.878563 -0.469718
outer loop
vertex 1.150000 0.958427 0.572221
vertex 1.140988 0.954693 0.580866
vertex 1.141890 0.959226 0.572221
endloop
endfacet
facet normal -0.062380 -0.633125 0.771532
outer loop
vertex 1.150000 0.964645 0.635356
vertex 1.150000 0.972221 0.641573
vertex 1.144581 0.972755 0.641573
endloop
endfacet
facet normal -0.062320 -0.633101 0.771557
outer loop
vertex 1.150000 0.964645 0.635356
vertex 1.144581 0.972755 0.641573
vertex 1.143103 0.965324 0.635356
endloop
endfacet
facet normal -0.075937 -0.770751 -0.632595
outer loop
vertex 1.150000 0.964645 0.564645
vertex 1.150000 0.958427 0.572221
vertex 1.141890 0.959226 0.572221
endloop
endfacet
facet normal -0.075877 -0.770778 -0.632570
outer loop
vertex 1.150000 0.964645 0.564645
vertex 1.141890 0.959226 0.572221
vertex 1.143103 0.965324 0.564645
endloop
endfacet
facet normal -0.075883 -0.770839 0.632494
outer loop
vertex 1.150000 0.958427 0.627778
vertex 1.150000 0.964645 0.635356
vertex 1.143103 0.965324 0.635356
endloop
endfacet
facet normal -0.075945 -0.770849 0.632475
outer loop
vertex 1.150000 0.958427 0.627778
vertex 1.143103 0.965324 0.635356
vertex 1.141890 0.959226 0.627778
endloop
endfacet
facet normal -0.062325 -0.633191 -0.771482
outer loop
vertex 1.150000 0.972221 0.558427
vertex 1.150000 0.964645 0.564645
vertex 1.143103 0.965324 0.564645
endloop
endfacet
facet normal -0.062405 -0.633154 -0.771506
outer loop
vertex 1.150000 0.972221 0.558427
vertex 1.143103 0.965324 0.564645
vertex 1.144581 0.972755 0.558427
endloop
endfacet
facet normal -0.086563 -0.878580 0.469684
outer loop
vertex 1.150000 0.953806 0.619134
vertex 1.150000 0.958427 0.627778
vertex 1.141890 0.959226 0.627778
endloop
endfacet
facet normal -0.086468 -0.878556 0.469748
outer loop
vertex 1.150000 0.953806 0.619134
vertex 1.141890 0.959226 0.627778
vertex 1.140988 0.954693 0.619134
endloop
endfacet
facet normal -0.046399 -0.470910 -0.880960
outer loop
vertex 1.150000 0.980866 0.553806
vertex 1.150000 0.972221 0.558427
vertex 1.144581 0.972755 0.558427
endloop
endfacet
facet normal -0.046423 -0.470894 -0.880968
outer loop
vertex 1.150000 0.980866 0.553806
vertex 1.144581 0.972755 0.558427
vertex 1.146267 0.981234 0.553806
endloop
endfacet
facet normal -0.093773 -0.952711 0.289048
outer loop
vertex 1.150000 0.950960 0.609754
vertex 1.150000 0.953806 0.619134
vertex 1.140988 0.954693 0.619134
endloop
endfacet
facet normal -0.093910 -0.952731 0.288937
outer loop
vertex 1.150000 0.950960 0.609754
vertex 1.140988 0.954693 0.619134
vertex 1.140433 0.951903 0.609754
endloop
endfacet
facet normal -0.028609 -0.290258 -0.956521
outer loop
vertex 1.150000 0.990245 0.550960
vertex 1.150000 0.980866 0.553806
vertex 1.146267 0.981234 0.553806
endloop
endfacet
facet normal -0.028697 -0.290240 -0.956524
outer loop
vertex 1.150000 0.990245 0.550960
vertex 1.146267 0.981234 0.553806
vertex 1.148097 0.990433 0.550960
endloop
endfacet
facet normal -0.097625 -0.990435 0.097503
outer loop
vertex 1.150000 0.950000 0.600000
vertex 1.150000 0.950960 0.609754
vertex 1.140433 0.951903 0.609754
endloop
endfacet
facet normal -0.097468 -0.990439 0.097624
outer loop
vertex 1.150000 0.950000 0.600000
vertex 1.140433 0.951903 0.609754
vertex 1.140245 0.950960 0.600000
endloop
endfacet
facet normal -0.009686 -0.098031 0.995136
outer loop
vertex 1.150000 0.990245 0.649039
vertex 1.150000 1.000000 0.650000
vertex 1.148097 0.990433 0.649039
endloop
endfacet
facet normal -0.009694 -0.097932 -0.995146
outer loop
vertex 1.150000 1.000000 0.550000
vertex 1.150000 0.990245 0.550960
vertex 1.148097 0.990433 0.550960
endloop
endfacet
facet normal -0.097473 -0.990453 -0.097479
outer loop
vertex 1.150000 0.950960 0.590245
vertex 1.150000 0.950000 0.600000
vertex 1.140245 0.950960 0.600000
endloop
endfacet
facet normal -0.097621 -0.990423 -0.097630
outer loop
vertex 1.150000 0.950960 0.590245
vertex 1.140245 0.950960 0.600000
vertex 1.140433 0.951903 0.590245
endloop
endfacet
facet normal -0.028643 -0.290131 0.956558
outer loop
vertex 1.150000 0.980866 0.646194
vertex 1.150000 0.990245 0.649039
vertex 1.148097 0.990433 0.649039
endloop
endfacet
facet normal -0.028599 -0.290162 0.956550
outer loop
vertex 1.150000 0.980866 0.646194
vertex 1.148097 0.990433 0.649039
vertex 1.146267 0.981234 0.646194
endloop
endfacet
facet normal -0.093905 -0.952691 -0.289072
outer loop
vertex 1.150000 0.953806 0.580866
vertex 1.150000 0.950960 0.590245
vertex 1.140433 0.951903 0.590245
endloop
endfacet
facet normal -0.093779 -0.952736 -0.288963
outer loop
vertex 1.150000 0.953806 0.580866
vertex 1.140433 0.951903 0.590245
vertex 1.140988 0.954693 0.580866
endloop
endfacet
facet normal -0.046426 -0.470901 0.880963
outer loop
vertex 1.150000 0.972221 0.641573
vertex 1.150000 0.980866 0.646194
vertex 1.146267 0.981234 0.646194
endloop
endfacet
facet normal -0.046411 -0.470905 0.880963
outer loop
vertex 1.150000 0.972221 0.641573
vertex 1.146267 0.981234 0.646194
vertex 1.144581 0.972755 0.641573
endloop
endfacet
facet normal -0.084578 -0.279112 -0.956527
outer loop
vertex 1.148097 0.990433 0.550960
vertex 1.146267 0.981234 0.553806
vertex 1.142677 0.982322 0.553806
endloop
endfacet
facet normal -0.084638 -0.279040 -0.956542
outer loop
vertex 1.148097 0.990433 0.550960
vertex 1.142677 0.982322 0.553806
vertex 1.146267 0.990988 0.550960
endloop
endfacet
facet normal -0.288862 -0.952380 0.097628
outer loop
vertex 1.140245 0.950960 0.600000
vertex 1.140433 0.951903 0.609754
vertex 1.131234 0.954693 0.609754
endloop
endfacet
facet normal -0.288986 -0.952353 0.097522
outer loop
vertex 1.140245 0.950960 0.600000
vertex 1.131234 0.954693 0.609754
vertex 1.130866 0.953806 0.600000
endloop
endfacet
facet normal -0.028607 -0.094271 0.995135
outer loop
vertex 1.148097 0.990433 0.649039
vertex 1.150000 1.000000 0.650000
vertex 1.146267 0.990988 0.649039
endloop
endfacet
facet normal -0.028561 -0.094185 -0.995145
outer loop
vertex 1.150000 1.000000 0.550000
vertex 1.148097 0.990433 0.550960
vertex 1.146267 0.990988 0.550960
endloop
endfacet
facet normal -0.288985 -0.952341 -0.097640
outer loop
vertex 1.140433 0.951903 0.590245
vertex 1.140245 0.950960 0.600000
vertex 1.130866 0.953806 0.600000
endloop
endfacet
facet normal -0.288868 -0.952392 -0.097490
outer loop
vertex 1.140433 0.951903 0.590245
vertex 1.130866 0.953806 0.600000
vertex 1.131234 0.954693 0.590245
endloop
endfacet
facet normal -0.084647 -0.278995 0.956555
outer loop
vertex 1.146267 0.981234 0.646194
vertex 1.148097 0.990433 0.649039
vertex 1.146267 0.990988 0.649039
endloop
endfacet
facet normal -0.084564 -0.279005 0.956559
outer loop
vertex 1.146267 0.981234 0.646194
vertex 1.146267 0.990988 0.649039
vertex 1.142677 0.982322 0.646194
endloop
endfacet
facet normal -0.277859 -0.916125 -0.288979
outer loop
vertex 1.140988 0.954693 0.580866
vertex 1.140433 0.951903 0.590245
vertex 1.131234 0.954693 0.590245
endloop
endfacet
facet normal -0.278003 -0.916035 -0.289126
outer loop
vertex 1.140988 0.954693 0.580866
vertex 1.131234 0.954693 0.590245
vertex 1.132322 0.957323 0.580866
endloop
endfacet
facet normal -0.137233 -0.452828 0.880973
outer loop
vertex 1.144581 0.972755 0.641573
vertex 1.146267 0.981234 0.646194
vertex 1.142677 0.982322 0.646194
endloop
endfacet
facet normal -0.137359 -0.452862 0.880936
outer loop
vertex 1.144581 0.972755 0.641573
vertex 1.142677 0.982322 0.646194
vertex 1.139369 0.974336 0.641573
endloop
endfacet
facet normal -0.256374 -0.844785 -0.469692
outer loop
vertex 1.141890 0.959226 0.572221
vertex 1.140988 0.954693 0.580866
vertex 1.132322 0.957323 0.580866
endloop
endfacet
facet normal -0.256217 -0.844898 -0.469574
outer loop
vertex 1.141890 0.959226 0.572221
vertex 1.132322 0.957323 0.580866
vertex 1.134091 0.961591 0.572221
endloop
endfacet
facet normal -0.184662 -0.608765 0.771560
outer loop
vertex 1.143103 0.965324 0.635356
vertex 1.144581 0.972755 0.641573
vertex 1.139369 0.974336 0.641573
endloop
endfacet
facet normal -0.184656 -0.608784 0.771546
outer loop
vertex 1.143103 0.965324 0.635356
vertex 1.139369 0.974336 0.641573
vertex 1.136470 0.967336 0.635356
endloop
endfacet
facet normal -0.224756 -0.741183 -0.632560
outer loop
vertex 1.143103 0.965324 0.564645
vertex 1.141890 0.959226 0.572221
vertex 1.134091 0.961591 0.572221
endloop
endfacet
facet normal -0.224806 -0.741132 -0.632602
outer loop
vertex 1.143103 0.965324 0.564645
vertex 1.134091 0.961591 0.572221
vertex 1.136470 0.967336 0.564645
endloop
endfacet
facet normal -0.224846 -0.741255 0.632444
outer loop
vertex 1.141890 0.959226 0.627778
vertex 1.143103 0.965324 0.635356
vertex 1.136470 0.967336 0.635356
endloop
endfacet
facet normal -0.224767 -0.741219 0.632514
outer loop
vertex 1.141890 0.959226 0.627778
vertex 1.136470 0.967336 0.635356
vertex 1.134091 0.961591 0.627778
endloop
endfacet
facet normal -0.184676 -0.608828 -0.771507
outer loop
vertex 1.144581 0.972755 0.558427
vertex 1.143103 0.965324 0.564645
vertex 1.136470 0.967336 0.564645
endloop
endfacet
facet normal -0.184671 -0.608829 -0.771508
outer loop
vertex 1.144581 0.972755 0.558427
vertex 1.136470 0.967336 0.564645
vertex 1.139369 0.974336 0.558427
endloop
endfacet
facet normal -0.256190 -0.844807 0.469752
outer loop
vertex 1.140988 0.954693 0.619134
vertex 1.141890 0.959226 0.627778
vertex 1.134091 0.961591 0.627778
endloop
endfacet
facet normal -0.256383 -0.844831 0.469605
outer loop
vertex 1.140988 0.954693 0.619134
vertex 1.134091 0.961591 0.627778
vertex 1.132322 0.957323 0.619134
endloop
endfacet
facet normal -0.137365 -0.452822 -0.880956
outer loop
vertex 1.146267 0.981234 0.553806
vertex 1.144581 0.972755 0.558427
vertex 1.139369 0.974336 0.558427
endloop
endfacet
facet normal -0.137239 -0.452880 -0.880946
outer loop
vertex 1.146267 0.981234 0.553806
vertex 1.139369 0.974336 0.558427
vertex 1.142677 0.982322 0.553806
endloop
endfacet
facet normal -0.278016 -0.916088 0.288947
outer loop
vertex 1.140433 0.951903 0.609754
vertex 1.140988 0.954693 0.619134
vertex 1.132322 0.957323 0.619134
endloop
endfacet
facet normal -0.277851 -0.916091 0.289096
outer loop
vertex 1.140433 0.951903 0.609754
vertex 1.132322 0.957323 0.619134
vertex 1.131234 0.954693 0.609754
endloop
endfacet
facet normal -0.299917 -0.561014 0.771565
outer loop
vertex 1.136470 0.967336 0.635356
vertex 1.139369 0.974336 0.641573
vertex 1.134567 0.976903 0.641573
endloop
endfacet
facet normal -0.299847 -0.561047 0.771568
outer loop
vertex 1.136470 0.967336 0.635356
vertex 1.134567 0.976903 0.641573
vertex 1.130357 0.970603 0.635356
endloop
endfacet
facet normal -0.365080 -0.683037 -0.632596
outer loop
vertex 1.136470 0.967336 0.564645
vertex 1.134091 0.961591 0.572221
vertex 1.126903 0.965433 0.572221
endloop
endfacet
facet normal -0.365066 -0.683070 -0.632567
outer loop
vertex 1.136470 0.967336 0.564645
vertex 1.126903 0.965433 0.572221
vertex 1.130357 0.970603 0.564645
endloop
endfacet
facet normal -0.365097 -0.683113 0.632503
outer loop
vertex 1.134091 0.961591 0.627778
vertex 1.136470 0.967336 0.635356
vertex 1.130357 0.970603 0.635356
endloop
endfacet
facet normal -0.365127 -0.683127 0.632472
outer loop
vertex 1.134091 0.961591 0.627778
vertex 1.130357 0.970603 0.635356
vertex 1.126903 0.965433 0.627778
endloop
endfacet
facet normal -0.299877 -0.561115 -0.771507
outer loop
vertex 1.139369 0.974336 0.558427
vertex 1.136470 0.967336 0.564645
vertex 1.130357 0.970603 0.564645
endloop
endfacet
facet normal -0.299927 -0.561056 -0.771531
outer loop
vertex 1.139369 0.974336 0.558427
vertex 1.130357 0.970603 0.564645
vertex 1.134567 0.976903 0.558427
endloop
endfacet
facet normal -0.416170 -0.778632 0.469611
outer loop
vertex 1.132322 0.957323 0.619134
vertex 1.134091 0.961591 0.627778
vertex 1.126903 0.965433 0.627778
endloop
endfacet
facet normal -0.416137 -0.778626 0.469650
outer loop
vertex 1.132322 0.957323 0.619134
vertex 1.126903 0.965433 0.627778
vertex 1.124336 0.961591 0.619134
endloop
endfacet
facet normal -0.223105 -0.417325 -0.880945
outer loop
vertex 1.142677 0.982322 0.553806
vertex 1.139369 0.974336 0.558427
vertex 1.134567 0.976903 0.558427
endloop
endfacet
facet normal -0.223131 -0.417282 -0.880959
outer loop
vertex 1.142677 0.982322 0.553806
vertex 1.134567 0.976903 0.558427
vertex 1.139369 0.984091 0.553806
endloop
endfacet
facet normal -0.451214 -0.844307 0.289053
outer loop
vertex 1.131234 0.954693 0.609754
vertex 1.132322 0.957323 0.619134
vertex 1.124336 0.961591 0.619134
endloop
endfacet
facet normal -0.451364 -0.844259 0.288960
outer loop
vertex 1.131234 0.954693 0.609754
vertex 1.124336 0.961591 0.619134
vertex 1.122755 0.959226 0.609754
endloop
endfacet
facet normal -0.137519 -0.257166 -0.956532
outer loop
vertex 1.146267 0.990988 0.550960
vertex 1.142677 0.982322 0.553806
vertex 1.139369 0.984091 0.553806
endloop
endfacet
facet normal -0.137588 -0.257136 -0.956531
outer loop
vertex 1.146267 0.990988 0.550960
vertex 1.139369 0.984091 0.553806
vertex 1.144581 0.991890 0.550960
endloop
endfacet
facet normal -0.469218 -0.877682 0.097509
outer loop
vertex 1.130866 0.953806 0.600000
vertex 1.131234 0.954693 0.609754
vertex 1.122755 0.959226 0.609754
endloop
endfacet
facet normal -0.469159 -0.877705 0.097588
outer loop
vertex 1.130866 0.953806 0.600000
vertex 1.122755 0.959226 0.609754
vertex 1.122221 0.958427 0.600000
endloop
endfacet
facet normal -0.046484 -0.086876 0.995134
outer loop
vertex 1.146267 0.990988 0.649039
vertex 1.150000 1.000000 0.650000
vertex 1.144581 0.991890 0.649039
endloop
endfacet
facet normal -0.046421 -0.086776 -0.995146
outer loop
vertex 1.150000 1.000000 0.550000
vertex 1.146267 0.990988 0.550960
vertex 1.144581 0.991890 0.550960
endloop
endfacet
facet normal -0.469157 -0.877715 -0.097511
outer loop
vertex 1.131234 0.954693 0.590245
vertex 1.130866 0.953806 0.600000
vertex 1.122221 0.958427 0.600000
endloop
endfacet
facet normal -0.469221 -0.877674 -0.097569
outer loop
vertex 1.131234 0.954693 0.590245
vertex 1.122221 0.958427 0.600000
vertex 1.122755 0.959226 0.590245
endloop
endfacet
facet normal -0.137505 -0.257055 0.956564
outer loop
vertex 1.142677 0.982322 0.646194
vertex 1.146267 0.990988 0.649039
vertex 1.144581 0.991890 0.649039
endloop
endfacet
facet normal -0.137477 -0.257082 0.956561
outer loop
vertex 1.142677 0.982322 0.646194
vertex 1.144581 0.991890 0.649039
vertex 1.139369 0.984091 0.646194
endloop
endfacet
facet normal -0.451338 -0.844235 -0.289071
outer loop
vertex 1.132322 0.957323 0.580866
vertex 1.131234 0.954693 0.590245
vertex 1.122755 0.959226 0.590245
endloop
endfacet
facet normal -0.451238 -0.844314 -0.288994
outer loop
vertex 1.132322 0.957323 0.580866
vertex 1.122755 0.959226 0.590245
vertex 1.124336 0.961591 0.580866
endloop
endfacet
facet normal -0.223162 -0.417302 0.880941
outer loop
vertex 1.139369 0.974336 0.641573
vertex 1.142677 0.982322 0.646194
vertex 1.139369 0.984091 0.646194
endloop
endfacet
facet normal -0.223089 -0.417314 0.880954
outer loop
vertex 1.139369 0.974336 0.641573
vertex 1.139369 0.984091 0.646194
vertex 1.134567 0.976903 0.641573
endloop
endfacet
facet normal -0.416152 -0.778670 -0.469565
outer loop
vertex 1.134091 0.961591 0.572221
vertex 1.132322 0.957323 0.580866
vertex 1.124336 0.961591 0.580866
endloop
endfacet
facet normal -0.416176 -0.778625 -0.469617
outer loop
vertex 1.134091 0.961591 0.572221
vertex 1.124336 0.961591 0.580866
vertex 1.126903 0.965433 0.572221
endloop
endfacet
facet normal -0.631344 -0.769338 0.097588
outer loop
vertex 1.122221 0.958427 0.600000
vertex 1.122755 0.959226 0.609754
vertex 1.115324 0.965324 0.609754
endloop
endfacet
facet normal -0.631398 -0.769305 0.097501
outer loop
vertex 1.122221 0.958427 0.600000
vertex 1.115324 0.965324 0.609754
vertex 1.114645 0.964645 0.600000
endloop
endfacet
facet normal -0.062471 -0.076153 0.995137
outer loop
vertex 1.144581 0.991890 0.649039
vertex 1.150000 1.000000 0.650000
vertex 1.143103 0.993103 0.649039
endloop
endfacet
facet normal -0.062452 -0.076078 -0.995144
outer loop
vertex 1.150000 1.000000 0.550000
vertex 1.144581 0.991890 0.550960
vertex 1.143103 0.993103 0.550960
endloop
endfacet
facet normal -0.631397 -0.769296 -0.097575
outer loop
vertex 1.122755 0.959226 0.590245
vertex 1.122221 0.958427 0.600000
vertex 1.114645 0.964645 0.600000
endloop
endfacet
facet normal -0.631338 -0.769356 -0.097491
outer loop
vertex 1.122755 0.959226 0.590245
vertex 1.114645 0.964645 0.600000
vertex 1.115324 0.965324 0.590245
endloop
endfacet
facet normal -0.184977 -0.225307 0.956567
outer loop
vertex 1.139369 0.984091 0.646194
vertex 1.144581 0.991890 0.649039
vertex 1.143103 0.993103 0.649039
endloop
endfacet
facet normal -0.184921 -0.225368 0.956564
outer loop
vertex 1.139369 0.984091 0.646194
vertex 1.143103 0.993103 0.649039
vertex 1.136470 0.986470 0.646194
endloop
endfacet
facet normal -0.607296 -0.740056 -0.288978
outer loop
vertex 1.124336 0.961591 0.580866
vertex 1.122755 0.959226 0.590245
vertex 1.115324 0.965324 0.590245
endloop
endfacet
facet normal -0.607336 -0.740002 -0.289032
outer loop
vertex 1.124336 0.961591 0.580866
vertex 1.115324 0.965324 0.590245
vertex 1.117336 0.967336 0.580866
endloop
endfacet
facet normal -0.300195 -0.365793 0.880953
outer loop
vertex 1.134567 0.976903 0.641573
vertex 1.139369 0.984091 0.646194
vertex 1.136470 0.986470 0.646194
endloop
endfacet
facet normal -0.300133 -0.365824 0.880961
outer loop
vertex 1.134567 0.976903 0.641573
vertex 1.136470 0.986470 0.646194
vertex 1.130357 0.980357 0.641573
endloop
endfacet
facet normal -0.560096 -0.682455 -0.469625
outer loop
vertex 1.126903 0.965433 0.572221
vertex 1.124336 0.961591 0.580866
vertex 1.117336 0.967336 0.580866
endloop
endfacet
facet normal -0.560075 -0.682523 -0.469551
outer loop
vertex 1.126903 0.965433 0.572221
vertex 1.117336 0.967336 0.580866
vertex 1.120603 0.970603 0.572221
endloop
endfacet
facet normal -0.403469 -0.491796 0.771589
outer loop
vertex 1.130357 0.970603 0.635356
vertex 1.134567 0.976903 0.641573
vertex 1.130357 0.980357 0.641573
endloop
endfacet
facet normal -0.403636 -0.491748 0.771532
outer loop
vertex 1.130357 0.970603 0.635356
vertex 1.130357 0.980357 0.641573
vertex 1.125000 0.975000 0.635356
endloop
endfacet
facet normal -0.491311 -0.598718 -0.632574
outer loop
vertex 1.130357 0.970603 0.564645
vertex 1.126903 0.965433 0.572221
vertex 1.120603 0.970603 0.572221
endloop
endfacet
facet normal -0.491363 -0.598617 -0.632630
outer loop
vertex 1.130357 0.970603 0.564645
vertex 1.120603 0.970603 0.572221
vertex 1.125000 0.975000 0.564645
endloop
endfacet
facet normal -0.491435 -0.598738 0.632459
outer loop
vertex 1.126903 0.965433 0.627778
vertex 1.130357 0.970603 0.635356
vertex 1.125000 0.975000 0.635356
endloop
endfacet
facet normal -0.491348 -0.598731 0.632533
outer loop
vertex 1.126903 0.965433 0.627778
vertex 1.125000 0.975000 0.635356
vertex 1.120603 0.970603 0.627778
endloop
endfacet
facet normal -0.403623 -0.491747 -0.771540
outer loop
vertex 1.134567 0.976903 0.558427
vertex 1.130357 0.970603 0.564645
vertex 1.125000 0.975000 0.564645
endloop
endfacet
facet normal -0.403568 -0.491901 -0.771470
outer loop
vertex 1.134567 0.976903 0.558427
vertex 1.125000 0.975000 0.564645
vertex 1.130357 0.980357 0.558427
endloop
endfacet
facet normal -0.560050 -0.682471 0.469656
outer loop
vertex 1.124336 0.961591 0.619134
vertex 1.126903 0.965433 0.627778
vertex 1.120603 0.970603 0.627778
endloop
endfacet
facet normal -0.560103 -0.682456 0.469615
outer loop
vertex 1.124336 0.961591 0.619134
vertex 1.120603 0.970603 0.627778
vertex 1.117336 0.967336 0.619134
endloop
endfacet
facet normal -0.300144 -0.365844 -0.880949
outer loop
vertex 1.139369 0.984091 0.553806
vertex 1.134567 0.976903 0.558427
vertex 1.130357 0.980357 0.558427
endloop
endfacet
facet normal -0.300176 -0.365760 -0.880973
outer loop
vertex 1.139369 0.984091 0.553806
vertex 1.130357 0.980357 0.558427
vertex 1.136470 0.986470 0.553806
endloop
endfacet
facet normal -0.607349 -0.740025 0.288948
outer loop
vertex 1.122755 0.959226 0.609754
vertex 1.124336 0.961591 0.619134
vertex 1.117336 0.967336 0.619134
endloop
endfacet
facet normal -0.607294 -0.740047 0.289008
outer loop
vertex 1.122755 0.959226 0.609754
vertex 1.117336 0.967336 0.619134
vertex 1.115324 0.965324 0.609754
endloop
endfacet
facet normal -0.184986 -0.225434 -0.956535
outer loop
vertex 1.144581 0.991890 0.550960
vertex 1.139369 0.984091 0.553806
vertex 1.136470 0.986470 0.553806
endloop
endfacet
facet normal -0.185009 -0.225409 -0.956537
outer loop
vertex 1.144581 0.991890 0.550960
vertex 1.136470 0.986470 0.553806
vertex 1.143103 0.993103 0.550960
endloop
endfacet
facet normal -0.598684 -0.491293 -0.632620
outer loop
vertex 1.125000 0.975000 0.564645
vertex 1.120603 0.970603 0.572221
vertex 1.115433 0.976903 0.572221
endloop
endfacet
facet normal -0.598661 -0.491408 -0.632553
outer loop
vertex 1.125000 0.975000 0.564645
vertex 1.115433 0.976903 0.572221
vertex 1.120603 0.980357 0.564645
endloop
endfacet
facet normal -0.598690 -0.491434 0.632505
outer loop
vertex 1.120603 0.970603 0.627778
vertex 1.125000 0.975000 0.635356
vertex 1.120603 0.980357 0.635356
endloop
endfacet
facet normal -0.598768 -0.491382 0.632472
outer loop
vertex 1.120603 0.970603 0.627778
vertex 1.120603 0.980357 0.635356
vertex 1.115433 0.976903 0.627778
endloop
endfacet
facet normal -0.491798 -0.403677 -0.771479
outer loop
vertex 1.130357 0.980357 0.558427
vertex 1.125000 0.975000 0.564645
vertex 1.120603 0.980357 0.564645
endloop
endfacet
facet normal -0.491840 -0.403499 -0.771545
outer loop
vertex 1.130357 0.980357 0.558427
vertex 1.120603 0.980357 0.564645
vertex 1.126903 0.984567 0.558427
endloop
endfacet
facet normal -0.682488 -0.560062 0.469617
outer loop
vertex 1.117336 0.967336 0.619134
vertex 1.120603 0.970603 0.627778
vertex 1.115433 0.976903 0.627778
endloop
endfacet
facet normal -0.682442 -0.560087 0.469654
outer loop
vertex 1.117336 0.967336 0.619134
vertex 1.115433 0.976903 0.627778
vertex 1.111591 0.974336 0.619134
endloop
endfacet
facet normal -0.365827 -0.300146 -0.880956
outer loop
vertex 1.136470 0.986470 0.553806
vertex 1.130357 0.980357 0.558427
vertex 1.126903 0.984567 0.558427
endloop
endfacet
facet normal -0.365810 -0.300186 -0.880949
outer loop
vertex 1.136470 0.986470 0.553806
vertex 1.126903 0.984567 0.558427
vertex 1.134091 0.989369 0.553806
endloop
endfacet
facet normal -0.740002 -0.607351 0.289002
outer loop
vertex 1.115324 0.965324 0.609754
vertex 1.117336 0.967336 0.619134
vertex 1.111591 0.974336 0.619134
endloop
endfacet
facet normal -0.740071 -0.607284 0.288967
outer loop
vertex 1.115324 0.965324 0.609754
vertex 1.111591 0.974336 0.619134
vertex 1.109226 0.972755 0.609754
endloop
endfacet
facet normal -0.225428 -0.184986 -0.956537
outer loop
vertex 1.143103 0.993103 0.550960
vertex 1.136470 0.986470 0.553806
vertex 1.134091 0.989369 0.553806
endloop
endfacet
facet normal -0.225409 -0.185009 -0.956537
outer loop
vertex 1.143103 0.993103 0.550960
vertex 1.134091 0.989369 0.553806
vertex 1.141890 0.994581 0.550960
endloop
endfacet
facet normal -0.769360 -0.631332 0.097498
outer loop
vertex 1.114645 0.964645 0.600000
vertex 1.115324 0.965324 0.609754
vertex 1.109226 0.972755 0.609754
endloop
endfacet
facet normal -0.769292 -0.631400 0.097590
outer loop
vertex 1.114645 0.964645 0.600000
vertex 1.109226 0.972755 0.609754
vertex 1.108427 0.972221 0.600000
endloop
endfacet
facet normal -0.076203 -0.062495 0.995132
outer loop
vertex 1.143103 0.993103 0.649039
vertex 1.150000 1.000000 0.650000
vertex 1.141890 0.994581 0.649039
endloop
endfacet
facet normal -0.076072 -0.062421 -0.995147
outer loop
vertex 1.150000 1.000000 0.550000
vertex 1.143103 0.993103 0.550960
vertex 1.141890 0.994581 0.550960
endloop
endfacet
facet normal -0.769309 -0.631393 -0.097509
outer loop
vertex 1.115324 0.965324 0.590245
vertex 1.114645 0.964645 0.600000
vertex 1.108427 0.972221 0.600000
endloop
endfacet
facet normal -0.769344 -0.631342 -0.097560
outer loop
vertex 1.115324 0.965324 0.590245
vertex 1.108427 0.972221 0.600000
vertex 1.109226 0.972755 0.590245
endloop
endfacet
facet normal -0.225309 -0.184944 0.956573
outer loop
vertex 1.136470 0.986470 0.646194
vertex 1.143103 0.993103 0.649039
vertex 1.141890 0.994581 0.649039
endloop
endfacet
facet normal -0.225361 -0.184938 0.956562
outer loop
vertex 1.136470 0.986470 0.646194
vertex 1.141890 0.994581 0.649039
vertex 1.134091 0.989369 0.646194
endloop
endfacet
facet normal -0.740037 -0.607298 -0.289023
outer loop
vertex 1.117336 0.967336 0.580866
vertex 1.115324 0.965324 0.590245
vertex 1.109226 0.972755 0.590245
endloop
endfacet
facet normal -0.740014 -0.607342 -0.288990
outer loop
vertex 1.117336 0.967336 0.580866
vertex 1.109226 0.972755 0.590245
vertex 1.111591 0.974336 0.580866
endloop
endfacet
facet normal -0.365762 -0.300172 0.880974
outer loop
vertex 1.130357 0.980357 0.641573
vertex 1.136470 0.986470 0.646194
vertex 1.134091 0.989369 0.646194
endloop
endfacet
facet normal -0.365846 -0.300162 0.880942
outer loop
vertex 1.130357 0.980357 0.641573
vertex 1.134091 0.989369 0.646194
vertex 1.126903 0.984567 0.641573
endloop
endfacet
facet normal -0.682483 -0.560099 -0.469581
outer loop
vertex 1.120603 0.970603 0.572221
vertex 1.117336 0.967336 0.580866
vertex 1.111591 0.974336 0.580866
endloop
endfacet
facet normal -0.682487 -0.560069 -0.469611
outer loop
vertex 1.120603 0.970603 0.572221
vertex 1.111591 0.974336 0.580866
vertex 1.115433 0.976903 0.572221
endloop
endfacet
facet normal -0.491850 -0.403530 0.771523
outer loop
vertex 1.125000 0.975000 0.635356
vertex 1.130357 0.980357 0.641573
vertex 1.126903 0.984567 0.641573
endloop
endfacet
facet normal -0.491713 -0.403595 0.771576
outer loop
vertex 1.125000 0.975000 0.635356
vertex 1.126903 0.984567 0.641573
vertex 1.120603 0.980357 0.635356
endloop
endfacet
facet normal -0.086856 -0.046486 0.995136
outer loop
vertex 1.141890 0.994581 0.649039
vertex 1.150000 1.000000 0.650000
vertex 1.140988 0.996267 0.649039
endloop
endfacet
facet normal -0.086768 -0.046436 -0.995146
outer loop
vertex 1.150000 1.000000 0.550000
vertex 1.141890 0.994581 0.550960
vertex 1.140988 0.996267 0.550960
endloop
endfacet
facet normal -0.877707 -0.469159 -0.097569
outer loop
vertex 1.109226 0.972755 0.590245
vertex 1.108427 0.972221 0.600000
vertex 1.103806 0.980866 0.600000
endloop
endfacet
facet normal -0.877676 -0.469233 -0.097501
outer loop
vertex 1.109226 0.972755 0.590245
vertex 1.103806 0.980866 0.600000
vertex 1.104693 0.981234 0.590245
endloop
endfacet
facet normal -0.257062 -0.137489 0.956565
outer loop
vertex 1.134091 0.989369 0.646194
vertex 1.141890 0.994581 0.649039
vertex 1.140988 0.996267 0.649039
endloop
endfacet
facet normal -0.257052 -0.137474 0.956569
outer loop
vertex 1.134091 0.989369 0.646194
vertex 1.140988 0.996267 0.649039
vertex 1.132322 0.992677 0.646194
endloop
endfacet
facet normal -0.844260 -0.451352 -0.288974
outer loop
vertex 1.111591 0.974336 0.580866
vertex 1.109226 0.972755 0.590245
vertex 1.104693 0.981234 0.590245
endloop
endfacet
facet normal -0.844293 -0.451208 -0.289102
outer loop
vertex 1.111591 0.974336 0.580866
vertex 1.104693 0.981234 0.590245
vertex 1.107323 0.982322 0.580866
endloop
endfacet
facet normal -0.417271 -0.223158 0.880957
outer loop
vertex 1.126903 0.984567 0.641573
vertex 1.134091 0.989369 0.646194
vertex 1.132322 0.992677 0.646194
endloop
endfacet
facet normal -0.417349 -0.223081 0.880940
outer loop
vertex 1.126903 0.984567 0.641573
vertex 1.132322 0.992677 0.646194
vertex 1.124336 0.989369 0.641573
endloop
endfacet
facet normal -0.778647 -0.416161 -0.469594
outer loop
vertex 1.115433 0.976903 0.572221
vertex 1.111591 0.974336 0.580866
vertex 1.107323 0.982322 0.580866
endloop
endfacet
facet normal -0.778649 -0.416176 -0.469578
outer loop
vertex 1.115433 0.976903 0.572221
vertex 1.107323 0.982322 0.580866
vertex 1.111591 0.984091 0.572221
endloop
endfacet
facet normal -0.560989 -0.299912 0.771585
outer loop
vertex 1.120603 0.980357 0.635356
vertex 1.126903 0.984567 0.641573
vertex 1.124336 0.989369 0.641573
endloop
endfacet
facet normal -0.561075 -0.299847 0.771548
outer loop
vertex 1.120603 0.980357 0.635356
vertex 1.124336 0.989369 0.641573
vertex 1.117336 0.986470 0.635356
endloop
endfacet
facet normal -0.683043 -0.365078 -0.632590
outer loop
vertex 1.120603 0.980357 0.564645
vertex 1.115433 0.976903 0.572221
vertex 1.111591 0.984091 0.572221
endloop
endfacet
facet normal -0.683060 -0.365024 -0.632603
outer loop
vertex 1.120603 0.980357 0.564645
vertex 1.111591 0.984091 0.572221
vertex 1.117336 0.986470 0.564645
endloop
endfacet
facet normal -0.683157 -0.365061 0.632477
outer loop
vertex 1.115433 0.976903 0.627778
vertex 1.120603 0.980357 0.635356
vertex 1.117336 0.986470 0.635356
endloop
endfacet
facet normal -0.683087 -0.365125 0.632515
outer loop
vertex 1.115433 0.976903 0.627778
vertex 1.117336 0.986470 0.635356
vertex 1.111591 0.984091 0.627778
endloop
endfacet
facet normal -0.561093 -0.299879 -0.771523
outer loop
vertex 1.126903 0.984567 0.558427
vertex 1.120603 0.980357 0.564645
vertex 1.117336 0.986470 0.564645
endloop
endfacet
facet normal -0.561091 -0.299935 -0.771503
outer loop
vertex 1.126903 0.984567 0.558427
vertex 1.117336 0.986470 0.564645
vertex 1.124336 0.989369 0.558427
endloop
endfacet
facet normal -0.778611 -0.416171 0.469645
outer loop
vertex 1.111591 0.974336 0.619134
vertex 1.115433 0.976903 0.627778
vertex 1.111591 0.984091 0.627778
endloop
endfacet
facet normal -0.778644 -0.416149 0.469610
outer loop
vertex 1.111591 0.974336 0.619134
vertex 1.111591 0.984091 0.627778
vertex 1.107323 0.982322 0.619134
endloop
endfacet
facet normal -0.417313 -0.223067 -0.880960
outer loop
vertex 1.134091 0.989369 0.553806
vertex 1.126903 0.984567 0.558427
vertex 1.124336 0.989369 0.558427
endloop
endfacet
facet normal -0.417315 -0.223182 -0.880930
outer loop
vertex 1.134091 0.989369 0.553806
vertex 1.124336 0.989369 0.558427
vertex 1.132322 0.992677 0.553806
endloop
endfacet
facet normal -0.844322 -0.451259 0.288939
outer loop
vertex 1.109226 0.972755 0.609754
vertex 1.111591 0.974336 0.619134
vertex 1.107323 0.982322 0.619134
endloop
endfacet
facet normal -0.844240 -0.451334 0.289061
outer loop
vertex 1.109226 0.972755 0.609754
vertex 1.107323 0.982322 0.619134
vertex 1.104693 0.981234 0.609754
endloop
endfacet
facet normal -0.257149 -0.137519 -0.956537
outer loop
vertex 1.141890 0.994581 0.550960
vertex 1.134091 0.989369 0.553806
vertex 1.132322 0.992677 0.553806
endloop
endfacet
facet normal -0.257124 -0.137557 -0.956538
outer loop
vertex 1.141890 0.994581 0.550960
vertex 1.132322 0.992677 0.553806
vertex 1.140988 0.996267 0.550960
endloop
endfacet
facet normal -0.877672 -0.469223 0.097578
outer loop
vertex 1.108427 0.972221 0.600000
vertex 1.109226 0.972755 0.609754
vertex 1.104693 0.981234 0.609754
endloop
endfacet
facet normal -0.877706 -0.469173 0.097515
outer loop
vertex 1.108427 0.972221 0.600000
vertex 1.104693 0.981234 0.609754
vertex 1.103806 0.980866 0.600000
endloop
endfacet
facet normal -0.741207 -0.224840 0.632502
outer loop
vertex 1.111591 0.984091 0.627778
vertex 1.117336 0.986470 0.635356
vertex 1.115324 0.993103 0.635356
endloop
endfacet
facet normal -0.741258 -0.224766 0.632469
outer loop
vertex 1.111591 0.984091 0.627778
vertex 1.115324 0.993103 0.635356
vertex 1.109226 0.991890 0.627778
endloop
endfacet
facet normal -0.608833 -0.184691 -0.771500
outer loop
vertex 1.124336 0.989369 0.558427
vertex 1.117336 0.986470 0.564645
vertex 1.115324 0.993103 0.564645
endloop
endfacet
facet normal -0.608819 -0.184669 -0.771516
outer loop
vertex 1.124336 0.989369 0.558427
vertex 1.115324 0.993103 0.564645
vertex 1.122755 0.994581 0.558427
endloop
endfacet
facet normal -0.844893 -0.256218 0.469583
outer loop
vertex 1.107323 0.982322 0.619134
vertex 1.111591 0.984091 0.627778
vertex 1.109226 0.991890 0.627778
endloop
endfacet
facet normal -0.844759 -0.256349 0.469753
outer loop
vertex 1.107323 0.982322 0.619134
vertex 1.109226 0.991890 0.627778
vertex 1.104693 0.990988 0.619134
endloop
endfacet
facet normal -0.452853 -0.137392 -0.880936
outer loop
vertex 1.132322 0.992677 0.553806
vertex 1.124336 0.989369 0.558427
vertex 1.122755 0.994581 0.558427
endloop
endfacet
facet normal -0.452825 -0.137171 -0.880985
outer loop
vertex 1.132322 0.992677 0.553806
vertex 1.122755 0.994581 0.558427
vertex 1.131234 0.996267 0.553806
endloop
endfacet
facet normal -0.916049 -0.277999 0.289087
outer loop
vertex 1.104693 0.981234 0.609754
vertex 1.107323 0.982322 0.619134
vertex 1.104693 0.990988 0.619134
endloop
endfacet
facet normal -0.916128 -0.277880 0.288950
outer loop
vertex 1.104693 0.981234 0.609754
vertex 1.104693 0.990988 0.619134
vertex 1.101903 0.990433 0.609754
endloop
endfacet
facet normal -0.279095 -0.084577 -0.956531
outer loop
vertex 1.140988 0.996267 0.550960
vertex 1.132322 0.992677 0.553806
vertex 1.131234 0.996267 0.553806
endloop
endfacet
facet normal -0.279095 -0.084643 -0.956526
outer loop
vertex 1.140988 0.996267 0.550960
vertex 1.131234 0.996267 0.553806
vertex 1.140433 0.998097 0.550960
endloop
endfacet
facet normal -0.952396 -0.288850 0.097509
outer loop
vertex 1.103806 0.980866 0.600000
vertex 1.104693 0.981234 0.609754
vertex 1.101903 0.990433 0.609754
endloop
endfacet
facet normal -0.952339 -0.288994 0.097634
outer loop
vertex 1.103806 0.980866 0.600000
vertex 1.101903 0.990433 0.609754
vertex 1.100960 0.990245 0.600000
endloop
endfacet
facet normal -0.094296 -0.028598 0.995133
outer loop
vertex 1.140988 0.996267 0.649039
vertex 1.150000 1.000000 0.650000
vertex 1.140433 0.998097 0.649039
endloop
endfacet
facet normal -0.094192 -0.028572 -0.995144
outer loop
vertex 1.150000 1.000000 0.550000
vertex 1.140988 0.996267 0.550960
vertex 1.140433 0.998097 0.550960
endloop
endfacet
facet normal -0.952366 -0.288951 -0.097496
outer loop
vertex 1.104693 0.981234 0.590245
vertex 1.103806 0.980866 0.600000
vertex 1.100960 0.990245 0.600000
endloop
endfacet
facet normal -0.952375 -0.288876 -0.097630
outer loop
vertex 1.104693 0.981234 0.590245
vertex 1.100960 0.990245 0.600000
vertex 1.101903 0.990433 0.590245
endloop
endfacet
facet normal -0.279027 -0.084624 0.956547
outer loop
vertex 1.132322 0.992677 0.646194
vertex 1.140988 0.996267 0.649039
vertex 1.140433 0.998097 0.649039
endloop
endfacet
facet normal -0.279007 -0.084556 0.956559
outer loop
vertex 1.132322 0.992677 0.646194
vertex 1.140433 0.998097 0.649039
vertex 1.131234 0.996267 0.646194
endloop
endfacet
facet normal -0.916086 -0.277852 -0.289110
outer loop
vertex 1.107323 0.982322 0.580866
vertex 1.104693 0.981234 0.590245
vertex 1.101903 0.990433 0.590245
endloop
endfacet
facet normal -0.916075 -0.278036 -0.288969
outer loop
vertex 1.107323 0.982322 0.580866
vertex 1.101903 0.990433 0.590245
vertex 1.104693 0.990988 0.580866
endloop
endfacet
facet normal -0.452886 -0.137267 0.880938
outer loop
vertex 1.124336 0.989369 0.641573
vertex 1.132322 0.992677 0.646194
vertex 1.131234 0.996267 0.646194
endloop
endfacet
facet normal -0.452807 -0.137326 0.880970
outer loop
vertex 1.124336 0.989369 0.641573
vertex 1.131234 0.996267 0.646194
vertex 1.122755 0.994581 0.641573
endloop
endfacet
facet normal -0.844851 -0.256387 -0.469566
outer loop
vertex 1.111591 0.984091 0.572221
vertex 1.107323 0.982322 0.580866
vertex 1.104693 0.990988 0.580866
endloop
endfacet
facet normal -0.844831 -0.256179 -0.469717
outer loop
vertex 1.111591 0.984091 0.572221
vertex 1.104693 0.990988 0.580866
vertex 1.109226 0.991890 0.572221
endloop
endfacet
facet normal -0.608772 -0.184663 0.771555
outer loop
vertex 1.117336 0.986470 0.635356
vertex 1.124336 0.989369 0.641573
vertex 1.122755 0.994581 0.641573
endloop
endfacet
facet normal -0.608771 -0.184660 0.771556
outer loop
vertex 1.117336 0.986470 0.635356
vertex 1.122755 0.994581 0.641573
vertex 1.115324 0.993103 0.635356
endloop
endfacet
facet normal -0.741157 -0.224766 -0.632588
outer loop
vertex 1.117336 0.986470 0.564645
vertex 1.111591 0.984091 0.572221
vertex 1.109226 0.991890 0.572221
endloop
endfacet
facet normal -0.741160 -0.224803 -0.632570
outer loop
vertex 1.117336 0.986470 0.564645
vertex 1.109226 0.991890 0.572221
vertex 1.115324 0.993103 0.564645
endloop
endfacet
facet normal -0.990437 -0.097495 -0.097616
outer loop
vertex 1.101903 0.990433 0.590245
vertex 1.100960 0.990245 0.600000
vertex 1.100000 1.000000 0.600000
endloop
endfacet
facet normal -0.990442 -0.097494 -0.097567
outer loop
vertex 1.101903 0.990433 0.590245
vertex 1.100000 1.000000 0.600000
vertex 1.100961 1.000000 0.590245
endloop
endfacet
facet normal -0.290136 -0.028648 0.956556
outer loop
vertex 1.131234 0.996267 0.646194
vertex 1.140433 0.998097 0.649039
vertex 1.140245 1.000000 0.649039
endloop
endfacet
facet normal -0.290156 -0.028614 0.956551
outer loop
vertex 1.131234 0.996267 0.646194
vertex 1.140245 1.000000 0.649039
vertex 1.130866 1.000000 0.646194
endloop
endfacet
facet normal -0.952733 -0.093784 -0.288973
outer loop
vertex 1.104693 0.990988 0.580866
vertex 1.101903 0.990433 0.590245
vertex 1.100961 1.000000 0.590245
endloop
endfacet
facet normal -0.952725 -0.093785 -0.288997
outer loop
vertex 1.104693 0.990988 0.580866
vertex 1.100961 1.000000 0.590245
vertex 1.103806 1.000000 0.580866
endloop
endfacet
facet normal -0.470890 -0.046447 0.880969
outer loop
vertex 1.122755 0.994581 0.641573
vertex 1.131234 0.996267 0.646194
vertex 1.130866 1.000000 0.646194
endloop
endfacet
facet normal -0.470909 -0.046411 0.880960
outer loop
vertex 1.122755 0.994581 0.641573
vertex 1.130866 1.000000 0.646194
vertex 1.122221 1.000000 0.641573
endloop
endfacet
facet normal -0.878583 -0.086499 -0.469691
outer loop
vertex 1.109226 0.991890 0.572221
vertex 1.104693 0.990988 0.580866
vertex 1.103806 1.000000 0.580866
endloop
endfacet
facet normal -0.878600 -0.086552 -0.469650
outer loop
vertex 1.109226 0.991890 0.572221
vertex 1.103806 1.000000 0.580866
vertex 1.108427 1.000000 0.572221
endloop
endfacet
facet normal -0.633094 -0.062392 0.771556
outer loop
vertex 1.115324 0.993103 0.635356
vertex 1.122755 0.994581 0.641573
vertex 1.122221 1.000000 0.641573
endloop
endfacet
facet normal -0.633141 -0.062323 0.771524
outer loop
vertex 1.115324 0.993103 0.635356
vertex 1.122221 1.000000 0.641573
vertex 1.114645 1.000000 0.635356
endloop
endfacet
facet normal -0.770770 -0.075941 -0.632571
outer loop
vertex 1.115324 0.993103 0.564645
vertex 1.109226 0.991890 0.572221
vertex 1.108427 1.000000 0.572221
endloop
endfacet
facet normal -0.770750 -0.075888 -0.632602
outer loop
vertex 1.115324 0.993103 0.564645
vertex 1.108427 1.000000 0.572221
vertex 1.114645 1.000000 0.564645
endloop
endfacet
facet normal -0.770861 -0.075905 0.632465
outer loop
vertex 1.109226 0.991890 0.627778
vertex 1.115324 0.993103 0.635356
vertex 1.114645 1.000000 0.635356
endloop
endfacet
facet normal -0.770830 -0.075929 0.632499
outer loop
vertex 1.109226 0.991890 0.627778
vertex 1.114645 1.000000 0.635356
vertex 1.108427 1.000000 0.627778
endloop
endfacet
facet normal -0.633170 -0.062330 -0.771499
outer loop
vertex 1.122755 0.994581 0.558427
vertex 1.115324 0.993103 0.564645
vertex 1.114645 1.000000 0.564645
endloop
endfacet
facet normal -0.633186 -0.062409 -0.771479
outer loop
vertex 1.122755 0.994581 0.558427
vertex 1.114645 1.000000 0.564645
vertex 1.122221 1.000000 0.558427
endloop
endfacet
facet normal -0.878551 -0.086556 0.469741
outer loop
vertex 1.104693 0.990988 0.619134
vertex 1.109226 0.991890 0.627778
vertex 1.108427 1.000000 0.627778
endloop
endfacet
facet normal -0.878586 -0.086468 0.469691
outer loop
vertex 1.104693 0.990988 0.619134
vertex 1.108427 1.000000 0.627778
vertex 1.103806 1.000000 0.619134
endloop
endfacet
facet normal -0.470892 -0.046410 -0.880969
outer loop
vertex 1.131234 0.996267 0.553806
vertex 1.122755 0.994581 0.558427
vertex 1.122221 1.000000 0.558427
endloop
endfacet
facet normal -0.470900 -0.046448 -0.880963
outer loop
vertex 1.131234 0.996267 0.553806
vertex 1.122221 1.000000 0.558427
vertex 1.130866 1.000000 0.553806
endloop
endfacet
facet normal -0.952745 -0.093757 0.288940
outer loop
vertex 1.101903 0.990433 0.609754
vertex 1.104693 0.990988 0.619134
vertex 1.103806 1.000000 0.619134
endloop
endfacet
facet normal -0.952729 -0.093813 0.288975
outer loop
vertex 1.101903 0.990433 0.609754
vertex 1.103806 1.000000 0.619134
vertex 1.100961 1.000000 0.609754
endloop
endfacet
facet normal -0.290240 -0.028623 -0.956526
outer loop
vertex 1.140433 0.998097 0.550960
vertex 1.131234 0.996267 0.553806
vertex 1.130866 1.000000 0.553806
endloop
endfacet
facet normal -0.290253 -0.028650 -0.956521
outer loop
vertex 1.140433 0.998097 0.550960
vertex 1.130866 1.000000 0.553806
vertex 1.140245 1.000000 0.550960
endloop
endfacet
facet normal -0.990435 -0.097503 0.097626
outer loop
vertex 1.100960 0.990245 0.600000
vertex 1.101903 0.990433 0.609754
vertex 1.100961 1.000000 0.609754
endloop
endfacet
facet normal -0.990444 -0.097468 0.097578
outer loop
vertex 1.100960 0.990245 0.600000
vertex 1.100961 1.000000 0.609754
vertex 1.100000 1.000000 0.600000
endloop
endfacet
facet normal -0.098033 -0.009672 0.995136
outer loop
vertex 1.140433 0.998097 0.649039
vertex 1.150000 1.000000 0.650000
vertex 1.140245 1.000000 0.649039
endloop
endfacet
facet normal -0.097921 -0.009660 -0.995147
outer loop
vertex 1.150000 1.000000 0.550000
vertex 1.140433 0.998097 0.550960
vertex 1.140245 1.000000 0.550960
endloop
endfacet
facet normal -0.633187 0.062338 -0.771484
outer loop
vertex 1.122221 1.000000 0.558427
vertex 1.114645 1.000000 0.564645
vertex 1.115324 1.006898 0.564645
endloop
endfacet
facet normal -0.633144 0.062387 -0.771516
outer loop
vertex 1.122221 1.000000 0.558427
vertex 1.115324 1.006898 0.564645
vertex 1.122755 1.005419 0.558427
endloop
endfacet
facet normal -0.878584 0.086535 0.469683
outer loop
vertex 1.103806 1.000000 0.619134
vertex 1.108427 1.000000 0.627778
vertex 1.109226 1.008110 0.627778
endloop
endfacet
facet normal -0.878557 0.086487 0.469742
outer loop
vertex 1.103806 1.000000 0.619134
vertex 1.109226 1.008110 0.627778
vertex 1.104693 1.009012 0.619134
endloop
endfacet
facet normal -0.470906 0.046411 -0.880961
outer loop
vertex 1.130866 1.000000 0.553806
vertex 1.122221 1.000000 0.558427
vertex 1.122755 1.005419 0.558427
endloop
endfacet
facet normal -0.470874 0.046446 -0.880977
outer loop
vertex 1.130866 1.000000 0.553806
vertex 1.122755 1.005419 0.558427
vertex 1.131234 1.003733 0.553806
endloop
endfacet
facet normal -0.952734 0.093777 0.288971
outer loop
vertex 1.100961 1.000000 0.609754
vertex 1.103806 1.000000 0.619134
vertex 1.104693 1.009012 0.619134
endloop
endfacet
facet normal -0.952740 0.093795 0.288944
outer loop
vertex 1.100961 1.000000 0.609754
vertex 1.104693 1.009012 0.619134
vertex 1.101903 1.009567 0.609754
endloop
endfacet
facet normal -0.290242 0.028625 -0.956525
outer loop
vertex 1.140245 1.000000 0.550960
vertex 1.130866 1.000000 0.553806
vertex 1.131234 1.003733 0.553806
endloop
endfacet
facet normal -0.290248 0.028647 -0.956523
outer loop
vertex 1.140245 1.000000 0.550960
vertex 1.131234 1.003733 0.553806
vertex 1.140433 1.001903 0.550960
endloop
endfacet
facet normal -0.990440 0.097503 0.097576
outer loop
vertex 1.100000 1.000000 0.600000
vertex 1.100961 1.000000 0.609754
vertex 1.101903 1.009567 0.609754
endloop
endfacet
facet normal -0.990438 0.097575 0.097522
outer loop
vertex 1.100000 1.000000 0.600000
vertex 1.101903 1.009567 0.609754
vertex 1.100961 1.009754 0.600000
endloop
endfacet
facet normal -0.098046 0.009672 0.995135
outer loop
vertex 1.140245 1.000000 0.649039
vertex 1.150000 1.000000 0.650000
vertex 1.140433 1.001903 0.649039
endloop
endfacet
facet normal -0.097921 0.009660 -0.995147
outer loop
vertex 1.150000 1.000000 0.550000
vertex 1.140245 1.000000 0.550960
vertex 1.140433 1.001903 0.550960
endloop
endfacet
facet normal -0.990435 0.097563 -0.097566
outer loop
vertex 1.100961 1.000000 0.590245
vertex 1.100000 1.000000 0.600000
vertex 1.100961 1.009754 0.600000
endloop
endfacet
facet normal -0.990444 0.097534 -0.097511
outer loop
vertex 1.100961 1.000000 0.590245
vertex 1.100961 1.009754 0.600000
vertex 1.101903 1.009567 0.590245
endloop
endfacet
facet normal -0.290175 0.028651 0.956545
outer loop
vertex 1.130866 1.000000 0.646194
vertex 1.140245 1.000000 0.649039
vertex 1.140433 1.001903 0.649039
endloop
endfacet
facet normal -0.290128 0.028611 0.956560
outer loop
vertex 1.130866 1.000000 0.646194
vertex 1.140433 1.001903 0.649039
vertex 1.131234 1.003733 0.646194
endloop
endfacet
facet normal -0.952722 0.093803 -0.289001
outer loop
vertex 1.103806 1.000000 0.580866
vertex 1.100961 1.000000 0.590245
vertex 1.101903 1.009567 0.590245
endloop
endfacet
facet normal -0.952737 0.093765 -0.288963
outer loop
vertex 1.103806 1.000000 0.580866
vertex 1.101903 1.009567 0.590245
vertex 1.104693 1.009012 0.580866
endloop
endfacet
facet normal -0.470901 0.046449 0.880962
outer loop
vertex 1.122221 1.000000 0.641573
vertex 1.130866 1.000000 0.646194
vertex 1.131234 1.003733 0.646194
endloop
endfacet
facet normal -0.470892 0.046409 0.880970
outer loop
vertex 1.122221 1.000000 0.641573
vertex 1.131234 1.003733 0.646194
vertex 1.122755 1.005419 0.641573
endloop
endfacet
facet normal -0.878611 0.086481 -0.469643
outer loop
vertex 1.108427 1.000000 0.572221
vertex 1.103806 1.000000 0.580866
vertex 1.104693 1.009012 0.580866
endloop
endfacet
facet normal -0.878570 0.086572 -0.469703
outer loop
vertex 1.108427 1.000000 0.572221
vertex 1.104693 1.009012 0.580866
vertex 1.109226 1.008110 0.572221
endloop
endfacet
facet normal -0.633120 0.062395 0.771535
outer loop
vertex 1.114645 1.000000 0.635356
vertex 1.122221 1.000000 0.641573
vertex 1.122755 1.005419 0.641573
endloop
endfacet
facet normal -0.633113 0.062311 0.771548
outer loop
vertex 1.114645 1.000000 0.635356
vertex 1.122755 1.005419 0.641573
vertex 1.115324 1.006898 0.635356
endloop
endfacet
facet normal -0.770753 0.075940 -0.632592
outer loop
vertex 1.114645 1.000000 0.564645
vertex 1.108427 1.000000 0.572221
vertex 1.109226 1.008110 0.572221
endloop
endfacet
facet normal -0.770783 0.075880 -0.632562
outer loop
vertex 1.114645 1.000000 0.564645
vertex 1.109226 1.008110 0.572221
vertex 1.115324 1.006898 0.564645
endloop
endfacet
facet normal -0.770840 0.075866 0.632495
outer loop
vertex 1.108427 1.000000 0.627778
vertex 1.114645 1.000000 0.635356
vertex 1.115324 1.006898 0.635356
endloop
endfacet
facet normal -0.770856 0.075954 0.632465
outer loop
vertex 1.108427 1.000000 0.627778
vertex 1.115324 1.006898 0.635356
vertex 1.109226 1.008110 0.627778
endloop
endfacet
facet normal -0.916120 0.277882 -0.288972
outer loop
vertex 1.104693 1.009012 0.580866
vertex 1.101903 1.009567 0.590245
vertex 1.104693 1.018766 0.590245
endloop
endfacet
facet normal -0.916022 0.278030 -0.289141
outer loop
vertex 1.104693 1.009012 0.580866
vertex 1.104693 1.018766 0.590245
vertex 1.107323 1.017677 0.580866
endloop
endfacet
facet normal -0.452820 0.137209 0.880981
outer loop
vertex 1.122755 1.005419 0.641573
vertex 1.131234 1.003733 0.646194
vertex 1.132322 1.007322 0.646194
endloop
endfacet
facet normal -0.452842 0.137418 0.880937
outer loop
vertex 1.122755 1.005419 0.641573
vertex 1.132322 1.007322 0.646194
vertex 1.124336 1.010630 0.641573
endloop
endfacet
facet normal -0.844779 0.256372 -0.469704
outer loop
vertex 1.109226 1.008110 0.572221
vertex 1.104693 1.009012 0.580866
vertex 1.107323 1.017677 0.580866
endloop
endfacet
facet normal -0.844922 0.256231 -0.469524
outer loop
vertex 1.109226 1.008110 0.572221
vertex 1.107323 1.017677 0.580866
vertex 1.111591 1.015909 0.572221
endloop
endfacet
facet normal -0.608736 0.184689 0.771577
outer loop
vertex 1.115324 1.006898 0.635356
vertex 1.122755 1.005419 0.641573
vertex 1.124336 1.010630 0.641573
endloop
endfacet
facet normal -0.608774 0.184685 0.771547
outer loop
vertex 1.115324 1.006898 0.635356
vertex 1.124336 1.010630 0.641573
vertex 1.117336 1.013530 0.635356
endloop
endfacet
facet normal -0.741195 0.224735 -0.632554
outer loop
vertex 1.115324 1.006898 0.564645
vertex 1.109226 1.008110 0.572221
vertex 1.111591 1.015909 0.572221
endloop
endfacet
facet normal -0.741114 0.224878 -0.632597
outer loop
vertex 1.115324 1.006898 0.564645
vertex 1.111591 1.015909 0.572221
vertex 1.117336 1.013530 0.564645
endloop
endfacet
facet normal -0.741237 0.224859 0.632461
outer loop
vertex 1.109226 1.008110 0.627778
vertex 1.115324 1.006898 0.635356
vertex 1.117336 1.013530 0.635356
endloop
endfacet
facet normal -0.741222 0.224782 0.632505
outer loop
vertex 1.109226 1.008110 0.627778
vertex 1.117336 1.013530 0.635356
vertex 1.111591 1.015909 0.627778
endloop
endfacet
facet normal -0.608815 0.184697 -0.771513
outer loop
vertex 1.122755 1.005419 0.558427
vertex 1.115324 1.006898 0.564645
vertex 1.117336 1.013530 0.564645
endloop
endfacet
facet normal -0.608799 0.184717 -0.771520
outer loop
vertex 1.122755 1.005419 0.558427
vertex 1.117336 1.013530 0.564645
vertex 1.124336 1.010630 0.558427
endloop
endfacet
facet normal -0.844813 0.256177 0.469750
outer loop
vertex 1.104693 1.009012 0.619134
vertex 1.109226 1.008110 0.627778
vertex 1.111591 1.015909 0.627778
endloop
endfacet
facet normal -0.844833 0.256419 0.469580
outer loop
vertex 1.104693 1.009012 0.619134
vertex 1.111591 1.015909 0.627778
vertex 1.107323 1.017677 0.619134
endloop
endfacet
facet normal -0.452814 0.137357 -0.880961
outer loop
vertex 1.131234 1.003733 0.553806
vertex 1.122755 1.005419 0.558427
vertex 1.124336 1.010630 0.558427
endloop
endfacet
facet normal -0.452868 0.137296 -0.880943
outer loop
vertex 1.131234 1.003733 0.553806
vertex 1.124336 1.010630 0.558427
vertex 1.132322 1.007322 0.553806
endloop
endfacet
facet normal -0.916074 0.278059 0.288950
outer loop
vertex 1.101903 1.009567 0.609754
vertex 1.104693 1.009012 0.619134
vertex 1.107323 1.017677 0.619134
endloop
endfacet
facet normal -0.916090 0.277846 0.289103
outer loop
vertex 1.101903 1.009567 0.609754
vertex 1.107323 1.017677 0.619134
vertex 1.104693 1.018766 0.609754
endloop
endfacet
facet normal -0.279111 0.084601 -0.956525
outer loop
vertex 1.140433 1.001903 0.550960
vertex 1.131234 1.003733 0.553806
vertex 1.132322 1.007322 0.553806
endloop
endfacet
facet normal -0.279034 0.084636 -0.956544
outer loop
vertex 1.140433 1.001903 0.550960
vertex 1.132322 1.007322 0.553806
vertex 1.140988 1.003733 0.550960
endloop
endfacet
facet normal -0.952384 0.288889 0.097509
outer loop
vertex 1.100961 1.009754 0.600000
vertex 1.101903 1.009567 0.609754
vertex 1.104693 1.018766 0.609754
endloop
endfacet
facet normal -0.952398 0.288841 0.097515
outer loop
vertex 1.100961 1.009754 0.600000
vertex 1.104693 1.018766 0.609754
vertex 1.103806 1.019134 0.600000
endloop
endfacet
facet normal -0.094271 0.028598 0.995136
outer loop
vertex 1.140433 1.001903 0.649039
vertex 1.150000 1.000000 0.650000
vertex 1.140988 1.003733 0.649039
endloop
endfacet
facet normal -0.094192 0.028572 -0.995144
outer loop
vertex 1.150000 1.000000 0.550000
vertex 1.140433 1.001903 0.550960
vertex 1.140988 1.003733 0.550960
endloop
endfacet
facet normal -0.952392 0.288865 -0.097502
outer loop
vertex 1.101903 1.009567 0.590245
vertex 1.100961 1.009754 0.600000
vertex 1.103806 1.019134 0.600000
endloop
endfacet
facet normal -0.952397 0.288847 -0.097504
outer loop
vertex 1.101903 1.009567 0.590245
vertex 1.103806 1.019134 0.600000
vertex 1.104693 1.018766 0.590245
endloop
endfacet
facet normal -0.279004 0.084624 0.956554
outer loop
vertex 1.131234 1.003733 0.646194
vertex 1.140433 1.001903 0.649039
vertex 1.140988 1.003733 0.649039
endloop
endfacet
facet normal -0.279003 0.084574 0.956559
outer loop
vertex 1.131234 1.003733 0.646194
vertex 1.140988 1.003733 0.649039
vertex 1.132322 1.007322 0.646194
endloop
endfacet
facet normal -0.417360 0.223040 -0.880945
outer loop
vertex 1.132322 1.007322 0.553806
vertex 1.124336 1.010630 0.558427
vertex 1.126903 1.015433 0.558427
endloop
endfacet
facet normal -0.417269 0.223157 -0.880958
outer loop
vertex 1.132322 1.007322 0.553806
vertex 1.126903 1.015433 0.558427
vertex 1.134091 1.010630 0.553806
endloop
endfacet
facet normal -0.844313 0.451183 0.289082
outer loop
vertex 1.104693 1.018766 0.609754
vertex 1.107323 1.017677 0.619134
vertex 1.111591 1.025664 0.619134
endloop
endfacet
facet normal -0.844263 0.451359 0.288956
outer loop
vertex 1.104693 1.018766 0.609754
vertex 1.111591 1.025664 0.619134
vertex 1.109226 1.027245 0.609754
endloop
endfacet
facet normal -0.257188 0.137549 -0.956522
outer loop
vertex 1.140988 1.003733 0.550960
vertex 1.132322 1.007322 0.553806
vertex 1.134091 1.010630 0.553806
endloop
endfacet
facet normal -0.257150 0.137546 -0.956533
outer loop
vertex 1.140988 1.003733 0.550960
vertex 1.134091 1.010630 0.553806
vertex 1.141890 1.005419 0.550960
endloop
endfacet
facet normal -0.877682 0.469217 0.097518
outer loop
vertex 1.103806 1.019134 0.600000
vertex 1.104693 1.018766 0.609754
vertex 1.109226 1.027245 0.609754
endloop
endfacet
facet normal -0.877682 0.469212 0.097540
outer loop
vertex 1.103806 1.019134 0.600000
vertex 1.109226 1.027245 0.609754
vertex 1.108427 1.027778 0.600000
endloop
endfacet
facet normal -0.086881 0.046486 0.995134
outer loop
vertex 1.140988 1.003733 0.649039
vertex 1.150000 1.000000 0.650000
vertex 1.141890 1.005419 0.649039
endloop
endfacet
facet normal -0.086768 0.046436 -0.995146
outer loop
vertex 1.150000 1.000000 0.550000
vertex 1.140988 1.003733 0.550960
vertex 1.141890 1.005419 0.550960
endloop
endfacet
facet normal -0.877680 0.469220 -0.097520
outer loop
vertex 1.104693 1.018766 0.590245
vertex 1.103806 1.019134 0.600000
vertex 1.108427 1.027778 0.600000
endloop
endfacet
facet normal -0.877685 0.469211 -0.097518
outer loop
vertex 1.104693 1.018766 0.590245
vertex 1.108427 1.027778 0.600000
vertex 1.109226 1.027245 0.590245
endloop
endfacet
facet normal -0.257075 0.137502 0.956559
outer loop
vertex 1.132322 1.007322 0.646194
vertex 1.140988 1.003733 0.649039
vertex 1.141890 1.005419 0.649039
endloop
endfacet
facet normal -0.257077 0.137488 0.956561
outer loop
vertex 1.132322 1.007322 0.646194
vertex 1.141890 1.005419 0.649039
vertex 1.134091 1.010630 0.646194
endloop
endfacet
facet normal -0.844227 0.451309 -0.289137
outer loop
vertex 1.107323 1.017677 0.580866
vertex 1.104693 1.018766 0.590245
vertex 1.109226 1.027245 0.590245
endloop
endfacet
facet normal -0.844345 0.451203 -0.288959
outer loop
vertex 1.107323 1.017677 0.580866
vertex 1.109226 1.027245 0.590245
vertex 1.111591 1.025664 0.580866
endloop
endfacet
facet normal -0.417297 0.223172 0.880941
outer loop
vertex 1.124336 1.010630 0.641573
vertex 1.132322 1.007322 0.646194
vertex 1.134091 1.010630 0.646194
endloop
endfacet
facet normal -0.417337 0.223033 0.880958
outer loop
vertex 1.124336 1.010630 0.641573
vertex 1.134091 1.010630 0.646194
vertex 1.126903 1.015433 0.641573
endloop
endfacet
facet normal -0.778699 0.416117 -0.469547
outer loop
vertex 1.111591 1.015909 0.572221
vertex 1.107323 1.017677 0.580866
vertex 1.111591 1.025664 0.580866
endloop
endfacet
facet normal -0.778629 0.416182 -0.469605
outer loop
vertex 1.111591 1.015909 0.572221
vertex 1.111591 1.025664 0.580866
vertex 1.115433 1.023097 0.572221
endloop
endfacet
facet normal -0.561035 0.299844 0.771578
outer loop
vertex 1.117336 1.013530 0.635356
vertex 1.124336 1.010630 0.641573
vertex 1.126903 1.015433 0.641573
endloop
endfacet
facet normal -0.561035 0.299892 0.771560
outer loop
vertex 1.117336 1.013530 0.635356
vertex 1.126903 1.015433 0.641573
vertex 1.120603 1.019642 0.635356
endloop
endfacet
facet normal -0.683038 0.365063 -0.632604
outer loop
vertex 1.117336 1.013530 0.564645
vertex 1.111591 1.015909 0.572221
vertex 1.115433 1.023097 0.572221
endloop
endfacet
facet normal -0.683031 0.365073 -0.632606
outer loop
vertex 1.117336 1.013530 0.564645
vertex 1.115433 1.023097 0.572221
vertex 1.120603 1.019642 0.564645
endloop
endfacet
facet normal -0.683094 0.365117 0.632513
outer loop
vertex 1.111591 1.015909 0.627778
vertex 1.117336 1.013530 0.635356
vertex 1.120603 1.019642 0.635356
endloop
endfacet
facet normal -0.683113 0.365105 0.632499
outer loop
vertex 1.111591 1.015909 0.627778
vertex 1.120603 1.019642 0.635356
vertex 1.115433 1.023097 0.627778
endloop
endfacet
facet normal -0.561079 0.299882 -0.771532
outer loop
vertex 1.124336 1.010630 0.558427
vertex 1.117336 1.013530 0.564645
vertex 1.120603 1.019642 0.564645
endloop
endfacet
facet normal -0.561086 0.299916 -0.771513
outer loop
vertex 1.124336 1.010630 0.558427
vertex 1.120603 1.019642 0.564645
vertex 1.126903 1.015433 0.558427
endloop
endfacet
facet normal -0.778653 0.416164 0.469582
outer loop
vertex 1.107323 1.017677 0.619134
vertex 1.111591 1.015909 0.627778
vertex 1.115433 1.023097 0.627778
endloop
endfacet
facet normal -0.778641 0.416117 0.469644
outer loop
vertex 1.107323 1.017677 0.619134
vertex 1.115433 1.023097 0.627778
vertex 1.111591 1.025664 0.619134
endloop
endfacet
facet normal -0.365826 0.300094 0.880974
outer loop
vertex 1.126903 1.015433 0.641573
vertex 1.134091 1.010630 0.646194
vertex 1.136470 1.013530 0.646194
endloop
endfacet
facet normal -0.365787 0.300207 0.880951
outer loop
vertex 1.126903 1.015433 0.641573
vertex 1.136470 1.013530 0.646194
vertex 1.130357 1.019642 0.641573
endloop
endfacet
facet normal -0.682464 0.560095 -0.469613
outer loop
vertex 1.115433 1.023097 0.572221
vertex 1.111591 1.025664 0.580866
vertex 1.117336 1.032664 0.580866
endloop
endfacet
facet normal -0.682506 0.560066 -0.469587
outer loop
vertex 1.115433 1.023097 0.572221
vertex 1.117336 1.032664 0.580866
vertex 1.120603 1.029397 0.572221
endloop
endfacet
facet normal -0.491787 0.403561 0.771546
outer loop
vertex 1.120603 1.019642 0.635356
vertex 1.126903 1.015433 0.641573
vertex 1.130357 1.019642 0.641573
endloop
endfacet
facet normal -0.491767 0.403580 0.771549
outer loop
vertex 1.120603 1.019642 0.635356
vertex 1.130357 1.019642 0.641573
vertex 1.125000 1.025000 0.635356
endloop
endfacet
facet normal -0.598671 0.491319 -0.632613
outer loop
vertex 1.120603 1.019642 0.564645
vertex 1.115433 1.023097 0.572221
vertex 1.120603 1.029397 0.572221
endloop
endfacet
facet normal -0.598681 0.491296 -0.632621
outer loop
vertex 1.120603 1.019642 0.564645
vertex 1.120603 1.029397 0.572221
vertex 1.125000 1.025000 0.564645
endloop
endfacet
facet normal -0.598729 0.491376 0.632513
outer loop
vertex 1.115433 1.023097 0.627778
vertex 1.120603 1.019642 0.635356
vertex 1.125000 1.025000 0.635356
endloop
endfacet
facet normal -0.598734 0.491363 0.632519
outer loop
vertex 1.115433 1.023097 0.627778
vertex 1.125000 1.025000 0.635356
vertex 1.120603 1.029397 0.627778
endloop
endfacet
facet normal -0.491822 0.403604 -0.771502
outer loop
vertex 1.126903 1.015433 0.558427
vertex 1.120603 1.019642 0.564645
vertex 1.125000 1.025000 0.564645
endloop
endfacet
facet normal -0.491830 0.403601 -0.771498
outer loop
vertex 1.126903 1.015433 0.558427
vertex 1.125000 1.025000 0.564645
vertex 1.130357 1.019642 0.558427
endloop
endfacet
facet normal -0.682487 0.560052 0.469631
outer loop
vertex 1.111591 1.025664 0.619134
vertex 1.115433 1.023097 0.627778
vertex 1.120603 1.029397 0.627778
endloop
endfacet
facet normal -0.682448 0.560088 0.469645
outer loop
vertex 1.111591 1.025664 0.619134
vertex 1.120603 1.029397 0.627778
vertex 1.117336 1.032664 0.619134
endloop
endfacet
facet normal -0.365764 0.300181 -0.880970
outer loop
vertex 1.134091 1.010630 0.553806
vertex 1.126903 1.015433 0.558427
vertex 1.130357 1.019642 0.558427
endloop
endfacet
facet normal -0.365863 0.300124 -0.880948
outer loop
vertex 1.134091 1.010630 0.553806
vertex 1.130357 1.019642 0.558427
vertex 1.136470 1.013530 0.553806
endloop
endfacet
facet normal -0.740037 0.607329 0.288959
outer loop
vertex 1.109226 1.027245 0.609754
vertex 1.111591 1.025664 0.619134
vertex 1.117336 1.032664 0.619134
endloop
endfacet
facet normal -0.740041 0.607300 0.289011
outer loop
vertex 1.109226 1.027245 0.609754
vertex 1.117336 1.032664 0.619134
vertex 1.115324 1.034676 0.609754
endloop
endfacet
facet normal -0.225462 0.184952 -0.956535
outer loop
vertex 1.141890 1.005419 0.550960
vertex 1.134091 1.010630 0.553806
vertex 1.136470 1.013530 0.553806
endloop
endfacet
facet normal -0.225498 0.184959 -0.956526
outer loop
vertex 1.141890 1.005419 0.550960
vertex 1.136470 1.013530 0.553806
vertex 1.143103 1.006898 0.550960
endloop
endfacet
facet normal -0.769354 0.631335 0.097519
outer loop
vertex 1.108427 1.027778 0.600000
vertex 1.109226 1.027245 0.609754
vertex 1.115324 1.034676 0.609754
endloop
endfacet
facet normal -0.769379 0.631298 0.097567
outer loop
vertex 1.108427 1.027778 0.600000
vertex 1.115324 1.034676 0.609754
vertex 1.114645 1.035356 0.600000
endloop
endfacet
facet normal -0.076218 0.062467 0.995132
outer loop
vertex 1.141890 1.005419 0.649039
vertex 1.150000 1.000000 0.650000
vertex 1.143103 1.006898 0.649039
endloop
endfacet
facet normal -0.076109 0.062395 -0.995145
outer loop
vertex 1.150000 1.000000 0.550000
vertex 1.141890 1.005419 0.550960
vertex 1.143103 1.006898 0.550960
endloop
endfacet
facet normal -0.769381 0.631304 -0.097511
outer loop
vertex 1.109226 1.027245 0.590245
vertex 1.108427 1.027778 0.600000
vertex 1.114645 1.035356 0.600000
endloop
endfacet
facet normal -0.769353 0.631331 -0.097554
outer loop
vertex 1.109226 1.027245 0.590245
vertex 1.114645 1.035356 0.600000
vertex 1.115324 1.034676 0.590245
endloop
endfacet
facet normal -0.225385 0.184883 0.956567
outer loop
vertex 1.134091 1.010630 0.646194
vertex 1.141890 1.005419 0.649039
vertex 1.143103 1.006898 0.649039
endloop
endfacet
facet normal -0.225417 0.184909 0.956554
outer loop
vertex 1.134091 1.010630 0.646194
vertex 1.143103 1.006898 0.649039
vertex 1.136470 1.013530 0.646194
endloop
endfacet
facet normal -0.740052 0.607291 -0.289000
outer loop
vertex 1.111591 1.025664 0.580866
vertex 1.109226 1.027245 0.590245
vertex 1.115324 1.034676 0.590245
endloop
endfacet
facet normal -0.740001 0.607344 -0.289018
outer loop
vertex 1.111591 1.025664 0.580866
vertex 1.115324 1.034676 0.590245
vertex 1.117336 1.032664 0.580866
endloop
endfacet
facet normal -0.607334 0.740014 0.289006
outer loop
vertex 1.115324 1.034676 0.609754
vertex 1.117336 1.032664 0.619134
vertex 1.124336 1.038409 0.619134
endloop
endfacet
facet normal -0.607263 0.740114 0.288899
outer loop
vertex 1.115324 1.034676 0.609754
vertex 1.124336 1.038409 0.619134
vertex 1.122756 1.040774 0.609754
endloop
endfacet
facet normal -0.184986 0.225454 -0.956530
outer loop
vertex 1.143103 1.006898 0.550960
vertex 1.136470 1.013530 0.553806
vertex 1.139369 1.015909 0.553806
endloop
endfacet
facet normal -0.184967 0.225455 -0.956534
outer loop
vertex 1.143103 1.006898 0.550960
vertex 1.139369 1.015909 0.553806
vertex 1.144581 1.008110 0.550960
endloop
endfacet
facet normal -0.631281 0.769392 0.097570
outer loop
vertex 1.114645 1.035356 0.600000
vertex 1.115324 1.034676 0.609754
vertex 1.122756 1.040774 0.609754
endloop
endfacet
facet normal -0.631337 0.769333 0.097673
outer loop
vertex 1.114645 1.035356 0.600000
vertex 1.122756 1.040774 0.609754
vertex 1.122221 1.041573 0.600000
endloop
endfacet
facet normal -0.062436 0.076173 0.995138
outer loop
vertex 1.143103 1.006898 0.649039
vertex 1.150000 1.000000 0.650000
vertex 1.144581 1.008110 0.649039
endloop
endfacet
facet normal -0.062375 0.076099 -0.995147
outer loop
vertex 1.150000 1.000000 0.550000
vertex 1.143103 1.006898 0.550960
vertex 1.144581 1.008110 0.550960
endloop
endfacet
facet normal -0.631334 0.769349 -0.097572
outer loop
vertex 1.115324 1.034676 0.590245
vertex 1.114645 1.035356 0.600000
vertex 1.122221 1.041573 0.600000
endloop
endfacet
facet normal -0.631277 0.769385 -0.097652
outer loop
vertex 1.115324 1.034676 0.590245
vertex 1.122221 1.041573 0.600000
vertex 1.122756 1.040774 0.590245
endloop
endfacet
facet normal -0.184876 0.225431 0.956557
outer loop
vertex 1.136470 1.013530 0.646194
vertex 1.143103 1.006898 0.649039
vertex 1.144581 1.008110 0.649039
endloop
endfacet
facet normal -0.184931 0.225355 0.956565
outer loop
vertex 1.136470 1.013530 0.646194
vertex 1.144581 1.008110 0.649039
vertex 1.139369 1.015909 0.646194
endloop
endfacet
facet normal -0.607242 0.740082 -0.289026
outer loop
vertex 1.117336 1.032664 0.580866
vertex 1.115324 1.034676 0.590245
vertex 1.122756 1.040774 0.590245
endloop
endfacet
facet normal -0.607351 0.740030 -0.288930
outer loop
vertex 1.117336 1.032664 0.580866
vertex 1.122756 1.040774 0.590245
vertex 1.124336 1.038409 0.580866
endloop
endfacet
facet normal -0.300192 0.365772 0.880963
outer loop
vertex 1.130357 1.019642 0.641573
vertex 1.136470 1.013530 0.646194
vertex 1.139369 1.015909 0.646194
endloop
endfacet
facet normal -0.300218 0.365816 0.880936
outer loop
vertex 1.130357 1.019642 0.641573
vertex 1.139369 1.015909 0.646194
vertex 1.134567 1.023097 0.641573
endloop
endfacet
facet normal -0.560113 0.682475 -0.469576
outer loop
vertex 1.120603 1.029397 0.572221
vertex 1.117336 1.032664 0.580866
vertex 1.124336 1.038409 0.580866
endloop
endfacet
facet normal -0.560052 0.682495 -0.469620
outer loop
vertex 1.120603 1.029397 0.572221
vertex 1.124336 1.038409 0.580866
vertex 1.126903 1.034567 0.572221
endloop
endfacet
facet normal -0.403566 0.491736 0.771576
outer loop
vertex 1.125000 1.025000 0.635356
vertex 1.130357 1.019642 0.641573
vertex 1.134567 1.023097 0.641573
endloop
endfacet
facet normal -0.403601 0.491710 0.771575
outer loop
vertex 1.125000 1.025000 0.635356
vertex 1.134567 1.023097 0.641573
vertex 1.130357 1.029397 0.635356
endloop
endfacet
facet normal -0.491304 0.598680 -0.632616
outer loop
vertex 1.125000 1.025000 0.564645
vertex 1.120603 1.029397 0.572221
vertex 1.126903 1.034567 0.572221
endloop
endfacet
facet normal -0.491386 0.598680 -0.632552
outer loop
vertex 1.125000 1.025000 0.564645
vertex 1.126903 1.034567 0.572221
vertex 1.130357 1.029397 0.564645
endloop
endfacet
facet normal -0.491425 0.598679 0.632523
outer loop
vertex 1.120603 1.029397 0.627778
vertex 1.125000 1.025000 0.635356
vertex 1.130357 1.029397 0.635356
endloop
endfacet
facet normal -0.491368 0.598794 0.632458
outer loop
vertex 1.120603 1.029397 0.627778
vertex 1.130357 1.029397 0.635356
vertex 1.126903 1.034567 0.627778
endloop
endfacet
facet normal -0.403630 0.491764 -0.771525
outer loop
vertex 1.130357 1.019642 0.558427
vertex 1.125000 1.025000 0.564645
vertex 1.130357 1.029397 0.564645
endloop
endfacet
facet normal -0.403596 0.491776 -0.771536
outer loop
vertex 1.130357 1.019642 0.558427
vertex 1.130357 1.029397 0.564645
vertex 1.134567 1.023097 0.558427
endloop
endfacet
facet normal -0.560053 0.682475 0.469647
outer loop
vertex 1.117336 1.032664 0.619134
vertex 1.120603 1.029397 0.627778
vertex 1.126903 1.034567 0.627778
endloop
endfacet
facet normal -0.560089 0.682451 0.469638
outer loop
vertex 1.117336 1.032664 0.619134
vertex 1.126903 1.034567 0.627778
vertex 1.124336 1.038409 0.619134
endloop
endfacet
facet normal -0.300212 0.365802 -0.880944
outer loop
vertex 1.136470 1.013530 0.553806
vertex 1.130357 1.019642 0.558427
vertex 1.134567 1.023097 0.558427
endloop
endfacet
facet normal -0.300157 0.365793 -0.880966
outer loop
vertex 1.136470 1.013530 0.553806
vertex 1.134567 1.023097 0.558427
vertex 1.139369 1.015909 0.553806
endloop
endfacet
facet normal -0.416140 0.778646 -0.469616
outer loop
vertex 1.126903 1.034567 0.572221
vertex 1.124336 1.038409 0.580866
vertex 1.132322 1.042677 0.580866
endloop
endfacet
facet normal -0.416188 0.778659 -0.469551
outer loop
vertex 1.126903 1.034567 0.572221
vertex 1.132322 1.042677 0.580866
vertex 1.134091 1.038409 0.572221
endloop
endfacet
facet normal -0.299890 0.561022 0.771570
outer loop
vertex 1.130357 1.029397 0.635356
vertex 1.134567 1.023097 0.641573
vertex 1.139369 1.025664 0.641573
endloop
endfacet
facet normal -0.299851 0.561041 0.771572
outer loop
vertex 1.130357 1.029397 0.635356
vertex 1.139369 1.025664 0.641573
vertex 1.136470 1.032664 0.635356
endloop
endfacet
facet normal -0.365082 0.683042 -0.632589
outer loop
vertex 1.130357 1.029397 0.564645
vertex 1.126903 1.034567 0.572221
vertex 1.134091 1.038409 0.572221
endloop
endfacet
facet normal -0.365067 0.683046 -0.632593
outer loop
vertex 1.130357 1.029397 0.564645
vertex 1.134091 1.038409 0.572221
vertex 1.136470 1.032664 0.564645
endloop
endfacet
facet normal -0.365100 0.683119 0.632495
outer loop
vertex 1.126903 1.034567 0.627778
vertex 1.130357 1.029397 0.635356
vertex 1.136470 1.032664 0.635356
endloop
endfacet
facet normal -0.365115 0.683115 0.632490
outer loop
vertex 1.126903 1.034567 0.627778
vertex 1.136470 1.032664 0.635356
vertex 1.134091 1.038409 0.627778
endloop
endfacet
facet normal -0.299872 0.561105 -0.771516
outer loop
vertex 1.134567 1.023097 0.558427
vertex 1.130357 1.029397 0.564645
vertex 1.136470 1.032664 0.564645
endloop
endfacet
facet normal -0.299934 0.561068 -0.771519
outer loop
vertex 1.134567 1.023097 0.558427
vertex 1.136470 1.032664 0.564645
vertex 1.139369 1.025664 0.558427
endloop
endfacet
facet normal -0.416168 0.778617 0.469637
outer loop
vertex 1.124336 1.038409 0.619134
vertex 1.126903 1.034567 0.627778
vertex 1.134091 1.038409 0.627778
endloop
endfacet
facet normal -0.416135 0.778642 0.469625
outer loop
vertex 1.124336 1.038409 0.619134
vertex 1.134091 1.038409 0.627778
vertex 1.132322 1.042677 0.619134
endloop
endfacet
facet normal -0.223089 0.417314 -0.880954
outer loop
vertex 1.139369 1.015909 0.553806
vertex 1.134567 1.023097 0.558427
vertex 1.139369 1.025664 0.558427
endloop
endfacet
facet normal -0.223057 0.417307 -0.880965
outer loop
vertex 1.139369 1.015909 0.553806
vertex 1.139369 1.025664 0.558427
vertex 1.142677 1.017677 0.553806
endloop
endfacet
facet normal -0.451253 0.844338 0.288900
outer loop
vertex 1.122756 1.040774 0.609754
vertex 1.124336 1.038409 0.619134
vertex 1.132322 1.042677 0.619134
endloop
endfacet
facet normal -0.451369 0.844218 0.289070
outer loop
vertex 1.122756 1.040774 0.609754
vertex 1.132322 1.042677 0.619134
vertex 1.131234 1.045307 0.609754
endloop
endfacet
facet normal -0.137465 0.257197 -0.956532
outer loop
vertex 1.144581 1.008110 0.550960
vertex 1.139369 1.015909 0.553806
vertex 1.142677 1.017677 0.553806
endloop
endfacet
facet normal -0.137559 0.257174 -0.956524
outer loop
vertex 1.144581 1.008110 0.550960
vertex 1.142677 1.017677 0.553806
vertex 1.146267 1.009012 0.550960
endloop
endfacet
facet normal -0.469250 0.877653 0.097616
outer loop
vertex 1.122221 1.041573 0.600000
vertex 1.122756 1.040774 0.609754
vertex 1.131234 1.045307 0.609754
endloop
endfacet
facet normal -0.469160 0.877711 0.097534
outer loop
vertex 1.122221 1.041573 0.600000
vertex 1.131234 1.045307 0.609754
vertex 1.130866 1.046194 0.600000
endloop
endfacet
facet normal -0.046484 0.086876 0.995134
outer loop
vertex 1.144581 1.008110 0.649039
vertex 1.150000 1.000000 0.650000
vertex 1.146267 1.009012 0.649039
endloop
endfacet
facet normal -0.046446 0.086776 -0.995145
outer loop
vertex 1.150000 1.000000 0.550000
vertex 1.144581 1.008110 0.550960
vertex 1.146267 1.009012 0.550960
endloop
endfacet
facet normal -0.469160 0.877700 -0.097628
outer loop
vertex 1.122756 1.040774 0.590245
vertex 1.122221 1.041573 0.600000
vertex 1.130866 1.046194 0.600000
endloop
endfacet
facet normal -0.469250 0.877666 -0.097501
outer loop
vertex 1.122756 1.040774 0.590245
vertex 1.130866 1.046194 0.600000
vertex 1.131234 1.045307 0.590245
endloop
endfacet
facet normal -0.137502 0.257049 0.956566
outer loop
vertex 1.139369 1.015909 0.646194
vertex 1.144581 1.008110 0.649039
vertex 1.146267 1.009012 0.649039
endloop
endfacet
facet normal -0.137427 0.257131 0.956555
outer loop
vertex 1.139369 1.015909 0.646194
vertex 1.146267 1.009012 0.649039
vertex 1.142677 1.017677 0.646194
endloop
endfacet
facet normal -0.451402 0.844246 -0.288937
outer loop
vertex 1.124336 1.038409 0.580866
vertex 1.122756 1.040774 0.590245
vertex 1.131234 1.045307 0.590245
endloop
endfacet
facet normal -0.451205 0.844304 -0.289075
outer loop
vertex 1.124336 1.038409 0.580866
vertex 1.131234 1.045307 0.590245
vertex 1.132322 1.042677 0.580866
endloop
endfacet
facet normal -0.223050 0.417344 0.880950
outer loop
vertex 1.134567 1.023097 0.641573
vertex 1.139369 1.015909 0.646194
vertex 1.142677 1.017677 0.646194
endloop
endfacet
facet normal -0.223069 0.417291 0.880970
outer loop
vertex 1.134567 1.023097 0.641573
vertex 1.142677 1.017677 0.646194
vertex 1.139369 1.025664 0.641573
endloop
endfacet
facet normal -0.084656 0.279096 -0.956524
outer loop
vertex 1.146267 1.009012 0.550960
vertex 1.142677 1.017677 0.553806
vertex 1.146267 1.018766 0.553806
endloop
endfacet
facet normal -0.084645 0.279064 -0.956535
outer loop
vertex 1.146267 1.009012 0.550960
vertex 1.146267 1.018766 0.553806
vertex 1.148097 1.009567 0.550960
endloop
endfacet
facet normal -0.288868 0.952386 0.097550
outer loop
vertex 1.130866 1.046194 0.600000
vertex 1.131234 1.045307 0.609754
vertex 1.140433 1.048097 0.609754
endloop
endfacet
facet normal -0.288886 0.952384 0.097514
outer loop
vertex 1.130866 1.046194 0.600000
vertex 1.140433 1.048097 0.609754
vertex 1.140245 1.049039 0.600000
endloop
endfacet
facet normal -0.028607 0.094271 0.995135
outer loop
vertex 1.146267 1.009012 0.649039
vertex 1.150000 1.000000 0.650000
vertex 1.148097 1.009567 0.649039
endloop
endfacet
facet normal -0.028561 0.094185 -0.995145
outer loop
vertex 1.150000 1.000000 0.550000
vertex 1.146267 1.009012 0.550960
vertex 1.148097 1.009567 0.550960
endloop
endfacet
facet normal -0.288894 0.952385 -0.097490
outer loop
vertex 1.131234 1.045307 0.590245
vertex 1.130866 1.046194 0.600000
vertex 1.140245 1.049039 0.600000
endloop
endfacet
facet normal -0.288871 0.952384 -0.097556
outer loop
vertex 1.131234 1.045307 0.590245
vertex 1.140245 1.049039 0.600000
vertex 1.140433 1.048097 0.590245
endloop
endfacet
facet normal -0.084594 0.278986 0.956562
outer loop
vertex 1.142677 1.017677 0.646194
vertex 1.146267 1.009012 0.649039
vertex 1.148097 1.009567 0.649039
endloop
endfacet
facet normal -0.084641 0.279008 0.956551
outer loop
vertex 1.142677 1.017677 0.646194
vertex 1.148097 1.009567 0.649039
vertex 1.146267 1.018766 0.646194
endloop
endfacet
facet normal -0.277861 0.916089 -0.289092
outer loop
vertex 1.132322 1.042677 0.580866
vertex 1.131234 1.045307 0.590245
vertex 1.140433 1.048097 0.590245
endloop
endfacet
facet normal -0.278009 0.916083 -0.288968
outer loop
vertex 1.132322 1.042677 0.580866
vertex 1.140433 1.048097 0.590245
vertex 1.140988 1.045307 0.580866
endloop
endfacet
facet normal -0.137353 0.452826 0.880955
outer loop
vertex 1.139369 1.025664 0.641573
vertex 1.142677 1.017677 0.646194
vertex 1.146267 1.018766 0.646194
endloop
endfacet
facet normal -0.137361 0.452810 0.880963
outer loop
vertex 1.139369 1.025664 0.641573
vertex 1.146267 1.018766 0.646194
vertex 1.144581 1.027245 0.641573
endloop
endfacet
facet normal -0.256401 0.844845 -0.469569
outer loop
vertex 1.134091 1.038409 0.572221
vertex 1.132322 1.042677 0.580866
vertex 1.140988 1.045307 0.580866
endloop
endfacet
facet normal -0.256184 0.844831 -0.469714
outer loop
vertex 1.134091 1.038409 0.572221
vertex 1.140988 1.045307 0.580866
vertex 1.141890 1.040774 0.572221
endloop
endfacet
facet normal -0.184674 0.608766 0.771556
outer loop
vertex 1.136470 1.032664 0.635356
vertex 1.139369 1.025664 0.641573
vertex 1.144581 1.027245 0.641573
endloop
endfacet
facet normal -0.184660 0.608784 0.771546
outer loop
vertex 1.136470 1.032664 0.635356
vertex 1.144581 1.027245 0.641573
vertex 1.143103 1.034676 0.635356
endloop
endfacet
facet normal -0.224743 0.741153 -0.632600
outer loop
vertex 1.136470 1.032664 0.564645
vertex 1.134091 1.038409 0.572221
vertex 1.141890 1.040774 0.572221
endloop
endfacet
facet normal -0.224817 0.741172 -0.632551
outer loop
vertex 1.136470 1.032664 0.564645
vertex 1.141890 1.040774 0.572221
vertex 1.143103 1.034676 0.564645
endloop
endfacet
facet normal -0.224834 0.741212 0.632499
outer loop
vertex 1.134091 1.038409 0.627778
vertex 1.136470 1.032664 0.635356
vertex 1.143103 1.034676 0.635356
endloop
endfacet
facet normal -0.224772 0.741259 0.632465
outer loop
vertex 1.134091 1.038409 0.627778
vertex 1.143103 1.034676 0.635356
vertex 1.141890 1.040774 0.627778
endloop
endfacet
facet normal -0.184671 0.608839 -0.771500
outer loop
vertex 1.139369 1.025664 0.558427
vertex 1.136470 1.032664 0.564645
vertex 1.143103 1.034676 0.564645
endloop
endfacet
facet normal -0.184693 0.608807 -0.771520
outer loop
vertex 1.139369 1.025664 0.558427
vertex 1.143103 1.034676 0.564645
vertex 1.144581 1.027245 0.558427
endloop
endfacet
facet normal -0.256210 0.844892 0.469589
outer loop
vertex 1.132322 1.042677 0.619134
vertex 1.134091 1.038409 0.627778
vertex 1.141890 1.040774 0.627778
endloop
endfacet
facet normal -0.256365 0.844754 0.469753
outer loop
vertex 1.132322 1.042677 0.619134
vertex 1.141890 1.040774 0.627778
vertex 1.140988 1.045307 0.619134
endloop
endfacet
facet normal -0.137367 0.452829 -0.880952
outer loop
vertex 1.142677 1.017677 0.553806
vertex 1.139369 1.025664 0.558427
vertex 1.144581 1.027245 0.558427
endloop
endfacet
facet normal -0.137317 0.452800 -0.880975
outer loop
vertex 1.142677 1.017677 0.553806
vertex 1.144581 1.027245 0.558427
vertex 1.146267 1.018766 0.553806
endloop
endfacet
facet normal -0.278004 0.916049 0.289082
outer loop
vertex 1.131234 1.045307 0.609754
vertex 1.132322 1.042677 0.619134
vertex 1.140988 1.045307 0.619134
endloop
endfacet
facet normal -0.277872 0.916135 0.288934
outer loop
vertex 1.131234 1.045307 0.609754
vertex 1.140988 1.045307 0.619134
vertex 1.140433 1.048097 0.609754
endloop
endfacet
facet normal -0.062272 0.633103 0.771558
outer loop
vertex 1.143103 1.034676 0.635356
vertex 1.144581 1.027245 0.641573
vertex 1.150000 1.027778 0.641573
endloop
endfacet
facet normal -0.062409 0.633028 0.771609
outer loop
vertex 1.143103 1.034676 0.635356
vertex 1.150000 1.027778 0.641573
vertex 1.150000 1.035356 0.635356
endloop
endfacet
facet normal -0.075949 0.770779 -0.632560
outer loop
vertex 1.143103 1.034676 0.564645
vertex 1.141890 1.040774 0.572221
vertex 1.150000 1.041573 0.572221
endloop
endfacet
facet normal -0.075989 0.770798 -0.632531
outer loop
vertex 1.143103 1.034676 0.564645
vertex 1.150000 1.041573 0.572221
vertex 1.150000 1.035356 0.564645
endloop
endfacet
facet normal -0.075998 0.770862 0.632453
outer loop
vertex 1.141890 1.040774 0.627778
vertex 1.143103 1.034676 0.635356
vertex 1.150000 1.035356 0.635356
endloop
endfacet
facet normal -0.075945 0.770875 0.632443
outer loop
vertex 1.141890 1.040774 0.627778
vertex 1.150000 1.035356 0.635356
vertex 1.150000 1.041573 0.627778
endloop
endfacet
facet normal -0.062426 0.633147 -0.771510
outer loop
vertex 1.144581 1.027245 0.558427
vertex 1.143103 1.034676 0.564645
vertex 1.150000 1.035356 0.564645
endloop
endfacet
facet normal -0.062277 0.633097 -0.771563
outer loop
vertex 1.144581 1.027245 0.558427
vertex 1.150000 1.035356 0.564645
vertex 1.150000 1.027778 0.558427
endloop
endfacet
facet normal -0.086562 0.878542 0.469757
outer loop
vertex 1.140988 1.045307 0.619134
vertex 1.141890 1.040774 0.627778
vertex 1.150000 1.041573 0.627778
endloop
endfacet
facet normal -0.086487 0.878589 0.469682
outer loop
vertex 1.140988 1.045307 0.619134
vertex 1.150000 1.041573 0.627778
vertex 1.150000 1.046194 0.619134
endloop
endfacet
facet normal -0.046327 0.470905 -0.880967
outer loop
vertex 1.146267 1.018766 0.553806
vertex 1.144581 1.027245 0.558427
vertex 1.150000 1.027778 0.558427
endloop
endfacet
facet normal -0.046428 0.470944 -0.880941
outer loop
vertex 1.146267 1.018766 0.553806
vertex 1.150000 1.027778 0.558427
vertex 1.150000 1.019134 0.553806
endloop
endfacet
facet normal -0.093789 0.952738 0.288952
outer loop
vertex 1.140433 1.048097 0.609754
vertex 1.140988 1.045307 0.619134
vertex 1.150000 1.046194 0.619134
endloop
endfacet
facet normal -0.093807 0.952741 0.288939
outer loop
vertex 1.140433 1.048097 0.609754
vertex 1.150000 1.046194 0.619134
vertex 1.150000 1.049039 0.609754
endloop
endfacet
facet normal -0.028627 0.290255 -0.956521
outer loop
vertex 1.148097 1.009567 0.550960
vertex 1.146267 1.018766 0.553806
vertex 1.150000 1.019134 0.553806
endloop
endfacet
facet normal -0.028497 0.290215 -0.956537
outer loop
vertex 1.148097 1.009567 0.550960
vertex 1.150000 1.019134 0.553806
vertex 1.150000 1.009754 0.550960
endloop
endfacet
facet normal -0.097521 0.990442 0.097542
outer loop
vertex 1.140245 1.049039 0.600000
vertex 1.140433 1.048097 0.609754
vertex 1.150000 1.049039 0.609754
endloop
endfacet
facet normal -0.097566 0.990433 0.097583
outer loop
vertex 1.140245 1.049039 0.600000
vertex 1.150000 1.049039 0.609754
vertex 1.150000 1.050000 0.600000
endloop
endfacet
facet normal -0.009637 0.098042 0.995136
outer loop
vertex 1.148097 1.009567 0.649039
vertex 1.150000 1.000000 0.650000
vertex 1.150000 1.009754 0.649039
endloop
endfacet
facet normal -0.009625 0.097943 -0.995145
outer loop
vertex 1.150000 1.000000 0.550000
vertex 1.148097 1.009567 0.550960
vertex 1.150000 1.009754 0.550960
endloop
endfacet
facet normal -0.097564 0.990439 -0.097532
outer loop
vertex 1.140433 1.048097 0.590245
vertex 1.140245 1.049039 0.600000
vertex 1.150000 1.050000 0.600000
endloop
endfacet
facet normal -0.097520 0.990439 -0.097573
outer loop
vertex 1.140433 1.048097 0.590245
vertex 1.150000 1.050000 0.600000
vertex 1.150000 1.049039 0.590245
endloop
endfacet
facet normal -0.028475 0.290188 0.956546
outer loop
vertex 1.146267 1.018766 0.646194
vertex 1.148097 1.009567 0.649039
vertex 1.150000 1.009754 0.649039
endloop
endfacet
facet normal -0.028622 0.290117 0.956563
outer loop
vertex 1.146267 1.018766 0.646194
vertex 1.150000 1.009754 0.649039
vertex 1.150000 1.019134 0.646194
endloop
endfacet
facet normal -0.093809 0.952738 -0.288948
outer loop
vertex 1.140988 1.045307 0.580866
vertex 1.140433 1.048097 0.590245
vertex 1.150000 1.049039 0.590245
endloop
endfacet
facet normal -0.093789 0.952724 -0.289000
outer loop
vertex 1.140988 1.045307 0.580866
vertex 1.150000 1.049039 0.590245
vertex 1.150000 1.046194 0.580866
endloop
endfacet
facet normal -0.046435 0.470896 0.880966
outer loop
vertex 1.144581 1.027245 0.641573
vertex 1.146267 1.018766 0.646194
vertex 1.150000 1.019134 0.646194
endloop
endfacet
facet normal -0.046309 0.470941 0.880948
outer loop
vertex 1.144581 1.027245 0.641573
vertex 1.150000 1.019134 0.646194
vertex 1.150000 1.027778 0.641573
endloop
endfacet
facet normal -0.086486 0.878578 -0.469703
outer loop
vertex 1.141890 1.040774 0.572221
vertex 1.140988 1.045307 0.580866
vertex 1.150000 1.046194 0.580866
endloop
endfacet
facet normal -0.086566 0.878596 -0.469655
outer loop
vertex 1.141890 1.040774 0.572221
vertex 1.150000 1.046194 0.580866
vertex 1.150000 1.041573 0.572221
endloop
endfacet
endsolid Exported from Blender-2.82 (sub 7)
