solid Exported from Blender-2.82 (sub 7)
facet normal 0.086478 0.878613 -0.469639
outer loop
vertex 1.000000 0.541573 0.472221
vertex 1.000000 0.546194 0.480866
vertex 1.009012 0.545307 0.480866
endloop
endfacet
facet normal 0.086559 0.878568 -0.469709
outer loop
vertex 1.000000 0.541573 0.472221
vertex 1.009012 0.545307 0.480866
vertex 1.008110 0.540774 0.472221
endloop
endfacet
facet normal 0.062259 0.633031 0.771619
outer loop
vertex 1.000000 0.535356 0.535356
vertex 1.000000 0.527778 0.541573
vertex 1.005419 0.527245 0.541573
endloop
endfacet
facet normal 0.062406 0.633090 0.771559
outer loop
vertex 1.000000 0.535356 0.535356
vertex 1.005419 0.527245 0.541573
vertex 1.006898 0.534676 0.535356
endloop
endfacet
facet normal 0.075941 0.770800 -0.632535
outer loop
vertex 1.000000 0.535356 0.464645
vertex 1.000000 0.541573 0.472221
vertex 1.008110 0.540774 0.472221
endloop
endfacet
facet normal 0.075982 0.770780 -0.632554
outer loop
vertex 1.000000 0.535356 0.464645
vertex 1.008110 0.540774 0.472221
vertex 1.006898 0.534676 0.464645
endloop
endfacet
facet normal 0.075989 0.770878 0.632434
outer loop
vertex 1.000000 0.541573 0.527778
vertex 1.000000 0.535356 0.535356
vertex 1.006898 0.534676 0.535356
endloop
endfacet
facet normal 0.075948 0.770862 0.632459
outer loop
vertex 1.000000 0.541573 0.527778
vertex 1.006898 0.534676 0.535356
vertex 1.008110 0.540774 0.527778
endloop
endfacet
facet normal 0.062406 0.633086 -0.771562
outer loop
vertex 1.000000 0.527778 0.458427
vertex 1.000000 0.535356 0.464645
vertex 1.006898 0.534676 0.464645
endloop
endfacet
facet normal 0.062276 0.633171 -0.771502
outer loop
vertex 1.000000 0.527778 0.458427
vertex 1.006898 0.534676 0.464645
vertex 1.005419 0.527245 0.458427
endloop
endfacet
facet normal 0.086560 0.878586 0.469675
outer loop
vertex 1.000000 0.546194 0.519134
vertex 1.000000 0.541573 0.527778
vertex 1.008110 0.540774 0.527778
endloop
endfacet
facet normal 0.086475 0.878555 0.469748
outer loop
vertex 1.000000 0.546194 0.519134
vertex 1.008110 0.540774 0.527778
vertex 1.009012 0.545307 0.519134
endloop
endfacet
facet normal 0.046323 0.470948 -0.880944
outer loop
vertex 1.000000 0.519134 0.453806
vertex 1.000000 0.527778 0.458427
vertex 1.005419 0.527245 0.458427
endloop
endfacet
facet normal 0.046423 0.470891 -0.880969
outer loop
vertex 1.000000 0.519134 0.453806
vertex 1.005419 0.527245 0.458427
vertex 1.003733 0.518766 0.453806
endloop
endfacet
facet normal 0.093776 0.952731 0.288981
outer loop
vertex 1.000000 0.549039 0.509754
vertex 1.000000 0.546194 0.519134
vertex 1.009012 0.545307 0.519134
endloop
endfacet
facet normal 0.093807 0.952743 0.288931
outer loop
vertex 1.000000 0.549039 0.509754
vertex 1.009012 0.545307 0.519134
vertex 1.009567 0.548097 0.509754
endloop
endfacet
facet normal 0.028601 0.290228 -0.956530
outer loop
vertex 1.000000 0.509754 0.450960
vertex 1.000000 0.519134 0.453806
vertex 1.003733 0.518766 0.453806
endloop
endfacet
facet normal 0.028499 0.290257 -0.956524
outer loop
vertex 1.000000 0.509754 0.450960
vertex 1.003733 0.518766 0.453806
vertex 1.001903 0.509567 0.450960
endloop
endfacet
facet normal 0.097522 0.990438 0.097583
outer loop
vertex 1.000000 0.550000 0.500000
vertex 1.000000 0.549039 0.509754
vertex 1.009567 0.548097 0.509754
endloop
endfacet
facet normal 0.097582 0.990437 0.097529
outer loop
vertex 1.000000 0.550000 0.500000
vertex 1.009567 0.548097 0.509754
vertex 1.009754 0.549039 0.500000
endloop
endfacet
facet normal 0.009636 0.098047 0.995135
outer loop
vertex 1.000000 0.509754 0.549039
vertex 1.000000 0.500000 0.550000
vertex 1.001903 0.509567 0.549039
endloop
endfacet
facet normal 0.009620 0.097949 -0.995145
outer loop
vertex 1.000000 0.500000 0.450000
vertex 1.000000 0.509754 0.450960
vertex 1.001903 0.509567 0.450960
endloop
endfacet
facet normal 0.097583 0.990432 -0.097583
outer loop
vertex 1.000000 0.549039 0.490245
vertex 1.000000 0.550000 0.500000
vertex 1.009754 0.549039 0.500000
endloop
endfacet
facet normal 0.097522 0.990445 -0.097509
outer loop
vertex 1.000000 0.549039 0.490245
vertex 1.009754 0.549039 0.500000
vertex 1.009567 0.548097 0.490245
endloop
endfacet
facet normal 0.028492 0.290129 0.956563
outer loop
vertex 1.000000 0.519134 0.546194
vertex 1.000000 0.509754 0.549039
vertex 1.001903 0.509567 0.549039
endloop
endfacet
facet normal 0.028599 0.290141 0.956556
outer loop
vertex 1.000000 0.519134 0.546194
vertex 1.001903 0.509567 0.549039
vertex 1.003733 0.518766 0.546194
endloop
endfacet
facet normal 0.093808 0.952721 -0.289002
outer loop
vertex 1.000000 0.546194 0.480866
vertex 1.000000 0.549039 0.490245
vertex 1.009567 0.548097 0.490245
endloop
endfacet
facet normal 0.093777 0.952736 -0.288964
outer loop
vertex 1.000000 0.546194 0.480866
vertex 1.009567 0.548097 0.490245
vertex 1.009012 0.545307 0.480866
endloop
endfacet
facet normal 0.046424 0.470941 0.880942
outer loop
vertex 1.000000 0.527778 0.541573
vertex 1.000000 0.519134 0.546194
vertex 1.003733 0.518766 0.546194
endloop
endfacet
facet normal 0.046324 0.470914 0.880962
outer loop
vertex 1.000000 0.527778 0.541573
vertex 1.003733 0.518766 0.546194
vertex 1.005419 0.527245 0.541573
endloop
endfacet
facet normal 0.277860 0.916128 -0.288970
outer loop
vertex 1.009012 0.545307 0.480866
vertex 1.009567 0.548097 0.490245
vertex 1.018766 0.545307 0.490245
endloop
endfacet
facet normal 0.278030 0.916019 -0.289153
outer loop
vertex 1.009012 0.545307 0.480866
vertex 1.018766 0.545307 0.490245
vertex 1.017677 0.542677 0.480866
endloop
endfacet
facet normal 0.137389 0.452811 0.880958
outer loop
vertex 1.005419 0.527245 0.541573
vertex 1.003733 0.518766 0.546194
vertex 1.007322 0.517677 0.546194
endloop
endfacet
facet normal 0.137371 0.452794 0.880969
outer loop
vertex 1.005419 0.527245 0.541573
vertex 1.007322 0.517677 0.546194
vertex 1.010630 0.525664 0.541573
endloop
endfacet
facet normal 0.256405 0.844771 -0.469701
outer loop
vertex 1.008110 0.540774 0.472221
vertex 1.009012 0.545307 0.480866
vertex 1.017677 0.542677 0.480866
endloop
endfacet
facet normal 0.256211 0.844920 -0.469538
outer loop
vertex 1.008110 0.540774 0.472221
vertex 1.017677 0.542677 0.480866
vertex 1.015909 0.538409 0.472221
endloop
endfacet
facet normal 0.184686 0.608764 0.771555
outer loop
vertex 1.006898 0.534676 0.535356
vertex 1.005419 0.527245 0.541573
vertex 1.010630 0.525664 0.541573
endloop
endfacet
facet normal 0.184688 0.608728 0.771583
outer loop
vertex 1.006898 0.534676 0.535356
vertex 1.010630 0.525664 0.541573
vertex 1.013530 0.532664 0.535356
endloop
endfacet
facet normal 0.224769 0.741190 -0.632548
outer loop
vertex 1.006898 0.534676 0.464645
vertex 1.008110 0.540774 0.472221
vertex 1.015909 0.538409 0.472221
endloop
endfacet
facet normal 0.224836 0.741120 -0.632606
outer loop
vertex 1.006898 0.534676 0.464645
vertex 1.015909 0.538409 0.472221
vertex 1.013530 0.532664 0.464645
endloop
endfacet
facet normal 0.224871 0.741247 0.632444
outer loop
vertex 1.008110 0.540774 0.527778
vertex 1.006898 0.534676 0.535356
vertex 1.013530 0.532664 0.535356
endloop
endfacet
facet normal 0.224780 0.741224 0.632504
outer loop
vertex 1.008110 0.540774 0.527778
vertex 1.013530 0.532664 0.535356
vertex 1.015909 0.538409 0.527778
endloop
endfacet
facet normal 0.184707 0.608814 -0.771511
outer loop
vertex 1.005419 0.527245 0.458427
vertex 1.006898 0.534676 0.464645
vertex 1.013530 0.532664 0.464645
endloop
endfacet
facet normal 0.184705 0.608790 -0.771530
outer loop
vertex 1.005419 0.527245 0.458427
vertex 1.013530 0.532664 0.464645
vertex 1.010630 0.525664 0.458427
endloop
endfacet
facet normal 0.256189 0.844813 0.469744
outer loop
vertex 1.009012 0.545307 0.519134
vertex 1.008110 0.540774 0.527778
vertex 1.015909 0.538409 0.527778
endloop
endfacet
facet normal 0.256415 0.844830 0.469589
outer loop
vertex 1.009012 0.545307 0.519134
vertex 1.015909 0.538409 0.527778
vertex 1.017677 0.542677 0.519134
endloop
endfacet
facet normal 0.137386 0.452795 -0.880966
outer loop
vertex 1.003733 0.518766 0.453806
vertex 1.005419 0.527245 0.458427
vertex 1.010630 0.525664 0.458427
endloop
endfacet
facet normal 0.137389 0.452785 -0.880971
outer loop
vertex 1.003733 0.518766 0.453806
vertex 1.010630 0.525664 0.458427
vertex 1.007322 0.517677 0.453806
endloop
endfacet
facet normal 0.278043 0.916080 0.288946
outer loop
vertex 1.009567 0.548097 0.509754
vertex 1.009012 0.545307 0.519134
vertex 1.017677 0.542677 0.519134
endloop
endfacet
facet normal 0.277854 0.916084 0.289113
outer loop
vertex 1.009567 0.548097 0.509754
vertex 1.017677 0.542677 0.519134
vertex 1.018766 0.545307 0.509754
endloop
endfacet
facet normal 0.084687 0.279090 -0.956523
outer loop
vertex 1.001903 0.509567 0.450960
vertex 1.003733 0.518766 0.453806
vertex 1.007322 0.517677 0.453806
endloop
endfacet
facet normal 0.084652 0.279087 -0.956527
outer loop
vertex 1.001903 0.509567 0.450960
vertex 1.007322 0.517677 0.453806
vertex 1.003733 0.509012 0.450960
endloop
endfacet
facet normal 0.288865 0.952390 0.097521
outer loop
vertex 1.009754 0.549039 0.500000
vertex 1.009567 0.548097 0.509754
vertex 1.018766 0.545307 0.509754
endloop
endfacet
facet normal 0.288855 0.952396 0.097496
outer loop
vertex 1.009754 0.549039 0.500000
vertex 1.018766 0.545307 0.509754
vertex 1.019134 0.546194 0.500000
endloop
endfacet
facet normal 0.028609 0.094271 0.995135
outer loop
vertex 1.001903 0.509567 0.549039
vertex 1.000000 0.500000 0.550000
vertex 1.003733 0.509012 0.549039
endloop
endfacet
facet normal 0.028584 0.094178 -0.995145
outer loop
vertex 1.000000 0.500000 0.450000
vertex 1.001903 0.509567 0.450960
vertex 1.003733 0.509012 0.450960
endloop
endfacet
facet normal 0.288863 0.952392 -0.097507
outer loop
vertex 1.009567 0.548097 0.490245
vertex 1.009754 0.549039 0.500000
vertex 1.019134 0.546194 0.500000
endloop
endfacet
facet normal 0.288856 0.952396 -0.097489
outer loop
vertex 1.009567 0.548097 0.490245
vertex 1.019134 0.546194 0.500000
vertex 1.018766 0.545307 0.490245
endloop
endfacet
facet normal 0.084670 0.279009 0.956548
outer loop
vertex 1.003733 0.518766 0.546194
vertex 1.001903 0.509567 0.549039
vertex 1.003733 0.509012 0.549039
endloop
endfacet
facet normal 0.084662 0.279001 0.956552
outer loop
vertex 1.003733 0.518766 0.546194
vertex 1.003733 0.509012 0.549039
vertex 1.007322 0.517677 0.546194
endloop
endfacet
facet normal 0.223037 0.417348 -0.880951
outer loop
vertex 1.007322 0.517677 0.453806
vertex 1.010630 0.525664 0.458427
vertex 1.015433 0.523097 0.458427
endloop
endfacet
facet normal 0.223045 0.417283 -0.880980
outer loop
vertex 1.007322 0.517677 0.453806
vertex 1.015433 0.523097 0.458427
vertex 1.010630 0.515909 0.453806
endloop
endfacet
facet normal 0.451179 0.844305 0.289114
outer loop
vertex 1.018766 0.545307 0.509754
vertex 1.017677 0.542677 0.519134
vertex 1.025664 0.538409 0.519134
endloop
endfacet
facet normal 0.451348 0.844269 0.288953
outer loop
vertex 1.018766 0.545307 0.509754
vertex 1.025664 0.538409 0.519134
vertex 1.027245 0.540774 0.509754
endloop
endfacet
facet normal 0.137472 0.257215 -0.956526
outer loop
vertex 1.003733 0.509012 0.450960
vertex 1.007322 0.517677 0.453806
vertex 1.010630 0.515909 0.453806
endloop
endfacet
facet normal 0.137567 0.257143 -0.956532
outer loop
vertex 1.003733 0.509012 0.450960
vertex 1.010630 0.515909 0.453806
vertex 1.005419 0.508110 0.450960
endloop
endfacet
facet normal 0.469218 0.877682 0.097509
outer loop
vertex 1.019134 0.546194 0.500000
vertex 1.018766 0.545307 0.509754
vertex 1.027245 0.540774 0.509754
endloop
endfacet
facet normal 0.469198 0.877690 0.097538
outer loop
vertex 1.019134 0.546194 0.500000
vertex 1.027245 0.540774 0.509754
vertex 1.027778 0.541573 0.500000
endloop
endfacet
facet normal 0.046485 0.086872 0.995134
outer loop
vertex 1.003733 0.509012 0.549039
vertex 1.000000 0.500000 0.550000
vertex 1.005419 0.508110 0.549039
endloop
endfacet
facet normal 0.046404 0.086780 -0.995146
outer loop
vertex 1.000000 0.500000 0.450000
vertex 1.003733 0.509012 0.450960
vertex 1.005419 0.508110 0.450960
endloop
endfacet
facet normal 0.469210 0.877687 -0.097511
outer loop
vertex 1.018766 0.545307 0.490245
vertex 1.019134 0.546194 0.500000
vertex 1.027778 0.541573 0.500000
endloop
endfacet
facet normal 0.469209 0.877686 -0.097517
outer loop
vertex 1.018766 0.545307 0.490245
vertex 1.027778 0.541573 0.500000
vertex 1.027245 0.540774 0.490245
endloop
endfacet
facet normal 0.137502 0.257110 0.956550
outer loop
vertex 1.007322 0.517677 0.546194
vertex 1.003733 0.509012 0.549039
vertex 1.005419 0.508110 0.549039
endloop
endfacet
facet normal 0.137428 0.257108 0.956561
outer loop
vertex 1.007322 0.517677 0.546194
vertex 1.005419 0.508110 0.549039
vertex 1.010630 0.515909 0.546194
endloop
endfacet
facet normal 0.451321 0.844223 -0.289129
outer loop
vertex 1.017677 0.542677 0.480866
vertex 1.018766 0.545307 0.490245
vertex 1.027245 0.540774 0.490245
endloop
endfacet
facet normal 0.451198 0.844339 -0.288986
outer loop
vertex 1.017677 0.542677 0.480866
vertex 1.027245 0.540774 0.490245
vertex 1.025664 0.538409 0.480866
endloop
endfacet
facet normal 0.223046 0.417337 0.880954
outer loop
vertex 1.010630 0.525664 0.541573
vertex 1.007322 0.517677 0.546194
vertex 1.010630 0.515909 0.546194
endloop
endfacet
facet normal 0.223041 0.417312 0.880967
outer loop
vertex 1.010630 0.525664 0.541573
vertex 1.010630 0.515909 0.546194
vertex 1.015433 0.523097 0.541573
endloop
endfacet
facet normal 0.416118 0.778711 -0.469527
outer loop
vertex 1.015909 0.538409 0.472221
vertex 1.017677 0.542677 0.480866
vertex 1.025664 0.538409 0.480866
endloop
endfacet
facet normal 0.416186 0.778614 -0.469628
outer loop
vertex 1.015909 0.538409 0.472221
vertex 1.025664 0.538409 0.480866
vertex 1.023097 0.534567 0.472221
endloop
endfacet
facet normal 0.299843 0.561059 0.771561
outer loop
vertex 1.013530 0.532664 0.535356
vertex 1.010630 0.525664 0.541573
vertex 1.015433 0.523097 0.541573
endloop
endfacet
facet normal 0.299884 0.561045 0.771556
outer loop
vertex 1.013530 0.532664 0.535356
vertex 1.015433 0.523097 0.541573
vertex 1.019642 0.529397 0.535356
endloop
endfacet
facet normal 0.365080 0.683031 -0.632603
outer loop
vertex 1.013530 0.532664 0.464645
vertex 1.015909 0.538409 0.472221
vertex 1.023097 0.534567 0.472221
endloop
endfacet
facet normal 0.365097 0.683019 -0.632605
outer loop
vertex 1.013530 0.532664 0.464645
vertex 1.023097 0.534567 0.472221
vertex 1.019642 0.529397 0.464645
endloop
endfacet
facet normal 0.365135 0.683109 0.632486
outer loop
vertex 1.015909 0.538409 0.527778
vertex 1.013530 0.532664 0.535356
vertex 1.019642 0.529397 0.535356
endloop
endfacet
facet normal 0.365115 0.683092 0.632516
outer loop
vertex 1.015909 0.538409 0.527778
vertex 1.019642 0.529397 0.535356
vertex 1.023097 0.534567 0.527778
endloop
endfacet
facet normal 0.299906 0.561079 -0.771523
outer loop
vertex 1.010630 0.525664 0.458427
vertex 1.013530 0.532664 0.464645
vertex 1.019642 0.529397 0.464645
endloop
endfacet
facet normal 0.299872 0.561128 -0.771500
outer loop
vertex 1.010630 0.525664 0.458427
vertex 1.019642 0.529397 0.464645
vertex 1.015433 0.523097 0.458427
endloop
endfacet
facet normal 0.416182 0.778643 0.469583
outer loop
vertex 1.017677 0.542677 0.519134
vertex 1.015909 0.538409 0.527778
vertex 1.023097 0.534567 0.527778
endloop
endfacet
facet normal 0.416099 0.778649 0.469647
outer loop
vertex 1.017677 0.542677 0.519134
vertex 1.023097 0.534567 0.527778
vertex 1.025664 0.538409 0.519134
endloop
endfacet
facet normal 0.300101 0.365847 0.880963
outer loop
vertex 1.015433 0.523097 0.541573
vertex 1.010630 0.515909 0.546194
vertex 1.013530 0.513530 0.546194
endloop
endfacet
facet normal 0.300260 0.365783 0.880935
outer loop
vertex 1.015433 0.523097 0.541573
vertex 1.013530 0.513530 0.546194
vertex 1.019642 0.519642 0.541573
endloop
endfacet
facet normal 0.560096 0.682469 -0.469604
outer loop
vertex 1.023097 0.534567 0.472221
vertex 1.025664 0.538409 0.480866
vertex 1.032664 0.532664 0.480866
endloop
endfacet
facet normal 0.560080 0.682503 -0.469574
outer loop
vertex 1.023097 0.534567 0.472221
vertex 1.032664 0.532664 0.480866
vertex 1.029397 0.529397 0.472221
endloop
endfacet
facet normal 0.403645 0.491710 0.771552
outer loop
vertex 1.019642 0.529397 0.535356
vertex 1.015433 0.523097 0.541573
vertex 1.019642 0.519642 0.541573
endloop
endfacet
facet normal 0.403545 0.491741 0.771584
outer loop
vertex 1.019642 0.529397 0.535356
vertex 1.019642 0.519642 0.541573
vertex 1.025000 0.525000 0.535356
endloop
endfacet
facet normal 0.491302 0.598684 -0.632614
outer loop
vertex 1.019642 0.529397 0.464645
vertex 1.023097 0.534567 0.472221
vertex 1.029397 0.529397 0.472221
endloop
endfacet
facet normal 0.491292 0.598704 -0.632603
outer loop
vertex 1.019642 0.529397 0.464645
vertex 1.029397 0.529397 0.472221
vertex 1.025000 0.525000 0.464645
endloop
endfacet
facet normal 0.491358 0.598754 0.632504
outer loop
vertex 1.023097 0.534567 0.527778
vertex 1.019642 0.529397 0.535356
vertex 1.025000 0.525000 0.535356
endloop
endfacet
facet normal 0.491345 0.598750 0.632518
outer loop
vertex 1.023097 0.534567 0.527778
vertex 1.025000 0.525000 0.535356
vertex 1.029397 0.529397 0.527778
endloop
endfacet
facet normal 0.403619 0.491794 -0.771512
outer loop
vertex 1.015433 0.523097 0.458427
vertex 1.019642 0.529397 0.464645
vertex 1.025000 0.525000 0.464645
endloop
endfacet
facet normal 0.403640 0.491746 -0.771531
outer loop
vertex 1.015433 0.523097 0.458427
vertex 1.025000 0.525000 0.464645
vertex 1.019642 0.519642 0.458427
endloop
endfacet
facet normal 0.560055 0.682477 0.469642
outer loop
vertex 1.025664 0.538409 0.519134
vertex 1.023097 0.534567 0.527778
vertex 1.029397 0.529397 0.527778
endloop
endfacet
facet normal 0.560089 0.682462 0.469623
outer loop
vertex 1.025664 0.538409 0.519134
vertex 1.029397 0.529397 0.527778
vertex 1.032664 0.532664 0.519134
endloop
endfacet
facet normal 0.300234 0.365752 -0.880957
outer loop
vertex 1.010630 0.515909 0.453806
vertex 1.015433 0.523097 0.458427
vertex 1.019642 0.519642 0.458427
endloop
endfacet
facet normal 0.300128 0.365895 -0.880933
outer loop
vertex 1.010630 0.515909 0.453806
vertex 1.019642 0.519642 0.458427
vertex 1.013530 0.513530 0.453806
endloop
endfacet
facet normal 0.607336 0.740037 0.288944
outer loop
vertex 1.027245 0.540774 0.509754
vertex 1.025664 0.538409 0.519134
vertex 1.032664 0.532664 0.519134
endloop
endfacet
facet normal 0.607298 0.740042 0.289011
outer loop
vertex 1.027245 0.540774 0.509754
vertex 1.032664 0.532664 0.519134
vertex 1.034676 0.534676 0.509754
endloop
endfacet
facet normal 0.184963 0.225487 -0.956527
outer loop
vertex 1.005419 0.508110 0.450960
vertex 1.010630 0.515909 0.453806
vertex 1.013530 0.513530 0.453806
endloop
endfacet
facet normal 0.184881 0.225561 -0.956526
outer loop
vertex 1.005419 0.508110 0.450960
vertex 1.013530 0.513530 0.453806
vertex 1.006898 0.506898 0.450960
endloop
endfacet
facet normal 0.631345 0.769346 0.097520
outer loop
vertex 1.027778 0.541573 0.500000
vertex 1.027245 0.540774 0.509754
vertex 1.034676 0.534676 0.509754
endloop
endfacet
facet normal 0.631234 0.769421 0.097642
outer loop
vertex 1.027778 0.541573 0.500000
vertex 1.034676 0.534676 0.509754
vertex 1.035356 0.535356 0.500000
endloop
endfacet
facet normal 0.062410 0.076190 0.995138
outer loop
vertex 1.005419 0.508110 0.549039
vertex 1.000000 0.500000 0.550000
vertex 1.006898 0.506898 0.549039
endloop
endfacet
facet normal 0.062391 0.076115 -0.995145
outer loop
vertex 1.000000 0.500000 0.450000
vertex 1.005419 0.508110 0.450960
vertex 1.006898 0.506898 0.450960
endloop
endfacet
facet normal 0.631255 0.769421 -0.097511
outer loop
vertex 1.027245 0.540774 0.490245
vertex 1.027778 0.541573 0.500000
vertex 1.035356 0.535356 0.500000
endloop
endfacet
facet normal 0.631326 0.769347 -0.097634
outer loop
vertex 1.027245 0.540774 0.490245
vertex 1.035356 0.535356 0.500000
vertex 1.034676 0.534676 0.490245
endloop
endfacet
facet normal 0.184831 0.225513 0.956547
outer loop
vertex 1.010630 0.515909 0.546194
vertex 1.005419 0.508110 0.549039
vertex 1.006898 0.506898 0.549039
endloop
endfacet
facet normal 0.184899 0.225409 0.956558
outer loop
vertex 1.010630 0.515909 0.546194
vertex 1.006898 0.506898 0.549039
vertex 1.013530 0.513530 0.546194
endloop
endfacet
facet normal 0.607302 0.740050 -0.288983
outer loop
vertex 1.025664 0.538409 0.480866
vertex 1.027245 0.540774 0.490245
vertex 1.034676 0.534676 0.490245
endloop
endfacet
facet normal 0.607315 0.740021 -0.289028
outer loop
vertex 1.025664 0.538409 0.480866
vertex 1.034676 0.534676 0.490245
vertex 1.032664 0.532664 0.480866
endloop
endfacet
facet normal 0.740009 0.607340 0.289007
outer loop
vertex 1.034676 0.534676 0.509754
vertex 1.032664 0.532664 0.519134
vertex 1.038409 0.525664 0.519134
endloop
endfacet
facet normal 0.740066 0.607294 0.288958
outer loop
vertex 1.034676 0.534676 0.509754
vertex 1.038409 0.525664 0.519134
vertex 1.040774 0.527245 0.509754
endloop
endfacet
facet normal 0.225498 0.184988 -0.956520
outer loop
vertex 1.006898 0.506898 0.450960
vertex 1.013530 0.513530 0.453806
vertex 1.015909 0.510630 0.453806
endloop
endfacet
facet normal 0.225571 0.184848 -0.956530
outer loop
vertex 1.006898 0.506898 0.450960
vertex 1.015909 0.510630 0.453806
vertex 1.008110 0.505419 0.450960
endloop
endfacet
facet normal 0.769354 0.631316 0.097642
outer loop
vertex 1.035356 0.535356 0.500000
vertex 1.034676 0.534676 0.509754
vertex 1.040774 0.527245 0.509754
endloop
endfacet
facet normal 0.769427 0.631245 0.097526
outer loop
vertex 1.035356 0.535356 0.500000
vertex 1.040774 0.527245 0.509754
vertex 1.041573 0.527778 0.500000
endloop
endfacet
facet normal 0.076217 0.062449 0.995134
outer loop
vertex 1.006898 0.506898 0.549039
vertex 1.000000 0.500000 0.550000
vertex 1.008110 0.505419 0.549039
endloop
endfacet
facet normal 0.076134 0.062385 -0.995144
outer loop
vertex 1.000000 0.500000 0.450000
vertex 1.006898 0.506898 0.450960
vertex 1.008110 0.505419 0.450960
endloop
endfacet
facet normal 0.769424 0.631232 -0.097635
outer loop
vertex 1.034676 0.534676 0.490245
vertex 1.035356 0.535356 0.500000
vertex 1.041573 0.527778 0.500000
endloop
endfacet
facet normal 0.769352 0.631339 -0.097512
outer loop
vertex 1.034676 0.534676 0.490245
vertex 1.041573 0.527778 0.500000
vertex 1.040774 0.527245 0.490245
endloop
endfacet
facet normal 0.225540 0.184810 0.956544
outer loop
vertex 1.013530 0.513530 0.546194
vertex 1.006898 0.506898 0.549039
vertex 1.008110 0.505419 0.549039
endloop
endfacet
facet normal 0.225394 0.184913 0.956559
outer loop
vertex 1.013530 0.513530 0.546194
vertex 1.008110 0.505419 0.549039
vertex 1.015909 0.510630 0.546194
endloop
endfacet
facet normal 0.740046 0.607285 -0.289027
outer loop
vertex 1.032664 0.532664 0.480866
vertex 1.034676 0.534676 0.490245
vertex 1.040774 0.527245 0.490245
endloop
endfacet
facet normal 0.740016 0.607339 -0.288989
outer loop
vertex 1.032664 0.532664 0.480866
vertex 1.040774 0.527245 0.490245
vertex 1.038409 0.525664 0.480866
endloop
endfacet
facet normal 0.365895 0.300151 0.880925
outer loop
vertex 1.019642 0.519642 0.541573
vertex 1.013530 0.513530 0.546194
vertex 1.015909 0.510630 0.546194
endloop
endfacet
facet normal 0.365736 0.300220 0.880968
outer loop
vertex 1.019642 0.519642 0.541573
vertex 1.015909 0.510630 0.546194
vertex 1.023097 0.515433 0.541573
endloop
endfacet
facet normal 0.682483 0.560099 -0.469581
outer loop
vertex 1.029397 0.529397 0.472221
vertex 1.032664 0.532664 0.480866
vertex 1.038409 0.525664 0.480866
endloop
endfacet
facet normal 0.682481 0.560080 -0.469606
outer loop
vertex 1.029397 0.529397 0.472221
vertex 1.038409 0.525664 0.480866
vertex 1.034567 0.523097 0.472221
endloop
endfacet
facet normal 0.491678 0.403611 0.771589
outer loop
vertex 1.025000 0.525000 0.535356
vertex 1.019642 0.519642 0.541573
vertex 1.023097 0.515433 0.541573
endloop
endfacet
facet normal 0.491775 0.403567 0.771551
outer loop
vertex 1.025000 0.525000 0.535356
vertex 1.023097 0.515433 0.541573
vertex 1.029397 0.519642 0.535356
endloop
endfacet
facet normal 0.598684 0.491286 -0.632626
outer loop
vertex 1.025000 0.525000 0.464645
vertex 1.029397 0.529397 0.472221
vertex 1.034567 0.523097 0.472221
endloop
endfacet
facet normal 0.598688 0.491294 -0.632616
outer loop
vertex 1.025000 0.525000 0.464645
vertex 1.034567 0.523097 0.472221
vertex 1.029397 0.519642 0.464645
endloop
endfacet
facet normal 0.598748 0.491337 0.632526
outer loop
vertex 1.029397 0.529397 0.527778
vertex 1.025000 0.525000 0.535356
vertex 1.029397 0.519642 0.535356
endloop
endfacet
facet normal 0.598743 0.491352 0.632519
outer loop
vertex 1.029397 0.529397 0.527778
vertex 1.029397 0.519642 0.535356
vertex 1.034567 0.523097 0.527778
endloop
endfacet
facet normal 0.491790 0.403578 -0.771536
outer loop
vertex 1.019642 0.519642 0.458427
vertex 1.025000 0.525000 0.464645
vertex 1.029397 0.519642 0.464645
endloop
endfacet
facet normal 0.491756 0.403680 -0.771504
outer loop
vertex 1.019642 0.519642 0.458427
vertex 1.029397 0.519642 0.464645
vertex 1.023097 0.515433 0.458427
endloop
endfacet
facet normal 0.682480 0.560069 0.469621
outer loop
vertex 1.032664 0.532664 0.519134
vertex 1.029397 0.529397 0.527778
vertex 1.034567 0.523097 0.527778
endloop
endfacet
facet normal 0.682447 0.560089 0.469645
outer loop
vertex 1.032664 0.532664 0.519134
vertex 1.034567 0.523097 0.527778
vertex 1.038409 0.525664 0.519134
endloop
endfacet
facet normal 0.365790 0.300262 -0.880932
outer loop
vertex 1.013530 0.513530 0.453806
vertex 1.019642 0.519642 0.458427
vertex 1.023097 0.515433 0.458427
endloop
endfacet
facet normal 0.365813 0.300069 -0.880988
outer loop
vertex 1.013530 0.513530 0.453806
vertex 1.023097 0.515433 0.458427
vertex 1.015909 0.510630 0.453806
endloop
endfacet
facet normal 0.778681 0.416086 -0.469604
outer loop
vertex 1.034567 0.523097 0.472221
vertex 1.038409 0.525664 0.480866
vertex 1.042677 0.517677 0.480866
endloop
endfacet
facet normal 0.778656 0.416206 -0.469539
outer loop
vertex 1.034567 0.523097 0.472221
vertex 1.042677 0.517677 0.480866
vertex 1.038409 0.515909 0.472221
endloop
endfacet
facet normal 0.561059 0.299836 0.771564
outer loop
vertex 1.029397 0.519642 0.535356
vertex 1.023097 0.515433 0.541573
vertex 1.025664 0.510630 0.541573
endloop
endfacet
facet normal 0.561022 0.299908 0.771563
outer loop
vertex 1.029397 0.519642 0.535356
vertex 1.025664 0.510630 0.541573
vertex 1.032664 0.513530 0.535356
endloop
endfacet
facet normal 0.683033 0.365093 -0.632592
outer loop
vertex 1.029397 0.519642 0.464645
vertex 1.034567 0.523097 0.472221
vertex 1.038409 0.515909 0.472221
endloop
endfacet
facet normal 0.683017 0.365091 -0.632610
outer loop
vertex 1.029397 0.519642 0.464645
vertex 1.038409 0.515909 0.472221
vertex 1.032664 0.513530 0.464645
endloop
endfacet
facet normal 0.683097 0.365142 0.632495
outer loop
vertex 1.034567 0.523097 0.527778
vertex 1.029397 0.519642 0.535356
vertex 1.032664 0.513530 0.535356
endloop
endfacet
facet normal 0.683101 0.365108 0.632510
outer loop
vertex 1.034567 0.523097 0.527778
vertex 1.032664 0.513530 0.535356
vertex 1.038409 0.515909 0.527778
endloop
endfacet
facet normal 0.561102 0.299932 -0.771496
outer loop
vertex 1.023097 0.515433 0.458427
vertex 1.029397 0.519642 0.464645
vertex 1.032664 0.513530 0.464645
endloop
endfacet
facet normal 0.561077 0.299879 -0.771534
outer loop
vertex 1.023097 0.515433 0.458427
vertex 1.032664 0.513530 0.464645
vertex 1.025664 0.510630 0.458427
endloop
endfacet
facet normal 0.778616 0.416154 0.469652
outer loop
vertex 1.038409 0.525664 0.519134
vertex 1.034567 0.523097 0.527778
vertex 1.038409 0.515909 0.527778
endloop
endfacet
facet normal 0.778688 0.416099 0.469582
outer loop
vertex 1.038409 0.525664 0.519134
vertex 1.038409 0.515909 0.527778
vertex 1.042677 0.517677 0.519134
endloop
endfacet
facet normal 0.417324 0.223043 -0.880961
outer loop
vertex 1.015909 0.510630 0.453806
vertex 1.023097 0.515433 0.458427
vertex 1.025664 0.510630 0.458427
endloop
endfacet
facet normal 0.417318 0.223056 -0.880961
outer loop
vertex 1.015909 0.510630 0.453806
vertex 1.025664 0.510630 0.458427
vertex 1.017677 0.507322 0.453806
endloop
endfacet
facet normal 0.844361 0.451183 0.288943
outer loop
vertex 1.040774 0.527245 0.509754
vertex 1.038409 0.525664 0.519134
vertex 1.042677 0.517677 0.519134
endloop
endfacet
facet normal 0.844221 0.451343 0.289101
outer loop
vertex 1.040774 0.527245 0.509754
vertex 1.042677 0.517677 0.519134
vertex 1.045307 0.518766 0.509754
endloop
endfacet
facet normal 0.257199 0.137473 -0.956530
outer loop
vertex 1.008110 0.505419 0.450960
vertex 1.015909 0.510630 0.453806
vertex 1.017677 0.507322 0.453806
endloop
endfacet
facet normal 0.257162 0.137584 -0.956524
outer loop
vertex 1.008110 0.505419 0.450960
vertex 1.017677 0.507322 0.453806
vertex 1.009012 0.503733 0.450960
endloop
endfacet
facet normal 0.877677 0.469220 0.097548
outer loop
vertex 1.041573 0.527778 0.500000
vertex 1.040774 0.527245 0.509754
vertex 1.045307 0.518766 0.509754
endloop
endfacet
facet normal 0.877684 0.469212 0.097524
outer loop
vertex 1.041573 0.527778 0.500000
vertex 1.045307 0.518766 0.509754
vertex 1.046194 0.519134 0.500000
endloop
endfacet
facet normal 0.086881 0.046474 0.995134
outer loop
vertex 1.008110 0.505419 0.549039
vertex 1.000000 0.500000 0.550000
vertex 1.009012 0.503733 0.549039
endloop
endfacet
facet normal 0.086775 0.046424 -0.995146
outer loop
vertex 1.000000 0.500000 0.450000
vertex 1.008110 0.505419 0.450960
vertex 1.009012 0.503733 0.450960
endloop
endfacet
facet normal 0.877689 0.469201 -0.097534
outer loop
vertex 1.040774 0.527245 0.490245
vertex 1.041573 0.527778 0.500000
vertex 1.046194 0.519134 0.500000
endloop
endfacet
facet normal 0.877679 0.469221 -0.097519
outer loop
vertex 1.040774 0.527245 0.490245
vertex 1.046194 0.519134 0.500000
vertex 1.045307 0.518766 0.490245
endloop
endfacet
facet normal 0.257055 0.137505 0.956564
outer loop
vertex 1.015909 0.510630 0.546194
vertex 1.008110 0.505419 0.549039
vertex 1.009012 0.503733 0.549039
endloop
endfacet
facet normal 0.257128 0.137445 0.956553
outer loop
vertex 1.015909 0.510630 0.546194
vertex 1.009012 0.503733 0.549039
vertex 1.017677 0.507322 0.546194
endloop
endfacet
facet normal 0.844270 0.451337 -0.288967
outer loop
vertex 1.038409 0.525664 0.480866
vertex 1.040774 0.527245 0.490245
vertex 1.045307 0.518766 0.490245
endloop
endfacet
facet normal 0.844297 0.451174 -0.289143
outer loop
vertex 1.038409 0.525664 0.480866
vertex 1.045307 0.518766 0.490245
vertex 1.042677 0.517677 0.480866
endloop
endfacet
facet normal 0.417321 0.223051 0.880960
outer loop
vertex 1.023097 0.515433 0.541573
vertex 1.015909 0.510630 0.546194
vertex 1.017677 0.507322 0.546194
endloop
endfacet
facet normal 0.417325 0.223046 0.880960
outer loop
vertex 1.023097 0.515433 0.541573
vertex 1.017677 0.507322 0.546194
vertex 1.025664 0.510630 0.541573
endloop
endfacet
facet normal 0.279096 0.084664 -0.956523
outer loop
vertex 1.009012 0.503733 0.450960
vertex 1.017677 0.507322 0.453806
vertex 1.018766 0.503733 0.453806
endloop
endfacet
facet normal 0.279094 0.084668 -0.956524
outer loop
vertex 1.009012 0.503733 0.450960
vertex 1.018766 0.503733 0.453806
vertex 1.009567 0.501903 0.450960
endloop
endfacet
facet normal 0.952389 0.288868 0.097523
outer loop
vertex 1.046194 0.519134 0.500000
vertex 1.045307 0.518766 0.509754
vertex 1.048097 0.509567 0.509754
endloop
endfacet
facet normal 0.952397 0.288844 0.097516
outer loop
vertex 1.046194 0.519134 0.500000
vertex 1.048097 0.509567 0.509754
vertex 1.049039 0.509754 0.500000
endloop
endfacet
facet normal 0.094286 0.028595 0.995134
outer loop
vertex 1.009012 0.503733 0.549039
vertex 1.000000 0.500000 0.550000
vertex 1.009567 0.501903 0.549039
endloop
endfacet
facet normal 0.094182 0.028565 -0.995145
outer loop
vertex 1.000000 0.500000 0.450000
vertex 1.009012 0.503733 0.450960
vertex 1.009567 0.501903 0.450960
endloop
endfacet
facet normal 0.952390 0.288868 -0.097510
outer loop
vertex 1.045307 0.518766 0.490245
vertex 1.046194 0.519134 0.500000
vertex 1.049039 0.509754 0.500000
endloop
endfacet
facet normal 0.952392 0.288863 -0.097507
outer loop
vertex 1.045307 0.518766 0.490245
vertex 1.049039 0.509754 0.500000
vertex 1.048097 0.509567 0.490245
endloop
endfacet
facet normal 0.279015 0.084624 0.956551
outer loop
vertex 1.017677 0.507322 0.546194
vertex 1.009012 0.503733 0.549039
vertex 1.009567 0.501903 0.549039
endloop
endfacet
facet normal 0.278996 0.084639 0.956555
outer loop
vertex 1.017677 0.507322 0.546194
vertex 1.009567 0.501903 0.549039
vertex 1.018766 0.503733 0.546194
endloop
endfacet
facet normal 0.916077 0.277852 -0.289138
outer loop
vertex 1.042677 0.517677 0.480866
vertex 1.045307 0.518766 0.490245
vertex 1.048097 0.509567 0.490245
endloop
endfacet
facet normal 0.916078 0.278026 -0.288970
outer loop
vertex 1.042677 0.517677 0.480866
vertex 1.048097 0.509567 0.490245
vertex 1.045307 0.509012 0.480866
endloop
endfacet
facet normal 0.452820 0.137334 0.880962
outer loop
vertex 1.025664 0.510630 0.541573
vertex 1.017677 0.507322 0.546194
vertex 1.018766 0.503733 0.546194
endloop
endfacet
facet normal 0.452792 0.137400 0.880966
outer loop
vertex 1.025664 0.510630 0.541573
vertex 1.018766 0.503733 0.546194
vertex 1.027245 0.505419 0.541573
endloop
endfacet
facet normal 0.844853 0.256419 -0.469544
outer loop
vertex 1.038409 0.515909 0.472221
vertex 1.042677 0.517677 0.480866
vertex 1.045307 0.509012 0.480866
endloop
endfacet
facet normal 0.844836 0.256200 -0.469695
outer loop
vertex 1.038409 0.515909 0.472221
vertex 1.045307 0.509012 0.480866
vertex 1.040774 0.508110 0.472221
endloop
endfacet
facet normal 0.608742 0.184694 0.771571
outer loop
vertex 1.032664 0.513530 0.535356
vertex 1.025664 0.510630 0.541573
vertex 1.027245 0.505419 0.541573
endloop
endfacet
facet normal 0.608754 0.184679 0.771565
outer loop
vertex 1.032664 0.513530 0.535356
vertex 1.027245 0.505419 0.541573
vertex 1.034676 0.506898 0.535356
endloop
endfacet
facet normal 0.741155 0.224768 -0.632589
outer loop
vertex 1.032664 0.513530 0.464645
vertex 1.038409 0.515909 0.472221
vertex 1.040774 0.508110 0.472221
endloop
endfacet
facet normal 0.741165 0.224841 -0.632552
outer loop
vertex 1.032664 0.513530 0.464645
vertex 1.040774 0.508110 0.472221
vertex 1.034676 0.506898 0.464645
endloop
endfacet
facet normal 0.741200 0.224873 0.632499
outer loop
vertex 1.038409 0.515909 0.527778
vertex 1.032664 0.513530 0.535356
vertex 1.034676 0.506898 0.535356
endloop
endfacet
facet normal 0.741275 0.224769 0.632448
outer loop
vertex 1.038409 0.515909 0.527778
vertex 1.034676 0.506898 0.535356
vertex 1.040774 0.508110 0.527778
endloop
endfacet
facet normal 0.608813 0.184669 -0.771521
outer loop
vertex 1.025664 0.510630 0.458427
vertex 1.032664 0.513530 0.464645
vertex 1.034676 0.506898 0.464645
endloop
endfacet
facet normal 0.608796 0.184734 -0.771519
outer loop
vertex 1.025664 0.510630 0.458427
vertex 1.034676 0.506898 0.464645
vertex 1.027245 0.505419 0.458427
endloop
endfacet
facet normal 0.844904 0.256205 0.469570
outer loop
vertex 1.042677 0.517677 0.519134
vertex 1.038409 0.515909 0.527778
vertex 1.040774 0.508110 0.527778
endloop
endfacet
facet normal 0.844747 0.256415 0.469739
outer loop
vertex 1.042677 0.517677 0.519134
vertex 1.040774 0.508110 0.527778
vertex 1.045307 0.509012 0.519134
endloop
endfacet
facet normal 0.452809 0.137387 -0.880959
outer loop
vertex 1.017677 0.507322 0.453806
vertex 1.025664 0.510630 0.458427
vertex 1.027245 0.505419 0.458427
endloop
endfacet
facet normal 0.452790 0.137353 -0.880974
outer loop
vertex 1.017677 0.507322 0.453806
vertex 1.027245 0.505419 0.458427
vertex 1.018766 0.503733 0.453806
endloop
endfacet
facet normal 0.916030 0.278028 0.289118
outer loop
vertex 1.045307 0.518766 0.509754
vertex 1.042677 0.517677 0.519134
vertex 1.045307 0.509012 0.519134
endloop
endfacet
facet normal 0.916135 0.277860 0.288947
outer loop
vertex 1.045307 0.518766 0.509754
vertex 1.045307 0.509012 0.519134
vertex 1.048097 0.509567 0.509754
endloop
endfacet
facet normal 0.770781 0.075942 -0.632558
outer loop
vertex 1.034676 0.506898 0.464645
vertex 1.040774 0.508110 0.472221
vertex 1.041573 0.500000 0.472221
endloop
endfacet
facet normal 0.770798 0.075991 -0.632532
outer loop
vertex 1.034676 0.506898 0.464645
vertex 1.041573 0.500000 0.472221
vertex 1.035356 0.500000 0.464645
endloop
endfacet
facet normal 0.770859 0.076005 0.632456
outer loop
vertex 1.040774 0.508110 0.527778
vertex 1.034676 0.506898 0.535356
vertex 1.035356 0.500000 0.535356
endloop
endfacet
facet normal 0.770876 0.075956 0.632440
outer loop
vertex 1.040774 0.508110 0.527778
vertex 1.035356 0.500000 0.535356
vertex 1.041573 0.500000 0.527778
endloop
endfacet
facet normal 0.633152 0.062415 -0.771507
outer loop
vertex 1.027245 0.505419 0.458427
vertex 1.034676 0.506898 0.464645
vertex 1.035356 0.500000 0.464645
endloop
endfacet
facet normal 0.633089 0.062276 -0.771570
outer loop
vertex 1.027245 0.505419 0.458427
vertex 1.035356 0.500000 0.464645
vertex 1.027778 0.500000 0.458427
endloop
endfacet
facet normal 0.878549 0.086556 0.469745
outer loop
vertex 1.045307 0.509012 0.519134
vertex 1.040774 0.508110 0.527778
vertex 1.041573 0.500000 0.527778
endloop
endfacet
facet normal 0.878587 0.086489 0.469686
outer loop
vertex 1.045307 0.509012 0.519134
vertex 1.041573 0.500000 0.527778
vertex 1.046194 0.500000 0.519134
endloop
endfacet
facet normal 0.470902 0.046341 -0.880967
outer loop
vertex 1.018766 0.503733 0.453806
vertex 1.027245 0.505419 0.458427
vertex 1.027778 0.500000 0.458427
endloop
endfacet
facet normal 0.470959 0.046429 -0.880932
outer loop
vertex 1.018766 0.503733 0.453806
vertex 1.027778 0.500000 0.458427
vertex 1.019134 0.500000 0.453806
endloop
endfacet
facet normal 0.952740 0.093798 0.288943
outer loop
vertex 1.048097 0.509567 0.509754
vertex 1.045307 0.509012 0.519134
vertex 1.046194 0.500000 0.519134
endloop
endfacet
facet normal 0.952735 0.093794 0.288962
outer loop
vertex 1.048097 0.509567 0.509754
vertex 1.046194 0.500000 0.519134
vertex 1.049039 0.500000 0.509754
endloop
endfacet
facet normal 0.290238 0.028624 -0.956526
outer loop
vertex 1.009567 0.501903 0.450960
vertex 1.018766 0.503733 0.453806
vertex 1.019134 0.500000 0.453806
endloop
endfacet
facet normal 0.290218 0.028496 -0.956536
outer loop
vertex 1.009567 0.501903 0.450960
vertex 1.019134 0.500000 0.453806
vertex 1.009754 0.500000 0.450960
endloop
endfacet
facet normal 0.990444 0.097524 0.097521
outer loop
vertex 1.049039 0.509754 0.500000
vertex 1.048097 0.509567 0.509754
vertex 1.049039 0.500000 0.509754
endloop
endfacet
facet normal 0.990432 0.097593 0.097575
outer loop
vertex 1.049039 0.509754 0.500000
vertex 1.049039 0.500000 0.509754
vertex 1.050000 0.500000 0.500000
endloop
endfacet
facet normal 0.098048 0.009630 0.995135
outer loop
vertex 1.009567 0.501903 0.549039
vertex 1.000000 0.500000 0.550000
vertex 1.009754 0.500000 0.549039
endloop
endfacet
facet normal 0.097943 0.009618 -0.995146
outer loop
vertex 1.000000 0.500000 0.450000
vertex 1.009567 0.501903 0.450960
vertex 1.009754 0.500000 0.450960
endloop
endfacet
facet normal 0.990441 0.097563 -0.097510
outer loop
vertex 1.048097 0.509567 0.490245
vertex 1.049039 0.509754 0.500000
vertex 1.050000 0.500000 0.500000
endloop
endfacet
facet normal 0.990438 0.097535 -0.097568
outer loop
vertex 1.048097 0.509567 0.490245
vertex 1.050000 0.500000 0.500000
vertex 1.049039 0.500000 0.490245
endloop
endfacet
facet normal 0.290174 0.028501 0.956550
outer loop
vertex 1.018766 0.503733 0.546194
vertex 1.009567 0.501903 0.549039
vertex 1.009754 0.500000 0.549039
endloop
endfacet
facet normal 0.290114 0.028609 0.956564
outer loop
vertex 1.018766 0.503733 0.546194
vertex 1.009754 0.500000 0.549039
vertex 1.019134 0.500000 0.546194
endloop
endfacet
facet normal 0.952730 0.093822 -0.288969
outer loop
vertex 1.045307 0.509012 0.480866
vertex 1.048097 0.509567 0.490245
vertex 1.049039 0.500000 0.490245
endloop
endfacet
facet normal 0.952729 0.093765 -0.288991
outer loop
vertex 1.045307 0.509012 0.480866
vertex 1.049039 0.500000 0.490245
vertex 1.046194 0.500000 0.480866
endloop
endfacet
facet normal 0.470895 0.046422 0.880967
outer loop
vertex 1.027245 0.505419 0.541573
vertex 1.018766 0.503733 0.546194
vertex 1.019134 0.500000 0.546194
endloop
endfacet
facet normal 0.470948 0.046345 0.880943
outer loop
vertex 1.027245 0.505419 0.541573
vertex 1.019134 0.500000 0.546194
vertex 1.027778 0.500000 0.541573
endloop
endfacet
facet normal 0.878580 0.086478 -0.469701
outer loop
vertex 1.040774 0.508110 0.472221
vertex 1.045307 0.509012 0.480866
vertex 1.046194 0.500000 0.480866
endloop
endfacet
facet normal 0.878603 0.086575 -0.469640
outer loop
vertex 1.040774 0.508110 0.472221
vertex 1.046194 0.500000 0.480866
vertex 1.041573 0.500000 0.472221
endloop
endfacet
facet normal 0.633105 0.062271 0.771557
outer loop
vertex 1.034676 0.506898 0.535356
vertex 1.027245 0.505419 0.541573
vertex 1.027778 0.500000 0.541573
endloop
endfacet
facet normal 0.633035 0.062413 0.771603
outer loop
vertex 1.034676 0.506898 0.535356
vertex 1.027778 0.500000 0.541573
vertex 1.035356 0.500000 0.535356
endloop
endfacet
facet normal 0.098048 -0.009630 0.995135
outer loop
vertex 1.009754 0.500000 0.549039
vertex 1.000000 0.500000 0.550000
vertex 1.009567 0.498097 0.549039
endloop
endfacet
facet normal 0.097943 -0.009618 -0.995145
outer loop
vertex 1.000000 0.500000 0.450000
vertex 1.009754 0.500000 0.450960
vertex 1.009567 0.498097 0.450960
endloop
endfacet
facet normal 0.990434 -0.097573 -0.097566
outer loop
vertex 1.049039 0.500000 0.490245
vertex 1.050000 0.500000 0.500000
vertex 1.049039 0.490245 0.500000
endloop
endfacet
facet normal 0.990445 -0.097514 -0.097521
outer loop
vertex 1.049039 0.500000 0.490245
vertex 1.049039 0.490245 0.500000
vertex 1.048097 0.490433 0.490245
endloop
endfacet
facet normal 0.290120 -0.028497 0.956566
outer loop
vertex 1.019134 0.500000 0.546194
vertex 1.009754 0.500000 0.549039
vertex 1.009567 0.498097 0.549039
endloop
endfacet
facet normal 0.290141 -0.028611 0.956556
outer loop
vertex 1.019134 0.500000 0.546194
vertex 1.009567 0.498097 0.549039
vertex 1.018766 0.496267 0.546194
endloop
endfacet
facet normal 0.952727 -0.093783 -0.288991
outer loop
vertex 1.046194 0.500000 0.480866
vertex 1.049039 0.500000 0.490245
vertex 1.048097 0.490433 0.490245
endloop
endfacet
facet normal 0.952730 -0.093807 -0.288973
outer loop
vertex 1.046194 0.500000 0.480866
vertex 1.048097 0.490433 0.490245
vertex 1.045307 0.490988 0.480866
endloop
endfacet
facet normal 0.470948 -0.046453 0.880937
outer loop
vertex 1.027778 0.500000 0.541573
vertex 1.019134 0.500000 0.546194
vertex 1.018766 0.496267 0.546194
endloop
endfacet
facet normal 0.470912 -0.046324 0.880963
outer loop
vertex 1.027778 0.500000 0.541573
vertex 1.018766 0.496267 0.546194
vertex 1.027245 0.494581 0.541573
endloop
endfacet
facet normal 0.878608 -0.086502 -0.469643
outer loop
vertex 1.041573 0.500000 0.472221
vertex 1.046194 0.500000 0.480866
vertex 1.045307 0.490988 0.480866
endloop
endfacet
facet normal 0.878569 -0.086548 -0.469708
outer loop
vertex 1.041573 0.500000 0.472221
vertex 1.045307 0.490988 0.480866
vertex 1.040774 0.491890 0.472221
endloop
endfacet
facet normal 0.633028 -0.062281 0.771620
outer loop
vertex 1.035356 0.500000 0.535356
vertex 1.027778 0.500000 0.541573
vertex 1.027245 0.494581 0.541573
endloop
endfacet
facet normal 0.633096 -0.062415 0.771553
outer loop
vertex 1.035356 0.500000 0.535356
vertex 1.027245 0.494581 0.541573
vertex 1.034676 0.493103 0.535356
endloop
endfacet
facet normal 0.770800 -0.075968 -0.632532
outer loop
vertex 1.035356 0.500000 0.464645
vertex 1.041573 0.500000 0.472221
vertex 1.040774 0.491890 0.472221
endloop
endfacet
facet normal 0.770773 -0.075972 -0.632564
outer loop
vertex 1.035356 0.500000 0.464645
vertex 1.040774 0.491890 0.472221
vertex 1.034676 0.493103 0.464645
endloop
endfacet
facet normal 0.770881 -0.075990 0.632431
outer loop
vertex 1.041573 0.500000 0.527778
vertex 1.035356 0.500000 0.535356
vertex 1.034676 0.493103 0.535356
endloop
endfacet
facet normal 0.770856 -0.075977 0.632462
outer loop
vertex 1.041573 0.500000 0.527778
vertex 1.034676 0.493103 0.535356
vertex 1.040774 0.491890 0.527778
endloop
endfacet
facet normal 0.633089 -0.062418 -0.771558
outer loop
vertex 1.027778 0.500000 0.458427
vertex 1.035356 0.500000 0.464645
vertex 1.034676 0.493103 0.464645
endloop
endfacet
facet normal 0.633169 -0.062285 -0.771504
outer loop
vertex 1.027778 0.500000 0.458427
vertex 1.034676 0.493103 0.464645
vertex 1.027245 0.494581 0.458427
endloop
endfacet
facet normal 0.878580 -0.086582 0.469681
outer loop
vertex 1.046194 0.500000 0.519134
vertex 1.041573 0.500000 0.527778
vertex 1.040774 0.491890 0.527778
endloop
endfacet
facet normal 0.878559 -0.086465 0.469743
outer loop
vertex 1.046194 0.500000 0.519134
vertex 1.040774 0.491890 0.527778
vertex 1.045307 0.490988 0.519134
endloop
endfacet
facet normal 0.470946 -0.046327 -0.880945
outer loop
vertex 1.019134 0.500000 0.453806
vertex 1.027778 0.500000 0.458427
vertex 1.027245 0.494581 0.458427
endloop
endfacet
facet normal 0.470890 -0.046448 -0.880968
outer loop
vertex 1.019134 0.500000 0.453806
vertex 1.027245 0.494581 0.458427
vertex 1.018766 0.496267 0.453806
endloop
endfacet
facet normal 0.952738 -0.093756 0.288963
outer loop
vertex 1.049039 0.500000 0.509754
vertex 1.046194 0.500000 0.519134
vertex 1.045307 0.490988 0.519134
endloop
endfacet
facet normal 0.952736 -0.093834 0.288946
outer loop
vertex 1.049039 0.500000 0.509754
vertex 1.045307 0.490988 0.519134
vertex 1.048097 0.490433 0.509754
endloop
endfacet
facet normal 0.290221 -0.028621 -0.956532
outer loop
vertex 1.009754 0.500000 0.450960
vertex 1.019134 0.500000 0.453806
vertex 1.018766 0.496267 0.453806
endloop
endfacet
facet normal 0.290274 -0.028501 -0.956519
outer loop
vertex 1.009754 0.500000 0.450960
vertex 1.018766 0.496267 0.453806
vertex 1.009567 0.498097 0.450960
endloop
endfacet
facet normal 0.990437 -0.097542 0.097576
outer loop
vertex 1.050000 0.500000 0.500000
vertex 1.049039 0.500000 0.509754
vertex 1.048097 0.490433 0.509754
endloop
endfacet
facet normal 0.990439 -0.097565 0.097532
outer loop
vertex 1.050000 0.500000 0.500000
vertex 1.048097 0.490433 0.509754
vertex 1.049039 0.490245 0.500000
endloop
endfacet
facet normal 0.741253 -0.224801 0.632462
outer loop
vertex 1.040774 0.491890 0.527778
vertex 1.034676 0.493103 0.535356
vertex 1.032664 0.486470 0.535356
endloop
endfacet
facet normal 0.741218 -0.224802 0.632502
outer loop
vertex 1.040774 0.491890 0.527778
vertex 1.032664 0.486470 0.535356
vertex 1.038409 0.484091 0.527778
endloop
endfacet
facet normal 0.608834 -0.184676 -0.771503
outer loop
vertex 1.027245 0.494581 0.458427
vertex 1.034676 0.493103 0.464645
vertex 1.032664 0.486470 0.464645
endloop
endfacet
facet normal 0.608819 -0.184671 -0.771515
outer loop
vertex 1.027245 0.494581 0.458427
vertex 1.032664 0.486470 0.464645
vertex 1.025664 0.489369 0.458427
endloop
endfacet
facet normal 0.844812 -0.256197 0.469740
outer loop
vertex 1.045307 0.490988 0.519134
vertex 1.040774 0.491890 0.527778
vertex 1.038409 0.484091 0.527778
endloop
endfacet
facet normal 0.844831 -0.256392 0.469599
outer loop
vertex 1.045307 0.490988 0.519134
vertex 1.038409 0.484091 0.527778
vertex 1.042677 0.482322 0.519134
endloop
endfacet
facet normal 0.452805 -0.137359 -0.880965
outer loop
vertex 1.018766 0.496267 0.453806
vertex 1.027245 0.494581 0.458427
vertex 1.025664 0.489369 0.458427
endloop
endfacet
facet normal 0.452813 -0.137325 -0.880967
outer loop
vertex 1.018766 0.496267 0.453806
vertex 1.025664 0.489369 0.458427
vertex 1.017677 0.492677 0.453806
endloop
endfacet
facet normal 0.916095 -0.277995 0.288943
outer loop
vertex 1.048097 0.490433 0.509754
vertex 1.045307 0.490988 0.519134
vertex 1.042677 0.482322 0.519134
endloop
endfacet
facet normal 0.916090 -0.277864 0.289086
outer loop
vertex 1.048097 0.490433 0.509754
vertex 1.042677 0.482322 0.519134
vertex 1.045307 0.481234 0.509754
endloop
endfacet
facet normal 0.279097 -0.084652 -0.956524
outer loop
vertex 1.009567 0.498097 0.450960
vertex 1.018766 0.496267 0.453806
vertex 1.017677 0.492677 0.453806
endloop
endfacet
facet normal 0.279083 -0.084643 -0.956529
outer loop
vertex 1.009567 0.498097 0.450960
vertex 1.017677 0.492677 0.453806
vertex 1.009012 0.496267 0.450960
endloop
endfacet
facet normal 0.952392 -0.288849 0.097544
outer loop
vertex 1.049039 0.490245 0.500000
vertex 1.048097 0.490433 0.509754
vertex 1.045307 0.481234 0.509754
endloop
endfacet
facet normal 0.952382 -0.288890 0.097524
outer loop
vertex 1.049039 0.490245 0.500000
vertex 1.045307 0.481234 0.509754
vertex 1.046194 0.480866 0.500000
endloop
endfacet
facet normal 0.094281 -0.028594 0.995135
outer loop
vertex 1.009567 0.498097 0.549039
vertex 1.000000 0.500000 0.550000
vertex 1.009012 0.496267 0.549039
endloop
endfacet
facet normal 0.094183 -0.028563 -0.995145
outer loop
vertex 1.000000 0.500000 0.450000
vertex 1.009567 0.498097 0.450960
vertex 1.009012 0.496267 0.450960
endloop
endfacet
facet normal 0.952385 -0.288876 -0.097534
outer loop
vertex 1.048097 0.490433 0.490245
vertex 1.049039 0.490245 0.500000
vertex 1.046194 0.480866 0.500000
endloop
endfacet
facet normal 0.952386 -0.288880 -0.097513
outer loop
vertex 1.048097 0.490433 0.490245
vertex 1.046194 0.480866 0.500000
vertex 1.045307 0.481234 0.490245
endloop
endfacet
facet normal 0.279002 -0.084620 0.956555
outer loop
vertex 1.018766 0.496267 0.546194
vertex 1.009567 0.498097 0.549039
vertex 1.009012 0.496267 0.549039
endloop
endfacet
facet normal 0.278999 -0.084617 0.956556
outer loop
vertex 1.018766 0.496267 0.546194
vertex 1.009012 0.496267 0.549039
vertex 1.017677 0.492677 0.546194
endloop
endfacet
facet normal 0.916126 -0.277864 -0.288972
outer loop
vertex 1.045307 0.490988 0.480866
vertex 1.048097 0.490433 0.490245
vertex 1.045307 0.481234 0.490245
endloop
endfacet
facet normal 0.916042 -0.277987 -0.289121
outer loop
vertex 1.045307 0.490988 0.480866
vertex 1.045307 0.481234 0.490245
vertex 1.042677 0.482322 0.480866
endloop
endfacet
facet normal 0.452807 -0.137346 0.880966
outer loop
vertex 1.027245 0.494581 0.541573
vertex 1.018766 0.496267 0.546194
vertex 1.017677 0.492677 0.546194
endloop
endfacet
facet normal 0.452816 -0.137345 0.880962
outer loop
vertex 1.027245 0.494581 0.541573
vertex 1.017677 0.492677 0.546194
vertex 1.025664 0.489369 0.541573
endloop
endfacet
facet normal 0.844778 -0.256389 -0.469697
outer loop
vertex 1.040774 0.491890 0.472221
vertex 1.045307 0.490988 0.480866
vertex 1.042677 0.482322 0.480866
endloop
endfacet
facet normal 0.844916 -0.256203 -0.469549
outer loop
vertex 1.040774 0.491890 0.472221
vertex 1.042677 0.482322 0.480866
vertex 1.038409 0.484091 0.472221
endloop
endfacet
facet normal 0.608768 -0.184682 0.771553
outer loop
vertex 1.034676 0.493103 0.535356
vertex 1.027245 0.494581 0.541573
vertex 1.025664 0.489369 0.541573
endloop
endfacet
facet normal 0.608772 -0.184647 0.771558
outer loop
vertex 1.034676 0.493103 0.535356
vertex 1.025664 0.489369 0.541573
vertex 1.032664 0.486470 0.535356
endloop
endfacet
facet normal 0.741180 -0.224754 -0.632565
outer loop
vertex 1.034676 0.493103 0.464645
vertex 1.040774 0.491890 0.472221
vertex 1.038409 0.484091 0.472221
endloop
endfacet
facet normal 0.741130 -0.224824 -0.632598
outer loop
vertex 1.034676 0.493103 0.464645
vertex 1.038409 0.484091 0.472221
vertex 1.032664 0.486470 0.464645
endloop
endfacet
facet normal 0.877712 -0.469161 -0.097521
outer loop
vertex 1.045307 0.481234 0.490245
vertex 1.046194 0.480866 0.500000
vertex 1.041573 0.472221 0.500000
endloop
endfacet
facet normal 0.877674 -0.469218 -0.097582
outer loop
vertex 1.045307 0.481234 0.490245
vertex 1.041573 0.472221 0.500000
vertex 1.040774 0.472755 0.490245
endloop
endfacet
facet normal 0.257086 -0.137547 0.956550
outer loop
vertex 1.017677 0.492677 0.546194
vertex 1.009012 0.496267 0.549039
vertex 1.008110 0.494581 0.549039
endloop
endfacet
facet normal 0.257101 -0.137417 0.956565
outer loop
vertex 1.017677 0.492677 0.546194
vertex 1.008110 0.494581 0.549039
vertex 1.015909 0.489369 0.546194
endloop
endfacet
facet normal 0.844223 -0.451351 -0.289085
outer loop
vertex 1.042677 0.482322 0.480866
vertex 1.045307 0.481234 0.490245
vertex 1.040774 0.472755 0.490245
endloop
endfacet
facet normal 0.844338 -0.451208 -0.288971
outer loop
vertex 1.042677 0.482322 0.480866
vertex 1.040774 0.472755 0.490245
vertex 1.038409 0.474336 0.480866
endloop
endfacet
facet normal 0.417320 -0.223054 0.880961
outer loop
vertex 1.025664 0.489369 0.541573
vertex 1.017677 0.492677 0.546194
vertex 1.015909 0.489369 0.546194
endloop
endfacet
facet normal 0.417314 -0.223085 0.880955
outer loop
vertex 1.025664 0.489369 0.541573
vertex 1.015909 0.489369 0.546194
vertex 1.023097 0.484567 0.541573
endloop
endfacet
facet normal 0.778666 -0.416150 -0.469573
outer loop
vertex 1.038409 0.484091 0.472221
vertex 1.042677 0.482322 0.480866
vertex 1.038409 0.474336 0.480866
endloop
endfacet
facet normal 0.778635 -0.416162 -0.469614
outer loop
vertex 1.038409 0.484091 0.472221
vertex 1.038409 0.474336 0.480866
vertex 1.034567 0.476903 0.472221
endloop
endfacet
facet normal 0.561048 -0.299916 0.771541
outer loop
vertex 1.032664 0.486470 0.535356
vertex 1.025664 0.489369 0.541573
vertex 1.023097 0.484567 0.541573
endloop
endfacet
facet normal 0.561032 -0.299839 0.771582
outer loop
vertex 1.032664 0.486470 0.535356
vertex 1.023097 0.484567 0.541573
vertex 1.029397 0.480357 0.535356
endloop
endfacet
facet normal 0.683039 -0.365070 -0.632599
outer loop
vertex 1.032664 0.486470 0.464645
vertex 1.038409 0.484091 0.472221
vertex 1.034567 0.476903 0.472221
endloop
endfacet
facet normal 0.683064 -0.365081 -0.632566
outer loop
vertex 1.032664 0.486470 0.464645
vertex 1.034567 0.476903 0.472221
vertex 1.029397 0.480357 0.464645
endloop
endfacet
facet normal 0.683125 -0.365071 0.632506
outer loop
vertex 1.038409 0.484091 0.527778
vertex 1.032664 0.486470 0.535356
vertex 1.029397 0.480357 0.535356
endloop
endfacet
facet normal 0.683123 -0.365136 0.632470
outer loop
vertex 1.038409 0.484091 0.527778
vertex 1.029397 0.480357 0.535356
vertex 1.034567 0.476903 0.527778
endloop
endfacet
facet normal 0.561115 -0.299901 -0.771498
outer loop
vertex 1.025664 0.489369 0.458427
vertex 1.032664 0.486470 0.464645
vertex 1.029397 0.480357 0.464645
endloop
endfacet
facet normal 0.561060 -0.299916 -0.771533
outer loop
vertex 1.025664 0.489369 0.458427
vertex 1.029397 0.480357 0.464645
vertex 1.023097 0.484567 0.458427
endloop
endfacet
facet normal 0.778628 -0.416180 0.469609
outer loop
vertex 1.042677 0.482322 0.519134
vertex 1.038409 0.484091 0.527778
vertex 1.034567 0.476903 0.527778
endloop
endfacet
facet normal 0.778642 -0.416099 0.469658
outer loop
vertex 1.042677 0.482322 0.519134
vertex 1.034567 0.476903 0.527778
vertex 1.038409 0.474336 0.519134
endloop
endfacet
facet normal 0.417306 -0.223081 -0.880960
outer loop
vertex 1.017677 0.492677 0.453806
vertex 1.025664 0.489369 0.458427
vertex 1.023097 0.484567 0.458427
endloop
endfacet
facet normal 0.417333 -0.223057 -0.880953
outer loop
vertex 1.017677 0.492677 0.453806
vertex 1.023097 0.484567 0.458427
vertex 1.015909 0.489369 0.453806
endloop
endfacet
facet normal 0.844296 -0.451225 0.289067
outer loop
vertex 1.045307 0.481234 0.509754
vertex 1.042677 0.482322 0.519134
vertex 1.038409 0.474336 0.519134
endloop
endfacet
facet normal 0.844272 -0.451351 0.288941
outer loop
vertex 1.045307 0.481234 0.509754
vertex 1.038409 0.474336 0.519134
vertex 1.040774 0.472755 0.509754
endloop
endfacet
facet normal 0.257215 -0.137487 -0.956524
outer loop
vertex 1.009012 0.496267 0.450960
vertex 1.017677 0.492677 0.453806
vertex 1.015909 0.489369 0.453806
endloop
endfacet
facet normal 0.257127 -0.137547 -0.956539
outer loop
vertex 1.009012 0.496267 0.450960
vertex 1.015909 0.489369 0.453806
vertex 1.008110 0.494581 0.450960
endloop
endfacet
facet normal 0.877679 -0.469221 0.097529
outer loop
vertex 1.046194 0.480866 0.500000
vertex 1.045307 0.481234 0.509754
vertex 1.040774 0.472755 0.509754
endloop
endfacet
facet normal 0.877700 -0.469168 0.097591
outer loop
vertex 1.046194 0.480866 0.500000
vertex 1.040774 0.472755 0.509754
vertex 1.041573 0.472221 0.500000
endloop
endfacet
facet normal 0.086885 -0.046476 0.995134
outer loop
vertex 1.009012 0.496267 0.549039
vertex 1.000000 0.500000 0.550000
vertex 1.008110 0.494581 0.549039
endloop
endfacet
facet normal 0.086779 -0.046426 -0.995145
outer loop
vertex 1.000000 0.500000 0.450000
vertex 1.009012 0.496267 0.450960
vertex 1.008110 0.494581 0.450960
endloop
endfacet
facet normal 0.491767 -0.403621 -0.771528
outer loop
vertex 1.023097 0.484567 0.458427
vertex 1.029397 0.480357 0.464645
vertex 1.025000 0.475000 0.464645
endloop
endfacet
facet normal 0.491792 -0.403617 -0.771514
outer loop
vertex 1.023097 0.484567 0.458427
vertex 1.025000 0.475000 0.464645
vertex 1.019642 0.480357 0.458427
endloop
endfacet
facet normal 0.682471 -0.560061 0.469643
outer loop
vertex 1.038409 0.474336 0.519134
vertex 1.034567 0.476903 0.527778
vertex 1.029397 0.470603 0.527778
endloop
endfacet
facet normal 0.682449 -0.560100 0.469628
outer loop
vertex 1.038409 0.474336 0.519134
vertex 1.029397 0.470603 0.527778
vertex 1.032664 0.467336 0.519134
endloop
endfacet
facet normal 0.365795 -0.300180 -0.880957
outer loop
vertex 1.015909 0.489369 0.453806
vertex 1.023097 0.484567 0.458427
vertex 1.019642 0.480357 0.458427
endloop
endfacet
facet normal 0.365807 -0.300194 -0.880948
outer loop
vertex 1.015909 0.489369 0.453806
vertex 1.019642 0.480357 0.458427
vertex 1.013530 0.486470 0.453806
endloop
endfacet
facet normal 0.740032 -0.607338 0.288953
outer loop
vertex 1.040774 0.472755 0.509754
vertex 1.038409 0.474336 0.519134
vertex 1.032664 0.467336 0.519134
endloop
endfacet
facet normal 0.740043 -0.607300 0.289003
outer loop
vertex 1.040774 0.472755 0.509754
vertex 1.032664 0.467336 0.519134
vertex 1.034676 0.465324 0.509754
endloop
endfacet
facet normal 0.225428 -0.184986 -0.956537
outer loop
vertex 1.008110 0.494581 0.450960
vertex 1.015909 0.489369 0.453806
vertex 1.013530 0.486470 0.453806
endloop
endfacet
facet normal 0.225530 -0.184962 -0.956517
outer loop
vertex 1.008110 0.494581 0.450960
vertex 1.013530 0.486470 0.453806
vertex 1.006898 0.493103 0.450960
endloop
endfacet
facet normal 0.769356 -0.631322 0.097589
outer loop
vertex 1.041573 0.472221 0.500000
vertex 1.040774 0.472755 0.509754
vertex 1.034676 0.465324 0.509754
endloop
endfacet
facet normal 0.769344 -0.631338 0.097587
outer loop
vertex 1.041573 0.472221 0.500000
vertex 1.034676 0.465324 0.509754
vertex 1.035356 0.464645 0.500000
endloop
endfacet
facet normal 0.076197 -0.062474 0.995134
outer loop
vertex 1.008110 0.494581 0.549039
vertex 1.000000 0.500000 0.550000
vertex 1.006898 0.493103 0.549039
endloop
endfacet
facet normal 0.076110 -0.062411 -0.995144
outer loop
vertex 1.000000 0.500000 0.450000
vertex 1.008110 0.494581 0.450960
vertex 1.006898 0.493103 0.450960
endloop
endfacet
facet normal 0.769339 -0.631344 -0.097576
outer loop
vertex 1.040774 0.472755 0.490245
vertex 1.041573 0.472221 0.500000
vertex 1.035356 0.464645 0.500000
endloop
endfacet
facet normal 0.769357 -0.631323 -0.097574
outer loop
vertex 1.040774 0.472755 0.490245
vertex 1.035356 0.464645 0.500000
vertex 1.034676 0.465324 0.490245
endloop
endfacet
facet normal 0.225420 -0.184874 0.956560
outer loop
vertex 1.015909 0.489369 0.546194
vertex 1.008110 0.494581 0.549039
vertex 1.006898 0.493103 0.549039
endloop
endfacet
facet normal 0.225375 -0.184937 0.956559
outer loop
vertex 1.015909 0.489369 0.546194
vertex 1.006898 0.493103 0.549039
vertex 1.013530 0.486470 0.546194
endloop
endfacet
facet normal 0.740050 -0.607304 -0.288977
outer loop
vertex 1.038409 0.474336 0.480866
vertex 1.040774 0.472755 0.490245
vertex 1.034676 0.465324 0.490245
endloop
endfacet
facet normal 0.740014 -0.607321 -0.289032
outer loop
vertex 1.038409 0.474336 0.480866
vertex 1.034676 0.465324 0.490245
vertex 1.032664 0.467336 0.480866
endloop
endfacet
facet normal 0.365807 -0.300194 0.880948
outer loop
vertex 1.023097 0.484567 0.541573
vertex 1.015909 0.489369 0.546194
vertex 1.013530 0.486470 0.546194
endloop
endfacet
facet normal 0.365799 -0.300194 0.880951
outer loop
vertex 1.023097 0.484567 0.541573
vertex 1.013530 0.486470 0.546194
vertex 1.019642 0.480357 0.541573
endloop
endfacet
facet normal 0.682464 -0.560092 -0.469617
outer loop
vertex 1.034567 0.476903 0.472221
vertex 1.038409 0.474336 0.480866
vertex 1.032664 0.467336 0.480866
endloop
endfacet
facet normal 0.682492 -0.560092 -0.469575
outer loop
vertex 1.034567 0.476903 0.472221
vertex 1.032664 0.467336 0.480866
vertex 1.029397 0.470603 0.472221
endloop
endfacet
facet normal 0.491735 -0.403575 0.771573
outer loop
vertex 1.029397 0.480357 0.535356
vertex 1.023097 0.484567 0.541573
vertex 1.019642 0.480357 0.541573
endloop
endfacet
facet normal 0.491726 -0.403592 0.771570
outer loop
vertex 1.029397 0.480357 0.535356
vertex 1.019642 0.480357 0.541573
vertex 1.025000 0.475000 0.535356
endloop
endfacet
facet normal 0.598715 -0.491311 -0.632577
outer loop
vertex 1.029397 0.480357 0.464645
vertex 1.034567 0.476903 0.472221
vertex 1.029397 0.470603 0.472221
endloop
endfacet
facet normal 0.598641 -0.491345 -0.632620
outer loop
vertex 1.029397 0.480357 0.464645
vertex 1.029397 0.470603 0.472221
vertex 1.025000 0.475000 0.464645
endloop
endfacet
facet normal 0.598729 -0.491431 0.632471
outer loop
vertex 1.034567 0.476903 0.527778
vertex 1.029397 0.480357 0.535356
vertex 1.025000 0.475000 0.535356
endloop
endfacet
facet normal 0.598748 -0.491342 0.632522
outer loop
vertex 1.034567 0.476903 0.527778
vertex 1.025000 0.475000 0.535356
vertex 1.029397 0.470603 0.527778
endloop
endfacet
facet normal 0.184890 -0.225431 0.956554
outer loop
vertex 1.013530 0.486470 0.546194
vertex 1.006898 0.493103 0.549039
vertex 1.005419 0.491890 0.549039
endloop
endfacet
facet normal 0.184918 -0.225397 0.956557
outer loop
vertex 1.013530 0.486470 0.546194
vertex 1.005419 0.491890 0.549039
vertex 1.010630 0.484091 0.546194
endloop
endfacet
facet normal 0.607283 -0.740047 -0.289028
outer loop
vertex 1.032664 0.467336 0.480866
vertex 1.034676 0.465324 0.490245
vertex 1.027245 0.459226 0.490245
endloop
endfacet
facet normal 0.607335 -0.740022 -0.288983
outer loop
vertex 1.032664 0.467336 0.480866
vertex 1.027245 0.459226 0.490245
vertex 1.025664 0.461591 0.480866
endloop
endfacet
facet normal 0.300121 -0.365871 0.880946
outer loop
vertex 1.019642 0.480357 0.541573
vertex 1.013530 0.486470 0.546194
vertex 1.010630 0.484091 0.546194
endloop
endfacet
facet normal 0.300176 -0.365787 0.880962
outer loop
vertex 1.019642 0.480357 0.541573
vertex 1.010630 0.484091 0.546194
vertex 1.015433 0.476903 0.541573
endloop
endfacet
facet normal 0.560102 -0.682483 -0.469577
outer loop
vertex 1.029397 0.470603 0.472221
vertex 1.032664 0.467336 0.480866
vertex 1.025664 0.461591 0.480866
endloop
endfacet
facet normal 0.560071 -0.682488 -0.469607
outer loop
vertex 1.029397 0.470603 0.472221
vertex 1.025664 0.461591 0.480866
vertex 1.023097 0.465433 0.472221
endloop
endfacet
facet normal 0.403559 -0.491795 0.771543
outer loop
vertex 1.025000 0.475000 0.535356
vertex 1.019642 0.480357 0.541573
vertex 1.015433 0.476903 0.541573
endloop
endfacet
facet normal 0.403582 -0.491750 0.771559
outer loop
vertex 1.025000 0.475000 0.535356
vertex 1.015433 0.476903 0.541573
vertex 1.019642 0.470603 0.535356
endloop
endfacet
facet normal 0.491300 -0.598681 -0.632618
outer loop
vertex 1.025000 0.475000 0.464645
vertex 1.029397 0.470603 0.472221
vertex 1.023097 0.465433 0.472221
endloop
endfacet
facet normal 0.491293 -0.598705 -0.632601
outer loop
vertex 1.025000 0.475000 0.464645
vertex 1.023097 0.465433 0.472221
vertex 1.019642 0.470603 0.464645
endloop
endfacet
facet normal 0.491346 -0.598762 0.632505
outer loop
vertex 1.029397 0.470603 0.527778
vertex 1.025000 0.475000 0.535356
vertex 1.019642 0.470603 0.535356
endloop
endfacet
facet normal 0.491349 -0.598744 0.632520
outer loop
vertex 1.029397 0.470603 0.527778
vertex 1.019642 0.470603 0.535356
vertex 1.023097 0.465433 0.527778
endloop
endfacet
facet normal 0.403614 -0.491824 -0.771495
outer loop
vertex 1.019642 0.480357 0.458427
vertex 1.025000 0.475000 0.464645
vertex 1.019642 0.470603 0.464645
endloop
endfacet
facet normal 0.403604 -0.491805 -0.771513
outer loop
vertex 1.019642 0.480357 0.458427
vertex 1.019642 0.470603 0.464645
vertex 1.015433 0.476903 0.458427
endloop
endfacet
facet normal 0.560077 -0.682473 0.469621
outer loop
vertex 1.032664 0.467336 0.519134
vertex 1.029397 0.470603 0.527778
vertex 1.023097 0.465433 0.527778
endloop
endfacet
facet normal 0.560071 -0.682464 0.469642
outer loop
vertex 1.032664 0.467336 0.519134
vertex 1.023097 0.465433 0.527778
vertex 1.025664 0.461591 0.519134
endloop
endfacet
facet normal 0.300196 -0.365807 -0.880947
outer loop
vertex 1.013530 0.486470 0.453806
vertex 1.019642 0.480357 0.458427
vertex 1.015433 0.476903 0.458427
endloop
endfacet
facet normal 0.300100 -0.365845 -0.880964
outer loop
vertex 1.013530 0.486470 0.453806
vertex 1.015433 0.476903 0.458427
vertex 1.010630 0.484091 0.453806
endloop
endfacet
facet normal 0.607328 -0.740021 0.289001
outer loop
vertex 1.034676 0.465324 0.509754
vertex 1.032664 0.467336 0.519134
vertex 1.025664 0.461591 0.519134
endloop
endfacet
facet normal 0.607307 -0.740054 0.288960
outer loop
vertex 1.034676 0.465324 0.509754
vertex 1.025664 0.461591 0.519134
vertex 1.027245 0.459226 0.509754
endloop
endfacet
facet normal 0.184975 -0.225461 -0.956531
outer loop
vertex 1.006898 0.493103 0.450960
vertex 1.013530 0.486470 0.453806
vertex 1.010630 0.484091 0.453806
endloop
endfacet
facet normal 0.184929 -0.225517 -0.956527
outer loop
vertex 1.006898 0.493103 0.450960
vertex 1.010630 0.484091 0.453806
vertex 1.005419 0.491890 0.450960
endloop
endfacet
facet normal 0.631335 -0.769348 0.097567
outer loop
vertex 1.035356 0.464645 0.500000
vertex 1.034676 0.465324 0.509754
vertex 1.027245 0.459226 0.509754
endloop
endfacet
facet normal 0.631310 -0.769374 0.097531
outer loop
vertex 1.035356 0.464645 0.500000
vertex 1.027245 0.459226 0.509754
vertex 1.027778 0.458427 0.500000
endloop
endfacet
facet normal 0.062444 -0.076171 0.995138
outer loop
vertex 1.006898 0.493103 0.549039
vertex 1.000000 0.500000 0.550000
vertex 1.005419 0.491890 0.549039
endloop
endfacet
facet normal 0.062419 -0.076096 -0.995145
outer loop
vertex 1.000000 0.500000 0.450000
vertex 1.006898 0.493103 0.450960
vertex 1.005419 0.491890 0.450960
endloop
endfacet
facet normal 0.631300 -0.769378 -0.097561
outer loop
vertex 1.034676 0.465324 0.490245
vertex 1.035356 0.464645 0.500000
vertex 1.027778 0.458427 0.500000
endloop
endfacet
facet normal 0.631345 -0.769347 -0.097517
outer loop
vertex 1.034676 0.465324 0.490245
vertex 1.027778 0.458427 0.500000
vertex 1.027245 0.459226 0.490245
endloop
endfacet
facet normal 0.416179 -0.778590 0.469673
outer loop
vertex 1.025664 0.461591 0.519134
vertex 1.023097 0.465433 0.527778
vertex 1.015909 0.461591 0.527778
endloop
endfacet
facet normal 0.416099 -0.778690 0.469579
outer loop
vertex 1.025664 0.461591 0.519134
vertex 1.015909 0.461591 0.527778
vertex 1.017677 0.457323 0.519134
endloop
endfacet
facet normal 0.223036 -0.417309 -0.880970
outer loop
vertex 1.010630 0.484091 0.453806
vertex 1.015433 0.476903 0.458427
vertex 1.010630 0.474336 0.458427
endloop
endfacet
facet normal 0.223166 -0.417322 -0.880931
outer loop
vertex 1.010630 0.484091 0.453806
vertex 1.010630 0.474336 0.458427
vertex 1.007322 0.482322 0.453806
endloop
endfacet
facet normal 0.451202 -0.844348 0.288951
outer loop
vertex 1.027245 0.459226 0.509754
vertex 1.025664 0.461591 0.519134
vertex 1.017677 0.457323 0.519134
endloop
endfacet
facet normal 0.451332 -0.844230 0.289095
outer loop
vertex 1.027245 0.459226 0.509754
vertex 1.017677 0.457323 0.519134
vertex 1.018766 0.454693 0.509754
endloop
endfacet
facet normal 0.137533 -0.257162 -0.956531
outer loop
vertex 1.005419 0.491890 0.450960
vertex 1.010630 0.484091 0.453806
vertex 1.007322 0.482322 0.453806
endloop
endfacet
facet normal 0.137549 -0.257156 -0.956531
outer loop
vertex 1.005419 0.491890 0.450960
vertex 1.007322 0.482322 0.453806
vertex 1.003733 0.490988 0.450960
endloop
endfacet
facet normal 0.469217 -0.877680 0.097534
outer loop
vertex 1.027778 0.458427 0.500000
vertex 1.027245 0.459226 0.509754
vertex 1.018766 0.454693 0.509754
endloop
endfacet
facet normal 0.469198 -0.877692 0.097521
outer loop
vertex 1.027778 0.458427 0.500000
vertex 1.018766 0.454693 0.509754
vertex 1.019134 0.453806 0.500000
endloop
endfacet
facet normal 0.046484 -0.086870 0.995135
outer loop
vertex 1.005419 0.491890 0.549039
vertex 1.000000 0.500000 0.550000
vertex 1.003733 0.490988 0.549039
endloop
endfacet
facet normal 0.046397 -0.086778 -0.995147
outer loop
vertex 1.000000 0.500000 0.450000
vertex 1.005419 0.491890 0.450960
vertex 1.003733 0.490988 0.450960
endloop
endfacet
facet normal 0.469197 -0.877692 -0.097519
outer loop
vertex 1.027245 0.459226 0.490245
vertex 1.027778 0.458427 0.500000
vertex 1.019134 0.453806 0.500000
endloop
endfacet
facet normal 0.469223 -0.877679 -0.097511
outer loop
vertex 1.027245 0.459226 0.490245
vertex 1.019134 0.453806 0.500000
vertex 1.018766 0.454693 0.490245
endloop
endfacet
facet normal 0.137489 -0.257049 0.956568
outer loop
vertex 1.010630 0.484091 0.546194
vertex 1.005419 0.491890 0.549039
vertex 1.003733 0.490988 0.549039
endloop
endfacet
facet normal 0.137488 -0.257090 0.956557
outer loop
vertex 1.010630 0.484091 0.546194
vertex 1.003733 0.490988 0.549039
vertex 1.007322 0.482322 0.546194
endloop
endfacet
facet normal 0.451351 -0.844260 -0.288975
outer loop
vertex 1.025664 0.461591 0.480866
vertex 1.027245 0.459226 0.490245
vertex 1.018766 0.454693 0.490245
endloop
endfacet
facet normal 0.451166 -0.844306 -0.289132
outer loop
vertex 1.025664 0.461591 0.480866
vertex 1.018766 0.454693 0.490245
vertex 1.017677 0.457323 0.480866
endloop
endfacet
facet normal 0.223128 -0.417249 0.880975
outer loop
vertex 1.015433 0.476903 0.541573
vertex 1.010630 0.484091 0.546194
vertex 1.007322 0.482322 0.546194
endloop
endfacet
facet normal 0.223058 -0.417360 0.880940
outer loop
vertex 1.015433 0.476903 0.541573
vertex 1.007322 0.482322 0.546194
vertex 1.010630 0.474336 0.541573
endloop
endfacet
facet normal 0.416109 -0.778662 -0.469617
outer loop
vertex 1.023097 0.465433 0.472221
vertex 1.025664 0.461591 0.480866
vertex 1.017677 0.457323 0.480866
endloop
endfacet
facet normal 0.416190 -0.778663 -0.469543
outer loop
vertex 1.023097 0.465433 0.472221
vertex 1.017677 0.457323 0.480866
vertex 1.015909 0.461591 0.472221
endloop
endfacet
facet normal 0.299853 -0.561078 0.771544
outer loop
vertex 1.019642 0.470603 0.535356
vertex 1.015433 0.476903 0.541573
vertex 1.010630 0.474336 0.541573
endloop
endfacet
facet normal 0.299884 -0.561032 0.771565
outer loop
vertex 1.019642 0.470603 0.535356
vertex 1.010630 0.474336 0.541573
vertex 1.013530 0.467336 0.535356
endloop
endfacet
facet normal 0.365084 -0.683016 -0.632616
outer loop
vertex 1.019642 0.470603 0.464645
vertex 1.023097 0.465433 0.472221
vertex 1.015909 0.461591 0.472221
endloop
endfacet
facet normal 0.365092 -0.683037 -0.632589
outer loop
vertex 1.019642 0.470603 0.464645
vertex 1.015909 0.461591 0.472221
vertex 1.013530 0.467336 0.464645
endloop
endfacet
facet normal 0.365137 -0.683085 0.632511
outer loop
vertex 1.023097 0.465433 0.527778
vertex 1.019642 0.470603 0.535356
vertex 1.013530 0.467336 0.535356
endloop
endfacet
facet normal 0.365113 -0.683110 0.632497
outer loop
vertex 1.023097 0.465433 0.527778
vertex 1.013530 0.467336 0.535356
vertex 1.015909 0.461591 0.527778
endloop
endfacet
facet normal 0.299919 -0.561105 -0.771499
outer loop
vertex 1.015433 0.476903 0.458427
vertex 1.019642 0.470603 0.464645
vertex 1.013530 0.467336 0.464645
endloop
endfacet
facet normal 0.299867 -0.561100 -0.771522
outer loop
vertex 1.015433 0.476903 0.458427
vertex 1.013530 0.467336 0.464645
vertex 1.010630 0.474336 0.458427
endloop
endfacet
facet normal 0.277845 -0.916076 -0.289148
outer loop
vertex 1.017677 0.457323 0.480866
vertex 1.018766 0.454693 0.490245
vertex 1.009567 0.451903 0.490245
endloop
endfacet
facet normal 0.278045 -0.916074 -0.288964
outer loop
vertex 1.017677 0.457323 0.480866
vertex 1.009567 0.451903 0.490245
vertex 1.009012 0.454693 0.480866
endloop
endfacet
facet normal 0.137294 -0.452886 0.880934
outer loop
vertex 1.010630 0.474336 0.541573
vertex 1.007322 0.482322 0.546194
vertex 1.003733 0.481234 0.546194
endloop
endfacet
facet normal 0.137370 -0.452790 0.880971
outer loop
vertex 1.010630 0.474336 0.541573
vertex 1.003733 0.481234 0.546194
vertex 1.005419 0.472755 0.541573
endloop
endfacet
facet normal 0.256425 -0.844856 -0.469537
outer loop
vertex 1.015909 0.461591 0.472221
vertex 1.017677 0.457323 0.480866
vertex 1.009012 0.454693 0.480866
endloop
endfacet
facet normal 0.256193 -0.844821 -0.469727
outer loop
vertex 1.015909 0.461591 0.472221
vertex 1.009012 0.454693 0.480866
vertex 1.008110 0.459226 0.472221
endloop
endfacet
facet normal 0.184696 -0.608741 0.771571
outer loop
vertex 1.013530 0.467336 0.535356
vertex 1.010630 0.474336 0.541573
vertex 1.005419 0.472755 0.541573
endloop
endfacet
facet normal 0.184667 -0.608755 0.771567
outer loop
vertex 1.013530 0.467336 0.535356
vertex 1.005419 0.472755 0.541573
vertex 1.006898 0.465324 0.535356
endloop
endfacet
facet normal 0.224751 -0.741152 -0.632599
outer loop
vertex 1.013530 0.467336 0.464645
vertex 1.015909 0.461591 0.472221
vertex 1.008110 0.459226 0.472221
endloop
endfacet
facet normal 0.224854 -0.741164 -0.632548
outer loop
vertex 1.013530 0.467336 0.464645
vertex 1.008110 0.459226 0.472221
vertex 1.006898 0.465324 0.464645
endloop
endfacet
facet normal 0.224861 -0.741201 0.632502
outer loop
vertex 1.015909 0.461591 0.527778
vertex 1.013530 0.467336 0.535356
vertex 1.006898 0.465324 0.535356
endloop
endfacet
facet normal 0.224787 -0.741265 0.632453
outer loop
vertex 1.015909 0.461591 0.527778
vertex 1.006898 0.465324 0.535356
vertex 1.008110 0.459226 0.527778
endloop
endfacet
facet normal 0.184689 -0.608797 -0.771528
outer loop
vertex 1.010630 0.474336 0.458427
vertex 1.013530 0.467336 0.464645
vertex 1.006898 0.465324 0.464645
endloop
endfacet
facet normal 0.184718 -0.608819 -0.771504
outer loop
vertex 1.010630 0.474336 0.458427
vertex 1.006898 0.465324 0.464645
vertex 1.005419 0.472755 0.458427
endloop
endfacet
facet normal 0.256210 -0.844902 0.469571
outer loop
vertex 1.017677 0.457323 0.519134
vertex 1.015909 0.461591 0.527778
vertex 1.008110 0.459226 0.527778
endloop
endfacet
facet normal 0.256400 -0.844748 0.469745
outer loop
vertex 1.017677 0.457323 0.519134
vertex 1.008110 0.459226 0.527778
vertex 1.009012 0.454693 0.519134
endloop
endfacet
facet normal 0.137389 -0.452827 -0.880950
outer loop
vertex 1.007322 0.482322 0.453806
vertex 1.010630 0.474336 0.458427
vertex 1.005419 0.472755 0.458427
endloop
endfacet
facet normal 0.137271 -0.452813 -0.880975
outer loop
vertex 1.007322 0.482322 0.453806
vertex 1.005419 0.472755 0.458427
vertex 1.003733 0.481234 0.453806
endloop
endfacet
facet normal 0.278032 -0.916028 0.289119
outer loop
vertex 1.018766 0.454693 0.509754
vertex 1.017677 0.457323 0.519134
vertex 1.009012 0.454693 0.519134
endloop
endfacet
facet normal 0.277862 -0.916135 0.288945
outer loop
vertex 1.018766 0.454693 0.509754
vertex 1.009012 0.454693 0.519134
vertex 1.009567 0.451903 0.509754
endloop
endfacet
facet normal 0.084612 -0.279096 -0.956528
outer loop
vertex 1.003733 0.490988 0.450960
vertex 1.007322 0.482322 0.453806
vertex 1.003733 0.481234 0.453806
endloop
endfacet
facet normal 0.084649 -0.279079 -0.956530
outer loop
vertex 1.003733 0.490988 0.450960
vertex 1.003733 0.481234 0.453806
vertex 1.001903 0.490433 0.450960
endloop
endfacet
facet normal 0.288855 -0.952395 0.097499
outer loop
vertex 1.019134 0.453806 0.500000
vertex 1.018766 0.454693 0.509754
vertex 1.009567 0.451903 0.509754
endloop
endfacet
facet normal 0.288953 -0.952354 0.097608
outer loop
vertex 1.019134 0.453806 0.500000
vertex 1.009567 0.451903 0.509754
vertex 1.009754 0.450960 0.500000
endloop
endfacet
facet normal 0.028609 -0.094270 0.995135
outer loop
vertex 1.003733 0.490988 0.549039
vertex 1.000000 0.500000 0.550000
vertex 1.001903 0.490433 0.549039
endloop
endfacet
facet normal 0.028597 -0.094178 -0.995145
outer loop
vertex 1.000000 0.500000 0.450000
vertex 1.003733 0.490988 0.450960
vertex 1.001903 0.490433 0.450960
endloop
endfacet
facet normal 0.288951 -0.952367 -0.097493
outer loop
vertex 1.018766 0.454693 0.490245
vertex 1.019134 0.453806 0.500000
vertex 1.009754 0.450960 0.500000
endloop
endfacet
facet normal 0.288858 -0.952384 -0.097597
outer loop
vertex 1.018766 0.454693 0.490245
vertex 1.009754 0.450960 0.500000
vertex 1.009567 0.451903 0.490245
endloop
endfacet
facet normal 0.084600 -0.278969 0.956566
outer loop
vertex 1.007322 0.482322 0.546194
vertex 1.003733 0.490988 0.549039
vertex 1.001903 0.490433 0.549039
endloop
endfacet
facet normal 0.084589 -0.279023 0.956551
outer loop
vertex 1.007322 0.482322 0.546194
vertex 1.001903 0.490433 0.549039
vertex 1.003733 0.481234 0.546194
endloop
endfacet
facet normal 0.046409 -0.470895 -0.880967
outer loop
vertex 1.003733 0.481234 0.453806
vertex 1.005419 0.472755 0.458427
vertex 1.000000 0.472221 0.458427
endloop
endfacet
facet normal 0.046424 -0.470899 -0.880965
outer loop
vertex 1.003733 0.481234 0.453806
vertex 1.000000 0.472221 0.458427
vertex 1.000000 0.480866 0.453806
endloop
endfacet
facet normal 0.093771 -0.952746 0.288933
outer loop
vertex 1.009567 0.451903 0.509754
vertex 1.009012 0.454693 0.519134
vertex 1.000000 0.453806 0.519134
endloop
endfacet
facet normal 0.093904 -0.952693 0.289063
outer loop
vertex 1.009567 0.451903 0.509754
vertex 1.000000 0.453806 0.519134
vertex 1.000000 0.450960 0.509754
endloop
endfacet
facet normal 0.028604 -0.290245 -0.956525
outer loop
vertex 1.001903 0.490433 0.450960
vertex 1.003733 0.481234 0.453806
vertex 1.000000 0.480866 0.453806
endloop
endfacet
facet normal 0.028698 -0.290250 -0.956520
outer loop
vertex 1.001903 0.490433 0.450960
vertex 1.000000 0.480866 0.453806
vertex 1.000000 0.490245 0.450960
endloop
endfacet
facet normal 0.097622 -0.990424 0.097621
outer loop
vertex 1.009754 0.450960 0.500000
vertex 1.009567 0.451903 0.509754
vertex 1.000000 0.450960 0.509754
endloop
endfacet
facet normal 0.097483 -0.990451 0.097488
outer loop
vertex 1.009754 0.450960 0.500000
vertex 1.000000 0.450960 0.509754
vertex 1.000000 0.450000 0.500000
endloop
endfacet
facet normal 0.009685 -0.098037 0.995136
outer loop
vertex 1.001903 0.490433 0.549039
vertex 1.000000 0.500000 0.550000
vertex 1.000000 0.490245 0.549039
endloop
endfacet
facet normal 0.009684 -0.097938 -0.995145
outer loop
vertex 1.000000 0.500000 0.450000
vertex 1.001903 0.490433 0.450960
vertex 1.000000 0.490245 0.450960
endloop
endfacet
facet normal 0.097484 -0.990439 -0.097613
outer loop
vertex 1.009567 0.451903 0.490245
vertex 1.009754 0.450960 0.500000
vertex 1.000000 0.450000 0.500000
endloop
endfacet
facet normal 0.097622 -0.990439 -0.097474
outer loop
vertex 1.009567 0.451903 0.490245
vertex 1.000000 0.450000 0.500000
vertex 1.000000 0.450960 0.490245
endloop
endfacet
facet normal 0.028629 -0.290116 0.956563
outer loop
vertex 1.003733 0.481234 0.546194
vertex 1.001903 0.490433 0.549039
vertex 1.000000 0.490245 0.549039
endloop
endfacet
facet normal 0.028600 -0.290163 0.956550
outer loop
vertex 1.003733 0.481234 0.546194
vertex 1.000000 0.490245 0.549039
vertex 1.000000 0.480866 0.546194
endloop
endfacet
facet normal 0.093906 -0.952723 -0.288964
outer loop
vertex 1.009012 0.454693 0.480866
vertex 1.009567 0.451903 0.490245
vertex 1.000000 0.450960 0.490245
endloop
endfacet
facet normal 0.093767 -0.952697 -0.289097
outer loop
vertex 1.009012 0.454693 0.480866
vertex 1.000000 0.450960 0.490245
vertex 1.000000 0.453806 0.480866
endloop
endfacet
facet normal 0.046443 -0.470890 0.880968
outer loop
vertex 1.005419 0.472755 0.541573
vertex 1.003733 0.481234 0.546194
vertex 1.000000 0.480866 0.546194
endloop
endfacet
facet normal 0.046393 -0.470903 0.880964
outer loop
vertex 1.005419 0.472755 0.541573
vertex 1.000000 0.480866 0.546194
vertex 1.000000 0.472221 0.541573
endloop
endfacet
facet normal 0.086474 -0.878578 -0.469705
outer loop
vertex 1.008110 0.459226 0.472221
vertex 1.009012 0.454693 0.480866
vertex 1.000000 0.453806 0.480866
endloop
endfacet
facet normal 0.086557 -0.878609 -0.469631
outer loop
vertex 1.008110 0.459226 0.472221
vertex 1.000000 0.453806 0.480866
vertex 1.000000 0.458427 0.472221
endloop
endfacet
facet normal 0.062393 -0.633090 0.771560
outer loop
vertex 1.006898 0.465324 0.535356
vertex 1.005419 0.472755 0.541573
vertex 1.000000 0.472221 0.541573
endloop
endfacet
facet normal 0.062327 -0.633132 0.771530
outer loop
vertex 1.006898 0.465324 0.535356
vertex 1.000000 0.472221 0.541573
vertex 1.000000 0.464645 0.535356
endloop
endfacet
facet normal 0.075938 -0.770785 -0.632554
outer loop
vertex 1.006898 0.465324 0.464645
vertex 1.008110 0.459226 0.472221
vertex 1.000000 0.458427 0.472221
endloop
endfacet
facet normal 0.075871 -0.770752 -0.632602
outer loop
vertex 1.006898 0.465324 0.464645
vertex 1.000000 0.458427 0.472221
vertex 1.000000 0.464645 0.464645
endloop
endfacet
facet normal 0.075880 -0.770865 0.632462
outer loop
vertex 1.008110 0.459226 0.527778
vertex 1.006898 0.465324 0.535356
vertex 1.000000 0.464645 0.535356
endloop
endfacet
facet normal 0.075944 -0.770833 0.632494
outer loop
vertex 1.008110 0.459226 0.527778
vertex 1.000000 0.464645 0.535356
vertex 1.000000 0.458427 0.527778
endloop
endfacet
facet normal 0.062324 -0.633163 -0.771505
outer loop
vertex 1.005419 0.472755 0.458427
vertex 1.006898 0.465324 0.464645
vertex 1.000000 0.464645 0.464645
endloop
endfacet
facet normal 0.062400 -0.633187 -0.771480
outer loop
vertex 1.005419 0.472755 0.458427
vertex 1.000000 0.464645 0.464645
vertex 1.000000 0.472221 0.458427
endloop
endfacet
facet normal 0.086550 -0.878550 0.469743
outer loop
vertex 1.009012 0.454693 0.519134
vertex 1.008110 0.459226 0.527778
vertex 1.000000 0.458427 0.527778
endloop
endfacet
facet normal 0.086474 -0.878590 0.469683
outer loop
vertex 1.009012 0.454693 0.519134
vertex 1.000000 0.458427 0.527778
vertex 1.000000 0.453806 0.519134
endloop
endfacet
facet normal -0.086472 -0.878613 -0.469639
outer loop
vertex 1.000000 0.458427 0.472221
vertex 1.000000 0.453806 0.480866
vertex 0.990988 0.454693 0.480866
endloop
endfacet
facet normal -0.086559 -0.878570 -0.469704
outer loop
vertex 1.000000 0.458427 0.472221
vertex 0.990988 0.454693 0.480866
vertex 0.991890 0.459226 0.472221
endloop
endfacet
facet normal -0.062405 -0.633124 0.771531
outer loop
vertex 1.000000 0.464645 0.535356
vertex 1.000000 0.472221 0.541573
vertex 0.994581 0.472755 0.541573
endloop
endfacet
facet normal -0.062334 -0.633114 0.771545
outer loop
vertex 1.000000 0.464645 0.535356
vertex 0.994581 0.472755 0.541573
vertex 0.993103 0.465324 0.535356
endloop
endfacet
facet normal -0.075936 -0.770752 -0.632594
outer loop
vertex 1.000000 0.464645 0.464645
vertex 1.000000 0.458427 0.472221
vertex 0.991890 0.459226 0.472221
endloop
endfacet
facet normal -0.075883 -0.770785 -0.632560
outer loop
vertex 1.000000 0.464645 0.464645
vertex 0.991890 0.459226 0.472221
vertex 0.993103 0.465324 0.464645
endloop
endfacet
facet normal -0.075886 -0.770833 0.632501
outer loop
vertex 1.000000 0.458427 0.527778
vertex 1.000000 0.464645 0.535356
vertex 0.993103 0.465324 0.535356
endloop
endfacet
facet normal -0.075947 -0.770861 0.632460
outer loop
vertex 1.000000 0.458427 0.527778
vertex 0.993103 0.465324 0.535356
vertex 0.991890 0.459226 0.527778
endloop
endfacet
facet normal -0.062342 -0.633194 -0.771478
outer loop
vertex 1.000000 0.472221 0.458427
vertex 1.000000 0.464645 0.464645
vertex 0.993103 0.465324 0.464645
endloop
endfacet
facet normal -0.062388 -0.633158 -0.771504
outer loop
vertex 1.000000 0.472221 0.458427
vertex 0.993103 0.465324 0.464645
vertex 0.994581 0.472755 0.458427
endloop
endfacet
facet normal -0.086560 -0.878588 0.469670
outer loop
vertex 1.000000 0.453806 0.519134
vertex 1.000000 0.458427 0.527778
vertex 0.991890 0.459226 0.527778
endloop
endfacet
facet normal -0.086465 -0.878556 0.469749
outer loop
vertex 1.000000 0.453806 0.519134
vertex 0.991890 0.459226 0.527778
vertex 0.990988 0.454693 0.519134
endloop
endfacet
facet normal -0.046410 -0.470903 -0.880964
outer loop
vertex 1.000000 0.480866 0.453806
vertex 1.000000 0.472221 0.458427
vertex 0.994581 0.472755 0.458427
endloop
endfacet
facet normal -0.046422 -0.470882 -0.880974
outer loop
vertex 1.000000 0.480866 0.453806
vertex 0.994581 0.472755 0.458427
vertex 0.996267 0.481234 0.453806
endloop
endfacet
facet normal -0.093767 -0.952706 0.289068
outer loop
vertex 1.000000 0.450960 0.509754
vertex 1.000000 0.453806 0.519134
vertex 0.990988 0.454693 0.519134
endloop
endfacet
facet normal -0.093908 -0.952731 0.288938
outer loop
vertex 1.000000 0.450960 0.509754
vertex 0.990988 0.454693 0.519134
vertex 0.990433 0.451903 0.509754
endloop
endfacet
facet normal -0.028629 -0.290245 -0.956524
outer loop
vertex 1.000000 0.490245 0.450960
vertex 1.000000 0.480866 0.453806
vertex 0.996267 0.481234 0.453806
endloop
endfacet
facet normal -0.028647 -0.290238 -0.956526
outer loop
vertex 1.000000 0.490245 0.450960
vertex 0.996267 0.481234 0.453806
vertex 0.998097 0.490433 0.450960
endloop
endfacet
facet normal -0.097623 -0.990438 0.097484
outer loop
vertex 1.000000 0.450000 0.500000
vertex 1.000000 0.450960 0.509754
vertex 0.990433 0.451903 0.509754
endloop
endfacet
facet normal -0.097470 -0.990438 0.097633
outer loop
vertex 1.000000 0.450000 0.500000
vertex 0.990433 0.451903 0.509754
vertex 0.990245 0.450960 0.500000
endloop
endfacet
facet normal -0.009686 -0.098041 0.995135
outer loop
vertex 1.000000 0.490245 0.549039
vertex 1.000000 0.500000 0.550000
vertex 0.998097 0.490433 0.549039
endloop
endfacet
facet normal -0.009684 -0.097942 -0.995145
outer loop
vertex 1.000000 0.500000 0.450000
vertex 1.000000 0.490245 0.450960
vertex 0.998097 0.490433 0.450960
endloop
endfacet
facet normal -0.097473 -0.990453 -0.097477
outer loop
vertex 1.000000 0.450960 0.490245
vertex 1.000000 0.450000 0.500000
vertex 0.990245 0.450960 0.500000
endloop
endfacet
facet normal -0.097621 -0.990424 -0.097624
outer loop
vertex 1.000000 0.450960 0.490245
vertex 0.990245 0.450960 0.500000
vertex 0.990433 0.451903 0.490245
endloop
endfacet
facet normal -0.028632 -0.290166 0.956548
outer loop
vertex 1.000000 0.480866 0.546194
vertex 1.000000 0.490245 0.549039
vertex 0.998097 0.490433 0.549039
endloop
endfacet
facet normal -0.028598 -0.290131 0.956560
outer loop
vertex 1.000000 0.480866 0.546194
vertex 0.998097 0.490433 0.549039
vertex 0.996267 0.481234 0.546194
endloop
endfacet
facet normal -0.093901 -0.952685 -0.289090
outer loop
vertex 1.000000 0.453806 0.480866
vertex 1.000000 0.450960 0.490245
vertex 0.990433 0.451903 0.490245
endloop
endfacet
facet normal -0.093771 -0.952736 -0.288964
outer loop
vertex 1.000000 0.453806 0.480866
vertex 0.990433 0.451903 0.490245
vertex 0.990988 0.454693 0.480866
endloop
endfacet
facet normal -0.046417 -0.470911 0.880959
outer loop
vertex 1.000000 0.472221 0.541573
vertex 1.000000 0.480866 0.546194
vertex 0.996267 0.481234 0.546194
endloop
endfacet
facet normal -0.046410 -0.470896 0.880967
outer loop
vertex 1.000000 0.472221 0.541573
vertex 0.996267 0.481234 0.546194
vertex 0.994581 0.472755 0.541573
endloop
endfacet
facet normal -0.084596 -0.279105 -0.956527
outer loop
vertex 0.998097 0.490433 0.450960
vertex 0.996267 0.481234 0.453806
vertex 0.992677 0.482322 0.453806
endloop
endfacet
facet normal -0.084635 -0.279080 -0.956531
outer loop
vertex 0.998097 0.490433 0.450960
vertex 0.992677 0.482322 0.453806
vertex 0.996267 0.490988 0.450960
endloop
endfacet
facet normal -0.288854 -0.952382 0.097636
outer loop
vertex 0.990245 0.450960 0.500000
vertex 0.990433 0.451903 0.509754
vertex 0.981234 0.454693 0.509754
endloop
endfacet
facet normal -0.288987 -0.952354 0.097514
outer loop
vertex 0.990245 0.450960 0.500000
vertex 0.981234 0.454693 0.509754
vertex 0.980866 0.453806 0.500000
endloop
endfacet
facet normal -0.028606 -0.094268 0.995136
outer loop
vertex 0.998097 0.490433 0.549039
vertex 1.000000 0.500000 0.550000
vertex 0.996267 0.490988 0.549039
endloop
endfacet
facet normal -0.028594 -0.094175 -0.995145
outer loop
vertex 1.000000 0.500000 0.450000
vertex 0.998097 0.490433 0.450960
vertex 0.996267 0.490988 0.450960
endloop
endfacet
facet normal -0.288985 -0.952341 -0.097640
outer loop
vertex 0.990433 0.451903 0.490245
vertex 0.990245 0.450960 0.500000
vertex 0.980866 0.453806 0.500000
endloop
endfacet
facet normal -0.288855 -0.952396 -0.097487
outer loop
vertex 0.990433 0.451903 0.490245
vertex 0.980866 0.453806 0.500000
vertex 0.981234 0.454693 0.490245
endloop
endfacet
facet normal -0.084646 -0.279032 0.956544
outer loop
vertex 0.996267 0.481234 0.546194
vertex 0.998097 0.490433 0.549039
vertex 0.996267 0.490988 0.549039
endloop
endfacet
facet normal -0.084541 -0.279002 0.956562
outer loop
vertex 0.996267 0.481234 0.546194
vertex 0.996267 0.490988 0.549039
vertex 0.992677 0.482322 0.546194
endloop
endfacet
facet normal -0.277855 -0.916129 -0.288970
outer loop
vertex 0.990988 0.454693 0.480866
vertex 0.990433 0.451903 0.490245
vertex 0.981234 0.454693 0.490245
endloop
endfacet
facet normal -0.278008 -0.916035 -0.289120
outer loop
vertex 0.990988 0.454693 0.480866
vertex 0.981234 0.454693 0.490245
vertex 0.982322 0.457323 0.480866
endloop
endfacet
facet normal -0.137226 -0.452822 0.880978
outer loop
vertex 0.994581 0.472755 0.541573
vertex 0.996267 0.481234 0.546194
vertex 0.992677 0.482322 0.546194
endloop
endfacet
facet normal -0.137374 -0.452854 0.880938
outer loop
vertex 0.994581 0.472755 0.541573
vertex 0.992677 0.482322 0.546194
vertex 0.989369 0.474336 0.541573
endloop
endfacet
facet normal -0.256377 -0.844775 -0.469708
outer loop
vertex 0.991890 0.459226 0.472221
vertex 0.990988 0.454693 0.480866
vertex 0.982322 0.457323 0.480866
endloop
endfacet
facet normal -0.256212 -0.844903 -0.469568
outer loop
vertex 0.991890 0.459226 0.472221
vertex 0.982322 0.457323 0.480866
vertex 0.984091 0.461591 0.472221
endloop
endfacet
facet normal -0.184652 -0.608775 0.771555
outer loop
vertex 0.993103 0.465324 0.535356
vertex 0.994581 0.472755 0.541573
vertex 0.989369 0.474336 0.541573
endloop
endfacet
facet normal -0.184658 -0.608776 0.771553
outer loop
vertex 0.993103 0.465324 0.535356
vertex 0.989369 0.474336 0.541573
vertex 0.986470 0.467336 0.535356
endloop
endfacet
facet normal -0.224763 -0.741170 -0.632573
outer loop
vertex 0.993103 0.465324 0.464645
vertex 0.991890 0.459226 0.472221
vertex 0.984091 0.461591 0.472221
endloop
endfacet
facet normal -0.224807 -0.741135 -0.632598
outer loop
vertex 0.993103 0.465324 0.464645
vertex 0.984091 0.461591 0.472221
vertex 0.986470 0.467336 0.464645
endloop
endfacet
facet normal -0.224835 -0.741236 0.632470
outer loop
vertex 0.991890 0.459226 0.527778
vertex 0.993103 0.465324 0.535356
vertex 0.986470 0.467336 0.535356
endloop
endfacet
facet normal -0.224781 -0.741225 0.632502
outer loop
vertex 0.991890 0.459226 0.527778
vertex 0.986470 0.467336 0.535356
vertex 0.984091 0.461591 0.527778
endloop
endfacet
facet normal -0.184683 -0.608827 -0.771506
outer loop
vertex 0.994581 0.472755 0.458427
vertex 0.993103 0.465324 0.464645
vertex 0.986470 0.467336 0.464645
endloop
endfacet
facet normal -0.184673 -0.608835 -0.771502
outer loop
vertex 0.994581 0.472755 0.458427
vertex 0.986470 0.467336 0.464645
vertex 0.989369 0.474336 0.458427
endloop
endfacet
facet normal -0.256186 -0.844803 0.469762
outer loop
vertex 0.990988 0.454693 0.519134
vertex 0.991890 0.459226 0.527778
vertex 0.984091 0.461591 0.527778
endloop
endfacet
facet normal -0.256393 -0.844825 0.469610
outer loop
vertex 0.990988 0.454693 0.519134
vertex 0.984091 0.461591 0.527778
vertex 0.982322 0.457323 0.519134
endloop
endfacet
facet normal -0.137354 -0.452816 -0.880961
outer loop
vertex 0.996267 0.481234 0.453806
vertex 0.994581 0.472755 0.458427
vertex 0.989369 0.474336 0.458427
endloop
endfacet
facet normal -0.137258 -0.452874 -0.880946
outer loop
vertex 0.996267 0.481234 0.453806
vertex 0.989369 0.474336 0.458427
vertex 0.992677 0.482322 0.453806
endloop
endfacet
facet normal -0.278018 -0.916093 0.288928
outer loop
vertex 0.990433 0.451903 0.509754
vertex 0.990988 0.454693 0.519134
vertex 0.982322 0.457323 0.519134
endloop
endfacet
facet normal -0.277851 -0.916091 0.289095
outer loop
vertex 0.990433 0.451903 0.509754
vertex 0.982322 0.457323 0.519134
vertex 0.981234 0.454693 0.509754
endloop
endfacet
facet normal -0.299917 -0.561041 0.771545
outer loop
vertex 0.986470 0.467336 0.535356
vertex 0.989369 0.474336 0.541573
vertex 0.984567 0.476903 0.541573
endloop
endfacet
facet normal -0.299834 -0.561034 0.771583
outer loop
vertex 0.986470 0.467336 0.535356
vertex 0.984567 0.476903 0.541573
vertex 0.980357 0.470603 0.535356
endloop
endfacet
facet normal -0.365081 -0.683033 -0.632599
outer loop
vertex 0.986470 0.467336 0.464645
vertex 0.984091 0.461591 0.472221
vertex 0.976903 0.465433 0.472221
endloop
endfacet
facet normal -0.365055 -0.683076 -0.632568
outer loop
vertex 0.986470 0.467336 0.464645
vertex 0.976903 0.465433 0.472221
vertex 0.980357 0.470603 0.464645
endloop
endfacet
facet normal -0.365087 -0.683129 0.632493
outer loop
vertex 0.984091 0.461591 0.527778
vertex 0.986470 0.467336 0.535356
vertex 0.980357 0.470603 0.535356
endloop
endfacet
facet normal -0.365124 -0.683119 0.632481
outer loop
vertex 0.984091 0.461591 0.527778
vertex 0.980357 0.470603 0.535356
vertex 0.976903 0.465433 0.527778
endloop
endfacet
facet normal -0.299885 -0.561117 -0.771503
outer loop
vertex 0.989369 0.474336 0.458427
vertex 0.986470 0.467336 0.464645
vertex 0.980357 0.470603 0.464645
endloop
endfacet
facet normal -0.299920 -0.561060 -0.771530
outer loop
vertex 0.989369 0.474336 0.458427
vertex 0.980357 0.470603 0.464645
vertex 0.984567 0.476903 0.458427
endloop
endfacet
facet normal -0.416173 -0.778626 0.469619
outer loop
vertex 0.982322 0.457323 0.519134
vertex 0.984091 0.461591 0.527778
vertex 0.976903 0.465433 0.527778
endloop
endfacet
facet normal -0.416125 -0.778633 0.469649
outer loop
vertex 0.982322 0.457323 0.519134
vertex 0.976903 0.465433 0.527778
vertex 0.974336 0.461591 0.519134
endloop
endfacet
facet normal -0.223100 -0.417344 -0.880937
outer loop
vertex 0.992677 0.482322 0.453806
vertex 0.989369 0.474336 0.458427
vertex 0.984567 0.476903 0.458427
endloop
endfacet
facet normal -0.223139 -0.417270 -0.880962
outer loop
vertex 0.992677 0.482322 0.453806
vertex 0.984567 0.476903 0.458427
vertex 0.989369 0.484091 0.453806
endloop
endfacet
facet normal -0.451221 -0.844298 0.289068
outer loop
vertex 0.981234 0.454693 0.509754
vertex 0.982322 0.457323 0.519134
vertex 0.974336 0.461591 0.519134
endloop
endfacet
facet normal -0.451362 -0.844266 0.288941
outer loop
vertex 0.981234 0.454693 0.509754
vertex 0.974336 0.461591 0.519134
vertex 0.972755 0.459226 0.509754
endloop
endfacet
facet normal -0.137519 -0.257159 -0.956534
outer loop
vertex 0.996267 0.490988 0.450960
vertex 0.992677 0.482322 0.453806
vertex 0.989369 0.484091 0.453806
endloop
endfacet
facet normal -0.137547 -0.257127 -0.956539
outer loop
vertex 0.996267 0.490988 0.450960
vertex 0.989369 0.484091 0.453806
vertex 0.994581 0.491890 0.450960
endloop
endfacet
facet normal -0.469218 -0.877682 0.097509
outer loop
vertex 0.980866 0.453806 0.500000
vertex 0.981234 0.454693 0.509754
vertex 0.972755 0.459226 0.509754
endloop
endfacet
facet normal -0.469172 -0.877698 0.097590
outer loop
vertex 0.980866 0.453806 0.500000
vertex 0.972755 0.459226 0.509754
vertex 0.972221 0.458427 0.500000
endloop
endfacet
facet normal -0.046486 -0.086868 0.995135
outer loop
vertex 0.996267 0.490988 0.549039
vertex 1.000000 0.500000 0.550000
vertex 0.994581 0.491890 0.549039
endloop
endfacet
facet normal -0.046399 -0.086775 -0.995147
outer loop
vertex 1.000000 0.500000 0.450000
vertex 0.996267 0.490988 0.450960
vertex 0.994581 0.491890 0.450960
endloop
endfacet
facet normal -0.469165 -0.877710 -0.097513
outer loop
vertex 0.981234 0.454693 0.490245
vertex 0.980866 0.453806 0.500000
vertex 0.972221 0.458427 0.500000
endloop
endfacet
facet normal -0.469229 -0.877670 -0.097568
outer loop
vertex 0.981234 0.454693 0.490245
vertex 0.972221 0.458427 0.500000
vertex 0.972755 0.459226 0.490245
endloop
endfacet
facet normal -0.137550 -0.257044 0.956561
outer loop
vertex 0.992677 0.482322 0.546194
vertex 0.996267 0.490988 0.549039
vertex 0.994581 0.491890 0.549039
endloop
endfacet
facet normal -0.137454 -0.257074 0.956567
outer loop
vertex 0.992677 0.482322 0.546194
vertex 0.994581 0.491890 0.549039
vertex 0.989369 0.484091 0.546194
endloop
endfacet
facet normal -0.451332 -0.844233 -0.289085
outer loop
vertex 0.982322 0.457323 0.480866
vertex 0.981234 0.454693 0.490245
vertex 0.972755 0.459226 0.490245
endloop
endfacet
facet normal -0.451235 -0.844325 -0.288969
outer loop
vertex 0.982322 0.457323 0.480866
vertex 0.972755 0.459226 0.490245
vertex 0.974336 0.461591 0.480866
endloop
endfacet
facet normal -0.223156 -0.417303 0.880943
outer loop
vertex 0.989369 0.474336 0.541573
vertex 0.992677 0.482322 0.546194
vertex 0.989369 0.484091 0.546194
endloop
endfacet
facet normal -0.223082 -0.417318 0.880954
outer loop
vertex 0.989369 0.474336 0.541573
vertex 0.989369 0.484091 0.546194
vertex 0.984567 0.476903 0.541573
endloop
endfacet
facet normal -0.416149 -0.778664 -0.469577
outer loop
vertex 0.984091 0.461591 0.472221
vertex 0.982322 0.457323 0.480866
vertex 0.974336 0.461591 0.480866
endloop
endfacet
facet normal -0.416170 -0.778632 -0.469611
outer loop
vertex 0.984091 0.461591 0.472221
vertex 0.974336 0.461591 0.480866
vertex 0.976903 0.465433 0.472221
endloop
endfacet
facet normal -0.631331 -0.769349 0.097587
outer loop
vertex 0.972221 0.458427 0.500000
vertex 0.972755 0.459226 0.509754
vertex 0.965324 0.465324 0.509754
endloop
endfacet
facet normal -0.631399 -0.769303 0.097511
outer loop
vertex 0.972221 0.458427 0.500000
vertex 0.965324 0.465324 0.509754
vertex 0.964645 0.464645 0.500000
endloop
endfacet
facet normal -0.062471 -0.076153 0.995137
outer loop
vertex 0.994581 0.491890 0.549039
vertex 1.000000 0.500000 0.550000
vertex 0.993103 0.493103 0.549039
endloop
endfacet
facet normal -0.062445 -0.076078 -0.995145
outer loop
vertex 1.000000 0.500000 0.450000
vertex 0.994581 0.491890 0.450960
vertex 0.993103 0.493103 0.450960
endloop
endfacet
facet normal -0.631397 -0.769296 -0.097575
outer loop
vertex 0.972755 0.459226 0.490245
vertex 0.972221 0.458427 0.500000
vertex 0.964645 0.464645 0.500000
endloop
endfacet
facet normal -0.631335 -0.769357 -0.097497
outer loop
vertex 0.972755 0.459226 0.490245
vertex 0.964645 0.464645 0.500000
vertex 0.965324 0.465324 0.490245
endloop
endfacet
facet normal -0.184970 -0.225349 0.956558
outer loop
vertex 0.989369 0.484091 0.546194
vertex 0.994581 0.491890 0.549039
vertex 0.993103 0.493103 0.549039
endloop
endfacet
facet normal -0.184921 -0.225356 0.956566
outer loop
vertex 0.989369 0.484091 0.546194
vertex 0.993103 0.493103 0.549039
vertex 0.986470 0.486470 0.546194
endloop
endfacet
facet normal -0.607305 -0.740047 -0.288982
outer loop
vertex 0.974336 0.461591 0.480866
vertex 0.972755 0.459226 0.490245
vertex 0.965324 0.465324 0.490245
endloop
endfacet
facet normal -0.607333 -0.740005 -0.289031
outer loop
vertex 0.974336 0.461591 0.480866
vertex 0.965324 0.465324 0.490245
vertex 0.967336 0.467336 0.480866
endloop
endfacet
facet normal -0.300181 -0.365817 0.880948
outer loop
vertex 0.984567 0.476903 0.541573
vertex 0.989369 0.484091 0.546194
vertex 0.986470 0.486470 0.546194
endloop
endfacet
facet normal -0.300129 -0.365818 0.880965
outer loop
vertex 0.984567 0.476903 0.541573
vertex 0.986470 0.486470 0.546194
vertex 0.980357 0.480357 0.541573
endloop
endfacet
facet normal -0.560107 -0.682461 -0.469603
outer loop
vertex 0.976903 0.465433 0.472221
vertex 0.974336 0.461591 0.480866
vertex 0.967336 0.467336 0.480866
endloop
endfacet
facet normal -0.560080 -0.682502 -0.469576
outer loop
vertex 0.976903 0.465433 0.472221
vertex 0.967336 0.467336 0.480866
vertex 0.970603 0.470603 0.472221
endloop
endfacet
facet normal -0.403475 -0.491798 0.771584
outer loop
vertex 0.980357 0.470603 0.535356
vertex 0.984567 0.476903 0.541573
vertex 0.980357 0.480357 0.541573
endloop
endfacet
facet normal -0.403642 -0.491756 0.771524
outer loop
vertex 0.980357 0.470603 0.535356
vertex 0.980357 0.480357 0.541573
vertex 0.975000 0.475000 0.535356
endloop
endfacet
facet normal -0.491322 -0.598708 -0.632576
outer loop
vertex 0.980357 0.470603 0.464645
vertex 0.976903 0.465433 0.472221
vertex 0.970603 0.470603 0.472221
endloop
endfacet
facet normal -0.491358 -0.598633 -0.632619
outer loop
vertex 0.980357 0.470603 0.464645
vertex 0.970603 0.470603 0.472221
vertex 0.975000 0.475000 0.464645
endloop
endfacet
facet normal -0.491438 -0.598722 0.632472
outer loop
vertex 0.976903 0.465433 0.527778
vertex 0.980357 0.470603 0.535356
vertex 0.975000 0.475000 0.535356
endloop
endfacet
facet normal -0.491345 -0.598750 0.632518
outer loop
vertex 0.976903 0.465433 0.527778
vertex 0.975000 0.475000 0.535356
vertex 0.970603 0.470603 0.527778
endloop
endfacet
facet normal -0.403637 -0.491756 -0.771526
outer loop
vertex 0.984567 0.476903 0.458427
vertex 0.980357 0.470603 0.464645
vertex 0.975000 0.475000 0.464645
endloop
endfacet
facet normal -0.403568 -0.491901 -0.771470
outer loop
vertex 0.984567 0.476903 0.458427
vertex 0.975000 0.475000 0.464645
vertex 0.980357 0.480357 0.458427
endloop
endfacet
facet normal -0.560062 -0.682463 0.469654
outer loop
vertex 0.974336 0.461591 0.519134
vertex 0.976903 0.465433 0.527778
vertex 0.970603 0.470603 0.527778
endloop
endfacet
facet normal -0.560091 -0.682466 0.469615
outer loop
vertex 0.974336 0.461591 0.519134
vertex 0.970603 0.470603 0.527778
vertex 0.967336 0.467336 0.519134
endloop
endfacet
facet normal -0.300147 -0.365835 -0.880952
outer loop
vertex 0.989369 0.484091 0.453806
vertex 0.984567 0.476903 0.458427
vertex 0.980357 0.480357 0.458427
endloop
endfacet
facet normal -0.300161 -0.365792 -0.880965
outer loop
vertex 0.989369 0.484091 0.453806
vertex 0.980357 0.480357 0.458427
vertex 0.986470 0.486470 0.453806
endloop
endfacet
facet normal -0.607345 -0.740026 0.288954
outer loop
vertex 0.972755 0.459226 0.509754
vertex 0.974336 0.461591 0.519134
vertex 0.967336 0.467336 0.519134
endloop
endfacet
facet normal -0.607303 -0.740043 0.288999
outer loop
vertex 0.972755 0.459226 0.509754
vertex 0.967336 0.467336 0.519134
vertex 0.965324 0.465324 0.509754
endloop
endfacet
facet normal -0.184985 -0.225437 -0.956535
outer loop
vertex 0.994581 0.491890 0.450960
vertex 0.989369 0.484091 0.453806
vertex 0.986470 0.486470 0.453806
endloop
endfacet
facet normal -0.185013 -0.225415 -0.956534
outer loop
vertex 0.994581 0.491890 0.450960
vertex 0.986470 0.486470 0.453806
vertex 0.993103 0.493103 0.450960
endloop
endfacet
facet normal -0.598685 -0.491298 -0.632615
outer loop
vertex 0.975000 0.475000 0.464645
vertex 0.970603 0.470603 0.472221
vertex 0.965433 0.476903 0.472221
endloop
endfacet
facet normal -0.598666 -0.491382 -0.632568
outer loop
vertex 0.975000 0.475000 0.464645
vertex 0.965433 0.476903 0.472221
vertex 0.970603 0.480357 0.464645
endloop
endfacet
facet normal -0.598698 -0.491405 0.632521
outer loop
vertex 0.970603 0.470603 0.527778
vertex 0.975000 0.475000 0.535356
vertex 0.970603 0.480357 0.535356
endloop
endfacet
facet normal -0.598773 -0.491372 0.632475
outer loop
vertex 0.970603 0.470603 0.527778
vertex 0.970603 0.480357 0.535356
vertex 0.965433 0.476903 0.527778
endloop
endfacet
facet normal -0.491798 -0.403679 -0.771478
outer loop
vertex 0.980357 0.480357 0.458427
vertex 0.975000 0.475000 0.464645
vertex 0.970603 0.480357 0.464645
endloop
endfacet
facet normal -0.491847 -0.403514 -0.771533
outer loop
vertex 0.980357 0.480357 0.458427
vertex 0.970603 0.480357 0.464645
vertex 0.976903 0.484567 0.458427
endloop
endfacet
facet normal -0.682493 -0.560056 0.469618
outer loop
vertex 0.967336 0.467336 0.519134
vertex 0.970603 0.470603 0.527778
vertex 0.965433 0.476903 0.527778
endloop
endfacet
facet normal -0.682439 -0.560092 0.469653
outer loop
vertex 0.967336 0.467336 0.519134
vertex 0.965433 0.476903 0.527778
vertex 0.961591 0.474336 0.519134
endloop
endfacet
facet normal -0.365822 -0.300124 -0.880965
outer loop
vertex 0.986470 0.486470 0.453806
vertex 0.980357 0.480357 0.458427
vertex 0.976903 0.484567 0.458427
endloop
endfacet
facet normal -0.365810 -0.300171 -0.880955
outer loop
vertex 0.986470 0.486470 0.453806
vertex 0.976903 0.484567 0.458427
vertex 0.984091 0.489369 0.453806
endloop
endfacet
facet normal -0.740010 -0.607341 0.289002
outer loop
vertex 0.965324 0.465324 0.509754
vertex 0.967336 0.467336 0.519134
vertex 0.961591 0.474336 0.519134
endloop
endfacet
facet normal -0.740054 -0.607310 0.288954
outer loop
vertex 0.965324 0.465324 0.509754
vertex 0.961591 0.474336 0.519134
vertex 0.959226 0.472755 0.509754
endloop
endfacet
facet normal -0.225428 -0.184982 -0.956537
outer loop
vertex 0.993103 0.493103 0.450960
vertex 0.986470 0.486470 0.453806
vertex 0.984091 0.489369 0.453806
endloop
endfacet
facet normal -0.225420 -0.185018 -0.956532
outer loop
vertex 0.993103 0.493103 0.450960
vertex 0.984091 0.489369 0.453806
vertex 0.991890 0.494581 0.450960
endloop
endfacet
facet normal -0.769353 -0.631338 0.097509
outer loop
vertex 0.964645 0.464645 0.500000
vertex 0.965324 0.465324 0.509754
vertex 0.959226 0.472755 0.509754
endloop
endfacet
facet normal -0.769296 -0.631396 0.097584
outer loop
vertex 0.964645 0.464645 0.500000
vertex 0.959226 0.472755 0.509754
vertex 0.958427 0.472221 0.500000
endloop
endfacet
facet normal -0.076178 -0.062508 0.995133
outer loop
vertex 0.993103 0.493103 0.549039
vertex 1.000000 0.500000 0.550000
vertex 0.991890 0.494581 0.549039
endloop
endfacet
facet normal -0.076091 -0.062446 -0.995144
outer loop
vertex 1.000000 0.500000 0.450000
vertex 0.993103 0.493103 0.450960
vertex 0.991890 0.494581 0.450960
endloop
endfacet
facet normal -0.769309 -0.631393 -0.097499
outer loop
vertex 0.965324 0.465324 0.490245
vertex 0.964645 0.464645 0.500000
vertex 0.958427 0.472221 0.500000
endloop
endfacet
facet normal -0.769337 -0.631348 -0.097571
outer loop
vertex 0.965324 0.465324 0.490245
vertex 0.958427 0.472221 0.500000
vertex 0.959226 0.472755 0.490245
endloop
endfacet
facet normal -0.225372 -0.184940 0.956559
outer loop
vertex 0.986470 0.486470 0.546194
vertex 0.993103 0.493103 0.549039
vertex 0.991890 0.494581 0.549039
endloop
endfacet
facet normal -0.225351 -0.184941 0.956564
outer loop
vertex 0.986470 0.486470 0.546194
vertex 0.991890 0.494581 0.549039
vertex 0.984091 0.489369 0.546194
endloop
endfacet
facet normal -0.740036 -0.607297 -0.289028
outer loop
vertex 0.967336 0.467336 0.480866
vertex 0.965324 0.465324 0.490245
vertex 0.959226 0.472755 0.490245
endloop
endfacet
facet normal -0.740019 -0.607342 -0.288977
outer loop
vertex 0.967336 0.467336 0.480866
vertex 0.959226 0.472755 0.490245
vertex 0.961591 0.474336 0.480866
endloop
endfacet
facet normal -0.365793 -0.300172 0.880961
outer loop
vertex 0.980357 0.480357 0.541573
vertex 0.986470 0.486470 0.546194
vertex 0.984091 0.489369 0.546194
endloop
endfacet
facet normal -0.365829 -0.300138 0.880957
outer loop
vertex 0.980357 0.480357 0.541573
vertex 0.984091 0.489369 0.546194
vertex 0.976903 0.484567 0.541573
endloop
endfacet
facet normal -0.682478 -0.560099 -0.469587
outer loop
vertex 0.970603 0.470603 0.472221
vertex 0.967336 0.467336 0.480866
vertex 0.961591 0.474336 0.480866
endloop
endfacet
facet normal -0.682480 -0.560084 -0.469604
outer loop
vertex 0.970603 0.470603 0.472221
vertex 0.961591 0.474336 0.480866
vertex 0.965433 0.476903 0.472221
endloop
endfacet
facet normal -0.491852 -0.403541 0.771516
outer loop
vertex 0.975000 0.475000 0.535356
vertex 0.980357 0.480357 0.541573
vertex 0.976903 0.484567 0.541573
endloop
endfacet
facet normal -0.491705 -0.403594 0.771582
outer loop
vertex 0.975000 0.475000 0.535356
vertex 0.976903 0.484567 0.541573
vertex 0.970603 0.480357 0.535356
endloop
endfacet
facet normal -0.086881 -0.046474 0.995134
outer loop
vertex 0.991890 0.494581 0.549039
vertex 1.000000 0.500000 0.550000
vertex 0.990988 0.496267 0.549039
endloop
endfacet
facet normal -0.086776 -0.046425 -0.995145
outer loop
vertex 1.000000 0.500000 0.450000
vertex 0.991890 0.494581 0.450960
vertex 0.990988 0.496267 0.450960
endloop
endfacet
facet normal -0.877707 -0.469159 -0.097569
outer loop
vertex 0.959226 0.472755 0.490245
vertex 0.958427 0.472221 0.500000
vertex 0.953806 0.480866 0.500000
endloop
endfacet
facet normal -0.877683 -0.469219 -0.097502
outer loop
vertex 0.959226 0.472755 0.490245
vertex 0.953806 0.480866 0.500000
vertex 0.954693 0.481234 0.490245
endloop
endfacet
facet normal -0.257027 -0.137497 0.956573
outer loop
vertex 0.984091 0.489369 0.546194
vertex 0.991890 0.494581 0.549039
vertex 0.990988 0.496267 0.549039
endloop
endfacet
facet normal -0.257070 -0.137477 0.956564
outer loop
vertex 0.984091 0.489369 0.546194
vertex 0.990988 0.496267 0.549039
vertex 0.982322 0.492677 0.546194
endloop
endfacet
facet normal -0.844254 -0.451368 -0.288967
outer loop
vertex 0.961591 0.474336 0.480866
vertex 0.959226 0.472755 0.490245
vertex 0.954693 0.481234 0.490245
endloop
endfacet
facet normal -0.844287 -0.451222 -0.289100
outer loop
vertex 0.961591 0.474336 0.480866
vertex 0.954693 0.481234 0.490245
vertex 0.957323 0.482322 0.480866
endloop
endfacet
facet normal -0.417266 -0.223130 0.880966
outer loop
vertex 0.976903 0.484567 0.541573
vertex 0.984091 0.489369 0.546194
vertex 0.982322 0.492677 0.546194
endloop
endfacet
facet normal -0.417344 -0.223098 0.880938
outer loop
vertex 0.976903 0.484567 0.541573
vertex 0.982322 0.492677 0.546194
vertex 0.974336 0.489369 0.541573
endloop
endfacet
facet normal -0.778648 -0.416140 -0.469610
outer loop
vertex 0.965433 0.476903 0.472221
vertex 0.961591 0.474336 0.480866
vertex 0.957323 0.482322 0.480866
endloop
endfacet
facet normal -0.778649 -0.416173 -0.469580
outer loop
vertex 0.965433 0.476903 0.472221
vertex 0.957323 0.482322 0.480866
vertex 0.961591 0.484091 0.472221
endloop
endfacet
facet normal -0.561016 -0.299882 0.771577
outer loop
vertex 0.970603 0.480357 0.535356
vertex 0.976903 0.484567 0.541573
vertex 0.974336 0.489369 0.541573
endloop
endfacet
facet normal -0.561067 -0.299844 0.771555
outer loop
vertex 0.970603 0.480357 0.535356
vertex 0.974336 0.489369 0.541573
vertex 0.967336 0.486470 0.535356
endloop
endfacet
facet normal -0.683048 -0.365101 -0.632571
outer loop
vertex 0.970603 0.480357 0.464645
vertex 0.965433 0.476903 0.472221
vertex 0.961591 0.484091 0.472221
endloop
endfacet
facet normal -0.683049 -0.365044 -0.632604
outer loop
vertex 0.970603 0.480357 0.464645
vertex 0.961591 0.484091 0.472221
vertex 0.967336 0.486470 0.464645
endloop
endfacet
facet normal -0.683147 -0.365093 0.632469
outer loop
vertex 0.965433 0.476903 0.527778
vertex 0.970603 0.480357 0.535356
vertex 0.967336 0.486470 0.535356
endloop
endfacet
facet normal -0.683098 -0.365127 0.632502
outer loop
vertex 0.965433 0.476903 0.527778
vertex 0.967336 0.486470 0.535356
vertex 0.961591 0.484091 0.527778
endloop
endfacet
facet normal -0.561093 -0.299879 -0.771523
outer loop
vertex 0.976903 0.484567 0.458427
vertex 0.970603 0.480357 0.464645
vertex 0.967336 0.486470 0.464645
endloop
endfacet
facet normal -0.561099 -0.299914 -0.771505
outer loop
vertex 0.976903 0.484567 0.458427
vertex 0.967336 0.486470 0.464645
vertex 0.974336 0.489369 0.458427
endloop
endfacet
facet normal -0.778609 -0.416170 0.469650
outer loop
vertex 0.961591 0.474336 0.519134
vertex 0.965433 0.476903 0.527778
vertex 0.961591 0.484091 0.527778
endloop
endfacet
facet normal -0.778650 -0.416125 0.469621
outer loop
vertex 0.961591 0.474336 0.519134
vertex 0.961591 0.484091 0.527778
vertex 0.957323 0.482322 0.519134
endloop
endfacet
facet normal -0.417313 -0.223084 -0.880956
outer loop
vertex 0.984091 0.489369 0.453806
vertex 0.976903 0.484567 0.458427
vertex 0.974336 0.489369 0.458427
endloop
endfacet
facet normal -0.417306 -0.223177 -0.880936
outer loop
vertex 0.984091 0.489369 0.453806
vertex 0.974336 0.489369 0.458427
vertex 0.982322 0.492677 0.453806
endloop
endfacet
facet normal -0.844330 -0.451243 0.288942
outer loop
vertex 0.959226 0.472755 0.509754
vertex 0.961591 0.474336 0.519134
vertex 0.957323 0.482322 0.519134
endloop
endfacet
facet normal -0.844230 -0.451350 0.289066
outer loop
vertex 0.959226 0.472755 0.509754
vertex 0.957323 0.482322 0.519134
vertex 0.954693 0.481234 0.509754
endloop
endfacet
facet normal -0.257151 -0.137520 -0.956536
outer loop
vertex 0.991890 0.494581 0.450960
vertex 0.984091 0.489369 0.453806
vertex 0.982322 0.492677 0.453806
endloop
endfacet
facet normal -0.257151 -0.137553 -0.956532
outer loop
vertex 0.991890 0.494581 0.450960
vertex 0.982322 0.492677 0.453806
vertex 0.990988 0.496267 0.450960
endloop
endfacet
facet normal -0.877674 -0.469218 0.097582
outer loop
vertex 0.958427 0.472221 0.500000
vertex 0.959226 0.472755 0.509754
vertex 0.954693 0.481234 0.509754
endloop
endfacet
facet normal -0.877706 -0.469173 0.097509
outer loop
vertex 0.958427 0.472221 0.500000
vertex 0.954693 0.481234 0.509754
vertex 0.953806 0.480866 0.500000
endloop
endfacet
facet normal -0.741215 -0.224815 0.632502
outer loop
vertex 0.961591 0.484091 0.527778
vertex 0.967336 0.486470 0.535356
vertex 0.965324 0.493103 0.535356
endloop
endfacet
facet normal -0.741244 -0.224789 0.632478
outer loop
vertex 0.961591 0.484091 0.527778
vertex 0.965324 0.493103 0.535356
vertex 0.959226 0.491890 0.527778
endloop
endfacet
facet normal -0.608831 -0.184675 -0.771505
outer loop
vertex 0.974336 0.489369 0.458427
vertex 0.967336 0.486470 0.464645
vertex 0.965324 0.493103 0.464645
endloop
endfacet
facet normal -0.608831 -0.184691 -0.771501
outer loop
vertex 0.974336 0.489369 0.458427
vertex 0.965324 0.493103 0.464645
vertex 0.972755 0.494581 0.458427
endloop
endfacet
facet normal -0.844890 -0.256220 0.469587
outer loop
vertex 0.957323 0.482322 0.519134
vertex 0.961591 0.484091 0.527778
vertex 0.959226 0.491890 0.527778
endloop
endfacet
facet normal -0.844752 -0.256368 0.469755
outer loop
vertex 0.957323 0.482322 0.519134
vertex 0.959226 0.491890 0.527778
vertex 0.954693 0.490988 0.519134
endloop
endfacet
facet normal -0.452848 -0.137355 -0.880944
outer loop
vertex 0.982322 0.492677 0.453806
vertex 0.974336 0.489369 0.458427
vertex 0.972755 0.494581 0.458427
endloop
endfacet
facet normal -0.452829 -0.137228 -0.880973
outer loop
vertex 0.982322 0.492677 0.453806
vertex 0.972755 0.494581 0.458427
vertex 0.981234 0.496267 0.453806
endloop
endfacet
facet normal -0.916045 -0.278001 0.289097
outer loop
vertex 0.954693 0.481234 0.509754
vertex 0.957323 0.482322 0.519134
vertex 0.954693 0.490988 0.519134
endloop
endfacet
facet normal -0.916140 -0.277859 0.288934
outer loop
vertex 0.954693 0.481234 0.509754
vertex 0.954693 0.490988 0.519134
vertex 0.951903 0.490433 0.509754
endloop
endfacet
facet normal -0.279097 -0.084578 -0.956531
outer loop
vertex 0.990988 0.496267 0.450960
vertex 0.982322 0.492677 0.453806
vertex 0.981234 0.496267 0.453806
endloop
endfacet
facet normal -0.279081 -0.084664 -0.956528
outer loop
vertex 0.990988 0.496267 0.450960
vertex 0.981234 0.496267 0.453806
vertex 0.990433 0.498097 0.450960
endloop
endfacet
facet normal -0.952397 -0.288851 0.097499
outer loop
vertex 0.953806 0.480866 0.500000
vertex 0.954693 0.481234 0.509754
vertex 0.951903 0.490433 0.509754
endloop
endfacet
facet normal -0.952344 -0.288976 0.097636
outer loop
vertex 0.953806 0.480866 0.500000
vertex 0.951903 0.490433 0.509754
vertex 0.950960 0.490245 0.500000
endloop
endfacet
facet normal -0.094281 -0.028594 0.995135
outer loop
vertex 0.990988 0.496267 0.549039
vertex 1.000000 0.500000 0.550000
vertex 0.990433 0.498097 0.549039
endloop
endfacet
facet normal -0.094183 -0.028563 -0.995145
outer loop
vertex 1.000000 0.500000 0.450000
vertex 0.990988 0.496267 0.450960
vertex 0.990433 0.498097 0.450960
endloop
endfacet
facet normal -0.952357 -0.288984 -0.097490
outer loop
vertex 0.954693 0.481234 0.490245
vertex 0.953806 0.480866 0.500000
vertex 0.950960 0.490245 0.500000
endloop
endfacet
facet normal -0.952381 -0.288859 -0.097628
outer loop
vertex 0.954693 0.481234 0.490245
vertex 0.950960 0.490245 0.500000
vertex 0.951903 0.490433 0.490245
endloop
endfacet
facet normal -0.278975 -0.084612 0.956563
outer loop
vertex 0.982322 0.492677 0.546194
vertex 0.990988 0.496267 0.549039
vertex 0.990433 0.498097 0.549039
endloop
endfacet
facet normal -0.279007 -0.084556 0.956559
outer loop
vertex 0.982322 0.492677 0.546194
vertex 0.990433 0.498097 0.549039
vertex 0.981234 0.496267 0.546194
endloop
endfacet
facet normal -0.916090 -0.277833 -0.289116
outer loop
vertex 0.957323 0.482322 0.480866
vertex 0.954693 0.481234 0.490245
vertex 0.951903 0.490433 0.490245
endloop
endfacet
facet normal -0.916082 -0.278020 -0.288960
outer loop
vertex 0.957323 0.482322 0.480866
vertex 0.951903 0.490433 0.490245
vertex 0.954693 0.490988 0.480866
endloop
endfacet
facet normal -0.452888 -0.137269 0.880937
outer loop
vertex 0.974336 0.489369 0.541573
vertex 0.982322 0.492677 0.546194
vertex 0.981234 0.496267 0.546194
endloop
endfacet
facet normal -0.452809 -0.137343 0.880966
outer loop
vertex 0.974336 0.489369 0.541573
vertex 0.981234 0.496267 0.546194
vertex 0.972755 0.494581 0.541573
endloop
endfacet
facet normal -0.844848 -0.256410 -0.469559
outer loop
vertex 0.961591 0.484091 0.472221
vertex 0.957323 0.482322 0.480866
vertex 0.954693 0.490988 0.480866
endloop
endfacet
facet normal -0.844830 -0.256177 -0.469718
outer loop
vertex 0.961591 0.484091 0.472221
vertex 0.954693 0.490988 0.480866
vertex 0.959226 0.491890 0.472221
endloop
endfacet
facet normal -0.608763 -0.184683 0.771557
outer loop
vertex 0.967336 0.486470 0.535356
vertex 0.974336 0.489369 0.541573
vertex 0.972755 0.494581 0.541573
endloop
endfacet
facet normal -0.608781 -0.184647 0.771551
outer loop
vertex 0.967336 0.486470 0.535356
vertex 0.972755 0.494581 0.541573
vertex 0.965324 0.493103 0.535356
endloop
endfacet
facet normal -0.741150 -0.224731 -0.632608
outer loop
vertex 0.967336 0.486470 0.464645
vertex 0.961591 0.484091 0.472221
vertex 0.959226 0.491890 0.472221
endloop
endfacet
facet normal -0.741163 -0.224821 -0.632561
outer loop
vertex 0.967336 0.486470 0.464645
vertex 0.959226 0.491890 0.472221
vertex 0.965324 0.493103 0.464645
endloop
endfacet
facet normal -0.990439 -0.097476 -0.097616
outer loop
vertex 0.951903 0.490433 0.490245
vertex 0.950960 0.490245 0.500000
vertex 0.950000 0.500000 0.500000
endloop
endfacet
facet normal -0.990440 -0.097514 -0.097573
outer loop
vertex 0.951903 0.490433 0.490245
vertex 0.950000 0.500000 0.500000
vertex 0.950961 0.500000 0.490245
endloop
endfacet
facet normal -0.290161 -0.028674 0.956548
outer loop
vertex 0.981234 0.496267 0.546194
vertex 0.990433 0.498097 0.549039
vertex 0.990245 0.500000 0.549039
endloop
endfacet
facet normal -0.290142 -0.028612 0.956556
outer loop
vertex 0.981234 0.496267 0.546194
vertex 0.990245 0.500000 0.549039
vertex 0.980866 0.500000 0.546194
endloop
endfacet
facet normal -0.952734 -0.093804 -0.288961
outer loop
vertex 0.954693 0.490988 0.480866
vertex 0.951903 0.490433 0.490245
vertex 0.950961 0.500000 0.490245
endloop
endfacet
facet normal -0.952725 -0.093765 -0.289003
outer loop
vertex 0.954693 0.490988 0.480866
vertex 0.950961 0.500000 0.490245
vertex 0.953806 0.500000 0.480866
endloop
endfacet
facet normal -0.470904 -0.046423 0.880962
outer loop
vertex 0.972755 0.494581 0.541573
vertex 0.981234 0.496267 0.546194
vertex 0.980866 0.500000 0.546194
endloop
endfacet
facet normal -0.470903 -0.046411 0.880964
outer loop
vertex 0.972755 0.494581 0.541573
vertex 0.980866 0.500000 0.546194
vertex 0.972221 0.500000 0.541573
endloop
endfacet
facet normal -0.878577 -0.086478 -0.469707
outer loop
vertex 0.959226 0.491890 0.472221
vertex 0.954693 0.490988 0.480866
vertex 0.953806 0.500000 0.480866
endloop
endfacet
facet normal -0.878605 -0.086552 -0.469641
outer loop
vertex 0.959226 0.491890 0.472221
vertex 0.953806 0.500000 0.480866
vertex 0.958427 0.500000 0.472221
endloop
endfacet
facet normal -0.633101 -0.062392 0.771551
outer loop
vertex 0.965324 0.493103 0.535356
vertex 0.972755 0.494581 0.541573
vertex 0.972221 0.500000 0.541573
endloop
endfacet
facet normal -0.633133 -0.062336 0.771529
outer loop
vertex 0.965324 0.493103 0.535356
vertex 0.972221 0.500000 0.541573
vertex 0.964645 0.500000 0.535356
endloop
endfacet
facet normal -0.770774 -0.075930 -0.632568
outer loop
vertex 0.965324 0.493103 0.464645
vertex 0.959226 0.491890 0.472221
vertex 0.958427 0.500000 0.472221
endloop
endfacet
facet normal -0.770753 -0.075888 -0.632599
outer loop
vertex 0.965324 0.493103 0.464645
vertex 0.958427 0.500000 0.472221
vertex 0.964645 0.500000 0.464645
endloop
endfacet
facet normal -0.770860 -0.075892 0.632468
outer loop
vertex 0.959226 0.491890 0.527778
vertex 0.965324 0.493103 0.535356
vertex 0.964645 0.500000 0.535356
endloop
endfacet
facet normal -0.770829 -0.075928 0.632501
outer loop
vertex 0.959226 0.491890 0.527778
vertex 0.964645 0.500000 0.535356
vertex 0.958427 0.500000 0.527778
endloop
endfacet
facet normal -0.633175 -0.062330 -0.771495
outer loop
vertex 0.972755 0.494581 0.458427
vertex 0.965324 0.493103 0.464645
vertex 0.964645 0.500000 0.464645
endloop
endfacet
facet normal -0.633181 -0.062409 -0.771483
outer loop
vertex 0.972755 0.494581 0.458427
vertex 0.964645 0.500000 0.464645
vertex 0.972221 0.500000 0.458427
endloop
endfacet
facet normal -0.878545 -0.086555 0.469752
outer loop
vertex 0.954693 0.490988 0.519134
vertex 0.959226 0.491890 0.527778
vertex 0.958427 0.500000 0.527778
endloop
endfacet
facet normal -0.878590 -0.086468 0.469683
outer loop
vertex 0.954693 0.490988 0.519134
vertex 0.958427 0.500000 0.527778
vertex 0.953806 0.500000 0.519134
endloop
endfacet
facet normal -0.470902 -0.046411 -0.880964
outer loop
vertex 0.981234 0.496267 0.453806
vertex 0.972755 0.494581 0.458427
vertex 0.972221 0.500000 0.458427
endloop
endfacet
facet normal -0.470891 -0.046423 -0.880969
outer loop
vertex 0.981234 0.496267 0.453806
vertex 0.972221 0.500000 0.458427
vertex 0.980866 0.500000 0.453806
endloop
endfacet
facet normal -0.952748 -0.093757 0.288931
outer loop
vertex 0.951903 0.490433 0.509754
vertex 0.954693 0.490988 0.519134
vertex 0.953806 0.500000 0.519134
endloop
endfacet
facet normal -0.952729 -0.093814 0.288975
outer loop
vertex 0.951903 0.490433 0.509754
vertex 0.953806 0.500000 0.519134
vertex 0.950961 0.500000 0.509754
endloop
endfacet
facet normal -0.290251 -0.028624 -0.956522
outer loop
vertex 0.990433 0.498097 0.450960
vertex 0.981234 0.496267 0.453806
vertex 0.980866 0.500000 0.453806
endloop
endfacet
facet normal -0.290245 -0.028673 -0.956523
outer loop
vertex 0.990433 0.498097 0.450960
vertex 0.980866 0.500000 0.453806
vertex 0.990245 0.500000 0.450960
endloop
endfacet
facet normal -0.990434 -0.097522 0.097626
outer loop
vertex 0.950960 0.490245 0.500000
vertex 0.951903 0.490433 0.509754
vertex 0.950961 0.500000 0.509754
endloop
endfacet
facet normal -0.990441 -0.097487 0.097584
outer loop
vertex 0.950960 0.490245 0.500000
vertex 0.950961 0.500000 0.509754
vertex 0.950000 0.500000 0.500000
endloop
endfacet
facet normal -0.098038 -0.009679 0.995136
outer loop
vertex 0.990433 0.498097 0.549039
vertex 1.000000 0.500000 0.550000
vertex 0.990245 0.500000 0.549039
endloop
endfacet
facet normal -0.097933 -0.009673 -0.995146
outer loop
vertex 1.000000 0.500000 0.450000
vertex 0.990433 0.498097 0.450960
vertex 0.990245 0.500000 0.450960
endloop
endfacet
facet normal -0.633200 0.062337 -0.771474
outer loop
vertex 0.972221 0.500000 0.458427
vertex 0.964645 0.500000 0.464645
vertex 0.965324 0.506898 0.464645
endloop
endfacet
facet normal -0.633149 0.062388 -0.771512
outer loop
vertex 0.972221 0.500000 0.458427
vertex 0.965324 0.506898 0.464645
vertex 0.972755 0.505419 0.458427
endloop
endfacet
facet normal -0.878585 0.086559 0.469677
outer loop
vertex 0.953806 0.500000 0.519134
vertex 0.958427 0.500000 0.527778
vertex 0.959226 0.508110 0.527778
endloop
endfacet
facet normal -0.878553 0.086465 0.469753
outer loop
vertex 0.953806 0.500000 0.519134
vertex 0.959226 0.508110 0.527778
vertex 0.954693 0.509012 0.519134
endloop
endfacet
facet normal -0.470902 0.046393 -0.880965
outer loop
vertex 0.980866 0.500000 0.453806
vertex 0.972221 0.500000 0.458427
vertex 0.972755 0.505419 0.458427
endloop
endfacet
facet normal -0.470898 0.046448 -0.880964
outer loop
vertex 0.980866 0.500000 0.453806
vertex 0.972755 0.505419 0.458427
vertex 0.981234 0.503733 0.453806
endloop
endfacet
facet normal -0.952735 0.093756 0.288974
outer loop
vertex 0.950961 0.500000 0.509754
vertex 0.953806 0.500000 0.519134
vertex 0.954693 0.509012 0.519134
endloop
endfacet
facet normal -0.952742 0.093814 0.288931
outer loop
vertex 0.950961 0.500000 0.509754
vertex 0.954693 0.509012 0.519134
vertex 0.951903 0.509567 0.509754
endloop
endfacet
facet normal -0.290252 0.028624 -0.956522
outer loop
vertex 0.990245 0.500000 0.450960
vertex 0.980866 0.500000 0.453806
vertex 0.981234 0.503733 0.453806
endloop
endfacet
facet normal -0.290225 0.028672 -0.956529
outer loop
vertex 0.990245 0.500000 0.450960
vertex 0.981234 0.503733 0.453806
vertex 0.990433 0.501903 0.450960
endloop
endfacet
facet normal -0.990438 0.097523 0.097582
outer loop
vertex 0.950000 0.500000 0.500000
vertex 0.950961 0.500000 0.509754
vertex 0.951903 0.509567 0.509754
endloop
endfacet
facet normal -0.990437 0.097594 0.097521
outer loop
vertex 0.950000 0.500000 0.500000
vertex 0.951903 0.509567 0.509754
vertex 0.950961 0.509754 0.500000
endloop
endfacet
facet normal -0.098038 0.009679 0.995136
outer loop
vertex 0.990245 0.500000 0.549039
vertex 1.000000 0.500000 0.550000
vertex 0.990433 0.501903 0.549039
endloop
endfacet
facet normal -0.097933 0.009673 -0.995146
outer loop
vertex 1.000000 0.500000 0.450000
vertex 0.990245 0.500000 0.450960
vertex 0.990433 0.501903 0.450960
endloop
endfacet
facet normal -0.990433 0.097582 -0.097571
outer loop
vertex 0.950961 0.500000 0.490245
vertex 0.950000 0.500000 0.500000
vertex 0.950961 0.509754 0.500000
endloop
endfacet
facet normal -0.990445 0.097515 -0.097512
outer loop
vertex 0.950961 0.500000 0.490245
vertex 0.950961 0.509754 0.500000
vertex 0.951903 0.509567 0.490245
endloop
endfacet
facet normal -0.290149 0.028674 0.956552
outer loop
vertex 0.980866 0.500000 0.546194
vertex 0.990245 0.500000 0.549039
vertex 0.990433 0.501903 0.549039
endloop
endfacet
facet normal -0.290148 0.028612 0.956554
outer loop
vertex 0.980866 0.500000 0.546194
vertex 0.990433 0.501903 0.549039
vertex 0.981234 0.503733 0.546194
endloop
endfacet
facet normal -0.952723 0.093802 -0.288998
outer loop
vertex 0.953806 0.500000 0.480866
vertex 0.950961 0.500000 0.490245
vertex 0.951903 0.509567 0.490245
endloop
endfacet
facet normal -0.952738 0.093766 -0.288960
outer loop
vertex 0.953806 0.500000 0.480866
vertex 0.951903 0.509567 0.490245
vertex 0.954693 0.509012 0.480866
endloop
endfacet
facet normal -0.470914 0.046424 0.880957
outer loop
vertex 0.972221 0.500000 0.541573
vertex 0.980866 0.500000 0.546194
vertex 0.981234 0.503733 0.546194
endloop
endfacet
facet normal -0.470897 0.046410 0.880967
outer loop
vertex 0.972221 0.500000 0.541573
vertex 0.981234 0.503733 0.546194
vertex 0.972755 0.505419 0.541573
endloop
endfacet
facet normal -0.878613 0.086481 -0.469639
outer loop
vertex 0.958427 0.500000 0.472221
vertex 0.953806 0.500000 0.480866
vertex 0.954693 0.509012 0.480866
endloop
endfacet
facet normal -0.878566 0.086549 -0.469715
outer loop
vertex 0.958427 0.500000 0.472221
vertex 0.954693 0.509012 0.480866
vertex 0.959226 0.508110 0.472221
endloop
endfacet
facet normal -0.633125 0.062395 0.771531
outer loop
vertex 0.964645 0.500000 0.535356
vertex 0.972221 0.500000 0.541573
vertex 0.972755 0.505419 0.541573
endloop
endfacet
facet normal -0.633114 0.062325 0.771545
outer loop
vertex 0.964645 0.500000 0.535356
vertex 0.972755 0.505419 0.541573
vertex 0.965324 0.506898 0.535356
endloop
endfacet
facet normal -0.770748 0.075928 -0.632600
outer loop
vertex 0.964645 0.500000 0.464645
vertex 0.958427 0.500000 0.472221
vertex 0.959226 0.508110 0.472221
endloop
endfacet
facet normal -0.770788 0.075880 -0.632557
outer loop
vertex 0.964645 0.500000 0.464645
vertex 0.959226 0.508110 0.472221
vertex 0.965324 0.506898 0.464645
endloop
endfacet
facet normal -0.770838 0.075879 0.632496
outer loop
vertex 0.958427 0.500000 0.527778
vertex 0.964645 0.500000 0.535356
vertex 0.965324 0.506898 0.535356
endloop
endfacet
facet normal -0.770855 0.075931 0.632469
outer loop
vertex 0.958427 0.500000 0.527778
vertex 0.965324 0.506898 0.535356
vertex 0.959226 0.508110 0.527778
endloop
endfacet
facet normal -0.916134 0.277847 -0.288962
outer loop
vertex 0.954693 0.509012 0.480866
vertex 0.951903 0.509567 0.490245
vertex 0.954693 0.518766 0.490245
endloop
endfacet
facet normal -0.916020 0.278032 -0.289148
outer loop
vertex 0.954693 0.509012 0.480866
vertex 0.954693 0.518766 0.490245
vertex 0.957323 0.517677 0.480866
endloop
endfacet
facet normal -0.452823 0.137261 0.880971
outer loop
vertex 0.972755 0.505419 0.541573
vertex 0.981234 0.503733 0.546194
vertex 0.982322 0.507322 0.546194
endloop
endfacet
facet normal -0.452850 0.137400 0.880936
outer loop
vertex 0.972755 0.505419 0.541573
vertex 0.982322 0.507322 0.546194
vertex 0.974336 0.510630 0.541573
endloop
endfacet
facet normal -0.844768 0.256393 -0.469712
outer loop
vertex 0.959226 0.508110 0.472221
vertex 0.954693 0.509012 0.480866
vertex 0.957323 0.517677 0.480866
endloop
endfacet
facet normal -0.844918 0.256227 -0.469533
outer loop
vertex 0.959226 0.508110 0.472221
vertex 0.957323 0.517677 0.480866
vertex 0.961591 0.515909 0.472221
endloop
endfacet
facet normal -0.608749 0.184676 0.771570
outer loop
vertex 0.965324 0.506898 0.535356
vertex 0.972755 0.505419 0.541573
vertex 0.974336 0.510630 0.541573
endloop
endfacet
facet normal -0.608753 0.184695 0.771561
outer loop
vertex 0.965324 0.506898 0.535356
vertex 0.974336 0.510630 0.541573
vertex 0.967336 0.513530 0.535356
endloop
endfacet
facet normal -0.741188 0.224756 -0.632554
outer loop
vertex 0.965324 0.506898 0.464645
vertex 0.959226 0.508110 0.472221
vertex 0.961591 0.515909 0.472221
endloop
endfacet
facet normal -0.741127 0.224827 -0.632601
outer loop
vertex 0.965324 0.506898 0.464645
vertex 0.961591 0.515909 0.472221
vertex 0.967336 0.513530 0.464645
endloop
endfacet
facet normal -0.741242 0.224885 0.632446
outer loop
vertex 0.959226 0.508110 0.527778
vertex 0.965324 0.506898 0.535356
vertex 0.967336 0.513530 0.535356
endloop
endfacet
facet normal -0.741231 0.224756 0.632504
outer loop
vertex 0.959226 0.508110 0.527778
vertex 0.967336 0.513530 0.535356
vertex 0.961591 0.515909 0.527778
endloop
endfacet
facet normal -0.608816 0.184695 -0.771512
outer loop
vertex 0.972755 0.505419 0.458427
vertex 0.965324 0.506898 0.464645
vertex 0.967336 0.513530 0.464645
endloop
endfacet
facet normal -0.608801 0.184719 -0.771519
outer loop
vertex 0.972755 0.505419 0.458427
vertex 0.967336 0.513530 0.464645
vertex 0.974336 0.510630 0.458427
endloop
endfacet
facet normal -0.844813 0.256174 0.469752
outer loop
vertex 0.954693 0.509012 0.519134
vertex 0.959226 0.508110 0.527778
vertex 0.961591 0.515909 0.527778
endloop
endfacet
facet normal -0.844822 0.256440 0.469589
outer loop
vertex 0.954693 0.509012 0.519134
vertex 0.961591 0.515909 0.527778
vertex 0.957323 0.517677 0.519134
endloop
endfacet
facet normal -0.452804 0.137368 -0.880965
outer loop
vertex 0.981234 0.503733 0.453806
vertex 0.972755 0.505419 0.458427
vertex 0.974336 0.510630 0.458427
endloop
endfacet
facet normal -0.452890 0.137281 -0.880934
outer loop
vertex 0.981234 0.503733 0.453806
vertex 0.974336 0.510630 0.458427
vertex 0.982322 0.507322 0.453806
endloop
endfacet
facet normal -0.916082 0.278044 0.288937
outer loop
vertex 0.951903 0.509567 0.509754
vertex 0.954693 0.509012 0.519134
vertex 0.957323 0.517677 0.519134
endloop
endfacet
facet normal -0.916088 0.277845 0.289109
outer loop
vertex 0.951903 0.509567 0.509754
vertex 0.957323 0.517677 0.519134
vertex 0.954693 0.518766 0.509754
endloop
endfacet
facet normal -0.279089 0.084600 -0.956531
outer loop
vertex 0.990433 0.501903 0.450960
vertex 0.981234 0.503733 0.453806
vertex 0.982322 0.507322 0.453806
endloop
endfacet
facet normal -0.279081 0.084664 -0.956528
outer loop
vertex 0.990433 0.501903 0.450960
vertex 0.982322 0.507322 0.453806
vertex 0.990988 0.503733 0.450960
endloop
endfacet
facet normal -0.952396 0.288847 0.097518
outer loop
vertex 0.950961 0.509754 0.500000
vertex 0.951903 0.509567 0.509754
vertex 0.954693 0.518766 0.509754
endloop
endfacet
facet normal -0.952393 0.288864 0.097499
outer loop
vertex 0.950961 0.509754 0.500000
vertex 0.954693 0.518766 0.509754
vertex 0.953806 0.519134 0.500000
endloop
endfacet
facet normal -0.094286 0.028595 0.995134
outer loop
vertex 0.990433 0.501903 0.549039
vertex 1.000000 0.500000 0.550000
vertex 0.990988 0.503733 0.549039
endloop
endfacet
facet normal -0.094182 0.028565 -0.995145
outer loop
vertex 1.000000 0.500000 0.450000
vertex 0.990433 0.501903 0.450960
vertex 0.990988 0.503733 0.450960
endloop
endfacet
facet normal -0.952391 0.288868 -0.097505
outer loop
vertex 0.951903 0.509567 0.490245
vertex 0.950961 0.509754 0.500000
vertex 0.953806 0.519134 0.500000
endloop
endfacet
facet normal -0.952393 0.288864 -0.097492
outer loop
vertex 0.951903 0.509567 0.490245
vertex 0.953806 0.519134 0.500000
vertex 0.954693 0.518766 0.490245
endloop
endfacet
facet normal -0.279002 0.084620 0.956555
outer loop
vertex 0.981234 0.503733 0.546194
vertex 0.990433 0.501903 0.549039
vertex 0.990988 0.503733 0.549039
endloop
endfacet
facet normal -0.278998 0.084576 0.956560
outer loop
vertex 0.981234 0.503733 0.546194
vertex 0.990988 0.503733 0.549039
vertex 0.982322 0.507322 0.546194
endloop
endfacet
facet normal -0.417360 0.223058 -0.880940
outer loop
vertex 0.982322 0.507322 0.453806
vertex 0.974336 0.510630 0.458427
vertex 0.976903 0.515433 0.458427
endloop
endfacet
facet normal -0.417255 0.223149 -0.880967
outer loop
vertex 0.982322 0.507322 0.453806
vertex 0.976903 0.515433 0.458427
vertex 0.984091 0.510630 0.453806
endloop
endfacet
facet normal -0.844306 0.451174 0.289118
outer loop
vertex 0.954693 0.518766 0.509754
vertex 0.957323 0.517677 0.519134
vertex 0.961591 0.525664 0.519134
endloop
endfacet
facet normal -0.844264 0.451367 0.288941
outer loop
vertex 0.954693 0.518766 0.509754
vertex 0.961591 0.525664 0.519134
vertex 0.959226 0.527245 0.509754
endloop
endfacet
facet normal -0.257178 0.137531 -0.956527
outer loop
vertex 0.990988 0.503733 0.450960
vertex 0.982322 0.507322 0.453806
vertex 0.984091 0.510630 0.453806
endloop
endfacet
facet normal -0.257127 0.137547 -0.956539
outer loop
vertex 0.990988 0.503733 0.450960
vertex 0.984091 0.510630 0.453806
vertex 0.991890 0.505419 0.450960
endloop
endfacet
facet normal -0.877680 0.469222 0.097509
outer loop
vertex 0.953806 0.519134 0.500000
vertex 0.954693 0.518766 0.509754
vertex 0.959226 0.527245 0.509754
endloop
endfacet
facet normal -0.877683 0.469212 0.097533
outer loop
vertex 0.953806 0.519134 0.500000
vertex 0.959226 0.527245 0.509754
vertex 0.958427 0.527778 0.500000
endloop
endfacet
facet normal -0.086876 0.046471 0.995135
outer loop
vertex 0.990988 0.503733 0.549039
vertex 1.000000 0.500000 0.550000
vertex 0.991890 0.505419 0.549039
endloop
endfacet
facet normal -0.086772 0.046423 -0.995146
outer loop
vertex 1.000000 0.500000 0.450000
vertex 0.990988 0.503733 0.450960
vertex 0.991890 0.505419 0.450960
endloop
endfacet
facet normal -0.877690 0.469206 -0.097497
outer loop
vertex 0.954693 0.518766 0.490245
vertex 0.953806 0.519134 0.500000
vertex 0.958427 0.527778 0.500000
endloop
endfacet
facet normal -0.877681 0.469217 -0.097528
outer loop
vertex 0.954693 0.518766 0.490245
vertex 0.958427 0.527778 0.500000
vertex 0.959226 0.527245 0.490245
endloop
endfacet
facet normal -0.257068 0.137505 0.956561
outer loop
vertex 0.982322 0.507322 0.546194
vertex 0.990988 0.503733 0.549039
vertex 0.991890 0.505419 0.549039
endloop
endfacet
facet normal -0.257070 0.137484 0.956563
outer loop
vertex 0.982322 0.507322 0.546194
vertex 0.991890 0.505419 0.549039
vertex 0.984091 0.510630 0.546194
endloop
endfacet
facet normal -0.844208 0.451344 -0.289139
outer loop
vertex 0.957323 0.517677 0.480866
vertex 0.954693 0.518766 0.490245
vertex 0.959226 0.527245 0.490245
endloop
endfacet
facet normal -0.844346 0.451198 -0.288964
outer loop
vertex 0.957323 0.517677 0.480866
vertex 0.959226 0.527245 0.490245
vertex 0.961591 0.525664 0.480866
endloop
endfacet
facet normal -0.417303 0.223172 0.880938
outer loop
vertex 0.974336 0.510630 0.541573
vertex 0.982322 0.507322 0.546194
vertex 0.984091 0.510630 0.546194
endloop
endfacet
facet normal -0.417327 0.223027 0.880964
outer loop
vertex 0.974336 0.510630 0.541573
vertex 0.984091 0.510630 0.546194
vertex 0.976903 0.515433 0.541573
endloop
endfacet
facet normal -0.778703 0.416119 -0.469539
outer loop
vertex 0.961591 0.515909 0.472221
vertex 0.957323 0.517677 0.480866
vertex 0.961591 0.525664 0.480866
endloop
endfacet
facet normal -0.778632 0.416167 -0.469614
outer loop
vertex 0.961591 0.515909 0.472221
vertex 0.961591 0.525664 0.480866
vertex 0.965433 0.523097 0.472221
endloop
endfacet
facet normal -0.561035 0.299818 0.771589
outer loop
vertex 0.967336 0.513530 0.535356
vertex 0.974336 0.510630 0.541573
vertex 0.976903 0.515433 0.541573
endloop
endfacet
facet normal -0.561046 0.299899 0.771549
outer loop
vertex 0.967336 0.513530 0.535356
vertex 0.976903 0.515433 0.541573
vertex 0.970603 0.519642 0.535356
endloop
endfacet
facet normal -0.683031 0.365089 -0.632597
outer loop
vertex 0.967336 0.513530 0.464645
vertex 0.961591 0.515909 0.472221
vertex 0.965433 0.523097 0.472221
endloop
endfacet
facet normal -0.683021 0.365095 -0.632604
outer loop
vertex 0.967336 0.513530 0.464645
vertex 0.965433 0.523097 0.472221
vertex 0.970603 0.519642 0.464645
endloop
endfacet
facet normal -0.683092 0.365130 0.632508
outer loop
vertex 0.961591 0.515909 0.527778
vertex 0.967336 0.513530 0.535356
vertex 0.970603 0.519642 0.535356
endloop
endfacet
facet normal -0.683102 0.365131 0.632496
outer loop
vertex 0.961591 0.515909 0.527778
vertex 0.970603 0.519642 0.535356
vertex 0.965433 0.523097 0.527778
endloop
endfacet
facet normal -0.561075 0.299908 -0.771524
outer loop
vertex 0.974336 0.510630 0.458427
vertex 0.967336 0.513530 0.464645
vertex 0.970603 0.519642 0.464645
endloop
endfacet
facet normal -0.561117 0.299881 -0.771504
outer loop
vertex 0.974336 0.510630 0.458427
vertex 0.970603 0.519642 0.464645
vertex 0.976903 0.515433 0.458427
endloop
endfacet
facet normal -0.778652 0.416173 0.469575
outer loop
vertex 0.957323 0.517677 0.519134
vertex 0.961591 0.515909 0.527778
vertex 0.965433 0.523097 0.527778
endloop
endfacet
facet normal -0.778646 0.416098 0.469652
outer loop
vertex 0.957323 0.517677 0.519134
vertex 0.965433 0.523097 0.527778
vertex 0.961591 0.525664 0.519134
endloop
endfacet
facet normal -0.365816 0.300092 0.880979
outer loop
vertex 0.976903 0.515433 0.541573
vertex 0.984091 0.510630 0.546194
vertex 0.986470 0.513530 0.546194
endloop
endfacet
facet normal -0.365815 0.300191 0.880946
outer loop
vertex 0.976903 0.515433 0.541573
vertex 0.986470 0.513530 0.546194
vertex 0.980357 0.519642 0.541573
endloop
endfacet
facet normal -0.682454 0.560116 -0.469603
outer loop
vertex 0.965433 0.523097 0.472221
vertex 0.961591 0.525664 0.480866
vertex 0.967336 0.532664 0.480866
endloop
endfacet
facet normal -0.682511 0.560061 -0.469585
outer loop
vertex 0.965433 0.523097 0.472221
vertex 0.967336 0.532664 0.480866
vertex 0.970603 0.529397 0.472221
endloop
endfacet
facet normal -0.491772 0.403559 0.771557
outer loop
vertex 0.970603 0.519642 0.535356
vertex 0.976903 0.515433 0.541573
vertex 0.980357 0.519642 0.541573
endloop
endfacet
facet normal -0.491770 0.403582 0.771547
outer loop
vertex 0.970603 0.519642 0.535356
vertex 0.980357 0.519642 0.541573
vertex 0.975000 0.525000 0.535356
endloop
endfacet
facet normal -0.598685 0.491298 -0.632615
outer loop
vertex 0.970603 0.519642 0.464645
vertex 0.965433 0.523097 0.472221
vertex 0.970603 0.529397 0.472221
endloop
endfacet
facet normal -0.598679 0.491300 -0.632620
outer loop
vertex 0.970603 0.519642 0.464645
vertex 0.970603 0.529397 0.472221
vertex 0.975000 0.525000 0.464645
endloop
endfacet
facet normal -0.598749 0.491351 0.632513
outer loop
vertex 0.965433 0.523097 0.527778
vertex 0.970603 0.519642 0.535356
vertex 0.975000 0.525000 0.535356
endloop
endfacet
facet normal -0.598740 0.491347 0.632525
outer loop
vertex 0.965433 0.523097 0.527778
vertex 0.975000 0.525000 0.535356
vertex 0.970603 0.529397 0.527778
endloop
endfacet
facet normal -0.491814 0.403611 -0.771504
outer loop
vertex 0.976903 0.515433 0.458427
vertex 0.970603 0.519642 0.464645
vertex 0.975000 0.525000 0.464645
endloop
endfacet
facet normal -0.491817 0.403608 -0.771503
outer loop
vertex 0.976903 0.515433 0.458427
vertex 0.975000 0.525000 0.464645
vertex 0.980357 0.519642 0.458427
endloop
endfacet
facet normal -0.682478 0.560044 0.469654
outer loop
vertex 0.961591 0.525664 0.519134
vertex 0.965433 0.523097 0.527778
vertex 0.970603 0.529397 0.527778
endloop
endfacet
facet normal -0.682455 0.560100 0.469620
outer loop
vertex 0.961591 0.525664 0.519134
vertex 0.970603 0.529397 0.527778
vertex 0.967336 0.532664 0.519134
endloop
endfacet
facet normal -0.365778 0.300150 -0.880975
outer loop
vertex 0.984091 0.510630 0.453806
vertex 0.976903 0.515433 0.458427
vertex 0.980357 0.519642 0.458427
endloop
endfacet
facet normal -0.365867 0.300128 -0.880946
outer loop
vertex 0.984091 0.510630 0.453806
vertex 0.980357 0.519642 0.458427
vertex 0.986470 0.513530 0.453806
endloop
endfacet
facet normal -0.740021 0.607350 0.288954
outer loop
vertex 0.959226 0.527245 0.509754
vertex 0.961591 0.525664 0.519134
vertex 0.967336 0.532664 0.519134
endloop
endfacet
facet normal -0.740045 0.607297 0.289005
outer loop
vertex 0.959226 0.527245 0.509754
vertex 0.967336 0.532664 0.519134
vertex 0.965324 0.534676 0.509754
endloop
endfacet
facet normal -0.225479 0.184956 -0.956530
outer loop
vertex 0.991890 0.505419 0.450960
vertex 0.984091 0.510630 0.453806
vertex 0.986470 0.513530 0.453806
endloop
endfacet
facet normal -0.225498 0.184959 -0.956526
outer loop
vertex 0.991890 0.505419 0.450960
vertex 0.986470 0.513530 0.453806
vertex 0.993103 0.506898 0.450960
endloop
endfacet
facet normal -0.769354 0.631336 0.097514
outer loop
vertex 0.958427 0.527778 0.500000
vertex 0.959226 0.527245 0.509754
vertex 0.965324 0.534676 0.509754
endloop
endfacet
facet normal -0.769377 0.631299 0.097571
outer loop
vertex 0.958427 0.527778 0.500000
vertex 0.965324 0.534676 0.509754
vertex 0.964645 0.535356 0.500000
endloop
endfacet
facet normal -0.076195 0.062481 0.995133
outer loop
vertex 0.991890 0.505419 0.549039
vertex 1.000000 0.500000 0.550000
vertex 0.993103 0.506898 0.549039
endloop
endfacet
facet normal -0.076116 0.062420 -0.995143
outer loop
vertex 1.000000 0.500000 0.450000
vertex 0.991890 0.505419 0.450960
vertex 0.993103 0.506898 0.450960
endloop
endfacet
facet normal -0.769379 0.631307 -0.097507
outer loop
vertex 0.959226 0.527245 0.490245
vertex 0.958427 0.527778 0.500000
vertex 0.964645 0.535356 0.500000
endloop
endfacet
facet normal -0.769347 0.631338 -0.097559
outer loop
vertex 0.959226 0.527245 0.490245
vertex 0.964645 0.535356 0.500000
vertex 0.965324 0.534676 0.490245
endloop
endfacet
facet normal -0.225411 0.184899 0.956557
outer loop
vertex 0.984091 0.510630 0.546194
vertex 0.991890 0.505419 0.549039
vertex 0.993103 0.506898 0.549039
endloop
endfacet
facet normal -0.225412 0.184904 0.956556
outer loop
vertex 0.984091 0.510630 0.546194
vertex 0.993103 0.506898 0.549039
vertex 0.986470 0.513530 0.546194
endloop
endfacet
facet normal -0.740059 0.607288 -0.288988
outer loop
vertex 0.961591 0.525664 0.480866
vertex 0.959226 0.527245 0.490245
vertex 0.965324 0.534676 0.490245
endloop
endfacet
facet normal -0.739994 0.607349 -0.289025
outer loop
vertex 0.961591 0.525664 0.480866
vertex 0.965324 0.534676 0.490245
vertex 0.967336 0.532664 0.480866
endloop
endfacet
facet normal -0.607334 0.740014 0.289006
outer loop
vertex 0.965324 0.534676 0.509754
vertex 0.967336 0.532664 0.519134
vertex 0.974336 0.538409 0.519134
endloop
endfacet
facet normal -0.607271 0.740112 0.288887
outer loop
vertex 0.965324 0.534676 0.509754
vertex 0.974336 0.538409 0.519134
vertex 0.972756 0.540774 0.509754
endloop
endfacet
facet normal -0.184998 0.225454 -0.956528
outer loop
vertex 0.993103 0.506898 0.450960
vertex 0.986470 0.513530 0.453806
vertex 0.989369 0.515909 0.453806
endloop
endfacet
facet normal -0.184922 0.225486 -0.956536
outer loop
vertex 0.993103 0.506898 0.450960
vertex 0.989369 0.515909 0.453806
vertex 0.994581 0.508110 0.450960
endloop
endfacet
facet normal -0.631282 0.769388 0.097590
outer loop
vertex 0.964645 0.535356 0.500000
vertex 0.965324 0.534676 0.509754
vertex 0.972756 0.540774 0.509754
endloop
endfacet
facet normal -0.631330 0.769342 0.097652
outer loop
vertex 0.964645 0.535356 0.500000
vertex 0.972756 0.540774 0.509754
vertex 0.972221 0.541573 0.500000
endloop
endfacet
facet normal -0.062435 0.076171 0.995138
outer loop
vertex 0.993103 0.506898 0.549039
vertex 1.000000 0.500000 0.550000
vertex 0.994581 0.508110 0.549039
endloop
endfacet
facet normal -0.062417 0.076097 -0.995145
outer loop
vertex 1.000000 0.500000 0.450000
vertex 0.993103 0.506898 0.450960
vertex 0.994581 0.508110 0.450960
endloop
endfacet
facet normal -0.631336 0.769346 -0.097581
outer loop
vertex 0.965324 0.534676 0.490245
vertex 0.964645 0.535356 0.500000
vertex 0.972221 0.541573 0.500000
endloop
endfacet
facet normal -0.631276 0.769387 -0.097642
outer loop
vertex 0.965324 0.534676 0.490245
vertex 0.972221 0.541573 0.500000
vertex 0.972756 0.540774 0.490245
endloop
endfacet
facet normal -0.184862 0.225437 0.956559
outer loop
vertex 0.986470 0.513530 0.546194
vertex 0.993103 0.506898 0.549039
vertex 0.994581 0.508110 0.549039
endloop
endfacet
facet normal -0.184926 0.225361 0.956564
outer loop
vertex 0.986470 0.513530 0.546194
vertex 0.994581 0.508110 0.549039
vertex 0.989369 0.515909 0.546194
endloop
endfacet
facet normal -0.607245 0.740080 -0.289025
outer loop
vertex 0.967336 0.532664 0.480866
vertex 0.965324 0.534676 0.490245
vertex 0.972756 0.540774 0.490245
endloop
endfacet
facet normal -0.607359 0.740030 -0.288913
outer loop
vertex 0.967336 0.532664 0.480866
vertex 0.972756 0.540774 0.490245
vertex 0.974336 0.538409 0.480866
endloop
endfacet
facet normal -0.300177 0.365813 0.880951
outer loop
vertex 0.980357 0.519642 0.541573
vertex 0.986470 0.513530 0.546194
vertex 0.989369 0.515909 0.546194
endloop
endfacet
facet normal -0.300204 0.365803 0.880946
outer loop
vertex 0.980357 0.519642 0.541573
vertex 0.989369 0.515909 0.546194
vertex 0.984567 0.523097 0.541573
endloop
endfacet
facet normal -0.560110 0.682472 -0.469584
outer loop
vertex 0.970603 0.529397 0.472221
vertex 0.967336 0.532664 0.480866
vertex 0.974336 0.538409 0.480866
endloop
endfacet
facet normal -0.560071 0.682489 -0.469605
outer loop
vertex 0.970603 0.529397 0.472221
vertex 0.974336 0.538409 0.480866
vertex 0.976903 0.534567 0.472221
endloop
endfacet
facet normal -0.403569 0.491768 0.771555
outer loop
vertex 0.975000 0.525000 0.535356
vertex 0.980357 0.519642 0.541573
vertex 0.984567 0.523097 0.541573
endloop
endfacet
facet normal -0.403597 0.491701 0.771582
outer loop
vertex 0.975000 0.525000 0.535356
vertex 0.984567 0.523097 0.541573
vertex 0.980357 0.529397 0.535356
endloop
endfacet
facet normal -0.491300 0.598681 -0.632618
outer loop
vertex 0.975000 0.525000 0.464645
vertex 0.970603 0.529397 0.472221
vertex 0.976903 0.534567 0.472221
endloop
endfacet
facet normal -0.491383 0.598664 -0.632569
outer loop
vertex 0.975000 0.525000 0.464645
vertex 0.976903 0.534567 0.472221
vertex 0.980357 0.529397 0.464645
endloop
endfacet
facet normal -0.491417 0.598689 0.632519
outer loop
vertex 0.970603 0.529397 0.527778
vertex 0.975000 0.525000 0.535356
vertex 0.980357 0.529397 0.535356
endloop
endfacet
facet normal -0.491367 0.598777 0.632476
outer loop
vertex 0.970603 0.529397 0.527778
vertex 0.980357 0.529397 0.535356
vertex 0.976903 0.534567 0.527778
endloop
endfacet
facet normal -0.403653 0.491761 -0.771515
outer loop
vertex 0.980357 0.519642 0.458427
vertex 0.975000 0.525000 0.464645
vertex 0.980357 0.529397 0.464645
endloop
endfacet
facet normal -0.403588 0.491794 -0.771528
outer loop
vertex 0.980357 0.519642 0.458427
vertex 0.980357 0.529397 0.464645
vertex 0.984567 0.523097 0.458427
endloop
endfacet
facet normal -0.560080 0.682477 0.469612
outer loop
vertex 0.967336 0.532664 0.519134
vertex 0.970603 0.529397 0.527778
vertex 0.976903 0.534567 0.527778
endloop
endfacet
facet normal -0.560076 0.682450 0.469657
outer loop
vertex 0.967336 0.532664 0.519134
vertex 0.976903 0.534567 0.527778
vertex 0.974336 0.538409 0.519134
endloop
endfacet
facet normal -0.300202 0.365800 -0.880948
outer loop
vertex 0.986470 0.513530 0.453806
vertex 0.980357 0.519642 0.458427
vertex 0.984567 0.523097 0.458427
endloop
endfacet
facet normal -0.300181 0.365817 -0.880948
outer loop
vertex 0.986470 0.513530 0.453806
vertex 0.984567 0.523097 0.458427
vertex 0.989369 0.515909 0.453806
endloop
endfacet
facet normal -0.416139 0.778656 -0.469599
outer loop
vertex 0.976903 0.534567 0.472221
vertex 0.974336 0.538409 0.480866
vertex 0.982322 0.542677 0.480866
endloop
endfacet
facet normal -0.416180 0.778646 -0.469579
outer loop
vertex 0.976903 0.534567 0.472221
vertex 0.982322 0.542677 0.480866
vertex 0.984091 0.538409 0.472221
endloop
endfacet
facet normal -0.299889 0.561005 0.771583
outer loop
vertex 0.980357 0.529397 0.535356
vertex 0.984567 0.523097 0.541573
vertex 0.989369 0.525664 0.541573
endloop
endfacet
facet normal -0.299853 0.561057 0.771559
outer loop
vertex 0.980357 0.529397 0.535356
vertex 0.989369 0.525664 0.541573
vertex 0.986470 0.532664 0.535356
endloop
endfacet
facet normal -0.365086 0.683055 -0.632573
outer loop
vertex 0.980357 0.529397 0.464645
vertex 0.976903 0.534567 0.472221
vertex 0.984091 0.538409 0.472221
endloop
endfacet
facet normal -0.365049 0.683052 -0.632597
outer loop
vertex 0.980357 0.529397 0.464645
vertex 0.984091 0.538409 0.472221
vertex 0.986470 0.532664 0.464645
endloop
endfacet
facet normal -0.365101 0.683142 0.632470
outer loop
vertex 0.976903 0.534567 0.527778
vertex 0.980357 0.529397 0.535356
vertex 0.986470 0.532664 0.535356
endloop
endfacet
facet normal -0.365112 0.683109 0.632499
outer loop
vertex 0.976903 0.534567 0.527778
vertex 0.986470 0.532664 0.535356
vertex 0.984091 0.538409 0.527778
endloop
endfacet
facet normal -0.299866 0.561088 -0.771532
outer loop
vertex 0.984567 0.523097 0.458427
vertex 0.980357 0.529397 0.464645
vertex 0.986470 0.532664 0.464645
endloop
endfacet
facet normal -0.299928 0.561092 -0.771504
outer loop
vertex 0.984567 0.523097 0.458427
vertex 0.986470 0.532664 0.464645
vertex 0.989369 0.525664 0.458427
endloop
endfacet
facet normal -0.416164 0.778609 0.469656
outer loop
vertex 0.974336 0.538409 0.519134
vertex 0.976903 0.534567 0.527778
vertex 0.984091 0.538409 0.527778
endloop
endfacet
facet normal -0.416135 0.778652 0.469609
outer loop
vertex 0.974336 0.538409 0.519134
vertex 0.984091 0.538409 0.527778
vertex 0.982322 0.542677 0.519134
endloop
endfacet
facet normal -0.223082 0.417308 -0.880959
outer loop
vertex 0.989369 0.515909 0.453806
vertex 0.984567 0.523097 0.458427
vertex 0.989369 0.525664 0.458427
endloop
endfacet
facet normal -0.223046 0.417337 -0.880954
outer loop
vertex 0.989369 0.515909 0.453806
vertex 0.989369 0.525664 0.458427
vertex 0.992677 0.517677 0.453806
endloop
endfacet
facet normal -0.451243 0.844339 0.288914
outer loop
vertex 0.972756 0.540774 0.509754
vertex 0.974336 0.538409 0.519134
vertex 0.982322 0.542677 0.519134
endloop
endfacet
facet normal -0.451383 0.844217 0.289053
outer loop
vertex 0.972756 0.540774 0.509754
vertex 0.982322 0.542677 0.519134
vertex 0.981234 0.545307 0.509754
endloop
endfacet
facet normal -0.137459 0.257190 -0.956535
outer loop
vertex 0.994581 0.508110 0.450960
vertex 0.989369 0.515909 0.453806
vertex 0.992677 0.517677 0.453806
endloop
endfacet
facet normal -0.137614 0.257159 -0.956521
outer loop
vertex 0.994581 0.508110 0.450960
vertex 0.992677 0.517677 0.453806
vertex 0.996267 0.509012 0.450960
endloop
endfacet
facet normal -0.469270 0.877641 0.097629
outer loop
vertex 0.972221 0.541573 0.500000
vertex 0.972756 0.540774 0.509754
vertex 0.981234 0.545307 0.509754
endloop
endfacet
facet normal -0.469160 0.877712 0.097523
outer loop
vertex 0.972221 0.541573 0.500000
vertex 0.981234 0.545307 0.509754
vertex 0.980866 0.546194 0.500000
endloop
endfacet
facet normal -0.046487 0.086870 0.995134
outer loop
vertex 0.994581 0.508110 0.549039
vertex 1.000000 0.500000 0.550000
vertex 0.996267 0.509012 0.549039
endloop
endfacet
facet normal -0.046406 0.086777 -0.995146
outer loop
vertex 1.000000 0.500000 0.450000
vertex 0.994581 0.508110 0.450960
vertex 0.996267 0.509012 0.450960
endloop
endfacet
facet normal -0.469164 0.877698 -0.097628
outer loop
vertex 0.972756 0.540774 0.490245
vertex 0.972221 0.541573 0.500000
vertex 0.980866 0.546194 0.500000
endloop
endfacet
facet normal -0.469266 0.877657 -0.097503
outer loop
vertex 0.972756 0.540774 0.490245
vertex 0.980866 0.546194 0.500000
vertex 0.981234 0.545307 0.490245
endloop
endfacet
facet normal -0.137518 0.257042 0.956566
outer loop
vertex 0.989369 0.515909 0.546194
vertex 0.994581 0.508110 0.549039
vertex 0.996267 0.509012 0.549039
endloop
endfacet
facet normal -0.137404 0.257123 0.956560
outer loop
vertex 0.989369 0.515909 0.546194
vertex 0.996267 0.509012 0.549039
vertex 0.992677 0.517677 0.546194
endloop
endfacet
facet normal -0.451406 0.844244 -0.288936
outer loop
vertex 0.974336 0.538409 0.480866
vertex 0.972756 0.540774 0.490245
vertex 0.981234 0.545307 0.490245
endloop
endfacet
facet normal -0.451209 0.844297 -0.289090
outer loop
vertex 0.974336 0.538409 0.480866
vertex 0.981234 0.545307 0.490245
vertex 0.982322 0.542677 0.480866
endloop
endfacet
facet normal -0.223056 0.417330 0.880955
outer loop
vertex 0.984567 0.523097 0.541573
vertex 0.989369 0.515909 0.546194
vertex 0.992677 0.517677 0.546194
endloop
endfacet
facet normal -0.223079 0.417312 0.880958
outer loop
vertex 0.984567 0.523097 0.541573
vertex 0.992677 0.517677 0.546194
vertex 0.989369 0.525664 0.541573
endloop
endfacet
facet normal -0.084656 0.279093 -0.956525
outer loop
vertex 0.996267 0.509012 0.450960
vertex 0.992677 0.517677 0.453806
vertex 0.996267 0.518766 0.453806
endloop
endfacet
facet normal -0.084641 0.279101 -0.956524
outer loop
vertex 0.996267 0.509012 0.450960
vertex 0.996267 0.518766 0.453806
vertex 0.998097 0.509567 0.450960
endloop
endfacet
facet normal -0.288860 0.952394 0.097499
outer loop
vertex 0.980866 0.546194 0.500000
vertex 0.981234 0.545307 0.509754
vertex 0.990433 0.548097 0.509754
endloop
endfacet
facet normal -0.288892 0.952380 0.097542
outer loop
vertex 0.980866 0.546194 0.500000
vertex 0.990433 0.548097 0.509754
vertex 0.990245 0.549039 0.500000
endloop
endfacet
facet normal -0.028606 0.094268 0.995136
outer loop
vertex 0.996267 0.509012 0.549039
vertex 1.000000 0.500000 0.550000
vertex 0.998097 0.509567 0.549039
endloop
endfacet
facet normal -0.028581 0.094175 -0.995145
outer loop
vertex 1.000000 0.500000 0.450000
vertex 0.996267 0.509012 0.450960
vertex 0.998097 0.509567 0.450960
endloop
endfacet
facet normal -0.288896 0.952384 -0.097489
outer loop
vertex 0.981234 0.545307 0.490245
vertex 0.980866 0.546194 0.500000
vertex 0.990245 0.549039 0.500000
endloop
endfacet
facet normal -0.288856 0.952391 -0.097533
outer loop
vertex 0.981234 0.545307 0.490245
vertex 0.990245 0.549039 0.500000
vertex 0.990433 0.548097 0.490245
endloop
endfacet
facet normal -0.084661 0.279006 0.956550
outer loop
vertex 0.992677 0.517677 0.546194
vertex 0.996267 0.509012 0.549039
vertex 0.998097 0.509567 0.549039
endloop
endfacet
facet normal -0.084617 0.279014 0.956552
outer loop
vertex 0.992677 0.517677 0.546194
vertex 0.998097 0.509567 0.549039
vertex 0.996267 0.518766 0.546194
endloop
endfacet
facet normal -0.277850 0.916084 -0.289120
outer loop
vertex 0.982322 0.542677 0.480866
vertex 0.981234 0.545307 0.490245
vertex 0.990433 0.548097 0.490245
endloop
endfacet
facet normal -0.278014 0.916084 -0.288960
outer loop
vertex 0.982322 0.542677 0.480866
vertex 0.990433 0.548097 0.490245
vertex 0.990988 0.545307 0.480866
endloop
endfacet
facet normal -0.137358 0.452810 0.880963
outer loop
vertex 0.989369 0.525664 0.541573
vertex 0.992677 0.517677 0.546194
vertex 0.996267 0.518766 0.546194
endloop
endfacet
facet normal -0.137348 0.452807 0.880966
outer loop
vertex 0.989369 0.525664 0.541573
vertex 0.996267 0.518766 0.546194
vertex 0.994581 0.527245 0.541573
endloop
endfacet
facet normal -0.256393 0.844843 -0.469578
outer loop
vertex 0.984091 0.538409 0.472221
vertex 0.982322 0.542677 0.480866
vertex 0.990988 0.545307 0.480866
endloop
endfacet
facet normal -0.256195 0.844825 -0.469718
outer loop
vertex 0.984091 0.538409 0.472221
vertex 0.990988 0.545307 0.480866
vertex 0.991890 0.540774 0.472221
endloop
endfacet
facet normal -0.184665 0.608771 0.771554
outer loop
vertex 0.986470 0.532664 0.535356
vertex 0.989369 0.525664 0.541573
vertex 0.994581 0.527245 0.541573
endloop
endfacet
facet normal -0.184661 0.608773 0.771554
outer loop
vertex 0.986470 0.532664 0.535356
vertex 0.994581 0.527245 0.541573
vertex 0.993103 0.534676 0.535356
endloop
endfacet
facet normal -0.224749 0.741146 -0.632606
outer loop
vertex 0.986470 0.532664 0.464645
vertex 0.984091 0.538409 0.472221
vertex 0.991890 0.540774 0.472221
endloop
endfacet
facet normal -0.224826 0.741161 -0.632561
outer loop
vertex 0.986470 0.532664 0.464645
vertex 0.991890 0.540774 0.472221
vertex 0.993103 0.534676 0.464645
endloop
endfacet
facet normal -0.224835 0.741202 0.632510
outer loop
vertex 0.984091 0.538409 0.527778
vertex 0.986470 0.532664 0.535356
vertex 0.993103 0.534676 0.535356
endloop
endfacet
facet normal -0.224784 0.741254 0.632467
outer loop
vertex 0.984091 0.538409 0.527778
vertex 0.993103 0.534676 0.535356
vertex 0.991890 0.540774 0.527778
endloop
endfacet
facet normal -0.184676 0.608830 -0.771506
outer loop
vertex 0.989369 0.525664 0.458427
vertex 0.986470 0.532664 0.464645
vertex 0.993103 0.534676 0.464645
endloop
endfacet
facet normal -0.184692 0.608823 -0.771507
outer loop
vertex 0.989369 0.525664 0.458427
vertex 0.993103 0.534676 0.464645
vertex 0.994581 0.527245 0.458427
endloop
endfacet
facet normal -0.256209 0.844877 0.469617
outer loop
vertex 0.982322 0.542677 0.519134
vertex 0.984091 0.538409 0.527778
vertex 0.991890 0.540774 0.527778
endloop
endfacet
facet normal -0.256367 0.844760 0.469741
outer loop
vertex 0.982322 0.542677 0.519134
vertex 0.991890 0.540774 0.527778
vertex 0.990988 0.545307 0.519134
endloop
endfacet
facet normal -0.137354 0.452806 -0.880966
outer loop
vertex 0.992677 0.517677 0.453806
vertex 0.989369 0.525664 0.458427
vertex 0.994581 0.527245 0.458427
endloop
endfacet
facet normal -0.137372 0.452813 -0.880959
outer loop
vertex 0.992677 0.517677 0.453806
vertex 0.994581 0.527245 0.458427
vertex 0.996267 0.518766 0.453806
endloop
endfacet
facet normal -0.278004 0.916049 0.289082
outer loop
vertex 0.981234 0.545307 0.509754
vertex 0.982322 0.542677 0.519134
vertex 0.990988 0.545307 0.519134
endloop
endfacet
facet normal -0.277866 0.916131 0.288954
outer loop
vertex 0.981234 0.545307 0.509754
vertex 0.990988 0.545307 0.519134
vertex 0.990433 0.548097 0.509754
endloop
endfacet
facet normal -0.062275 0.633122 0.771543
outer loop
vertex 0.993103 0.534676 0.535356
vertex 0.994581 0.527245 0.541573
vertex 1.000000 0.527778 0.541573
endloop
endfacet
facet normal -0.062409 0.633025 0.771612
outer loop
vertex 0.993103 0.534676 0.535356
vertex 1.000000 0.527778 0.541573
vertex 1.000000 0.535356 0.535356
endloop
endfacet
facet normal -0.075932 0.770782 -0.632557
outer loop
vertex 0.993103 0.534676 0.464645
vertex 0.991890 0.540774 0.472221
vertex 1.000000 0.541573 0.472221
endloop
endfacet
facet normal -0.075995 0.770794 -0.632535
outer loop
vertex 0.993103 0.534676 0.464645
vertex 1.000000 0.541573 0.472221
vertex 1.000000 0.535356 0.464645
endloop
endfacet
facet normal -0.075997 0.770850 0.632467
outer loop
vertex 0.991890 0.540774 0.527778
vertex 0.993103 0.534676 0.535356
vertex 1.000000 0.535356 0.535356
endloop
endfacet
facet normal -0.075949 0.770884 0.632431
outer loop
vertex 0.991890 0.540774 0.527778
vertex 1.000000 0.535356 0.535356
vertex 1.000000 0.541573 0.527778
endloop
endfacet
facet normal -0.062421 0.633154 -0.771505
outer loop
vertex 0.994581 0.527245 0.458427
vertex 0.993103 0.534676 0.464645
vertex 1.000000 0.535356 0.464645
endloop
endfacet
facet normal -0.062268 0.633093 -0.771567
outer loop
vertex 0.994581 0.527245 0.458427
vertex 1.000000 0.535356 0.464645
vertex 1.000000 0.527778 0.458427
endloop
endfacet
facet normal -0.086550 0.878548 0.469748
outer loop
vertex 0.990988 0.545307 0.519134
vertex 0.991890 0.540774 0.527778
vertex 1.000000 0.541573 0.527778
endloop
endfacet
facet normal -0.086484 0.878589 0.469682
outer loop
vertex 0.990988 0.545307 0.519134
vertex 1.000000 0.541573 0.527778
vertex 1.000000 0.546194 0.519134
endloop
endfacet
facet normal -0.046320 0.470916 -0.880961
outer loop
vertex 0.996267 0.518766 0.453806
vertex 0.994581 0.527245 0.458427
vertex 1.000000 0.527778 0.458427
endloop
endfacet
facet normal -0.046427 0.470930 -0.880948
outer loop
vertex 0.996267 0.518766 0.453806
vertex 1.000000 0.527778 0.458427
vertex 1.000000 0.519134 0.453806
endloop
endfacet
facet normal -0.093778 0.952745 0.288933
outer loop
vertex 0.990433 0.548097 0.509754
vertex 0.990988 0.545307 0.519134
vertex 1.000000 0.546194 0.519134
endloop
endfacet
facet normal -0.093806 0.952730 0.288975
outer loop
vertex 0.990433 0.548097 0.509754
vertex 1.000000 0.546194 0.519134
vertex 1.000000 0.549039 0.509754
endloop
endfacet
facet normal -0.028602 0.290237 -0.956527
outer loop
vertex 0.998097 0.509567 0.450960
vertex 0.996267 0.518766 0.453806
vertex 1.000000 0.519134 0.453806
endloop
endfacet
facet normal -0.028496 0.290229 -0.956533
outer loop
vertex 0.998097 0.509567 0.450960
vertex 1.000000 0.519134 0.453806
vertex 1.000000 0.509754 0.450960
endloop
endfacet
facet normal -0.097522 0.990443 0.097534
outer loop
vertex 0.990245 0.549039 0.500000
vertex 0.990433 0.548097 0.509754
vertex 1.000000 0.549039 0.509754
endloop
endfacet
facet normal -0.097570 0.990432 0.097591
outer loop
vertex 0.990245 0.549039 0.500000
vertex 1.000000 0.549039 0.509754
vertex 1.000000 0.550000 0.500000
endloop
endfacet
facet normal -0.009637 0.098051 0.995135
outer loop
vertex 0.998097 0.509567 0.549039
vertex 1.000000 0.500000 0.550000
vertex 1.000000 0.509754 0.549039
endloop
endfacet
facet normal -0.009620 0.097952 -0.995145
outer loop
vertex 1.000000 0.500000 0.450000
vertex 0.998097 0.509567 0.450960
vertex 1.000000 0.509754 0.450960
endloop
endfacet
facet normal -0.097572 0.990438 -0.097534
outer loop
vertex 0.990433 0.548097 0.490245
vertex 0.990245 0.549039 0.500000
vertex 1.000000 0.550000 0.500000
endloop
endfacet
facet normal -0.097521 0.990439 -0.097573
outer loop
vertex 0.990433 0.548097 0.490245
vertex 1.000000 0.550000 0.500000
vertex 1.000000 0.549039 0.490245
endloop
endfacet
facet normal -0.028497 0.290150 0.956557
outer loop
vertex 0.996267 0.518766 0.546194
vertex 0.998097 0.509567 0.549039
vertex 1.000000 0.509754 0.549039
endloop
endfacet
facet normal -0.028597 0.290126 0.956561
outer loop
vertex 0.996267 0.518766 0.546194
vertex 1.000000 0.509754 0.549039
vertex 1.000000 0.519134 0.546194
endloop
endfacet
facet normal -0.093809 0.952735 -0.288957
outer loop
vertex 0.990988 0.545307 0.480866
vertex 0.990433 0.548097 0.490245
vertex 1.000000 0.549039 0.490245
endloop
endfacet
facet normal -0.093775 0.952722 -0.289010
outer loop
vertex 0.990988 0.545307 0.480866
vertex 1.000000 0.549039 0.490245
vertex 1.000000 0.546194 0.480866
endloop
endfacet
facet normal -0.046418 0.470903 0.880963
outer loop
vertex 0.994581 0.527245 0.541573
vertex 0.996267 0.518766 0.546194
vertex 1.000000 0.519134 0.546194
endloop
endfacet
facet normal -0.046328 0.470948 0.880944
outer loop
vertex 0.994581 0.527245 0.541573
vertex 1.000000 0.519134 0.546194
vertex 1.000000 0.527778 0.541573
endloop
endfacet
facet normal -0.086480 0.878578 -0.469704
outer loop
vertex 0.991890 0.540774 0.472221
vertex 0.990988 0.545307 0.480866
vertex 1.000000 0.546194 0.480866
endloop
endfacet
facet normal -0.086557 0.878607 -0.469636
outer loop
vertex 0.991890 0.540774 0.472221
vertex 1.000000 0.546194 0.480866
vertex 1.000000 0.541573 0.472221
endloop
endfacet
endsolid Exported from Blender-2.82 (sub 7)
