solid Exported from Blender-2.82 (sub 7)
facet normal 0.086494 0.878607 -0.469647
outer loop
vertex 0.500000 1.041573 0.672221
vertex 0.500000 1.046194 0.680866
vertex 0.509012 1.045307 0.680866
endloop
endfacet
facet normal 0.086560 0.878568 -0.469709
outer loop
vertex 0.500000 1.041573 0.672221
vertex 0.509012 1.045307 0.680866
vertex 0.508110 1.040774 0.672221
endloop
endfacet
facet normal 0.062276 0.633040 0.771610
outer loop
vertex 0.500000 1.035356 0.735356
vertex 0.500000 1.027778 0.741573
vertex 0.505419 1.027245 0.741573
endloop
endfacet
facet normal 0.062405 0.633080 0.771567
outer loop
vertex 0.500000 1.035356 0.735356
vertex 0.505419 1.027245 0.741573
vertex 0.506898 1.034676 0.735356
endloop
endfacet
facet normal 0.075947 0.770802 -0.632532
outer loop
vertex 0.500000 1.035356 0.664645
vertex 0.500000 1.041573 0.672221
vertex 0.508110 1.040774 0.672221
endloop
endfacet
facet normal 0.075990 0.770780 -0.632553
outer loop
vertex 0.500000 1.035356 0.664645
vertex 0.508110 1.040774 0.672221
vertex 0.506898 1.034676 0.664645
endloop
endfacet
facet normal 0.075986 0.770881 0.632431
outer loop
vertex 0.500000 1.041573 0.727778
vertex 0.500000 1.035356 0.735356
vertex 0.506898 1.034676 0.735356
endloop
endfacet
facet normal 0.075954 0.770871 0.632447
outer loop
vertex 0.500000 1.041573 0.727778
vertex 0.506898 1.034676 0.735356
vertex 0.508110 1.040774 0.727778
endloop
endfacet
facet normal 0.062418 0.633093 -0.771555
outer loop
vertex 0.500000 1.027778 0.658427
vertex 0.500000 1.035356 0.664645
vertex 0.506898 1.034676 0.664645
endloop
endfacet
facet normal 0.062266 0.633164 -0.771509
outer loop
vertex 0.500000 1.027778 0.658427
vertex 0.506898 1.034676 0.664645
vertex 0.505419 1.027245 0.658427
endloop
endfacet
facet normal 0.086562 0.878583 0.469679
outer loop
vertex 0.500000 1.046194 0.719134
vertex 0.500000 1.041573 0.727778
vertex 0.508110 1.040774 0.727778
endloop
endfacet
facet normal 0.086486 0.878552 0.469752
outer loop
vertex 0.500000 1.046194 0.719134
vertex 0.508110 1.040774 0.727778
vertex 0.509012 1.045307 0.719134
endloop
endfacet
facet normal 0.046305 0.470941 -0.880948
outer loop
vertex 0.500000 1.019134 0.653806
vertex 0.500000 1.027778 0.658427
vertex 0.505419 1.027245 0.658427
endloop
endfacet
facet normal 0.046448 0.470888 -0.880970
outer loop
vertex 0.500000 1.019134 0.653806
vertex 0.505419 1.027245 0.658427
vertex 0.503733 1.018766 0.653806
endloop
endfacet
facet normal 0.093787 0.952734 0.288968
outer loop
vertex 0.500000 1.049039 0.709754
vertex 0.500000 1.046194 0.719134
vertex 0.509012 1.045307 0.719134
endloop
endfacet
facet normal 0.093809 0.952746 0.288921
outer loop
vertex 0.500000 1.049039 0.709754
vertex 0.509012 1.045307 0.719134
vertex 0.509567 1.048097 0.709754
endloop
endfacet
facet normal 0.028620 0.290213 -0.956534
outer loop
vertex 0.500000 1.009754 0.650960
vertex 0.500000 1.019134 0.653806
vertex 0.503733 1.018766 0.653806
endloop
endfacet
facet normal 0.028500 0.290269 -0.956521
outer loop
vertex 0.500000 1.009754 0.650960
vertex 0.503733 1.018766 0.653806
vertex 0.501903 1.009567 0.650960
endloop
endfacet
facet normal 0.097521 0.990438 0.097584
outer loop
vertex 0.500000 1.050000 0.700000
vertex 0.500000 1.049039 0.709754
vertex 0.509567 1.048097 0.709754
endloop
endfacet
facet normal 0.097578 0.990437 0.097537
outer loop
vertex 0.500000 1.050000 0.700000
vertex 0.509567 1.048097 0.709754
vertex 0.509754 1.049039 0.700000
endloop
endfacet
facet normal 0.009686 0.098041 0.995135
outer loop
vertex 0.500000 1.009754 0.749039
vertex 0.500000 1.000000 0.750000
vertex 0.501903 1.009567 0.749039
endloop
endfacet
facet normal 0.009613 0.097945 -0.995145
outer loop
vertex 0.500000 1.000000 0.650000
vertex 0.500000 1.009754 0.650960
vertex 0.501903 1.009567 0.650960
endloop
endfacet
facet normal 0.097576 0.990432 -0.097583
outer loop
vertex 0.500000 1.049039 0.690245
vertex 0.500000 1.050000 0.700000
vertex 0.509754 1.049039 0.700000
endloop
endfacet
facet normal 0.097521 0.990445 -0.097515
outer loop
vertex 0.500000 1.049039 0.690245
vertex 0.509754 1.049039 0.700000
vertex 0.509567 1.048097 0.690245
endloop
endfacet
facet normal 0.028510 0.290136 0.956561
outer loop
vertex 0.500000 1.019134 0.746194
vertex 0.500000 1.009754 0.749039
vertex 0.501903 1.009567 0.749039
endloop
endfacet
facet normal 0.028599 0.290147 0.956555
outer loop
vertex 0.500000 1.019134 0.746194
vertex 0.501903 1.009567 0.749039
vertex 0.503733 1.018766 0.746194
endloop
endfacet
facet normal 0.093807 0.952732 -0.288966
outer loop
vertex 0.500000 1.046194 0.680866
vertex 0.500000 1.049039 0.690245
vertex 0.509567 1.048097 0.690245
endloop
endfacet
facet normal 0.093789 0.952729 -0.288984
outer loop
vertex 0.500000 1.046194 0.680866
vertex 0.509567 1.048097 0.690245
vertex 0.509012 1.045307 0.680866
endloop
endfacet
facet normal 0.046433 0.470928 0.880949
outer loop
vertex 0.500000 1.027778 0.741573
vertex 0.500000 1.019134 0.746194
vertex 0.503733 1.018766 0.746194
endloop
endfacet
facet normal 0.046306 0.470900 0.880970
outer loop
vertex 0.500000 1.027778 0.741573
vertex 0.503733 1.018766 0.746194
vertex 0.505419 1.027245 0.741573
endloop
endfacet
facet normal 0.277870 0.916126 -0.288966
outer loop
vertex 0.509012 1.045307 0.680866
vertex 0.509567 1.048097 0.690245
vertex 0.518766 1.045307 0.690245
endloop
endfacet
facet normal 0.278026 0.916024 -0.289140
outer loop
vertex 0.509012 1.045307 0.680866
vertex 0.518766 1.045307 0.690245
vertex 0.517677 1.042677 0.680866
endloop
endfacet
facet normal 0.137363 0.452802 0.880966
outer loop
vertex 0.505419 1.027245 0.741573
vertex 0.503733 1.018766 0.746194
vertex 0.507322 1.017677 0.746194
endloop
endfacet
facet normal 0.137390 0.452791 0.880968
outer loop
vertex 0.505419 1.027245 0.741573
vertex 0.507322 1.017677 0.746194
vertex 0.510630 1.025664 0.741573
endloop
endfacet
facet normal 0.256402 0.844770 -0.469705
outer loop
vertex 0.508110 1.040774 0.672221
vertex 0.509012 1.045307 0.680866
vertex 0.517677 1.042677 0.680866
endloop
endfacet
facet normal 0.256218 0.844927 -0.469522
outer loop
vertex 0.508110 1.040774 0.672221
vertex 0.517677 1.042677 0.680866
vertex 0.515909 1.038409 0.672221
endloop
endfacet
facet normal 0.184704 0.608758 0.771556
outer loop
vertex 0.506898 1.034676 0.735356
vertex 0.505419 1.027245 0.741573
vertex 0.510630 1.025664 0.741573
endloop
endfacet
facet normal 0.184680 0.608739 0.771577
outer loop
vertex 0.506898 1.034676 0.735356
vertex 0.510630 1.025664 0.741573
vertex 0.513530 1.032664 0.735356
endloop
endfacet
facet normal 0.224755 0.741199 -0.632542
outer loop
vertex 0.506898 1.034676 0.664645
vertex 0.508110 1.040774 0.672221
vertex 0.515909 1.038409 0.672221
endloop
endfacet
facet normal 0.224841 0.741121 -0.632602
outer loop
vertex 0.506898 1.034676 0.664645
vertex 0.515909 1.038409 0.672221
vertex 0.513530 1.032664 0.664645
endloop
endfacet
facet normal 0.224881 0.741245 0.632443
outer loop
vertex 0.508110 1.040774 0.727778
vertex 0.506898 1.034676 0.735356
vertex 0.513530 1.032664 0.735356
endloop
endfacet
facet normal 0.224769 0.741232 0.632498
outer loop
vertex 0.508110 1.040774 0.727778
vertex 0.513530 1.032664 0.735356
vertex 0.515909 1.038409 0.727778
endloop
endfacet
facet normal 0.184696 0.608819 -0.771509
outer loop
vertex 0.505419 1.027245 0.658427
vertex 0.506898 1.034676 0.664645
vertex 0.513530 1.032664 0.664645
endloop
endfacet
facet normal 0.184712 0.608792 -0.771527
outer loop
vertex 0.505419 1.027245 0.658427
vertex 0.513530 1.032664 0.664645
vertex 0.510630 1.025664 0.658427
endloop
endfacet
facet normal 0.256190 0.844802 0.469762
outer loop
vertex 0.509012 1.045307 0.719134
vertex 0.508110 1.040774 0.727778
vertex 0.515909 1.038409 0.727778
endloop
endfacet
facet normal 0.256418 0.844835 0.469578
outer loop
vertex 0.509012 1.045307 0.719134
vertex 0.515909 1.038409 0.727778
vertex 0.517677 1.042677 0.719134
endloop
endfacet
facet normal 0.137380 0.452809 -0.880960
outer loop
vertex 0.503733 1.018766 0.653806
vertex 0.505419 1.027245 0.658427
vertex 0.510630 1.025664 0.658427
endloop
endfacet
facet normal 0.137385 0.452801 -0.880963
outer loop
vertex 0.503733 1.018766 0.653806
vertex 0.510630 1.025664 0.658427
vertex 0.507322 1.017677 0.653806
endloop
endfacet
facet normal 0.278042 0.916078 0.288953
outer loop
vertex 0.509567 1.048097 0.709754
vertex 0.509012 1.045307 0.719134
vertex 0.517677 1.042677 0.719134
endloop
endfacet
facet normal 0.277856 0.916094 0.289079
outer loop
vertex 0.509567 1.048097 0.709754
vertex 0.517677 1.042677 0.719134
vertex 0.518766 1.045307 0.709754
endloop
endfacet
facet normal 0.084665 0.279095 -0.956524
outer loop
vertex 0.501903 1.009567 0.650960
vertex 0.503733 1.018766 0.653806
vertex 0.507322 1.017677 0.653806
endloop
endfacet
facet normal 0.084647 0.279108 -0.956522
outer loop
vertex 0.501903 1.009567 0.650960
vertex 0.507322 1.017677 0.653806
vertex 0.503733 1.009012 0.650960
endloop
endfacet
facet normal 0.288866 0.952387 0.097549
outer loop
vertex 0.509754 1.049039 0.700000
vertex 0.509567 1.048097 0.709754
vertex 0.518766 1.045307 0.709754
endloop
endfacet
facet normal 0.288855 0.952395 0.097496
outer loop
vertex 0.509754 1.049039 0.700000
vertex 0.518766 1.045307 0.709754
vertex 0.519134 1.046194 0.700000
endloop
endfacet
facet normal 0.028557 0.094265 0.995137
outer loop
vertex 0.501903 1.009567 0.749039
vertex 0.500000 1.000000 0.750000
vertex 0.503733 1.009012 0.749039
endloop
endfacet
facet normal 0.028539 0.094170 -0.995147
outer loop
vertex 0.500000 1.000000 0.650000
vertex 0.501903 1.009567 0.650960
vertex 0.503733 1.009012 0.650960
endloop
endfacet
facet normal 0.288857 0.952397 -0.097478
outer loop
vertex 0.509567 1.048097 0.690245
vertex 0.509754 1.049039 0.700000
vertex 0.519134 1.046194 0.700000
endloop
endfacet
facet normal 0.288868 0.952386 -0.097547
outer loop
vertex 0.509567 1.048097 0.690245
vertex 0.519134 1.046194 0.700000
vertex 0.518766 1.045307 0.690245
endloop
endfacet
facet normal 0.084625 0.279007 0.956553
outer loop
vertex 0.503733 1.018766 0.746194
vertex 0.501903 1.009567 0.749039
vertex 0.503733 1.009012 0.749039
endloop
endfacet
facet normal 0.084665 0.279011 0.956548
outer loop
vertex 0.503733 1.018766 0.746194
vertex 0.503733 1.009012 0.749039
vertex 0.507322 1.017677 0.746194
endloop
endfacet
facet normal 0.223034 0.417323 -0.880964
outer loop
vertex 0.507322 1.017677 0.653806
vertex 0.510630 1.025664 0.658427
vertex 0.515433 1.023097 0.658427
endloop
endfacet
facet normal 0.223056 0.417318 -0.880961
outer loop
vertex 0.507322 1.017677 0.653806
vertex 0.515433 1.023097 0.658427
vertex 0.510630 1.015909 0.653806
endloop
endfacet
facet normal 0.451169 0.844317 0.289094
outer loop
vertex 0.518766 1.045307 0.709754
vertex 0.517677 1.042677 0.719134
vertex 0.525664 1.038409 0.719134
endloop
endfacet
facet normal 0.451358 0.844263 0.288955
outer loop
vertex 0.518766 1.045307 0.709754
vertex 0.525664 1.038409 0.719134
vertex 0.527245 1.040774 0.709754
endloop
endfacet
facet normal 0.137479 0.257222 -0.956523
outer loop
vertex 0.503733 1.009012 0.650960
vertex 0.507322 1.017677 0.653806
vertex 0.510630 1.015909 0.653806
endloop
endfacet
facet normal 0.137553 0.257139 -0.956535
outer loop
vertex 0.503733 1.009012 0.650960
vertex 0.510630 1.015909 0.653806
vertex 0.505419 1.008110 0.650960
endloop
endfacet
facet normal 0.469218 0.877682 0.097511
outer loop
vertex 0.519134 1.046194 0.700000
vertex 0.518766 1.045307 0.709754
vertex 0.527245 1.040774 0.709754
endloop
endfacet
facet normal 0.469208 0.877682 0.097556
outer loop
vertex 0.519134 1.046194 0.700000
vertex 0.527245 1.040774 0.709754
vertex 0.527778 1.041573 0.700000
endloop
endfacet
facet normal 0.046434 0.086861 0.995138
outer loop
vertex 0.503733 1.009012 0.749039
vertex 0.500000 1.000000 0.750000
vertex 0.505419 1.008110 0.749039
endloop
endfacet
facet normal 0.046423 0.086779 -0.995145
outer loop
vertex 0.500000 1.000000 0.650000
vertex 0.503733 1.009012 0.650960
vertex 0.505419 1.008110 0.650960
endloop
endfacet
facet normal 0.469197 0.877692 -0.097519
outer loop
vertex 0.518766 1.045307 0.690245
vertex 0.519134 1.046194 0.700000
vertex 0.527778 1.041573 0.700000
endloop
endfacet
facet normal 0.469222 0.877678 -0.097527
outer loop
vertex 0.518766 1.045307 0.690245
vertex 0.527778 1.041573 0.700000
vertex 0.527245 1.040774 0.690245
endloop
endfacet
facet normal 0.137552 0.257109 0.956543
outer loop
vertex 0.507322 1.017677 0.746194
vertex 0.503733 1.009012 0.749039
vertex 0.505419 1.008110 0.749039
endloop
endfacet
facet normal 0.137425 0.257122 0.956558
outer loop
vertex 0.507322 1.017677 0.746194
vertex 0.505419 1.008110 0.749039
vertex 0.510630 1.015909 0.746194
endloop
endfacet
facet normal 0.451325 0.844209 -0.289167
outer loop
vertex 0.517677 1.042677 0.680866
vertex 0.518766 1.045307 0.690245
vertex 0.527245 1.040774 0.690245
endloop
endfacet
facet normal 0.451189 0.844357 -0.288945
outer loop
vertex 0.517677 1.042677 0.680866
vertex 0.527245 1.040774 0.690245
vertex 0.525664 1.038409 0.680866
endloop
endfacet
facet normal 0.223041 0.417314 0.880966
outer loop
vertex 0.510630 1.025664 0.741573
vertex 0.507322 1.017677 0.746194
vertex 0.510630 1.015909 0.746194
endloop
endfacet
facet normal 0.223027 0.417309 0.880972
outer loop
vertex 0.510630 1.025664 0.741573
vertex 0.510630 1.015909 0.746194
vertex 0.515433 1.023097 0.741573
endloop
endfacet
facet normal 0.416111 0.778709 -0.469536
outer loop
vertex 0.515909 1.038409 0.672221
vertex 0.517677 1.042677 0.680866
vertex 0.525664 1.038409 0.680866
endloop
endfacet
facet normal 0.416186 0.778631 -0.469599
outer loop
vertex 0.515909 1.038409 0.672221
vertex 0.525664 1.038409 0.680866
vertex 0.523097 1.034567 0.672221
endloop
endfacet
facet normal 0.299826 0.561042 0.771580
outer loop
vertex 0.513530 1.032664 0.735356
vertex 0.510630 1.025664 0.741573
vertex 0.515433 1.023097 0.741573
endloop
endfacet
facet normal 0.299897 0.561036 0.771557
outer loop
vertex 0.513530 1.032664 0.735356
vertex 0.515433 1.023097 0.741573
vertex 0.519642 1.029397 0.735356
endloop
endfacet
facet normal 0.365087 0.683029 -0.632600
outer loop
vertex 0.513530 1.032664 0.664645
vertex 0.515909 1.038409 0.672221
vertex 0.523097 1.034567 0.672221
endloop
endfacet
facet normal 0.365096 0.683004 -0.632622
outer loop
vertex 0.513530 1.032664 0.664645
vertex 0.523097 1.034567 0.672221
vertex 0.519642 1.029397 0.664645
endloop
endfacet
facet normal 0.365139 0.683097 0.632496
outer loop
vertex 0.515909 1.038409 0.727778
vertex 0.513530 1.032664 0.735356
vertex 0.519642 1.029397 0.735356
endloop
endfacet
facet normal 0.365118 0.683086 0.632520
outer loop
vertex 0.515909 1.038409 0.727778
vertex 0.519642 1.029397 0.735356
vertex 0.523097 1.034567 0.727778
endloop
endfacet
facet normal 0.299910 0.561062 -0.771533
outer loop
vertex 0.510630 1.025664 0.658427
vertex 0.513530 1.032664 0.664645
vertex 0.519642 1.029397 0.664645
endloop
endfacet
facet normal 0.299890 0.561126 -0.771494
outer loop
vertex 0.510630 1.025664 0.658427
vertex 0.519642 1.029397 0.664645
vertex 0.515433 1.023097 0.658427
endloop
endfacet
facet normal 0.416192 0.778648 0.469565
outer loop
vertex 0.517677 1.042677 0.719134
vertex 0.515909 1.038409 0.727778
vertex 0.523097 1.034567 0.727778
endloop
endfacet
facet normal 0.416083 0.778650 0.469658
outer loop
vertex 0.517677 1.042677 0.719134
vertex 0.523097 1.034567 0.727778
vertex 0.525664 1.038409 0.719134
endloop
endfacet
facet normal 0.300095 0.365835 0.880970
outer loop
vertex 0.515433 1.023097 0.741573
vertex 0.510630 1.015909 0.746194
vertex 0.513530 1.013530 0.746194
endloop
endfacet
facet normal 0.300245 0.365778 0.880942
outer loop
vertex 0.515433 1.023097 0.741573
vertex 0.513530 1.013530 0.746194
vertex 0.519642 1.019642 0.741573
endloop
endfacet
facet normal 0.560100 0.682472 -0.469595
outer loop
vertex 0.523097 1.034567 0.672221
vertex 0.525664 1.038409 0.680866
vertex 0.532664 1.032664 0.680866
endloop
endfacet
facet normal 0.560060 0.682501 -0.469602
outer loop
vertex 0.523097 1.034567 0.672221
vertex 0.532664 1.032664 0.680866
vertex 0.529397 1.029397 0.672221
endloop
endfacet
facet normal 0.403636 0.491717 0.771552
outer loop
vertex 0.519642 1.029397 0.735356
vertex 0.515433 1.023097 0.741573
vertex 0.519642 1.019642 0.741573
endloop
endfacet
facet normal 0.403554 0.491736 0.771583
outer loop
vertex 0.519642 1.029397 0.735356
vertex 0.519642 1.019642 0.741573
vertex 0.525000 1.025000 0.735356
endloop
endfacet
facet normal 0.491304 0.598698 -0.632599
outer loop
vertex 0.519642 1.029397 0.664645
vertex 0.523097 1.034567 0.672221
vertex 0.529397 1.029397 0.672221
endloop
endfacet
facet normal 0.491309 0.598689 -0.632603
outer loop
vertex 0.519642 1.029397 0.664645
vertex 0.529397 1.029397 0.672221
vertex 0.525000 1.025000 0.664645
endloop
endfacet
facet normal 0.491364 0.598748 0.632505
outer loop
vertex 0.523097 1.034567 0.727778
vertex 0.519642 1.029397 0.735356
vertex 0.525000 1.025000 0.735356
endloop
endfacet
facet normal 0.491354 0.598759 0.632502
outer loop
vertex 0.523097 1.034567 0.727778
vertex 0.525000 1.025000 0.735356
vertex 0.529397 1.029397 0.727778
endloop
endfacet
facet normal 0.403621 0.491817 -0.771496
outer loop
vertex 0.515433 1.023097 0.658427
vertex 0.519642 1.029397 0.664645
vertex 0.525000 1.025000 0.664645
endloop
endfacet
facet normal 0.403631 0.491724 -0.771550
outer loop
vertex 0.515433 1.023097 0.658427
vertex 0.525000 1.025000 0.664645
vertex 0.519642 1.019642 0.658427
endloop
endfacet
facet normal 0.560051 0.682467 0.469661
outer loop
vertex 0.525664 1.038409 0.719134
vertex 0.523097 1.034567 0.727778
vertex 0.529397 1.029397 0.727778
endloop
endfacet
facet normal 0.560089 0.682462 0.469623
outer loop
vertex 0.525664 1.038409 0.719134
vertex 0.529397 1.029397 0.727778
vertex 0.532664 1.032664 0.719134
endloop
endfacet
facet normal 0.300231 0.365757 -0.880956
outer loop
vertex 0.510630 1.015909 0.653806
vertex 0.515433 1.023097 0.658427
vertex 0.519642 1.019642 0.658427
endloop
endfacet
facet normal 0.300139 0.365868 -0.880941
outer loop
vertex 0.510630 1.015909 0.653806
vertex 0.519642 1.019642 0.658427
vertex 0.513530 1.013530 0.653806
endloop
endfacet
facet normal 0.607338 0.740032 0.288953
outer loop
vertex 0.527245 1.040774 0.709754
vertex 0.525664 1.038409 0.719134
vertex 0.532664 1.032664 0.719134
endloop
endfacet
facet normal 0.607292 0.740055 0.288991
outer loop
vertex 0.527245 1.040774 0.709754
vertex 0.532664 1.032664 0.719134
vertex 0.534676 1.034676 0.709754
endloop
endfacet
facet normal 0.184956 0.225473 -0.956532
outer loop
vertex 0.505419 1.008110 0.650960
vertex 0.510630 1.015909 0.653806
vertex 0.513530 1.013530 0.653806
endloop
endfacet
facet normal 0.184924 0.225577 -0.956513
outer loop
vertex 0.505419 1.008110 0.650960
vertex 0.513530 1.013530 0.653806
vertex 0.506898 1.006898 0.650960
endloop
endfacet
facet normal 0.631328 0.769359 0.097530
outer loop
vertex 0.527778 1.041573 0.700000
vertex 0.527245 1.040774 0.709754
vertex 0.534676 1.034676 0.709754
endloop
endfacet
facet normal 0.631239 0.769418 0.097641
outer loop
vertex 0.527778 1.041573 0.700000
vertex 0.534676 1.034676 0.709754
vertex 0.535356 1.035356 0.700000
endloop
endfacet
facet normal 0.062411 0.076189 0.995138
outer loop
vertex 0.505419 1.008110 0.749039
vertex 0.500000 1.000000 0.750000
vertex 0.506898 1.006898 0.749039
endloop
endfacet
facet normal 0.062411 0.076113 -0.995144
outer loop
vertex 0.500000 1.000000 0.650000
vertex 0.505419 1.008110 0.650960
vertex 0.506898 1.006898 0.650960
endloop
endfacet
facet normal 0.631239 0.769431 -0.097537
outer loop
vertex 0.527245 1.040774 0.690245
vertex 0.527778 1.041573 0.700000
vertex 0.535356 1.035356 0.700000
endloop
endfacet
facet normal 0.631327 0.769347 -0.097625
outer loop
vertex 0.527245 1.040774 0.690245
vertex 0.535356 1.035356 0.700000
vertex 0.534676 1.034676 0.690245
endloop
endfacet
facet normal 0.184826 0.225486 0.956554
outer loop
vertex 0.510630 1.015909 0.746194
vertex 0.505419 1.008110 0.749039
vertex 0.506898 1.006898 0.749039
endloop
endfacet
facet normal 0.184914 0.225417 0.956553
outer loop
vertex 0.510630 1.015909 0.746194
vertex 0.506898 1.006898 0.749039
vertex 0.513530 1.013530 0.746194
endloop
endfacet
facet normal 0.607296 0.740059 -0.288972
outer loop
vertex 0.525664 1.038409 0.680866
vertex 0.527245 1.040774 0.690245
vertex 0.534676 1.034676 0.690245
endloop
endfacet
facet normal 0.607324 0.740010 -0.289039
outer loop
vertex 0.525664 1.038409 0.680866
vertex 0.534676 1.034676 0.690245
vertex 0.532664 1.032664 0.680866
endloop
endfacet
facet normal 0.740018 0.607337 0.288990
outer loop
vertex 0.534676 1.034676 0.709754
vertex 0.532664 1.032664 0.719134
vertex 0.538409 1.025664 0.719134
endloop
endfacet
facet normal 0.740059 0.607299 0.288965
outer loop
vertex 0.534676 1.034676 0.709754
vertex 0.538409 1.025664 0.719134
vertex 0.540774 1.027245 0.709754
endloop
endfacet
facet normal 0.225497 0.184993 -0.956519
outer loop
vertex 0.506898 1.006898 0.650960
vertex 0.513530 1.013530 0.653806
vertex 0.515909 1.010630 0.653806
endloop
endfacet
facet normal 0.225513 0.184829 -0.956547
outer loop
vertex 0.506898 1.006898 0.650960
vertex 0.515909 1.010630 0.653806
vertex 0.508110 1.005419 0.650960
endloop
endfacet
facet normal 0.769346 0.631327 0.097637
outer loop
vertex 0.535356 1.035356 0.700000
vertex 0.534676 1.034676 0.709754
vertex 0.540774 1.027245 0.709754
endloop
endfacet
facet normal 0.769428 0.631242 0.097534
outer loop
vertex 0.535356 1.035356 0.700000
vertex 0.540774 1.027245 0.709754
vertex 0.541573 1.027778 0.700000
endloop
endfacet
facet normal 0.076188 0.062443 0.995136
outer loop
vertex 0.506898 1.006898 0.749039
vertex 0.500000 1.000000 0.750000
vertex 0.508110 1.005419 0.749039
endloop
endfacet
facet normal 0.076101 0.062381 -0.995147
outer loop
vertex 0.500000 1.000000 0.650000
vertex 0.506898 1.006898 0.650960
vertex 0.508110 1.005419 0.650960
endloop
endfacet
facet normal 0.769424 0.631233 -0.097633
outer loop
vertex 0.534676 1.034676 0.690245
vertex 0.535356 1.035356 0.700000
vertex 0.541573 1.027778 0.700000
endloop
endfacet
facet normal 0.769355 0.631335 -0.097514
outer loop
vertex 0.534676 1.034676 0.690245
vertex 0.541573 1.027778 0.700000
vertex 0.540774 1.027245 0.690245
endloop
endfacet
facet normal 0.225532 0.184836 0.956541
outer loop
vertex 0.513530 1.013530 0.746194
vertex 0.506898 1.006898 0.749039
vertex 0.508110 1.005419 0.749039
endloop
endfacet
facet normal 0.225400 0.184908 0.956558
outer loop
vertex 0.513530 1.013530 0.746194
vertex 0.508110 1.005419 0.749039
vertex 0.515909 1.010630 0.746194
endloop
endfacet
facet normal 0.740048 0.607278 -0.289038
outer loop
vertex 0.532664 1.032664 0.680866
vertex 0.534676 1.034676 0.690245
vertex 0.540774 1.027245 0.690245
endloop
endfacet
facet normal 0.740013 0.607349 -0.288978
outer loop
vertex 0.532664 1.032664 0.680866
vertex 0.540774 1.027245 0.690245
vertex 0.538409 1.025664 0.680866
endloop
endfacet
facet normal 0.365876 0.300146 0.880935
outer loop
vertex 0.519642 1.019642 0.741573
vertex 0.513530 1.013530 0.746194
vertex 0.515909 1.010630 0.746194
endloop
endfacet
facet normal 0.365733 0.300208 0.880974
outer loop
vertex 0.519642 1.019642 0.741573
vertex 0.515909 1.010630 0.746194
vertex 0.523097 1.015433 0.741573
endloop
endfacet
facet normal 0.682474 0.560094 -0.469600
outer loop
vertex 0.529397 1.029397 0.672221
vertex 0.532664 1.032664 0.680866
vertex 0.538409 1.025664 0.680866
endloop
endfacet
facet normal 0.682493 0.560076 -0.469593
outer loop
vertex 0.529397 1.029397 0.672221
vertex 0.538409 1.025664 0.680866
vertex 0.534567 1.023097 0.672221
endloop
endfacet
facet normal 0.491683 0.403605 0.771589
outer loop
vertex 0.525000 1.025000 0.735356
vertex 0.519642 1.019642 0.741573
vertex 0.523097 1.015433 0.741573
endloop
endfacet
facet normal 0.491778 0.403583 0.771541
outer loop
vertex 0.525000 1.025000 0.735356
vertex 0.523097 1.015433 0.741573
vertex 0.529397 1.019642 0.735356
endloop
endfacet
facet normal 0.598681 0.491300 -0.632618
outer loop
vertex 0.525000 1.025000 0.664645
vertex 0.529397 1.029397 0.672221
vertex 0.534567 1.023097 0.672221
endloop
endfacet
facet normal 0.598676 0.491298 -0.632624
outer loop
vertex 0.525000 1.025000 0.664645
vertex 0.534567 1.023097 0.672221
vertex 0.529397 1.019642 0.664645
endloop
endfacet
facet normal 0.598746 0.491351 0.632516
outer loop
vertex 0.529397 1.029397 0.727778
vertex 0.525000 1.025000 0.735356
vertex 0.529397 1.019642 0.735356
endloop
endfacet
facet normal 0.598741 0.491353 0.632520
outer loop
vertex 0.529397 1.029397 0.727778
vertex 0.529397 1.019642 0.735356
vertex 0.534567 1.023097 0.727778
endloop
endfacet
facet normal 0.491787 0.403584 -0.771534
outer loop
vertex 0.519642 1.019642 0.658427
vertex 0.525000 1.025000 0.664645
vertex 0.529397 1.019642 0.664645
endloop
endfacet
facet normal 0.491776 0.403697 -0.771483
outer loop
vertex 0.519642 1.019642 0.658427
vertex 0.529397 1.019642 0.664645
vertex 0.523097 1.015433 0.658427
endloop
endfacet
facet normal 0.682488 0.560062 0.469617
outer loop
vertex 0.532664 1.032664 0.719134
vertex 0.529397 1.029397 0.727778
vertex 0.534567 1.023097 0.727778
endloop
endfacet
facet normal 0.682439 0.560087 0.469659
outer loop
vertex 0.532664 1.032664 0.719134
vertex 0.534567 1.023097 0.727778
vertex 0.538409 1.025664 0.719134
endloop
endfacet
facet normal 0.365765 0.300267 -0.880940
outer loop
vertex 0.513530 1.013530 0.653806
vertex 0.519642 1.019642 0.658427
vertex 0.523097 1.015433 0.658427
endloop
endfacet
facet normal 0.365823 0.300079 -0.880980
outer loop
vertex 0.513530 1.013530 0.653806
vertex 0.523097 1.015433 0.658427
vertex 0.515909 1.010630 0.653806
endloop
endfacet
facet normal 0.778665 0.416115 -0.469606
outer loop
vertex 0.534567 1.023097 0.672221
vertex 0.538409 1.025664 0.680866
vertex 0.542677 1.017677 0.680866
endloop
endfacet
facet normal 0.778666 0.416179 -0.469546
outer loop
vertex 0.534567 1.023097 0.672221
vertex 0.542677 1.017677 0.680866
vertex 0.538409 1.015909 0.672221
endloop
endfacet
facet normal 0.561049 0.299848 0.771567
outer loop
vertex 0.529397 1.019642 0.735356
vertex 0.523097 1.015433 0.741573
vertex 0.525664 1.010630 0.741573
endloop
endfacet
facet normal 0.561023 0.299875 0.771575
outer loop
vertex 0.529397 1.019642 0.735356
vertex 0.525664 1.010630 0.741573
vertex 0.532664 1.013530 0.735356
endloop
endfacet
facet normal 0.683040 0.365087 -0.632588
outer loop
vertex 0.529397 1.019642 0.664645
vertex 0.534567 1.023097 0.672221
vertex 0.538409 1.015909 0.672221
endloop
endfacet
facet normal 0.683014 0.365089 -0.632615
outer loop
vertex 0.529397 1.019642 0.664645
vertex 0.538409 1.015909 0.672221
vertex 0.532664 1.013530 0.664645
endloop
endfacet
facet normal 0.683096 0.365132 0.632501
outer loop
vertex 0.534567 1.023097 0.727778
vertex 0.529397 1.019642 0.735356
vertex 0.532664 1.013530 0.735356
endloop
endfacet
facet normal 0.683104 0.365131 0.632494
outer loop
vertex 0.534567 1.023097 0.727778
vertex 0.532664 1.013530 0.735356
vertex 0.538409 1.015909 0.727778
endloop
endfacet
facet normal 0.561092 0.299906 -0.771513
outer loop
vertex 0.523097 1.015433 0.658427
vertex 0.529397 1.019642 0.664645
vertex 0.532664 1.013530 0.664645
endloop
endfacet
facet normal 0.561081 0.299868 -0.771536
outer loop
vertex 0.523097 1.015433 0.658427
vertex 0.532664 1.013530 0.664645
vertex 0.525664 1.010630 0.658427
endloop
endfacet
facet normal 0.778615 0.416161 0.469648
outer loop
vertex 0.538409 1.025664 0.719134
vertex 0.534567 1.023097 0.727778
vertex 0.538409 1.015909 0.727778
endloop
endfacet
facet normal 0.778676 0.416107 0.469595
outer loop
vertex 0.538409 1.025664 0.719134
vertex 0.538409 1.015909 0.727778
vertex 0.542677 1.017677 0.719134
endloop
endfacet
facet normal 0.417328 0.223054 -0.880956
outer loop
vertex 0.515909 1.010630 0.653806
vertex 0.523097 1.015433 0.658427
vertex 0.525664 1.010630 0.658427
endloop
endfacet
facet normal 0.417312 0.223015 -0.880974
outer loop
vertex 0.515909 1.010630 0.653806
vertex 0.525664 1.010630 0.658427
vertex 0.517677 1.007322 0.653806
endloop
endfacet
facet normal 0.844354 0.451204 0.288932
outer loop
vertex 0.540774 1.027245 0.709754
vertex 0.538409 1.025664 0.719134
vertex 0.542677 1.017677 0.719134
endloop
endfacet
facet normal 0.844229 0.451328 0.289105
outer loop
vertex 0.540774 1.027245 0.709754
vertex 0.542677 1.017677 0.719134
vertex 0.545307 1.018766 0.709754
endloop
endfacet
facet normal 0.257189 0.137468 -0.956533
outer loop
vertex 0.508110 1.005419 0.650960
vertex 0.515909 1.010630 0.653806
vertex 0.517677 1.007322 0.653806
endloop
endfacet
facet normal 0.257198 0.137597 -0.956513
outer loop
vertex 0.508110 1.005419 0.650960
vertex 0.517677 1.007322 0.653806
vertex 0.509012 1.003733 0.650960
endloop
endfacet
facet normal 0.877679 0.469221 0.097529
outer loop
vertex 0.541573 1.027778 0.700000
vertex 0.540774 1.027245 0.709754
vertex 0.545307 1.018766 0.709754
endloop
endfacet
facet normal 0.877685 0.469207 0.097534
outer loop
vertex 0.541573 1.027778 0.700000
vertex 0.545307 1.018766 0.709754
vertex 0.546194 1.019134 0.700000
endloop
endfacet
facet normal 0.086881 0.046467 0.995134
outer loop
vertex 0.508110 1.005419 0.749039
vertex 0.500000 1.000000 0.750000
vertex 0.509012 1.003733 0.749039
endloop
endfacet
facet normal 0.086758 0.046425 -0.995147
outer loop
vertex 0.500000 1.000000 0.650000
vertex 0.508110 1.005419 0.650960
vertex 0.509012 1.003733 0.650960
endloop
endfacet
facet normal 0.877689 0.469201 -0.097530
outer loop
vertex 0.540774 1.027245 0.690245
vertex 0.541573 1.027778 0.700000
vertex 0.546194 1.019134 0.700000
endloop
endfacet
facet normal 0.877679 0.469224 -0.097512
outer loop
vertex 0.540774 1.027245 0.690245
vertex 0.546194 1.019134 0.700000
vertex 0.545307 1.018766 0.690245
endloop
endfacet
facet normal 0.257043 0.137511 0.956566
outer loop
vertex 0.515909 1.010630 0.746194
vertex 0.508110 1.005419 0.749039
vertex 0.509012 1.003733 0.749039
endloop
endfacet
facet normal 0.257153 0.137445 0.956547
outer loop
vertex 0.515909 1.010630 0.746194
vertex 0.509012 1.003733 0.749039
vertex 0.517677 1.007322 0.746194
endloop
endfacet
facet normal 0.844265 0.451339 -0.288982
outer loop
vertex 0.538409 1.025664 0.680866
vertex 0.540774 1.027245 0.690245
vertex 0.545307 1.018766 0.690245
endloop
endfacet
facet normal 0.844302 0.451179 -0.289122
outer loop
vertex 0.538409 1.025664 0.680866
vertex 0.545307 1.018766 0.690245
vertex 0.542677 1.017677 0.680866
endloop
endfacet
facet normal 0.417333 0.223051 0.880955
outer loop
vertex 0.523097 1.015433 0.741573
vertex 0.515909 1.010630 0.746194
vertex 0.517677 1.007322 0.746194
endloop
endfacet
facet normal 0.417304 0.223020 0.880977
outer loop
vertex 0.523097 1.015433 0.741573
vertex 0.517677 1.007322 0.746194
vertex 0.525664 1.010630 0.741573
endloop
endfacet
facet normal 0.279091 0.084671 -0.956524
outer loop
vertex 0.509012 1.003733 0.650960
vertex 0.517677 1.007322 0.653806
vertex 0.518766 1.003733 0.653806
endloop
endfacet
facet normal 0.279072 0.084644 -0.956532
outer loop
vertex 0.509012 1.003733 0.650960
vertex 0.518766 1.003733 0.653806
vertex 0.509567 1.001903 0.650960
endloop
endfacet
facet normal 0.952393 0.288856 0.097516
outer loop
vertex 0.546194 1.019134 0.700000
vertex 0.545307 1.018766 0.709754
vertex 0.548097 1.009567 0.709754
endloop
endfacet
facet normal 0.952390 0.288868 0.097513
outer loop
vertex 0.546194 1.019134 0.700000
vertex 0.548097 1.009567 0.709754
vertex 0.549039 1.009754 0.700000
endloop
endfacet
facet normal 0.094271 0.028595 0.995136
outer loop
vertex 0.509012 1.003733 0.749039
vertex 0.500000 1.000000 0.750000
vertex 0.509567 1.001903 0.749039
endloop
endfacet
facet normal 0.094193 0.028566 -0.995144
outer loop
vertex 0.500000 1.000000 0.650000
vertex 0.509012 1.003733 0.650960
vertex 0.509567 1.001903 0.650960
endloop
endfacet
facet normal 0.952391 0.288868 -0.097503
outer loop
vertex 0.545307 1.018766 0.690245
vertex 0.546194 1.019134 0.700000
vertex 0.549039 1.009754 0.700000
endloop
endfacet
facet normal 0.952395 0.288854 -0.097503
outer loop
vertex 0.545307 1.018766 0.690245
vertex 0.549039 1.009754 0.700000
vertex 0.548097 1.009567 0.690245
endloop
endfacet
facet normal 0.279015 0.084624 0.956551
outer loop
vertex 0.517677 1.007322 0.746194
vertex 0.509012 1.003733 0.749039
vertex 0.509567 1.001903 0.749039
endloop
endfacet
facet normal 0.278995 0.084643 0.956555
outer loop
vertex 0.517677 1.007322 0.746194
vertex 0.509567 1.001903 0.749039
vertex 0.518766 1.003733 0.746194
endloop
endfacet
facet normal 0.916081 0.277850 -0.289128
outer loop
vertex 0.542677 1.017677 0.680866
vertex 0.545307 1.018766 0.690245
vertex 0.548097 1.009567 0.690245
endloop
endfacet
facet normal 0.916072 0.278040 -0.288974
outer loop
vertex 0.542677 1.017677 0.680866
vertex 0.548097 1.009567 0.690245
vertex 0.545307 1.009012 0.680866
endloop
endfacet
facet normal 0.452805 0.137404 0.880959
outer loop
vertex 0.525664 1.010630 0.741573
vertex 0.517677 1.007322 0.746194
vertex 0.518766 1.003733 0.746194
endloop
endfacet
facet normal 0.452810 0.137375 0.880960
outer loop
vertex 0.525664 1.010630 0.741573
vertex 0.518766 1.003733 0.746194
vertex 0.527245 1.005419 0.741573
endloop
endfacet
facet normal 0.844858 0.256425 -0.469533
outer loop
vertex 0.538409 1.015909 0.672221
vertex 0.542677 1.017677 0.680866
vertex 0.545307 1.009012 0.680866
endloop
endfacet
facet normal 0.844817 0.256203 -0.469728
outer loop
vertex 0.538409 1.015909 0.672221
vertex 0.545307 1.009012 0.680866
vertex 0.540774 1.008110 0.672221
endloop
endfacet
facet normal 0.608759 0.184702 0.771555
outer loop
vertex 0.532664 1.013530 0.735356
vertex 0.525664 1.010630 0.741573
vertex 0.527245 1.005419 0.741573
endloop
endfacet
facet normal 0.608757 0.184681 0.771562
outer loop
vertex 0.532664 1.013530 0.735356
vertex 0.527245 1.005419 0.741573
vertex 0.534676 1.006898 0.735356
endloop
endfacet
facet normal 0.741157 0.224735 -0.632598
outer loop
vertex 0.532664 1.013530 0.664645
vertex 0.538409 1.015909 0.672221
vertex 0.540774 1.008110 0.672221
endloop
endfacet
facet normal 0.741169 0.224851 -0.632542
outer loop
vertex 0.532664 1.013530 0.664645
vertex 0.540774 1.008110 0.672221
vertex 0.534676 1.006898 0.664645
endloop
endfacet
facet normal 0.741202 0.224858 0.632502
outer loop
vertex 0.538409 1.015909 0.727778
vertex 0.532664 1.013530 0.735356
vertex 0.534676 1.006898 0.735356
endloop
endfacet
facet normal 0.741266 0.224781 0.632454
outer loop
vertex 0.538409 1.015909 0.727778
vertex 0.534676 1.006898 0.735356
vertex 0.540774 1.008110 0.727778
endloop
endfacet
facet normal 0.608830 0.184698 -0.771501
outer loop
vertex 0.525664 1.010630 0.658427
vertex 0.532664 1.013530 0.664645
vertex 0.534676 1.006898 0.664645
endloop
endfacet
facet normal 0.608798 0.184725 -0.771519
outer loop
vertex 0.525664 1.010630 0.658427
vertex 0.534676 1.006898 0.664645
vertex 0.527245 1.005419 0.658427
endloop
endfacet
facet normal 0.844901 0.256215 0.469571
outer loop
vertex 0.542677 1.017677 0.719134
vertex 0.538409 1.015909 0.727778
vertex 0.540774 1.008110 0.727778
endloop
endfacet
facet normal 0.844744 0.256394 0.469755
outer loop
vertex 0.542677 1.017677 0.719134
vertex 0.540774 1.008110 0.727778
vertex 0.545307 1.009012 0.719134
endloop
endfacet
facet normal 0.452817 0.137390 -0.880954
outer loop
vertex 0.517677 1.007322 0.653806
vertex 0.525664 1.010630 0.658427
vertex 0.527245 1.005419 0.658427
endloop
endfacet
facet normal 0.452795 0.137390 -0.880966
outer loop
vertex 0.517677 1.007322 0.653806
vertex 0.527245 1.005419 0.658427
vertex 0.518766 1.003733 0.653806
endloop
endfacet
facet normal 0.916034 0.278023 0.289112
outer loop
vertex 0.545307 1.018766 0.709754
vertex 0.542677 1.017677 0.719134
vertex 0.545307 1.009012 0.719134
endloop
endfacet
facet normal 0.916133 0.277877 0.288937
outer loop
vertex 0.545307 1.018766 0.709754
vertex 0.545307 1.009012 0.719134
vertex 0.548097 1.009567 0.709754
endloop
endfacet
facet normal 0.770779 0.075942 -0.632561
outer loop
vertex 0.534676 1.006898 0.664645
vertex 0.540774 1.008110 0.672221
vertex 0.541573 1.000000 0.672221
endloop
endfacet
facet normal 0.770795 0.075992 -0.632535
outer loop
vertex 0.534676 1.006898 0.664645
vertex 0.541573 1.000000 0.672221
vertex 0.535356 1.000000 0.664645
endloop
endfacet
facet normal 0.770854 0.075977 0.632465
outer loop
vertex 0.540774 1.008110 0.727778
vertex 0.534676 1.006898 0.735356
vertex 0.535356 1.000000 0.735356
endloop
endfacet
facet normal 0.770884 0.075955 0.632431
outer loop
vertex 0.540774 1.008110 0.727778
vertex 0.535356 1.000000 0.735356
vertex 0.541573 1.000000 0.727778
endloop
endfacet
facet normal 0.633149 0.062408 -0.771510
outer loop
vertex 0.527245 1.005419 0.658427
vertex 0.534676 1.006898 0.664645
vertex 0.535356 1.000000 0.664645
endloop
endfacet
facet normal 0.633101 0.062270 -0.771561
outer loop
vertex 0.527245 1.005419 0.658427
vertex 0.535356 1.000000 0.664645
vertex 0.527778 1.000000 0.658427
endloop
endfacet
facet normal 0.878549 0.086544 0.469746
outer loop
vertex 0.545307 1.009012 0.719134
vertex 0.540774 1.008110 0.727778
vertex 0.541573 1.000000 0.727778
endloop
endfacet
facet normal 0.878585 0.086478 0.469691
outer loop
vertex 0.545307 1.009012 0.719134
vertex 0.541573 1.000000 0.727778
vertex 0.546194 1.000000 0.719134
endloop
endfacet
facet normal 0.470914 0.046323 -0.880962
outer loop
vertex 0.518766 1.003733 0.653806
vertex 0.527245 1.005419 0.658427
vertex 0.527778 1.000000 0.658427
endloop
endfacet
facet normal 0.470933 0.046414 -0.880947
outer loop
vertex 0.518766 1.003733 0.653806
vertex 0.527778 1.000000 0.658427
vertex 0.519134 1.000000 0.653806
endloop
endfacet
facet normal 0.952745 0.093767 0.288938
outer loop
vertex 0.548097 1.009567 0.709754
vertex 0.545307 1.009012 0.719134
vertex 0.546194 1.000000 0.719134
endloop
endfacet
facet normal 0.952734 0.093803 0.288963
outer loop
vertex 0.548097 1.009567 0.709754
vertex 0.546194 1.000000 0.719134
vertex 0.549039 1.000000 0.709754
endloop
endfacet
facet normal 0.290254 0.028625 -0.956521
outer loop
vertex 0.509567 1.001903 0.650960
vertex 0.518766 1.003733 0.653806
vertex 0.519134 1.000000 0.653806
endloop
endfacet
facet normal 0.290210 0.028507 -0.956538
outer loop
vertex 0.509567 1.001903 0.650960
vertex 0.519134 1.000000 0.653806
vertex 0.509754 1.000000 0.650960
endloop
endfacet
facet normal 0.990445 0.097514 0.097520
outer loop
vertex 0.549039 1.009754 0.700000
vertex 0.548097 1.009567 0.709754
vertex 0.549039 1.000000 0.709754
endloop
endfacet
facet normal 0.990431 0.097594 0.097583
outer loop
vertex 0.549039 1.009754 0.700000
vertex 0.549039 1.000000 0.709754
vertex 0.550000 1.000000 0.700000
endloop
endfacet
facet normal 0.098043 0.009630 0.995136
outer loop
vertex 0.509567 1.001903 0.749039
vertex 0.500000 1.000000 0.750000
vertex 0.509754 1.000000 0.749039
endloop
endfacet
facet normal 0.097932 0.009617 -0.995147
outer loop
vertex 0.500000 1.000000 0.650000
vertex 0.509567 1.001903 0.650960
vertex 0.509754 1.000000 0.650960
endloop
endfacet
facet normal 0.990438 0.097593 -0.097512
outer loop
vertex 0.548097 1.009567 0.690245
vertex 0.549039 1.009754 0.700000
vertex 0.550000 1.000000 0.700000
endloop
endfacet
facet normal 0.990439 0.097524 -0.097572
outer loop
vertex 0.548097 1.009567 0.690245
vertex 0.550000 1.000000 0.700000
vertex 0.549039 1.000000 0.690245
endloop
endfacet
facet normal 0.290186 0.028526 0.956545
outer loop
vertex 0.518766 1.003733 0.746194
vertex 0.509567 1.001903 0.749039
vertex 0.509754 1.000000 0.749039
endloop
endfacet
facet normal 0.290140 0.028604 0.956557
outer loop
vertex 0.518766 1.003733 0.746194
vertex 0.509754 1.000000 0.749039
vertex 0.519134 1.000000 0.746194
endloop
endfacet
facet normal 0.952732 0.093813 -0.288964
outer loop
vertex 0.545307 1.009012 0.680866
vertex 0.548097 1.009567 0.690245
vertex 0.549039 1.000000 0.690245
endloop
endfacet
facet normal 0.952727 0.093756 -0.288999
outer loop
vertex 0.545307 1.009012 0.680866
vertex 0.549039 1.000000 0.690245
vertex 0.546194 1.000000 0.680866
endloop
endfacet
facet normal 0.470861 0.046423 0.880985
outer loop
vertex 0.527245 1.005419 0.741573
vertex 0.518766 1.003733 0.746194
vertex 0.519134 1.000000 0.746194
endloop
endfacet
facet normal 0.470948 0.046319 0.880944
outer loop
vertex 0.527245 1.005419 0.741573
vertex 0.519134 1.000000 0.746194
vertex 0.527778 1.000000 0.741573
endloop
endfacet
facet normal 0.878583 0.086467 -0.469696
outer loop
vertex 0.540774 1.008110 0.672221
vertex 0.545307 1.009012 0.680866
vertex 0.546194 1.000000 0.680866
endloop
endfacet
facet normal 0.878604 0.086564 -0.469641
outer loop
vertex 0.540774 1.008110 0.672221
vertex 0.546194 1.000000 0.680866
vertex 0.541573 1.000000 0.672221
endloop
endfacet
facet normal 0.633109 0.062271 0.771554
outer loop
vertex 0.534676 1.006898 0.735356
vertex 0.527245 1.005419 0.741573
vertex 0.527778 1.000000 0.741573
endloop
endfacet
facet normal 0.633032 0.062400 0.771607
outer loop
vertex 0.534676 1.006898 0.735356
vertex 0.527778 1.000000 0.741573
vertex 0.535356 1.000000 0.735356
endloop
endfacet
facet normal 0.098031 -0.009630 0.995137
outer loop
vertex 0.509754 1.000000 0.749039
vertex 0.500000 1.000000 0.750000
vertex 0.509567 0.998097 0.749039
endloop
endfacet
facet normal 0.097932 -0.009617 -0.995147
outer loop
vertex 0.500000 1.000000 0.650000
vertex 0.509754 1.000000 0.650960
vertex 0.509567 0.998097 0.650960
endloop
endfacet
facet normal 0.990433 -0.097582 -0.097571
outer loop
vertex 0.549039 1.000000 0.690245
vertex 0.550000 1.000000 0.700000
vertex 0.549039 0.990245 0.700000
endloop
endfacet
facet normal 0.990444 -0.097524 -0.097522
outer loop
vertex 0.549039 1.000000 0.690245
vertex 0.549039 0.990245 0.700000
vertex 0.548097 0.990433 0.690245
endloop
endfacet
facet normal 0.290120 -0.028495 0.956566
outer loop
vertex 0.519134 1.000000 0.746194
vertex 0.509754 1.000000 0.749039
vertex 0.509567 0.998097 0.749039
endloop
endfacet
facet normal 0.290174 -0.028620 0.956546
outer loop
vertex 0.519134 1.000000 0.746194
vertex 0.509567 0.998097 0.749039
vertex 0.518766 0.996267 0.746194
endloop
endfacet
facet normal 0.952725 -0.093802 -0.288992
outer loop
vertex 0.546194 1.000000 0.680866
vertex 0.549039 1.000000 0.690245
vertex 0.548097 0.990433 0.690245
endloop
endfacet
facet normal 0.952735 -0.093767 -0.288971
outer loop
vertex 0.546194 1.000000 0.680866
vertex 0.548097 0.990433 0.690245
vertex 0.545307 0.990988 0.680866
endloop
endfacet
facet normal 0.470934 -0.046416 0.880947
outer loop
vertex 0.527778 1.000000 0.741573
vertex 0.519134 1.000000 0.746194
vertex 0.518766 0.996267 0.746194
endloop
endfacet
facet normal 0.470901 -0.046323 0.880969
outer loop
vertex 0.527778 1.000000 0.741573
vertex 0.518766 0.996267 0.746194
vertex 0.527245 0.994581 0.741573
endloop
endfacet
facet normal 0.878613 -0.086480 -0.469639
outer loop
vertex 0.541573 1.000000 0.672221
vertex 0.546194 1.000000 0.680866
vertex 0.545307 0.990988 0.680866
endloop
endfacet
facet normal 0.878568 -0.086550 -0.469710
outer loop
vertex 0.541573 1.000000 0.672221
vertex 0.545307 0.990988 0.680866
vertex 0.540774 0.991890 0.672221
endloop
endfacet
facet normal 0.633040 -0.062265 0.771611
outer loop
vertex 0.535356 1.000000 0.735356
vertex 0.527778 1.000000 0.741573
vertex 0.527245 0.994581 0.741573
endloop
endfacet
facet normal 0.633088 -0.062414 0.771560
outer loop
vertex 0.535356 1.000000 0.735356
vertex 0.527245 0.994581 0.741573
vertex 0.534676 0.993103 0.735356
endloop
endfacet
facet normal 0.770801 -0.075944 -0.632533
outer loop
vertex 0.535356 1.000000 0.664645
vertex 0.541573 1.000000 0.672221
vertex 0.540774 0.991890 0.672221
endloop
endfacet
facet normal 0.770764 -0.075999 -0.632571
outer loop
vertex 0.535356 1.000000 0.664645
vertex 0.540774 0.991890 0.672221
vertex 0.534676 0.993103 0.664645
endloop
endfacet
facet normal 0.770877 -0.076004 0.632434
outer loop
vertex 0.541573 1.000000 0.727778
vertex 0.535356 1.000000 0.735356
vertex 0.534676 0.993103 0.735356
endloop
endfacet
facet normal 0.770853 -0.075941 0.632470
outer loop
vertex 0.541573 1.000000 0.727778
vertex 0.534676 0.993103 0.735356
vertex 0.540774 0.991890 0.727778
endloop
endfacet
facet normal 0.633098 -0.062411 -0.771551
outer loop
vertex 0.527778 1.000000 0.658427
vertex 0.535356 1.000000 0.664645
vertex 0.534676 0.993103 0.664645
endloop
endfacet
facet normal 0.633178 -0.062277 -0.771497
outer loop
vertex 0.527778 1.000000 0.658427
vertex 0.534676 0.993103 0.664645
vertex 0.527245 0.994581 0.658427
endloop
endfacet
facet normal 0.878582 -0.086559 0.469682
outer loop
vertex 0.546194 1.000000 0.719134
vertex 0.541573 1.000000 0.727778
vertex 0.540774 0.991890 0.727778
endloop
endfacet
facet normal 0.878555 -0.086465 0.469750
outer loop
vertex 0.546194 1.000000 0.719134
vertex 0.540774 0.991890 0.727778
vertex 0.545307 0.990988 0.719134
endloop
endfacet
facet normal 0.470951 -0.046319 -0.880942
outer loop
vertex 0.519134 1.000000 0.653806
vertex 0.527778 1.000000 0.658427
vertex 0.527245 0.994581 0.658427
endloop
endfacet
facet normal 0.470880 -0.046421 -0.880975
outer loop
vertex 0.519134 1.000000 0.653806
vertex 0.527245 0.994581 0.658427
vertex 0.518766 0.996267 0.653806
endloop
endfacet
facet normal 0.952737 -0.093765 0.288964
outer loop
vertex 0.549039 1.000000 0.709754
vertex 0.546194 1.000000 0.719134
vertex 0.545307 0.990988 0.719134
endloop
endfacet
facet normal 0.952741 -0.093804 0.288937
outer loop
vertex 0.549039 1.000000 0.709754
vertex 0.545307 0.990988 0.719134
vertex 0.548097 0.990433 0.709754
endloop
endfacet
facet normal 0.290226 -0.028609 -0.956530
outer loop
vertex 0.509754 1.000000 0.650960
vertex 0.519134 1.000000 0.653806
vertex 0.518766 0.996267 0.653806
endloop
endfacet
facet normal 0.290254 -0.028537 -0.956524
outer loop
vertex 0.509754 1.000000 0.650960
vertex 0.518766 0.996267 0.653806
vertex 0.509567 0.998097 0.650960
endloop
endfacet
facet normal 0.990438 -0.097523 0.097582
outer loop
vertex 0.550000 1.000000 0.700000
vertex 0.549039 1.000000 0.709754
vertex 0.548097 0.990433 0.709754
endloop
endfacet
facet normal 0.990438 -0.097574 0.097533
outer loop
vertex 0.550000 1.000000 0.700000
vertex 0.548097 0.990433 0.709754
vertex 0.549039 0.990245 0.700000
endloop
endfacet
facet normal 0.741243 -0.224850 0.632457
outer loop
vertex 0.540774 0.991890 0.727778
vertex 0.534676 0.993103 0.735356
vertex 0.532664 0.986470 0.735356
endloop
endfacet
facet normal 0.741237 -0.224756 0.632497
outer loop
vertex 0.540774 0.991890 0.727778
vertex 0.532664 0.986470 0.735356
vertex 0.538409 0.984091 0.727778
endloop
endfacet
facet normal 0.608844 -0.184680 -0.771493
outer loop
vertex 0.527245 0.994581 0.658427
vertex 0.534676 0.993103 0.664645
vertex 0.532664 0.986470 0.664645
endloop
endfacet
facet normal 0.608821 -0.184689 -0.771509
outer loop
vertex 0.527245 0.994581 0.658427
vertex 0.532664 0.986470 0.664645
vertex 0.525664 0.989369 0.658427
endloop
endfacet
facet normal 0.844806 -0.256187 0.469757
outer loop
vertex 0.545307 0.990988 0.719134
vertex 0.540774 0.991890 0.727778
vertex 0.538409 0.984091 0.727778
endloop
endfacet
facet normal 0.844825 -0.256390 0.469611
outer loop
vertex 0.545307 0.990988 0.719134
vertex 0.538409 0.984091 0.727778
vertex 0.542677 0.982322 0.719134
endloop
endfacet
facet normal 0.452811 -0.137352 -0.880964
outer loop
vertex 0.518766 0.996267 0.653806
vertex 0.527245 0.994581 0.658427
vertex 0.525664 0.989369 0.658427
endloop
endfacet
facet normal 0.452789 -0.137364 -0.880973
outer loop
vertex 0.518766 0.996267 0.653806
vertex 0.525664 0.989369 0.658427
vertex 0.517677 0.992677 0.653806
endloop
endfacet
facet normal 0.916092 -0.278019 0.288930
outer loop
vertex 0.548097 0.990433 0.709754
vertex 0.545307 0.990988 0.719134
vertex 0.542677 0.982322 0.719134
endloop
endfacet
facet normal 0.916095 -0.277853 0.289080
outer loop
vertex 0.548097 0.990433 0.709754
vertex 0.542677 0.982322 0.719134
vertex 0.545307 0.981234 0.709754
endloop
endfacet
facet normal 0.279075 -0.084641 -0.956532
outer loop
vertex 0.509567 0.998097 0.650960
vertex 0.518766 0.996267 0.653806
vertex 0.517677 0.992677 0.653806
endloop
endfacet
facet normal 0.279110 -0.084664 -0.956520
outer loop
vertex 0.509567 0.998097 0.650960
vertex 0.517677 0.992677 0.653806
vertex 0.509012 0.996267 0.650960
endloop
endfacet
facet normal 0.952391 -0.288852 0.097549
outer loop
vertex 0.549039 0.990245 0.700000
vertex 0.548097 0.990433 0.709754
vertex 0.545307 0.981234 0.709754
endloop
endfacet
facet normal 0.952380 -0.288902 0.097507
outer loop
vertex 0.549039 0.990245 0.700000
vertex 0.545307 0.981234 0.709754
vertex 0.546194 0.980866 0.700000
endloop
endfacet
facet normal 0.094271 -0.028595 0.995136
outer loop
vertex 0.509567 0.998097 0.749039
vertex 0.500000 1.000000 0.750000
vertex 0.509012 0.996267 0.749039
endloop
endfacet
facet normal 0.094193 -0.028566 -0.995144
outer loop
vertex 0.500000 1.000000 0.650000
vertex 0.509567 0.998097 0.650960
vertex 0.509012 0.996267 0.650960
endloop
endfacet
facet normal 0.952379 -0.288897 -0.097532
outer loop
vertex 0.548097 0.990433 0.690245
vertex 0.549039 0.990245 0.700000
vertex 0.546194 0.980866 0.700000
endloop
endfacet
facet normal 0.952395 -0.288852 -0.097505
outer loop
vertex 0.548097 0.990433 0.690245
vertex 0.546194 0.980866 0.700000
vertex 0.545307 0.981234 0.690245
endloop
endfacet
facet normal 0.279000 -0.084616 0.956556
outer loop
vertex 0.518766 0.996267 0.746194
vertex 0.509567 0.998097 0.749039
vertex 0.509012 0.996267 0.749039
endloop
endfacet
facet normal 0.279017 -0.084625 0.956550
outer loop
vertex 0.518766 0.996267 0.746194
vertex 0.509012 0.996267 0.749039
vertex 0.517677 0.992677 0.746194
endloop
endfacet
facet normal 0.916126 -0.277867 -0.288968
outer loop
vertex 0.545307 0.990988 0.680866
vertex 0.548097 0.990433 0.690245
vertex 0.545307 0.981234 0.690245
endloop
endfacet
facet normal 0.916040 -0.277996 -0.289117
outer loop
vertex 0.545307 0.990988 0.680866
vertex 0.545307 0.981234 0.690245
vertex 0.542677 0.982322 0.680866
endloop
endfacet
facet normal 0.452806 -0.137344 0.880967
outer loop
vertex 0.527245 0.994581 0.741573
vertex 0.518766 0.996267 0.746194
vertex 0.517677 0.992677 0.746194
endloop
endfacet
facet normal 0.452794 -0.137362 0.880971
outer loop
vertex 0.527245 0.994581 0.741573
vertex 0.517677 0.992677 0.746194
vertex 0.525664 0.989369 0.741573
endloop
endfacet
facet normal 0.844776 -0.256374 -0.469708
outer loop
vertex 0.540774 0.991890 0.672221
vertex 0.545307 0.990988 0.680866
vertex 0.542677 0.982322 0.680866
endloop
endfacet
facet normal 0.844906 -0.256224 -0.469557
outer loop
vertex 0.540774 0.991890 0.672221
vertex 0.542677 0.982322 0.680866
vertex 0.538409 0.984091 0.672221
endloop
endfacet
facet normal 0.608767 -0.184673 0.771556
outer loop
vertex 0.534676 0.993103 0.735356
vertex 0.527245 0.994581 0.741573
vertex 0.525664 0.989369 0.741573
endloop
endfacet
facet normal 0.608775 -0.184660 0.771553
outer loop
vertex 0.534676 0.993103 0.735356
vertex 0.525664 0.989369 0.741573
vertex 0.532664 0.986470 0.735356
endloop
endfacet
facet normal 0.741190 -0.224741 -0.632558
outer loop
vertex 0.534676 0.993103 0.664645
vertex 0.540774 0.991890 0.672221
vertex 0.538409 0.984091 0.672221
endloop
endfacet
facet normal 0.741127 -0.224810 -0.632606
outer loop
vertex 0.534676 0.993103 0.664645
vertex 0.538409 0.984091 0.672221
vertex 0.532664 0.986470 0.664645
endloop
endfacet
facet normal 0.877713 -0.469162 -0.097502
outer loop
vertex 0.545307 0.981234 0.690245
vertex 0.546194 0.980866 0.700000
vertex 0.541573 0.972221 0.700000
endloop
endfacet
facet normal 0.877672 -0.469225 -0.097570
outer loop
vertex 0.545307 0.981234 0.690245
vertex 0.541573 0.972221 0.700000
vertex 0.540774 0.972755 0.690245
endloop
endfacet
facet normal 0.257090 -0.137548 0.956549
outer loop
vertex 0.517677 0.992677 0.746194
vertex 0.509012 0.996267 0.749039
vertex 0.508110 0.994581 0.749039
endloop
endfacet
facet normal 0.257092 -0.137406 0.956569
outer loop
vertex 0.517677 0.992677 0.746194
vertex 0.508110 0.994581 0.749039
vertex 0.515909 0.989369 0.746194
endloop
endfacet
facet normal 0.844229 -0.451335 -0.289092
outer loop
vertex 0.542677 0.982322 0.680866
vertex 0.545307 0.981234 0.690245
vertex 0.540774 0.972755 0.690245
endloop
endfacet
facet normal 0.844323 -0.451237 -0.288972
outer loop
vertex 0.542677 0.982322 0.680866
vertex 0.540774 0.972755 0.690245
vertex 0.538409 0.974336 0.680866
endloop
endfacet
facet normal 0.417326 -0.223022 0.880965
outer loop
vertex 0.525664 0.989369 0.741573
vertex 0.517677 0.992677 0.746194
vertex 0.515909 0.989369 0.746194
endloop
endfacet
facet normal 0.417314 -0.223089 0.880954
outer loop
vertex 0.525664 0.989369 0.741573
vertex 0.515909 0.989369 0.746194
vertex 0.523097 0.984567 0.741573
endloop
endfacet
facet normal 0.778669 -0.416141 -0.469575
outer loop
vertex 0.538409 0.984091 0.672221
vertex 0.542677 0.982322 0.680866
vertex 0.538409 0.974336 0.680866
endloop
endfacet
facet normal 0.778622 -0.416188 -0.469612
outer loop
vertex 0.538409 0.984091 0.672221
vertex 0.538409 0.974336 0.680866
vertex 0.534567 0.976903 0.672221
endloop
endfacet
facet normal 0.561034 -0.299905 0.771556
outer loop
vertex 0.532664 0.986470 0.735356
vertex 0.525664 0.989369 0.741573
vertex 0.523097 0.984567 0.741573
endloop
endfacet
facet normal 0.561037 -0.299839 0.771579
outer loop
vertex 0.532664 0.986470 0.735356
vertex 0.523097 0.984567 0.741573
vertex 0.529397 0.980357 0.735356
endloop
endfacet
facet normal 0.683022 -0.365090 -0.632605
outer loop
vertex 0.532664 0.986470 0.664645
vertex 0.538409 0.984091 0.672221
vertex 0.534567 0.976903 0.672221
endloop
endfacet
facet normal 0.683072 -0.365056 -0.632571
outer loop
vertex 0.532664 0.986470 0.664645
vertex 0.534567 0.976903 0.672221
vertex 0.529397 0.980357 0.664645
endloop
endfacet
facet normal 0.683126 -0.365096 0.632490
outer loop
vertex 0.538409 0.984091 0.727778
vertex 0.532664 0.986470 0.735356
vertex 0.529397 0.980357 0.735356
endloop
endfacet
facet normal 0.683114 -0.365133 0.632482
outer loop
vertex 0.538409 0.984091 0.727778
vertex 0.529397 0.980357 0.735356
vertex 0.534567 0.976903 0.727778
endloop
endfacet
facet normal 0.561124 -0.299878 -0.771501
outer loop
vertex 0.525664 0.989369 0.658427
vertex 0.532664 0.986470 0.664645
vertex 0.529397 0.980357 0.664645
endloop
endfacet
facet normal 0.561056 -0.299914 -0.771536
outer loop
vertex 0.525664 0.989369 0.658427
vertex 0.529397 0.980357 0.664645
vertex 0.523097 0.984567 0.658427
endloop
endfacet
facet normal 0.778623 -0.416178 0.469620
outer loop
vertex 0.542677 0.982322 0.719134
vertex 0.538409 0.984091 0.727778
vertex 0.534567 0.976903 0.727778
endloop
endfacet
facet normal 0.778631 -0.416128 0.469650
outer loop
vertex 0.542677 0.982322 0.719134
vertex 0.534567 0.976903 0.727778
vertex 0.538409 0.974336 0.719134
endloop
endfacet
facet normal 0.417308 -0.223077 -0.880960
outer loop
vertex 0.517677 0.992677 0.653806
vertex 0.525664 0.989369 0.658427
vertex 0.523097 0.984567 0.658427
endloop
endfacet
facet normal 0.417348 -0.223053 -0.880947
outer loop
vertex 0.517677 0.992677 0.653806
vertex 0.523097 0.984567 0.658427
vertex 0.515909 0.989369 0.653806
endloop
endfacet
facet normal 0.844292 -0.451233 0.289066
outer loop
vertex 0.545307 0.981234 0.709754
vertex 0.542677 0.982322 0.719134
vertex 0.538409 0.974336 0.719134
endloop
endfacet
facet normal 0.844272 -0.451353 0.288938
outer loop
vertex 0.545307 0.981234 0.709754
vertex 0.538409 0.974336 0.719134
vertex 0.540774 0.972755 0.709754
endloop
endfacet
facet normal 0.257206 -0.137470 -0.956529
outer loop
vertex 0.509012 0.996267 0.650960
vertex 0.517677 0.992677 0.653806
vertex 0.515909 0.989369 0.653806
endloop
endfacet
facet normal 0.257137 -0.137552 -0.956535
outer loop
vertex 0.509012 0.996267 0.650960
vertex 0.515909 0.989369 0.653806
vertex 0.508110 0.994581 0.650960
endloop
endfacet
facet normal 0.877678 -0.469226 0.097510
outer loop
vertex 0.546194 0.980866 0.700000
vertex 0.545307 0.981234 0.709754
vertex 0.540774 0.972755 0.709754
endloop
endfacet
facet normal 0.877705 -0.469161 0.097581
outer loop
vertex 0.546194 0.980866 0.700000
vertex 0.540774 0.972755 0.709754
vertex 0.541573 0.972221 0.700000
endloop
endfacet
facet normal 0.086881 -0.046467 0.995134
outer loop
vertex 0.509012 0.996267 0.749039
vertex 0.500000 1.000000 0.750000
vertex 0.508110 0.994581 0.749039
endloop
endfacet
facet normal 0.086771 -0.046425 -0.995146
outer loop
vertex 0.500000 1.000000 0.650000
vertex 0.509012 0.996267 0.650960
vertex 0.508110 0.994581 0.650960
endloop
endfacet
facet normal 0.491759 -0.403647 -0.771519
outer loop
vertex 0.523097 0.984567 0.658427
vertex 0.529397 0.980357 0.664645
vertex 0.525000 0.975000 0.664645
endloop
endfacet
facet normal 0.491806 -0.403603 -0.771513
outer loop
vertex 0.523097 0.984567 0.658427
vertex 0.525000 0.975000 0.664645
vertex 0.519642 0.980357 0.658427
endloop
endfacet
facet normal 0.682469 -0.560058 0.469650
outer loop
vertex 0.538409 0.974336 0.719134
vertex 0.534567 0.976903 0.727778
vertex 0.529397 0.970603 0.727778
endloop
endfacet
facet normal 0.682456 -0.560093 0.469626
outer loop
vertex 0.538409 0.974336 0.719134
vertex 0.529397 0.970603 0.727778
vertex 0.532664 0.967336 0.719134
endloop
endfacet
facet normal 0.365801 -0.300194 -0.880950
outer loop
vertex 0.515909 0.989369 0.653806
vertex 0.523097 0.984567 0.658427
vertex 0.519642 0.980357 0.658427
endloop
endfacet
facet normal 0.365819 -0.300196 -0.880942
outer loop
vertex 0.515909 0.989369 0.653806
vertex 0.519642 0.980357 0.658427
vertex 0.513530 0.986470 0.653806
endloop
endfacet
facet normal 0.740020 -0.607347 0.288963
outer loop
vertex 0.540774 0.972755 0.709754
vertex 0.538409 0.974336 0.719134
vertex 0.532664 0.967336 0.719134
endloop
endfacet
facet normal 0.740053 -0.607290 0.288998
outer loop
vertex 0.540774 0.972755 0.709754
vertex 0.532664 0.967336 0.719134
vertex 0.534676 0.965324 0.709754
endloop
endfacet
facet normal 0.225431 -0.184990 -0.956535
outer loop
vertex 0.508110 0.994581 0.650960
vertex 0.515909 0.989369 0.653806
vertex 0.513530 0.986470 0.653806
endloop
endfacet
facet normal 0.225500 -0.184954 -0.956526
outer loop
vertex 0.508110 0.994581 0.650960
vertex 0.513530 0.986470 0.653806
vertex 0.506898 0.993103 0.650960
endloop
endfacet
facet normal 0.769350 -0.631331 0.097579
outer loop
vertex 0.541573 0.972221 0.700000
vertex 0.540774 0.972755 0.709754
vertex 0.534676 0.965324 0.709754
endloop
endfacet
facet normal 0.769345 -0.631336 0.097586
outer loop
vertex 0.541573 0.972221 0.700000
vertex 0.534676 0.965324 0.709754
vertex 0.535356 0.964645 0.700000
endloop
endfacet
facet normal 0.076169 -0.062468 0.995136
outer loop
vertex 0.508110 0.994581 0.749039
vertex 0.500000 1.000000 0.750000
vertex 0.506898 0.993103 0.749039
endloop
endfacet
facet normal 0.076120 -0.062406 -0.995144
outer loop
vertex 0.500000 1.000000 0.650000
vertex 0.508110 0.994581 0.650960
vertex 0.506898 0.993103 0.650960
endloop
endfacet
facet normal 0.769342 -0.631341 -0.097582
outer loop
vertex 0.540774 0.972755 0.690245
vertex 0.541573 0.972221 0.700000
vertex 0.535356 0.964645 0.700000
endloop
endfacet
facet normal 0.769354 -0.631329 -0.097562
outer loop
vertex 0.540774 0.972755 0.690245
vertex 0.535356 0.964645 0.700000
vertex 0.534676 0.965324 0.690245
endloop
endfacet
facet normal 0.225410 -0.184846 0.956568
outer loop
vertex 0.515909 0.989369 0.746194
vertex 0.508110 0.994581 0.749039
vertex 0.506898 0.993103 0.749039
endloop
endfacet
facet normal 0.225382 -0.184962 0.956552
outer loop
vertex 0.515909 0.989369 0.746194
vertex 0.506898 0.993103 0.749039
vertex 0.513530 0.986470 0.746194
endloop
endfacet
facet normal 0.740054 -0.607293 -0.288991
outer loop
vertex 0.538409 0.974336 0.680866
vertex 0.540774 0.972755 0.690245
vertex 0.534676 0.965324 0.690245
endloop
endfacet
facet normal 0.740001 -0.607335 -0.289037
outer loop
vertex 0.538409 0.974336 0.680866
vertex 0.534676 0.965324 0.690245
vertex 0.532664 0.967336 0.680866
endloop
endfacet
facet normal 0.365800 -0.300175 0.880957
outer loop
vertex 0.523097 0.984567 0.741573
vertex 0.515909 0.989369 0.746194
vertex 0.513530 0.986470 0.746194
endloop
endfacet
facet normal 0.365798 -0.300191 0.880952
outer loop
vertex 0.523097 0.984567 0.741573
vertex 0.513530 0.986470 0.746194
vertex 0.519642 0.980357 0.741573
endloop
endfacet
facet normal 0.682462 -0.560102 -0.469608
outer loop
vertex 0.534567 0.976903 0.672221
vertex 0.538409 0.974336 0.680866
vertex 0.532664 0.967336 0.680866
endloop
endfacet
facet normal 0.682508 -0.560070 -0.469580
outer loop
vertex 0.534567 0.976903 0.672221
vertex 0.532664 0.967336 0.680866
vertex 0.529397 0.970603 0.672221
endloop
endfacet
facet normal 0.491740 -0.403561 0.771576
outer loop
vertex 0.529397 0.980357 0.735356
vertex 0.523097 0.984567 0.741573
vertex 0.519642 0.980357 0.741573
endloop
endfacet
facet normal 0.491723 -0.403609 0.771562
outer loop
vertex 0.529397 0.980357 0.735356
vertex 0.519642 0.980357 0.741573
vertex 0.525000 0.975000 0.735356
endloop
endfacet
facet normal 0.598715 -0.491318 -0.632571
outer loop
vertex 0.529397 0.980357 0.664645
vertex 0.534567 0.976903 0.672221
vertex 0.529397 0.970603 0.672221
endloop
endfacet
facet normal 0.598628 -0.491360 -0.632621
outer loop
vertex 0.529397 0.980357 0.664645
vertex 0.529397 0.970603 0.672221
vertex 0.525000 0.975000 0.664645
endloop
endfacet
facet normal 0.598734 -0.491443 0.632456
outer loop
vertex 0.534567 0.976903 0.727778
vertex 0.529397 0.980357 0.735356
vertex 0.525000 0.975000 0.735356
endloop
endfacet
facet normal 0.598748 -0.491344 0.632521
outer loop
vertex 0.534567 0.976903 0.727778
vertex 0.525000 0.975000 0.735356
vertex 0.529397 0.970603 0.727778
endloop
endfacet
facet normal 0.184885 -0.225404 0.956562
outer loop
vertex 0.513530 0.986470 0.746194
vertex 0.506898 0.993103 0.749039
vertex 0.505419 0.991890 0.749039
endloop
endfacet
facet normal 0.184924 -0.225411 0.956553
outer loop
vertex 0.513530 0.986470 0.746194
vertex 0.505419 0.991890 0.749039
vertex 0.510630 0.984091 0.746194
endloop
endfacet
facet normal 0.607284 -0.740044 -0.289036
outer loop
vertex 0.532664 0.967336 0.680866
vertex 0.534676 0.965324 0.690245
vertex 0.527245 0.959226 0.690245
endloop
endfacet
facet normal 0.607335 -0.740024 -0.288976
outer loop
vertex 0.532664 0.967336 0.680866
vertex 0.527245 0.959226 0.690245
vertex 0.525664 0.961591 0.680866
endloop
endfacet
facet normal 0.300136 -0.365864 0.880944
outer loop
vertex 0.519642 0.980357 0.741573
vertex 0.513530 0.986470 0.746194
vertex 0.510630 0.984091 0.746194
endloop
endfacet
facet normal 0.300155 -0.365784 0.880971
outer loop
vertex 0.519642 0.980357 0.741573
vertex 0.510630 0.984091 0.746194
vertex 0.515433 0.976903 0.741573
endloop
endfacet
facet normal 0.560113 -0.682473 -0.469578
outer loop
vertex 0.529397 0.970603 0.672221
vertex 0.532664 0.967336 0.680866
vertex 0.525664 0.961591 0.680866
endloop
endfacet
facet normal 0.560060 -0.682489 -0.469619
outer loop
vertex 0.529397 0.970603 0.672221
vertex 0.525664 0.961591 0.680866
vertex 0.523097 0.965433 0.672221
endloop
endfacet
facet normal 0.403569 -0.491794 0.771538
outer loop
vertex 0.525000 0.975000 0.735356
vertex 0.519642 0.980357 0.741573
vertex 0.515433 0.976903 0.741573
endloop
endfacet
facet normal 0.403557 -0.491749 0.771573
outer loop
vertex 0.525000 0.975000 0.735356
vertex 0.515433 0.976903 0.741573
vertex 0.519642 0.970603 0.735356
endloop
endfacet
facet normal 0.491301 -0.598687 -0.632611
outer loop
vertex 0.525000 0.975000 0.664645
vertex 0.529397 0.970603 0.672221
vertex 0.523097 0.965433 0.672221
endloop
endfacet
facet normal 0.491304 -0.598691 -0.632605
outer loop
vertex 0.525000 0.975000 0.664645
vertex 0.523097 0.965433 0.672221
vertex 0.519642 0.970603 0.664645
endloop
endfacet
facet normal 0.491360 -0.598742 0.632513
outer loop
vertex 0.529397 0.970603 0.727778
vertex 0.525000 0.975000 0.735356
vertex 0.519642 0.970603 0.735356
endloop
endfacet
facet normal 0.491354 -0.598759 0.632502
outer loop
vertex 0.529397 0.970603 0.727778
vertex 0.519642 0.970603 0.735356
vertex 0.523097 0.965433 0.727778
endloop
endfacet
facet normal 0.403617 -0.491812 -0.771501
outer loop
vertex 0.519642 0.980357 0.658427
vertex 0.525000 0.975000 0.664645
vertex 0.519642 0.970603 0.664645
endloop
endfacet
facet normal 0.403596 -0.491820 -0.771507
outer loop
vertex 0.519642 0.980357 0.658427
vertex 0.519642 0.970603 0.664645
vertex 0.515433 0.976903 0.658427
endloop
endfacet
facet normal 0.560062 -0.682492 0.469612
outer loop
vertex 0.532664 0.967336 0.719134
vertex 0.529397 0.970603 0.727778
vertex 0.523097 0.965433 0.727778
endloop
endfacet
facet normal 0.560082 -0.682436 0.469670
outer loop
vertex 0.532664 0.967336 0.719134
vertex 0.523097 0.965433 0.727778
vertex 0.525664 0.961591 0.719134
endloop
endfacet
facet normal 0.300187 -0.365803 -0.880952
outer loop
vertex 0.513530 0.986470 0.653806
vertex 0.519642 0.980357 0.658427
vertex 0.515433 0.976903 0.658427
endloop
endfacet
facet normal 0.300103 -0.365849 -0.880961
outer loop
vertex 0.513530 0.986470 0.653806
vertex 0.515433 0.976903 0.658427
vertex 0.510630 0.984091 0.653806
endloop
endfacet
facet normal 0.607327 -0.740018 0.289011
outer loop
vertex 0.534676 0.965324 0.709754
vertex 0.532664 0.967336 0.719134
vertex 0.525664 0.961591 0.719134
endloop
endfacet
facet normal 0.607304 -0.740064 0.288940
outer loop
vertex 0.534676 0.965324 0.709754
vertex 0.525664 0.961591 0.719134
vertex 0.527245 0.959226 0.709754
endloop
endfacet
facet normal 0.184965 -0.225470 -0.956531
outer loop
vertex 0.506898 0.993103 0.650960
vertex 0.513530 0.986470 0.653806
vertex 0.510630 0.984091 0.653806
endloop
endfacet
facet normal 0.184940 -0.225488 -0.956531
outer loop
vertex 0.506898 0.993103 0.650960
vertex 0.510630 0.984091 0.653806
vertex 0.505419 0.991890 0.650960
endloop
endfacet
facet normal 0.631337 -0.769346 0.097568
outer loop
vertex 0.535356 0.964645 0.700000
vertex 0.534676 0.965324 0.709754
vertex 0.527245 0.959226 0.709754
endloop
endfacet
facet normal 0.631307 -0.769378 0.097516
outer loop
vertex 0.535356 0.964645 0.700000
vertex 0.527245 0.959226 0.709754
vertex 0.527778 0.958427 0.700000
endloop
endfacet
facet normal 0.062443 -0.076166 0.995138
outer loop
vertex 0.506898 0.993103 0.749039
vertex 0.500000 1.000000 0.750000
vertex 0.505419 0.991890 0.749039
endloop
endfacet
facet normal 0.062388 -0.076093 -0.995147
outer loop
vertex 0.500000 1.000000 0.650000
vertex 0.506898 0.993103 0.650960
vertex 0.505419 0.991890 0.650960
endloop
endfacet
facet normal 0.631296 -0.769383 -0.097550
outer loop
vertex 0.534676 0.965324 0.690245
vertex 0.535356 0.964645 0.700000
vertex 0.527778 0.958427 0.700000
endloop
endfacet
facet normal 0.631343 -0.769348 -0.097513
outer loop
vertex 0.534676 0.965324 0.690245
vertex 0.527778 0.958427 0.700000
vertex 0.527245 0.959226 0.690245
endloop
endfacet
facet normal 0.416176 -0.778608 0.469646
outer loop
vertex 0.525664 0.961591 0.719134
vertex 0.523097 0.965433 0.727778
vertex 0.515909 0.961591 0.727778
endloop
endfacet
facet normal 0.416104 -0.778679 0.469592
outer loop
vertex 0.525664 0.961591 0.719134
vertex 0.515909 0.961591 0.727778
vertex 0.517677 0.957323 0.719134
endloop
endfacet
facet normal 0.223043 -0.417315 -0.880965
outer loop
vertex 0.510630 0.984091 0.653806
vertex 0.515433 0.976903 0.658427
vertex 0.510630 0.974336 0.658427
endloop
endfacet
facet normal 0.223176 -0.417317 -0.880931
outer loop
vertex 0.510630 0.984091 0.653806
vertex 0.510630 0.974336 0.658427
vertex 0.507322 0.982322 0.653806
endloop
endfacet
facet normal 0.451201 -0.844348 0.288954
outer loop
vertex 0.527245 0.959226 0.709754
vertex 0.525664 0.961591 0.719134
vertex 0.517677 0.957323 0.719134
endloop
endfacet
facet normal 0.451336 -0.844227 0.289097
outer loop
vertex 0.527245 0.959226 0.709754
vertex 0.517677 0.957323 0.719134
vertex 0.518766 0.954693 0.709754
endloop
endfacet
facet normal 0.137535 -0.257160 -0.956532
outer loop
vertex 0.505419 0.991890 0.650960
vertex 0.510630 0.984091 0.653806
vertex 0.507322 0.982322 0.653806
endloop
endfacet
facet normal 0.137559 -0.257174 -0.956524
outer loop
vertex 0.505419 0.991890 0.650960
vertex 0.507322 0.982322 0.653806
vertex 0.503733 0.990988 0.650960
endloop
endfacet
facet normal 0.469225 -0.877676 0.097532
outer loop
vertex 0.527778 0.958427 0.700000
vertex 0.527245 0.959226 0.709754
vertex 0.518766 0.954693 0.709754
endloop
endfacet
facet normal 0.469207 -0.877689 0.097505
outer loop
vertex 0.527778 0.958427 0.700000
vertex 0.518766 0.954693 0.709754
vertex 0.519134 0.953806 0.700000
endloop
endfacet
facet normal 0.046435 -0.086863 0.995137
outer loop
vertex 0.505419 0.991890 0.749039
vertex 0.500000 1.000000 0.750000
vertex 0.503733 0.990988 0.749039
endloop
endfacet
facet normal 0.046441 -0.086779 -0.995145
outer loop
vertex 0.500000 1.000000 0.650000
vertex 0.505419 0.991890 0.650960
vertex 0.503733 0.990988 0.650960
endloop
endfacet
facet normal 0.469201 -0.877690 -0.097520
outer loop
vertex 0.527245 0.959226 0.690245
vertex 0.527778 0.958427 0.700000
vertex 0.519134 0.953806 0.700000
endloop
endfacet
facet normal 0.469224 -0.877681 -0.097494
outer loop
vertex 0.527245 0.959226 0.690245
vertex 0.519134 0.953806 0.700000
vertex 0.518766 0.954693 0.690245
endloop
endfacet
facet normal 0.137534 -0.257061 0.956558
outer loop
vertex 0.510630 0.984091 0.746194
vertex 0.505419 0.991890 0.749039
vertex 0.503733 0.990988 0.749039
endloop
endfacet
facet normal 0.137483 -0.257100 0.956555
outer loop
vertex 0.510630 0.984091 0.746194
vertex 0.503733 0.990988 0.749039
vertex 0.507322 0.982322 0.746194
endloop
endfacet
facet normal 0.451358 -0.844252 -0.288988
outer loop
vertex 0.525664 0.961591 0.680866
vertex 0.527245 0.959226 0.690245
vertex 0.518766 0.954693 0.690245
endloop
endfacet
facet normal 0.451166 -0.844304 -0.289136
outer loop
vertex 0.525664 0.961591 0.680866
vertex 0.518766 0.954693 0.690245
vertex 0.517677 0.957323 0.680866
endloop
endfacet
facet normal 0.223136 -0.417240 0.880977
outer loop
vertex 0.515433 0.976903 0.741573
vertex 0.510630 0.984091 0.746194
vertex 0.507322 0.982322 0.746194
endloop
endfacet
facet normal 0.223060 -0.417354 0.880942
outer loop
vertex 0.515433 0.976903 0.741573
vertex 0.507322 0.982322 0.746194
vertex 0.510630 0.974336 0.741573
endloop
endfacet
facet normal 0.416107 -0.778670 -0.469603
outer loop
vertex 0.523097 0.965433 0.672221
vertex 0.525664 0.961591 0.680866
vertex 0.517677 0.957323 0.680866
endloop
endfacet
facet normal 0.416191 -0.778663 -0.469541
outer loop
vertex 0.523097 0.965433 0.672221
vertex 0.517677 0.957323 0.680866
vertex 0.515909 0.961591 0.672221
endloop
endfacet
facet normal 0.299869 -0.561056 0.771553
outer loop
vertex 0.519642 0.970603 0.735356
vertex 0.515433 0.976903 0.741573
vertex 0.510630 0.974336 0.741573
endloop
endfacet
facet normal 0.299886 -0.561030 0.771565
outer loop
vertex 0.519642 0.970603 0.735356
vertex 0.510630 0.974336 0.741573
vertex 0.513530 0.967336 0.735356
endloop
endfacet
facet normal 0.365088 -0.683018 -0.632612
outer loop
vertex 0.519642 0.970603 0.664645
vertex 0.523097 0.965433 0.672221
vertex 0.515909 0.961591 0.672221
endloop
endfacet
facet normal 0.365090 -0.683032 -0.632595
outer loop
vertex 0.519642 0.970603 0.664645
vertex 0.515909 0.961591 0.672221
vertex 0.513530 0.967336 0.664645
endloop
endfacet
facet normal 0.365131 -0.683094 0.632505
outer loop
vertex 0.523097 0.965433 0.727778
vertex 0.519642 0.970603 0.735356
vertex 0.513530 0.967336 0.735356
endloop
endfacet
facet normal 0.365110 -0.683105 0.632504
outer loop
vertex 0.523097 0.965433 0.727778
vertex 0.513530 0.967336 0.735356
vertex 0.515909 0.961591 0.727778
endloop
endfacet
facet normal 0.299919 -0.561090 -0.771509
outer loop
vertex 0.515433 0.976903 0.658427
vertex 0.519642 0.970603 0.664645
vertex 0.513530 0.967336 0.664645
endloop
endfacet
facet normal 0.299885 -0.561101 -0.771514
outer loop
vertex 0.515433 0.976903 0.658427
vertex 0.513530 0.967336 0.664645
vertex 0.510630 0.974336 0.658427
endloop
endfacet
facet normal 0.277849 -0.916076 -0.289145
outer loop
vertex 0.517677 0.957323 0.680866
vertex 0.518766 0.954693 0.690245
vertex 0.509567 0.951903 0.690245
endloop
endfacet
facet normal 0.278041 -0.916071 -0.288975
outer loop
vertex 0.517677 0.957323 0.680866
vertex 0.509567 0.951903 0.690245
vertex 0.509012 0.954693 0.680866
endloop
endfacet
facet normal 0.137270 -0.452861 0.880951
outer loop
vertex 0.510630 0.974336 0.741573
vertex 0.507322 0.982322 0.746194
vertex 0.503733 0.981234 0.746194
endloop
endfacet
facet normal 0.137371 -0.452804 0.880964
outer loop
vertex 0.510630 0.974336 0.741573
vertex 0.503733 0.981234 0.746194
vertex 0.505419 0.972755 0.741573
endloop
endfacet
facet normal 0.256424 -0.844853 -0.469542
outer loop
vertex 0.515909 0.961591 0.672221
vertex 0.517677 0.957323 0.680866
vertex 0.509012 0.954693 0.680866
endloop
endfacet
facet normal 0.256195 -0.844831 -0.469708
outer loop
vertex 0.515909 0.961591 0.672221
vertex 0.509012 0.954693 0.680866
vertex 0.508110 0.959226 0.672221
endloop
endfacet
facet normal 0.184687 -0.608735 0.771578
outer loop
vertex 0.513530 0.967336 0.735356
vertex 0.510630 0.974336 0.741573
vertex 0.505419 0.972755 0.741573
endloop
endfacet
facet normal 0.184680 -0.608758 0.771561
outer loop
vertex 0.513530 0.967336 0.735356
vertex 0.505419 0.972755 0.741573
vertex 0.506898 0.965324 0.735356
endloop
endfacet
facet normal 0.224749 -0.741149 -0.632602
outer loop
vertex 0.513530 0.967336 0.664645
vertex 0.515909 0.961591 0.672221
vertex 0.508110 0.959226 0.672221
endloop
endfacet
facet normal 0.224852 -0.741171 -0.632540
outer loop
vertex 0.513530 0.967336 0.664645
vertex 0.508110 0.959226 0.672221
vertex 0.506898 0.965324 0.664645
endloop
endfacet
facet normal 0.224869 -0.741197 0.632504
outer loop
vertex 0.515909 0.961591 0.727778
vertex 0.513530 0.967336 0.735356
vertex 0.506898 0.965324 0.735356
endloop
endfacet
facet normal 0.224791 -0.741270 0.632446
outer loop
vertex 0.515909 0.961591 0.727778
vertex 0.506898 0.965324 0.735356
vertex 0.508110 0.959226 0.727778
endloop
endfacet
facet normal 0.184694 -0.608797 -0.771527
outer loop
vertex 0.510630 0.974336 0.658427
vertex 0.513530 0.967336 0.664645
vertex 0.506898 0.965324 0.664645
endloop
endfacet
facet normal 0.184715 -0.608820 -0.771504
outer loop
vertex 0.510630 0.974336 0.658427
vertex 0.506898 0.965324 0.664645
vertex 0.505419 0.972755 0.658427
endloop
endfacet
facet normal 0.256206 -0.844898 0.469581
outer loop
vertex 0.517677 0.957323 0.719134
vertex 0.515909 0.961591 0.727778
vertex 0.508110 0.959226 0.727778
endloop
endfacet
facet normal 0.256399 -0.844752 0.469738
outer loop
vertex 0.517677 0.957323 0.719134
vertex 0.508110 0.959226 0.727778
vertex 0.509012 0.954693 0.719134
endloop
endfacet
facet normal 0.137385 -0.452837 -0.880945
outer loop
vertex 0.507322 0.982322 0.653806
vertex 0.510630 0.974336 0.658427
vertex 0.505419 0.972755 0.658427
endloop
endfacet
facet normal 0.137261 -0.452837 -0.880964
outer loop
vertex 0.507322 0.982322 0.653806
vertex 0.505419 0.972755 0.658427
vertex 0.503733 0.981234 0.653806
endloop
endfacet
facet normal 0.278029 -0.916027 0.289126
outer loop
vertex 0.518766 0.954693 0.709754
vertex 0.517677 0.957323 0.719134
vertex 0.509012 0.954693 0.719134
endloop
endfacet
facet normal 0.277867 -0.916138 0.288931
outer loop
vertex 0.518766 0.954693 0.709754
vertex 0.509012 0.954693 0.719134
vertex 0.509567 0.951903 0.709754
endloop
endfacet
facet normal 0.084605 -0.279097 -0.956529
outer loop
vertex 0.503733 0.990988 0.650960
vertex 0.507322 0.982322 0.653806
vertex 0.503733 0.981234 0.653806
endloop
endfacet
facet normal 0.084644 -0.279098 -0.956525
outer loop
vertex 0.503733 0.990988 0.650960
vertex 0.503733 0.981234 0.653806
vertex 0.501903 0.990433 0.650960
endloop
endfacet
facet normal 0.288858 -0.952393 0.097510
outer loop
vertex 0.519134 0.953806 0.700000
vertex 0.518766 0.954693 0.709754
vertex 0.509567 0.951903 0.709754
endloop
endfacet
facet normal 0.288958 -0.952354 0.097602
outer loop
vertex 0.519134 0.953806 0.700000
vertex 0.509567 0.951903 0.709754
vertex 0.509754 0.950960 0.700000
endloop
endfacet
facet normal 0.028557 -0.094265 0.995137
outer loop
vertex 0.503733 0.990988 0.749039
vertex 0.500000 1.000000 0.750000
vertex 0.501903 0.990433 0.749039
endloop
endfacet
facet normal 0.028539 -0.094170 -0.995147
outer loop
vertex 0.500000 1.000000 0.650000
vertex 0.503733 0.990988 0.650960
vertex 0.501903 0.990433 0.650960
endloop
endfacet
facet normal 0.288959 -0.952364 -0.097496
outer loop
vertex 0.518766 0.954693 0.690245
vertex 0.519134 0.953806 0.700000
vertex 0.509754 0.950960 0.700000
endloop
endfacet
facet normal 0.288852 -0.952386 -0.097597
outer loop
vertex 0.518766 0.954693 0.690245
vertex 0.509754 0.950960 0.700000
vertex 0.509567 0.951903 0.690245
endloop
endfacet
facet normal 0.084618 -0.278983 0.956561
outer loop
vertex 0.507322 0.982322 0.746194
vertex 0.503733 0.990988 0.749039
vertex 0.501903 0.990433 0.749039
endloop
endfacet
facet normal 0.084567 -0.279022 0.956554
outer loop
vertex 0.507322 0.982322 0.746194
vertex 0.501903 0.990433 0.749039
vertex 0.503733 0.981234 0.746194
endloop
endfacet
facet normal 0.046402 -0.470903 -0.880964
outer loop
vertex 0.503733 0.981234 0.653806
vertex 0.505419 0.972755 0.658427
vertex 0.500000 0.972221 0.658427
endloop
endfacet
facet normal 0.046424 -0.470896 -0.880966
outer loop
vertex 0.503733 0.981234 0.653806
vertex 0.500000 0.972221 0.658427
vertex 0.500000 0.980866 0.653806
endloop
endfacet
facet normal 0.093774 -0.952747 0.288930
outer loop
vertex 0.509567 0.951903 0.709754
vertex 0.509012 0.954693 0.719134
vertex 0.500000 0.953806 0.719134
endloop
endfacet
facet normal 0.093904 -0.952700 0.289042
outer loop
vertex 0.509567 0.951903 0.709754
vertex 0.500000 0.953806 0.719134
vertex 0.500000 0.950960 0.709754
endloop
endfacet
facet normal 0.028612 -0.290234 -0.956528
outer loop
vertex 0.501903 0.990433 0.650960
vertex 0.503733 0.981234 0.653806
vertex 0.500000 0.980866 0.653806
endloop
endfacet
facet normal 0.028699 -0.290257 -0.956518
outer loop
vertex 0.501903 0.990433 0.650960
vertex 0.500000 0.980866 0.653806
vertex 0.500000 0.990245 0.650960
endloop
endfacet
facet normal 0.097623 -0.990422 0.097641
outer loop
vertex 0.509754 0.950960 0.700000
vertex 0.509567 0.951903 0.709754
vertex 0.500000 0.950960 0.709754
endloop
endfacet
facet normal 0.097481 -0.990452 0.097479
outer loop
vertex 0.509754 0.950960 0.700000
vertex 0.500000 0.950960 0.709754
vertex 0.500000 0.950000 0.700000
endloop
endfacet
facet normal 0.009685 -0.098030 0.995136
outer loop
vertex 0.501903 0.990433 0.749039
vertex 0.500000 1.000000 0.750000
vertex 0.500000 0.990245 0.749039
endloop
endfacet
facet normal 0.009703 -0.097934 -0.995146
outer loop
vertex 0.500000 1.000000 0.650000
vertex 0.501903 0.990433 0.650960
vertex 0.500000 0.990245 0.650960
endloop
endfacet
facet normal 0.097481 -0.990440 -0.097603
outer loop
vertex 0.509567 0.951903 0.690245
vertex 0.509754 0.950960 0.700000
vertex 0.500000 0.950000 0.700000
endloop
endfacet
facet normal 0.097626 -0.990436 -0.097493
outer loop
vertex 0.509567 0.951903 0.690245
vertex 0.500000 0.950000 0.700000
vertex 0.500000 0.950960 0.690245
endloop
endfacet
facet normal 0.028699 -0.290145 0.956552
outer loop
vertex 0.503733 0.981234 0.746194
vertex 0.501903 0.990433 0.749039
vertex 0.500000 0.990245 0.749039
endloop
endfacet
facet normal 0.028600 -0.290157 0.956551
outer loop
vertex 0.503733 0.981234 0.746194
vertex 0.500000 0.990245 0.749039
vertex 0.500000 0.980866 0.746194
endloop
endfacet
facet normal 0.093907 -0.952723 -0.288963
outer loop
vertex 0.509012 0.954693 0.680866
vertex 0.509567 0.951903 0.690245
vertex 0.500000 0.950960 0.690245
endloop
endfacet
facet normal 0.093773 -0.952702 -0.289077
outer loop
vertex 0.509012 0.954693 0.680866
vertex 0.500000 0.950960 0.690245
vertex 0.500000 0.953806 0.680866
endloop
endfacet
facet normal 0.046428 -0.470881 0.880974
outer loop
vertex 0.505419 0.972755 0.741573
vertex 0.503733 0.981234 0.746194
vertex 0.500000 0.980866 0.746194
endloop
endfacet
facet normal 0.046412 -0.470903 0.880963
outer loop
vertex 0.505419 0.972755 0.741573
vertex 0.500000 0.980866 0.746194
vertex 0.500000 0.972221 0.741573
endloop
endfacet
facet normal 0.086476 -0.878574 -0.469713
outer loop
vertex 0.508110 0.959226 0.672221
vertex 0.509012 0.954693 0.680866
vertex 0.500000 0.953806 0.680866
endloop
endfacet
facet normal 0.086564 -0.878604 -0.469641
outer loop
vertex 0.508110 0.959226 0.672221
vertex 0.500000 0.953806 0.680866
vertex 0.500000 0.958427 0.672221
endloop
endfacet
facet normal 0.062380 -0.633082 0.771567
outer loop
vertex 0.506898 0.965324 0.735356
vertex 0.505419 0.972755 0.741573
vertex 0.500000 0.972221 0.741573
endloop
endfacet
facet normal 0.062327 -0.633129 0.771533
outer loop
vertex 0.506898 0.965324 0.735356
vertex 0.500000 0.972221 0.741573
vertex 0.500000 0.964645 0.735356
endloop
endfacet
facet normal 0.075940 -0.770783 -0.632556
outer loop
vertex 0.506898 0.965324 0.664645
vertex 0.508110 0.959226 0.672221
vertex 0.500000 0.958427 0.672221
endloop
endfacet
facet normal 0.075863 -0.770751 -0.632603
outer loop
vertex 0.506898 0.965324 0.664645
vertex 0.500000 0.958427 0.672221
vertex 0.500000 0.964645 0.664645
endloop
endfacet
facet normal 0.075874 -0.770874 0.632453
outer loop
vertex 0.508110 0.959226 0.727778
vertex 0.506898 0.965324 0.735356
vertex 0.500000 0.964645 0.735356
endloop
endfacet
facet normal 0.075939 -0.770833 0.632495
outer loop
vertex 0.508110 0.959226 0.727778
vertex 0.500000 0.964645 0.735356
vertex 0.500000 0.958427 0.727778
endloop
endfacet
facet normal 0.062325 -0.633160 -0.771508
outer loop
vertex 0.505419 0.972755 0.658427
vertex 0.506898 0.965324 0.664645
vertex 0.500000 0.964645 0.664645
endloop
endfacet
facet normal 0.062391 -0.633192 -0.771476
outer loop
vertex 0.505419 0.972755 0.658427
vertex 0.500000 0.964645 0.664645
vertex 0.500000 0.972221 0.658427
endloop
endfacet
facet normal 0.086551 -0.878545 0.469753
outer loop
vertex 0.509012 0.954693 0.719134
vertex 0.508110 0.959226 0.727778
vertex 0.500000 0.958427 0.727778
endloop
endfacet
facet normal 0.086478 -0.878585 0.469691
outer loop
vertex 0.509012 0.954693 0.719134
vertex 0.500000 0.958427 0.727778
vertex 0.500000 0.953806 0.719134
endloop
endfacet
facet normal -0.086479 -0.878609 -0.469647
outer loop
vertex 0.500000 0.958427 0.672221
vertex 0.500000 0.953806 0.680866
vertex 0.490988 0.954693 0.680866
endloop
endfacet
facet normal -0.086555 -0.878572 -0.469702
outer loop
vertex 0.500000 0.958427 0.672221
vertex 0.490988 0.954693 0.680866
vertex 0.491890 0.959226 0.672221
endloop
endfacet
facet normal -0.062385 -0.633138 0.771521
outer loop
vertex 0.500000 0.964645 0.735356
vertex 0.500000 0.972221 0.741573
vertex 0.494581 0.972755 0.741573
endloop
endfacet
facet normal -0.062333 -0.633102 0.771554
outer loop
vertex 0.500000 0.964645 0.735356
vertex 0.494581 0.972755 0.741573
vertex 0.493103 0.965324 0.735356
endloop
endfacet
facet normal -0.075931 -0.770749 -0.632598
outer loop
vertex 0.500000 0.964645 0.664645
vertex 0.500000 0.958427 0.672221
vertex 0.491890 0.959226 0.672221
endloop
endfacet
facet normal -0.075877 -0.770787 -0.632559
outer loop
vertex 0.500000 0.964645 0.664645
vertex 0.491890 0.959226 0.672221
vertex 0.493103 0.965324 0.664645
endloop
endfacet
facet normal -0.075880 -0.770829 0.632506
outer loop
vertex 0.500000 0.958427 0.727778
vertex 0.500000 0.964645 0.735356
vertex 0.493103 0.965324 0.735356
endloop
endfacet
facet normal -0.075942 -0.770865 0.632456
outer loop
vertex 0.500000 0.958427 0.727778
vertex 0.493103 0.965324 0.735356
vertex 0.491890 0.959226 0.727778
endloop
endfacet
facet normal -0.062336 -0.633191 -0.771481
outer loop
vertex 0.500000 0.972221 0.658427
vertex 0.500000 0.964645 0.664645
vertex 0.493103 0.965324 0.664645
endloop
endfacet
facet normal -0.062406 -0.633161 -0.771501
outer loop
vertex 0.500000 0.972221 0.658427
vertex 0.493103 0.965324 0.664645
vertex 0.494581 0.972755 0.658427
endloop
endfacet
facet normal -0.086562 -0.878581 0.469684
outer loop
vertex 0.500000 0.953806 0.719134
vertex 0.500000 0.958427 0.727778
vertex 0.491890 0.959226 0.727778
endloop
endfacet
facet normal -0.086469 -0.878559 0.469742
outer loop
vertex 0.500000 0.953806 0.719134
vertex 0.491890 0.959226 0.727778
vertex 0.490988 0.954693 0.719134
endloop
endfacet
facet normal -0.046402 -0.470903 -0.880964
outer loop
vertex 0.500000 0.980866 0.653806
vertex 0.500000 0.972221 0.658427
vertex 0.494581 0.972755 0.658427
endloop
endfacet
facet normal -0.046422 -0.470898 -0.880965
outer loop
vertex 0.500000 0.980866 0.653806
vertex 0.494581 0.972755 0.658427
vertex 0.496267 0.981234 0.653806
endloop
endfacet
facet normal -0.093773 -0.952706 0.289064
outer loop
vertex 0.500000 0.950960 0.709754
vertex 0.500000 0.953806 0.719134
vertex 0.490988 0.954693 0.719134
endloop
endfacet
facet normal -0.093907 -0.952732 0.288934
outer loop
vertex 0.500000 0.950960 0.709754
vertex 0.490988 0.954693 0.719134
vertex 0.490433 0.951903 0.709754
endloop
endfacet
facet normal -0.028613 -0.290256 -0.956521
outer loop
vertex 0.500000 0.990245 0.650960
vertex 0.500000 0.980866 0.653806
vertex 0.496267 0.981234 0.653806
endloop
endfacet
facet normal -0.028697 -0.290210 -0.956533
outer loop
vertex 0.500000 0.990245 0.650960
vertex 0.496267 0.981234 0.653806
vertex 0.498097 0.990433 0.650960
endloop
endfacet
facet normal -0.097625 -0.990437 0.097485
outer loop
vertex 0.500000 0.950000 0.700000
vertex 0.500000 0.950960 0.709754
vertex 0.490433 0.951903 0.709754
endloop
endfacet
facet normal -0.097470 -0.990439 0.097626
outer loop
vertex 0.500000 0.950000 0.700000
vertex 0.490433 0.951903 0.709754
vertex 0.490245 0.950960 0.700000
endloop
endfacet
facet normal -0.009685 -0.098027 0.995137
outer loop
vertex 0.500000 0.990245 0.749039
vertex 0.500000 1.000000 0.750000
vertex 0.498097 0.990433 0.749039
endloop
endfacet
facet normal -0.009703 -0.097931 -0.995146
outer loop
vertex 0.500000 1.000000 0.650000
vertex 0.500000 0.990245 0.650960
vertex 0.498097 0.990433 0.650960
endloop
endfacet
facet normal -0.097471 -0.990455 -0.097458
outer loop
vertex 0.500000 0.950960 0.690245
vertex 0.500000 0.950000 0.700000
vertex 0.490245 0.950960 0.700000
endloop
endfacet
facet normal -0.097626 -0.990423 -0.097634
outer loop
vertex 0.500000 0.950960 0.690245
vertex 0.490245 0.950960 0.700000
vertex 0.490433 0.951903 0.690245
endloop
endfacet
facet normal -0.028651 -0.290155 0.956551
outer loop
vertex 0.500000 0.980866 0.746194
vertex 0.500000 0.990245 0.749039
vertex 0.498097 0.990433 0.749039
endloop
endfacet
facet normal -0.028624 -0.290151 0.956553
outer loop
vertex 0.500000 0.980866 0.746194
vertex 0.498097 0.990433 0.749039
vertex 0.496267 0.981234 0.746194
endloop
endfacet
facet normal -0.093903 -0.952685 -0.289090
outer loop
vertex 0.500000 0.953806 0.680866
vertex 0.500000 0.950960 0.690245
vertex 0.490433 0.951903 0.690245
endloop
endfacet
facet normal -0.093779 -0.952736 -0.288963
outer loop
vertex 0.500000 0.953806 0.680866
vertex 0.490433 0.951903 0.690245
vertex 0.490988 0.954693 0.680866
endloop
endfacet
facet normal -0.046428 -0.470891 0.880969
outer loop
vertex 0.500000 0.972221 0.741573
vertex 0.500000 0.980866 0.746194
vertex 0.496267 0.981234 0.746194
endloop
endfacet
facet normal -0.046411 -0.470887 0.880972
outer loop
vertex 0.500000 0.972221 0.741573
vertex 0.496267 0.981234 0.746194
vertex 0.494581 0.972755 0.741573
endloop
endfacet
facet normal -0.084587 -0.279107 -0.956527
outer loop
vertex 0.498097 0.990433 0.650960
vertex 0.496267 0.981234 0.653806
vertex 0.492677 0.982322 0.653806
endloop
endfacet
facet normal -0.084637 -0.279086 -0.956529
outer loop
vertex 0.498097 0.990433 0.650960
vertex 0.492677 0.982322 0.653806
vertex 0.496267 0.990988 0.650960
endloop
endfacet
facet normal -0.288854 -0.952380 0.097647
outer loop
vertex 0.490245 0.950960 0.700000
vertex 0.490433 0.951903 0.709754
vertex 0.481234 0.954693 0.709754
endloop
endfacet
facet normal -0.288988 -0.952353 0.097512
outer loop
vertex 0.490245 0.950960 0.700000
vertex 0.481234 0.954693 0.709754
vertex 0.480866 0.953806 0.700000
endloop
endfacet
facet normal -0.028557 -0.094269 0.995137
outer loop
vertex 0.498097 0.990433 0.749039
vertex 0.500000 1.000000 0.750000
vertex 0.496267 0.990988 0.749039
endloop
endfacet
facet normal -0.028538 -0.094176 -0.995146
outer loop
vertex 0.500000 1.000000 0.650000
vertex 0.498097 0.990433 0.650960
vertex 0.496267 0.990988 0.650960
endloop
endfacet
facet normal -0.288978 -0.952344 -0.097639
outer loop
vertex 0.490433 0.951903 0.690245
vertex 0.490245 0.950960 0.700000
vertex 0.480866 0.953806 0.700000
endloop
endfacet
facet normal -0.288860 -0.952394 -0.097497
outer loop
vertex 0.490433 0.951903 0.690245
vertex 0.480866 0.953806 0.700000
vertex 0.481234 0.954693 0.690245
endloop
endfacet
facet normal -0.084623 -0.279015 0.956551
outer loop
vertex 0.496267 0.981234 0.746194
vertex 0.498097 0.990433 0.749039
vertex 0.496267 0.990988 0.749039
endloop
endfacet
facet normal -0.084542 -0.279016 0.956558
outer loop
vertex 0.496267 0.981234 0.746194
vertex 0.496267 0.990988 0.749039
vertex 0.492677 0.982322 0.746194
endloop
endfacet
facet normal -0.277861 -0.916124 -0.288982
outer loop
vertex 0.490988 0.954693 0.680866
vertex 0.490433 0.951903 0.690245
vertex 0.481234 0.954693 0.690245
endloop
endfacet
facet normal -0.278004 -0.916035 -0.289125
outer loop
vertex 0.490988 0.954693 0.680866
vertex 0.481234 0.954693 0.690245
vertex 0.482322 0.957323 0.680866
endloop
endfacet
facet normal -0.137219 -0.452830 0.880975
outer loop
vertex 0.494581 0.972755 0.741573
vertex 0.496267 0.981234 0.746194
vertex 0.492677 0.982322 0.746194
endloop
endfacet
facet normal -0.137358 -0.452841 0.880947
outer loop
vertex 0.494581 0.972755 0.741573
vertex 0.492677 0.982322 0.746194
vertex 0.489369 0.974336 0.741573
endloop
endfacet
facet normal -0.256378 -0.844779 -0.469700
outer loop
vertex 0.491890 0.959226 0.672221
vertex 0.490988 0.954693 0.680866
vertex 0.482322 0.957323 0.680866
endloop
endfacet
facet normal -0.256206 -0.844906 -0.469566
outer loop
vertex 0.491890 0.959226 0.672221
vertex 0.482322 0.957323 0.680866
vertex 0.484091 0.961591 0.672221
endloop
endfacet
facet normal -0.184663 -0.608779 0.771549
outer loop
vertex 0.493103 0.965324 0.735356
vertex 0.494581 0.972755 0.741573
vertex 0.489369 0.974336 0.741573
endloop
endfacet
facet normal -0.184660 -0.608770 0.771556
outer loop
vertex 0.493103 0.965324 0.735356
vertex 0.489369 0.974336 0.741573
vertex 0.486470 0.967336 0.735356
endloop
endfacet
facet normal -0.224762 -0.741178 -0.632564
outer loop
vertex 0.493103 0.965324 0.664645
vertex 0.491890 0.959226 0.672221
vertex 0.484091 0.961591 0.672221
endloop
endfacet
facet normal -0.224804 -0.741133 -0.632601
outer loop
vertex 0.493103 0.965324 0.664645
vertex 0.484091 0.961591 0.672221
vertex 0.486470 0.967336 0.664645
endloop
endfacet
facet normal -0.224849 -0.741237 0.632464
outer loop
vertex 0.491890 0.959226 0.727778
vertex 0.493103 0.965324 0.735356
vertex 0.486470 0.967336 0.735356
endloop
endfacet
facet normal -0.224777 -0.741230 0.632498
outer loop
vertex 0.491890 0.959226 0.727778
vertex 0.486470 0.967336 0.735356
vertex 0.484091 0.961591 0.727778
endloop
endfacet
facet normal -0.184675 -0.608832 -0.771504
outer loop
vertex 0.494581 0.972755 0.658427
vertex 0.493103 0.965324 0.664645
vertex 0.486470 0.967336 0.664645
endloop
endfacet
facet normal -0.184688 -0.608837 -0.771497
outer loop
vertex 0.494581 0.972755 0.658427
vertex 0.486470 0.967336 0.664645
vertex 0.489369 0.974336 0.658427
endloop
endfacet
facet normal -0.256182 -0.844806 0.469758
outer loop
vertex 0.490988 0.954693 0.719134
vertex 0.491890 0.959226 0.727778
vertex 0.484091 0.961591 0.727778
endloop
endfacet
facet normal -0.256394 -0.844828 0.469604
outer loop
vertex 0.490988 0.954693 0.719134
vertex 0.484091 0.961591 0.727778
vertex 0.482322 0.957323 0.719134
endloop
endfacet
facet normal -0.137350 -0.452809 -0.880965
outer loop
vertex 0.496267 0.981234 0.653806
vertex 0.494581 0.972755 0.658427
vertex 0.489369 0.974336 0.658427
endloop
endfacet
facet normal -0.137242 -0.452890 -0.880940
outer loop
vertex 0.496267 0.981234 0.653806
vertex 0.489369 0.974336 0.658427
vertex 0.492677 0.982322 0.653806
endloop
endfacet
facet normal -0.278021 -0.916086 0.288947
outer loop
vertex 0.490433 0.951903 0.709754
vertex 0.490988 0.954693 0.719134
vertex 0.482322 0.957323 0.719134
endloop
endfacet
facet normal -0.277851 -0.916094 0.289086
outer loop
vertex 0.490433 0.951903 0.709754
vertex 0.482322 0.957323 0.719134
vertex 0.481234 0.954693 0.709754
endloop
endfacet
facet normal -0.299909 -0.561033 0.771555
outer loop
vertex 0.486470 0.967336 0.735356
vertex 0.489369 0.974336 0.741573
vertex 0.484567 0.976903 0.741573
endloop
endfacet
facet normal -0.299856 -0.561043 0.771568
outer loop
vertex 0.486470 0.967336 0.735356
vertex 0.484567 0.976903 0.741573
vertex 0.480357 0.970603 0.735356
endloop
endfacet
facet normal -0.365082 -0.683019 -0.632614
outer loop
vertex 0.486470 0.967336 0.664645
vertex 0.484091 0.961591 0.672221
vertex 0.476903 0.965433 0.672221
endloop
endfacet
facet normal -0.365057 -0.683079 -0.632563
outer loop
vertex 0.486470 0.967336 0.664645
vertex 0.476903 0.965433 0.672221
vertex 0.480357 0.970603 0.664645
endloop
endfacet
facet normal -0.365075 -0.683125 0.632503
outer loop
vertex 0.484091 0.961591 0.727778
vertex 0.486470 0.967336 0.735356
vertex 0.480357 0.970603 0.735356
endloop
endfacet
facet normal -0.365129 -0.683118 0.632480
outer loop
vertex 0.484091 0.961591 0.727778
vertex 0.480357 0.970603 0.735356
vertex 0.476903 0.965433 0.727778
endloop
endfacet
facet normal -0.299888 -0.561116 -0.771503
outer loop
vertex 0.489369 0.974336 0.658427
vertex 0.486470 0.967336 0.664645
vertex 0.480357 0.970603 0.664645
endloop
endfacet
facet normal -0.299914 -0.561056 -0.771536
outer loop
vertex 0.489369 0.974336 0.658427
vertex 0.480357 0.970603 0.664645
vertex 0.484567 0.976903 0.658427
endloop
endfacet
facet normal -0.416184 -0.778623 0.469613
outer loop
vertex 0.482322 0.957323 0.719134
vertex 0.484091 0.961591 0.727778
vertex 0.476903 0.965433 0.727778
endloop
endfacet
facet normal -0.416121 -0.778636 0.469648
outer loop
vertex 0.482322 0.957323 0.719134
vertex 0.476903 0.965433 0.727778
vertex 0.474336 0.961591 0.719134
endloop
endfacet
facet normal -0.223110 -0.417346 -0.880934
outer loop
vertex 0.492677 0.982322 0.653806
vertex 0.489369 0.974336 0.658427
vertex 0.484567 0.976903 0.658427
endloop
endfacet
facet normal -0.223131 -0.417282 -0.880959
outer loop
vertex 0.492677 0.982322 0.653806
vertex 0.484567 0.976903 0.658427
vertex 0.489369 0.984091 0.653806
endloop
endfacet
facet normal -0.451213 -0.844305 0.289059
outer loop
vertex 0.481234 0.954693 0.709754
vertex 0.482322 0.957323 0.719134
vertex 0.474336 0.961591 0.719134
endloop
endfacet
facet normal -0.451363 -0.844263 0.288949
outer loop
vertex 0.481234 0.954693 0.709754
vertex 0.474336 0.961591 0.719134
vertex 0.472755 0.959226 0.709754
endloop
endfacet
facet normal -0.137507 -0.257161 -0.956536
outer loop
vertex 0.496267 0.990988 0.650960
vertex 0.492677 0.982322 0.653806
vertex 0.489369 0.984091 0.653806
endloop
endfacet
facet normal -0.137595 -0.257136 -0.956529
outer loop
vertex 0.496267 0.990988 0.650960
vertex 0.489369 0.984091 0.653806
vertex 0.494581 0.991890 0.650960
endloop
endfacet
facet normal -0.469218 -0.877682 0.097511
outer loop
vertex 0.480866 0.953806 0.700000
vertex 0.481234 0.954693 0.709754
vertex 0.472755 0.959226 0.709754
endloop
endfacet
facet normal -0.469159 -0.877705 0.097585
outer loop
vertex 0.480866 0.953806 0.700000
vertex 0.472755 0.959226 0.709754
vertex 0.472221 0.958427 0.700000
endloop
endfacet
facet normal -0.046489 -0.086866 0.995135
outer loop
vertex 0.496267 0.990988 0.749039
vertex 0.500000 1.000000 0.750000
vertex 0.494581 0.991890 0.749039
endloop
endfacet
facet normal -0.046444 -0.086778 -0.995144
outer loop
vertex 0.500000 1.000000 0.650000
vertex 0.496267 0.990988 0.650960
vertex 0.494581 0.991890 0.650960
endloop
endfacet
facet normal -0.469158 -0.877716 -0.097492
outer loop
vertex 0.481234 0.954693 0.690245
vertex 0.480866 0.953806 0.700000
vertex 0.472221 0.958427 0.700000
endloop
endfacet
facet normal -0.469220 -0.877674 -0.097575
outer loop
vertex 0.481234 0.954693 0.690245
vertex 0.472221 0.958427 0.700000
vertex 0.472755 0.959226 0.690245
endloop
endfacet
facet normal -0.137532 -0.257058 0.956559
outer loop
vertex 0.492677 0.982322 0.746194
vertex 0.496267 0.990988 0.749039
vertex 0.494581 0.991890 0.749039
endloop
endfacet
facet normal -0.137477 -0.257082 0.956561
outer loop
vertex 0.492677 0.982322 0.746194
vertex 0.494581 0.991890 0.749039
vertex 0.489369 0.984091 0.746194
endloop
endfacet
facet normal -0.451335 -0.844229 -0.289092
outer loop
vertex 0.482322 0.957323 0.680866
vertex 0.481234 0.954693 0.690245
vertex 0.472755 0.959226 0.690245
endloop
endfacet
facet normal -0.451229 -0.844323 -0.288984
outer loop
vertex 0.482322 0.957323 0.680866
vertex 0.472755 0.959226 0.690245
vertex 0.474336 0.961591 0.680866
endloop
endfacet
facet normal -0.223159 -0.417308 0.880939
outer loop
vertex 0.489369 0.974336 0.741573
vertex 0.492677 0.982322 0.746194
vertex 0.489369 0.984091 0.746194
endloop
endfacet
facet normal -0.223089 -0.417314 0.880954
outer loop
vertex 0.489369 0.974336 0.741573
vertex 0.489369 0.984091 0.746194
vertex 0.484567 0.976903 0.741573
endloop
endfacet
facet normal -0.416150 -0.778666 -0.469573
outer loop
vertex 0.484091 0.961591 0.672221
vertex 0.482322 0.957323 0.680866
vertex 0.474336 0.961591 0.680866
endloop
endfacet
facet normal -0.416173 -0.778632 -0.469609
outer loop
vertex 0.484091 0.961591 0.672221
vertex 0.474336 0.961591 0.680866
vertex 0.476903 0.965433 0.672221
endloop
endfacet
facet normal -0.631335 -0.769346 0.097589
outer loop
vertex 0.472221 0.958427 0.700000
vertex 0.472755 0.959226 0.709754
vertex 0.465324 0.965324 0.709754
endloop
endfacet
facet normal -0.631410 -0.769295 0.097501
outer loop
vertex 0.472221 0.958427 0.700000
vertex 0.465324 0.965324 0.709754
vertex 0.464645 0.964645 0.700000
endloop
endfacet
facet normal -0.062468 -0.076150 0.995138
outer loop
vertex 0.494581 0.991890 0.749039
vertex 0.500000 1.000000 0.750000
vertex 0.493103 0.993103 0.749039
endloop
endfacet
facet normal -0.062411 -0.076074 -0.995147
outer loop
vertex 0.500000 1.000000 0.650000
vertex 0.494581 0.991890 0.650960
vertex 0.493103 0.993103 0.650960
endloop
endfacet
facet normal -0.631395 -0.769299 -0.097566
outer loop
vertex 0.472755 0.959226 0.690245
vertex 0.472221 0.958427 0.700000
vertex 0.464645 0.964645 0.700000
endloop
endfacet
facet normal -0.631345 -0.769348 -0.097503
outer loop
vertex 0.472755 0.959226 0.690245
vertex 0.464645 0.964645 0.700000
vertex 0.465324 0.965324 0.690245
endloop
endfacet
facet normal -0.184948 -0.225344 0.956564
outer loop
vertex 0.489369 0.984091 0.746194
vertex 0.494581 0.991890 0.749039
vertex 0.493103 0.993103 0.749039
endloop
endfacet
facet normal -0.184946 -0.225355 0.956562
outer loop
vertex 0.489369 0.984091 0.746194
vertex 0.493103 0.993103 0.749039
vertex 0.486470 0.986470 0.746194
endloop
endfacet
facet normal -0.607300 -0.740054 -0.288975
outer loop
vertex 0.474336 0.961591 0.680866
vertex 0.472755 0.959226 0.690245
vertex 0.465324 0.965324 0.690245
endloop
endfacet
facet normal -0.607323 -0.740016 -0.289023
outer loop
vertex 0.474336 0.961591 0.680866
vertex 0.465324 0.965324 0.690245
vertex 0.467336 0.967336 0.680866
endloop
endfacet
facet normal -0.300173 -0.365785 0.880964
outer loop
vertex 0.484567 0.976903 0.741573
vertex 0.489369 0.984091 0.746194
vertex 0.486470 0.986470 0.746194
endloop
endfacet
facet normal -0.300119 -0.365818 0.880969
outer loop
vertex 0.484567 0.976903 0.741573
vertex 0.486470 0.986470 0.746194
vertex 0.480357 0.980357 0.741573
endloop
endfacet
facet normal -0.560104 -0.682447 -0.469627
outer loop
vertex 0.476903 0.965433 0.672221
vertex 0.474336 0.961591 0.680866
vertex 0.467336 0.967336 0.680866
endloop
endfacet
facet normal -0.560081 -0.682507 -0.469568
outer loop
vertex 0.476903 0.965433 0.672221
vertex 0.467336 0.967336 0.680866
vertex 0.470603 0.970603 0.672221
endloop
endfacet
facet normal -0.403471 -0.491789 0.771593
outer loop
vertex 0.480357 0.970603 0.735356
vertex 0.484567 0.976903 0.741573
vertex 0.480357 0.980357 0.741573
endloop
endfacet
facet normal -0.403633 -0.491759 0.771526
outer loop
vertex 0.480357 0.970603 0.735356
vertex 0.480357 0.980357 0.741573
vertex 0.475000 0.975000 0.735356
endloop
endfacet
facet normal -0.491320 -0.598712 -0.632573
outer loop
vertex 0.480357 0.970603 0.664645
vertex 0.476903 0.965433 0.672221
vertex 0.470603 0.970603 0.672221
endloop
endfacet
facet normal -0.491361 -0.598635 -0.632614
outer loop
vertex 0.480357 0.970603 0.664645
vertex 0.470603 0.970603 0.672221
vertex 0.475000 0.975000 0.664645
endloop
endfacet
facet normal -0.491437 -0.598734 0.632462
outer loop
vertex 0.476903 0.965433 0.727778
vertex 0.480357 0.970603 0.735356
vertex 0.475000 0.975000 0.735356
endloop
endfacet
facet normal -0.491359 -0.598747 0.632509
outer loop
vertex 0.476903 0.965433 0.727778
vertex 0.475000 0.975000 0.735356
vertex 0.470603 0.970603 0.727778
endloop
endfacet
facet normal -0.403633 -0.491750 -0.771533
outer loop
vertex 0.484567 0.976903 0.658427
vertex 0.480357 0.970603 0.664645
vertex 0.475000 0.975000 0.664645
endloop
endfacet
facet normal -0.403572 -0.491915 -0.771460
outer loop
vertex 0.484567 0.976903 0.658427
vertex 0.475000 0.975000 0.664645
vertex 0.480357 0.980357 0.658427
endloop
endfacet
facet normal -0.560055 -0.682461 0.469665
outer loop
vertex 0.474336 0.961591 0.719134
vertex 0.476903 0.965433 0.727778
vertex 0.470603 0.970603 0.727778
endloop
endfacet
facet normal -0.560093 -0.682460 0.469621
outer loop
vertex 0.474336 0.961591 0.719134
vertex 0.470603 0.970603 0.727778
vertex 0.467336 0.967336 0.719134
endloop
endfacet
facet normal -0.300143 -0.365835 -0.880953
outer loop
vertex 0.489369 0.984091 0.653806
vertex 0.484567 0.976903 0.658427
vertex 0.480357 0.980357 0.658427
endloop
endfacet
facet normal -0.300167 -0.365774 -0.880971
outer loop
vertex 0.489369 0.984091 0.653806
vertex 0.480357 0.980357 0.658427
vertex 0.486470 0.986470 0.653806
endloop
endfacet
facet normal -0.607353 -0.740027 0.288934
outer loop
vertex 0.472755 0.959226 0.709754
vertex 0.474336 0.961591 0.719134
vertex 0.467336 0.967336 0.719134
endloop
endfacet
facet normal -0.607291 -0.740054 0.288993
outer loop
vertex 0.472755 0.959226 0.709754
vertex 0.467336 0.967336 0.719134
vertex 0.465324 0.965324 0.709754
endloop
endfacet
facet normal -0.184992 -0.225434 -0.956534
outer loop
vertex 0.494581 0.991890 0.650960
vertex 0.489369 0.984091 0.653806
vertex 0.486470 0.986470 0.653806
endloop
endfacet
facet normal -0.185000 -0.225399 -0.956541
outer loop
vertex 0.494581 0.991890 0.650960
vertex 0.486470 0.986470 0.653806
vertex 0.493103 0.993103 0.650960
endloop
endfacet
facet normal -0.598672 -0.491293 -0.632632
outer loop
vertex 0.475000 0.975000 0.664645
vertex 0.470603 0.970603 0.672221
vertex 0.465433 0.976903 0.672221
endloop
endfacet
facet normal -0.598665 -0.491390 -0.632564
outer loop
vertex 0.475000 0.975000 0.664645
vertex 0.465433 0.976903 0.672221
vertex 0.470603 0.980357 0.664645
endloop
endfacet
facet normal -0.598684 -0.491413 0.632527
outer loop
vertex 0.470603 0.970603 0.727778
vertex 0.475000 0.975000 0.735356
vertex 0.470603 0.980357 0.735356
endloop
endfacet
facet normal -0.598777 -0.491374 0.632470
outer loop
vertex 0.470603 0.970603 0.727778
vertex 0.470603 0.980357 0.735356
vertex 0.465433 0.976903 0.727778
endloop
endfacet
facet normal -0.491815 -0.403673 -0.771470
outer loop
vertex 0.480357 0.980357 0.658427
vertex 0.475000 0.975000 0.664645
vertex 0.470603 0.980357 0.664645
endloop
endfacet
facet normal -0.491826 -0.403515 -0.771545
outer loop
vertex 0.480357 0.980357 0.658427
vertex 0.470603 0.980357 0.664645
vertex 0.476903 0.984567 0.658427
endloop
endfacet
facet normal -0.682495 -0.560058 0.469613
outer loop
vertex 0.467336 0.967336 0.719134
vertex 0.470603 0.970603 0.727778
vertex 0.465433 0.976903 0.727778
endloop
endfacet
facet normal -0.682439 -0.560092 0.469653
outer loop
vertex 0.467336 0.967336 0.719134
vertex 0.465433 0.976903 0.727778
vertex 0.461591 0.974336 0.719134
endloop
endfacet
facet normal -0.365821 -0.300131 -0.880963
outer loop
vertex 0.486470 0.986470 0.653806
vertex 0.480357 0.980357 0.658427
vertex 0.476903 0.984567 0.658427
endloop
endfacet
facet normal -0.365791 -0.300180 -0.880959
outer loop
vertex 0.486470 0.986470 0.653806
vertex 0.476903 0.984567 0.658427
vertex 0.484091 0.989369 0.653806
endloop
endfacet
facet normal -0.740016 -0.607333 0.289003
outer loop
vertex 0.465324 0.965324 0.709754
vertex 0.467336 0.967336 0.719134
vertex 0.461591 0.974336 0.719134
endloop
endfacet
facet normal -0.740059 -0.607304 0.288954
outer loop
vertex 0.465324 0.965324 0.709754
vertex 0.461591 0.974336 0.719134
vertex 0.459226 0.972755 0.709754
endloop
endfacet
facet normal -0.225424 -0.185001 -0.956535
outer loop
vertex 0.493103 0.993103 0.650960
vertex 0.486470 0.986470 0.653806
vertex 0.484091 0.989369 0.653806
endloop
endfacet
facet normal -0.225410 -0.184997 -0.956539
outer loop
vertex 0.493103 0.993103 0.650960
vertex 0.484091 0.989369 0.653806
vertex 0.491890 0.994581 0.650960
endloop
endfacet
facet normal -0.769356 -0.631335 0.097500
outer loop
vertex 0.464645 0.964645 0.700000
vertex 0.465324 0.965324 0.709754
vertex 0.459226 0.972755 0.709754
endloop
endfacet
facet normal -0.769290 -0.631401 0.097594
outer loop
vertex 0.464645 0.964645 0.700000
vertex 0.459226 0.972755 0.709754
vertex 0.458427 0.972221 0.700000
endloop
endfacet
facet normal -0.076153 -0.062499 0.995135
outer loop
vertex 0.493103 0.993103 0.749039
vertex 0.500000 1.000000 0.750000
vertex 0.491890 0.994581 0.749039
endloop
endfacet
facet normal -0.076101 -0.062434 -0.995143
outer loop
vertex 0.500000 1.000000 0.650000
vertex 0.493103 0.993103 0.650960
vertex 0.491890 0.994581 0.650960
endloop
endfacet
facet normal -0.769295 -0.631409 -0.097508
outer loop
vertex 0.465324 0.965324 0.690245
vertex 0.464645 0.964645 0.700000
vertex 0.458427 0.972221 0.700000
endloop
endfacet
facet normal -0.769349 -0.631334 -0.097566
outer loop
vertex 0.465324 0.965324 0.690245
vertex 0.458427 0.972221 0.700000
vertex 0.459226 0.972755 0.690245
endloop
endfacet
facet normal -0.225350 -0.184946 0.956563
outer loop
vertex 0.486470 0.986470 0.746194
vertex 0.493103 0.993103 0.749039
vertex 0.491890 0.994581 0.749039
endloop
endfacet
facet normal -0.225348 -0.184945 0.956563
outer loop
vertex 0.486470 0.986470 0.746194
vertex 0.491890 0.994581 0.749039
vertex 0.484091 0.989369 0.746194
endloop
endfacet
facet normal -0.740046 -0.607285 -0.289027
outer loop
vertex 0.467336 0.967336 0.680866
vertex 0.465324 0.965324 0.690245
vertex 0.459226 0.972755 0.690245
endloop
endfacet
facet normal -0.740012 -0.607344 -0.288991
outer loop
vertex 0.467336 0.967336 0.680866
vertex 0.459226 0.972755 0.690245
vertex 0.461591 0.974336 0.680866
endloop
endfacet
facet normal -0.365763 -0.300168 0.880975
outer loop
vertex 0.480357 0.980357 0.741573
vertex 0.486470 0.986470 0.746194
vertex 0.484091 0.989369 0.746194
endloop
endfacet
facet normal -0.365836 -0.300135 0.880956
outer loop
vertex 0.480357 0.980357 0.741573
vertex 0.484091 0.989369 0.746194
vertex 0.476903 0.984567 0.741573
endloop
endfacet
facet normal -0.682481 -0.560109 -0.469572
outer loop
vertex 0.470603 0.970603 0.672221
vertex 0.467336 0.967336 0.680866
vertex 0.461591 0.974336 0.680866
endloop
endfacet
facet normal -0.682489 -0.560068 -0.469610
outer loop
vertex 0.470603 0.970603 0.672221
vertex 0.461591 0.974336 0.680866
vertex 0.465433 0.976903 0.672221
endloop
endfacet
facet normal -0.491850 -0.403530 0.771523
outer loop
vertex 0.475000 0.975000 0.735356
vertex 0.480357 0.980357 0.741573
vertex 0.476903 0.984567 0.741573
endloop
endfacet
facet normal -0.491707 -0.403596 0.771579
outer loop
vertex 0.475000 0.975000 0.735356
vertex 0.476903 0.984567 0.741573
vertex 0.470603 0.980357 0.735356
endloop
endfacet
facet normal -0.086856 -0.046471 0.995136
outer loop
vertex 0.491890 0.994581 0.749039
vertex 0.500000 1.000000 0.750000
vertex 0.490988 0.996267 0.749039
endloop
endfacet
facet normal -0.086769 -0.046427 -0.995146
outer loop
vertex 0.500000 1.000000 0.650000
vertex 0.491890 0.994581 0.650960
vertex 0.490988 0.996267 0.650960
endloop
endfacet
facet normal -0.877711 -0.469151 -0.097570
outer loop
vertex 0.459226 0.972755 0.690245
vertex 0.458427 0.972221 0.700000
vertex 0.453806 0.980866 0.700000
endloop
endfacet
facet normal -0.877677 -0.469228 -0.097506
outer loop
vertex 0.459226 0.972755 0.690245
vertex 0.453806 0.980866 0.700000
vertex 0.454693 0.981234 0.690245
endloop
endfacet
facet normal -0.257046 -0.137506 0.956567
outer loop
vertex 0.484091 0.989369 0.746194
vertex 0.491890 0.994581 0.749039
vertex 0.490988 0.996267 0.749039
endloop
endfacet
facet normal -0.257088 -0.137486 0.956558
outer loop
vertex 0.484091 0.989369 0.746194
vertex 0.490988 0.996267 0.749039
vertex 0.482322 0.992677 0.746194
endloop
endfacet
facet normal -0.844260 -0.451352 -0.288974
outer loop
vertex 0.461591 0.974336 0.680866
vertex 0.459226 0.972755 0.690245
vertex 0.454693 0.981234 0.690245
endloop
endfacet
facet normal -0.844287 -0.451219 -0.289102
outer loop
vertex 0.461591 0.974336 0.680866
vertex 0.454693 0.981234 0.690245
vertex 0.457323 0.982322 0.680866
endloop
endfacet
facet normal -0.417290 -0.223149 0.880951
outer loop
vertex 0.476903 0.984567 0.741573
vertex 0.484091 0.989369 0.746194
vertex 0.482322 0.992677 0.746194
endloop
endfacet
facet normal -0.417326 -0.223092 0.880948
outer loop
vertex 0.476903 0.984567 0.741573
vertex 0.482322 0.992677 0.746194
vertex 0.474336 0.989369 0.741573
endloop
endfacet
facet normal -0.778650 -0.416141 -0.469606
outer loop
vertex 0.465433 0.976903 0.672221
vertex 0.461591 0.974336 0.680866
vertex 0.457323 0.982322 0.680866
endloop
endfacet
facet normal -0.778642 -0.416188 -0.469579
outer loop
vertex 0.465433 0.976903 0.672221
vertex 0.457323 0.982322 0.680866
vertex 0.461591 0.984091 0.672221
endloop
endfacet
facet normal -0.561011 -0.299892 0.771577
outer loop
vertex 0.470603 0.980357 0.735356
vertex 0.476903 0.984567 0.741573
vertex 0.474336 0.989369 0.741573
endloop
endfacet
facet normal -0.561060 -0.299858 0.771555
outer loop
vertex 0.470603 0.980357 0.735356
vertex 0.474336 0.989369 0.741573
vertex 0.467336 0.986470 0.735356
endloop
endfacet
facet normal -0.683039 -0.365093 -0.632586
outer loop
vertex 0.470603 0.980357 0.664645
vertex 0.465433 0.976903 0.672221
vertex 0.461591 0.984091 0.672221
endloop
endfacet
facet normal -0.683053 -0.365048 -0.632597
outer loop
vertex 0.470603 0.980357 0.664645
vertex 0.461591 0.984091 0.672221
vertex 0.467336 0.986470 0.664645
endloop
endfacet
facet normal -0.683147 -0.365093 0.632469
outer loop
vertex 0.465433 0.976903 0.727778
vertex 0.470603 0.980357 0.735356
vertex 0.467336 0.986470 0.735356
endloop
endfacet
facet normal -0.683097 -0.365121 0.632507
outer loop
vertex 0.465433 0.976903 0.727778
vertex 0.467336 0.986470 0.735356
vertex 0.461591 0.984091 0.727778
endloop
endfacet
facet normal -0.561101 -0.299859 -0.771524
outer loop
vertex 0.476903 0.984567 0.658427
vertex 0.470603 0.980357 0.664645
vertex 0.467336 0.986470 0.664645
endloop
endfacet
facet normal -0.561091 -0.299950 -0.771497
outer loop
vertex 0.476903 0.984567 0.658427
vertex 0.467336 0.986470 0.664645
vertex 0.474336 0.989369 0.658427
endloop
endfacet
facet normal -0.778605 -0.416169 0.469656
outer loop
vertex 0.461591 0.974336 0.719134
vertex 0.465433 0.976903 0.727778
vertex 0.461591 0.984091 0.727778
endloop
endfacet
facet normal -0.778647 -0.416136 0.469617
outer loop
vertex 0.461591 0.974336 0.719134
vertex 0.461591 0.984091 0.727778
vertex 0.457323 0.982322 0.719134
endloop
endfacet
facet normal -0.417314 -0.223085 -0.880955
outer loop
vertex 0.484091 0.989369 0.653806
vertex 0.476903 0.984567 0.658427
vertex 0.474336 0.989369 0.658427
endloop
endfacet
facet normal -0.417298 -0.223160 -0.880944
outer loop
vertex 0.484091 0.989369 0.653806
vertex 0.474336 0.989369 0.658427
vertex 0.482322 0.992677 0.653806
endloop
endfacet
facet normal -0.844333 -0.451239 0.288939
outer loop
vertex 0.459226 0.972755 0.709754
vertex 0.461591 0.974336 0.719134
vertex 0.457323 0.982322 0.719134
endloop
endfacet
facet normal -0.844233 -0.451347 0.289061
outer loop
vertex 0.459226 0.972755 0.709754
vertex 0.457323 0.982322 0.719134
vertex 0.454693 0.981234 0.709754
endloop
endfacet
facet normal -0.257157 -0.137514 -0.956536
outer loop
vertex 0.491890 0.994581 0.650960
vertex 0.484091 0.989369 0.653806
vertex 0.482322 0.992677 0.653806
endloop
endfacet
facet normal -0.257149 -0.137570 -0.956530
outer loop
vertex 0.491890 0.994581 0.650960
vertex 0.482322 0.992677 0.653806
vertex 0.490988 0.996267 0.650960
endloop
endfacet
facet normal -0.877673 -0.469218 0.097590
outer loop
vertex 0.458427 0.972221 0.700000
vertex 0.459226 0.972755 0.709754
vertex 0.454693 0.981234 0.709754
endloop
endfacet
facet normal -0.877712 -0.469162 0.097513
outer loop
vertex 0.458427 0.972221 0.700000
vertex 0.454693 0.981234 0.709754
vertex 0.453806 0.980866 0.700000
endloop
endfacet
facet normal -0.741213 -0.224828 0.632500
outer loop
vertex 0.461591 0.984091 0.727778
vertex 0.467336 0.986470 0.735356
vertex 0.465324 0.993103 0.735356
endloop
endfacet
facet normal -0.741262 -0.224780 0.632459
outer loop
vertex 0.461591 0.984091 0.727778
vertex 0.465324 0.993103 0.735356
vertex 0.459226 0.991890 0.727778
endloop
endfacet
facet normal -0.608846 -0.184678 -0.771492
outer loop
vertex 0.474336 0.989369 0.658427
vertex 0.467336 0.986470 0.664645
vertex 0.465324 0.993103 0.664645
endloop
endfacet
facet normal -0.608819 -0.184686 -0.771512
outer loop
vertex 0.474336 0.989369 0.658427
vertex 0.465324 0.993103 0.664645
vertex 0.472755 0.994581 0.658427
endloop
endfacet
facet normal -0.844887 -0.256211 0.469598
outer loop
vertex 0.457323 0.982322 0.719134
vertex 0.461591 0.984091 0.727778
vertex 0.459226 0.991890 0.727778
endloop
endfacet
facet normal -0.844756 -0.256367 0.469748
outer loop
vertex 0.457323 0.982322 0.719134
vertex 0.459226 0.991890 0.727778
vertex 0.454693 0.990988 0.719134
endloop
endfacet
facet normal -0.452849 -0.137364 -0.880942
outer loop
vertex 0.482322 0.992677 0.653806
vertex 0.474336 0.989369 0.658427
vertex 0.472755 0.994581 0.658427
endloop
endfacet
facet normal -0.452838 -0.137240 -0.880967
outer loop
vertex 0.482322 0.992677 0.653806
vertex 0.472755 0.994581 0.658427
vertex 0.481234 0.996267 0.653806
endloop
endfacet
facet normal -0.916046 -0.278005 0.289088
outer loop
vertex 0.454693 0.981234 0.709754
vertex 0.457323 0.982322 0.719134
vertex 0.454693 0.990988 0.719134
endloop
endfacet
facet normal -0.916137 -0.277865 0.288935
outer loop
vertex 0.454693 0.981234 0.709754
vertex 0.454693 0.990988 0.719134
vertex 0.451903 0.990433 0.709754
endloop
endfacet
facet normal -0.279088 -0.084581 -0.956533
outer loop
vertex 0.490988 0.996267 0.650960
vertex 0.482322 0.992677 0.653806
vertex 0.481234 0.996267 0.653806
endloop
endfacet
facet normal -0.279095 -0.084631 -0.956527
outer loop
vertex 0.490988 0.996267 0.650960
vertex 0.481234 0.996267 0.653806
vertex 0.490433 0.998097 0.650960
endloop
endfacet
facet normal -0.952394 -0.288856 0.097506
outer loop
vertex 0.453806 0.980866 0.700000
vertex 0.454693 0.981234 0.709754
vertex 0.451903 0.990433 0.709754
endloop
endfacet
facet normal -0.952341 -0.288986 0.097638
outer loop
vertex 0.453806 0.980866 0.700000
vertex 0.451903 0.990433 0.709754
vertex 0.450960 0.990245 0.700000
endloop
endfacet
facet normal -0.094283 -0.028595 0.995135
outer loop
vertex 0.490988 0.996267 0.749039
vertex 0.500000 1.000000 0.750000
vertex 0.490433 0.998097 0.749039
endloop
endfacet
facet normal -0.094194 -0.028567 -0.995144
outer loop
vertex 0.500000 1.000000 0.650000
vertex 0.490988 0.996267 0.650960
vertex 0.490433 0.998097 0.650960
endloop
endfacet
facet normal -0.952356 -0.288986 -0.097495
outer loop
vertex 0.454693 0.981234 0.690245
vertex 0.453806 0.980866 0.700000
vertex 0.450960 0.990245 0.700000
endloop
endfacet
facet normal -0.952384 -0.288849 -0.097630
outer loop
vertex 0.454693 0.981234 0.690245
vertex 0.450960 0.990245 0.700000
vertex 0.451903 0.990433 0.690245
endloop
endfacet
facet normal -0.279022 -0.084610 0.956550
outer loop
vertex 0.482322 0.992677 0.746194
vertex 0.490988 0.996267 0.749039
vertex 0.490433 0.998097 0.749039
endloop
endfacet
facet normal -0.279005 -0.084551 0.956560
outer loop
vertex 0.482322 0.992677 0.746194
vertex 0.490433 0.998097 0.749039
vertex 0.481234 0.996267 0.746194
endloop
endfacet
facet normal -0.916086 -0.277845 -0.289118
outer loop
vertex 0.457323 0.982322 0.680866
vertex 0.454693 0.981234 0.690245
vertex 0.451903 0.990433 0.690245
endloop
endfacet
facet normal -0.916082 -0.278019 -0.288962
outer loop
vertex 0.457323 0.982322 0.680866
vertex 0.451903 0.990433 0.690245
vertex 0.454693 0.990988 0.680866
endloop
endfacet
facet normal -0.452897 -0.137257 0.880934
outer loop
vertex 0.474336 0.989369 0.741573
vertex 0.482322 0.992677 0.746194
vertex 0.481234 0.996267 0.746194
endloop
endfacet
facet normal -0.452792 -0.137345 0.880974
outer loop
vertex 0.474336 0.989369 0.741573
vertex 0.481234 0.996267 0.746194
vertex 0.472755 0.994581 0.741573
endloop
endfacet
facet normal -0.844849 -0.256407 -0.469559
outer loop
vertex 0.461591 0.984091 0.672221
vertex 0.457323 0.982322 0.680866
vertex 0.454693 0.990988 0.680866
endloop
endfacet
facet normal -0.844830 -0.256189 -0.469713
outer loop
vertex 0.461591 0.984091 0.672221
vertex 0.454693 0.990988 0.680866
vertex 0.459226 0.991890 0.672221
endloop
endfacet
facet normal -0.608778 -0.184665 0.771549
outer loop
vertex 0.467336 0.986470 0.735356
vertex 0.474336 0.989369 0.741573
vertex 0.472755 0.994581 0.741573
endloop
endfacet
facet normal -0.608779 -0.184662 0.771549
outer loop
vertex 0.467336 0.986470 0.735356
vertex 0.472755 0.994581 0.741573
vertex 0.465324 0.993103 0.735356
endloop
endfacet
facet normal -0.741159 -0.224750 -0.632590
outer loop
vertex 0.467336 0.986470 0.664645
vertex 0.461591 0.984091 0.672221
vertex 0.459226 0.991890 0.672221
endloop
endfacet
facet normal -0.741162 -0.224813 -0.632565
outer loop
vertex 0.467336 0.986470 0.664645
vertex 0.459226 0.991890 0.672221
vertex 0.465324 0.993103 0.664645
endloop
endfacet
facet normal -0.990439 -0.097476 -0.097620
outer loop
vertex 0.451903 0.990433 0.690245
vertex 0.450960 0.990245 0.700000
vertex 0.450000 1.000000 0.700000
endloop
endfacet
facet normal -0.990439 -0.097524 -0.097572
outer loop
vertex 0.451903 0.990433 0.690245
vertex 0.450000 1.000000 0.700000
vertex 0.450961 1.000000 0.690245
endloop
endfacet
facet normal -0.290136 -0.028673 0.956556
outer loop
vertex 0.481234 0.996267 0.746194
vertex 0.490433 0.998097 0.749039
vertex 0.490245 1.000000 0.749039
endloop
endfacet
facet normal -0.290166 -0.028606 0.956549
outer loop
vertex 0.481234 0.996267 0.746194
vertex 0.490245 1.000000 0.749039
vertex 0.480866 1.000000 0.746194
endloop
endfacet
facet normal -0.952734 -0.093813 -0.288960
outer loop
vertex 0.454693 0.990988 0.680866
vertex 0.451903 0.990433 0.690245
vertex 0.450961 1.000000 0.690245
endloop
endfacet
facet normal -0.952726 -0.093756 -0.289004
outer loop
vertex 0.454693 0.990988 0.680866
vertex 0.450961 1.000000 0.690245
vertex 0.453806 1.000000 0.680866
endloop
endfacet
facet normal -0.470872 -0.046422 0.880979
outer loop
vertex 0.472755 0.994581 0.741573
vertex 0.481234 0.996267 0.746194
vertex 0.480866 1.000000 0.746194
endloop
endfacet
facet normal -0.470903 -0.046402 0.880964
outer loop
vertex 0.472755 0.994581 0.741573
vertex 0.480866 1.000000 0.746194
vertex 0.472221 1.000000 0.741573
endloop
endfacet
facet normal -0.878582 -0.086467 -0.469699
outer loop
vertex 0.459226 0.991890 0.672221
vertex 0.454693 0.990988 0.680866
vertex 0.453806 1.000000 0.680866
endloop
endfacet
facet normal -0.878601 -0.086565 -0.469645
outer loop
vertex 0.459226 0.991890 0.672221
vertex 0.453806 1.000000 0.680866
vertex 0.458427 1.000000 0.672221
endloop
endfacet
facet normal -0.633092 -0.062383 0.771558
outer loop
vertex 0.465324 0.993103 0.735356
vertex 0.472755 0.994581 0.741573
vertex 0.472221 1.000000 0.741573
endloop
endfacet
facet normal -0.633140 -0.062336 0.771523
outer loop
vertex 0.465324 0.993103 0.735356
vertex 0.472221 1.000000 0.741573
vertex 0.464645 1.000000 0.735356
endloop
endfacet
facet normal -0.770773 -0.075942 -0.632568
outer loop
vertex 0.465324 0.993103 0.664645
vertex 0.459226 0.991890 0.672221
vertex 0.458427 1.000000 0.672221
endloop
endfacet
facet normal -0.770750 -0.075881 -0.632602
outer loop
vertex 0.465324 0.993103 0.664645
vertex 0.458427 1.000000 0.672221
vertex 0.464645 1.000000 0.664645
endloop
endfacet
facet normal -0.770863 -0.075893 0.632464
outer loop
vertex 0.459226 0.991890 0.727778
vertex 0.465324 0.993103 0.735356
vertex 0.464645 1.000000 0.735356
endloop
endfacet
facet normal -0.770828 -0.075951 0.632500
outer loop
vertex 0.459226 0.991890 0.727778
vertex 0.464645 1.000000 0.735356
vertex 0.458427 1.000000 0.727778
endloop
endfacet
facet normal -0.633182 -0.062336 -0.771488
outer loop
vertex 0.472755 0.994581 0.658427
vertex 0.465324 0.993103 0.664645
vertex 0.464645 1.000000 0.664645
endloop
endfacet
facet normal -0.633173 -0.062391 -0.771491
outer loop
vertex 0.472755 0.994581 0.658427
vertex 0.464645 1.000000 0.664645
vertex 0.472221 1.000000 0.658427
endloop
endfacet
facet normal -0.878547 -0.086544 0.469751
outer loop
vertex 0.454693 0.990988 0.719134
vertex 0.459226 0.991890 0.727778
vertex 0.458427 1.000000 0.727778
endloop
endfacet
facet normal -0.878590 -0.086479 0.469683
outer loop
vertex 0.454693 0.990988 0.719134
vertex 0.458427 1.000000 0.727778
vertex 0.453806 1.000000 0.719134
endloop
endfacet
facet normal -0.470900 -0.046410 -0.880965
outer loop
vertex 0.481234 0.996267 0.653806
vertex 0.472755 0.994581 0.658427
vertex 0.472221 1.000000 0.658427
endloop
endfacet
facet normal -0.470912 -0.046412 -0.880958
outer loop
vertex 0.481234 0.996267 0.653806
vertex 0.472221 1.000000 0.658427
vertex 0.480866 1.000000 0.653806
endloop
endfacet
facet normal -0.952745 -0.093767 0.288937
outer loop
vertex 0.451903 0.990433 0.709754
vertex 0.454693 0.990988 0.719134
vertex 0.453806 1.000000 0.719134
endloop
endfacet
facet normal -0.952732 -0.093803 0.288968
outer loop
vertex 0.451903 0.990433 0.709754
vertex 0.453806 1.000000 0.719134
vertex 0.450961 1.000000 0.709754
endloop
endfacet
facet normal -0.290253 -0.028618 -0.956522
outer loop
vertex 0.490433 0.998097 0.650960
vertex 0.481234 0.996267 0.653806
vertex 0.480866 1.000000 0.653806
endloop
endfacet
facet normal -0.290225 -0.028672 -0.956529
outer loop
vertex 0.490433 0.998097 0.650960
vertex 0.480866 1.000000 0.653806
vertex 0.490245 1.000000 0.650960
endloop
endfacet
facet normal -0.990434 -0.097513 0.097631
outer loop
vertex 0.450960 0.990245 0.700000
vertex 0.451903 0.990433 0.709754
vertex 0.450961 1.000000 0.709754
endloop
endfacet
facet normal -0.990442 -0.097478 0.097583
outer loop
vertex 0.450960 0.990245 0.700000
vertex 0.450961 1.000000 0.709754
vertex 0.450000 1.000000 0.700000
endloop
endfacet
facet normal -0.098021 -0.009685 0.995137
outer loop
vertex 0.490433 0.998097 0.749039
vertex 0.500000 1.000000 0.750000
vertex 0.490245 1.000000 0.749039
endloop
endfacet
facet normal -0.097921 -0.009672 -0.995147
outer loop
vertex 0.500000 1.000000 0.650000
vertex 0.490433 0.998097 0.650960
vertex 0.490245 1.000000 0.650960
endloop
endfacet
facet normal -0.633200 0.062330 -0.771475
outer loop
vertex 0.472221 1.000000 0.658427
vertex 0.464645 1.000000 0.664645
vertex 0.465324 1.006898 0.664645
endloop
endfacet
facet normal -0.633139 0.062387 -0.771520
outer loop
vertex 0.472221 1.000000 0.658427
vertex 0.465324 1.006898 0.664645
vertex 0.472755 1.005419 0.658427
endloop
endfacet
facet normal -0.878582 0.086559 0.469682
outer loop
vertex 0.453806 1.000000 0.719134
vertex 0.458427 1.000000 0.727778
vertex 0.459226 1.008110 0.727778
endloop
endfacet
facet normal -0.878556 0.086465 0.469748
outer loop
vertex 0.453806 1.000000 0.719134
vertex 0.459226 1.008110 0.727778
vertex 0.454693 1.009012 0.719134
endloop
endfacet
facet normal -0.470908 0.046403 -0.880961
outer loop
vertex 0.480866 1.000000 0.653806
vertex 0.472221 1.000000 0.658427
vertex 0.472755 1.005419 0.658427
endloop
endfacet
facet normal -0.470901 0.046423 -0.880964
outer loop
vertex 0.480866 1.000000 0.653806
vertex 0.472755 1.005419 0.658427
vertex 0.481234 1.003733 0.653806
endloop
endfacet
facet normal -0.952735 0.093765 0.288970
outer loop
vertex 0.450961 1.000000 0.709754
vertex 0.453806 1.000000 0.719134
vertex 0.454693 1.009012 0.719134
endloop
endfacet
facet normal -0.952743 0.093804 0.288933
outer loop
vertex 0.450961 1.000000 0.709754
vertex 0.454693 1.009012 0.719134
vertex 0.451903 1.009567 0.709754
endloop
endfacet
facet normal -0.290241 0.028618 -0.956525
outer loop
vertex 0.490245 1.000000 0.650960
vertex 0.480866 1.000000 0.653806
vertex 0.481234 1.003733 0.653806
endloop
endfacet
facet normal -0.290248 0.028672 -0.956522
outer loop
vertex 0.490245 1.000000 0.650960
vertex 0.481234 1.003733 0.653806
vertex 0.490433 1.001903 0.650960
endloop
endfacet
facet normal -0.990438 0.097523 0.097582
outer loop
vertex 0.450000 1.000000 0.700000
vertex 0.450961 1.000000 0.709754
vertex 0.451903 1.009567 0.709754
endloop
endfacet
facet normal -0.990439 0.097575 0.097523
outer loop
vertex 0.450000 1.000000 0.700000
vertex 0.451903 1.009567 0.709754
vertex 0.450961 1.009754 0.700000
endloop
endfacet
facet normal -0.098033 0.009685 0.995136
outer loop
vertex 0.490245 1.000000 0.749039
vertex 0.500000 1.000000 0.750000
vertex 0.490433 1.001903 0.749039
endloop
endfacet
facet normal -0.097921 0.009672 -0.995147
outer loop
vertex 0.500000 1.000000 0.650000
vertex 0.490245 1.000000 0.650960
vertex 0.490433 1.001903 0.650960
endloop
endfacet
facet normal -0.990433 0.097583 -0.097572
outer loop
vertex 0.450961 1.000000 0.690245
vertex 0.450000 1.000000 0.700000
vertex 0.450961 1.009754 0.700000
endloop
endfacet
facet normal -0.990445 0.097524 -0.097510
outer loop
vertex 0.450961 1.000000 0.690245
vertex 0.450961 1.009754 0.700000
vertex 0.451903 1.009567 0.690245
endloop
endfacet
facet normal -0.290147 0.028660 0.956553
outer loop
vertex 0.480866 1.000000 0.746194
vertex 0.490245 1.000000 0.749039
vertex 0.490433 1.001903 0.749039
endloop
endfacet
facet normal -0.290160 0.028612 0.956550
outer loop
vertex 0.480866 1.000000 0.746194
vertex 0.490433 1.001903 0.749039
vertex 0.481234 1.003733 0.746194
endloop
endfacet
facet normal -0.952724 0.093802 -0.288994
outer loop
vertex 0.453806 1.000000 0.680866
vertex 0.450961 1.000000 0.690245
vertex 0.451903 1.009567 0.690245
endloop
endfacet
facet normal -0.952735 0.093767 -0.288971
outer loop
vertex 0.453806 1.000000 0.680866
vertex 0.451903 1.009567 0.690245
vertex 0.454693 1.009012 0.680866
endloop
endfacet
facet normal -0.470893 0.046412 0.880969
outer loop
vertex 0.472221 1.000000 0.741573
vertex 0.480866 1.000000 0.746194
vertex 0.481234 1.003733 0.746194
endloop
endfacet
facet normal -0.470881 0.046409 0.880975
outer loop
vertex 0.472221 1.000000 0.741573
vertex 0.481234 1.003733 0.746194
vertex 0.472755 1.005419 0.741573
endloop
endfacet
facet normal -0.878614 0.086480 -0.469638
outer loop
vertex 0.458427 1.000000 0.672221
vertex 0.453806 1.000000 0.680866
vertex 0.454693 1.009012 0.680866
endloop
endfacet
facet normal -0.878565 0.086549 -0.469716
outer loop
vertex 0.458427 1.000000 0.672221
vertex 0.454693 1.009012 0.680866
vertex 0.459226 1.008110 0.672221
endloop
endfacet
facet normal -0.633118 0.062395 0.771537
outer loop
vertex 0.464645 1.000000 0.735356
vertex 0.472221 1.000000 0.741573
vertex 0.472755 1.005419 0.741573
endloop
endfacet
facet normal -0.633109 0.062318 0.771550
outer loop
vertex 0.464645 1.000000 0.735356
vertex 0.472755 1.005419 0.741573
vertex 0.465324 1.006898 0.735356
endloop
endfacet
facet normal -0.770750 0.075939 -0.632596
outer loop
vertex 0.464645 1.000000 0.664645
vertex 0.458427 1.000000 0.672221
vertex 0.459226 1.008110 0.672221
endloop
endfacet
facet normal -0.770791 0.075874 -0.632554
outer loop
vertex 0.464645 1.000000 0.664645
vertex 0.459226 1.008110 0.672221
vertex 0.465324 1.006898 0.664645
endloop
endfacet
facet normal -0.770839 0.075879 0.632495
outer loop
vertex 0.458427 1.000000 0.727778
vertex 0.464645 1.000000 0.735356
vertex 0.465324 1.006898 0.735356
endloop
endfacet
facet normal -0.770861 0.075953 0.632460
outer loop
vertex 0.458427 1.000000 0.727778
vertex 0.465324 1.006898 0.735356
vertex 0.459226 1.008110 0.727778
endloop
endfacet
facet normal -0.916129 0.277858 -0.288968
outer loop
vertex 0.454693 1.009012 0.680866
vertex 0.451903 1.009567 0.690245
vertex 0.454693 1.018766 0.690245
endloop
endfacet
facet normal -0.916019 0.278033 -0.289150
outer loop
vertex 0.454693 1.009012 0.680866
vertex 0.454693 1.018766 0.690245
vertex 0.457323 1.017677 0.680866
endloop
endfacet
facet normal -0.452836 0.137274 0.880963
outer loop
vertex 0.472755 1.005419 0.741573
vertex 0.481234 1.003733 0.746194
vertex 0.482322 1.007322 0.746194
endloop
endfacet
facet normal -0.452838 0.137384 0.880945
outer loop
vertex 0.472755 1.005419 0.741573
vertex 0.482322 1.007322 0.746194
vertex 0.474336 1.010630 0.741573
endloop
endfacet
facet normal -0.844768 0.256411 -0.469703
outer loop
vertex 0.459226 1.008110 0.672221
vertex 0.454693 1.009012 0.680866
vertex 0.457323 1.017677 0.680866
endloop
endfacet
facet normal -0.844918 0.256220 -0.469537
outer loop
vertex 0.459226 1.008110 0.672221
vertex 0.457323 1.017677 0.680866
vertex 0.461591 1.015909 0.672221
endloop
endfacet
facet normal -0.608740 0.184690 0.771573
outer loop
vertex 0.465324 1.006898 0.735356
vertex 0.472755 1.005419 0.741573
vertex 0.474336 1.010630 0.741573
endloop
endfacet
facet normal -0.608768 0.184683 0.771553
outer loop
vertex 0.465324 1.006898 0.735356
vertex 0.474336 1.010630 0.741573
vertex 0.467336 1.013530 0.735356
endloop
endfacet
facet normal -0.741185 0.224764 -0.632555
outer loop
vertex 0.465324 1.006898 0.664645
vertex 0.459226 1.008110 0.672221
vertex 0.461591 1.015909 0.672221
endloop
endfacet
facet normal -0.741127 0.224830 -0.632599
outer loop
vertex 0.465324 1.006898 0.664645
vertex 0.461591 1.015909 0.672221
vertex 0.467336 1.013530 0.664645
endloop
endfacet
facet normal -0.741244 0.224870 0.632449
outer loop
vertex 0.459226 1.008110 0.727778
vertex 0.465324 1.006898 0.735356
vertex 0.467336 1.013530 0.735356
endloop
endfacet
facet normal -0.741225 0.224776 0.632505
outer loop
vertex 0.459226 1.008110 0.727778
vertex 0.467336 1.013530 0.735356
vertex 0.461591 1.015909 0.727778
endloop
endfacet
facet normal -0.608826 0.184703 -0.771502
outer loop
vertex 0.472755 1.005419 0.658427
vertex 0.465324 1.006898 0.664645
vertex 0.467336 1.013530 0.664645
endloop
endfacet
facet normal -0.608795 0.184709 -0.771525
outer loop
vertex 0.472755 1.005419 0.658427
vertex 0.467336 1.013530 0.664645
vertex 0.474336 1.010630 0.658427
endloop
endfacet
facet normal -0.844805 0.256178 0.469763
outer loop
vertex 0.454693 1.009012 0.719134
vertex 0.459226 1.008110 0.727778
vertex 0.461591 1.015909 0.727778
endloop
endfacet
facet normal -0.844832 0.256428 0.469578
outer loop
vertex 0.454693 1.009012 0.719134
vertex 0.461591 1.015909 0.727778
vertex 0.457323 1.017677 0.719134
endloop
endfacet
facet normal -0.452823 0.137380 -0.880953
outer loop
vertex 0.481234 1.003733 0.653806
vertex 0.472755 1.005419 0.658427
vertex 0.474336 1.010630 0.658427
endloop
endfacet
facet normal -0.452879 0.137291 -0.880938
outer loop
vertex 0.481234 1.003733 0.653806
vertex 0.474336 1.010630 0.658427
vertex 0.482322 1.007322 0.653806
endloop
endfacet
facet normal -0.916078 0.278061 0.288935
outer loop
vertex 0.451903 1.009567 0.709754
vertex 0.454693 1.009012 0.719134
vertex 0.457323 1.017677 0.719134
endloop
endfacet
facet normal -0.916090 0.277842 0.289109
outer loop
vertex 0.451903 1.009567 0.709754
vertex 0.457323 1.017677 0.719134
vertex 0.454693 1.018766 0.709754
endloop
endfacet
facet normal -0.279104 0.084599 -0.956527
outer loop
vertex 0.490433 1.001903 0.650960
vertex 0.481234 1.003733 0.653806
vertex 0.482322 1.007322 0.653806
endloop
endfacet
facet normal -0.279060 0.084644 -0.956536
outer loop
vertex 0.490433 1.001903 0.650960
vertex 0.482322 1.007322 0.653806
vertex 0.490988 1.003733 0.650960
endloop
endfacet
facet normal -0.952393 0.288856 0.097516
outer loop
vertex 0.450961 1.009754 0.700000
vertex 0.451903 1.009567 0.709754
vertex 0.454693 1.018766 0.709754
endloop
endfacet
facet normal -0.952391 0.288868 0.097506
outer loop
vertex 0.450961 1.009754 0.700000
vertex 0.454693 1.018766 0.709754
vertex 0.453806 1.019134 0.700000
endloop
endfacet
facet normal -0.094271 0.028595 0.995136
outer loop
vertex 0.490433 1.001903 0.749039
vertex 0.500000 1.000000 0.750000
vertex 0.490988 1.003733 0.749039
endloop
endfacet
facet normal -0.094194 0.028567 -0.995144
outer loop
vertex 0.500000 1.000000 0.650000
vertex 0.490433 1.001903 0.650960
vertex 0.490988 1.003733 0.650960
endloop
endfacet
facet normal -0.952392 0.288865 -0.097502
outer loop
vertex 0.451903 1.009567 0.690245
vertex 0.450961 1.009754 0.700000
vertex 0.453806 1.019134 0.700000
endloop
endfacet
facet normal -0.952396 0.288855 -0.097495
outer loop
vertex 0.451903 1.009567 0.690245
vertex 0.453806 1.019134 0.700000
vertex 0.454693 1.018766 0.690245
endloop
endfacet
facet normal -0.278999 0.084598 0.956558
outer loop
vertex 0.481234 1.003733 0.746194
vertex 0.490433 1.001903 0.749039
vertex 0.490988 1.003733 0.749039
endloop
endfacet
facet normal -0.279016 0.084584 0.956554
outer loop
vertex 0.481234 1.003733 0.746194
vertex 0.490988 1.003733 0.749039
vertex 0.482322 1.007322 0.746194
endloop
endfacet
facet normal -0.417349 0.223052 -0.880947
outer loop
vertex 0.482322 1.007322 0.653806
vertex 0.474336 1.010630 0.658427
vertex 0.476903 1.015433 0.658427
endloop
endfacet
facet normal -0.417259 0.223146 -0.880966
outer loop
vertex 0.482322 1.007322 0.653806
vertex 0.476903 1.015433 0.658427
vertex 0.484091 1.010630 0.653806
endloop
endfacet
facet normal -0.844314 0.451173 0.289096
outer loop
vertex 0.454693 1.018766 0.709754
vertex 0.457323 1.017677 0.719134
vertex 0.461591 1.025664 0.719134
endloop
endfacet
facet normal -0.844267 0.451358 0.288945
outer loop
vertex 0.454693 1.018766 0.709754
vertex 0.461591 1.025664 0.719134
vertex 0.459226 1.027245 0.709754
endloop
endfacet
facet normal -0.257170 0.137528 -0.956530
outer loop
vertex 0.490988 1.003733 0.650960
vertex 0.482322 1.007322 0.653806
vertex 0.484091 1.010630 0.653806
endloop
endfacet
facet normal -0.257124 0.137557 -0.956538
outer loop
vertex 0.490988 1.003733 0.650960
vertex 0.484091 1.010630 0.653806
vertex 0.491890 1.005419 0.650960
endloop
endfacet
facet normal -0.877680 0.469221 0.097519
outer loop
vertex 0.453806 1.019134 0.700000
vertex 0.454693 1.018766 0.709754
vertex 0.459226 1.027245 0.709754
endloop
endfacet
facet normal -0.877689 0.469198 0.097546
outer loop
vertex 0.453806 1.019134 0.700000
vertex 0.459226 1.027245 0.709754
vertex 0.458427 1.027778 0.700000
endloop
endfacet
facet normal -0.086881 0.046471 0.995134
outer loop
vertex 0.490988 1.003733 0.749039
vertex 0.500000 1.000000 0.750000
vertex 0.491890 1.005419 0.749039
endloop
endfacet
facet normal -0.086757 0.046428 -0.995147
outer loop
vertex 0.500000 1.000000 0.650000
vertex 0.490988 1.003733 0.650960
vertex 0.491890 1.005419 0.650960
endloop
endfacet
facet normal -0.877691 0.469202 -0.097510
outer loop
vertex 0.454693 1.018766 0.690245
vertex 0.453806 1.019134 0.700000
vertex 0.458427 1.027778 0.700000
endloop
endfacet
facet normal -0.877681 0.469217 -0.097529
outer loop
vertex 0.454693 1.018766 0.690245
vertex 0.458427 1.027778 0.700000
vertex 0.459226 1.027245 0.690245
endloop
endfacet
facet normal -0.257069 0.137537 0.956556
outer loop
vertex 0.482322 1.007322 0.746194
vertex 0.490988 1.003733 0.749039
vertex 0.491890 1.005419 0.749039
endloop
endfacet
facet normal -0.257076 0.137474 0.956563
outer loop
vertex 0.482322 1.007322 0.746194
vertex 0.491890 1.005419 0.749039
vertex 0.484091 1.010630 0.746194
endloop
endfacet
facet normal -0.844223 0.451321 -0.289132
outer loop
vertex 0.457323 1.017677 0.680866
vertex 0.454693 1.018766 0.690245
vertex 0.459226 1.027245 0.690245
endloop
endfacet
facet normal -0.844345 0.451197 -0.288967
outer loop
vertex 0.457323 1.017677 0.680866
vertex 0.459226 1.027245 0.690245
vertex 0.461591 1.025664 0.680866
endloop
endfacet
facet normal -0.417278 0.223156 0.880954
outer loop
vertex 0.474336 1.010630 0.741573
vertex 0.482322 1.007322 0.746194
vertex 0.484091 1.010630 0.746194
endloop
endfacet
facet normal -0.417330 0.223037 0.880960
outer loop
vertex 0.474336 1.010630 0.741573
vertex 0.484091 1.010630 0.746194
vertex 0.476903 1.015433 0.741573
endloop
endfacet
facet normal -0.778698 0.416112 -0.469553
outer loop
vertex 0.461591 1.015909 0.672221
vertex 0.457323 1.017677 0.680866
vertex 0.461591 1.025664 0.680866
endloop
endfacet
facet normal -0.778629 0.416182 -0.469605
outer loop
vertex 0.461591 1.015909 0.672221
vertex 0.461591 1.025664 0.680866
vertex 0.465433 1.023097 0.672221
endloop
endfacet
facet normal -0.561040 0.299851 0.771572
outer loop
vertex 0.467336 1.013530 0.735356
vertex 0.474336 1.010630 0.741573
vertex 0.476903 1.015433 0.741573
endloop
endfacet
facet normal -0.561035 0.299882 0.771564
outer loop
vertex 0.467336 1.013530 0.735356
vertex 0.476903 1.015433 0.741573
vertex 0.470603 1.019642 0.735356
endloop
endfacet
facet normal -0.683036 0.365079 -0.632597
outer loop
vertex 0.467336 1.013530 0.664645
vertex 0.461591 1.015909 0.672221
vertex 0.465433 1.023097 0.672221
endloop
endfacet
facet normal -0.683024 0.365097 -0.632600
outer loop
vertex 0.467336 1.013530 0.664645
vertex 0.465433 1.023097 0.672221
vertex 0.470603 1.019642 0.664645
endloop
endfacet
facet normal -0.683090 0.365129 0.632510
outer loop
vertex 0.461591 1.015909 0.727778
vertex 0.467336 1.013530 0.735356
vertex 0.470603 1.019642 0.735356
endloop
endfacet
facet normal -0.683115 0.365118 0.632490
outer loop
vertex 0.461591 1.015909 0.727778
vertex 0.470603 1.019642 0.735356
vertex 0.465433 1.023097 0.727778
endloop
endfacet
facet normal -0.561087 0.299910 -0.771515
outer loop
vertex 0.474336 1.010630 0.658427
vertex 0.467336 1.013530 0.664645
vertex 0.470603 1.019642 0.664645
endloop
endfacet
facet normal -0.561102 0.299873 -0.771519
outer loop
vertex 0.474336 1.010630 0.658427
vertex 0.470603 1.019642 0.664645
vertex 0.476903 1.015433 0.658427
endloop
endfacet
facet normal -0.778640 0.416181 0.469588
outer loop
vertex 0.457323 1.017677 0.719134
vertex 0.461591 1.015909 0.727778
vertex 0.465433 1.023097 0.727778
endloop
endfacet
facet normal -0.778651 0.416091 0.469650
outer loop
vertex 0.457323 1.017677 0.719134
vertex 0.465433 1.023097 0.727778
vertex 0.461591 1.025664 0.719134
endloop
endfacet
facet normal -0.365812 0.300081 0.880984
outer loop
vertex 0.476903 1.015433 0.741573
vertex 0.484091 1.010630 0.746194
vertex 0.486470 1.013530 0.746194
endloop
endfacet
facet normal -0.365799 0.300185 0.880954
outer loop
vertex 0.476903 1.015433 0.741573
vertex 0.486470 1.013530 0.746194
vertex 0.480357 1.019642 0.741573
endloop
endfacet
facet normal -0.682464 0.560095 -0.469613
outer loop
vertex 0.465433 1.023097 0.672221
vertex 0.461591 1.025664 0.680866
vertex 0.467336 1.032664 0.680866
endloop
endfacet
facet normal -0.682500 0.560080 -0.469579
outer loop
vertex 0.465433 1.023097 0.672221
vertex 0.467336 1.032664 0.680866
vertex 0.470603 1.029397 0.672221
endloop
endfacet
facet normal -0.491784 0.403576 0.771541
outer loop
vertex 0.470603 1.019642 0.735356
vertex 0.476903 1.015433 0.741573
vertex 0.480357 1.019642 0.741573
endloop
endfacet
facet normal -0.491770 0.403568 0.771554
outer loop
vertex 0.470603 1.019642 0.735356
vertex 0.480357 1.019642 0.741573
vertex 0.475000 1.025000 0.735356
endloop
endfacet
facet normal -0.598674 0.491303 -0.632622
outer loop
vertex 0.470603 1.019642 0.664645
vertex 0.465433 1.023097 0.672221
vertex 0.470603 1.029397 0.672221
endloop
endfacet
facet normal -0.598682 0.491302 -0.632616
outer loop
vertex 0.470603 1.019642 0.664645
vertex 0.470603 1.029397 0.672221
vertex 0.475000 1.025000 0.664645
endloop
endfacet
facet normal -0.598742 0.491360 0.632513
outer loop
vertex 0.465433 1.023097 0.727778
vertex 0.470603 1.019642 0.735356
vertex 0.475000 1.025000 0.735356
endloop
endfacet
facet normal -0.598743 0.491355 0.632516
outer loop
vertex 0.465433 1.023097 0.727778
vertex 0.475000 1.025000 0.735356
vertex 0.470603 1.029397 0.727778
endloop
endfacet
facet normal -0.491829 0.403612 -0.771493
outer loop
vertex 0.476903 1.015433 0.658427
vertex 0.470603 1.019642 0.664645
vertex 0.475000 1.025000 0.664645
endloop
endfacet
facet normal -0.491815 0.403605 -0.771506
outer loop
vertex 0.476903 1.015433 0.658427
vertex 0.475000 1.025000 0.664645
vertex 0.480357 1.019642 0.658427
endloop
endfacet
facet normal -0.682476 0.560064 0.469632
outer loop
vertex 0.461591 1.025664 0.719134
vertex 0.465433 1.023097 0.727778
vertex 0.470603 1.029397 0.727778
endloop
endfacet
facet normal -0.682449 0.560083 0.469649
outer loop
vertex 0.461591 1.025664 0.719134
vertex 0.470603 1.029397 0.727778
vertex 0.467336 1.032664 0.719134
endloop
endfacet
facet normal -0.365774 0.300156 -0.880974
outer loop
vertex 0.484091 1.010630 0.653806
vertex 0.476903 1.015433 0.658427
vertex 0.480357 1.019642 0.658427
endloop
endfacet
facet normal -0.365850 0.300137 -0.880949
outer loop
vertex 0.484091 1.010630 0.653806
vertex 0.480357 1.019642 0.658427
vertex 0.486470 1.013530 0.653806
endloop
endfacet
facet normal -0.740022 0.607349 0.288953
outer loop
vertex 0.459226 1.027245 0.709754
vertex 0.461591 1.025664 0.719134
vertex 0.467336 1.032664 0.719134
endloop
endfacet
facet normal -0.740051 0.607288 0.289010
outer loop
vertex 0.459226 1.027245 0.709754
vertex 0.467336 1.032664 0.719134
vertex 0.465324 1.034676 0.709754
endloop
endfacet
facet normal -0.225476 0.184966 -0.956529
outer loop
vertex 0.491890 1.005419 0.650960
vertex 0.484091 1.010630 0.653806
vertex 0.486470 1.013530 0.653806
endloop
endfacet
facet normal -0.225475 0.184948 -0.956533
outer loop
vertex 0.491890 1.005419 0.650960
vertex 0.486470 1.013530 0.653806
vertex 0.493103 1.006898 0.650960
endloop
endfacet
facet normal -0.769349 0.631340 0.097529
outer loop
vertex 0.458427 1.027778 0.700000
vertex 0.459226 1.027245 0.709754
vertex 0.465324 1.034676 0.709754
endloop
endfacet
facet normal -0.769380 0.631296 0.097567
outer loop
vertex 0.458427 1.027778 0.700000
vertex 0.465324 1.034676 0.709754
vertex 0.464645 1.035356 0.700000
endloop
endfacet
facet normal -0.076169 0.062471 0.995136
outer loop
vertex 0.491890 1.005419 0.749039
vertex 0.500000 1.000000 0.750000
vertex 0.493103 1.006898 0.749039
endloop
endfacet
facet normal -0.076082 0.062409 -0.995147
outer loop
vertex 0.500000 1.000000 0.650000
vertex 0.491890 1.005419 0.650960
vertex 0.493103 1.006898 0.650960
endloop
endfacet
facet normal -0.769381 0.631304 -0.097511
outer loop
vertex 0.459226 1.027245 0.690245
vertex 0.458427 1.027778 0.700000
vertex 0.464645 1.035356 0.700000
endloop
endfacet
facet normal -0.769347 0.631338 -0.097554
outer loop
vertex 0.459226 1.027245 0.690245
vertex 0.464645 1.035356 0.700000
vertex 0.465324 1.034676 0.690245
endloop
endfacet
facet normal -0.225397 0.184875 0.956565
outer loop
vertex 0.484091 1.010630 0.746194
vertex 0.491890 1.005419 0.749039
vertex 0.493103 1.006898 0.749039
endloop
endfacet
facet normal -0.225417 0.184921 0.956552
outer loop
vertex 0.484091 1.010630 0.746194
vertex 0.493103 1.006898 0.749039
vertex 0.486470 1.013530 0.746194
endloop
endfacet
facet normal -0.740048 0.607297 -0.288998
outer loop
vertex 0.461591 1.025664 0.680866
vertex 0.459226 1.027245 0.690245
vertex 0.465324 1.034676 0.690245
endloop
endfacet
facet normal -0.740012 0.607325 -0.289029
outer loop
vertex 0.461591 1.025664 0.680866
vertex 0.465324 1.034676 0.690245
vertex 0.467336 1.032664 0.680866
endloop
endfacet
facet normal -0.607335 0.740018 0.288994
outer loop
vertex 0.465324 1.034676 0.709754
vertex 0.467336 1.032664 0.719134
vertex 0.474336 1.038409 0.719134
endloop
endfacet
facet normal -0.607262 0.740118 0.288892
outer loop
vertex 0.465324 1.034676 0.709754
vertex 0.474336 1.038409 0.719134
vertex 0.472756 1.040774 0.709754
endloop
endfacet
facet normal -0.185010 0.225447 -0.956528
outer loop
vertex 0.493103 1.006898 0.650960
vertex 0.486470 1.013530 0.653806
vertex 0.489369 1.015909 0.653806
endloop
endfacet
facet normal -0.184908 0.225470 -0.956542
outer loop
vertex 0.493103 1.006898 0.650960
vertex 0.489369 1.015909 0.653806
vertex 0.494581 1.008110 0.650960
endloop
endfacet
facet normal -0.631283 0.769391 0.097571
outer loop
vertex 0.464645 1.035356 0.700000
vertex 0.465324 1.034676 0.709754
vertex 0.472756 1.040774 0.709754
endloop
endfacet
facet normal -0.631334 0.769336 0.097672
outer loop
vertex 0.464645 1.035356 0.700000
vertex 0.472756 1.040774 0.709754
vertex 0.472221 1.041573 0.700000
endloop
endfacet
facet normal -0.062483 0.076169 0.995135
outer loop
vertex 0.493103 1.006898 0.749039
vertex 0.500000 1.000000 0.750000
vertex 0.494581 1.008110 0.749039
endloop
endfacet
facet normal -0.062435 0.076095 -0.995144
outer loop
vertex 0.500000 1.000000 0.650000
vertex 0.493103 1.006898 0.650960
vertex 0.494581 1.008110 0.650960
endloop
endfacet
facet normal -0.631335 0.769347 -0.097573
outer loop
vertex 0.465324 1.034676 0.690245
vertex 0.464645 1.035356 0.700000
vertex 0.472221 1.041573 0.700000
endloop
endfacet
facet normal -0.631276 0.769386 -0.097652
outer loop
vertex 0.465324 1.034676 0.690245
vertex 0.472221 1.041573 0.700000
vertex 0.472756 1.040774 0.690245
endloop
endfacet
facet normal -0.184864 0.225431 0.956560
outer loop
vertex 0.486470 1.013530 0.746194
vertex 0.493103 1.006898 0.749039
vertex 0.494581 1.008110 0.749039
endloop
endfacet
facet normal -0.184955 0.225366 0.956557
outer loop
vertex 0.486470 1.013530 0.746194
vertex 0.494581 1.008110 0.749039
vertex 0.489369 1.015909 0.746194
endloop
endfacet
facet normal -0.607241 0.740090 -0.289006
outer loop
vertex 0.467336 1.032664 0.680866
vertex 0.465324 1.034676 0.690245
vertex 0.472756 1.040774 0.690245
endloop
endfacet
facet normal -0.607349 0.740031 -0.288931
outer loop
vertex 0.467336 1.032664 0.680866
vertex 0.472756 1.040774 0.690245
vertex 0.474336 1.038409 0.680866
endloop
endfacet
facet normal -0.300163 0.365795 0.880963
outer loop
vertex 0.480357 1.019642 0.741573
vertex 0.486470 1.013530 0.746194
vertex 0.489369 1.015909 0.746194
endloop
endfacet
facet normal -0.300200 0.365790 0.880953
outer loop
vertex 0.480357 1.019642 0.741573
vertex 0.489369 1.015909 0.746194
vertex 0.484567 1.023097 0.741573
endloop
endfacet
facet normal -0.560107 0.682474 -0.469585
outer loop
vertex 0.470603 1.029397 0.672221
vertex 0.467336 1.032664 0.680866
vertex 0.474336 1.038409 0.680866
endloop
endfacet
facet normal -0.560064 0.682482 -0.469623
outer loop
vertex 0.470603 1.029397 0.672221
vertex 0.474336 1.038409 0.680866
vertex 0.476903 1.034567 0.672221
endloop
endfacet
facet normal -0.403569 0.491750 0.771566
outer loop
vertex 0.475000 1.025000 0.735356
vertex 0.480357 1.019642 0.741573
vertex 0.484567 1.023097 0.741573
endloop
endfacet
facet normal -0.403590 0.491707 0.771582
outer loop
vertex 0.475000 1.025000 0.735356
vertex 0.484567 1.023097 0.741573
vertex 0.480357 1.029397 0.735356
endloop
endfacet
facet normal -0.491306 0.598688 -0.632607
outer loop
vertex 0.475000 1.025000 0.664645
vertex 0.470603 1.029397 0.672221
vertex 0.476903 1.034567 0.672221
endloop
endfacet
facet normal -0.491386 0.598673 -0.632559
outer loop
vertex 0.475000 1.025000 0.664645
vertex 0.476903 1.034567 0.672221
vertex 0.480357 1.029397 0.664645
endloop
endfacet
facet normal -0.491420 0.598699 0.632508
outer loop
vertex 0.470603 1.029397 0.727778
vertex 0.475000 1.025000 0.735356
vertex 0.480357 1.029397 0.735356
endloop
endfacet
facet normal -0.491377 0.598781 0.632463
outer loop
vertex 0.470603 1.029397 0.727778
vertex 0.480357 1.029397 0.735356
vertex 0.476903 1.034567 0.727778
endloop
endfacet
facet normal -0.403644 0.491772 -0.771513
outer loop
vertex 0.480357 1.019642 0.658427
vertex 0.475000 1.025000 0.664645
vertex 0.480357 1.029397 0.664645
endloop
endfacet
facet normal -0.403594 0.491782 -0.771532
outer loop
vertex 0.480357 1.019642 0.658427
vertex 0.480357 1.029397 0.664645
vertex 0.484567 1.023097 0.658427
endloop
endfacet
facet normal -0.560060 0.682483 0.469628
outer loop
vertex 0.467336 1.032664 0.719134
vertex 0.470603 1.029397 0.727778
vertex 0.476903 1.034567 0.727778
endloop
endfacet
facet normal -0.560084 0.682441 0.469659
outer loop
vertex 0.467336 1.032664 0.719134
vertex 0.476903 1.034567 0.727778
vertex 0.474336 1.038409 0.719134
endloop
endfacet
facet normal -0.300211 0.365810 -0.880941
outer loop
vertex 0.486470 1.013530 0.653806
vertex 0.480357 1.019642 0.658427
vertex 0.484567 1.023097 0.658427
endloop
endfacet
facet normal -0.300188 0.365788 -0.880958
outer loop
vertex 0.486470 1.013530 0.653806
vertex 0.484567 1.023097 0.658427
vertex 0.489369 1.015909 0.653806
endloop
endfacet
facet normal -0.416137 0.778652 -0.469607
outer loop
vertex 0.476903 1.034567 0.672221
vertex 0.474336 1.038409 0.680866
vertex 0.482322 1.042677 0.680866
endloop
endfacet
facet normal -0.416184 0.778652 -0.469565
outer loop
vertex 0.476903 1.034567 0.672221
vertex 0.482322 1.042677 0.680866
vertex 0.484091 1.038409 0.672221
endloop
endfacet
facet normal -0.299893 0.561019 0.771571
outer loop
vertex 0.480357 1.029397 0.735356
vertex 0.484567 1.023097 0.741573
vertex 0.489369 1.025664 0.741573
endloop
endfacet
facet normal -0.299834 0.561054 0.771569
outer loop
vertex 0.480357 1.029397 0.735356
vertex 0.489369 1.025664 0.741573
vertex 0.486470 1.032664 0.735356
endloop
endfacet
facet normal -0.365092 0.683042 -0.632583
outer loop
vertex 0.480357 1.029397 0.664645
vertex 0.476903 1.034567 0.672221
vertex 0.484091 1.038409 0.672221
endloop
endfacet
facet normal -0.365051 0.683050 -0.632598
outer loop
vertex 0.480357 1.029397 0.664645
vertex 0.484091 1.038409 0.672221
vertex 0.486470 1.032664 0.664645
endloop
endfacet
facet normal -0.365097 0.683122 0.632493
outer loop
vertex 0.476903 1.034567 0.727778
vertex 0.480357 1.029397 0.735356
vertex 0.486470 1.032664 0.735356
endloop
endfacet
facet normal -0.365130 0.683114 0.632483
outer loop
vertex 0.476903 1.034567 0.727778
vertex 0.486470 1.032664 0.735356
vertex 0.484091 1.038409 0.727778
endloop
endfacet
facet normal -0.299866 0.561100 -0.771523
outer loop
vertex 0.484567 1.023097 0.658427
vertex 0.480357 1.029397 0.664645
vertex 0.486470 1.032664 0.664645
endloop
endfacet
facet normal -0.299926 0.561079 -0.771515
outer loop
vertex 0.484567 1.023097 0.658427
vertex 0.486470 1.032664 0.664645
vertex 0.489369 1.025664 0.658427
endloop
endfacet
facet normal -0.416170 0.778608 0.469651
outer loop
vertex 0.474336 1.038409 0.719134
vertex 0.476903 1.034567 0.727778
vertex 0.484091 1.038409 0.727778
endloop
endfacet
facet normal -0.416126 0.778656 0.469610
outer loop
vertex 0.474336 1.038409 0.719134
vertex 0.484091 1.038409 0.727778
vertex 0.482322 1.042677 0.719134
endloop
endfacet
facet normal -0.223079 0.417329 -0.880950
outer loop
vertex 0.489369 1.015909 0.653806
vertex 0.484567 1.023097 0.658427
vertex 0.489369 1.025664 0.658427
endloop
endfacet
facet normal -0.223054 0.417313 -0.880964
outer loop
vertex 0.489369 1.015909 0.653806
vertex 0.489369 1.025664 0.658427
vertex 0.492677 1.017677 0.653806
endloop
endfacet
facet normal -0.451246 0.844345 0.288891
outer loop
vertex 0.472756 1.040774 0.709754
vertex 0.474336 1.038409 0.719134
vertex 0.482322 1.042677 0.719134
endloop
endfacet
facet normal -0.451372 0.844216 0.289072
outer loop
vertex 0.472756 1.040774 0.709754
vertex 0.482322 1.042677 0.719134
vertex 0.481234 1.045307 0.709754
endloop
endfacet
facet normal -0.137465 0.257197 -0.956532
outer loop
vertex 0.494581 1.008110 0.650960
vertex 0.489369 1.015909 0.653806
vertex 0.492677 1.017677 0.653806
endloop
endfacet
facet normal -0.137563 0.257157 -0.956528
outer loop
vertex 0.494581 1.008110 0.650960
vertex 0.492677 1.017677 0.653806
vertex 0.496267 1.009012 0.650960
endloop
endfacet
facet normal -0.469254 0.877649 0.097637
outer loop
vertex 0.472221 1.041573 0.700000
vertex 0.472756 1.040774 0.709754
vertex 0.481234 1.045307 0.709754
endloop
endfacet
facet normal -0.469165 0.877709 0.097525
outer loop
vertex 0.472221 1.041573 0.700000
vertex 0.481234 1.045307 0.709754
vertex 0.480866 1.046194 0.700000
endloop
endfacet
facet normal -0.046438 0.086864 0.995137
outer loop
vertex 0.494581 1.008110 0.749039
vertex 0.500000 1.000000 0.750000
vertex 0.496267 1.009012 0.749039
endloop
endfacet
facet normal -0.046425 0.086778 -0.995145
outer loop
vertex 0.500000 1.000000 0.650000
vertex 0.494581 1.008110 0.650960
vertex 0.496267 1.009012 0.650960
endloop
endfacet
facet normal -0.469156 0.877702 -0.097627
outer loop
vertex 0.472756 1.040774 0.690245
vertex 0.472221 1.041573 0.700000
vertex 0.480866 1.046194 0.700000
endloop
endfacet
facet normal -0.469260 0.877659 -0.097511
outer loop
vertex 0.472756 1.040774 0.690245
vertex 0.480866 1.046194 0.700000
vertex 0.481234 1.045307 0.690245
endloop
endfacet
facet normal -0.137482 0.257059 0.956566
outer loop
vertex 0.489369 1.015909 0.746194
vertex 0.494581 1.008110 0.749039
vertex 0.496267 1.009012 0.749039
endloop
endfacet
facet normal -0.137427 0.257125 0.956556
outer loop
vertex 0.489369 1.015909 0.746194
vertex 0.496267 1.009012 0.749039
vertex 0.492677 1.017677 0.746194
endloop
endfacet
facet normal -0.451398 0.844248 -0.288938
outer loop
vertex 0.474336 1.038409 0.680866
vertex 0.472756 1.040774 0.690245
vertex 0.481234 1.045307 0.690245
endloop
endfacet
facet normal -0.451202 0.844297 -0.289100
outer loop
vertex 0.474336 1.038409 0.680866
vertex 0.481234 1.045307 0.690245
vertex 0.482322 1.042677 0.680866
endloop
endfacet
facet normal -0.223046 0.417324 0.880960
outer loop
vertex 0.484567 1.023097 0.741573
vertex 0.489369 1.015909 0.746194
vertex 0.492677 1.017677 0.746194
endloop
endfacet
facet normal -0.223069 0.417309 0.880962
outer loop
vertex 0.484567 1.023097 0.741573
vertex 0.492677 1.017677 0.746194
vertex 0.489369 1.025664 0.741573
endloop
endfacet
facet normal -0.084644 0.279095 -0.956526
outer loop
vertex 0.496267 1.009012 0.650960
vertex 0.492677 1.017677 0.653806
vertex 0.496267 1.018766 0.653806
endloop
endfacet
facet normal -0.084643 0.279106 -0.956522
outer loop
vertex 0.496267 1.009012 0.650960
vertex 0.496267 1.018766 0.653806
vertex 0.498097 1.009567 0.650960
endloop
endfacet
facet normal -0.288866 0.952387 0.097549
outer loop
vertex 0.480866 1.046194 0.700000
vertex 0.481234 1.045307 0.709754
vertex 0.490433 1.048097 0.709754
endloop
endfacet
facet normal -0.288884 0.952385 0.097513
outer loop
vertex 0.480866 1.046194 0.700000
vertex 0.490433 1.048097 0.709754
vertex 0.490245 1.049039 0.700000
endloop
endfacet
facet normal -0.028557 0.094269 0.995137
outer loop
vertex 0.496267 1.009012 0.749039
vertex 0.500000 1.000000 0.750000
vertex 0.498097 1.009567 0.749039
endloop
endfacet
facet normal -0.028538 0.094176 -0.995146
outer loop
vertex 0.500000 1.000000 0.650000
vertex 0.496267 1.009012 0.650960
vertex 0.498097 1.009567 0.650960
endloop
endfacet
facet normal -0.288889 0.952386 -0.097489
outer loop
vertex 0.481234 1.045307 0.690245
vertex 0.480866 1.046194 0.700000
vertex 0.490245 1.049039 0.700000
endloop
endfacet
facet normal -0.288864 0.952387 -0.097554
outer loop
vertex 0.481234 1.045307 0.690245
vertex 0.490245 1.049039 0.700000
vertex 0.490433 1.048097 0.690245
endloop
endfacet
facet normal -0.084623 0.279015 0.956551
outer loop
vertex 0.492677 1.017677 0.746194
vertex 0.496267 1.009012 0.749039
vertex 0.498097 1.009567 0.749039
endloop
endfacet
facet normal -0.084643 0.279013 0.956550
outer loop
vertex 0.492677 1.017677 0.746194
vertex 0.498097 1.009567 0.749039
vertex 0.496267 1.018766 0.746194
endloop
endfacet
facet normal -0.277855 0.916086 -0.289108
outer loop
vertex 0.482322 1.042677 0.680866
vertex 0.481234 1.045307 0.690245
vertex 0.490433 1.048097 0.690245
endloop
endfacet
facet normal -0.278017 0.916078 -0.288978
outer loop
vertex 0.482322 1.042677 0.680866
vertex 0.490433 1.048097 0.690245
vertex 0.490988 1.045307 0.680866
endloop
endfacet
facet normal -0.137336 0.452817 0.880963
outer loop
vertex 0.489369 1.025664 0.741573
vertex 0.492677 1.017677 0.746194
vertex 0.496267 1.018766 0.746194
endloop
endfacet
facet normal -0.137360 0.452796 0.880970
outer loop
vertex 0.489369 1.025664 0.741573
vertex 0.496267 1.018766 0.746194
vertex 0.494581 1.027245 0.741573
endloop
endfacet
facet normal -0.256401 0.844854 -0.469553
outer loop
vertex 0.484091 1.038409 0.672221
vertex 0.482322 1.042677 0.680866
vertex 0.490988 1.045307 0.680866
endloop
endfacet
facet normal -0.256190 0.844833 -0.469706
outer loop
vertex 0.484091 1.038409 0.672221
vertex 0.490988 1.045307 0.680866
vertex 0.491890 1.040774 0.672221
endloop
endfacet
facet normal -0.184675 0.608761 0.771560
outer loop
vertex 0.486470 1.032664 0.735356
vertex 0.489369 1.025664 0.741573
vertex 0.494581 1.027245 0.741573
endloop
endfacet
facet normal -0.184662 0.608775 0.771552
outer loop
vertex 0.486470 1.032664 0.735356
vertex 0.494581 1.027245 0.741573
vertex 0.493103 1.034676 0.735356
endloop
endfacet
facet normal -0.224742 0.741156 -0.632598
outer loop
vertex 0.486470 1.032664 0.664645
vertex 0.484091 1.038409 0.672221
vertex 0.491890 1.040774 0.672221
endloop
endfacet
facet normal -0.224820 0.741155 -0.632571
outer loop
vertex 0.486470 1.032664 0.664645
vertex 0.491890 1.040774 0.672221
vertex 0.493103 1.034676 0.664645
endloop
endfacet
facet normal -0.224829 0.741223 0.632487
outer loop
vertex 0.484091 1.038409 0.727778
vertex 0.486470 1.032664 0.735356
vertex 0.493103 1.034676 0.735356
endloop
endfacet
facet normal -0.224785 0.741249 0.632472
outer loop
vertex 0.484091 1.038409 0.727778
vertex 0.493103 1.034676 0.735356
vertex 0.491890 1.040774 0.727778
endloop
endfacet
facet normal -0.184689 0.608831 -0.771502
outer loop
vertex 0.489369 1.025664 0.658427
vertex 0.486470 1.032664 0.664645
vertex 0.493103 1.034676 0.664645
endloop
endfacet
facet normal -0.184671 0.608837 -0.771502
outer loop
vertex 0.489369 1.025664 0.658427
vertex 0.493103 1.034676 0.664645
vertex 0.494581 1.027245 0.658427
endloop
endfacet
facet normal -0.256210 0.844902 0.469571
outer loop
vertex 0.482322 1.042677 0.719134
vertex 0.484091 1.038409 0.727778
vertex 0.491890 1.040774 0.727778
endloop
endfacet
facet normal -0.256377 0.844747 0.469759
outer loop
vertex 0.482322 1.042677 0.719134
vertex 0.491890 1.040774 0.727778
vertex 0.490988 1.045307 0.719134
endloop
endfacet
facet normal -0.137358 0.452816 -0.880960
outer loop
vertex 0.492677 1.017677 0.653806
vertex 0.489369 1.025664 0.658427
vertex 0.494581 1.027245 0.658427
endloop
endfacet
facet normal -0.137347 0.452803 -0.880968
outer loop
vertex 0.492677 1.017677 0.653806
vertex 0.494581 1.027245 0.658427
vertex 0.496267 1.018766 0.653806
endloop
endfacet
facet normal -0.278008 0.916041 0.289104
outer loop
vertex 0.481234 1.045307 0.709754
vertex 0.482322 1.042677 0.719134
vertex 0.490988 1.045307 0.719134
endloop
endfacet
facet normal -0.277865 0.916140 0.288927
outer loop
vertex 0.481234 1.045307 0.709754
vertex 0.490988 1.045307 0.719134
vertex 0.490433 1.048097 0.709754
endloop
endfacet
facet normal -0.062266 0.633117 0.771547
outer loop
vertex 0.493103 1.034676 0.735356
vertex 0.494581 1.027245 0.741573
vertex 0.500000 1.027778 0.741573
endloop
endfacet
facet normal -0.062422 0.633031 0.771605
outer loop
vertex 0.493103 1.034676 0.735356
vertex 0.500000 1.027778 0.741573
vertex 0.500000 1.035356 0.735356
endloop
endfacet
facet normal -0.075952 0.770790 -0.632545
outer loop
vertex 0.493103 1.034676 0.664645
vertex 0.491890 1.040774 0.672221
vertex 0.500000 1.041573 0.672221
endloop
endfacet
facet normal -0.075988 0.770794 -0.632536
outer loop
vertex 0.493103 1.034676 0.664645
vertex 0.500000 1.041573 0.672221
vertex 0.500000 1.035356 0.664645
endloop
endfacet
facet normal -0.075994 0.770859 0.632456
outer loop
vertex 0.491890 1.040774 0.727778
vertex 0.493103 1.034676 0.735356
vertex 0.500000 1.035356 0.735356
endloop
endfacet
facet normal -0.075956 0.770882 0.632434
outer loop
vertex 0.491890 1.040774 0.727778
vertex 0.500000 1.035356 0.735356
vertex 0.500000 1.041573 0.727778
endloop
endfacet
facet normal -0.062433 0.633142 -0.771513
outer loop
vertex 0.494581 1.027245 0.658427
vertex 0.493103 1.034676 0.664645
vertex 0.500000 1.035356 0.664645
endloop
endfacet
facet normal -0.062260 0.633112 -0.771553
outer loop
vertex 0.494581 1.027245 0.658427
vertex 0.500000 1.035356 0.664645
vertex 0.500000 1.027778 0.658427
endloop
endfacet
facet normal -0.086559 0.878554 0.469734
outer loop
vertex 0.490988 1.045307 0.719134
vertex 0.491890 1.040774 0.727778
vertex 0.500000 1.041573 0.727778
endloop
endfacet
facet normal -0.086489 0.878584 0.469690
outer loop
vertex 0.490988 1.045307 0.719134
vertex 0.500000 1.041573 0.727778
vertex 0.500000 1.046194 0.719134
endloop
endfacet
facet normal -0.046319 0.470905 -0.880967
outer loop
vertex 0.496267 1.018766 0.653806
vertex 0.494581 1.027245 0.658427
vertex 0.500000 1.027778 0.658427
endloop
endfacet
facet normal -0.046427 0.470943 -0.880941
outer loop
vertex 0.496267 1.018766 0.653806
vertex 0.500000 1.027778 0.658427
vertex 0.500000 1.019134 0.653806
endloop
endfacet
facet normal -0.093791 0.952739 0.288949
outer loop
vertex 0.490433 1.048097 0.709754
vertex 0.490988 1.045307 0.719134
vertex 0.500000 1.046194 0.719134
endloop
endfacet
facet normal -0.093808 0.952736 0.288954
outer loop
vertex 0.490433 1.048097 0.709754
vertex 0.500000 1.046194 0.719134
vertex 0.500000 1.049039 0.709754
endloop
endfacet
facet normal -0.028622 0.290240 -0.956526
outer loop
vertex 0.498097 1.009567 0.650960
vertex 0.496267 1.018766 0.653806
vertex 0.500000 1.019134 0.653806
endloop
endfacet
facet normal -0.028496 0.290216 -0.956537
outer loop
vertex 0.498097 1.009567 0.650960
vertex 0.500000 1.019134 0.653806
vertex 0.500000 1.009754 0.650960
endloop
endfacet
facet normal -0.097523 0.990443 0.097525
outer loop
vertex 0.490245 1.049039 0.700000
vertex 0.490433 1.048097 0.709754
vertex 0.500000 1.049039 0.709754
endloop
endfacet
facet normal -0.097566 0.990433 0.097583
outer loop
vertex 0.490245 1.049039 0.700000
vertex 0.500000 1.049039 0.709754
vertex 0.500000 1.050000 0.700000
endloop
endfacet
facet normal -0.009686 0.098038 0.995136
outer loop
vertex 0.498097 1.009567 0.749039
vertex 0.500000 1.000000 0.750000
vertex 0.500000 1.009754 0.749039
endloop
endfacet
facet normal -0.009613 0.097942 -0.995146
outer loop
vertex 0.500000 1.000000 0.650000
vertex 0.498097 1.009567 0.650960
vertex 0.500000 1.009754 0.650960
endloop
endfacet
facet normal -0.097566 0.990438 -0.097535
outer loop
vertex 0.490433 1.048097 0.690245
vertex 0.490245 1.049039 0.700000
vertex 0.500000 1.050000 0.700000
endloop
endfacet
facet normal -0.097521 0.990441 -0.097553
outer loop
vertex 0.490433 1.048097 0.690245
vertex 0.500000 1.050000 0.700000
vertex 0.500000 1.049039 0.690245
endloop
endfacet
facet normal -0.028464 0.290163 0.956554
outer loop
vertex 0.496267 1.018766 0.746194
vertex 0.498097 1.009567 0.749039
vertex 0.500000 1.009754 0.749039
endloop
endfacet
facet normal -0.028622 0.290131 0.956559
outer loop
vertex 0.496267 1.018766 0.746194
vertex 0.500000 1.009754 0.749039
vertex 0.500000 1.019134 0.746194
endloop
endfacet
facet normal -0.093807 0.952732 -0.288966
outer loop
vertex 0.490988 1.045307 0.680866
vertex 0.490433 1.048097 0.690245
vertex 0.500000 1.049039 0.690245
endloop
endfacet
facet normal -0.093786 0.952724 -0.289000
outer loop
vertex 0.490988 1.045307 0.680866
vertex 0.500000 1.049039 0.690245
vertex 0.500000 1.046194 0.680866
endloop
endfacet
facet normal -0.046427 0.470870 0.880980
outer loop
vertex 0.494581 1.027245 0.741573
vertex 0.496267 1.018766 0.746194
vertex 0.500000 1.019134 0.746194
endloop
endfacet
facet normal -0.046310 0.470934 0.880952
outer loop
vertex 0.494581 1.027245 0.741573
vertex 0.500000 1.019134 0.746194
vertex 0.500000 1.027778 0.741573
endloop
endfacet
facet normal -0.086491 0.878581 -0.469696
outer loop
vertex 0.491890 1.040774 0.672221
vertex 0.490988 1.045307 0.680866
vertex 0.500000 1.046194 0.680866
endloop
endfacet
facet normal -0.086564 0.878604 -0.469641
outer loop
vertex 0.491890 1.040774 0.672221
vertex 0.500000 1.046194 0.680866
vertex 0.500000 1.041573 0.672221
endloop
endfacet
endsolid Exported from Blender-2.82 (sub 7)
