solid Exported from Blender-2.82 (sub 7)
facet normal 0.086478 0.878609 -0.469647
outer loop
vertex 1.000000 0.891573 0.572221
vertex 1.000000 0.896194 0.580866
vertex 1.009012 0.895307 0.580866
endloop
endfacet
facet normal 0.086548 0.878571 -0.469704
outer loop
vertex 1.000000 0.891573 0.572221
vertex 1.009012 0.895307 0.580866
vertex 1.008110 0.890774 0.572221
endloop
endfacet
facet normal 0.062269 0.633035 0.771615
outer loop
vertex 1.000000 0.885356 0.635356
vertex 1.000000 0.877778 0.641573
vertex 1.005419 0.877245 0.641573
endloop
endfacet
facet normal 0.062406 0.633092 0.771557
outer loop
vertex 1.000000 0.885356 0.635356
vertex 1.005419 0.877245 0.641573
vertex 1.006898 0.884676 0.635356
endloop
endfacet
facet normal 0.075931 0.770801 -0.632535
outer loop
vertex 1.000000 0.885356 0.564645
vertex 1.000000 0.891573 0.572221
vertex 1.008110 0.890774 0.572221
endloop
endfacet
facet normal 0.075981 0.770776 -0.632559
outer loop
vertex 1.000000 0.885356 0.564645
vertex 1.008110 0.890774 0.572221
vertex 1.006898 0.884676 0.564645
endloop
endfacet
facet normal 0.075980 0.770879 0.632434
outer loop
vertex 1.000000 0.891573 0.627778
vertex 1.000000 0.885356 0.635356
vertex 1.006898 0.884676 0.635356
endloop
endfacet
facet normal 0.075942 0.770859 0.632463
outer loop
vertex 1.000000 0.891573 0.627778
vertex 1.006898 0.884676 0.635356
vertex 1.008110 0.890774 0.627778
endloop
endfacet
facet normal 0.062406 0.633096 -0.771554
outer loop
vertex 1.000000 0.877778 0.558427
vertex 1.000000 0.885356 0.564645
vertex 1.006898 0.884676 0.564645
endloop
endfacet
facet normal 0.062284 0.633165 -0.771506
outer loop
vertex 1.000000 0.877778 0.558427
vertex 1.006898 0.884676 0.564645
vertex 1.005419 0.877245 0.558427
endloop
endfacet
facet normal 0.086551 0.878582 0.469684
outer loop
vertex 1.000000 0.896194 0.619134
vertex 1.000000 0.891573 0.627778
vertex 1.008110 0.890774 0.627778
endloop
endfacet
facet normal 0.086476 0.878557 0.469744
outer loop
vertex 1.000000 0.896194 0.619134
vertex 1.008110 0.890774 0.627778
vertex 1.009012 0.895307 0.619134
endloop
endfacet
facet normal 0.046329 0.470941 -0.880947
outer loop
vertex 1.000000 0.869134 0.553806
vertex 1.000000 0.877778 0.558427
vertex 1.005419 0.877245 0.558427
endloop
endfacet
facet normal 0.046424 0.470896 -0.880966
outer loop
vertex 1.000000 0.869134 0.553806
vertex 1.005419 0.877245 0.558427
vertex 1.003733 0.868766 0.553806
endloop
endfacet
facet normal 0.093778 0.952734 0.288971
outer loop
vertex 1.000000 0.899039 0.609754
vertex 1.000000 0.896194 0.619134
vertex 1.009012 0.895307 0.619134
endloop
endfacet
facet normal 0.093807 0.952739 0.288944
outer loop
vertex 1.000000 0.899039 0.609754
vertex 1.009012 0.895307 0.619134
vertex 1.009567 0.898097 0.609754
endloop
endfacet
facet normal 0.028606 0.290226 -0.956531
outer loop
vertex 1.000000 0.859754 0.550960
vertex 1.000000 0.869134 0.553806
vertex 1.003733 0.868766 0.553806
endloop
endfacet
facet normal 0.028500 0.290266 -0.956522
outer loop
vertex 1.000000 0.859754 0.550960
vertex 1.003733 0.868766 0.553806
vertex 1.001903 0.859567 0.550960
endloop
endfacet
facet normal 0.097522 0.990438 0.097583
outer loop
vertex 1.000000 0.900000 0.600000
vertex 1.000000 0.899039 0.609754
vertex 1.009567 0.898097 0.609754
endloop
endfacet
facet normal 0.097577 0.990439 0.097512
outer loop
vertex 1.000000 0.900000 0.600000
vertex 1.009567 0.898097 0.609754
vertex 1.009754 0.899039 0.600000
endloop
endfacet
facet normal 0.009636 0.098048 0.995135
outer loop
vertex 1.000000 0.859754 0.649039
vertex 1.000000 0.850000 0.650000
vertex 1.001903 0.859567 0.649039
endloop
endfacet
facet normal 0.009624 0.097943 -0.995146
outer loop
vertex 1.000000 0.850000 0.550000
vertex 1.000000 0.859754 0.550960
vertex 1.001903 0.859567 0.550960
endloop
endfacet
facet normal 0.097576 0.990434 -0.097564
outer loop
vertex 1.000000 0.899039 0.590245
vertex 1.000000 0.900000 0.600000
vertex 1.009754 0.899039 0.600000
endloop
endfacet
facet normal 0.097522 0.990445 -0.097510
outer loop
vertex 1.000000 0.899039 0.590245
vertex 1.009754 0.899039 0.600000
vertex 1.009567 0.898097 0.590245
endloop
endfacet
facet normal 0.028469 0.290133 0.956563
outer loop
vertex 1.000000 0.869134 0.646194
vertex 1.000000 0.859754 0.649039
vertex 1.001903 0.859567 0.649039
endloop
endfacet
facet normal 0.028599 0.290142 0.956556
outer loop
vertex 1.000000 0.869134 0.646194
vertex 1.001903 0.859567 0.649039
vertex 1.003733 0.868766 0.646194
endloop
endfacet
facet normal 0.093808 0.952721 -0.289002
outer loop
vertex 1.000000 0.896194 0.580866
vertex 1.000000 0.899039 0.590245
vertex 1.009567 0.898097 0.590245
endloop
endfacet
facet normal 0.093779 0.952735 -0.288968
outer loop
vertex 1.000000 0.896194 0.580866
vertex 1.009567 0.898097 0.590245
vertex 1.009012 0.895307 0.580866
endloop
endfacet
facet normal 0.046430 0.470944 0.880941
outer loop
vertex 1.000000 0.877778 0.641573
vertex 1.000000 0.869134 0.646194
vertex 1.003733 0.868766 0.646194
endloop
endfacet
facet normal 0.046324 0.470908 0.880965
outer loop
vertex 1.000000 0.877778 0.641573
vertex 1.003733 0.868766 0.646194
vertex 1.005419 0.877245 0.641573
endloop
endfacet
facet normal 0.277863 0.916124 -0.288979
outer loop
vertex 1.009012 0.895307 0.580866
vertex 1.009567 0.898097 0.590245
vertex 1.018766 0.895307 0.590245
endloop
endfacet
facet normal 0.278031 0.916022 -0.289140
outer loop
vertex 1.009012 0.895307 0.580866
vertex 1.018766 0.895307 0.590245
vertex 1.017677 0.892677 0.580866
endloop
endfacet
facet normal 0.137389 0.452811 0.880958
outer loop
vertex 1.005419 0.877245 0.641573
vertex 1.003733 0.868766 0.646194
vertex 1.007322 0.867677 0.646194
endloop
endfacet
facet normal 0.137370 0.452792 0.880970
outer loop
vertex 1.005419 0.877245 0.641573
vertex 1.007322 0.867677 0.646194
vertex 1.010630 0.875664 0.641573
endloop
endfacet
facet normal 0.256410 0.844769 -0.469700
outer loop
vertex 1.008110 0.890774 0.572221
vertex 1.009012 0.895307 0.580866
vertex 1.017677 0.892677 0.580866
endloop
endfacet
facet normal 0.256211 0.844921 -0.469536
outer loop
vertex 1.008110 0.890774 0.572221
vertex 1.017677 0.892677 0.580866
vertex 1.015909 0.888409 0.572221
endloop
endfacet
facet normal 0.184682 0.608760 0.771559
outer loop
vertex 1.006898 0.884676 0.635356
vertex 1.005419 0.877245 0.641573
vertex 1.010630 0.875664 0.641573
endloop
endfacet
facet normal 0.184684 0.608737 0.771577
outer loop
vertex 1.006898 0.884676 0.635356
vertex 1.010630 0.875664 0.641573
vertex 1.013530 0.882664 0.635356
endloop
endfacet
facet normal 0.224763 0.741190 -0.632549
outer loop
vertex 1.006898 0.884676 0.564645
vertex 1.008110 0.890774 0.572221
vertex 1.015909 0.888409 0.572221
endloop
endfacet
facet normal 0.224834 0.741111 -0.632617
outer loop
vertex 1.006898 0.884676 0.564645
vertex 1.015909 0.888409 0.572221
vertex 1.013530 0.882664 0.564645
endloop
endfacet
facet normal 0.224876 0.741239 0.632452
outer loop
vertex 1.008110 0.890774 0.627778
vertex 1.006898 0.884676 0.635356
vertex 1.013530 0.882664 0.635356
endloop
endfacet
facet normal 0.224770 0.741227 0.632504
outer loop
vertex 1.008110 0.890774 0.627778
vertex 1.013530 0.882664 0.635356
vertex 1.015909 0.888409 0.627778
endloop
endfacet
facet normal 0.184697 0.608815 -0.771513
outer loop
vertex 1.005419 0.877245 0.558427
vertex 1.006898 0.884676 0.564645
vertex 1.013530 0.882664 0.564645
endloop
endfacet
facet normal 0.184702 0.608790 -0.771531
outer loop
vertex 1.005419 0.877245 0.558427
vertex 1.013530 0.882664 0.564645
vertex 1.010630 0.875664 0.558427
endloop
endfacet
facet normal 0.256191 0.844812 0.469743
outer loop
vertex 1.009012 0.895307 0.619134
vertex 1.008110 0.890774 0.627778
vertex 1.015909 0.888409 0.627778
endloop
endfacet
facet normal 0.256410 0.844832 0.469588
outer loop
vertex 1.009012 0.895307 0.619134
vertex 1.015909 0.888409 0.627778
vertex 1.017677 0.892677 0.619134
endloop
endfacet
facet normal 0.137380 0.452795 -0.880967
outer loop
vertex 1.003733 0.868766 0.553806
vertex 1.005419 0.877245 0.558427
vertex 1.010630 0.875664 0.558427
endloop
endfacet
facet normal 0.137400 0.452805 -0.880959
outer loop
vertex 1.003733 0.868766 0.553806
vertex 1.010630 0.875664 0.558427
vertex 1.007322 0.867677 0.553806
endloop
endfacet
facet normal 0.278048 0.916081 0.288936
outer loop
vertex 1.009567 0.898097 0.609754
vertex 1.009012 0.895307 0.619134
vertex 1.017677 0.892677 0.619134
endloop
endfacet
facet normal 0.277855 0.916085 0.289110
outer loop
vertex 1.009567 0.898097 0.609754
vertex 1.017677 0.892677 0.619134
vertex 1.018766 0.895307 0.609754
endloop
endfacet
facet normal 0.084674 0.279091 -0.956524
outer loop
vertex 1.001903 0.859567 0.550960
vertex 1.003733 0.868766 0.553806
vertex 1.007322 0.867677 0.553806
endloop
endfacet
facet normal 0.084650 0.279080 -0.956529
outer loop
vertex 1.001903 0.859567 0.550960
vertex 1.007322 0.867677 0.553806
vertex 1.003733 0.859012 0.550960
endloop
endfacet
facet normal 0.288869 0.952390 0.097511
outer loop
vertex 1.009754 0.899039 0.600000
vertex 1.009567 0.898097 0.609754
vertex 1.018766 0.895307 0.609754
endloop
endfacet
facet normal 0.288862 0.952392 0.097508
outer loop
vertex 1.009754 0.899039 0.600000
vertex 1.018766 0.895307 0.609754
vertex 1.019134 0.896194 0.600000
endloop
endfacet
facet normal 0.028609 0.094270 0.995136
outer loop
vertex 1.001903 0.859567 0.649039
vertex 1.000000 0.850000 0.650000
vertex 1.003733 0.859012 0.649039
endloop
endfacet
facet normal 0.028562 0.094177 -0.995146
outer loop
vertex 1.000000 0.850000 0.550000
vertex 1.001903 0.859567 0.550960
vertex 1.003733 0.859012 0.550960
endloop
endfacet
facet normal 0.288862 0.952393 -0.097496
outer loop
vertex 1.009567 0.898097 0.590245
vertex 1.009754 0.899039 0.600000
vertex 1.019134 0.896194 0.600000
endloop
endfacet
facet normal 0.288869 0.952391 -0.097502
outer loop
vertex 1.009567 0.898097 0.590245
vertex 1.019134 0.896194 0.600000
vertex 1.018766 0.895307 0.590245
endloop
endfacet
facet normal 0.084652 0.279011 0.956549
outer loop
vertex 1.003733 0.868766 0.646194
vertex 1.001903 0.859567 0.649039
vertex 1.003733 0.859012 0.649039
endloop
endfacet
facet normal 0.084662 0.279001 0.956552
outer loop
vertex 1.003733 0.868766 0.646194
vertex 1.003733 0.859012 0.649039
vertex 1.007322 0.867677 0.646194
endloop
endfacet
facet normal 0.223038 0.417323 -0.880963
outer loop
vertex 1.007322 0.867677 0.553806
vertex 1.010630 0.875664 0.558427
vertex 1.015433 0.873097 0.558427
endloop
endfacet
facet normal 0.223033 0.417310 -0.880970
outer loop
vertex 1.007322 0.867677 0.553806
vertex 1.015433 0.873097 0.558427
vertex 1.010630 0.865909 0.553806
endloop
endfacet
facet normal 0.451179 0.844305 0.289114
outer loop
vertex 1.018766 0.895307 0.609754
vertex 1.017677 0.892677 0.619134
vertex 1.025664 0.888409 0.619134
endloop
endfacet
facet normal 0.451342 0.844277 0.288942
outer loop
vertex 1.018766 0.895307 0.609754
vertex 1.025664 0.888409 0.619134
vertex 1.027245 0.890774 0.609754
endloop
endfacet
facet normal 0.137489 0.257216 -0.956523
outer loop
vertex 1.003733 0.859012 0.550960
vertex 1.007322 0.867677 0.553806
vertex 1.010630 0.865909 0.553806
endloop
endfacet
facet normal 0.137588 0.257136 -0.956531
outer loop
vertex 1.003733 0.859012 0.550960
vertex 1.010630 0.865909 0.553806
vertex 1.005419 0.858110 0.550960
endloop
endfacet
facet normal 0.469209 0.877685 0.097529
outer loop
vertex 1.019134 0.896194 0.600000
vertex 1.018766 0.895307 0.609754
vertex 1.027245 0.890774 0.609754
endloop
endfacet
facet normal 0.469202 0.877690 0.097522
outer loop
vertex 1.019134 0.896194 0.600000
vertex 1.027245 0.890774 0.609754
vertex 1.027778 0.891573 0.600000
endloop
endfacet
facet normal 0.046484 0.086870 0.995135
outer loop
vertex 1.003733 0.859012 0.649039
vertex 1.000000 0.850000 0.650000
vertex 1.005419 0.858110 0.649039
endloop
endfacet
facet normal 0.046447 0.086777 -0.995144
outer loop
vertex 1.000000 0.850000 0.550000
vertex 1.003733 0.859012 0.550960
vertex 1.005419 0.858110 0.550960
endloop
endfacet
facet normal 0.469197 0.877692 -0.097519
outer loop
vertex 1.018766 0.895307 0.590245
vertex 1.019134 0.896194 0.600000
vertex 1.027778 0.891573 0.600000
endloop
endfacet
facet normal 0.469210 0.877687 -0.097511
outer loop
vertex 1.018766 0.895307 0.590245
vertex 1.027778 0.891573 0.600000
vertex 1.027245 0.890774 0.590245
endloop
endfacet
facet normal 0.137527 0.257109 0.956547
outer loop
vertex 1.007322 0.867677 0.646194
vertex 1.003733 0.859012 0.649039
vertex 1.005419 0.858110 0.649039
endloop
endfacet
facet normal 0.137426 0.257104 0.956562
outer loop
vertex 1.007322 0.867677 0.646194
vertex 1.005419 0.858110 0.649039
vertex 1.010630 0.865909 0.646194
endloop
endfacet
facet normal 0.451315 0.844230 -0.289121
outer loop
vertex 1.017677 0.892677 0.580866
vertex 1.018766 0.895307 0.590245
vertex 1.027245 0.890774 0.590245
endloop
endfacet
facet normal 0.451195 0.844343 -0.288978
outer loop
vertex 1.017677 0.892677 0.580866
vertex 1.027245 0.890774 0.590245
vertex 1.025664 0.888409 0.580866
endloop
endfacet
facet normal 0.223039 0.417335 0.880957
outer loop
vertex 1.010630 0.875664 0.641573
vertex 1.007322 0.867677 0.646194
vertex 1.010630 0.865909 0.646194
endloop
endfacet
facet normal 0.223040 0.417309 0.880969
outer loop
vertex 1.010630 0.875664 0.641573
vertex 1.010630 0.865909 0.646194
vertex 1.015433 0.873097 0.641573
endloop
endfacet
facet normal 0.416113 0.778713 -0.469528
outer loop
vertex 1.015909 0.888409 0.572221
vertex 1.017677 0.892677 0.580866
vertex 1.025664 0.888409 0.580866
endloop
endfacet
facet normal 0.416183 0.778614 -0.469631
outer loop
vertex 1.015909 0.888409 0.572221
vertex 1.025664 0.888409 0.580866
vertex 1.023097 0.884567 0.572221
endloop
endfacet
facet normal 0.299847 0.561058 0.771560
outer loop
vertex 1.013530 0.882664 0.635356
vertex 1.010630 0.875664 0.641573
vertex 1.015433 0.873097 0.641573
endloop
endfacet
facet normal 0.299877 0.561046 0.771557
outer loop
vertex 1.013530 0.882664 0.635356
vertex 1.015433 0.873097 0.641573
vertex 1.019642 0.879397 0.635356
endloop
endfacet
facet normal 0.365080 0.683037 -0.632596
outer loop
vertex 1.013530 0.882664 0.564645
vertex 1.015909 0.888409 0.572221
vertex 1.023097 0.884567 0.572221
endloop
endfacet
facet normal 0.365095 0.683015 -0.632611
outer loop
vertex 1.013530 0.882664 0.564645
vertex 1.023097 0.884567 0.572221
vertex 1.019642 0.879397 0.564645
endloop
endfacet
facet normal 0.365127 0.683114 0.632485
outer loop
vertex 1.015909 0.888409 0.627778
vertex 1.013530 0.882664 0.635356
vertex 1.019642 0.879397 0.635356
endloop
endfacet
facet normal 0.365121 0.683091 0.632513
outer loop
vertex 1.015909 0.888409 0.627778
vertex 1.019642 0.879397 0.635356
vertex 1.023097 0.884567 0.627778
endloop
endfacet
facet normal 0.299904 0.561089 -0.771516
outer loop
vertex 1.010630 0.875664 0.558427
vertex 1.013530 0.882664 0.564645
vertex 1.019642 0.879397 0.564645
endloop
endfacet
facet normal 0.299884 0.561117 -0.771503
outer loop
vertex 1.010630 0.875664 0.558427
vertex 1.019642 0.879397 0.564645
vertex 1.015433 0.873097 0.558427
endloop
endfacet
facet normal 0.416184 0.778647 0.469574
outer loop
vertex 1.017677 0.892677 0.619134
vertex 1.015909 0.888409 0.627778
vertex 1.023097 0.884567 0.627778
endloop
endfacet
facet normal 0.416092 0.778646 0.469658
outer loop
vertex 1.017677 0.892677 0.619134
vertex 1.023097 0.884567 0.627778
vertex 1.025664 0.888409 0.619134
endloop
endfacet
facet normal 0.300097 0.365850 0.880963
outer loop
vertex 1.015433 0.873097 0.641573
vertex 1.010630 0.865909 0.646194
vertex 1.013530 0.863530 0.646194
endloop
endfacet
facet normal 0.300260 0.365783 0.880935
outer loop
vertex 1.015433 0.873097 0.641573
vertex 1.013530 0.863530 0.646194
vertex 1.019642 0.869642 0.641573
endloop
endfacet
facet normal 0.560101 0.682469 -0.469599
outer loop
vertex 1.023097 0.884567 0.572221
vertex 1.025664 0.888409 0.580866
vertex 1.032664 0.882664 0.580866
endloop
endfacet
facet normal 0.560072 0.682501 -0.469587
outer loop
vertex 1.023097 0.884567 0.572221
vertex 1.032664 0.882664 0.580866
vertex 1.029397 0.879397 0.572221
endloop
endfacet
facet normal 0.403637 0.491712 0.771555
outer loop
vertex 1.019642 0.879397 0.635356
vertex 1.015433 0.873097 0.641573
vertex 1.019642 0.869642 0.641573
endloop
endfacet
facet normal 0.403543 0.491739 0.771587
outer loop
vertex 1.019642 0.879397 0.635356
vertex 1.019642 0.869642 0.641573
vertex 1.025000 0.875000 0.635356
endloop
endfacet
facet normal 0.491304 0.598686 -0.632611
outer loop
vertex 1.019642 0.879397 0.564645
vertex 1.023097 0.884567 0.572221
vertex 1.029397 0.879397 0.572221
endloop
endfacet
facet normal 0.491299 0.598704 -0.632597
outer loop
vertex 1.019642 0.879397 0.564645
vertex 1.029397 0.879397 0.572221
vertex 1.025000 0.875000 0.564645
endloop
endfacet
facet normal 0.491360 0.598756 0.632500
outer loop
vertex 1.023097 0.884567 0.627778
vertex 1.019642 0.879397 0.635356
vertex 1.025000 0.875000 0.635356
endloop
endfacet
facet normal 0.491347 0.598752 0.632514
outer loop
vertex 1.023097 0.884567 0.627778
vertex 1.025000 0.875000 0.635356
vertex 1.029397 0.879397 0.627778
endloop
endfacet
facet normal 0.403609 0.491799 -0.771513
outer loop
vertex 1.015433 0.873097 0.558427
vertex 1.019642 0.879397 0.564645
vertex 1.025000 0.875000 0.564645
endloop
endfacet
facet normal 0.403631 0.491728 -0.771548
outer loop
vertex 1.015433 0.873097 0.558427
vertex 1.025000 0.875000 0.564645
vertex 1.019642 0.869642 0.558427
endloop
endfacet
facet normal 0.560050 0.682471 0.469656
outer loop
vertex 1.025664 0.888409 0.619134
vertex 1.023097 0.884567 0.627778
vertex 1.029397 0.879397 0.627778
endloop
endfacet
facet normal 0.560091 0.682462 0.469621
outer loop
vertex 1.025664 0.888409 0.619134
vertex 1.029397 0.879397 0.627778
vertex 1.032664 0.882664 0.619134
endloop
endfacet
facet normal 0.300232 0.365750 -0.880959
outer loop
vertex 1.010630 0.865909 0.553806
vertex 1.015433 0.873097 0.558427
vertex 1.019642 0.869642 0.558427
endloop
endfacet
facet normal 0.300132 0.365900 -0.880930
outer loop
vertex 1.010630 0.865909 0.553806
vertex 1.019642 0.869642 0.558427
vertex 1.013530 0.863530 0.553806
endloop
endfacet
facet normal 0.607341 0.740030 0.288952
outer loop
vertex 1.027245 0.890774 0.609754
vertex 1.025664 0.888409 0.619134
vertex 1.032664 0.882664 0.619134
endloop
endfacet
facet normal 0.607300 0.740042 0.289008
outer loop
vertex 1.027245 0.890774 0.609754
vertex 1.032664 0.882664 0.619134
vertex 1.034676 0.884676 0.609754
endloop
endfacet
facet normal 0.184947 0.225483 -0.956531
outer loop
vertex 1.005419 0.858110 0.550960
vertex 1.010630 0.865909 0.553806
vertex 1.013530 0.863530 0.553806
endloop
endfacet
facet normal 0.184870 0.225578 -0.956524
outer loop
vertex 1.005419 0.858110 0.550960
vertex 1.013530 0.863530 0.553806
vertex 1.006898 0.856898 0.550960
endloop
endfacet
facet normal 0.631355 0.769340 0.097509
outer loop
vertex 1.027778 0.891573 0.600000
vertex 1.027245 0.890774 0.609754
vertex 1.034676 0.884676 0.609754
endloop
endfacet
facet normal 0.631232 0.769423 0.097649
outer loop
vertex 1.027778 0.891573 0.600000
vertex 1.034676 0.884676 0.609754
vertex 1.035356 0.885356 0.600000
endloop
endfacet
facet normal 0.062411 0.076192 0.995138
outer loop
vertex 1.005419 0.858110 0.649039
vertex 1.000000 0.850000 0.650000
vertex 1.006898 0.856898 0.649039
endloop
endfacet
facet normal 0.062350 0.076112 -0.995148
outer loop
vertex 1.000000 0.850000 0.550000
vertex 1.005419 0.858110 0.550960
vertex 1.006898 0.856898 0.550960
endloop
endfacet
facet normal 0.631255 0.769421 -0.097511
outer loop
vertex 1.027245 0.890774 0.590245
vertex 1.027778 0.891573 0.600000
vertex 1.035356 0.885356 0.600000
endloop
endfacet
facet normal 0.631332 0.769343 -0.097631
outer loop
vertex 1.027245 0.890774 0.590245
vertex 1.035356 0.885356 0.600000
vertex 1.034676 0.884676 0.590245
endloop
endfacet
facet normal 0.184796 0.225516 0.956553
outer loop
vertex 1.010630 0.865909 0.646194
vertex 1.005419 0.858110 0.649039
vertex 1.006898 0.856898 0.649039
endloop
endfacet
facet normal 0.184909 0.225405 0.956557
outer loop
vertex 1.010630 0.865909 0.646194
vertex 1.006898 0.856898 0.649039
vertex 1.013530 0.863530 0.646194
endloop
endfacet
facet normal 0.607306 0.740043 -0.288990
outer loop
vertex 1.025664 0.888409 0.580866
vertex 1.027245 0.890774 0.590245
vertex 1.034676 0.884676 0.590245
endloop
endfacet
facet normal 0.607320 0.740018 -0.289025
outer loop
vertex 1.025664 0.888409 0.580866
vertex 1.034676 0.884676 0.590245
vertex 1.032664 0.882664 0.580866
endloop
endfacet
facet normal 0.740011 0.607338 0.289006
outer loop
vertex 1.034676 0.884676 0.609754
vertex 1.032664 0.882664 0.619134
vertex 1.038409 0.875664 0.619134
endloop
endfacet
facet normal 0.740064 0.607300 0.288951
outer loop
vertex 1.034676 0.884676 0.609754
vertex 1.038409 0.875664 0.619134
vertex 1.040774 0.877245 0.609754
endloop
endfacet
facet normal 0.225495 0.184981 -0.956522
outer loop
vertex 1.006898 0.856898 0.550960
vertex 1.013530 0.863530 0.553806
vertex 1.015909 0.860630 0.553806
endloop
endfacet
facet normal 0.225558 0.184858 -0.956531
outer loop
vertex 1.006898 0.856898 0.550960
vertex 1.015909 0.860630 0.553806
vertex 1.008110 0.855419 0.550960
endloop
endfacet
facet normal 0.769355 0.631316 0.097637
outer loop
vertex 1.035356 0.885356 0.600000
vertex 1.034676 0.884676 0.609754
vertex 1.040774 0.877245 0.609754
endloop
endfacet
facet normal 0.769427 0.631244 0.097533
outer loop
vertex 1.035356 0.885356 0.600000
vertex 1.040774 0.877245 0.609754
vertex 1.041573 0.877778 0.600000
endloop
endfacet
facet normal 0.076217 0.062449 0.995134
outer loop
vertex 1.006898 0.856898 0.649039
vertex 1.000000 0.850000 0.650000
vertex 1.008110 0.855419 0.649039
endloop
endfacet
facet normal 0.076128 0.062385 -0.995144
outer loop
vertex 1.000000 0.850000 0.550000
vertex 1.006898 0.856898 0.550960
vertex 1.008110 0.855419 0.550960
endloop
endfacet
facet normal 0.769416 0.631244 -0.097624
outer loop
vertex 1.034676 0.884676 0.590245
vertex 1.035356 0.885356 0.600000
vertex 1.041573 0.877778 0.600000
endloop
endfacet
facet normal 0.769363 0.631323 -0.097524
outer loop
vertex 1.034676 0.884676 0.590245
vertex 1.041573 0.877778 0.600000
vertex 1.040774 0.877245 0.590245
endloop
endfacet
facet normal 0.225498 0.184821 0.956552
outer loop
vertex 1.013530 0.863530 0.646194
vertex 1.006898 0.856898 0.649039
vertex 1.008110 0.855419 0.649039
endloop
endfacet
facet normal 0.225400 0.184908 0.956558
outer loop
vertex 1.013530 0.863530 0.646194
vertex 1.008110 0.855419 0.649039
vertex 1.015909 0.860630 0.646194
endloop
endfacet
facet normal 0.740046 0.607285 -0.289027
outer loop
vertex 1.032664 0.882664 0.580866
vertex 1.034676 0.884676 0.590245
vertex 1.040774 0.877245 0.590245
endloop
endfacet
facet normal 0.740017 0.607344 -0.288976
outer loop
vertex 1.032664 0.882664 0.580866
vertex 1.040774 0.877245 0.590245
vertex 1.038409 0.875664 0.580866
endloop
endfacet
facet normal 0.365877 0.300158 0.880931
outer loop
vertex 1.019642 0.869642 0.641573
vertex 1.013530 0.863530 0.646194
vertex 1.015909 0.860630 0.646194
endloop
endfacet
facet normal 0.365754 0.300221 0.880961
outer loop
vertex 1.019642 0.869642 0.641573
vertex 1.015909 0.860630 0.646194
vertex 1.023097 0.865433 0.641573
endloop
endfacet
facet normal 0.682477 0.560103 -0.469585
outer loop
vertex 1.029397 0.879397 0.572221
vertex 1.032664 0.882664 0.580866
vertex 1.038409 0.875664 0.580866
endloop
endfacet
facet normal 0.682479 0.560076 -0.469614
outer loop
vertex 1.029397 0.879397 0.572221
vertex 1.038409 0.875664 0.580866
vertex 1.034567 0.873097 0.572221
endloop
endfacet
facet normal 0.491683 0.403608 0.771588
outer loop
vertex 1.025000 0.875000 0.635356
vertex 1.019642 0.869642 0.641573
vertex 1.023097 0.865433 0.641573
endloop
endfacet
facet normal 0.491770 0.403563 0.771557
outer loop
vertex 1.025000 0.875000 0.635356
vertex 1.023097 0.865433 0.641573
vertex 1.029397 0.869642 0.635356
endloop
endfacet
facet normal 0.598687 0.491279 -0.632629
outer loop
vertex 1.025000 0.875000 0.564645
vertex 1.029397 0.879397 0.572221
vertex 1.034567 0.873097 0.572221
endloop
endfacet
facet normal 0.598694 0.491301 -0.632605
outer loop
vertex 1.025000 0.875000 0.564645
vertex 1.034567 0.873097 0.572221
vertex 1.029397 0.869642 0.564645
endloop
endfacet
facet normal 0.598755 0.491337 0.632519
outer loop
vertex 1.029397 0.879397 0.627778
vertex 1.025000 0.875000 0.635356
vertex 1.029397 0.869642 0.635356
endloop
endfacet
facet normal 0.598748 0.491349 0.632516
outer loop
vertex 1.029397 0.879397 0.627778
vertex 1.029397 0.869642 0.635356
vertex 1.034567 0.873097 0.627778
endloop
endfacet
facet normal 0.491793 0.403580 -0.771533
outer loop
vertex 1.019642 0.869642 0.558427
vertex 1.025000 0.875000 0.564645
vertex 1.029397 0.869642 0.564645
endloop
endfacet
facet normal 0.491756 0.403673 -0.771508
outer loop
vertex 1.019642 0.869642 0.558427
vertex 1.029397 0.869642 0.564645
vertex 1.023097 0.865433 0.558427
endloop
endfacet
facet normal 0.682486 0.560074 0.469607
outer loop
vertex 1.032664 0.882664 0.619134
vertex 1.029397 0.879397 0.627778
vertex 1.034567 0.873097 0.627778
endloop
endfacet
facet normal 0.682436 0.560091 0.469658
outer loop
vertex 1.032664 0.882664 0.619134
vertex 1.034567 0.873097 0.627778
vertex 1.038409 0.875664 0.619134
endloop
endfacet
facet normal 0.365783 0.300260 -0.880935
outer loop
vertex 1.013530 0.863530 0.553806
vertex 1.019642 0.869642 0.558427
vertex 1.023097 0.865433 0.558427
endloop
endfacet
facet normal 0.365838 0.300104 -0.880965
outer loop
vertex 1.013530 0.863530 0.553806
vertex 1.023097 0.865433 0.558427
vertex 1.015909 0.860630 0.553806
endloop
endfacet
facet normal 0.778677 0.416084 -0.469612
outer loop
vertex 1.034567 0.873097 0.572221
vertex 1.038409 0.875664 0.580866
vertex 1.042677 0.867677 0.580866
endloop
endfacet
facet normal 0.778659 0.416204 -0.469537
outer loop
vertex 1.034567 0.873097 0.572221
vertex 1.042677 0.867677 0.580866
vertex 1.038409 0.865909 0.572221
endloop
endfacet
facet normal 0.561061 0.299837 0.771563
outer loop
vertex 1.029397 0.869642 0.635356
vertex 1.023097 0.865433 0.641573
vertex 1.025664 0.860630 0.641573
endloop
endfacet
facet normal 0.561023 0.299910 0.771562
outer loop
vertex 1.029397 0.869642 0.635356
vertex 1.025664 0.860630 0.641573
vertex 1.032664 0.863530 0.635356
endloop
endfacet
facet normal 0.683027 0.365093 -0.632599
outer loop
vertex 1.029397 0.869642 0.564645
vertex 1.034567 0.873097 0.572221
vertex 1.038409 0.865909 0.572221
endloop
endfacet
facet normal 0.683024 0.365097 -0.632600
outer loop
vertex 1.029397 0.869642 0.564645
vertex 1.038409 0.865909 0.572221
vertex 1.032664 0.863530 0.564645
endloop
endfacet
facet normal 0.683089 0.365146 0.632501
outer loop
vertex 1.034567 0.873097 0.627778
vertex 1.029397 0.869642 0.635356
vertex 1.032664 0.863530 0.635356
endloop
endfacet
facet normal 0.683110 0.365107 0.632502
outer loop
vertex 1.034567 0.873097 0.627778
vertex 1.032664 0.863530 0.635356
vertex 1.038409 0.865909 0.627778
endloop
endfacet
facet normal 0.561097 0.299929 -0.771500
outer loop
vertex 1.023097 0.865433 0.558427
vertex 1.029397 0.869642 0.564645
vertex 1.032664 0.863530 0.564645
endloop
endfacet
facet normal 0.561083 0.299887 -0.771527
outer loop
vertex 1.023097 0.865433 0.558427
vertex 1.032664 0.863530 0.564645
vertex 1.025664 0.860630 0.558427
endloop
endfacet
facet normal 0.778616 0.416151 0.469654
outer loop
vertex 1.038409 0.875664 0.619134
vertex 1.034567 0.873097 0.627778
vertex 1.038409 0.865909 0.627778
endloop
endfacet
facet normal 0.778687 0.416097 0.469585
outer loop
vertex 1.038409 0.875664 0.619134
vertex 1.038409 0.865909 0.627778
vertex 1.042677 0.867677 0.619134
endloop
endfacet
facet normal 0.417318 0.223045 -0.880963
outer loop
vertex 1.015909 0.860630 0.553806
vertex 1.023097 0.865433 0.558427
vertex 1.025664 0.860630 0.558427
endloop
endfacet
facet normal 0.417319 0.223050 -0.880962
outer loop
vertex 1.015909 0.860630 0.553806
vertex 1.025664 0.860630 0.558427
vertex 1.017677 0.857322 0.553806
endloop
endfacet
facet normal 0.844369 0.451175 0.288933
outer loop
vertex 1.040774 0.877245 0.609754
vertex 1.038409 0.875664 0.619134
vertex 1.042677 0.867677 0.619134
endloop
endfacet
facet normal 0.844220 0.451344 0.289104
outer loop
vertex 1.040774 0.877245 0.609754
vertex 1.042677 0.867677 0.619134
vertex 1.045307 0.868766 0.609754
endloop
endfacet
facet normal 0.257197 0.137469 -0.956531
outer loop
vertex 1.008110 0.855419 0.550960
vertex 1.015909 0.860630 0.553806
vertex 1.017677 0.857322 0.553806
endloop
endfacet
facet normal 0.257186 0.137590 -0.956517
outer loop
vertex 1.008110 0.855419 0.550960
vertex 1.017677 0.857322 0.553806
vertex 1.009012 0.853733 0.550960
endloop
endfacet
facet normal 0.877675 0.469224 0.097549
outer loop
vertex 1.041573 0.877778 0.600000
vertex 1.040774 0.877245 0.609754
vertex 1.045307 0.868766 0.609754
endloop
endfacet
facet normal 0.877685 0.469208 0.097532
outer loop
vertex 1.041573 0.877778 0.600000
vertex 1.045307 0.868766 0.609754
vertex 1.046194 0.869134 0.600000
endloop
endfacet
facet normal 0.086876 0.046471 0.995135
outer loop
vertex 1.008110 0.855419 0.649039
vertex 1.000000 0.850000 0.650000
vertex 1.009012 0.853733 0.649039
endloop
endfacet
facet normal 0.086766 0.046416 -0.995147
outer loop
vertex 1.000000 0.850000 0.550000
vertex 1.008110 0.855419 0.550960
vertex 1.009012 0.853733 0.550960
endloop
endfacet
facet normal 0.877691 0.469196 -0.097538
outer loop
vertex 1.040774 0.877245 0.590245
vertex 1.041573 0.877778 0.600000
vertex 1.046194 0.869134 0.600000
endloop
endfacet
facet normal 0.877674 0.469232 -0.097521
outer loop
vertex 1.040774 0.877245 0.590245
vertex 1.046194 0.869134 0.600000
vertex 1.045307 0.868766 0.590245
endloop
endfacet
facet normal 0.257069 0.137506 0.956560
outer loop
vertex 1.015909 0.860630 0.646194
vertex 1.008110 0.855419 0.649039
vertex 1.009012 0.853733 0.649039
endloop
endfacet
facet normal 0.257122 0.137441 0.956555
outer loop
vertex 1.015909 0.860630 0.646194
vertex 1.009012 0.853733 0.649039
vertex 1.017677 0.857322 0.646194
endloop
endfacet
facet normal 0.844270 0.451337 -0.288967
outer loop
vertex 1.038409 0.875664 0.580866
vertex 1.040774 0.877245 0.590245
vertex 1.045307 0.868766 0.590245
endloop
endfacet
facet normal 0.844301 0.451171 -0.289138
outer loop
vertex 1.038409 0.875664 0.580866
vertex 1.045307 0.868766 0.590245
vertex 1.042677 0.867677 0.580866
endloop
endfacet
facet normal 0.417299 0.223046 0.880972
outer loop
vertex 1.023097 0.865433 0.641573
vertex 1.015909 0.860630 0.646194
vertex 1.017677 0.857322 0.646194
endloop
endfacet
facet normal 0.417329 0.223046 0.880958
outer loop
vertex 1.023097 0.865433 0.641573
vertex 1.017677 0.857322 0.646194
vertex 1.025664 0.860630 0.641573
endloop
endfacet
facet normal 0.279101 0.084666 -0.956522
outer loop
vertex 1.009012 0.853733 0.550960
vertex 1.017677 0.857322 0.553806
vertex 1.018766 0.853733 0.553806
endloop
endfacet
facet normal 0.279068 0.084660 -0.956532
outer loop
vertex 1.009012 0.853733 0.550960
vertex 1.018766 0.853733 0.553806
vertex 1.009567 0.851903 0.550960
endloop
endfacet
facet normal 0.952388 0.288874 0.097520
outer loop
vertex 1.046194 0.869134 0.600000
vertex 1.045307 0.868766 0.609754
vertex 1.048097 0.859567 0.609754
endloop
endfacet
facet normal 0.952398 0.288842 0.097514
outer loop
vertex 1.046194 0.869134 0.600000
vertex 1.048097 0.859567 0.609754
vertex 1.049039 0.859754 0.600000
endloop
endfacet
facet normal 0.094252 0.028593 0.995138
outer loop
vertex 1.009012 0.853733 0.649039
vertex 1.000000 0.850000 0.650000
vertex 1.009567 0.851903 0.649039
endloop
endfacet
facet normal 0.094181 0.028562 -0.995145
outer loop
vertex 1.000000 0.850000 0.550000
vertex 1.009012 0.853733 0.550960
vertex 1.009567 0.851903 0.550960
endloop
endfacet
facet normal 0.952389 0.288870 -0.097513
outer loop
vertex 1.045307 0.868766 0.590245
vertex 1.046194 0.869134 0.600000
vertex 1.049039 0.859754 0.600000
endloop
endfacet
facet normal 0.952397 0.288847 -0.097506
outer loop
vertex 1.045307 0.868766 0.590245
vertex 1.049039 0.859754 0.600000
vertex 1.048097 0.859567 0.590245
endloop
endfacet
facet normal 0.279034 0.084626 0.956545
outer loop
vertex 1.017677 0.857322 0.646194
vertex 1.009012 0.853733 0.649039
vertex 1.009567 0.851903 0.649039
endloop
endfacet
facet normal 0.278989 0.084637 0.956557
outer loop
vertex 1.017677 0.857322 0.646194
vertex 1.009567 0.851903 0.649039
vertex 1.018766 0.853733 0.646194
endloop
endfacet
facet normal 0.916077 0.277852 -0.289140
outer loop
vertex 1.042677 0.867677 0.580866
vertex 1.045307 0.868766 0.590245
vertex 1.048097 0.859567 0.590245
endloop
endfacet
facet normal 0.916076 0.278030 -0.288969
outer loop
vertex 1.042677 0.867677 0.580866
vertex 1.048097 0.859567 0.590245
vertex 1.045307 0.859012 0.580866
endloop
endfacet
facet normal 0.452817 0.137331 0.880964
outer loop
vertex 1.025664 0.860630 0.641573
vertex 1.017677 0.857322 0.646194
vertex 1.018766 0.853733 0.646194
endloop
endfacet
facet normal 0.452783 0.137401 0.880970
outer loop
vertex 1.025664 0.860630 0.641573
vertex 1.018766 0.853733 0.646194
vertex 1.027245 0.855419 0.641573
endloop
endfacet
facet normal 0.844862 0.256418 -0.469530
outer loop
vertex 1.038409 0.865909 0.572221
vertex 1.042677 0.867677 0.580866
vertex 1.045307 0.859012 0.580866
endloop
endfacet
facet normal 0.844825 0.256202 -0.469715
outer loop
vertex 1.038409 0.865909 0.572221
vertex 1.045307 0.859012 0.580866
vertex 1.040774 0.858110 0.572221
endloop
endfacet
facet normal 0.608738 0.184690 0.771575
outer loop
vertex 1.032664 0.863530 0.635356
vertex 1.025664 0.860630 0.641573
vertex 1.027245 0.855419 0.641573
endloop
endfacet
facet normal 0.608763 0.184680 0.771558
outer loop
vertex 1.032664 0.863530 0.635356
vertex 1.027245 0.855419 0.641573
vertex 1.034676 0.856898 0.635356
endloop
endfacet
facet normal 0.741148 0.224767 -0.632597
outer loop
vertex 1.032664 0.863530 0.564645
vertex 1.038409 0.865909 0.572221
vertex 1.040774 0.858110 0.572221
endloop
endfacet
facet normal 0.741172 0.224838 -0.632544
outer loop
vertex 1.032664 0.863530 0.564645
vertex 1.040774 0.858110 0.572221
vertex 1.034676 0.856898 0.564645
endloop
endfacet
facet normal 0.741200 0.224871 0.632500
outer loop
vertex 1.038409 0.865909 0.627778
vertex 1.032664 0.863530 0.635356
vertex 1.034676 0.856898 0.635356
endloop
endfacet
facet normal 0.741266 0.224771 0.632458
outer loop
vertex 1.038409 0.865909 0.627778
vertex 1.034676 0.856898 0.635356
vertex 1.040774 0.858110 0.627778
endloop
endfacet
facet normal 0.608805 0.184667 -0.771528
outer loop
vertex 1.025664 0.860630 0.558427
vertex 1.032664 0.863530 0.564645
vertex 1.034676 0.856898 0.564645
endloop
endfacet
facet normal 0.608805 0.184736 -0.771510
outer loop
vertex 1.025664 0.860630 0.558427
vertex 1.034676 0.856898 0.564645
vertex 1.027245 0.855419 0.558427
endloop
endfacet
facet normal 0.844906 0.256202 0.469568
outer loop
vertex 1.042677 0.867677 0.619134
vertex 1.038409 0.865909 0.627778
vertex 1.040774 0.858110 0.627778
endloop
endfacet
facet normal 0.844748 0.256416 0.469735
outer loop
vertex 1.042677 0.867677 0.619134
vertex 1.040774 0.858110 0.627778
vertex 1.045307 0.859012 0.619134
endloop
endfacet
facet normal 0.452797 0.137366 -0.880968
outer loop
vertex 1.017677 0.857322 0.553806
vertex 1.025664 0.860630 0.558427
vertex 1.027245 0.855419 0.558427
endloop
endfacet
facet normal 0.452801 0.137381 -0.880964
outer loop
vertex 1.017677 0.857322 0.553806
vertex 1.027245 0.855419 0.558427
vertex 1.018766 0.853733 0.553806
endloop
endfacet
facet normal 0.916028 0.278031 0.289120
outer loop
vertex 1.045307 0.868766 0.609754
vertex 1.042677 0.867677 0.619134
vertex 1.045307 0.859012 0.619134
endloop
endfacet
facet normal 0.916136 0.277860 0.288944
outer loop
vertex 1.045307 0.868766 0.609754
vertex 1.045307 0.859012 0.619134
vertex 1.048097 0.859567 0.609754
endloop
endfacet
facet normal 0.770789 0.075943 -0.632549
outer loop
vertex 1.034676 0.856898 0.564645
vertex 1.040774 0.858110 0.572221
vertex 1.041573 0.850000 0.572221
endloop
endfacet
facet normal 0.770802 0.075992 -0.632527
outer loop
vertex 1.034676 0.856898 0.564645
vertex 1.041573 0.850000 0.572221
vertex 1.035356 0.850000 0.564645
endloop
endfacet
facet normal 0.770862 0.076005 0.632452
outer loop
vertex 1.040774 0.858110 0.627778
vertex 1.034676 0.856898 0.635356
vertex 1.035356 0.850000 0.635356
endloop
endfacet
facet normal 0.770880 0.075957 0.632435
outer loop
vertex 1.040774 0.858110 0.627778
vertex 1.035356 0.850000 0.635356
vertex 1.041573 0.850000 0.627778
endloop
endfacet
facet normal 0.633140 0.062416 -0.771517
outer loop
vertex 1.027245 0.855419 0.558427
vertex 1.034676 0.856898 0.564645
vertex 1.035356 0.850000 0.564645
endloop
endfacet
facet normal 0.633097 0.062277 -0.771563
outer loop
vertex 1.027245 0.855419 0.558427
vertex 1.035356 0.850000 0.564645
vertex 1.027778 0.850000 0.558427
endloop
endfacet
facet normal 0.878549 0.086557 0.469744
outer loop
vertex 1.045307 0.859012 0.619134
vertex 1.040774 0.858110 0.627778
vertex 1.041573 0.850000 0.627778
endloop
endfacet
facet normal 0.878589 0.086489 0.469682
outer loop
vertex 1.045307 0.859012 0.619134
vertex 1.041573 0.850000 0.627778
vertex 1.046194 0.850000 0.619134
endloop
endfacet
facet normal 0.470906 0.046323 -0.880967
outer loop
vertex 1.018766 0.853733 0.553806
vertex 1.027245 0.855419 0.558427
vertex 1.027778 0.850000 0.558427
endloop
endfacet
facet normal 0.470943 0.046454 -0.880940
outer loop
vertex 1.018766 0.853733 0.553806
vertex 1.027778 0.850000 0.558427
vertex 1.019134 0.850000 0.553806
endloop
endfacet
facet normal 0.952739 0.093798 0.288945
outer loop
vertex 1.048097 0.859567 0.609754
vertex 1.045307 0.859012 0.619134
vertex 1.046194 0.850000 0.619134
endloop
endfacet
facet normal 0.952735 0.093794 0.288962
outer loop
vertex 1.048097 0.859567 0.609754
vertex 1.046194 0.850000 0.619134
vertex 1.049039 0.850000 0.609754
endloop
endfacet
facet normal 0.290245 0.028624 -0.956524
outer loop
vertex 1.009567 0.851903 0.550960
vertex 1.018766 0.853733 0.553806
vertex 1.019134 0.850000 0.553806
endloop
endfacet
facet normal 0.290215 0.028497 -0.956537
outer loop
vertex 1.009567 0.851903 0.550960
vertex 1.019134 0.850000 0.553806
vertex 1.009754 0.850000 0.550960
endloop
endfacet
facet normal 0.990444 0.097524 0.097520
outer loop
vertex 1.049039 0.859754 0.600000
vertex 1.048097 0.859567 0.609754
vertex 1.049039 0.850000 0.609754
endloop
endfacet
facet normal 0.990431 0.097594 0.097577
outer loop
vertex 1.049039 0.859754 0.600000
vertex 1.049039 0.850000 0.609754
vertex 1.050000 0.850000 0.600000
endloop
endfacet
facet normal 0.098063 0.009631 0.995134
outer loop
vertex 1.009567 0.851903 0.649039
vertex 1.000000 0.850000 0.650000
vertex 1.009754 0.850000 0.649039
endloop
endfacet
facet normal 0.097948 0.009625 -0.995145
outer loop
vertex 1.000000 0.850000 0.550000
vertex 1.009567 0.851903 0.550960
vertex 1.009754 0.850000 0.550960
endloop
endfacet
facet normal 0.990441 0.097564 -0.097512
outer loop
vertex 1.048097 0.859567 0.590245
vertex 1.049039 0.859754 0.600000
vertex 1.050000 0.850000 0.600000
endloop
endfacet
facet normal 0.990436 0.097553 -0.097566
outer loop
vertex 1.048097 0.859567 0.590245
vertex 1.050000 0.850000 0.600000
vertex 1.049039 0.850000 0.590245
endloop
endfacet
facet normal 0.290187 0.028503 0.956545
outer loop
vertex 1.018766 0.853733 0.646194
vertex 1.009567 0.851903 0.649039
vertex 1.009754 0.850000 0.649039
endloop
endfacet
facet normal 0.290114 0.028609 0.956564
outer loop
vertex 1.018766 0.853733 0.646194
vertex 1.009754 0.850000 0.649039
vertex 1.019134 0.850000 0.646194
endloop
endfacet
facet normal 0.952728 0.093823 -0.288974
outer loop
vertex 1.045307 0.859012 0.580866
vertex 1.048097 0.859567 0.590245
vertex 1.049039 0.850000 0.590245
endloop
endfacet
facet normal 0.952730 0.093764 -0.288988
outer loop
vertex 1.045307 0.859012 0.580866
vertex 1.049039 0.850000 0.590245
vertex 1.046194 0.850000 0.580866
endloop
endfacet
facet normal 0.470874 0.046423 0.880978
outer loop
vertex 1.027245 0.855419 0.641573
vertex 1.018766 0.853733 0.646194
vertex 1.019134 0.850000 0.646194
endloop
endfacet
facet normal 0.470955 0.046345 0.880939
outer loop
vertex 1.027245 0.855419 0.641573
vertex 1.019134 0.850000 0.646194
vertex 1.027778 0.850000 0.641573
endloop
endfacet
facet normal 0.878579 0.086478 -0.469703
outer loop
vertex 1.040774 0.858110 0.572221
vertex 1.045307 0.859012 0.580866
vertex 1.046194 0.850000 0.580866
endloop
endfacet
facet normal 0.878605 0.086577 -0.469636
outer loop
vertex 1.040774 0.858110 0.572221
vertex 1.046194 0.850000 0.580866
vertex 1.041573 0.850000 0.572221
endloop
endfacet
facet normal 0.633107 0.062270 0.771555
outer loop
vertex 1.034676 0.856898 0.635356
vertex 1.027245 0.855419 0.641573
vertex 1.027778 0.850000 0.641573
endloop
endfacet
facet normal 0.633031 0.062414 0.771606
outer loop
vertex 1.034676 0.856898 0.635356
vertex 1.027778 0.850000 0.641573
vertex 1.035356 0.850000 0.635356
endloop
endfacet
facet normal 0.098056 -0.009630 0.995134
outer loop
vertex 1.009754 0.850000 0.649039
vertex 1.000000 0.850000 0.650000
vertex 1.009567 0.848097 0.649039
endloop
endfacet
facet normal 0.097936 -0.009624 -0.995146
outer loop
vertex 1.000000 0.850000 0.550000
vertex 1.009754 0.850000 0.550960
vertex 1.009567 0.848097 0.550960
endloop
endfacet
facet normal 0.990435 -0.097572 -0.097565
outer loop
vertex 1.049039 0.850000 0.590245
vertex 1.050000 0.850000 0.600000
vertex 1.049039 0.840245 0.600000
endloop
endfacet
facet normal 0.990443 -0.097534 -0.097522
outer loop
vertex 1.049039 0.850000 0.590245
vertex 1.049039 0.840245 0.600000
vertex 1.048097 0.840433 0.590245
endloop
endfacet
facet normal 0.290135 -0.028497 0.956561
outer loop
vertex 1.019134 0.850000 0.646194
vertex 1.009754 0.850000 0.649039
vertex 1.009567 0.848097 0.649039
endloop
endfacet
facet normal 0.290134 -0.028611 0.956558
outer loop
vertex 1.019134 0.850000 0.646194
vertex 1.009567 0.848097 0.649039
vertex 1.018766 0.846267 0.646194
endloop
endfacet
facet normal 0.952728 -0.093784 -0.288988
outer loop
vertex 1.046194 0.850000 0.580866
vertex 1.049039 0.850000 0.590245
vertex 1.048097 0.840433 0.590245
endloop
endfacet
facet normal 0.952732 -0.093806 -0.288967
outer loop
vertex 1.046194 0.850000 0.580866
vertex 1.048097 0.840433 0.590245
vertex 1.045307 0.840988 0.580866
endloop
endfacet
facet normal 0.470939 -0.046452 0.880942
outer loop
vertex 1.027778 0.850000 0.641573
vertex 1.019134 0.850000 0.646194
vertex 1.018766 0.846267 0.646194
endloop
endfacet
facet normal 0.470908 -0.046323 0.880965
outer loop
vertex 1.027778 0.850000 0.641573
vertex 1.018766 0.846267 0.646194
vertex 1.027245 0.844581 0.641573
endloop
endfacet
facet normal 0.878610 -0.086501 -0.469641
outer loop
vertex 1.041573 0.850000 0.572221
vertex 1.046194 0.850000 0.580866
vertex 1.045307 0.840988 0.580866
endloop
endfacet
facet normal 0.878572 -0.086548 -0.469702
outer loop
vertex 1.041573 0.850000 0.572221
vertex 1.045307 0.840988 0.580866
vertex 1.040774 0.841890 0.572221
endloop
endfacet
facet normal 0.633031 -0.062281 0.771617
outer loop
vertex 1.035356 0.850000 0.635356
vertex 1.027778 0.850000 0.641573
vertex 1.027245 0.844581 0.641573
endloop
endfacet
facet normal 0.633093 -0.062415 0.771555
outer loop
vertex 1.035356 0.850000 0.635356
vertex 1.027245 0.844581 0.641573
vertex 1.034676 0.843103 0.635356
endloop
endfacet
facet normal 0.770796 -0.075967 -0.632537
outer loop
vertex 1.035356 0.850000 0.564645
vertex 1.041573 0.850000 0.572221
vertex 1.040774 0.841890 0.572221
endloop
endfacet
facet normal 0.770771 -0.075971 -0.632567
outer loop
vertex 1.035356 0.850000 0.564645
vertex 1.040774 0.841890 0.572221
vertex 1.034676 0.843103 0.564645
endloop
endfacet
facet normal 0.770881 -0.075989 0.632431
outer loop
vertex 1.041573 0.850000 0.627778
vertex 1.035356 0.850000 0.635356
vertex 1.034676 0.843103 0.635356
endloop
endfacet
facet normal 0.770852 -0.075976 0.632467
outer loop
vertex 1.041573 0.850000 0.627778
vertex 1.034676 0.843103 0.635356
vertex 1.040774 0.841890 0.627778
endloop
endfacet
facet normal 0.633086 -0.062418 -0.771561
outer loop
vertex 1.027778 0.850000 0.558427
vertex 1.035356 0.850000 0.564645
vertex 1.034676 0.843103 0.564645
endloop
endfacet
facet normal 0.633180 -0.062286 -0.771494
outer loop
vertex 1.027778 0.850000 0.558427
vertex 1.034676 0.843103 0.564645
vertex 1.027245 0.844581 0.558427
endloop
endfacet
facet normal 0.878582 -0.086581 0.469678
outer loop
vertex 1.046194 0.850000 0.619134
vertex 1.041573 0.850000 0.627778
vertex 1.040774 0.841890 0.627778
endloop
endfacet
facet normal 0.878559 -0.086465 0.469743
outer loop
vertex 1.046194 0.850000 0.619134
vertex 1.040774 0.841890 0.627778
vertex 1.045307 0.840988 0.619134
endloop
endfacet
facet normal 0.470951 -0.046345 -0.880941
outer loop
vertex 1.019134 0.850000 0.553806
vertex 1.027778 0.850000 0.558427
vertex 1.027245 0.844581 0.558427
endloop
endfacet
facet normal 0.470882 -0.046421 -0.880974
outer loop
vertex 1.019134 0.850000 0.553806
vertex 1.027245 0.844581 0.558427
vertex 1.018766 0.846267 0.553806
endloop
endfacet
facet normal 0.952738 -0.093756 0.288963
outer loop
vertex 1.049039 0.850000 0.609754
vertex 1.046194 0.850000 0.619134
vertex 1.045307 0.840988 0.619134
endloop
endfacet
facet normal 0.952737 -0.093834 0.288942
outer loop
vertex 1.049039 0.850000 0.609754
vertex 1.045307 0.840988 0.619134
vertex 1.048097 0.840433 0.609754
endloop
endfacet
facet normal 0.290225 -0.028621 -0.956530
outer loop
vertex 1.009754 0.850000 0.550960
vertex 1.019134 0.850000 0.553806
vertex 1.018766 0.846267 0.553806
endloop
endfacet
facet normal 0.290254 -0.028500 -0.956525
outer loop
vertex 1.009754 0.850000 0.550960
vertex 1.018766 0.846267 0.553806
vertex 1.009567 0.848097 0.550960
endloop
endfacet
facet normal 0.990437 -0.097542 0.097574
outer loop
vertex 1.050000 0.850000 0.600000
vertex 1.049039 0.850000 0.609754
vertex 1.048097 0.840433 0.609754
endloop
endfacet
facet normal 0.990439 -0.097564 0.097533
outer loop
vertex 1.050000 0.850000 0.600000
vertex 1.048097 0.840433 0.609754
vertex 1.049039 0.840245 0.600000
endloop
endfacet
facet normal 0.741247 -0.224801 0.632469
outer loop
vertex 1.040774 0.841890 0.627778
vertex 1.034676 0.843103 0.635356
vertex 1.032664 0.836470 0.635356
endloop
endfacet
facet normal 0.741229 -0.224804 0.632489
outer loop
vertex 1.040774 0.841890 0.627778
vertex 1.032664 0.836470 0.635356
vertex 1.038409 0.834091 0.627778
endloop
endfacet
facet normal 0.608826 -0.184676 -0.771509
outer loop
vertex 1.027245 0.844581 0.558427
vertex 1.034676 0.843103 0.564645
vertex 1.032664 0.836470 0.564645
endloop
endfacet
facet normal 0.608818 -0.184669 -0.771517
outer loop
vertex 1.027245 0.844581 0.558427
vertex 1.032664 0.836470 0.564645
vertex 1.025664 0.839369 0.558427
endloop
endfacet
facet normal 0.844805 -0.256198 0.469751
outer loop
vertex 1.045307 0.840988 0.619134
vertex 1.040774 0.841890 0.627778
vertex 1.038409 0.834091 0.627778
endloop
endfacet
facet normal 0.844831 -0.256393 0.469600
outer loop
vertex 1.045307 0.840988 0.619134
vertex 1.038409 0.834091 0.627778
vertex 1.042677 0.832322 0.619134
endloop
endfacet
facet normal 0.452809 -0.137378 -0.880960
outer loop
vertex 1.018766 0.846267 0.553806
vertex 1.027245 0.844581 0.558427
vertex 1.025664 0.839369 0.558427
endloop
endfacet
facet normal 0.452824 -0.137299 -0.880965
outer loop
vertex 1.018766 0.846267 0.553806
vertex 1.025664 0.839369 0.558427
vertex 1.017677 0.842677 0.553806
endloop
endfacet
facet normal 0.916094 -0.277992 0.288949
outer loop
vertex 1.048097 0.840433 0.609754
vertex 1.045307 0.840988 0.619134
vertex 1.042677 0.832322 0.619134
endloop
endfacet
facet normal 0.916090 -0.277866 0.289084
outer loop
vertex 1.048097 0.840433 0.609754
vertex 1.042677 0.832322 0.619134
vertex 1.045307 0.831234 0.609754
endloop
endfacet
facet normal 0.279082 -0.084653 -0.956529
outer loop
vertex 1.009567 0.848097 0.550960
vertex 1.018766 0.846267 0.553806
vertex 1.017677 0.842677 0.553806
endloop
endfacet
facet normal 0.279106 -0.084643 -0.956522
outer loop
vertex 1.009567 0.848097 0.550960
vertex 1.017677 0.842677 0.553806
vertex 1.009012 0.846267 0.550960
endloop
endfacet
facet normal 0.952393 -0.288847 0.097547
outer loop
vertex 1.049039 0.840245 0.600000
vertex 1.048097 0.840433 0.609754
vertex 1.045307 0.831234 0.609754
endloop
endfacet
facet normal 0.952382 -0.288890 0.097523
outer loop
vertex 1.049039 0.840245 0.600000
vertex 1.045307 0.831234 0.609754
vertex 1.046194 0.830866 0.600000
endloop
endfacet
facet normal 0.094281 -0.028594 0.995135
outer loop
vertex 1.009567 0.848097 0.649039
vertex 1.000000 0.850000 0.650000
vertex 1.009012 0.846267 0.649039
endloop
endfacet
facet normal 0.094181 -0.028563 -0.995145
outer loop
vertex 1.000000 0.850000 0.550000
vertex 1.009567 0.848097 0.550960
vertex 1.009012 0.846267 0.550960
endloop
endfacet
facet normal 0.952385 -0.288876 -0.097536
outer loop
vertex 1.048097 0.840433 0.590245
vertex 1.049039 0.840245 0.600000
vertex 1.046194 0.830866 0.600000
endloop
endfacet
facet normal 0.952392 -0.288861 -0.097514
outer loop
vertex 1.048097 0.840433 0.590245
vertex 1.046194 0.830866 0.600000
vertex 1.045307 0.831234 0.590245
endloop
endfacet
facet normal 0.279019 -0.084622 0.956550
outer loop
vertex 1.018766 0.846267 0.646194
vertex 1.009567 0.848097 0.649039
vertex 1.009012 0.846267 0.649039
endloop
endfacet
facet normal 0.278999 -0.084617 0.956556
outer loop
vertex 1.018766 0.846267 0.646194
vertex 1.009012 0.846267 0.649039
vertex 1.017677 0.842677 0.646194
endloop
endfacet
facet normal 0.916127 -0.277861 -0.288971
outer loop
vertex 1.045307 0.840988 0.580866
vertex 1.048097 0.840433 0.590245
vertex 1.045307 0.831234 0.590245
endloop
endfacet
facet normal 0.916040 -0.277988 -0.289124
outer loop
vertex 1.045307 0.840988 0.580866
vertex 1.045307 0.831234 0.590245
vertex 1.042677 0.832322 0.580866
endloop
endfacet
facet normal 0.452819 -0.137348 0.880960
outer loop
vertex 1.027245 0.844581 0.641573
vertex 1.018766 0.846267 0.646194
vertex 1.017677 0.842677 0.646194
endloop
endfacet
facet normal 0.452802 -0.137344 0.880969
outer loop
vertex 1.027245 0.844581 0.641573
vertex 1.017677 0.842677 0.646194
vertex 1.025664 0.839369 0.641573
endloop
endfacet
facet normal 0.844775 -0.256388 -0.469703
outer loop
vertex 1.040774 0.841890 0.572221
vertex 1.045307 0.840988 0.580866
vertex 1.042677 0.832322 0.580866
endloop
endfacet
facet normal 0.844913 -0.256205 -0.469554
outer loop
vertex 1.040774 0.841890 0.572221
vertex 1.042677 0.832322 0.580866
vertex 1.038409 0.834091 0.572221
endloop
endfacet
facet normal 0.608772 -0.184680 0.771550
outer loop
vertex 1.034676 0.843103 0.635356
vertex 1.027245 0.844581 0.641573
vertex 1.025664 0.839369 0.641573
endloop
endfacet
facet normal 0.608768 -0.184645 0.771562
outer loop
vertex 1.034676 0.843103 0.635356
vertex 1.025664 0.839369 0.641573
vertex 1.032664 0.836470 0.635356
endloop
endfacet
facet normal 0.741183 -0.224754 -0.632561
outer loop
vertex 1.034676 0.843103 0.564645
vertex 1.040774 0.841890 0.572221
vertex 1.038409 0.834091 0.572221
endloop
endfacet
facet normal 0.741135 -0.224824 -0.632593
outer loop
vertex 1.034676 0.843103 0.564645
vertex 1.038409 0.834091 0.572221
vertex 1.032664 0.836470 0.564645
endloop
endfacet
facet normal 0.877705 -0.469172 -0.097524
outer loop
vertex 1.045307 0.831234 0.590245
vertex 1.046194 0.830866 0.600000
vertex 1.041573 0.822221 0.600000
endloop
endfacet
facet normal 0.877676 -0.469216 -0.097574
outer loop
vertex 1.045307 0.831234 0.590245
vertex 1.041573 0.822221 0.600000
vertex 1.040774 0.822755 0.590245
endloop
endfacet
facet normal 0.257090 -0.137542 0.956550
outer loop
vertex 1.017677 0.842677 0.646194
vertex 1.009012 0.846267 0.649039
vertex 1.008110 0.844581 0.649039
endloop
endfacet
facet normal 0.257104 -0.137419 0.956564
outer loop
vertex 1.017677 0.842677 0.646194
vertex 1.008110 0.844581 0.649039
vertex 1.015909 0.839369 0.646194
endloop
endfacet
facet normal 0.844221 -0.451351 -0.289089
outer loop
vertex 1.042677 0.832322 0.580866
vertex 1.045307 0.831234 0.590245
vertex 1.040774 0.822755 0.590245
endloop
endfacet
facet normal 0.844342 -0.451205 -0.288966
outer loop
vertex 1.042677 0.832322 0.580866
vertex 1.040774 0.822755 0.590245
vertex 1.038409 0.824336 0.580866
endloop
endfacet
facet normal 0.417333 -0.223057 0.880953
outer loop
vertex 1.025664 0.839369 0.641573
vertex 1.017677 0.842677 0.646194
vertex 1.015909 0.839369 0.646194
endloop
endfacet
facet normal 0.417309 -0.223077 0.880960
outer loop
vertex 1.025664 0.839369 0.641573
vertex 1.015909 0.839369 0.646194
vertex 1.023097 0.834567 0.641573
endloop
endfacet
facet normal 0.778664 -0.416149 -0.469577
outer loop
vertex 1.038409 0.834091 0.572221
vertex 1.042677 0.832322 0.580866
vertex 1.038409 0.824336 0.580866
endloop
endfacet
facet normal 0.778629 -0.416163 -0.469622
outer loop
vertex 1.038409 0.834091 0.572221
vertex 1.038409 0.824336 0.580866
vertex 1.034567 0.826903 0.572221
endloop
endfacet
facet normal 0.561050 -0.299917 0.771539
outer loop
vertex 1.032664 0.836470 0.635356
vertex 1.025664 0.839369 0.641573
vertex 1.023097 0.834567 0.641573
endloop
endfacet
facet normal 0.561035 -0.299841 0.771580
outer loop
vertex 1.032664 0.836470 0.635356
vertex 1.023097 0.834567 0.641573
vertex 1.029397 0.830357 0.635356
endloop
endfacet
facet normal 0.683043 -0.365065 -0.632597
outer loop
vertex 1.032664 0.836470 0.564645
vertex 1.038409 0.834091 0.572221
vertex 1.034567 0.826903 0.572221
endloop
endfacet
facet normal 0.683056 -0.365079 -0.632576
outer loop
vertex 1.032664 0.836470 0.564645
vertex 1.034567 0.826903 0.572221
vertex 1.029397 0.830357 0.564645
endloop
endfacet
facet normal 0.683136 -0.365074 0.632492
outer loop
vertex 1.038409 0.834091 0.627778
vertex 1.032664 0.836470 0.635356
vertex 1.029397 0.830357 0.635356
endloop
endfacet
facet normal 0.683114 -0.365133 0.632482
outer loop
vertex 1.038409 0.834091 0.627778
vertex 1.029397 0.830357 0.635356
vertex 1.034567 0.826903 0.627778
endloop
endfacet
facet normal 0.561113 -0.299900 -0.771500
outer loop
vertex 1.025664 0.839369 0.558427
vertex 1.032664 0.836470 0.564645
vertex 1.029397 0.830357 0.564645
endloop
endfacet
facet normal 0.561070 -0.299916 -0.771525
outer loop
vertex 1.025664 0.839369 0.558427
vertex 1.029397 0.830357 0.564645
vertex 1.023097 0.834567 0.558427
endloop
endfacet
facet normal 0.778626 -0.416179 0.469613
outer loop
vertex 1.042677 0.832322 0.619134
vertex 1.038409 0.834091 0.627778
vertex 1.034567 0.826903 0.627778
endloop
endfacet
facet normal 0.778639 -0.416099 0.469663
outer loop
vertex 1.042677 0.832322 0.619134
vertex 1.034567 0.826903 0.627778
vertex 1.038409 0.824336 0.619134
endloop
endfacet
facet normal 0.417312 -0.223079 -0.880958
outer loop
vertex 1.017677 0.842677 0.553806
vertex 1.025664 0.839369 0.558427
vertex 1.023097 0.834567 0.558427
endloop
endfacet
facet normal 0.417327 -0.223061 -0.880955
outer loop
vertex 1.017677 0.842677 0.553806
vertex 1.023097 0.834567 0.558427
vertex 1.015909 0.839369 0.553806
endloop
endfacet
facet normal 0.844299 -0.451226 0.289057
outer loop
vertex 1.045307 0.831234 0.609754
vertex 1.042677 0.832322 0.619134
vertex 1.038409 0.824336 0.619134
endloop
endfacet
facet normal 0.844271 -0.451347 0.288951
outer loop
vertex 1.045307 0.831234 0.609754
vertex 1.038409 0.824336 0.619134
vertex 1.040774 0.822755 0.609754
endloop
endfacet
facet normal 0.257200 -0.137486 -0.956528
outer loop
vertex 1.009012 0.846267 0.550960
vertex 1.017677 0.842677 0.553806
vertex 1.015909 0.839369 0.553806
endloop
endfacet
facet normal 0.257150 -0.137546 -0.956533
outer loop
vertex 1.009012 0.846267 0.550960
vertex 1.015909 0.839369 0.553806
vertex 1.008110 0.844581 0.550960
endloop
endfacet
facet normal 0.877677 -0.469225 0.097525
outer loop
vertex 1.046194 0.830866 0.600000
vertex 1.045307 0.831234 0.609754
vertex 1.040774 0.822755 0.609754
endloop
endfacet
facet normal 0.877700 -0.469168 0.097594
outer loop
vertex 1.046194 0.830866 0.600000
vertex 1.040774 0.822755 0.609754
vertex 1.041573 0.822221 0.600000
endloop
endfacet
facet normal 0.086856 -0.046474 0.995136
outer loop
vertex 1.009012 0.846267 0.649039
vertex 1.000000 0.850000 0.650000
vertex 1.008110 0.844581 0.649039
endloop
endfacet
facet normal 0.086771 -0.046419 -0.995146
outer loop
vertex 1.000000 0.850000 0.550000
vertex 1.009012 0.846267 0.550960
vertex 1.008110 0.844581 0.550960
endloop
endfacet
facet normal 0.491754 -0.403613 -0.771540
outer loop
vertex 1.023097 0.834567 0.558427
vertex 1.029397 0.830357 0.564645
vertex 1.025000 0.825000 0.564645
endloop
endfacet
facet normal 0.491792 -0.403634 -0.771505
outer loop
vertex 1.023097 0.834567 0.558427
vertex 1.025000 0.825000 0.564645
vertex 1.019642 0.830357 0.558427
endloop
endfacet
facet normal 0.682467 -0.560058 0.469653
outer loop
vertex 1.038409 0.824336 0.619134
vertex 1.034567 0.826903 0.627778
vertex 1.029397 0.820603 0.627778
endloop
endfacet
facet normal 0.682452 -0.560101 0.469623
outer loop
vertex 1.038409 0.824336 0.619134
vertex 1.029397 0.820603 0.627778
vertex 1.032664 0.817336 0.619134
endloop
endfacet
facet normal 0.365799 -0.300194 -0.880951
outer loop
vertex 1.015909 0.839369 0.553806
vertex 1.023097 0.834567 0.558427
vertex 1.019642 0.830357 0.558427
endloop
endfacet
facet normal 0.365818 -0.300192 -0.880944
outer loop
vertex 1.015909 0.839369 0.553806
vertex 1.019642 0.830357 0.558427
vertex 1.013530 0.836470 0.553806
endloop
endfacet
facet normal 0.740034 -0.607336 0.288952
outer loop
vertex 1.040774 0.822755 0.609754
vertex 1.038409 0.824336 0.619134
vertex 1.032664 0.817336 0.619134
endloop
endfacet
facet normal 0.740044 -0.607299 0.289003
outer loop
vertex 1.040774 0.822755 0.609754
vertex 1.032664 0.817336 0.619134
vertex 1.034676 0.815324 0.609754
endloop
endfacet
facet normal 0.225428 -0.184986 -0.956537
outer loop
vertex 1.008110 0.844581 0.550960
vertex 1.015909 0.839369 0.553806
vertex 1.013530 0.836470 0.553806
endloop
endfacet
facet normal 0.225512 -0.184968 -0.956520
outer loop
vertex 1.008110 0.844581 0.550960
vertex 1.013530 0.836470 0.553806
vertex 1.006898 0.843103 0.550960
endloop
endfacet
facet normal 0.769355 -0.631325 0.097579
outer loop
vertex 1.041573 0.822221 0.600000
vertex 1.040774 0.822755 0.609754
vertex 1.034676 0.815324 0.609754
endloop
endfacet
facet normal 0.769340 -0.631342 0.097584
outer loop
vertex 1.041573 0.822221 0.600000
vertex 1.034676 0.815324 0.609754
vertex 1.035356 0.814645 0.600000
endloop
endfacet
facet normal 0.076226 -0.062477 0.995131
outer loop
vertex 1.008110 0.844581 0.649039
vertex 1.000000 0.850000 0.650000
vertex 1.006898 0.843103 0.649039
endloop
endfacet
facet normal 0.076119 -0.062413 -0.995143
outer loop
vertex 1.000000 0.850000 0.550000
vertex 1.008110 0.844581 0.550960
vertex 1.006898 0.843103 0.550960
endloop
endfacet
facet normal 0.769342 -0.631342 -0.097571
outer loop
vertex 1.040774 0.822755 0.590245
vertex 1.041573 0.822221 0.600000
vertex 1.035356 0.814645 0.600000
endloop
endfacet
facet normal 0.769357 -0.631324 -0.097571
outer loop
vertex 1.040774 0.822755 0.590245
vertex 1.035356 0.814645 0.600000
vertex 1.034676 0.815324 0.590245
endloop
endfacet
facet normal 0.225394 -0.184868 0.956567
outer loop
vertex 1.015909 0.839369 0.646194
vertex 1.008110 0.844581 0.649039
vertex 1.006898 0.843103 0.649039
endloop
endfacet
facet normal 0.225378 -0.184939 0.956558
outer loop
vertex 1.015909 0.839369 0.646194
vertex 1.006898 0.843103 0.649039
vertex 1.013530 0.836470 0.646194
endloop
endfacet
facet normal 0.740045 -0.607305 -0.288987
outer loop
vertex 1.038409 0.824336 0.580866
vertex 1.040774 0.822755 0.590245
vertex 1.034676 0.815324 0.590245
endloop
endfacet
facet normal 0.740014 -0.607321 -0.289035
outer loop
vertex 1.038409 0.824336 0.580866
vertex 1.034676 0.815324 0.590245
vertex 1.032664 0.817336 0.580866
endloop
endfacet
facet normal 0.365817 -0.300196 0.880943
outer loop
vertex 1.023097 0.834567 0.641573
vertex 1.015909 0.839369 0.646194
vertex 1.013530 0.836470 0.646194
endloop
endfacet
facet normal 0.365786 -0.300190 0.880958
outer loop
vertex 1.023097 0.834567 0.641573
vertex 1.013530 0.836470 0.646194
vertex 1.019642 0.830357 0.641573
endloop
endfacet
facet normal 0.682469 -0.560088 -0.469614
outer loop
vertex 1.034567 0.826903 0.572221
vertex 1.038409 0.824336 0.580866
vertex 1.032664 0.817336 0.580866
endloop
endfacet
facet normal 0.682484 -0.560095 -0.469584
outer loop
vertex 1.034567 0.826903 0.572221
vertex 1.032664 0.817336 0.580866
vertex 1.029397 0.820603 0.572221
endloop
endfacet
facet normal 0.491736 -0.403569 0.771575
outer loop
vertex 1.029397 0.830357 0.635356
vertex 1.023097 0.834567 0.641573
vertex 1.019642 0.830357 0.641573
endloop
endfacet
facet normal 0.491731 -0.403602 0.771561
outer loop
vertex 1.029397 0.830357 0.635356
vertex 1.019642 0.830357 0.641573
vertex 1.025000 0.825000 0.635356
endloop
endfacet
facet normal 0.598716 -0.491316 -0.632572
outer loop
vertex 1.029397 0.830357 0.564645
vertex 1.034567 0.826903 0.572221
vertex 1.029397 0.820603 0.572221
endloop
endfacet
facet normal 0.598637 -0.491347 -0.632623
outer loop
vertex 1.029397 0.830357 0.564645
vertex 1.029397 0.820603 0.572221
vertex 1.025000 0.825000 0.564645
endloop
endfacet
facet normal 0.598731 -0.491426 0.632473
outer loop
vertex 1.034567 0.826903 0.627778
vertex 1.029397 0.830357 0.635356
vertex 1.025000 0.825000 0.635356
endloop
endfacet
facet normal 0.598747 -0.491351 0.632515
outer loop
vertex 1.034567 0.826903 0.627778
vertex 1.025000 0.825000 0.635356
vertex 1.029397 0.820603 0.627778
endloop
endfacet
facet normal 0.184865 -0.225431 0.956559
outer loop
vertex 1.013530 0.836470 0.646194
vertex 1.006898 0.843103 0.649039
vertex 1.005419 0.841890 0.649039
endloop
endfacet
facet normal 0.184895 -0.225401 0.956561
outer loop
vertex 1.013530 0.836470 0.646194
vertex 1.005419 0.841890 0.649039
vertex 1.010630 0.834091 0.646194
endloop
endfacet
facet normal 0.607284 -0.740048 -0.289024
outer loop
vertex 1.032664 0.817336 0.580866
vertex 1.034676 0.815324 0.590245
vertex 1.027245 0.809226 0.590245
endloop
endfacet
facet normal 0.607332 -0.740027 -0.288976
outer loop
vertex 1.032664 0.817336 0.580866
vertex 1.027245 0.809226 0.590245
vertex 1.025664 0.811591 0.580866
endloop
endfacet
facet normal 0.300133 -0.365886 0.880936
outer loop
vertex 1.019642 0.830357 0.641573
vertex 1.013530 0.836470 0.646194
vertex 1.010630 0.834091 0.646194
endloop
endfacet
facet normal 0.300166 -0.365776 0.880970
outer loop
vertex 1.019642 0.830357 0.641573
vertex 1.010630 0.834091 0.646194
vertex 1.015433 0.826903 0.641573
endloop
endfacet
facet normal 0.560099 -0.682479 -0.469585
outer loop
vertex 1.029397 0.820603 0.572221
vertex 1.032664 0.817336 0.580866
vertex 1.025664 0.811591 0.580866
endloop
endfacet
facet normal 0.560065 -0.682488 -0.469613
outer loop
vertex 1.029397 0.820603 0.572221
vertex 1.025664 0.811591 0.580866
vertex 1.023097 0.815433 0.572221
endloop
endfacet
facet normal 0.403560 -0.491802 0.771537
outer loop
vertex 1.025000 0.825000 0.635356
vertex 1.019642 0.830357 0.641573
vertex 1.015433 0.826903 0.641573
endloop
endfacet
facet normal 0.403576 -0.491752 0.771561
outer loop
vertex 1.025000 0.825000 0.635356
vertex 1.015433 0.826903 0.641573
vertex 1.019642 0.820603 0.635356
endloop
endfacet
facet normal 0.491304 -0.598686 -0.632611
outer loop
vertex 1.025000 0.825000 0.564645
vertex 1.029397 0.820603 0.572221
vertex 1.023097 0.815433 0.572221
endloop
endfacet
facet normal 0.491296 -0.598709 -0.632595
outer loop
vertex 1.025000 0.825000 0.564645
vertex 1.023097 0.815433 0.572221
vertex 1.019642 0.820603 0.564645
endloop
endfacet
facet normal 0.491351 -0.598767 0.632497
outer loop
vertex 1.029397 0.820603 0.627778
vertex 1.025000 0.825000 0.635356
vertex 1.019642 0.820603 0.635356
endloop
endfacet
facet normal 0.491356 -0.598745 0.632513
outer loop
vertex 1.029397 0.820603 0.627778
vertex 1.019642 0.820603 0.635356
vertex 1.023097 0.815433 0.627778
endloop
endfacet
facet normal 0.403611 -0.491815 -0.771503
outer loop
vertex 1.019642 0.830357 0.558427
vertex 1.025000 0.825000 0.564645
vertex 1.019642 0.820603 0.564645
endloop
endfacet
facet normal 0.403609 -0.491812 -0.771506
outer loop
vertex 1.019642 0.830357 0.558427
vertex 1.019642 0.820603 0.564645
vertex 1.015433 0.826903 0.558427
endloop
endfacet
facet normal 0.560072 -0.682474 0.469627
outer loop
vertex 1.032664 0.817336 0.619134
vertex 1.029397 0.820603 0.627778
vertex 1.023097 0.815433 0.627778
endloop
endfacet
facet normal 0.560066 -0.682465 0.469645
outer loop
vertex 1.032664 0.817336 0.619134
vertex 1.023097 0.815433 0.627778
vertex 1.025664 0.811591 0.619134
endloop
endfacet
facet normal 0.300189 -0.365804 -0.880950
outer loop
vertex 1.013530 0.836470 0.553806
vertex 1.019642 0.830357 0.558427
vertex 1.015433 0.826903 0.558427
endloop
endfacet
facet normal 0.300096 -0.365841 -0.880967
outer loop
vertex 1.013530 0.836470 0.553806
vertex 1.015433 0.826903 0.558427
vertex 1.010630 0.834091 0.553806
endloop
endfacet
facet normal 0.607324 -0.740028 0.288993
outer loop
vertex 1.034676 0.815324 0.609754
vertex 1.032664 0.817336 0.619134
vertex 1.025664 0.811591 0.619134
endloop
endfacet
facet normal 0.607306 -0.740056 0.288957
outer loop
vertex 1.034676 0.815324 0.609754
vertex 1.025664 0.811591 0.619134
vertex 1.027245 0.809226 0.609754
endloop
endfacet
facet normal 0.184969 -0.225461 -0.956532
outer loop
vertex 1.006898 0.843103 0.550960
vertex 1.013530 0.836470 0.553806
vertex 1.010630 0.834091 0.553806
endloop
endfacet
facet normal 0.184949 -0.225511 -0.956524
outer loop
vertex 1.006898 0.843103 0.550960
vertex 1.010630 0.834091 0.553806
vertex 1.005419 0.841890 0.550960
endloop
endfacet
facet normal 0.631335 -0.769348 0.097567
outer loop
vertex 1.035356 0.814645 0.600000
vertex 1.034676 0.815324 0.609754
vertex 1.027245 0.809226 0.609754
endloop
endfacet
facet normal 0.631312 -0.769371 0.097539
outer loop
vertex 1.035356 0.814645 0.600000
vertex 1.027245 0.809226 0.609754
vertex 1.027778 0.808427 0.600000
endloop
endfacet
facet normal 0.062443 -0.076169 0.995138
outer loop
vertex 1.006898 0.843103 0.649039
vertex 1.000000 0.850000 0.650000
vertex 1.005419 0.841890 0.649039
endloop
endfacet
facet normal 0.062375 -0.076089 -0.995148
outer loop
vertex 1.000000 0.850000 0.550000
vertex 1.006898 0.843103 0.550960
vertex 1.005419 0.841890 0.550960
endloop
endfacet
facet normal 0.631303 -0.769375 -0.097560
outer loop
vertex 1.034676 0.815324 0.590245
vertex 1.035356 0.814645 0.600000
vertex 1.027778 0.808427 0.600000
endloop
endfacet
facet normal 0.631346 -0.769345 -0.097525
outer loop
vertex 1.034676 0.815324 0.590245
vertex 1.027778 0.808427 0.600000
vertex 1.027245 0.809226 0.590245
endloop
endfacet
facet normal 0.416181 -0.778594 0.469664
outer loop
vertex 1.025664 0.811591 0.619134
vertex 1.023097 0.815433 0.627778
vertex 1.015909 0.811591 0.627778
endloop
endfacet
facet normal 0.416101 -0.778684 0.469585
outer loop
vertex 1.025664 0.811591 0.619134
vertex 1.015909 0.811591 0.627778
vertex 1.017677 0.807323 0.619134
endloop
endfacet
facet normal 0.223048 -0.417308 -0.880968
outer loop
vertex 1.010630 0.834091 0.553806
vertex 1.015433 0.826903 0.558427
vertex 1.010630 0.824336 0.558427
endloop
endfacet
facet normal 0.223176 -0.417317 -0.880931
outer loop
vertex 1.010630 0.834091 0.553806
vertex 1.010630 0.824336 0.558427
vertex 1.007322 0.832322 0.553806
endloop
endfacet
facet normal 0.451212 -0.844347 0.288940
outer loop
vertex 1.027245 0.809226 0.609754
vertex 1.025664 0.811591 0.619134
vertex 1.017677 0.807323 0.619134
endloop
endfacet
facet normal 0.451333 -0.844228 0.289097
outer loop
vertex 1.027245 0.809226 0.609754
vertex 1.017677 0.807323 0.619134
vertex 1.018766 0.804693 0.609754
endloop
endfacet
facet normal 0.137537 -0.257163 -0.956530
outer loop
vertex 1.005419 0.841890 0.550960
vertex 1.010630 0.834091 0.553806
vertex 1.007322 0.832322 0.553806
endloop
endfacet
facet normal 0.137552 -0.257162 -0.956529
outer loop
vertex 1.005419 0.841890 0.550960
vertex 1.007322 0.832322 0.553806
vertex 1.003733 0.840988 0.550960
endloop
endfacet
facet normal 0.469220 -0.877678 0.097538
outer loop
vertex 1.027778 0.808427 0.600000
vertex 1.027245 0.809226 0.609754
vertex 1.018766 0.804693 0.609754
endloop
endfacet
facet normal 0.469195 -0.877693 0.097523
outer loop
vertex 1.027778 0.808427 0.600000
vertex 1.018766 0.804693 0.609754
vertex 1.019134 0.803806 0.600000
endloop
endfacet
facet normal 0.046484 -0.086870 0.995135
outer loop
vertex 1.005419 0.841890 0.649039
vertex 1.000000 0.850000 0.650000
vertex 1.003733 0.840988 0.649039
endloop
endfacet
facet normal 0.046423 -0.086779 -0.995145
outer loop
vertex 1.000000 0.850000 0.550000
vertex 1.005419 0.841890 0.550960
vertex 1.003733 0.840988 0.550960
endloop
endfacet
facet normal 0.469193 -0.877693 -0.097529
outer loop
vertex 1.027245 0.809226 0.590245
vertex 1.027778 0.808427 0.600000
vertex 1.019134 0.803806 0.600000
endloop
endfacet
facet normal 0.469220 -0.877681 -0.097511
outer loop
vertex 1.027245 0.809226 0.590245
vertex 1.019134 0.803806 0.600000
vertex 1.018766 0.804693 0.590245
endloop
endfacet
facet normal 0.137505 -0.257055 0.956564
outer loop
vertex 1.010630 0.834091 0.646194
vertex 1.005419 0.841890 0.649039
vertex 1.003733 0.840988 0.649039
endloop
endfacet
facet normal 0.137489 -0.257092 0.956557
outer loop
vertex 1.010630 0.834091 0.646194
vertex 1.003733 0.840988 0.649039
vertex 1.007322 0.832322 0.646194
endloop
endfacet
facet normal 0.451356 -0.844259 -0.288970
outer loop
vertex 1.025664 0.811591 0.580866
vertex 1.027245 0.809226 0.590245
vertex 1.018766 0.804693 0.590245
endloop
endfacet
facet normal 0.451175 -0.844302 -0.289129
outer loop
vertex 1.025664 0.811591 0.580866
vertex 1.018766 0.804693 0.590245
vertex 1.017677 0.807323 0.580866
endloop
endfacet
facet normal 0.223147 -0.417249 0.880970
outer loop
vertex 1.015433 0.826903 0.641573
vertex 1.010630 0.834091 0.646194
vertex 1.007322 0.832322 0.646194
endloop
endfacet
facet normal 0.223055 -0.417355 0.880943
outer loop
vertex 1.015433 0.826903 0.641573
vertex 1.007322 0.832322 0.646194
vertex 1.010630 0.824336 0.641573
endloop
endfacet
facet normal 0.416115 -0.778654 -0.469623
outer loop
vertex 1.023097 0.815433 0.572221
vertex 1.025664 0.811591 0.580866
vertex 1.017677 0.807323 0.580866
endloop
endfacet
facet normal 0.416185 -0.778665 -0.469543
outer loop
vertex 1.023097 0.815433 0.572221
vertex 1.017677 0.807323 0.580866
vertex 1.015909 0.811591 0.572221
endloop
endfacet
facet normal 0.299843 -0.561067 0.771555
outer loop
vertex 1.019642 0.820603 0.635356
vertex 1.015433 0.826903 0.641573
vertex 1.010630 0.824336 0.641573
endloop
endfacet
facet normal 0.299884 -0.561032 0.771565
outer loop
vertex 1.019642 0.820603 0.635356
vertex 1.010630 0.824336 0.641573
vertex 1.013530 0.817336 0.635356
endloop
endfacet
facet normal 0.365080 -0.683014 -0.632620
outer loop
vertex 1.019642 0.820603 0.564645
vertex 1.023097 0.815433 0.572221
vertex 1.015909 0.811591 0.572221
endloop
endfacet
facet normal 0.365107 -0.683038 -0.632579
outer loop
vertex 1.019642 0.820603 0.564645
vertex 1.015909 0.811591 0.572221
vertex 1.013530 0.817336 0.564645
endloop
endfacet
facet normal 0.365134 -0.683086 0.632511
outer loop
vertex 1.023097 0.815433 0.627778
vertex 1.019642 0.820603 0.635356
vertex 1.013530 0.817336 0.635356
endloop
endfacet
facet normal 0.365114 -0.683113 0.632494
outer loop
vertex 1.023097 0.815433 0.627778
vertex 1.013530 0.817336 0.635356
vertex 1.015909 0.811591 0.627778
endloop
endfacet
facet normal 0.299914 -0.561102 -0.771502
outer loop
vertex 1.015433 0.826903 0.558427
vertex 1.019642 0.820603 0.564645
vertex 1.013530 0.817336 0.564645
endloop
endfacet
facet normal 0.299883 -0.561098 -0.771518
outer loop
vertex 1.015433 0.826903 0.558427
vertex 1.013530 0.817336 0.564645
vertex 1.010630 0.824336 0.558427
endloop
endfacet
facet normal 0.277846 -0.916079 -0.289139
outer loop
vertex 1.017677 0.807323 0.580866
vertex 1.018766 0.804693 0.590245
vertex 1.009567 0.801903 0.590245
endloop
endfacet
facet normal 0.278038 -0.916076 -0.288963
outer loop
vertex 1.017677 0.807323 0.580866
vertex 1.009567 0.801903 0.590245
vertex 1.009012 0.804693 0.580866
endloop
endfacet
facet normal 0.137301 -0.452888 0.880931
outer loop
vertex 1.010630 0.824336 0.641573
vertex 1.007322 0.832322 0.646194
vertex 1.003733 0.831234 0.646194
endloop
endfacet
facet normal 0.137368 -0.452785 0.880974
outer loop
vertex 1.010630 0.824336 0.641573
vertex 1.003733 0.831234 0.646194
vertex 1.005419 0.822755 0.641573
endloop
endfacet
facet normal 0.256423 -0.844852 -0.469545
outer loop
vertex 1.015909 0.811591 0.572221
vertex 1.017677 0.807323 0.580866
vertex 1.009012 0.804693 0.580866
endloop
endfacet
facet normal 0.256193 -0.844821 -0.469726
outer loop
vertex 1.015909 0.811591 0.572221
vertex 1.009012 0.804693 0.580866
vertex 1.008110 0.809226 0.572221
endloop
endfacet
facet normal 0.184693 -0.608746 0.771568
outer loop
vertex 1.013530 0.817336 0.635356
vertex 1.010630 0.824336 0.641573
vertex 1.005419 0.822755 0.641573
endloop
endfacet
facet normal 0.184679 -0.608751 0.771567
outer loop
vertex 1.013530 0.817336 0.635356
vertex 1.005419 0.822755 0.641573
vertex 1.006898 0.815324 0.635356
endloop
endfacet
facet normal 0.224744 -0.741158 -0.632593
outer loop
vertex 1.013530 0.817336 0.564645
vertex 1.015909 0.811591 0.572221
vertex 1.008110 0.809226 0.572221
endloop
endfacet
facet normal 0.224854 -0.741166 -0.632545
outer loop
vertex 1.013530 0.817336 0.564645
vertex 1.008110 0.809226 0.572221
vertex 1.006898 0.815324 0.564645
endloop
endfacet
facet normal 0.224858 -0.741202 0.632502
outer loop
vertex 1.015909 0.811591 0.627778
vertex 1.013530 0.817336 0.635356
vertex 1.006898 0.815324 0.635356
endloop
endfacet
facet normal 0.224784 -0.741273 0.632444
outer loop
vertex 1.015909 0.811591 0.627778
vertex 1.006898 0.815324 0.635356
vertex 1.008110 0.809226 0.627778
endloop
endfacet
facet normal 0.184693 -0.608785 -0.771537
outer loop
vertex 1.010630 0.824336 0.558427
vertex 1.013530 0.817336 0.564645
vertex 1.006898 0.815324 0.564645
endloop
endfacet
facet normal 0.184703 -0.608829 -0.771500
outer loop
vertex 1.010630 0.824336 0.558427
vertex 1.006898 0.815324 0.564645
vertex 1.005419 0.822755 0.558427
endloop
endfacet
facet normal 0.256211 -0.844896 0.469580
outer loop
vertex 1.017677 0.807323 0.619134
vertex 1.015909 0.811591 0.627778
vertex 1.008110 0.809226 0.627778
endloop
endfacet
facet normal 0.256390 -0.844748 0.469750
outer loop
vertex 1.017677 0.807323 0.619134
vertex 1.008110 0.809226 0.627778
vertex 1.009012 0.804693 0.619134
endloop
endfacet
facet normal 0.137388 -0.452823 -0.880952
outer loop
vertex 1.007322 0.832322 0.553806
vertex 1.010630 0.824336 0.558427
vertex 1.005419 0.822755 0.558427
endloop
endfacet
facet normal 0.137281 -0.452833 -0.880963
outer loop
vertex 1.007322 0.832322 0.553806
vertex 1.005419 0.822755 0.558427
vertex 1.003733 0.831234 0.553806
endloop
endfacet
facet normal 0.278029 -0.916026 0.289129
outer loop
vertex 1.018766 0.804693 0.609754
vertex 1.017677 0.807323 0.619134
vertex 1.009012 0.804693 0.619134
endloop
endfacet
facet normal 0.277861 -0.916140 0.288931
outer loop
vertex 1.018766 0.804693 0.609754
vertex 1.009012 0.804693 0.619134
vertex 1.009567 0.801903 0.609754
endloop
endfacet
facet normal 0.084592 -0.279093 -0.956531
outer loop
vertex 1.003733 0.840988 0.550960
vertex 1.007322 0.832322 0.553806
vertex 1.003733 0.831234 0.553806
endloop
endfacet
facet normal 0.084649 -0.279077 -0.956531
outer loop
vertex 1.003733 0.840988 0.550960
vertex 1.003733 0.831234 0.553806
vertex 1.001903 0.840433 0.550960
endloop
endfacet
facet normal 0.288855 -0.952395 0.097499
outer loop
vertex 1.019134 0.803806 0.600000
vertex 1.018766 0.804693 0.609754
vertex 1.009567 0.801903 0.609754
endloop
endfacet
facet normal 0.288952 -0.952353 0.097620
outer loop
vertex 1.019134 0.803806 0.600000
vertex 1.009567 0.801903 0.609754
vertex 1.009754 0.800960 0.600000
endloop
endfacet
facet normal 0.028608 -0.094269 0.995136
outer loop
vertex 1.003733 0.840988 0.649039
vertex 1.000000 0.850000 0.650000
vertex 1.001903 0.840433 0.649039
endloop
endfacet
facet normal 0.028587 -0.094176 -0.995145
outer loop
vertex 1.000000 0.850000 0.550000
vertex 1.003733 0.840988 0.550960
vertex 1.001903 0.840433 0.550960
endloop
endfacet
facet normal 0.288956 -0.952364 -0.097505
outer loop
vertex 1.018766 0.804693 0.590245
vertex 1.019134 0.803806 0.600000
vertex 1.009754 0.800960 0.600000
endloop
endfacet
facet normal 0.288852 -0.952386 -0.097597
outer loop
vertex 1.018766 0.804693 0.590245
vertex 1.009754 0.800960 0.600000
vertex 1.009567 0.801903 0.590245
endloop
endfacet
facet normal 0.084641 -0.278962 0.956565
outer loop
vertex 1.007322 0.832322 0.646194
vertex 1.003733 0.840988 0.649039
vertex 1.001903 0.840433 0.649039
endloop
endfacet
facet normal 0.084563 -0.279023 0.956554
outer loop
vertex 1.007322 0.832322 0.646194
vertex 1.001903 0.840433 0.649039
vertex 1.003733 0.831234 0.646194
endloop
endfacet
facet normal 0.046397 -0.470888 -0.880972
outer loop
vertex 1.003733 0.831234 0.553806
vertex 1.005419 0.822755 0.558427
vertex 1.000000 0.822221 0.558427
endloop
endfacet
facet normal 0.046424 -0.470901 -0.880964
outer loop
vertex 1.003733 0.831234 0.553806
vertex 1.000000 0.822221 0.558427
vertex 1.000000 0.830866 0.553806
endloop
endfacet
facet normal 0.093769 -0.952746 0.288933
outer loop
vertex 1.009567 0.801903 0.609754
vertex 1.009012 0.804693 0.619134
vertex 1.000000 0.803806 0.619134
endloop
endfacet
facet normal 0.093906 -0.952693 0.289063
outer loop
vertex 1.009567 0.801903 0.609754
vertex 1.000000 0.803806 0.619134
vertex 1.000000 0.800960 0.609754
endloop
endfacet
facet normal 0.028608 -0.290247 -0.956524
outer loop
vertex 1.001903 0.840433 0.550960
vertex 1.003733 0.831234 0.553806
vertex 1.000000 0.830866 0.553806
endloop
endfacet
facet normal 0.028698 -0.290250 -0.956520
outer loop
vertex 1.001903 0.840433 0.550960
vertex 1.000000 0.830866 0.553806
vertex 1.000000 0.840245 0.550960
endloop
endfacet
facet normal 0.097625 -0.990423 0.097631
outer loop
vertex 1.009754 0.800960 0.600000
vertex 1.009567 0.801903 0.609754
vertex 1.000000 0.800960 0.609754
endloop
endfacet
facet normal 0.097487 -0.990452 0.097478
outer loop
vertex 1.009754 0.800960 0.600000
vertex 1.000000 0.800960 0.609754
vertex 1.000000 0.800000 0.600000
endloop
endfacet
facet normal 0.009685 -0.098037 0.995136
outer loop
vertex 1.001903 0.840433 0.649039
vertex 1.000000 0.850000 0.650000
vertex 1.000000 0.840245 0.649039
endloop
endfacet
facet normal 0.009694 -0.097932 -0.995146
outer loop
vertex 1.000000 0.850000 0.550000
vertex 1.001903 0.840433 0.550960
vertex 1.000000 0.840245 0.550960
endloop
endfacet
facet normal 0.097486 -0.990439 -0.097603
outer loop
vertex 1.009567 0.801903 0.590245
vertex 1.009754 0.800960 0.600000
vertex 1.000000 0.800000 0.600000
endloop
endfacet
facet normal 0.097626 -0.990437 -0.097484
outer loop
vertex 1.009567 0.801903 0.590245
vertex 1.000000 0.800000 0.600000
vertex 1.000000 0.800960 0.590245
endloop
endfacet
facet normal 0.028689 -0.290112 0.956563
outer loop
vertex 1.003733 0.831234 0.646194
vertex 1.001903 0.840433 0.649039
vertex 1.000000 0.840245 0.649039
endloop
endfacet
facet normal 0.028600 -0.290165 0.956549
outer loop
vertex 1.003733 0.831234 0.646194
vertex 1.000000 0.840245 0.649039
vertex 1.000000 0.830866 0.646194
endloop
endfacet
facet normal 0.093910 -0.952723 -0.288963
outer loop
vertex 1.009012 0.804693 0.580866
vertex 1.009567 0.801903 0.590245
vertex 1.000000 0.800960 0.590245
endloop
endfacet
facet normal 0.093765 -0.952697 -0.289097
outer loop
vertex 1.009012 0.804693 0.580866
vertex 1.000000 0.800960 0.590245
vertex 1.000000 0.803806 0.580866
endloop
endfacet
facet normal 0.046425 -0.470896 0.880966
outer loop
vertex 1.005419 0.822755 0.641573
vertex 1.003733 0.831234 0.646194
vertex 1.000000 0.830866 0.646194
endloop
endfacet
facet normal 0.046410 -0.470895 0.880967
outer loop
vertex 1.005419 0.822755 0.641573
vertex 1.000000 0.830866 0.646194
vertex 1.000000 0.822221 0.641573
endloop
endfacet
facet normal 0.086471 -0.878579 -0.469705
outer loop
vertex 1.008110 0.809226 0.572221
vertex 1.009012 0.804693 0.580866
vertex 1.000000 0.803806 0.580866
endloop
endfacet
facet normal 0.086563 -0.878606 -0.469636
outer loop
vertex 1.008110 0.809226 0.572221
vertex 1.000000 0.803806 0.580866
vertex 1.000000 0.808427 0.572221
endloop
endfacet
facet normal 0.062395 -0.633098 0.771553
outer loop
vertex 1.006898 0.815324 0.635356
vertex 1.005419 0.822755 0.641573
vertex 1.000000 0.822221 0.641573
endloop
endfacet
facet normal 0.062313 -0.633130 0.771533
outer loop
vertex 1.006898 0.815324 0.635356
vertex 1.000000 0.822221 0.641573
vertex 1.000000 0.814645 0.635356
endloop
endfacet
facet normal 0.075940 -0.770782 -0.632557
outer loop
vertex 1.006898 0.815324 0.564645
vertex 1.008110 0.809226 0.572221
vertex 1.000000 0.808427 0.572221
endloop
endfacet
facet normal 0.075871 -0.770755 -0.632598
outer loop
vertex 1.006898 0.815324 0.564645
vertex 1.000000 0.808427 0.572221
vertex 1.000000 0.814645 0.564645
endloop
endfacet
facet normal 0.075882 -0.770865 0.632462
outer loop
vertex 1.008110 0.809226 0.627778
vertex 1.006898 0.815324 0.635356
vertex 1.000000 0.814645 0.635356
endloop
endfacet
facet normal 0.075950 -0.770833 0.632494
outer loop
vertex 1.008110 0.809226 0.627778
vertex 1.000000 0.814645 0.635356
vertex 1.000000 0.808427 0.627778
endloop
endfacet
facet normal 0.062332 -0.633166 -0.771502
outer loop
vertex 1.005419 0.822755 0.558427
vertex 1.006898 0.815324 0.564645
vertex 1.000000 0.814645 0.564645
endloop
endfacet
facet normal 0.062391 -0.633187 -0.771480
outer loop
vertex 1.005419 0.822755 0.558427
vertex 1.000000 0.814645 0.564645
vertex 1.000000 0.822221 0.558427
endloop
endfacet
facet normal 0.086560 -0.878542 0.469756
outer loop
vertex 1.009012 0.804693 0.619134
vertex 1.008110 0.809226 0.627778
vertex 1.000000 0.808427 0.627778
endloop
endfacet
facet normal 0.086474 -0.878594 0.469675
outer loop
vertex 1.009012 0.804693 0.619134
vertex 1.000000 0.808427 0.627778
vertex 1.000000 0.803806 0.619134
endloop
endfacet
facet normal -0.086475 -0.878618 -0.469631
outer loop
vertex 1.000000 0.808427 0.572221
vertex 1.000000 0.803806 0.580866
vertex 0.990988 0.804693 0.580866
endloop
endfacet
facet normal -0.086559 -0.878568 -0.469709
outer loop
vertex 1.000000 0.808427 0.572221
vertex 0.990988 0.804693 0.580866
vertex 0.991890 0.809226 0.572221
endloop
endfacet
facet normal -0.062380 -0.633125 0.771532
outer loop
vertex 1.000000 0.814645 0.635356
vertex 1.000000 0.822221 0.641573
vertex 0.994581 0.822755 0.641573
endloop
endfacet
facet normal -0.062334 -0.633117 0.771543
outer loop
vertex 1.000000 0.814645 0.635356
vertex 0.994581 0.822755 0.641573
vertex 0.993103 0.815324 0.635356
endloop
endfacet
facet normal -0.075944 -0.770748 -0.632597
outer loop
vertex 1.000000 0.814645 0.564645
vertex 1.000000 0.808427 0.572221
vertex 0.991890 0.809226 0.572221
endloop
endfacet
facet normal -0.075877 -0.770790 -0.632555
outer loop
vertex 1.000000 0.814645 0.564645
vertex 0.991890 0.809226 0.572221
vertex 0.993103 0.815324 0.564645
endloop
endfacet
facet normal -0.075888 -0.770833 0.632501
outer loop
vertex 1.000000 0.808427 0.627778
vertex 1.000000 0.814645 0.635356
vertex 0.993103 0.815324 0.635356
endloop
endfacet
facet normal -0.075953 -0.770861 0.632459
outer loop
vertex 1.000000 0.808427 0.627778
vertex 0.993103 0.815324 0.635356
vertex 0.991890 0.809226 0.627778
endloop
endfacet
facet normal -0.062335 -0.633191 -0.771481
outer loop
vertex 1.000000 0.822221 0.558427
vertex 1.000000 0.814645 0.564645
vertex 0.993103 0.815324 0.564645
endloop
endfacet
facet normal -0.062390 -0.633155 -0.771506
outer loop
vertex 1.000000 0.822221 0.558427
vertex 0.993103 0.815324 0.564645
vertex 0.994581 0.822755 0.558427
endloop
endfacet
facet normal -0.086565 -0.878590 0.469665
outer loop
vertex 1.000000 0.803806 0.619134
vertex 1.000000 0.808427 0.627778
vertex 0.991890 0.809226 0.627778
endloop
endfacet
facet normal -0.086470 -0.878555 0.469748
outer loop
vertex 1.000000 0.803806 0.619134
vertex 0.991890 0.809226 0.627778
vertex 0.990988 0.804693 0.619134
endloop
endfacet
facet normal -0.046398 -0.470896 -0.880968
outer loop
vertex 1.000000 0.830866 0.553806
vertex 1.000000 0.822221 0.558427
vertex 0.994581 0.822755 0.558427
endloop
endfacet
facet normal -0.046423 -0.470894 -0.880968
outer loop
vertex 1.000000 0.830866 0.553806
vertex 0.994581 0.822755 0.558427
vertex 0.996267 0.831234 0.553806
endloop
endfacet
facet normal -0.093765 -0.952706 0.289068
outer loop
vertex 1.000000 0.800960 0.609754
vertex 1.000000 0.803806 0.619134
vertex 0.990988 0.804693 0.619134
endloop
endfacet
facet normal -0.093910 -0.952732 0.288934
outer loop
vertex 1.000000 0.800960 0.609754
vertex 0.990988 0.804693 0.619134
vertex 0.990433 0.801903 0.609754
endloop
endfacet
facet normal -0.028634 -0.290250 -0.956522
outer loop
vertex 1.000000 0.840245 0.550960
vertex 1.000000 0.830866 0.553806
vertex 0.996267 0.831234 0.553806
endloop
endfacet
facet normal -0.028647 -0.290233 -0.956527
outer loop
vertex 1.000000 0.840245 0.550960
vertex 0.996267 0.831234 0.553806
vertex 0.998097 0.840433 0.550960
endloop
endfacet
facet normal -0.097625 -0.990436 0.097494
outer loop
vertex 1.000000 0.800000 0.600000
vertex 1.000000 0.800960 0.609754
vertex 0.990433 0.801903 0.609754
endloop
endfacet
facet normal -0.097475 -0.990438 0.097626
outer loop
vertex 1.000000 0.800000 0.600000
vertex 0.990433 0.801903 0.609754
vertex 0.990245 0.800960 0.600000
endloop
endfacet
facet normal -0.009685 -0.098040 0.995135
outer loop
vertex 1.000000 0.840245 0.649039
vertex 1.000000 0.850000 0.650000
vertex 0.998097 0.840433 0.649039
endloop
endfacet
facet normal -0.009694 -0.097934 -0.995146
outer loop
vertex 1.000000 0.850000 0.550000
vertex 1.000000 0.840245 0.550960
vertex 0.998097 0.840433 0.550960
endloop
endfacet
facet normal -0.097476 -0.990453 -0.097477
outer loop
vertex 1.000000 0.800960 0.590245
vertex 1.000000 0.800000 0.600000
vertex 0.990245 0.800960 0.600000
endloop
endfacet
facet normal -0.097625 -0.990423 -0.097626
outer loop
vertex 1.000000 0.800960 0.590245
vertex 0.990245 0.800960 0.600000
vertex 0.990433 0.801903 0.590245
endloop
endfacet
facet normal -0.028642 -0.290166 0.956548
outer loop
vertex 1.000000 0.830866 0.646194
vertex 1.000000 0.840245 0.649039
vertex 0.998097 0.840433 0.649039
endloop
endfacet
facet normal -0.028624 -0.290133 0.956558
outer loop
vertex 1.000000 0.830866 0.646194
vertex 0.998097 0.840433 0.649039
vertex 0.996267 0.831234 0.646194
endloop
endfacet
facet normal -0.093904 -0.952685 -0.289090
outer loop
vertex 1.000000 0.803806 0.580866
vertex 1.000000 0.800960 0.590245
vertex 0.990433 0.801903 0.590245
endloop
endfacet
facet normal -0.093774 -0.952737 -0.288960
outer loop
vertex 1.000000 0.803806 0.580866
vertex 0.990433 0.801903 0.590245
vertex 0.990988 0.804693 0.580866
endloop
endfacet
facet normal -0.046426 -0.470901 0.880963
outer loop
vertex 1.000000 0.822221 0.641573
vertex 1.000000 0.830866 0.646194
vertex 0.996267 0.831234 0.646194
endloop
endfacet
facet normal -0.046409 -0.470890 0.880970
outer loop
vertex 1.000000 0.822221 0.641573
vertex 0.996267 0.831234 0.646194
vertex 0.994581 0.822755 0.641573
endloop
endfacet
facet normal -0.084601 -0.279100 -0.956528
outer loop
vertex 0.998097 0.840433 0.550960
vertex 0.996267 0.831234 0.553806
vertex 0.992677 0.832322 0.553806
endloop
endfacet
facet normal -0.084586 -0.279058 -0.956542
outer loop
vertex 0.998097 0.840433 0.550960
vertex 0.992677 0.832322 0.553806
vertex 0.996267 0.840988 0.550960
endloop
endfacet
facet normal -0.288851 -0.952382 0.097636
outer loop
vertex 0.990245 0.800960 0.600000
vertex 0.990433 0.801903 0.609754
vertex 0.981234 0.804693 0.609754
endloop
endfacet
facet normal -0.288986 -0.952355 0.097505
outer loop
vertex 0.990245 0.800960 0.600000
vertex 0.981234 0.804693 0.609754
vertex 0.980866 0.803806 0.600000
endloop
endfacet
facet normal -0.028607 -0.094265 0.995136
outer loop
vertex 0.998097 0.840433 0.649039
vertex 1.000000 0.850000 0.650000
vertex 0.996267 0.840988 0.649039
endloop
endfacet
facet normal -0.028586 -0.094172 -0.995145
outer loop
vertex 1.000000 0.850000 0.550000
vertex 0.998097 0.840433 0.550960
vertex 0.996267 0.840988 0.550960
endloop
endfacet
facet normal -0.288980 -0.952344 -0.097629
outer loop
vertex 0.990433 0.801903 0.590245
vertex 0.990245 0.800960 0.600000
vertex 0.980866 0.803806 0.600000
endloop
endfacet
facet normal -0.288860 -0.952395 -0.097490
outer loop
vertex 0.990433 0.801903 0.590245
vertex 0.980866 0.803806 0.600000
vertex 0.981234 0.804693 0.590245
endloop
endfacet
facet normal -0.084592 -0.279016 0.956553
outer loop
vertex 0.996267 0.831234 0.646194
vertex 0.998097 0.840433 0.649039
vertex 0.996267 0.840988 0.649039
endloop
endfacet
facet normal -0.084564 -0.278993 0.956562
outer loop
vertex 0.996267 0.831234 0.646194
vertex 0.996267 0.840988 0.649039
vertex 0.992677 0.832322 0.646194
endloop
endfacet
facet normal -0.277853 -0.916133 -0.288961
outer loop
vertex 0.990988 0.804693 0.580866
vertex 0.990433 0.801903 0.590245
vertex 0.981234 0.804693 0.590245
endloop
endfacet
facet normal -0.278004 -0.916039 -0.289113
outer loop
vertex 0.990988 0.804693 0.580866
vertex 0.981234 0.804693 0.590245
vertex 0.982322 0.807323 0.580866
endloop
endfacet
facet normal -0.137229 -0.452834 0.880971
outer loop
vertex 0.994581 0.822755 0.641573
vertex 0.996267 0.831234 0.646194
vertex 0.992677 0.832322 0.646194
endloop
endfacet
facet normal -0.137372 -0.452864 0.880933
outer loop
vertex 0.994581 0.822755 0.641573
vertex 0.992677 0.832322 0.646194
vertex 0.989369 0.824336 0.641573
endloop
endfacet
facet normal -0.256378 -0.844770 -0.469716
outer loop
vertex 0.991890 0.809226 0.572221
vertex 0.990988 0.804693 0.580866
vertex 0.982322 0.807323 0.580866
endloop
endfacet
facet normal -0.256216 -0.844897 -0.469577
outer loop
vertex 0.991890 0.809226 0.572221
vertex 0.982322 0.807323 0.580866
vertex 0.984091 0.811591 0.572221
endloop
endfacet
facet normal -0.184662 -0.608785 0.771545
outer loop
vertex 0.993103 0.815324 0.635356
vertex 0.994581 0.822755 0.641573
vertex 0.989369 0.824336 0.641573
endloop
endfacet
facet normal -0.184659 -0.608767 0.771559
outer loop
vertex 0.993103 0.815324 0.635356
vertex 0.989369 0.824336 0.641573
vertex 0.986470 0.817336 0.635356
endloop
endfacet
facet normal -0.224766 -0.741179 -0.632562
outer loop
vertex 0.993103 0.815324 0.564645
vertex 0.991890 0.809226 0.572221
vertex 0.984091 0.811591 0.572221
endloop
endfacet
facet normal -0.224794 -0.741136 -0.632602
outer loop
vertex 0.993103 0.815324 0.564645
vertex 0.984091 0.811591 0.572221
vertex 0.986470 0.817336 0.564645
endloop
endfacet
facet normal -0.224846 -0.741238 0.632464
outer loop
vertex 0.991890 0.809226 0.627778
vertex 0.993103 0.815324 0.635356
vertex 0.986470 0.817336 0.635356
endloop
endfacet
facet normal -0.224771 -0.741231 0.632499
outer loop
vertex 0.991890 0.809226 0.627778
vertex 0.986470 0.817336 0.635356
vertex 0.984091 0.811591 0.627778
endloop
endfacet
facet normal -0.184669 -0.608830 -0.771507
outer loop
vertex 0.994581 0.822755 0.558427
vertex 0.993103 0.815324 0.564645
vertex 0.986470 0.817336 0.564645
endloop
endfacet
facet normal -0.184672 -0.608833 -0.771504
outer loop
vertex 0.994581 0.822755 0.558427
vertex 0.986470 0.817336 0.564645
vertex 0.989369 0.824336 0.558427
endloop
endfacet
facet normal -0.256183 -0.844804 0.469762
outer loop
vertex 0.990988 0.804693 0.619134
vertex 0.991890 0.809226 0.627778
vertex 0.984091 0.811591 0.627778
endloop
endfacet
facet normal -0.256386 -0.844820 0.469623
outer loop
vertex 0.990988 0.804693 0.619134
vertex 0.984091 0.811591 0.627778
vertex 0.982322 0.807323 0.619134
endloop
endfacet
facet normal -0.137361 -0.452808 -0.880964
outer loop
vertex 0.996267 0.831234 0.553806
vertex 0.994581 0.822755 0.558427
vertex 0.989369 0.824336 0.558427
endloop
endfacet
facet normal -0.137244 -0.452920 -0.880924
outer loop
vertex 0.996267 0.831234 0.553806
vertex 0.989369 0.824336 0.558427
vertex 0.992677 0.832322 0.553806
endloop
endfacet
facet normal -0.278018 -0.916093 0.288928
outer loop
vertex 0.990433 0.801903 0.609754
vertex 0.990988 0.804693 0.619134
vertex 0.982322 0.807323 0.619134
endloop
endfacet
facet normal -0.277848 -0.916095 0.289084
outer loop
vertex 0.990433 0.801903 0.609754
vertex 0.982322 0.807323 0.619134
vertex 0.981234 0.804693 0.609754
endloop
endfacet
facet normal -0.299915 -0.561046 0.771543
outer loop
vertex 0.986470 0.817336 0.635356
vertex 0.989369 0.824336 0.641573
vertex 0.984567 0.826903 0.641573
endloop
endfacet
facet normal -0.299848 -0.561035 0.771577
outer loop
vertex 0.986470 0.817336 0.635356
vertex 0.984567 0.826903 0.641573
vertex 0.980357 0.820603 0.635356
endloop
endfacet
facet normal -0.365080 -0.683037 -0.632596
outer loop
vertex 0.986470 0.817336 0.564645
vertex 0.984091 0.811591 0.572221
vertex 0.976903 0.815433 0.572221
endloop
endfacet
facet normal -0.365064 -0.683067 -0.632572
outer loop
vertex 0.986470 0.817336 0.564645
vertex 0.976903 0.815433 0.572221
vertex 0.980357 0.820603 0.564645
endloop
endfacet
facet normal -0.365084 -0.683130 0.632493
outer loop
vertex 0.984091 0.811591 0.627778
vertex 0.986470 0.817336 0.635356
vertex 0.980357 0.820603 0.635356
endloop
endfacet
facet normal -0.365134 -0.683117 0.632478
outer loop
vertex 0.984091 0.811591 0.627778
vertex 0.980357 0.820603 0.635356
vertex 0.976903 0.815433 0.627778
endloop
endfacet
facet normal -0.299887 -0.561120 -0.771500
outer loop
vertex 0.989369 0.824336 0.558427
vertex 0.986470 0.817336 0.564645
vertex 0.980357 0.820603 0.564645
endloop
endfacet
facet normal -0.299927 -0.561056 -0.771531
outer loop
vertex 0.989369 0.824336 0.558427
vertex 0.980357 0.820603 0.564645
vertex 0.984567 0.826903 0.558427
endloop
endfacet
facet normal -0.416178 -0.778624 0.469618
outer loop
vertex 0.982322 0.807323 0.619134
vertex 0.984091 0.811591 0.627778
vertex 0.976903 0.815433 0.627778
endloop
endfacet
facet normal -0.416132 -0.778626 0.469655
outer loop
vertex 0.982322 0.807323 0.619134
vertex 0.976903 0.815433 0.627778
vertex 0.974336 0.811591 0.619134
endloop
endfacet
facet normal -0.223104 -0.417326 -0.880945
outer loop
vertex 0.992677 0.832322 0.553806
vertex 0.989369 0.824336 0.558427
vertex 0.984567 0.826903 0.558427
endloop
endfacet
facet normal -0.223158 -0.417258 -0.880963
outer loop
vertex 0.992677 0.832322 0.553806
vertex 0.984567 0.826903 0.558427
vertex 0.989369 0.834091 0.553806
endloop
endfacet
facet normal -0.451225 -0.844296 0.289067
outer loop
vertex 0.981234 0.804693 0.609754
vertex 0.982322 0.807323 0.619134
vertex 0.974336 0.811591 0.619134
endloop
endfacet
facet normal -0.451365 -0.844263 0.288945
outer loop
vertex 0.981234 0.804693 0.609754
vertex 0.974336 0.811591 0.619134
vertex 0.972755 0.809226 0.609754
endloop
endfacet
facet normal -0.137535 -0.257172 -0.956528
outer loop
vertex 0.996267 0.840988 0.550960
vertex 0.992677 0.832322 0.553806
vertex 0.989369 0.834091 0.553806
endloop
endfacet
facet normal -0.137533 -0.257125 -0.956541
outer loop
vertex 0.996267 0.840988 0.550960
vertex 0.989369 0.834091 0.553806
vertex 0.994581 0.841890 0.550960
endloop
endfacet
facet normal -0.469230 -0.877676 0.097511
outer loop
vertex 0.980866 0.803806 0.600000
vertex 0.981234 0.804693 0.609754
vertex 0.972755 0.809226 0.609754
endloop
endfacet
facet normal -0.469160 -0.877704 0.097595
outer loop
vertex 0.980866 0.803806 0.600000
vertex 0.972755 0.809226 0.609754
vertex 0.972221 0.808427 0.600000
endloop
endfacet
facet normal -0.046486 -0.086875 0.995134
outer loop
vertex 0.996267 0.840988 0.649039
vertex 1.000000 0.850000 0.650000
vertex 0.994581 0.841890 0.649039
endloop
endfacet
facet normal -0.046423 -0.086780 -0.995145
outer loop
vertex 1.000000 0.850000 0.550000
vertex 0.996267 0.840988 0.550960
vertex 0.994581 0.841890 0.550960
endloop
endfacet
facet normal -0.469154 -0.877717 -0.097502
outer loop
vertex 0.981234 0.804693 0.590245
vertex 0.980866 0.803806 0.600000
vertex 0.972221 0.808427 0.600000
endloop
endfacet
facet normal -0.469233 -0.877666 -0.097584
outer loop
vertex 0.981234 0.804693 0.590245
vertex 0.972221 0.808427 0.600000
vertex 0.972755 0.809226 0.590245
endloop
endfacet
facet normal -0.137511 -0.257067 0.956560
outer loop
vertex 0.992677 0.832322 0.646194
vertex 0.996267 0.840988 0.649039
vertex 0.994581 0.841890 0.649039
endloop
endfacet
facet normal -0.137473 -0.257075 0.956563
outer loop
vertex 0.992677 0.832322 0.646194
vertex 0.994581 0.841890 0.649039
vertex 0.989369 0.834091 0.646194
endloop
endfacet
facet normal -0.451339 -0.844228 -0.289088
outer loop
vertex 0.982322 0.807323 0.580866
vertex 0.981234 0.804693 0.590245
vertex 0.972755 0.809226 0.590245
endloop
endfacet
facet normal -0.451241 -0.844321 -0.288968
outer loop
vertex 0.982322 0.807323 0.580866
vertex 0.972755 0.809226 0.590245
vertex 0.974336 0.811591 0.580866
endloop
endfacet
facet normal -0.223157 -0.417293 0.880947
outer loop
vertex 0.989369 0.824336 0.641573
vertex 0.992677 0.832322 0.646194
vertex 0.989369 0.834091 0.646194
endloop
endfacet
facet normal -0.223082 -0.417301 0.880962
outer loop
vertex 0.989369 0.824336 0.641573
vertex 0.989369 0.834091 0.646194
vertex 0.984567 0.826903 0.641573
endloop
endfacet
facet normal -0.416147 -0.778672 -0.469565
outer loop
vertex 0.984091 0.811591 0.572221
vertex 0.982322 0.807323 0.580866
vertex 0.974336 0.811591 0.580866
endloop
endfacet
facet normal -0.416183 -0.778614 -0.469631
outer loop
vertex 0.984091 0.811591 0.572221
vertex 0.974336 0.811591 0.580866
vertex 0.976903 0.815433 0.572221
endloop
endfacet
facet normal -0.631330 -0.769348 0.097597
outer loop
vertex 0.972221 0.808427 0.600000
vertex 0.972755 0.809226 0.609754
vertex 0.965324 0.815324 0.609754
endloop
endfacet
facet normal -0.631401 -0.769302 0.097503
outer loop
vertex 0.972221 0.808427 0.600000
vertex 0.965324 0.815324 0.609754
vertex 0.964645 0.814645 0.600000
endloop
endfacet
facet normal -0.062471 -0.076153 0.995137
outer loop
vertex 0.994581 0.841890 0.649039
vertex 1.000000 0.850000 0.650000
vertex 0.993103 0.843103 0.649039
endloop
endfacet
facet normal -0.062401 -0.076071 -0.995148
outer loop
vertex 1.000000 0.850000 0.550000
vertex 0.994581 0.841890 0.550960
vertex 0.993103 0.843103 0.550960
endloop
endfacet
facet normal -0.631399 -0.769293 -0.097584
outer loop
vertex 0.972755 0.809226 0.590245
vertex 0.972221 0.808427 0.600000
vertex 0.964645 0.814645 0.600000
endloop
endfacet
facet normal -0.631336 -0.769357 -0.097494
outer loop
vertex 0.972755 0.809226 0.590245
vertex 0.964645 0.814645 0.600000
vertex 0.965324 0.815324 0.590245
endloop
endfacet
facet normal -0.184977 -0.225357 0.956555
outer loop
vertex 0.989369 0.834091 0.646194
vertex 0.994581 0.841890 0.649039
vertex 0.993103 0.843103 0.649039
endloop
endfacet
facet normal -0.184922 -0.225344 0.956569
outer loop
vertex 0.989369 0.834091 0.646194
vertex 0.993103 0.843103 0.649039
vertex 0.986470 0.836470 0.646194
endloop
endfacet
facet normal -0.607307 -0.740050 -0.288973
outer loop
vertex 0.974336 0.811591 0.580866
vertex 0.972755 0.809226 0.590245
vertex 0.965324 0.815324 0.590245
endloop
endfacet
facet normal -0.607319 -0.740015 -0.289034
outer loop
vertex 0.974336 0.811591 0.580866
vertex 0.965324 0.815324 0.590245
vertex 0.967336 0.817336 0.580866
endloop
endfacet
facet normal -0.300176 -0.365826 0.880946
outer loop
vertex 0.984567 0.826903 0.641573
vertex 0.989369 0.834091 0.646194
vertex 0.986470 0.836470 0.646194
endloop
endfacet
facet normal -0.300145 -0.365816 0.880961
outer loop
vertex 0.984567 0.826903 0.641573
vertex 0.986470 0.836470 0.646194
vertex 0.980357 0.830357 0.641573
endloop
endfacet
facet normal -0.560094 -0.682473 -0.469602
outer loop
vertex 0.976903 0.815433 0.572221
vertex 0.974336 0.811591 0.580866
vertex 0.967336 0.817336 0.580866
endloop
endfacet
facet normal -0.560077 -0.682503 -0.469577
outer loop
vertex 0.976903 0.815433 0.572221
vertex 0.967336 0.817336 0.580866
vertex 0.970603 0.820603 0.572221
endloop
endfacet
facet normal -0.403486 -0.491795 0.771580
outer loop
vertex 0.980357 0.820603 0.635356
vertex 0.984567 0.826903 0.641573
vertex 0.980357 0.830357 0.641573
endloop
endfacet
facet normal -0.403629 -0.491756 0.771531
outer loop
vertex 0.980357 0.820603 0.635356
vertex 0.980357 0.830357 0.641573
vertex 0.975000 0.825000 0.635356
endloop
endfacet
facet normal -0.491318 -0.598715 -0.632571
outer loop
vertex 0.980357 0.820603 0.564645
vertex 0.976903 0.815433 0.572221
vertex 0.970603 0.820603 0.572221
endloop
endfacet
facet normal -0.491360 -0.598635 -0.632615
outer loop
vertex 0.980357 0.820603 0.564645
vertex 0.970603 0.820603 0.572221
vertex 0.975000 0.825000 0.564645
endloop
endfacet
facet normal -0.491447 -0.598726 0.632461
outer loop
vertex 0.976903 0.815433 0.627778
vertex 0.980357 0.820603 0.635356
vertex 0.975000 0.825000 0.635356
endloop
endfacet
facet normal -0.491340 -0.598755 0.632517
outer loop
vertex 0.976903 0.815433 0.627778
vertex 0.975000 0.825000 0.635356
vertex 0.970603 0.820603 0.627778
endloop
endfacet
facet normal -0.403636 -0.491763 -0.771523
outer loop
vertex 0.984567 0.826903 0.558427
vertex 0.980357 0.820603 0.564645
vertex 0.975000 0.825000 0.564645
endloop
endfacet
facet normal -0.403557 -0.491888 -0.771484
outer loop
vertex 0.984567 0.826903 0.558427
vertex 0.975000 0.825000 0.564645
vertex 0.980357 0.830357 0.558427
endloop
endfacet
facet normal -0.560053 -0.682475 0.469647
outer loop
vertex 0.974336 0.811591 0.619134
vertex 0.976903 0.815433 0.627778
vertex 0.970603 0.820603 0.627778
endloop
endfacet
facet normal -0.560085 -0.682468 0.469619
outer loop
vertex 0.974336 0.811591 0.619134
vertex 0.970603 0.820603 0.627778
vertex 0.967336 0.817336 0.619134
endloop
endfacet
facet normal -0.300132 -0.365833 -0.880958
outer loop
vertex 0.989369 0.834091 0.553806
vertex 0.984567 0.826903 0.558427
vertex 0.980357 0.830357 0.558427
endloop
endfacet
facet normal -0.300171 -0.365804 -0.880957
outer loop
vertex 0.989369 0.834091 0.553806
vertex 0.980357 0.830357 0.558427
vertex 0.986470 0.836470 0.553806
endloop
endfacet
facet normal -0.607342 -0.740029 0.288950
outer loop
vertex 0.972755 0.809226 0.609754
vertex 0.974336 0.811591 0.619134
vertex 0.967336 0.817336 0.619134
endloop
endfacet
facet normal -0.607289 -0.740054 0.288998
outer loop
vertex 0.972755 0.809226 0.609754
vertex 0.967336 0.817336 0.619134
vertex 0.965324 0.815324 0.609754
endloop
endfacet
facet normal -0.184996 -0.225431 -0.956534
outer loop
vertex 0.994581 0.841890 0.550960
vertex 0.989369 0.834091 0.553806
vertex 0.986470 0.836470 0.553806
endloop
endfacet
facet normal -0.185018 -0.225420 -0.956532
outer loop
vertex 0.994581 0.841890 0.550960
vertex 0.986470 0.836470 0.553806
vertex 0.993103 0.843103 0.550960
endloop
endfacet
facet normal -0.598686 -0.491304 -0.632611
outer loop
vertex 0.975000 0.825000 0.564645
vertex 0.970603 0.820603 0.572221
vertex 0.965433 0.826903 0.572221
endloop
endfacet
facet normal -0.598659 -0.491379 -0.632578
outer loop
vertex 0.975000 0.825000 0.564645
vertex 0.965433 0.826903 0.572221
vertex 0.970603 0.830357 0.564645
endloop
endfacet
facet normal -0.598702 -0.491403 0.632518
outer loop
vertex 0.970603 0.820603 0.627778
vertex 0.975000 0.825000 0.635356
vertex 0.970603 0.830357 0.635356
endloop
endfacet
facet normal -0.598768 -0.491380 0.632473
outer loop
vertex 0.970603 0.820603 0.627778
vertex 0.970603 0.830357 0.635356
vertex 0.965433 0.826903 0.627778
endloop
endfacet
facet normal -0.491795 -0.403675 -0.771482
outer loop
vertex 0.980357 0.830357 0.558427
vertex 0.975000 0.825000 0.564645
vertex 0.970603 0.830357 0.564645
endloop
endfacet
facet normal -0.491837 -0.403513 -0.771540
outer loop
vertex 0.980357 0.830357 0.558427
vertex 0.970603 0.830357 0.564645
vertex 0.976903 0.834567 0.558427
endloop
endfacet
facet normal -0.682485 -0.560059 0.469626
outer loop
vertex 0.967336 0.817336 0.619134
vertex 0.970603 0.820603 0.627778
vertex 0.965433 0.826903 0.627778
endloop
endfacet
facet normal -0.682443 -0.560089 0.469650
outer loop
vertex 0.967336 0.817336 0.619134
vertex 0.965433 0.826903 0.627778
vertex 0.961591 0.824336 0.619134
endloop
endfacet
facet normal -0.365829 -0.300130 -0.880960
outer loop
vertex 0.986470 0.836470 0.553806
vertex 0.980357 0.830357 0.558427
vertex 0.976903 0.834567 0.558427
endloop
endfacet
facet normal -0.365818 -0.300192 -0.880944
outer loop
vertex 0.986470 0.836470 0.553806
vertex 0.976903 0.834567 0.558427
vertex 0.984091 0.839369 0.553806
endloop
endfacet
facet normal -0.740011 -0.607338 0.289006
outer loop
vertex 0.965324 0.815324 0.609754
vertex 0.967336 0.817336 0.619134
vertex 0.961591 0.824336 0.619134
endloop
endfacet
facet normal -0.740063 -0.607297 0.288959
outer loop
vertex 0.965324 0.815324 0.609754
vertex 0.961591 0.824336 0.619134
vertex 0.959226 0.822755 0.609754
endloop
endfacet
facet normal -0.225422 -0.184982 -0.956539
outer loop
vertex 0.993103 0.843103 0.550960
vertex 0.986470 0.836470 0.553806
vertex 0.984091 0.839369 0.553806
endloop
endfacet
facet normal -0.225420 -0.185018 -0.956532
outer loop
vertex 0.993103 0.843103 0.550960
vertex 0.984091 0.839369 0.553806
vertex 0.991890 0.844581 0.550960
endloop
endfacet
facet normal -0.769351 -0.631341 0.097510
outer loop
vertex 0.964645 0.814645 0.600000
vertex 0.965324 0.815324 0.609754
vertex 0.959226 0.822755 0.609754
endloop
endfacet
facet normal -0.769294 -0.631401 0.097575
outer loop
vertex 0.964645 0.814645 0.600000
vertex 0.959226 0.822755 0.609754
vertex 0.958427 0.822221 0.600000
endloop
endfacet
facet normal -0.076203 -0.062508 0.995131
outer loop
vertex 0.993103 0.843103 0.649039
vertex 1.000000 0.850000 0.650000
vertex 0.991890 0.844581 0.649039
endloop
endfacet
facet normal -0.076097 -0.062445 -0.995143
outer loop
vertex 1.000000 0.850000 0.550000
vertex 0.993103 0.843103 0.550960
vertex 0.991890 0.844581 0.550960
endloop
endfacet
facet normal -0.769301 -0.631405 -0.097488
outer loop
vertex 0.965324 0.815324 0.590245
vertex 0.964645 0.814645 0.600000
vertex 0.958427 0.822221 0.600000
endloop
endfacet
facet normal -0.769349 -0.631334 -0.097566
outer loop
vertex 0.965324 0.815324 0.590245
vertex 0.958427 0.822221 0.600000
vertex 0.959226 0.822755 0.590245
endloop
endfacet
facet normal -0.225356 -0.184941 0.956562
outer loop
vertex 0.986470 0.836470 0.646194
vertex 0.993103 0.843103 0.649039
vertex 0.991890 0.844581 0.649039
endloop
endfacet
facet normal -0.225366 -0.184942 0.956560
outer loop
vertex 0.986470 0.836470 0.646194
vertex 0.991890 0.844581 0.649039
vertex 0.984091 0.839369 0.646194
endloop
endfacet
facet normal -0.740044 -0.607284 -0.289036
outer loop
vertex 0.967336 0.817336 0.580866
vertex 0.965324 0.815324 0.590245
vertex 0.959226 0.822755 0.590245
endloop
endfacet
facet normal -0.740016 -0.607344 -0.288981
outer loop
vertex 0.967336 0.817336 0.580866
vertex 0.959226 0.822755 0.590245
vertex 0.961591 0.824336 0.580866
endloop
endfacet
facet normal -0.365788 -0.300173 0.880963
outer loop
vertex 0.980357 0.830357 0.641573
vertex 0.986470 0.836470 0.646194
vertex 0.984091 0.839369 0.646194
endloop
endfacet
facet normal -0.365835 -0.300143 0.880953
outer loop
vertex 0.980357 0.830357 0.641573
vertex 0.984091 0.839369 0.646194
vertex 0.976903 0.834567 0.641573
endloop
endfacet
facet normal -0.682480 -0.560096 -0.469589
outer loop
vertex 0.970603 0.820603 0.572221
vertex 0.967336 0.817336 0.580866
vertex 0.961591 0.824336 0.580866
endloop
endfacet
facet normal -0.682473 -0.560086 -0.469611
outer loop
vertex 0.970603 0.820603 0.572221
vertex 0.961591 0.824336 0.580866
vertex 0.965433 0.826903 0.572221
endloop
endfacet
facet normal -0.491854 -0.403532 0.771519
outer loop
vertex 0.975000 0.825000 0.635356
vertex 0.980357 0.830357 0.641573
vertex 0.976903 0.834567 0.641573
endloop
endfacet
facet normal -0.491705 -0.403602 0.771578
outer loop
vertex 0.975000 0.825000 0.635356
vertex 0.976903 0.834567 0.641573
vertex 0.970603 0.830357 0.635356
endloop
endfacet
facet normal -0.086860 -0.046476 0.995136
outer loop
vertex 0.991890 0.844581 0.649039
vertex 1.000000 0.850000 0.650000
vertex 0.990988 0.846267 0.649039
endloop
endfacet
facet normal -0.086772 -0.046420 -0.995146
outer loop
vertex 1.000000 0.850000 0.550000
vertex 0.991890 0.844581 0.550960
vertex 0.990988 0.846267 0.550960
endloop
endfacet
facet normal -0.877707 -0.469159 -0.097574
outer loop
vertex 0.959226 0.822755 0.590245
vertex 0.958427 0.822221 0.600000
vertex 0.953806 0.830866 0.600000
endloop
endfacet
facet normal -0.877675 -0.469232 -0.097506
outer loop
vertex 0.959226 0.822755 0.590245
vertex 0.953806 0.830866 0.600000
vertex 0.954693 0.831234 0.590245
endloop
endfacet
facet normal -0.257062 -0.137489 0.956565
outer loop
vertex 0.984091 0.839369 0.646194
vertex 0.991890 0.844581 0.649039
vertex 0.990988 0.846267 0.649039
endloop
endfacet
facet normal -0.257064 -0.137481 0.956565
outer loop
vertex 0.984091 0.839369 0.646194
vertex 0.990988 0.846267 0.649039
vertex 0.982322 0.842677 0.646194
endloop
endfacet
facet normal -0.844259 -0.451351 -0.288978
outer loop
vertex 0.961591 0.824336 0.580866
vertex 0.959226 0.822755 0.590245
vertex 0.954693 0.831234 0.590245
endloop
endfacet
facet normal -0.844292 -0.451223 -0.289082
outer loop
vertex 0.961591 0.824336 0.580866
vertex 0.954693 0.831234 0.590245
vertex 0.957323 0.832322 0.580866
endloop
endfacet
facet normal -0.417279 -0.223130 0.880960
outer loop
vertex 0.976903 0.834567 0.641573
vertex 0.984091 0.839369 0.646194
vertex 0.982322 0.842677 0.646194
endloop
endfacet
facet normal -0.417347 -0.223098 0.880936
outer loop
vertex 0.976903 0.834567 0.641573
vertex 0.982322 0.842677 0.646194
vertex 0.974336 0.839369 0.641573
endloop
endfacet
facet normal -0.778651 -0.416136 -0.469610
outer loop
vertex 0.965433 0.826903 0.572221
vertex 0.961591 0.824336 0.580866
vertex 0.957323 0.832322 0.580866
endloop
endfacet
facet normal -0.778643 -0.416175 -0.469589
outer loop
vertex 0.965433 0.826903 0.572221
vertex 0.957323 0.832322 0.580866
vertex 0.961591 0.834091 0.572221
endloop
endfacet
facet normal -0.561006 -0.299886 0.771583
outer loop
vertex 0.970603 0.830357 0.635356
vertex 0.976903 0.834567 0.641573
vertex 0.974336 0.839369 0.641573
endloop
endfacet
facet normal -0.561068 -0.299840 0.771556
outer loop
vertex 0.970603 0.830357 0.635356
vertex 0.974336 0.839369 0.641573
vertex 0.967336 0.836470 0.635356
endloop
endfacet
facet normal -0.683047 -0.365091 -0.632578
outer loop
vertex 0.970603 0.830357 0.564645
vertex 0.965433 0.826903 0.572221
vertex 0.961591 0.834091 0.572221
endloop
endfacet
facet normal -0.683053 -0.365048 -0.632597
outer loop
vertex 0.970603 0.830357 0.564645
vertex 0.961591 0.834091 0.572221
vertex 0.967336 0.836470 0.564645
endloop
endfacet
facet normal -0.683144 -0.365092 0.632473
outer loop
vertex 0.965433 0.826903 0.627778
vertex 0.970603 0.830357 0.635356
vertex 0.967336 0.836470 0.635356
endloop
endfacet
facet normal -0.683099 -0.365124 0.632503
outer loop
vertex 0.965433 0.826903 0.627778
vertex 0.967336 0.836470 0.635356
vertex 0.961591 0.834091 0.627778
endloop
endfacet
facet normal -0.561094 -0.299862 -0.771528
outer loop
vertex 0.976903 0.834567 0.558427
vertex 0.970603 0.830357 0.564645
vertex 0.967336 0.836470 0.564645
endloop
endfacet
facet normal -0.561097 -0.299933 -0.771499
outer loop
vertex 0.976903 0.834567 0.558427
vertex 0.967336 0.836470 0.564645
vertex 0.974336 0.839369 0.558427
endloop
endfacet
facet normal -0.778607 -0.416169 0.469655
outer loop
vertex 0.961591 0.824336 0.619134
vertex 0.965433 0.826903 0.627778
vertex 0.961591 0.834091 0.627778
endloop
endfacet
facet normal -0.778647 -0.416124 0.469626
outer loop
vertex 0.961591 0.824336 0.619134
vertex 0.961591 0.834091 0.627778
vertex 0.957323 0.832322 0.619134
endloop
endfacet
facet normal -0.417318 -0.223082 -0.880954
outer loop
vertex 0.984091 0.839369 0.553806
vertex 0.976903 0.834567 0.558427
vertex 0.974336 0.839369 0.558427
endloop
endfacet
facet normal -0.417318 -0.223158 -0.880935
outer loop
vertex 0.984091 0.839369 0.553806
vertex 0.974336 0.839369 0.558427
vertex 0.982322 0.842677 0.553806
endloop
endfacet
facet normal -0.844331 -0.451243 0.288937
outer loop
vertex 0.959226 0.822755 0.609754
vertex 0.961591 0.824336 0.619134
vertex 0.957323 0.832322 0.619134
endloop
endfacet
facet normal -0.844241 -0.451333 0.289060
outer loop
vertex 0.959226 0.822755 0.609754
vertex 0.957323 0.832322 0.619134
vertex 0.954693 0.831234 0.609754
endloop
endfacet
facet normal -0.257146 -0.137518 -0.956538
outer loop
vertex 0.991890 0.844581 0.550960
vertex 0.984091 0.839369 0.553806
vertex 0.982322 0.842677 0.553806
endloop
endfacet
facet normal -0.257139 -0.137553 -0.956535
outer loop
vertex 0.991890 0.844581 0.550960
vertex 0.982322 0.842677 0.553806
vertex 0.990988 0.846267 0.550960
endloop
endfacet
facet normal -0.877672 -0.469223 0.097578
outer loop
vertex 0.958427 0.822221 0.600000
vertex 0.959226 0.822755 0.609754
vertex 0.954693 0.831234 0.609754
endloop
endfacet
facet normal -0.877705 -0.469172 0.097525
outer loop
vertex 0.958427 0.822221 0.600000
vertex 0.954693 0.831234 0.609754
vertex 0.953806 0.830866 0.600000
endloop
endfacet
facet normal -0.741208 -0.224830 0.632504
outer loop
vertex 0.961591 0.834091 0.627778
vertex 0.967336 0.836470 0.635356
vertex 0.965324 0.843103 0.635356
endloop
endfacet
facet normal -0.741256 -0.224777 0.632467
outer loop
vertex 0.961591 0.834091 0.627778
vertex 0.965324 0.843103 0.635356
vertex 0.959226 0.841890 0.627778
endloop
endfacet
facet normal -0.608826 -0.184676 -0.771509
outer loop
vertex 0.974336 0.839369 0.558427
vertex 0.967336 0.836470 0.564645
vertex 0.965324 0.843103 0.564645
endloop
endfacet
facet normal -0.608816 -0.184686 -0.771514
outer loop
vertex 0.974336 0.839369 0.558427
vertex 0.965324 0.843103 0.564645
vertex 0.972755 0.844581 0.558427
endloop
endfacet
facet normal -0.844887 -0.256220 0.469592
outer loop
vertex 0.957323 0.832322 0.619134
vertex 0.961591 0.834091 0.627778
vertex 0.959226 0.841890 0.627778
endloop
endfacet
facet normal -0.844753 -0.256372 0.469750
outer loop
vertex 0.957323 0.832322 0.619134
vertex 0.959226 0.841890 0.627778
vertex 0.954693 0.840988 0.619134
endloop
endfacet
facet normal -0.452847 -0.137372 -0.880942
outer loop
vertex 0.982322 0.842677 0.553806
vertex 0.974336 0.839369 0.558427
vertex 0.972755 0.844581 0.558427
endloop
endfacet
facet normal -0.452837 -0.137227 -0.880970
outer loop
vertex 0.982322 0.842677 0.553806
vertex 0.972755 0.844581 0.558427
vertex 0.981234 0.846267 0.553806
endloop
endfacet
facet normal -0.916047 -0.277998 0.289092
outer loop
vertex 0.954693 0.831234 0.609754
vertex 0.957323 0.832322 0.619134
vertex 0.954693 0.840988 0.619134
endloop
endfacet
facet normal -0.916130 -0.277879 0.288944
outer loop
vertex 0.954693 0.831234 0.609754
vertex 0.954693 0.840988 0.619134
vertex 0.951903 0.840433 0.609754
endloop
endfacet
facet normal -0.279093 -0.084576 -0.956532
outer loop
vertex 0.990988 0.846267 0.550960
vertex 0.982322 0.842677 0.553806
vertex 0.981234 0.846267 0.553806
endloop
endfacet
facet normal -0.279094 -0.084668 -0.956524
outer loop
vertex 0.990988 0.846267 0.550960
vertex 0.981234 0.846267 0.553806
vertex 0.990433 0.848097 0.550960
endloop
endfacet
facet normal -0.952397 -0.288848 0.097508
outer loop
vertex 0.953806 0.830866 0.600000
vertex 0.954693 0.831234 0.609754
vertex 0.951903 0.840433 0.609754
endloop
endfacet
facet normal -0.952344 -0.288977 0.097640
outer loop
vertex 0.953806 0.830866 0.600000
vertex 0.951903 0.840433 0.609754
vertex 0.950960 0.840245 0.600000
endloop
endfacet
facet normal -0.094264 -0.028593 0.995136
outer loop
vertex 0.990988 0.846267 0.649039
vertex 1.000000 0.850000 0.650000
vertex 0.990433 0.848097 0.649039
endloop
endfacet
facet normal -0.094181 -0.028563 -0.995145
outer loop
vertex 1.000000 0.850000 0.550000
vertex 0.990988 0.846267 0.550960
vertex 0.990433 0.848097 0.550960
endloop
endfacet
facet normal -0.952355 -0.288986 -0.097500
outer loop
vertex 0.954693 0.831234 0.590245
vertex 0.953806 0.830866 0.600000
vertex 0.950960 0.840245 0.600000
endloop
endfacet
facet normal -0.952387 -0.288837 -0.097635
outer loop
vertex 0.954693 0.831234 0.590245
vertex 0.950960 0.840245 0.600000
vertex 0.951903 0.840433 0.590245
endloop
endfacet
facet normal -0.278992 -0.084613 0.956558
outer loop
vertex 0.982322 0.842677 0.646194
vertex 0.990988 0.846267 0.649039
vertex 0.990433 0.848097 0.649039
endloop
endfacet
facet normal -0.279014 -0.084558 0.956557
outer loop
vertex 0.982322 0.842677 0.646194
vertex 0.990433 0.848097 0.649039
vertex 0.981234 0.846267 0.646194
endloop
endfacet
facet normal -0.916086 -0.277852 -0.289110
outer loop
vertex 0.957323 0.832322 0.580866
vertex 0.954693 0.831234 0.590245
vertex 0.951903 0.840433 0.590245
endloop
endfacet
facet normal -0.916078 -0.278020 -0.288973
outer loop
vertex 0.957323 0.832322 0.580866
vertex 0.951903 0.840433 0.590245
vertex 0.954693 0.840988 0.580866
endloop
endfacet
facet normal -0.452869 -0.137269 0.880946
outer loop
vertex 0.974336 0.839369 0.641573
vertex 0.982322 0.842677 0.646194
vertex 0.981234 0.846267 0.646194
endloop
endfacet
facet normal -0.452820 -0.137345 0.880960
outer loop
vertex 0.974336 0.839369 0.641573
vertex 0.981234 0.846267 0.646194
vertex 0.972755 0.844581 0.641573
endloop
endfacet
facet normal -0.844855 -0.256388 -0.469558
outer loop
vertex 0.961591 0.834091 0.572221
vertex 0.957323 0.832322 0.580866
vertex 0.954693 0.840988 0.580866
endloop
endfacet
facet normal -0.844820 -0.256203 -0.469723
outer loop
vertex 0.961591 0.834091 0.572221
vertex 0.954693 0.840988 0.580866
vertex 0.959226 0.841890 0.572221
endloop
endfacet
facet normal -0.608770 -0.184680 0.771552
outer loop
vertex 0.967336 0.836470 0.635356
vertex 0.974336 0.839369 0.641573
vertex 0.972755 0.844581 0.641573
endloop
endfacet
facet normal -0.608774 -0.184660 0.771554
outer loop
vertex 0.967336 0.836470 0.635356
vertex 0.972755 0.844581 0.641573
vertex 0.965324 0.843103 0.635356
endloop
endfacet
facet normal -0.741160 -0.224736 -0.632595
outer loop
vertex 0.967336 0.836470 0.564645
vertex 0.961591 0.834091 0.572221
vertex 0.959226 0.841890 0.572221
endloop
endfacet
facet normal -0.741155 -0.224818 -0.632572
outer loop
vertex 0.967336 0.836470 0.564645
vertex 0.959226 0.841890 0.572221
vertex 0.965324 0.843103 0.564645
endloop
endfacet
facet normal -0.990438 -0.097475 -0.097624
outer loop
vertex 0.951903 0.840433 0.590245
vertex 0.950960 0.840245 0.600000
vertex 0.950000 0.850000 0.600000
endloop
endfacet
facet normal -0.990438 -0.097534 -0.097572
outer loop
vertex 0.951903 0.840433 0.590245
vertex 0.950000 0.850000 0.600000
vertex 0.950961 0.850000 0.590245
endloop
endfacet
facet normal -0.290119 -0.028671 0.956561
outer loop
vertex 0.981234 0.846267 0.646194
vertex 0.990433 0.848097 0.649039
vertex 0.990245 0.850000 0.649039
endloop
endfacet
facet normal -0.290168 -0.028601 0.956548
outer loop
vertex 0.981234 0.846267 0.646194
vertex 0.990245 0.850000 0.649039
vertex 0.980866 0.850000 0.646194
endloop
endfacet
facet normal -0.952733 -0.093804 -0.288965
outer loop
vertex 0.954693 0.840988 0.580866
vertex 0.951903 0.840433 0.590245
vertex 0.950961 0.850000 0.590245
endloop
endfacet
facet normal -0.952727 -0.093764 -0.288998
outer loop
vertex 0.954693 0.840988 0.580866
vertex 0.950961 0.850000 0.590245
vertex 0.953806 0.850000 0.580866
endloop
endfacet
facet normal -0.470878 -0.046422 0.880976
outer loop
vertex 0.972755 0.844581 0.641573
vertex 0.981234 0.846267 0.646194
vertex 0.980866 0.850000 0.646194
endloop
endfacet
facet normal -0.470910 -0.046393 0.880961
outer loop
vertex 0.972755 0.844581 0.641573
vertex 0.980866 0.850000 0.646194
vertex 0.972221 0.850000 0.641573
endloop
endfacet
facet normal -0.878579 -0.086477 -0.469702
outer loop
vertex 0.959226 0.841890 0.572221
vertex 0.954693 0.840988 0.580866
vertex 0.953806 0.850000 0.580866
endloop
endfacet
facet normal -0.878605 -0.086552 -0.469641
outer loop
vertex 0.959226 0.841890 0.572221
vertex 0.953806 0.850000 0.580866
vertex 0.958427 0.850000 0.572221
endloop
endfacet
facet normal -0.633104 -0.062375 0.771550
outer loop
vertex 0.965324 0.843103 0.635356
vertex 0.972755 0.844581 0.641573
vertex 0.972221 0.850000 0.641573
endloop
endfacet
facet normal -0.633125 -0.062336 0.771535
outer loop
vertex 0.965324 0.843103 0.635356
vertex 0.972221 0.850000 0.641573
vertex 0.964645 0.850000 0.635356
endloop
endfacet
facet normal -0.770773 -0.075942 -0.632568
outer loop
vertex 0.965324 0.843103 0.564645
vertex 0.959226 0.841890 0.572221
vertex 0.958427 0.850000 0.572221
endloop
endfacet
facet normal -0.770756 -0.075874 -0.632596
outer loop
vertex 0.965324 0.843103 0.564645
vertex 0.958427 0.850000 0.572221
vertex 0.964645 0.850000 0.564645
endloop
endfacet
facet normal -0.770873 -0.075891 0.632452
outer loop
vertex 0.959226 0.841890 0.627778
vertex 0.965324 0.843103 0.635356
vertex 0.964645 0.850000 0.635356
endloop
endfacet
facet normal -0.770829 -0.075928 0.632501
outer loop
vertex 0.959226 0.841890 0.627778
vertex 0.964645 0.850000 0.635356
vertex 0.958427 0.850000 0.627778
endloop
endfacet
facet normal -0.633169 -0.062330 -0.771500
outer loop
vertex 0.972755 0.844581 0.558427
vertex 0.965324 0.843103 0.564645
vertex 0.964645 0.850000 0.564645
endloop
endfacet
facet normal -0.633186 -0.062409 -0.771479
outer loop
vertex 0.972755 0.844581 0.558427
vertex 0.964645 0.850000 0.564645
vertex 0.972221 0.850000 0.558427
endloop
endfacet
facet normal -0.878546 -0.086556 0.469750
outer loop
vertex 0.954693 0.840988 0.619134
vertex 0.959226 0.841890 0.627778
vertex 0.958427 0.850000 0.627778
endloop
endfacet
facet normal -0.878588 -0.086467 0.469687
outer loop
vertex 0.954693 0.840988 0.619134
vertex 0.958427 0.850000 0.627778
vertex 0.953806 0.850000 0.619134
endloop
endfacet
facet normal -0.470896 -0.046410 -0.880967
outer loop
vertex 0.981234 0.846267 0.553806
vertex 0.972755 0.844581 0.558427
vertex 0.972221 0.850000 0.558427
endloop
endfacet
facet normal -0.470901 -0.046397 -0.880965
outer loop
vertex 0.981234 0.846267 0.553806
vertex 0.972221 0.850000 0.558427
vertex 0.980866 0.850000 0.553806
endloop
endfacet
facet normal -0.952746 -0.093757 0.288938
outer loop
vertex 0.951903 0.840433 0.609754
vertex 0.954693 0.840988 0.619134
vertex 0.953806 0.850000 0.619134
endloop
endfacet
facet normal -0.952732 -0.093814 0.288966
outer loop
vertex 0.951903 0.840433 0.609754
vertex 0.953806 0.850000 0.619134
vertex 0.950961 0.850000 0.609754
endloop
endfacet
facet normal -0.290227 -0.028622 -0.956530
outer loop
vertex 0.990433 0.848097 0.550960
vertex 0.981234 0.846267 0.553806
vertex 0.980866 0.850000 0.553806
endloop
endfacet
facet normal -0.290264 -0.028650 -0.956518
outer loop
vertex 0.990433 0.848097 0.550960
vertex 0.980866 0.850000 0.553806
vertex 0.990245 0.850000 0.550960
endloop
endfacet
facet normal -0.990433 -0.097522 0.097633
outer loop
vertex 0.950960 0.840245 0.600000
vertex 0.951903 0.840433 0.609754
vertex 0.950961 0.850000 0.609754
endloop
endfacet
facet normal -0.990441 -0.097487 0.097584
outer loop
vertex 0.950960 0.840245 0.600000
vertex 0.950961 0.850000 0.609754
vertex 0.950000 0.850000 0.600000
endloop
endfacet
facet normal -0.098056 -0.009679 0.995134
outer loop
vertex 0.990433 0.848097 0.649039
vertex 1.000000 0.850000 0.650000
vertex 0.990245 0.850000 0.649039
endloop
endfacet
facet normal -0.097927 -0.009679 -0.995147
outer loop
vertex 1.000000 0.850000 0.550000
vertex 0.990433 0.848097 0.550960
vertex 0.990245 0.850000 0.550960
endloop
endfacet
facet normal -0.633191 0.062338 -0.771481
outer loop
vertex 0.972221 0.850000 0.558427
vertex 0.964645 0.850000 0.564645
vertex 0.965324 0.856898 0.564645
endloop
endfacet
facet normal -0.633144 0.062387 -0.771516
outer loop
vertex 0.972221 0.850000 0.558427
vertex 0.965324 0.856898 0.564645
vertex 0.972755 0.855419 0.558427
endloop
endfacet
facet normal -0.878584 0.086560 0.469678
outer loop
vertex 0.953806 0.850000 0.619134
vertex 0.958427 0.850000 0.627778
vertex 0.959226 0.858110 0.627778
endloop
endfacet
facet normal -0.878556 0.086465 0.469749
outer loop
vertex 0.953806 0.850000 0.619134
vertex 0.959226 0.858110 0.627778
vertex 0.954693 0.859012 0.619134
endloop
endfacet
facet normal -0.470908 0.046394 -0.880962
outer loop
vertex 0.980866 0.850000 0.553806
vertex 0.972221 0.850000 0.558427
vertex 0.972755 0.855419 0.558427
endloop
endfacet
facet normal -0.470896 0.046423 -0.880967
outer loop
vertex 0.980866 0.850000 0.553806
vertex 0.972755 0.855419 0.558427
vertex 0.981234 0.853733 0.553806
endloop
endfacet
facet normal -0.952737 0.093756 0.288966
outer loop
vertex 0.950961 0.850000 0.609754
vertex 0.953806 0.850000 0.619134
vertex 0.954693 0.859012 0.619134
endloop
endfacet
facet normal -0.952739 0.093814 0.288943
outer loop
vertex 0.950961 0.850000 0.609754
vertex 0.954693 0.859012 0.619134
vertex 0.951903 0.859567 0.609754
endloop
endfacet
facet normal -0.290241 0.028612 -0.956526
outer loop
vertex 0.990245 0.850000 0.550960
vertex 0.980866 0.850000 0.553806
vertex 0.981234 0.853733 0.553806
endloop
endfacet
facet normal -0.290225 0.028672 -0.956529
outer loop
vertex 0.990245 0.850000 0.550960
vertex 0.981234 0.853733 0.553806
vertex 0.990433 0.851903 0.550960
endloop
endfacet
facet normal -0.990438 0.097523 0.097581
outer loop
vertex 0.950000 0.850000 0.600000
vertex 0.950961 0.850000 0.609754
vertex 0.951903 0.859567 0.609754
endloop
endfacet
facet normal -0.990437 0.097595 0.097522
outer loop
vertex 0.950000 0.850000 0.600000
vertex 0.951903 0.859567 0.609754
vertex 0.950961 0.859754 0.600000
endloop
endfacet
facet normal -0.098043 0.009680 0.995135
outer loop
vertex 0.990245 0.850000 0.649039
vertex 1.000000 0.850000 0.650000
vertex 0.990433 0.851903 0.649039
endloop
endfacet
facet normal -0.097935 0.009680 -0.995146
outer loop
vertex 1.000000 0.850000 0.550000
vertex 0.990245 0.850000 0.550960
vertex 0.990433 0.851903 0.550960
endloop
endfacet
facet normal -0.990433 0.097582 -0.097570
outer loop
vertex 0.950961 0.850000 0.590245
vertex 0.950000 0.850000 0.600000
vertex 0.950961 0.859754 0.600000
endloop
endfacet
facet normal -0.990444 0.097534 -0.097511
outer loop
vertex 0.950961 0.850000 0.590245
vertex 0.950961 0.859754 0.600000
vertex 0.951903 0.859567 0.590245
endloop
endfacet
facet normal -0.290152 0.028650 0.956551
outer loop
vertex 0.980866 0.850000 0.646194
vertex 0.990245 0.850000 0.649039
vertex 0.990433 0.851903 0.649039
endloop
endfacet
facet normal -0.290142 0.028612 0.956556
outer loop
vertex 0.980866 0.850000 0.646194
vertex 0.990433 0.851903 0.649039
vertex 0.981234 0.853733 0.646194
endloop
endfacet
facet normal -0.952724 0.093803 -0.288995
outer loop
vertex 0.953806 0.850000 0.580866
vertex 0.950961 0.850000 0.590245
vertex 0.951903 0.859567 0.590245
endloop
endfacet
facet normal -0.952737 0.093765 -0.288963
outer loop
vertex 0.953806 0.850000 0.580866
vertex 0.951903 0.859567 0.590245
vertex 0.954693 0.859012 0.580866
endloop
endfacet
facet normal -0.470905 0.046399 0.880963
outer loop
vertex 0.972221 0.850000 0.641573
vertex 0.980866 0.850000 0.646194
vertex 0.981234 0.853733 0.646194
endloop
endfacet
facet normal -0.470906 0.046411 0.880962
outer loop
vertex 0.972221 0.850000 0.641573
vertex 0.981234 0.853733 0.646194
vertex 0.972755 0.855419 0.641573
endloop
endfacet
facet normal -0.878612 0.086481 -0.469640
outer loop
vertex 0.958427 0.850000 0.572221
vertex 0.953806 0.850000 0.580866
vertex 0.954693 0.859012 0.580866
endloop
endfacet
facet normal -0.878568 0.086550 -0.469711
outer loop
vertex 0.958427 0.850000 0.572221
vertex 0.954693 0.859012 0.580866
vertex 0.959226 0.858110 0.572221
endloop
endfacet
facet normal -0.633127 0.062396 0.771529
outer loop
vertex 0.964645 0.850000 0.635356
vertex 0.972221 0.850000 0.641573
vertex 0.972755 0.855419 0.641573
endloop
endfacet
facet normal -0.633106 0.062311 0.771553
outer loop
vertex 0.964645 0.850000 0.635356
vertex 0.972755 0.855419 0.641573
vertex 0.965324 0.856898 0.635356
endloop
endfacet
facet normal -0.770746 0.075928 -0.632602
outer loop
vertex 0.964645 0.850000 0.564645
vertex 0.958427 0.850000 0.572221
vertex 0.959226 0.858110 0.572221
endloop
endfacet
facet normal -0.770800 0.075881 -0.632542
outer loop
vertex 0.964645 0.850000 0.564645
vertex 0.959226 0.858110 0.572221
vertex 0.965324 0.856898 0.564645
endloop
endfacet
facet normal -0.770836 0.075865 0.632500
outer loop
vertex 0.958427 0.850000 0.627778
vertex 0.964645 0.850000 0.635356
vertex 0.965324 0.856898 0.635356
endloop
endfacet
facet normal -0.770859 0.075943 0.632462
outer loop
vertex 0.958427 0.850000 0.627778
vertex 0.965324 0.856898 0.635356
vertex 0.959226 0.858110 0.627778
endloop
endfacet
facet normal -0.916128 0.277864 -0.288965
outer loop
vertex 0.954693 0.859012 0.580866
vertex 0.951903 0.859567 0.590245
vertex 0.954693 0.868766 0.590245
endloop
endfacet
facet normal -0.916019 0.278035 -0.289146
outer loop
vertex 0.954693 0.859012 0.580866
vertex 0.954693 0.868766 0.590245
vertex 0.957323 0.867677 0.580866
endloop
endfacet
facet normal -0.452815 0.137258 0.880976
outer loop
vertex 0.972755 0.855419 0.641573
vertex 0.981234 0.853733 0.646194
vertex 0.982322 0.857322 0.646194
endloop
endfacet
facet normal -0.452844 0.137400 0.880939
outer loop
vertex 0.972755 0.855419 0.641573
vertex 0.982322 0.857322 0.646194
vertex 0.974336 0.860630 0.641573
endloop
endfacet
facet normal -0.844771 0.256394 -0.469706
outer loop
vertex 0.959226 0.858110 0.572221
vertex 0.954693 0.859012 0.580866
vertex 0.957323 0.867677 0.580866
endloop
endfacet
facet normal -0.844919 0.256229 -0.469531
outer loop
vertex 0.959226 0.858110 0.572221
vertex 0.957323 0.867677 0.580866
vertex 0.961591 0.865909 0.572221
endloop
endfacet
facet normal -0.608756 0.184695 0.771559
outer loop
vertex 0.965324 0.856898 0.635356
vertex 0.972755 0.855419 0.641573
vertex 0.974336 0.860630 0.641573
endloop
endfacet
facet normal -0.608754 0.184692 0.771562
outer loop
vertex 0.965324 0.856898 0.635356
vertex 0.974336 0.860630 0.641573
vertex 0.967336 0.863530 0.635356
endloop
endfacet
facet normal -0.741198 0.224744 -0.632547
outer loop
vertex 0.965324 0.856898 0.564645
vertex 0.959226 0.858110 0.572221
vertex 0.961591 0.865909 0.572221
endloop
endfacet
facet normal -0.741115 0.224837 -0.632612
outer loop
vertex 0.965324 0.856898 0.564645
vertex 0.961591 0.865909 0.572221
vertex 0.967336 0.863530 0.564645
endloop
endfacet
facet normal -0.741245 0.224884 0.632442
outer loop
vertex 0.959226 0.858110 0.627778
vertex 0.965324 0.856898 0.635356
vertex 0.967336 0.863530 0.635356
endloop
endfacet
facet normal -0.741223 0.224757 0.632513
outer loop
vertex 0.959226 0.858110 0.627778
vertex 0.967336 0.863530 0.635356
vertex 0.961591 0.865909 0.627778
endloop
endfacet
facet normal -0.608815 0.184697 -0.771513
outer loop
vertex 0.972755 0.855419 0.558427
vertex 0.965324 0.856898 0.564645
vertex 0.967336 0.863530 0.564645
endloop
endfacet
facet normal -0.608799 0.184717 -0.771520
outer loop
vertex 0.972755 0.855419 0.558427
vertex 0.967336 0.863530 0.564645
vertex 0.974336 0.860630 0.558427
endloop
endfacet
facet normal -0.844809 0.256196 0.469747
outer loop
vertex 0.954693 0.859012 0.619134
vertex 0.959226 0.858110 0.627778
vertex 0.961591 0.865909 0.627778
endloop
endfacet
facet normal -0.844831 0.256421 0.469583
outer loop
vertex 0.954693 0.859012 0.619134
vertex 0.961591 0.865909 0.627778
vertex 0.957323 0.867677 0.619134
endloop
endfacet
facet normal -0.452796 0.137368 -0.880969
outer loop
vertex 0.981234 0.853733 0.553806
vertex 0.972755 0.855419 0.558427
vertex 0.974336 0.860630 0.558427
endloop
endfacet
facet normal -0.452894 0.137306 -0.880928
outer loop
vertex 0.981234 0.853733 0.553806
vertex 0.974336 0.860630 0.558427
vertex 0.982322 0.857322 0.553806
endloop
endfacet
facet normal -0.916080 0.278047 0.288943
outer loop
vertex 0.951903 0.859567 0.609754
vertex 0.954693 0.859012 0.619134
vertex 0.957323 0.867677 0.619134
endloop
endfacet
facet normal -0.916084 0.277863 0.289105
outer loop
vertex 0.951903 0.859567 0.609754
vertex 0.957323 0.867677 0.619134
vertex 0.954693 0.868766 0.609754
endloop
endfacet
facet normal -0.279112 0.084601 -0.956524
outer loop
vertex 0.990433 0.851903 0.550960
vertex 0.981234 0.853733 0.553806
vertex 0.982322 0.857322 0.553806
endloop
endfacet
facet normal -0.279056 0.084660 -0.956536
outer loop
vertex 0.990433 0.851903 0.550960
vertex 0.982322 0.857322 0.553806
vertex 0.990988 0.853733 0.550960
endloop
endfacet
facet normal -0.952394 0.288853 0.097515
outer loop
vertex 0.950961 0.859754 0.600000
vertex 0.951903 0.859567 0.609754
vertex 0.954693 0.868766 0.609754
endloop
endfacet
facet normal -0.952393 0.288861 0.097506
outer loop
vertex 0.950961 0.859754 0.600000
vertex 0.954693 0.868766 0.609754
vertex 0.953806 0.869134 0.600000
endloop
endfacet
facet normal -0.094257 0.028594 0.995137
outer loop
vertex 0.990433 0.851903 0.649039
vertex 1.000000 0.850000 0.650000
vertex 0.990988 0.853733 0.649039
endloop
endfacet
facet normal -0.094181 0.028562 -0.995145
outer loop
vertex 1.000000 0.850000 0.550000
vertex 0.990433 0.851903 0.550960
vertex 0.990988 0.853733 0.550960
endloop
endfacet
facet normal -0.952391 0.288871 -0.097499
outer loop
vertex 0.951903 0.859567 0.590245
vertex 0.950961 0.859754 0.600000
vertex 0.953806 0.869134 0.600000
endloop
endfacet
facet normal -0.952398 0.288846 -0.097501
outer loop
vertex 0.951903 0.859567 0.590245
vertex 0.953806 0.869134 0.600000
vertex 0.954693 0.868766 0.590245
endloop
endfacet
facet normal -0.279021 0.084622 0.956549
outer loop
vertex 0.981234 0.853733 0.646194
vertex 0.990433 0.851903 0.649039
vertex 0.990988 0.853733 0.649039
endloop
endfacet
facet normal -0.278991 0.084574 0.956562
outer loop
vertex 0.981234 0.853733 0.646194
vertex 0.990988 0.853733 0.649039
vertex 0.982322 0.857322 0.646194
endloop
endfacet
facet normal -0.417354 0.223060 -0.880942
outer loop
vertex 0.982322 0.857322 0.553806
vertex 0.974336 0.860630 0.558427
vertex 0.976903 0.865433 0.558427
endloop
endfacet
facet normal -0.417252 0.223123 -0.880975
outer loop
vertex 0.982322 0.857322 0.553806
vertex 0.976903 0.865433 0.558427
vertex 0.984091 0.860630 0.553806
endloop
endfacet
facet normal -0.844309 0.451170 0.289116
outer loop
vertex 0.954693 0.868766 0.609754
vertex 0.957323 0.867677 0.619134
vertex 0.961591 0.875664 0.619134
endloop
endfacet
facet normal -0.844275 0.451348 0.288937
outer loop
vertex 0.954693 0.868766 0.609754
vertex 0.961591 0.875664 0.619134
vertex 0.959226 0.877245 0.609754
endloop
endfacet
facet normal -0.257186 0.137532 -0.956525
outer loop
vertex 0.990988 0.853733 0.550960
vertex 0.982322 0.857322 0.553806
vertex 0.984091 0.860630 0.553806
endloop
endfacet
facet normal -0.257138 0.137539 -0.956537
outer loop
vertex 0.990988 0.853733 0.550960
vertex 0.984091 0.860630 0.553806
vertex 0.991890 0.855419 0.550960
endloop
endfacet
facet normal -0.877677 0.469225 0.097520
outer loop
vertex 0.953806 0.869134 0.600000
vertex 0.954693 0.868766 0.609754
vertex 0.959226 0.877245 0.609754
endloop
endfacet
facet normal -0.877684 0.469208 0.097543
outer loop
vertex 0.953806 0.869134 0.600000
vertex 0.959226 0.877245 0.609754
vertex 0.958427 0.877778 0.600000
endloop
endfacet
facet normal -0.086876 0.046471 0.995135
outer loop
vertex 0.990988 0.853733 0.649039
vertex 1.000000 0.850000 0.650000
vertex 0.991890 0.855419 0.649039
endloop
endfacet
facet normal -0.086764 0.046415 -0.995147
outer loop
vertex 1.000000 0.850000 0.550000
vertex 0.990988 0.853733 0.550960
vertex 0.991890 0.855419 0.550960
endloop
endfacet
facet normal -0.877685 0.469213 -0.097509
outer loop
vertex 0.954693 0.868766 0.590245
vertex 0.953806 0.869134 0.600000
vertex 0.958427 0.877778 0.600000
endloop
endfacet
facet normal -0.877681 0.469216 -0.097528
outer loop
vertex 0.954693 0.868766 0.590245
vertex 0.958427 0.877778 0.600000
vertex 0.959226 0.877245 0.590245
endloop
endfacet
facet normal -0.257074 0.137509 0.956559
outer loop
vertex 0.982322 0.857322 0.646194
vertex 0.990988 0.853733 0.649039
vertex 0.991890 0.855419 0.649039
endloop
endfacet
facet normal -0.257076 0.137480 0.956562
outer loop
vertex 0.982322 0.857322 0.646194
vertex 0.991890 0.855419 0.649039
vertex 0.984091 0.860630 0.646194
endloop
endfacet
facet normal -0.844217 0.451329 -0.289137
outer loop
vertex 0.957323 0.867677 0.580866
vertex 0.954693 0.868766 0.590245
vertex 0.959226 0.877245 0.590245
endloop
endfacet
facet normal -0.844350 0.451195 -0.288959
outer loop
vertex 0.957323 0.867677 0.580866
vertex 0.959226 0.877245 0.590245
vertex 0.961591 0.875664 0.580866
endloop
endfacet
facet normal -0.417303 0.223143 0.880946
outer loop
vertex 0.974336 0.860630 0.641573
vertex 0.982322 0.857322 0.646194
vertex 0.984091 0.860630 0.646194
endloop
endfacet
facet normal -0.417322 0.223047 0.880961
outer loop
vertex 0.974336 0.860630 0.641573
vertex 0.984091 0.860630 0.646194
vertex 0.976903 0.865433 0.641573
endloop
endfacet
facet normal -0.778701 0.416118 -0.469543
outer loop
vertex 0.961591 0.865909 0.572221
vertex 0.957323 0.867677 0.580866
vertex 0.961591 0.875664 0.580866
endloop
endfacet
facet normal -0.778631 0.416165 -0.469618
outer loop
vertex 0.961591 0.865909 0.572221
vertex 0.961591 0.875664 0.580866
vertex 0.965433 0.873097 0.572221
endloop
endfacet
facet normal -0.561037 0.299837 0.771580
outer loop
vertex 0.967336 0.863530 0.635356
vertex 0.974336 0.860630 0.641573
vertex 0.976903 0.865433 0.641573
endloop
endfacet
facet normal -0.561043 0.299883 0.771558
outer loop
vertex 0.967336 0.863530 0.635356
vertex 0.976903 0.865433 0.641573
vertex 0.970603 0.869642 0.635356
endloop
endfacet
facet normal -0.683030 0.365094 -0.632595
outer loop
vertex 0.967336 0.863530 0.564645
vertex 0.961591 0.865909 0.572221
vertex 0.965433 0.873097 0.572221
endloop
endfacet
facet normal -0.683028 0.365095 -0.632597
outer loop
vertex 0.967336 0.863530 0.564645
vertex 0.965433 0.873097 0.572221
vertex 0.970603 0.869642 0.564645
endloop
endfacet
facet normal -0.683099 0.365134 0.632497
outer loop
vertex 0.961591 0.865909 0.627778
vertex 0.967336 0.863530 0.635356
vertex 0.970603 0.869642 0.635356
endloop
endfacet
facet normal -0.683101 0.365129 0.632499
outer loop
vertex 0.961591 0.865909 0.627778
vertex 0.970603 0.869642 0.635356
vertex 0.965433 0.873097 0.627778
endloop
endfacet
facet normal -0.561079 0.299896 -0.771526
outer loop
vertex 0.974336 0.860630 0.558427
vertex 0.967336 0.863530 0.564645
vertex 0.970603 0.869642 0.564645
endloop
endfacet
facet normal -0.561108 0.299898 -0.771504
outer loop
vertex 0.974336 0.860630 0.558427
vertex 0.970603 0.869642 0.564645
vertex 0.976903 0.865433 0.558427
endloop
endfacet
facet normal -0.778648 0.416174 0.469581
outer loop
vertex 0.957323 0.867677 0.619134
vertex 0.961591 0.865909 0.627778
vertex 0.965433 0.873097 0.627778
endloop
endfacet
facet normal -0.778647 0.416095 0.469653
outer loop
vertex 0.957323 0.867677 0.619134
vertex 0.965433 0.873097 0.627778
vertex 0.961591 0.875664 0.619134
endloop
endfacet
facet normal -0.365842 0.300108 0.880962
outer loop
vertex 0.976903 0.865433 0.641573
vertex 0.984091 0.860630 0.646194
vertex 0.986470 0.863530 0.646194
endloop
endfacet
facet normal -0.365799 0.300185 0.880954
outer loop
vertex 0.976903 0.865433 0.641573
vertex 0.986470 0.863530 0.646194
vertex 0.980357 0.869642 0.641573
endloop
endfacet
facet normal -0.682448 0.560120 -0.469606
outer loop
vertex 0.965433 0.873097 0.572221
vertex 0.961591 0.875664 0.580866
vertex 0.967336 0.882664 0.580866
endloop
endfacet
facet normal -0.682514 0.560060 -0.469582
outer loop
vertex 0.965433 0.873097 0.572221
vertex 0.967336 0.882664 0.580866
vertex 0.970603 0.879397 0.572221
endloop
endfacet
facet normal -0.491781 0.403559 0.771552
outer loop
vertex 0.970603 0.869642 0.635356
vertex 0.976903 0.865433 0.641573
vertex 0.980357 0.869642 0.641573
endloop
endfacet
facet normal -0.491762 0.403576 0.771555
outer loop
vertex 0.970603 0.869642 0.635356
vertex 0.980357 0.869642 0.641573
vertex 0.975000 0.875000 0.635356
endloop
endfacet
facet normal -0.598685 0.491298 -0.632615
outer loop
vertex 0.970603 0.869642 0.564645
vertex 0.965433 0.873097 0.572221
vertex 0.970603 0.879397 0.572221
endloop
endfacet
facet normal -0.598686 0.491300 -0.632613
outer loop
vertex 0.970603 0.869642 0.564645
vertex 0.970603 0.879397 0.572221
vertex 0.975000 0.875000 0.564645
endloop
endfacet
facet normal -0.598754 0.491356 0.632505
outer loop
vertex 0.965433 0.873097 0.627778
vertex 0.970603 0.869642 0.635356
vertex 0.975000 0.875000 0.635356
endloop
endfacet
facet normal -0.598746 0.491342 0.632524
outer loop
vertex 0.965433 0.873097 0.627778
vertex 0.975000 0.875000 0.635356
vertex 0.970603 0.879397 0.627778
endloop
endfacet
facet normal -0.491803 0.403608 -0.771512
outer loop
vertex 0.976903 0.865433 0.558427
vertex 0.970603 0.869642 0.564645
vertex 0.975000 0.875000 0.564645
endloop
endfacet
facet normal -0.491837 0.403592 -0.771499
outer loop
vertex 0.976903 0.865433 0.558427
vertex 0.975000 0.875000 0.564645
vertex 0.980357 0.869642 0.558427
endloop
endfacet
facet normal -0.682472 0.560039 0.469668
outer loop
vertex 0.961591 0.875664 0.619134
vertex 0.965433 0.873097 0.627778
vertex 0.970603 0.879397 0.627778
endloop
endfacet
facet normal -0.682455 0.560107 0.469613
outer loop
vertex 0.961591 0.875664 0.619134
vertex 0.970603 0.879397 0.627778
vertex 0.967336 0.882664 0.619134
endloop
endfacet
facet normal -0.365789 0.300170 -0.880963
outer loop
vertex 0.984091 0.860630 0.553806
vertex 0.976903 0.865433 0.558427
vertex 0.980357 0.869642 0.558427
endloop
endfacet
facet normal -0.365871 0.300131 -0.880943
outer loop
vertex 0.984091 0.860630 0.553806
vertex 0.980357 0.869642 0.558427
vertex 0.986470 0.863530 0.553806
endloop
endfacet
facet normal -0.740025 0.607349 0.288948
outer loop
vertex 0.959226 0.877245 0.609754
vertex 0.961591 0.875664 0.619134
vertex 0.967336 0.882664 0.619134
endloop
endfacet
facet normal -0.740051 0.607288 0.289010
outer loop
vertex 0.959226 0.877245 0.609754
vertex 0.967336 0.882664 0.619134
vertex 0.965324 0.884676 0.609754
endloop
endfacet
facet normal -0.225462 0.184952 -0.956535
outer loop
vertex 0.991890 0.855419 0.550960
vertex 0.984091 0.860630 0.553806
vertex 0.986470 0.863530 0.553806
endloop
endfacet
facet normal -0.225498 0.184959 -0.956526
outer loop
vertex 0.991890 0.855419 0.550960
vertex 0.986470 0.863530 0.553806
vertex 0.993103 0.856898 0.550960
endloop
endfacet
facet normal -0.769363 0.631323 0.097530
outer loop
vertex 0.958427 0.877778 0.600000
vertex 0.959226 0.877245 0.609754
vertex 0.965324 0.884676 0.609754
endloop
endfacet
facet normal -0.769365 0.631314 0.097568
outer loop
vertex 0.958427 0.877778 0.600000
vertex 0.965324 0.884676 0.609754
vertex 0.964645 0.885356 0.600000
endloop
endfacet
facet normal -0.076222 0.062483 0.995131
outer loop
vertex 0.991890 0.855419 0.649039
vertex 1.000000 0.850000 0.650000
vertex 0.993103 0.856898 0.649039
endloop
endfacet
facet normal -0.076110 0.062420 -0.995144
outer loop
vertex 1.000000 0.850000 0.550000
vertex 0.991890 0.855419 0.550960
vertex 0.993103 0.856898 0.550960
endloop
endfacet
facet normal -0.769372 0.631313 -0.097522
outer loop
vertex 0.959226 0.877245 0.590245
vertex 0.958427 0.877778 0.600000
vertex 0.964645 0.885356 0.600000
endloop
endfacet
facet normal -0.769353 0.631331 -0.097556
outer loop
vertex 0.959226 0.877245 0.590245
vertex 0.964645 0.885356 0.600000
vertex 0.965324 0.884676 0.590245
endloop
endfacet
facet normal -0.225415 0.184907 0.956555
outer loop
vertex 0.984091 0.860630 0.646194
vertex 0.991890 0.855419 0.649039
vertex 0.993103 0.856898 0.649039
endloop
endfacet
facet normal -0.225406 0.184900 0.956558
outer loop
vertex 0.984091 0.860630 0.646194
vertex 0.993103 0.856898 0.649039
vertex 0.986470 0.863530 0.646194
endloop
endfacet
facet normal -0.740056 0.607294 -0.288981
outer loop
vertex 0.961591 0.875664 0.580866
vertex 0.959226 0.877245 0.590245
vertex 0.965324 0.884676 0.590245
endloop
endfacet
facet normal -0.740003 0.607333 -0.289038
outer loop
vertex 0.961591 0.875664 0.580866
vertex 0.965324 0.884676 0.590245
vertex 0.967336 0.882664 0.580866
endloop
endfacet
facet normal -0.607332 0.740018 0.289000
outer loop
vertex 0.965324 0.884676 0.609754
vertex 0.967336 0.882664 0.619134
vertex 0.974336 0.888409 0.619134
endloop
endfacet
facet normal -0.607272 0.740107 0.288899
outer loop
vertex 0.965324 0.884676 0.609754
vertex 0.974336 0.888409 0.619134
vertex 0.972756 0.890774 0.609754
endloop
endfacet
facet normal -0.184989 0.225445 -0.956532
outer loop
vertex 0.993103 0.856898 0.550960
vertex 0.986470 0.863530 0.553806
vertex 0.989369 0.865909 0.553806
endloop
endfacet
facet normal -0.184926 0.225491 -0.956533
outer loop
vertex 0.993103 0.856898 0.550960
vertex 0.989369 0.865909 0.553806
vertex 0.994581 0.858110 0.550960
endloop
endfacet
facet normal -0.631286 0.769387 0.097579
outer loop
vertex 0.964645 0.885356 0.600000
vertex 0.965324 0.884676 0.609754
vertex 0.972756 0.890774 0.609754
endloop
endfacet
facet normal -0.631331 0.769342 0.097641
outer loop
vertex 0.964645 0.885356 0.600000
vertex 0.972756 0.890774 0.609754
vertex 0.972221 0.891573 0.600000
endloop
endfacet
facet normal -0.062440 0.076176 0.995137
outer loop
vertex 0.993103 0.856898 0.649039
vertex 1.000000 0.850000 0.650000
vertex 0.994581 0.858110 0.649039
endloop
endfacet
facet normal -0.062376 0.076094 -0.995148
outer loop
vertex 1.000000 0.850000 0.550000
vertex 0.993103 0.856898 0.550960
vertex 0.994581 0.858110 0.550960
endloop
endfacet
facet normal -0.631334 0.769350 -0.097562
outer loop
vertex 0.965324 0.884676 0.590245
vertex 0.964645 0.885356 0.600000
vertex 0.972221 0.891573 0.600000
endloop
endfacet
facet normal -0.631286 0.769379 -0.097639
outer loop
vertex 0.965324 0.884676 0.590245
vertex 0.972221 0.891573 0.600000
vertex 0.972756 0.890774 0.590245
endloop
endfacet
facet normal -0.184885 0.225450 0.956551
outer loop
vertex 0.986470 0.863530 0.646194
vertex 0.993103 0.856898 0.649039
vertex 0.994581 0.858110 0.649039
endloop
endfacet
facet normal -0.184922 0.225344 0.956569
outer loop
vertex 0.986470 0.863530 0.646194
vertex 0.994581 0.858110 0.649039
vertex 0.989369 0.865909 0.646194
endloop
endfacet
facet normal -0.607238 0.740084 -0.289029
outer loop
vertex 0.967336 0.882664 0.580866
vertex 0.965324 0.884676 0.590245
vertex 0.972756 0.890774 0.590245
endloop
endfacet
facet normal -0.607362 0.740024 -0.288920
outer loop
vertex 0.967336 0.882664 0.580866
vertex 0.972756 0.890774 0.590245
vertex 0.974336 0.888409 0.580866
endloop
endfacet
facet normal -0.300193 0.365824 0.880941
outer loop
vertex 0.980357 0.869642 0.641573
vertex 0.986470 0.863530 0.646194
vertex 0.989369 0.865909 0.646194
endloop
endfacet
facet normal -0.300204 0.365803 0.880946
outer loop
vertex 0.980357 0.869642 0.641573
vertex 0.989369 0.865909 0.646194
vertex 0.984567 0.873097 0.641573
endloop
endfacet
facet normal -0.560119 0.682476 -0.469566
outer loop
vertex 0.970603 0.879397 0.572221
vertex 0.967336 0.882664 0.580866
vertex 0.974336 0.888409 0.580866
endloop
endfacet
facet normal -0.560055 0.682499 -0.469610
outer loop
vertex 0.970603 0.879397 0.572221
vertex 0.974336 0.888409 0.580866
vertex 0.976903 0.884567 0.572221
endloop
endfacet
facet normal -0.403569 0.491780 0.771547
outer loop
vertex 0.975000 0.875000 0.635356
vertex 0.980357 0.869642 0.641573
vertex 0.984567 0.873097 0.641573
endloop
endfacet
facet normal -0.403587 0.491697 0.771590
outer loop
vertex 0.975000 0.875000 0.635356
vertex 0.984567 0.873097 0.641573
vertex 0.980357 0.879397 0.635356
endloop
endfacet
facet normal -0.491301 0.598687 -0.632611
outer loop
vertex 0.975000 0.875000 0.564645
vertex 0.970603 0.879397 0.572221
vertex 0.976903 0.884567 0.572221
endloop
endfacet
facet normal -0.491385 0.598666 -0.632565
outer loop
vertex 0.975000 0.875000 0.564645
vertex 0.976903 0.884567 0.572221
vertex 0.980357 0.879397 0.564645
endloop
endfacet
facet normal -0.491416 0.598696 0.632513
outer loop
vertex 0.970603 0.879397 0.627778
vertex 0.975000 0.875000 0.635356
vertex 0.980357 0.879397 0.635356
endloop
endfacet
facet normal -0.491368 0.598782 0.632469
outer loop
vertex 0.970603 0.879397 0.627778
vertex 0.980357 0.879397 0.635356
vertex 0.976903 0.884567 0.627778
endloop
endfacet
facet normal -0.403639 0.491775 -0.771514
outer loop
vertex 0.980357 0.869642 0.558427
vertex 0.975000 0.875000 0.564645
vertex 0.980357 0.879397 0.564645
endloop
endfacet
facet normal -0.403587 0.491786 -0.771534
outer loop
vertex 0.980357 0.869642 0.558427
vertex 0.980357 0.879397 0.564645
vertex 0.984567 0.873097 0.558427
endloop
endfacet
facet normal -0.560063 0.682486 0.469619
outer loop
vertex 0.967336 0.882664 0.619134
vertex 0.970603 0.879397 0.627778
vertex 0.976903 0.884567 0.627778
endloop
endfacet
facet normal -0.560084 0.682454 0.469641
outer loop
vertex 0.967336 0.882664 0.619134
vertex 0.976903 0.884567 0.627778
vertex 0.974336 0.888409 0.619134
endloop
endfacet
facet normal -0.300194 0.365801 -0.880950
outer loop
vertex 0.986470 0.863530 0.553806
vertex 0.980357 0.869642 0.558427
vertex 0.984567 0.873097 0.558427
endloop
endfacet
facet normal -0.300191 0.365829 -0.880940
outer loop
vertex 0.986470 0.863530 0.553806
vertex 0.984567 0.873097 0.558427
vertex 0.989369 0.865909 0.553806
endloop
endfacet
facet normal -0.416142 0.778649 -0.469608
outer loop
vertex 0.976903 0.884567 0.572221
vertex 0.974336 0.888409 0.580866
vertex 0.982322 0.892677 0.580866
endloop
endfacet
facet normal -0.416182 0.778649 -0.469571
outer loop
vertex 0.976903 0.884567 0.572221
vertex 0.982322 0.892677 0.580866
vertex 0.984091 0.888409 0.572221
endloop
endfacet
facet normal -0.299894 0.560988 0.771593
outer loop
vertex 0.980357 0.879397 0.635356
vertex 0.984567 0.873097 0.641573
vertex 0.989369 0.875664 0.641573
endloop
endfacet
facet normal -0.299860 0.561071 0.771546
outer loop
vertex 0.980357 0.879397 0.635356
vertex 0.989369 0.875664 0.641573
vertex 0.986470 0.882664 0.635356
endloop
endfacet
facet normal -0.365088 0.683052 -0.632575
outer loop
vertex 0.980357 0.879397 0.564645
vertex 0.976903 0.884567 0.572221
vertex 0.984091 0.888409 0.572221
endloop
endfacet
facet normal -0.365048 0.683051 -0.632599
outer loop
vertex 0.980357 0.879397 0.564645
vertex 0.984091 0.888409 0.572221
vertex 0.986470 0.882664 0.564645
endloop
endfacet
facet normal -0.365097 0.683140 0.632474
outer loop
vertex 0.976903 0.884567 0.627778
vertex 0.980357 0.879397 0.635356
vertex 0.986470 0.882664 0.635356
endloop
endfacet
facet normal -0.365118 0.683109 0.632496
outer loop
vertex 0.976903 0.884567 0.627778
vertex 0.986470 0.882664 0.635356
vertex 0.984091 0.888409 0.627778
endloop
endfacet
facet normal -0.299862 0.561092 -0.771530
outer loop
vertex 0.984567 0.873097 0.558427
vertex 0.980357 0.879397 0.564645
vertex 0.986470 0.882664 0.564645
endloop
endfacet
facet normal -0.299949 0.561081 -0.771504
outer loop
vertex 0.984567 0.873097 0.558427
vertex 0.986470 0.882664 0.564645
vertex 0.989369 0.875664 0.558427
endloop
endfacet
facet normal -0.416179 0.778590 0.469673
outer loop
vertex 0.974336 0.888409 0.619134
vertex 0.976903 0.884567 0.627778
vertex 0.984091 0.888409 0.627778
endloop
endfacet
facet normal -0.416123 0.778662 0.469604
outer loop
vertex 0.974336 0.888409 0.619134
vertex 0.984091 0.888409 0.627778
vertex 0.982322 0.892677 0.619134
endloop
endfacet
facet normal -0.223086 0.417307 -0.880958
outer loop
vertex 0.989369 0.865909 0.553806
vertex 0.984567 0.873097 0.558427
vertex 0.989369 0.875664 0.558427
endloop
endfacet
facet normal -0.223033 0.417310 -0.880970
outer loop
vertex 0.989369 0.865909 0.553806
vertex 0.989369 0.875664 0.558427
vertex 0.992677 0.867677 0.553806
endloop
endfacet
facet normal -0.451245 0.844344 0.288894
outer loop
vertex 0.972756 0.890774 0.609754
vertex 0.974336 0.888409 0.619134
vertex 0.982322 0.892677 0.619134
endloop
endfacet
facet normal -0.451378 0.844215 0.289066
outer loop
vertex 0.972756 0.890774 0.609754
vertex 0.982322 0.892677 0.619134
vertex 0.981234 0.895307 0.609754
endloop
endfacet
facet normal -0.137471 0.257197 -0.956531
outer loop
vertex 0.994581 0.858110 0.550960
vertex 0.989369 0.865909 0.553806
vertex 0.992677 0.867677 0.553806
endloop
endfacet
facet normal -0.137608 0.257173 -0.956518
outer loop
vertex 0.994581 0.858110 0.550960
vertex 0.992677 0.867677 0.553806
vertex 0.996267 0.859012 0.550960
endloop
endfacet
facet normal -0.469262 0.877645 0.097629
outer loop
vertex 0.972221 0.891573 0.600000
vertex 0.972756 0.890774 0.609754
vertex 0.981234 0.895307 0.609754
endloop
endfacet
facet normal -0.469162 0.877712 0.097517
outer loop
vertex 0.972221 0.891573 0.600000
vertex 0.981234 0.895307 0.609754
vertex 0.980866 0.896194 0.600000
endloop
endfacet
facet normal -0.046485 0.086872 0.995134
outer loop
vertex 0.994581 0.858110 0.649039
vertex 1.000000 0.850000 0.650000
vertex 0.996267 0.859012 0.649039
endloop
endfacet
facet normal -0.046449 0.086781 -0.995144
outer loop
vertex 1.000000 0.850000 0.550000
vertex 0.994581 0.858110 0.550960
vertex 0.996267 0.859012 0.550960
endloop
endfacet
facet normal -0.469164 0.877699 -0.097618
outer loop
vertex 0.972756 0.890774 0.590245
vertex 0.972221 0.891573 0.600000
vertex 0.980866 0.896194 0.600000
endloop
endfacet
facet normal -0.469257 0.877662 -0.097504
outer loop
vertex 0.972756 0.890774 0.590245
vertex 0.980866 0.896194 0.600000
vertex 0.981234 0.895307 0.590245
endloop
endfacet
facet normal -0.137504 0.257043 0.956568
outer loop
vertex 0.989369 0.865909 0.646194
vertex 0.994581 0.858110 0.649039
vertex 0.996267 0.859012 0.649039
endloop
endfacet
facet normal -0.137430 0.257138 0.956553
outer loop
vertex 0.989369 0.865909 0.646194
vertex 0.996267 0.859012 0.649039
vertex 0.992677 0.867677 0.646194
endloop
endfacet
facet normal -0.451404 0.844248 -0.288928
outer loop
vertex 0.974336 0.888409 0.580866
vertex 0.972756 0.890774 0.590245
vertex 0.981234 0.895307 0.590245
endloop
endfacet
facet normal -0.451202 0.844299 -0.289095
outer loop
vertex 0.974336 0.888409 0.580866
vertex 0.981234 0.895307 0.590245
vertex 0.982322 0.892677 0.580866
endloop
endfacet
facet normal -0.223047 0.417323 0.880961
outer loop
vertex 0.984567 0.873097 0.641573
vertex 0.989369 0.865909 0.646194
vertex 0.992677 0.867677 0.646194
endloop
endfacet
facet normal -0.223081 0.417297 0.880964
outer loop
vertex 0.984567 0.873097 0.641573
vertex 0.992677 0.867677 0.646194
vertex 0.989369 0.875664 0.641573
endloop
endfacet
facet normal -0.084654 0.279088 -0.956527
outer loop
vertex 0.996267 0.859012 0.550960
vertex 0.992677 0.867677 0.553806
vertex 0.996267 0.868766 0.553806
endloop
endfacet
facet normal -0.084643 0.279083 -0.956529
outer loop
vertex 0.996267 0.859012 0.550960
vertex 0.996267 0.868766 0.553806
vertex 0.998097 0.859567 0.550960
endloop
endfacet
facet normal -0.288863 0.952390 0.097528
outer loop
vertex 0.980866 0.896194 0.600000
vertex 0.981234 0.895307 0.609754
vertex 0.990433 0.898097 0.609754
endloop
endfacet
facet normal -0.288898 0.952378 0.097544
outer loop
vertex 0.980866 0.896194 0.600000
vertex 0.990433 0.898097 0.609754
vertex 0.990245 0.899039 0.600000
endloop
endfacet
facet normal -0.028607 0.094264 0.995136
outer loop
vertex 0.996267 0.859012 0.649039
vertex 1.000000 0.850000 0.650000
vertex 0.998097 0.859567 0.649039
endloop
endfacet
facet normal -0.028560 0.094171 -0.995146
outer loop
vertex 1.000000 0.850000 0.550000
vertex 0.996267 0.859012 0.550960
vertex 0.998097 0.859567 0.550960
endloop
endfacet
facet normal -0.288902 0.952380 -0.097508
outer loop
vertex 0.981234 0.895307 0.590245
vertex 0.980866 0.896194 0.600000
vertex 0.990245 0.899039 0.600000
endloop
endfacet
facet normal -0.288860 0.952389 -0.097545
outer loop
vertex 0.981234 0.895307 0.590245
vertex 0.990245 0.899039 0.600000
vertex 0.990433 0.898097 0.590245
endloop
endfacet
facet normal -0.084646 0.278991 0.956556
outer loop
vertex 0.992677 0.867677 0.646194
vertex 0.996267 0.859012 0.649039
vertex 0.998097 0.859567 0.649039
endloop
endfacet
facet normal -0.084615 0.279007 0.956554
outer loop
vertex 0.992677 0.867677 0.646194
vertex 0.998097 0.859567 0.649039
vertex 0.996267 0.868766 0.646194
endloop
endfacet
facet normal -0.277859 0.916084 -0.289111
outer loop
vertex 0.982322 0.892677 0.580866
vertex 0.981234 0.895307 0.590245
vertex 0.990433 0.898097 0.590245
endloop
endfacet
facet normal -0.278008 0.916081 -0.288976
outer loop
vertex 0.982322 0.892677 0.580866
vertex 0.990433 0.898097 0.590245
vertex 0.990988 0.895307 0.580866
endloop
endfacet
facet normal -0.137357 0.452830 0.880953
outer loop
vertex 0.989369 0.875664 0.641573
vertex 0.992677 0.867677 0.646194
vertex 0.996267 0.868766 0.646194
endloop
endfacet
facet normal -0.137362 0.452814 0.880961
outer loop
vertex 0.989369 0.875664 0.641573
vertex 0.996267 0.868766 0.646194
vertex 0.994581 0.877245 0.641573
endloop
endfacet
facet normal -0.256402 0.844850 -0.469560
outer loop
vertex 0.984091 0.888409 0.572221
vertex 0.982322 0.892677 0.580866
vertex 0.990988 0.895307 0.580866
endloop
endfacet
facet normal -0.256189 0.844825 -0.469722
outer loop
vertex 0.984091 0.888409 0.572221
vertex 0.990988 0.895307 0.580866
vertex 0.991890 0.890774 0.572221
endloop
endfacet
facet normal -0.184656 0.608777 0.771552
outer loop
vertex 0.986470 0.882664 0.635356
vertex 0.989369 0.875664 0.641573
vertex 0.994581 0.877245 0.641573
endloop
endfacet
facet normal -0.184661 0.608772 0.771555
outer loop
vertex 0.986470 0.882664 0.635356
vertex 0.994581 0.877245 0.641573
vertex 0.993103 0.884676 0.635356
endloop
endfacet
facet normal -0.224746 0.741146 -0.632607
outer loop
vertex 0.986470 0.882664 0.564645
vertex 0.984091 0.888409 0.572221
vertex 0.991890 0.890774 0.572221
endloop
endfacet
facet normal -0.224818 0.741156 -0.632569
outer loop
vertex 0.986470 0.882664 0.564645
vertex 0.991890 0.890774 0.572221
vertex 0.993103 0.884676 0.564645
endloop
endfacet
facet normal -0.224836 0.741205 0.632506
outer loop
vertex 0.984091 0.888409 0.627778
vertex 0.986470 0.882664 0.635356
vertex 0.993103 0.884676 0.635356
endloop
endfacet
facet normal -0.224769 0.741246 0.632482
outer loop
vertex 0.984091 0.888409 0.627778
vertex 0.993103 0.884676 0.635356
vertex 0.991890 0.890774 0.627778
endloop
endfacet
facet normal -0.184676 0.608828 -0.771507
outer loop
vertex 0.989369 0.875664 0.558427
vertex 0.986470 0.882664 0.564645
vertex 0.993103 0.884676 0.564645
endloop
endfacet
facet normal -0.184670 0.608842 -0.771498
outer loop
vertex 0.989369 0.875664 0.558427
vertex 0.993103 0.884676 0.564645
vertex 0.994581 0.877245 0.558427
endloop
endfacet
facet normal -0.256214 0.844881 0.469608
outer loop
vertex 0.982322 0.892677 0.619134
vertex 0.984091 0.888409 0.627778
vertex 0.991890 0.890774 0.627778
endloop
endfacet
facet normal -0.256367 0.844763 0.469736
outer loop
vertex 0.982322 0.892677 0.619134
vertex 0.991890 0.890774 0.627778
vertex 0.990988 0.895307 0.619134
endloop
endfacet
facet normal -0.137362 0.452829 -0.880953
outer loop
vertex 0.992677 0.867677 0.553806
vertex 0.989369 0.875664 0.558427
vertex 0.994581 0.877245 0.558427
endloop
endfacet
facet normal -0.137346 0.452811 -0.880964
outer loop
vertex 0.992677 0.867677 0.553806
vertex 0.994581 0.877245 0.558427
vertex 0.996267 0.868766 0.553806
endloop
endfacet
facet normal -0.278003 0.916046 0.289092
outer loop
vertex 0.981234 0.895307 0.609754
vertex 0.982322 0.892677 0.619134
vertex 0.990988 0.895307 0.619134
endloop
endfacet
facet normal -0.277871 0.916131 0.288950
outer loop
vertex 0.981234 0.895307 0.609754
vertex 0.990988 0.895307 0.619134
vertex 0.990433 0.898097 0.609754
endloop
endfacet
facet normal -0.062276 0.633122 0.771543
outer loop
vertex 0.993103 0.884676 0.635356
vertex 0.994581 0.877245 0.641573
vertex 1.000000 0.877778 0.641573
endloop
endfacet
facet normal -0.062409 0.633028 0.771609
outer loop
vertex 0.993103 0.884676 0.635356
vertex 1.000000 0.877778 0.641573
vertex 1.000000 0.885356 0.635356
endloop
endfacet
facet normal -0.075934 0.770782 -0.632557
outer loop
vertex 0.993103 0.884676 0.564645
vertex 0.991890 0.890774 0.572221
vertex 1.000000 0.891573 0.572221
endloop
endfacet
facet normal -0.075989 0.770798 -0.632531
outer loop
vertex 0.993103 0.884676 0.564645
vertex 1.000000 0.891573 0.572221
vertex 1.000000 0.885356 0.564645
endloop
endfacet
facet normal -0.076002 0.770846 0.632471
outer loop
vertex 0.991890 0.890774 0.627778
vertex 0.993103 0.884676 0.635356
vertex 1.000000 0.885356 0.635356
endloop
endfacet
facet normal -0.075933 0.770891 0.632425
outer loop
vertex 0.991890 0.890774 0.627778
vertex 1.000000 0.885356 0.635356
vertex 1.000000 0.891573 0.627778
endloop
endfacet
facet normal -0.062427 0.633145 -0.771511
outer loop
vertex 0.994581 0.877245 0.558427
vertex 0.993103 0.884676 0.564645
vertex 1.000000 0.885356 0.564645
endloop
endfacet
facet normal -0.062277 0.633097 -0.771563
outer loop
vertex 0.994581 0.877245 0.558427
vertex 1.000000 0.885356 0.564645
vertex 1.000000 0.877778 0.558427
endloop
endfacet
facet normal -0.086548 0.878553 0.469739
outer loop
vertex 0.990988 0.895307 0.619134
vertex 0.991890 0.890774 0.627778
vertex 1.000000 0.891573 0.627778
endloop
endfacet
facet normal -0.086478 0.878585 0.469691
outer loop
vertex 0.990988 0.895307 0.619134
vertex 1.000000 0.891573 0.627778
vertex 1.000000 0.896194 0.619134
endloop
endfacet
facet normal -0.046326 0.470912 -0.880963
outer loop
vertex 0.996267 0.868766 0.553806
vertex 0.994581 0.877245 0.558427
vertex 1.000000 0.877778 0.558427
endloop
endfacet
facet normal -0.046427 0.470933 -0.880946
outer loop
vertex 0.996267 0.868766 0.553806
vertex 1.000000 0.877778 0.558427
vertex 1.000000 0.869134 0.553806
endloop
endfacet
facet normal -0.093776 0.952745 0.288933
outer loop
vertex 0.990433 0.898097 0.609754
vertex 0.990988 0.895307 0.619134
vertex 1.000000 0.896194 0.619134
endloop
endfacet
facet normal -0.093809 0.952729 0.288975
outer loop
vertex 0.990433 0.898097 0.609754
vertex 1.000000 0.896194 0.619134
vertex 1.000000 0.899039 0.609754
endloop
endfacet
facet normal -0.028608 0.290244 -0.956525
outer loop
vertex 0.998097 0.859567 0.550960
vertex 0.996267 0.868766 0.553806
vertex 1.000000 0.869134 0.553806
endloop
endfacet
facet normal -0.028497 0.290231 -0.956532
outer loop
vertex 0.998097 0.859567 0.550960
vertex 1.000000 0.869134 0.553806
vertex 1.000000 0.859754 0.550960
endloop
endfacet
facet normal -0.097523 0.990442 0.097544
outer loop
vertex 0.990245 0.899039 0.600000
vertex 0.990433 0.898097 0.609754
vertex 1.000000 0.899039 0.609754
endloop
endfacet
facet normal -0.097565 0.990436 0.097562
outer loop
vertex 0.990245 0.899039 0.600000
vertex 1.000000 0.899039 0.609754
vertex 1.000000 0.900000 0.600000
endloop
endfacet
facet normal -0.009637 0.098051 0.995135
outer loop
vertex 0.998097 0.859567 0.649039
vertex 1.000000 0.850000 0.650000
vertex 1.000000 0.859754 0.649039
endloop
endfacet
facet normal -0.009624 0.097945 -0.995145
outer loop
vertex 1.000000 0.850000 0.550000
vertex 0.998097 0.859567 0.550960
vertex 1.000000 0.859754 0.550960
endloop
endfacet
facet normal -0.097567 0.990440 -0.097514
outer loop
vertex 0.990433 0.898097 0.590245
vertex 0.990245 0.899039 0.600000
vertex 1.000000 0.900000 0.600000
endloop
endfacet
facet normal -0.097520 0.990439 -0.097573
outer loop
vertex 0.990433 0.898097 0.590245
vertex 1.000000 0.900000 0.600000
vertex 1.000000 0.899039 0.590245
endloop
endfacet
facet normal -0.028474 0.290155 0.956556
outer loop
vertex 0.996267 0.868766 0.646194
vertex 0.998097 0.859567 0.649039
vertex 1.000000 0.859754 0.649039
endloop
endfacet
facet normal -0.028597 0.290133 0.956559
outer loop
vertex 0.996267 0.868766 0.646194
vertex 1.000000 0.859754 0.649039
vertex 1.000000 0.869134 0.646194
endloop
endfacet
facet normal -0.093809 0.952732 -0.288966
outer loop
vertex 0.990988 0.895307 0.580866
vertex 0.990433 0.898097 0.590245
vertex 1.000000 0.899039 0.590245
endloop
endfacet
facet normal -0.093778 0.952725 -0.289000
outer loop
vertex 0.990988 0.895307 0.580866
vertex 1.000000 0.899039 0.590245
vertex 1.000000 0.896194 0.580866
endloop
endfacet
facet normal -0.046424 0.470886 0.880972
outer loop
vertex 0.994581 0.877245 0.641573
vertex 0.996267 0.868766 0.646194
vertex 1.000000 0.869134 0.646194
endloop
endfacet
facet normal -0.046327 0.470941 0.880947
outer loop
vertex 0.994581 0.877245 0.641573
vertex 1.000000 0.869134 0.646194
vertex 1.000000 0.877778 0.641573
endloop
endfacet
facet normal -0.086475 0.878574 -0.469713
outer loop
vertex 0.991890 0.890774 0.572221
vertex 0.990988 0.895307 0.580866
vertex 1.000000 0.896194 0.580866
endloop
endfacet
facet normal -0.086551 0.878607 -0.469636
outer loop
vertex 0.991890 0.890774 0.572221
vertex 1.000000 0.896194 0.580866
vertex 1.000000 0.891573 0.572221
endloop
endfacet
endsolid Exported from Blender-2.82 (sub 7)
