solid Exported from Blender-2.82 (sub 7)
facet normal 0.086466 0.878609 -0.469648
outer loop
vertex 1.000000 1.191573 0.572221
vertex 1.000000 1.196194 0.580866
vertex 1.009012 1.195307 0.580866
endloop
endfacet
facet normal 0.086561 0.878583 -0.469679
outer loop
vertex 1.000000 1.191573 0.572221
vertex 1.009012 1.195307 0.580866
vertex 1.008110 1.190774 0.572221
endloop
endfacet
facet normal 0.062264 0.633026 0.771622
outer loop
vertex 1.000000 1.185356 0.635356
vertex 1.000000 1.177778 0.641573
vertex 1.005419 1.177245 0.641573
endloop
endfacet
facet normal 0.062421 0.633103 0.771546
outer loop
vertex 1.000000 1.185356 0.635356
vertex 1.005419 1.177245 0.641573
vertex 1.006898 1.184676 0.635356
endloop
endfacet
facet normal 0.075943 0.770800 -0.632535
outer loop
vertex 1.000000 1.185356 0.564645
vertex 1.000000 1.191573 0.572221
vertex 1.008110 1.190774 0.572221
endloop
endfacet
facet normal 0.075993 0.770750 -0.632590
outer loop
vertex 1.000000 1.185356 0.564645
vertex 1.008110 1.190774 0.572221
vertex 1.006898 1.184676 0.564645
endloop
endfacet
facet normal 0.076003 0.770870 0.632441
outer loop
vertex 1.000000 1.191573 0.627778
vertex 1.000000 1.185356 0.635356
vertex 1.006898 1.184676 0.635356
endloop
endfacet
facet normal 0.075946 0.770842 0.632482
outer loop
vertex 1.000000 1.191573 0.627778
vertex 1.006898 1.184676 0.635356
vertex 1.008110 1.190774 0.627778
endloop
endfacet
facet normal 0.062427 0.633095 -0.771553
outer loop
vertex 1.000000 1.177778 0.558427
vertex 1.000000 1.185356 0.564645
vertex 1.006898 1.184676 0.564645
endloop
endfacet
facet normal 0.062267 0.633173 -0.771502
outer loop
vertex 1.000000 1.177778 0.558427
vertex 1.006898 1.184676 0.564645
vertex 1.005419 1.177245 0.558427
endloop
endfacet
facet normal 0.086565 0.878595 0.469656
outer loop
vertex 1.000000 1.196194 0.619134
vertex 1.000000 1.191573 0.627778
vertex 1.008110 1.190774 0.627778
endloop
endfacet
facet normal 0.086465 0.878557 0.469747
outer loop
vertex 1.000000 1.196194 0.619134
vertex 1.008110 1.190774 0.627778
vertex 1.009012 1.195307 0.619134
endloop
endfacet
facet normal 0.046313 0.470948 -0.880944
outer loop
vertex 1.000000 1.169134 0.553806
vertex 1.000000 1.177778 0.558427
vertex 1.005419 1.177245 0.558427
endloop
endfacet
facet normal 0.046425 0.470907 -0.880961
outer loop
vertex 1.000000 1.169134 0.553806
vertex 1.005419 1.177245 0.558427
vertex 1.003733 1.168766 0.553806
endloop
endfacet
facet normal 0.093762 0.952735 0.288972
outer loop
vertex 1.000000 1.199039 0.609754
vertex 1.000000 1.196194 0.619134
vertex 1.009012 1.195307 0.619134
endloop
endfacet
facet normal 0.093810 0.952741 0.288936
outer loop
vertex 1.000000 1.199039 0.609754
vertex 1.009012 1.195307 0.619134
vertex 1.009567 1.198097 0.609754
endloop
endfacet
facet normal 0.028605 0.290219 -0.956533
outer loop
vertex 1.000000 1.159754 0.550960
vertex 1.000000 1.169134 0.553806
vertex 1.003733 1.168766 0.553806
endloop
endfacet
facet normal 0.028499 0.290259 -0.956524
outer loop
vertex 1.000000 1.159754 0.550960
vertex 1.003733 1.168766 0.553806
vertex 1.001903 1.159567 0.550960
endloop
endfacet
facet normal 0.097522 0.990438 0.097583
outer loop
vertex 1.000000 1.200000 0.600000
vertex 1.000000 1.199039 0.609754
vertex 1.009567 1.198097 0.609754
endloop
endfacet
facet normal 0.097577 0.990440 0.097508
outer loop
vertex 1.000000 1.200000 0.600000
vertex 1.009567 1.198097 0.609754
vertex 1.009754 1.199039 0.600000
endloop
endfacet
facet normal 0.009636 0.098046 0.995135
outer loop
vertex 1.000000 1.159754 0.649039
vertex 1.000000 1.150000 0.650000
vertex 1.001903 1.159567 0.649039
endloop
endfacet
facet normal 0.009624 0.097941 -0.995146
outer loop
vertex 1.000000 1.150000 0.550000
vertex 1.000000 1.159754 0.550960
vertex 1.001903 1.159567 0.550960
endloop
endfacet
facet normal 0.097576 0.990434 -0.097564
outer loop
vertex 1.000000 1.199039 0.590245
vertex 1.000000 1.200000 0.600000
vertex 1.009754 1.199039 0.600000
endloop
endfacet
facet normal 0.097522 0.990445 -0.097507
outer loop
vertex 1.000000 1.199039 0.590245
vertex 1.009754 1.199039 0.600000
vertex 1.009567 1.198097 0.590245
endloop
endfacet
facet normal 0.028469 0.290133 0.956563
outer loop
vertex 1.000000 1.169134 0.646194
vertex 1.000000 1.159754 0.649039
vertex 1.001903 1.159567 0.649039
endloop
endfacet
facet normal 0.028624 0.290131 0.956559
outer loop
vertex 1.000000 1.169134 0.646194
vertex 1.001903 1.159567 0.649039
vertex 1.003733 1.168766 0.646194
endloop
endfacet
facet normal 0.093808 0.952721 -0.289002
outer loop
vertex 1.000000 1.196194 0.580866
vertex 1.000000 1.199039 0.590245
vertex 1.009567 1.198097 0.590245
endloop
endfacet
facet normal 0.093764 0.952738 -0.288960
outer loop
vertex 1.000000 1.196194 0.580866
vertex 1.009567 1.198097 0.590245
vertex 1.009012 1.195307 0.580866
endloop
endfacet
facet normal 0.046405 0.470955 0.880936
outer loop
vertex 1.000000 1.177778 0.641573
vertex 1.000000 1.169134 0.646194
vertex 1.003733 1.168766 0.646194
endloop
endfacet
facet normal 0.046324 0.470915 0.880961
outer loop
vertex 1.000000 1.177778 0.641573
vertex 1.003733 1.168766 0.646194
vertex 1.005419 1.177245 0.641573
endloop
endfacet
facet normal 0.277855 0.916138 -0.288943
outer loop
vertex 1.009012 1.195307 0.580866
vertex 1.009567 1.198097 0.590245
vertex 1.018766 1.195307 0.590245
endloop
endfacet
facet normal 0.278030 0.916018 -0.289157
outer loop
vertex 1.009012 1.195307 0.580866
vertex 1.018766 1.195307 0.590245
vertex 1.017677 1.192677 0.580866
endloop
endfacet
facet normal 0.137402 0.452810 0.880956
outer loop
vertex 1.005419 1.177245 0.641573
vertex 1.003733 1.168766 0.646194
vertex 1.007322 1.167677 0.646194
endloop
endfacet
facet normal 0.137384 0.452781 0.880974
outer loop
vertex 1.005419 1.177245 0.641573
vertex 1.007322 1.167677 0.646194
vertex 1.010630 1.175664 0.641573
endloop
endfacet
facet normal 0.256406 0.844757 -0.469725
outer loop
vertex 1.008110 1.190774 0.572221
vertex 1.009012 1.195307 0.580866
vertex 1.017677 1.192677 0.580866
endloop
endfacet
facet normal 0.256214 0.844913 -0.469549
outer loop
vertex 1.008110 1.190774 0.572221
vertex 1.017677 1.192677 0.580866
vertex 1.015909 1.188409 0.572221
endloop
endfacet
facet normal 0.184692 0.608776 0.771544
outer loop
vertex 1.006898 1.184676 0.635356
vertex 1.005419 1.177245 0.641573
vertex 1.010630 1.175664 0.641573
endloop
endfacet
facet normal 0.184686 0.608743 0.771572
outer loop
vertex 1.006898 1.184676 0.635356
vertex 1.010630 1.175664 0.641573
vertex 1.013530 1.182664 0.635356
endloop
endfacet
facet normal 0.224767 0.741201 -0.632535
outer loop
vertex 1.006898 1.184676 0.564645
vertex 1.008110 1.190774 0.572221
vertex 1.015909 1.188409 0.572221
endloop
endfacet
facet normal 0.224831 0.741102 -0.632629
outer loop
vertex 1.006898 1.184676 0.564645
vertex 1.015909 1.188409 0.572221
vertex 1.013530 1.182664 0.564645
endloop
endfacet
facet normal 0.224876 0.741239 0.632452
outer loop
vertex 1.008110 1.190774 0.627778
vertex 1.006898 1.184676 0.635356
vertex 1.013530 1.182664 0.635356
endloop
endfacet
facet normal 0.224772 0.741235 0.632493
outer loop
vertex 1.008110 1.190774 0.627778
vertex 1.013530 1.182664 0.635356
vertex 1.015909 1.188409 0.627778
endloop
endfacet
facet normal 0.184705 0.608840 -0.771490
outer loop
vertex 1.005419 1.177245 0.558427
vertex 1.006898 1.184676 0.564645
vertex 1.013530 1.182664 0.564645
endloop
endfacet
facet normal 0.184718 0.608784 -0.771532
outer loop
vertex 1.005419 1.177245 0.558427
vertex 1.013530 1.182664 0.564645
vertex 1.010630 1.175664 0.558427
endloop
endfacet
facet normal 0.256179 0.844790 0.469789
outer loop
vertex 1.009012 1.195307 0.619134
vertex 1.008110 1.190774 0.627778
vertex 1.015909 1.188409 0.627778
endloop
endfacet
facet normal 0.256415 0.844833 0.469583
outer loop
vertex 1.009012 1.195307 0.619134
vertex 1.015909 1.188409 0.627778
vertex 1.017677 1.192677 0.619134
endloop
endfacet
facet normal 0.137393 0.452780 -0.880973
outer loop
vertex 1.003733 1.168766 0.553806
vertex 1.005419 1.177245 0.558427
vertex 1.010630 1.175664 0.558427
endloop
endfacet
facet normal 0.137398 0.452800 -0.880962
outer loop
vertex 1.003733 1.168766 0.553806
vertex 1.010630 1.175664 0.558427
vertex 1.007322 1.167677 0.553806
endloop
endfacet
facet normal 0.278046 0.916082 0.288937
outer loop
vertex 1.009567 1.198097 0.609754
vertex 1.009012 1.195307 0.619134
vertex 1.017677 1.192677 0.619134
endloop
endfacet
facet normal 0.277847 0.916091 0.289099
outer loop
vertex 1.009567 1.198097 0.609754
vertex 1.017677 1.192677 0.619134
vertex 1.018766 1.195307 0.609754
endloop
endfacet
facet normal 0.084690 0.279080 -0.956526
outer loop
vertex 1.001903 1.159567 0.550960
vertex 1.003733 1.168766 0.553806
vertex 1.007322 1.167677 0.553806
endloop
endfacet
facet normal 0.084652 0.279087 -0.956527
outer loop
vertex 1.001903 1.159567 0.550960
vertex 1.007322 1.167677 0.553806
vertex 1.003733 1.159012 0.550960
endloop
endfacet
facet normal 0.288860 0.952392 0.097511
outer loop
vertex 1.009754 1.199039 0.600000
vertex 1.009567 1.198097 0.609754
vertex 1.018766 1.195307 0.609754
endloop
endfacet
facet normal 0.288861 0.952393 0.097503
outer loop
vertex 1.009754 1.199039 0.600000
vertex 1.018766 1.195307 0.609754
vertex 1.019134 1.196194 0.600000
endloop
endfacet
facet normal 0.028609 0.094272 0.995135
outer loop
vertex 1.001903 1.159567 0.649039
vertex 1.000000 1.150000 0.650000
vertex 1.003733 1.159012 0.649039
endloop
endfacet
facet normal 0.028562 0.094177 -0.995146
outer loop
vertex 1.000000 1.150000 0.550000
vertex 1.001903 1.159567 0.550960
vertex 1.003733 1.159012 0.550960
endloop
endfacet
facet normal 0.288862 0.952393 -0.097496
outer loop
vertex 1.009567 1.198097 0.590245
vertex 1.009754 1.199039 0.600000
vertex 1.019134 1.196194 0.600000
endloop
endfacet
facet normal 0.288859 0.952394 -0.097499
outer loop
vertex 1.009567 1.198097 0.590245
vertex 1.019134 1.196194 0.600000
vertex 1.018766 1.195307 0.590245
endloop
endfacet
facet normal 0.084602 0.279012 0.956553
outer loop
vertex 1.003733 1.168766 0.646194
vertex 1.001903 1.159567 0.649039
vertex 1.003733 1.159012 0.649039
endloop
endfacet
facet normal 0.084660 0.278994 0.956554
outer loop
vertex 1.003733 1.168766 0.646194
vertex 1.003733 1.159012 0.649039
vertex 1.007322 1.167677 0.646194
endloop
endfacet
facet normal 0.223025 0.417331 -0.880962
outer loop
vertex 1.007322 1.167677 0.553806
vertex 1.010630 1.175664 0.558427
vertex 1.015433 1.173097 0.558427
endloop
endfacet
facet normal 0.223052 0.417298 -0.880971
outer loop
vertex 1.007322 1.167677 0.553806
vertex 1.015433 1.173097 0.558427
vertex 1.010630 1.165909 0.553806
endloop
endfacet
facet normal 0.451182 0.844300 0.289123
outer loop
vertex 1.018766 1.195307 0.609754
vertex 1.017677 1.192677 0.619134
vertex 1.025664 1.188409 0.619134
endloop
endfacet
facet normal 0.451358 0.844269 0.288940
outer loop
vertex 1.018766 1.195307 0.609754
vertex 1.025664 1.188409 0.619134
vertex 1.027245 1.190774 0.609754
endloop
endfacet
facet normal 0.137495 0.257229 -0.956519
outer loop
vertex 1.003733 1.159012 0.550960
vertex 1.007322 1.167677 0.553806
vertex 1.010630 1.165909 0.553806
endloop
endfacet
facet normal 0.137546 0.257150 -0.956533
outer loop
vertex 1.003733 1.159012 0.550960
vertex 1.010630 1.165909 0.553806
vertex 1.005419 1.158110 0.550960
endloop
endfacet
facet normal 0.469222 0.877680 0.097509
outer loop
vertex 1.019134 1.196194 0.600000
vertex 1.018766 1.195307 0.609754
vertex 1.027245 1.190774 0.609754
endloop
endfacet
facet normal 0.469192 0.877695 0.097524
outer loop
vertex 1.019134 1.196194 0.600000
vertex 1.027245 1.190774 0.609754
vertex 1.027778 1.191573 0.600000
endloop
endfacet
facet normal 0.046484 0.086870 0.995135
outer loop
vertex 1.003733 1.159012 0.649039
vertex 1.000000 1.150000 0.650000
vertex 1.005419 1.158110 0.649039
endloop
endfacet
facet normal 0.046447 0.086777 -0.995144
outer loop
vertex 1.000000 1.150000 0.550000
vertex 1.003733 1.159012 0.550960
vertex 1.005419 1.158110 0.550960
endloop
endfacet
facet normal 0.469191 0.877698 -0.097500
outer loop
vertex 1.018766 1.195307 0.590245
vertex 1.019134 1.196194 0.600000
vertex 1.027778 1.191573 0.600000
endloop
endfacet
facet normal 0.469220 0.877681 -0.097512
outer loop
vertex 1.018766 1.195307 0.590245
vertex 1.027778 1.191573 0.600000
vertex 1.027245 1.190774 0.590245
endloop
endfacet
facet normal 0.137529 0.257125 0.956542
outer loop
vertex 1.007322 1.167677 0.646194
vertex 1.003733 1.159012 0.649039
vertex 1.005419 1.158110 0.649039
endloop
endfacet
facet normal 0.137433 0.257117 0.956558
outer loop
vertex 1.007322 1.167677 0.646194
vertex 1.005419 1.158110 0.649039
vertex 1.010630 1.165909 0.646194
endloop
endfacet
facet normal 0.451327 0.844224 -0.289119
outer loop
vertex 1.017677 1.192677 0.580866
vertex 1.018766 1.195307 0.590245
vertex 1.027245 1.190774 0.590245
endloop
endfacet
facet normal 0.451204 0.844335 -0.288986
outer loop
vertex 1.017677 1.192677 0.580866
vertex 1.027245 1.190774 0.590245
vertex 1.025664 1.188409 0.580866
endloop
endfacet
facet normal 0.223037 0.417330 0.880960
outer loop
vertex 1.010630 1.175664 0.641573
vertex 1.007322 1.167677 0.646194
vertex 1.010630 1.165909 0.646194
endloop
endfacet
facet normal 0.223023 0.417310 0.880973
outer loop
vertex 1.010630 1.175664 0.641573
vertex 1.010630 1.165909 0.646194
vertex 1.015433 1.173097 0.641573
endloop
endfacet
facet normal 0.416120 0.778705 -0.469534
outer loop
vertex 1.015909 1.188409 0.572221
vertex 1.017677 1.192677 0.580866
vertex 1.025664 1.188409 0.580866
endloop
endfacet
facet normal 0.416183 0.778614 -0.469631
outer loop
vertex 1.015909 1.188409 0.572221
vertex 1.025664 1.188409 0.580866
vertex 1.023097 1.184567 0.572221
endloop
endfacet
facet normal 0.299843 0.561059 0.771561
outer loop
vertex 1.013530 1.182664 0.635356
vertex 1.010630 1.175664 0.641573
vertex 1.015433 1.173097 0.641573
endloop
endfacet
facet normal 0.299868 0.561055 0.771555
outer loop
vertex 1.013530 1.182664 0.635356
vertex 1.015433 1.173097 0.641573
vertex 1.019642 1.179397 0.635356
endloop
endfacet
facet normal 0.365080 0.683037 -0.632596
outer loop
vertex 1.013530 1.182664 0.564645
vertex 1.015909 1.188409 0.572221
vertex 1.023097 1.184567 0.572221
endloop
endfacet
facet normal 0.365101 0.683027 -0.632594
outer loop
vertex 1.013530 1.182664 0.564645
vertex 1.023097 1.184567 0.572221
vertex 1.019642 1.179397 0.564645
endloop
endfacet
facet normal 0.365131 0.683120 0.632476
outer loop
vertex 1.015909 1.188409 0.627778
vertex 1.013530 1.182664 0.635356
vertex 1.019642 1.179397 0.635356
endloop
endfacet
facet normal 0.365122 0.683094 0.632510
outer loop
vertex 1.015909 1.188409 0.627778
vertex 1.019642 1.179397 0.635356
vertex 1.023097 1.184567 0.627778
endloop
endfacet
facet normal 0.299901 0.561083 -0.771522
outer loop
vertex 1.010630 1.175664 0.558427
vertex 1.013530 1.182664 0.564645
vertex 1.019642 1.179397 0.564645
endloop
endfacet
facet normal 0.299872 0.561128 -0.771500
outer loop
vertex 1.010630 1.175664 0.558427
vertex 1.019642 1.179397 0.564645
vertex 1.015433 1.173097 0.558427
endloop
endfacet
facet normal 0.416189 0.778645 0.469573
outer loop
vertex 1.017677 1.192677 0.619134
vertex 1.015909 1.188409 0.627778
vertex 1.023097 1.184567 0.627778
endloop
endfacet
facet normal 0.416097 0.778644 0.469657
outer loop
vertex 1.017677 1.192677 0.619134
vertex 1.023097 1.184567 0.627778
vertex 1.025664 1.188409 0.619134
endloop
endfacet
facet normal 0.300094 0.365846 0.880966
outer loop
vertex 1.015433 1.173097 0.641573
vertex 1.010630 1.165909 0.646194
vertex 1.013530 1.163530 0.646194
endloop
endfacet
facet normal 0.300271 0.365776 0.880934
outer loop
vertex 1.015433 1.173097 0.641573
vertex 1.013530 1.163530 0.646194
vertex 1.019642 1.169642 0.641573
endloop
endfacet
facet normal 0.560107 0.682475 -0.469583
outer loop
vertex 1.023097 1.184567 0.572221
vertex 1.025664 1.188409 0.580866
vertex 1.032664 1.182664 0.580866
endloop
endfacet
facet normal 0.560079 0.682508 -0.469569
outer loop
vertex 1.023097 1.184567 0.572221
vertex 1.032664 1.182664 0.580866
vertex 1.029397 1.179397 0.572221
endloop
endfacet
facet normal 0.403659 0.491706 0.771546
outer loop
vertex 1.019642 1.179397 0.635356
vertex 1.015433 1.173097 0.641573
vertex 1.019642 1.169642 0.641573
endloop
endfacet
facet normal 0.403547 0.491744 0.771581
outer loop
vertex 1.019642 1.179397 0.635356
vertex 1.019642 1.169642 0.641573
vertex 1.025000 1.175000 0.635356
endloop
endfacet
facet normal 0.491296 0.598677 -0.632625
outer loop
vertex 1.019642 1.179397 0.564645
vertex 1.023097 1.184567 0.572221
vertex 1.029397 1.179397 0.572221
endloop
endfacet
facet normal 0.491293 0.598696 -0.632609
outer loop
vertex 1.019642 1.179397 0.564645
vertex 1.029397 1.179397 0.572221
vertex 1.025000 1.175000 0.564645
endloop
endfacet
facet normal 0.491351 0.598746 0.632516
outer loop
vertex 1.023097 1.184567 0.627778
vertex 1.019642 1.179397 0.635356
vertex 1.025000 1.175000 0.635356
endloop
endfacet
facet normal 0.491341 0.598746 0.632525
outer loop
vertex 1.023097 1.184567 0.627778
vertex 1.025000 1.175000 0.635356
vertex 1.029397 1.179397 0.627778
endloop
endfacet
facet normal 0.403611 0.491793 -0.771517
outer loop
vertex 1.015433 1.173097 0.558427
vertex 1.019642 1.179397 0.564645
vertex 1.025000 1.175000 0.564645
endloop
endfacet
facet normal 0.403649 0.491739 -0.771531
outer loop
vertex 1.015433 1.173097 0.558427
vertex 1.025000 1.175000 0.564645
vertex 1.019642 1.169642 0.558427
endloop
endfacet
facet normal 0.560057 0.682479 0.469637
outer loop
vertex 1.025664 1.188409 0.619134
vertex 1.023097 1.184567 0.627778
vertex 1.029397 1.179397 0.627778
endloop
endfacet
facet normal 0.560095 0.682467 0.469608
outer loop
vertex 1.025664 1.188409 0.619134
vertex 1.029397 1.179397 0.627778
vertex 1.032664 1.182664 0.619134
endloop
endfacet
facet normal 0.300218 0.365733 -0.880970
outer loop
vertex 1.010630 1.165909 0.553806
vertex 1.015433 1.173097 0.558427
vertex 1.019642 1.169642 0.558427
endloop
endfacet
facet normal 0.300145 0.365916 -0.880919
outer loop
vertex 1.010630 1.165909 0.553806
vertex 1.019642 1.169642 0.558427
vertex 1.013530 1.163530 0.553806
endloop
endfacet
facet normal 0.607339 0.740027 0.288962
outer loop
vertex 1.027245 1.190774 0.609754
vertex 1.025664 1.188409 0.619134
vertex 1.032664 1.182664 0.619134
endloop
endfacet
facet normal 0.607300 0.740042 0.289008
outer loop
vertex 1.027245 1.190774 0.609754
vertex 1.032664 1.182664 0.619134
vertex 1.034676 1.184676 0.609754
endloop
endfacet
facet normal 0.184974 0.225485 -0.956526
outer loop
vertex 1.005419 1.158110 0.550960
vertex 1.010630 1.165909 0.553806
vertex 1.013530 1.163530 0.553806
endloop
endfacet
facet normal 0.184861 0.225567 -0.956528
outer loop
vertex 1.005419 1.158110 0.550960
vertex 1.013530 1.163530 0.553806
vertex 1.006898 1.156898 0.550960
endloop
endfacet
facet normal 0.631352 0.769342 0.097510
outer loop
vertex 1.027778 1.191573 0.600000
vertex 1.027245 1.190774 0.609754
vertex 1.034676 1.184676 0.609754
endloop
endfacet
facet normal 0.631232 0.769421 0.097657
outer loop
vertex 1.027778 1.191573 0.600000
vertex 1.034676 1.184676 0.609754
vertex 1.035356 1.185356 0.600000
endloop
endfacet
facet normal 0.062415 0.076196 0.995138
outer loop
vertex 1.005419 1.158110 0.649039
vertex 1.000000 1.150000 0.650000
vertex 1.006898 1.156898 0.649039
endloop
endfacet
facet normal 0.062356 0.076119 -0.995147
outer loop
vertex 1.000000 1.150000 0.550000
vertex 1.005419 1.158110 0.550960
vertex 1.006898 1.156898 0.550960
endloop
endfacet
facet normal 0.631258 0.769420 -0.097501
outer loop
vertex 1.027245 1.190774 0.590245
vertex 1.027778 1.191573 0.600000
vertex 1.035356 1.185356 0.600000
endloop
endfacet
facet normal 0.631330 0.769342 -0.097649
outer loop
vertex 1.027245 1.190774 0.590245
vertex 1.035356 1.185356 0.600000
vertex 1.034676 1.184676 0.590245
endloop
endfacet
facet normal 0.184794 0.225513 0.956554
outer loop
vertex 1.010630 1.165909 0.646194
vertex 1.005419 1.158110 0.649039
vertex 1.006898 1.156898 0.649039
endloop
endfacet
facet normal 0.184914 0.225411 0.956555
outer loop
vertex 1.010630 1.165909 0.646194
vertex 1.006898 1.156898 0.649039
vertex 1.013530 1.163530 0.646194
endloop
endfacet
facet normal 0.607308 0.740045 -0.288981
outer loop
vertex 1.025664 1.188409 0.580866
vertex 1.027245 1.190774 0.590245
vertex 1.034676 1.184676 0.590245
endloop
endfacet
facet normal 0.607315 0.740011 -0.289054
outer loop
vertex 1.025664 1.188409 0.580866
vertex 1.034676 1.184676 0.590245
vertex 1.032664 1.182664 0.580866
endloop
endfacet
facet normal 0.740013 0.607340 0.288996
outer loop
vertex 1.034676 1.184676 0.609754
vertex 1.032664 1.182664 0.619134
vertex 1.038409 1.175664 0.619134
endloop
endfacet
facet normal 0.740062 0.607301 0.288952
outer loop
vertex 1.034676 1.184676 0.609754
vertex 1.038409 1.175664 0.619134
vertex 1.040774 1.177245 0.609754
endloop
endfacet
facet normal 0.225486 0.184984 -0.956523
outer loop
vertex 1.006898 1.156898 0.550960
vertex 1.013530 1.163530 0.553806
vertex 1.015909 1.160630 0.553806
endloop
endfacet
facet normal 0.225558 0.184858 -0.956531
outer loop
vertex 1.006898 1.156898 0.550960
vertex 1.015909 1.160630 0.553806
vertex 1.008110 1.155419 0.550960
endloop
endfacet
facet normal 0.769345 0.631325 0.097658
outer loop
vertex 1.035356 1.185356 0.600000
vertex 1.034676 1.184676 0.609754
vertex 1.040774 1.177245 0.609754
endloop
endfacet
facet normal 0.769432 0.631241 0.097519
outer loop
vertex 1.035356 1.185356 0.600000
vertex 1.040774 1.177245 0.609754
vertex 1.041573 1.177778 0.600000
endloop
endfacet
facet normal 0.076205 0.062439 0.995135
outer loop
vertex 1.006898 1.156898 0.649039
vertex 1.000000 1.150000 0.650000
vertex 1.008110 1.155419 0.649039
endloop
endfacet
facet normal 0.076120 0.062378 -0.995146
outer loop
vertex 1.000000 1.150000 0.550000
vertex 1.006898 1.156898 0.550960
vertex 1.008110 1.155419 0.550960
endloop
endfacet
facet normal 0.769420 0.631239 -0.097623
outer loop
vertex 1.034676 1.184676 0.590245
vertex 1.035356 1.185356 0.600000
vertex 1.041573 1.177778 0.600000
endloop
endfacet
facet normal 0.769357 0.631329 -0.097531
outer loop
vertex 1.034676 1.184676 0.590245
vertex 1.041573 1.177778 0.600000
vertex 1.040774 1.177245 0.590245
endloop
endfacet
facet normal 0.225502 0.184814 0.956553
outer loop
vertex 1.013530 1.163530 0.646194
vertex 1.006898 1.156898 0.649039
vertex 1.008110 1.155419 0.649039
endloop
endfacet
facet normal 0.225400 0.184908 0.956558
outer loop
vertex 1.013530 1.163530 0.646194
vertex 1.008110 1.155419 0.649039
vertex 1.015909 1.160630 0.646194
endloop
endfacet
facet normal 0.740043 0.607292 -0.289020
outer loop
vertex 1.032664 1.182664 0.580866
vertex 1.034676 1.184676 0.590245
vertex 1.040774 1.177245 0.590245
endloop
endfacet
facet normal 0.740016 0.607344 -0.288981
outer loop
vertex 1.032664 1.182664 0.580866
vertex 1.040774 1.177245 0.590245
vertex 1.038409 1.175664 0.580866
endloop
endfacet
facet normal 0.365881 0.300161 0.880928
outer loop
vertex 1.019642 1.169642 0.641573
vertex 1.013530 1.163530 0.646194
vertex 1.015909 1.160630 0.646194
endloop
endfacet
facet normal 0.365754 0.300221 0.880961
outer loop
vertex 1.019642 1.169642 0.641573
vertex 1.015909 1.160630 0.646194
vertex 1.023097 1.165433 0.641573
endloop
endfacet
facet normal 0.682481 0.560105 -0.469576
outer loop
vertex 1.029397 1.179397 0.572221
vertex 1.032664 1.182664 0.580866
vertex 1.038409 1.175664 0.580866
endloop
endfacet
facet normal 0.682473 0.560083 -0.469615
outer loop
vertex 1.029397 1.179397 0.572221
vertex 1.038409 1.175664 0.580866
vertex 1.034567 1.173097 0.572221
endloop
endfacet
facet normal 0.491690 0.403614 0.771581
outer loop
vertex 1.025000 1.175000 0.635356
vertex 1.019642 1.169642 0.641573
vertex 1.023097 1.165433 0.641573
endloop
endfacet
facet normal 0.491770 0.403563 0.771557
outer loop
vertex 1.025000 1.175000 0.635356
vertex 1.023097 1.165433 0.641573
vertex 1.029397 1.169642 0.635356
endloop
endfacet
facet normal 0.598685 0.491291 -0.632621
outer loop
vertex 1.025000 1.175000 0.564645
vertex 1.029397 1.179397 0.572221
vertex 1.034567 1.173097 0.572221
endloop
endfacet
facet normal 0.598689 0.491297 -0.632613
outer loop
vertex 1.025000 1.175000 0.564645
vertex 1.034567 1.173097 0.572221
vertex 1.029397 1.169642 0.564645
endloop
endfacet
facet normal 0.598755 0.491337 0.632519
outer loop
vertex 1.029397 1.179397 0.627778
vertex 1.025000 1.175000 0.635356
vertex 1.029397 1.169642 0.635356
endloop
endfacet
facet normal 0.598738 0.491360 0.632518
outer loop
vertex 1.029397 1.179397 0.627778
vertex 1.029397 1.169642 0.635356
vertex 1.034567 1.173097 0.627778
endloop
endfacet
facet normal 0.491785 0.403574 -0.771541
outer loop
vertex 1.019642 1.169642 0.558427
vertex 1.025000 1.175000 0.564645
vertex 1.029397 1.169642 0.564645
endloop
endfacet
facet normal 0.491769 0.403684 -0.771494
outer loop
vertex 1.019642 1.169642 0.558427
vertex 1.029397 1.169642 0.564645
vertex 1.023097 1.165433 0.558427
endloop
endfacet
facet normal 0.682482 0.560071 0.469616
outer loop
vertex 1.032664 1.182664 0.619134
vertex 1.029397 1.179397 0.627778
vertex 1.034567 1.173097 0.627778
endloop
endfacet
facet normal 0.682437 0.560094 0.469655
outer loop
vertex 1.032664 1.182664 0.619134
vertex 1.034567 1.173097 0.627778
vertex 1.038409 1.175664 0.619134
endloop
endfacet
facet normal 0.365772 0.300251 -0.880943
outer loop
vertex 1.013530 1.163530 0.553806
vertex 1.019642 1.169642 0.558427
vertex 1.023097 1.165433 0.558427
endloop
endfacet
facet normal 0.365846 0.300111 -0.880960
outer loop
vertex 1.013530 1.163530 0.553806
vertex 1.023097 1.165433 0.558427
vertex 1.015909 1.160630 0.553806
endloop
endfacet
facet normal 0.778687 0.416084 -0.469596
outer loop
vertex 1.034567 1.173097 0.572221
vertex 1.038409 1.175664 0.580866
vertex 1.042677 1.167677 0.580866
endloop
endfacet
facet normal 0.778652 0.416198 -0.469553
outer loop
vertex 1.034567 1.173097 0.572221
vertex 1.042677 1.167677 0.580866
vertex 1.038409 1.165909 0.572221
endloop
endfacet
facet normal 0.561061 0.299837 0.771563
outer loop
vertex 1.029397 1.169642 0.635356
vertex 1.023097 1.165433 0.641573
vertex 1.025664 1.160630 0.641573
endloop
endfacet
facet normal 0.561023 0.299910 0.771562
outer loop
vertex 1.029397 1.169642 0.635356
vertex 1.025664 1.160630 0.641573
vertex 1.032664 1.163530 0.635356
endloop
endfacet
facet normal 0.683025 0.365079 -0.632609
outer loop
vertex 1.029397 1.169642 0.564645
vertex 1.034567 1.173097 0.572221
vertex 1.038409 1.165909 0.572221
endloop
endfacet
facet normal 0.683030 0.365100 -0.632591
outer loop
vertex 1.029397 1.169642 0.564645
vertex 1.038409 1.165909 0.572221
vertex 1.032664 1.163530 0.564645
endloop
endfacet
facet normal 0.683088 0.365138 0.632508
outer loop
vertex 1.034567 1.173097 0.627778
vertex 1.029397 1.169642 0.635356
vertex 1.032664 1.163530 0.635356
endloop
endfacet
facet normal 0.683110 0.365107 0.632502
outer loop
vertex 1.034567 1.173097 0.627778
vertex 1.032664 1.163530 0.635356
vertex 1.038409 1.165909 0.627778
endloop
endfacet
facet normal 0.561085 0.299923 -0.771511
outer loop
vertex 1.023097 1.165433 0.558427
vertex 1.029397 1.169642 0.564645
vertex 1.032664 1.163530 0.564645
endloop
endfacet
facet normal 0.561098 0.299895 -0.771513
outer loop
vertex 1.023097 1.165433 0.558427
vertex 1.032664 1.163530 0.564645
vertex 1.025664 1.160630 0.558427
endloop
endfacet
facet normal 0.778619 0.416146 0.469655
outer loop
vertex 1.038409 1.175664 0.619134
vertex 1.034567 1.173097 0.627778
vertex 1.038409 1.165909 0.627778
endloop
endfacet
facet normal 0.778687 0.416097 0.469585
outer loop
vertex 1.038409 1.175664 0.619134
vertex 1.038409 1.165909 0.627778
vertex 1.042677 1.167677 0.619134
endloop
endfacet
facet normal 0.417325 0.223048 -0.880959
outer loop
vertex 1.015909 1.160630 0.553806
vertex 1.023097 1.165433 0.558427
vertex 1.025664 1.160630 0.558427
endloop
endfacet
facet normal 0.417300 0.223040 -0.880973
outer loop
vertex 1.015909 1.160630 0.553806
vertex 1.025664 1.160630 0.558427
vertex 1.017677 1.157322 0.553806
endloop
endfacet
facet normal 0.844361 0.451177 0.288955
outer loop
vertex 1.040774 1.177245 0.609754
vertex 1.038409 1.175664 0.619134
vertex 1.042677 1.167677 0.619134
endloop
endfacet
facet normal 0.844220 0.451339 0.289111
outer loop
vertex 1.040774 1.177245 0.609754
vertex 1.042677 1.167677 0.619134
vertex 1.045307 1.168766 0.609754
endloop
endfacet
facet normal 0.257188 0.137464 -0.956534
outer loop
vertex 1.008110 1.155419 0.550960
vertex 1.015909 1.160630 0.553806
vertex 1.017677 1.157322 0.553806
endloop
endfacet
facet normal 0.257199 0.137611 -0.956510
outer loop
vertex 1.008110 1.155419 0.550960
vertex 1.017677 1.157322 0.553806
vertex 1.009012 1.153733 0.550960
endloop
endfacet
facet normal 0.877677 0.469225 0.097529
outer loop
vertex 1.041573 1.177778 0.600000
vertex 1.040774 1.177245 0.609754
vertex 1.045307 1.168766 0.609754
endloop
endfacet
facet normal 0.877684 0.469213 0.097526
outer loop
vertex 1.041573 1.177778 0.600000
vertex 1.045307 1.168766 0.609754
vertex 1.046194 1.169134 0.600000
endloop
endfacet
facet normal 0.086847 0.046469 0.995137
outer loop
vertex 1.008110 1.155419 0.649039
vertex 1.000000 1.150000 0.650000
vertex 1.009012 1.153733 0.649039
endloop
endfacet
facet normal 0.086762 0.046414 -0.995147
outer loop
vertex 1.000000 1.150000 0.550000
vertex 1.008110 1.155419 0.550960
vertex 1.009012 1.153733 0.550960
endloop
endfacet
facet normal 0.877687 0.469205 -0.097530
outer loop
vertex 1.040774 1.177245 0.590245
vertex 1.041573 1.177778 0.600000
vertex 1.046194 1.169134 0.600000
endloop
endfacet
facet normal 0.877675 0.469232 -0.097504
outer loop
vertex 1.040774 1.177245 0.590245
vertex 1.046194 1.169134 0.600000
vertex 1.045307 1.168766 0.590245
endloop
endfacet
facet normal 0.257055 0.137499 0.956565
outer loop
vertex 1.015909 1.160630 0.646194
vertex 1.008110 1.155419 0.649039
vertex 1.009012 1.153733 0.649039
endloop
endfacet
facet normal 0.257141 0.137451 0.956549
outer loop
vertex 1.015909 1.160630 0.646194
vertex 1.009012 1.153733 0.649039
vertex 1.017677 1.157322 0.646194
endloop
endfacet
facet normal 0.844265 0.451335 -0.288986
outer loop
vertex 1.038409 1.175664 0.580866
vertex 1.040774 1.177245 0.590245
vertex 1.045307 1.168766 0.590245
endloop
endfacet
facet normal 0.844301 0.451171 -0.289138
outer loop
vertex 1.038409 1.175664 0.580866
vertex 1.045307 1.168766 0.590245
vertex 1.042677 1.167677 0.580866
endloop
endfacet
facet normal 0.417313 0.223054 0.880964
outer loop
vertex 1.023097 1.165433 0.641573
vertex 1.015909 1.160630 0.646194
vertex 1.017677 1.157322 0.646194
endloop
endfacet
facet normal 0.417322 0.223042 0.880962
outer loop
vertex 1.023097 1.165433 0.641573
vertex 1.017677 1.157322 0.646194
vertex 1.025664 1.160630 0.641573
endloop
endfacet
facet normal 0.279081 0.084663 -0.956528
outer loop
vertex 1.009012 1.153733 0.550960
vertex 1.017677 1.157322 0.553806
vertex 1.018766 1.153733 0.553806
endloop
endfacet
facet normal 0.279094 0.084668 -0.956524
outer loop
vertex 1.009012 1.153733 0.550960
vertex 1.018766 1.153733 0.553806
vertex 1.009567 1.151903 0.550960
endloop
endfacet
facet normal 0.952390 0.288865 0.097522
outer loop
vertex 1.046194 1.169134 0.600000
vertex 1.045307 1.168766 0.609754
vertex 1.048097 1.159567 0.609754
endloop
endfacet
facet normal 0.952398 0.288842 0.097514
outer loop
vertex 1.046194 1.169134 0.600000
vertex 1.048097 1.159567 0.609754
vertex 1.049039 1.159754 0.600000
endloop
endfacet
facet normal 0.094274 0.028595 0.995136
outer loop
vertex 1.009012 1.153733 0.649039
vertex 1.000000 1.150000 0.650000
vertex 1.009567 1.151903 0.649039
endloop
endfacet
facet normal 0.094191 0.028566 -0.995144
outer loop
vertex 1.000000 1.150000 0.550000
vertex 1.009012 1.153733 0.550960
vertex 1.009567 1.151903 0.550960
endloop
endfacet
facet normal 0.952390 0.288867 -0.097517
outer loop
vertex 1.045307 1.168766 0.590245
vertex 1.046194 1.169134 0.600000
vertex 1.049039 1.159754 0.600000
endloop
endfacet
facet normal 0.952399 0.288841 -0.097500
outer loop
vertex 1.045307 1.168766 0.590245
vertex 1.049039 1.159754 0.600000
vertex 1.048097 1.159567 0.590245
endloop
endfacet
facet normal 0.279032 0.084625 0.956546
outer loop
vertex 1.017677 1.157322 0.646194
vertex 1.009012 1.153733 0.649039
vertex 1.009567 1.151903 0.649039
endloop
endfacet
facet normal 0.278978 0.084637 0.956560
outer loop
vertex 1.017677 1.157322 0.646194
vertex 1.009567 1.151903 0.649039
vertex 1.018766 1.153733 0.646194
endloop
endfacet
facet normal 0.916076 0.277849 -0.289146
outer loop
vertex 1.042677 1.167677 0.580866
vertex 1.045307 1.168766 0.590245
vertex 1.048097 1.159567 0.590245
endloop
endfacet
facet normal 0.916075 0.278030 -0.288974
outer loop
vertex 1.042677 1.167677 0.580866
vertex 1.048097 1.159567 0.590245
vertex 1.045307 1.159012 0.580866
endloop
endfacet
facet normal 0.452820 0.137336 0.880961
outer loop
vertex 1.025664 1.160630 0.641573
vertex 1.017677 1.157322 0.646194
vertex 1.018766 1.153733 0.646194
endloop
endfacet
facet normal 0.452797 0.137405 0.880962
outer loop
vertex 1.025664 1.160630 0.641573
vertex 1.018766 1.153733 0.646194
vertex 1.027245 1.155419 0.641573
endloop
endfacet
facet normal 0.844862 0.256418 -0.469530
outer loop
vertex 1.038409 1.165909 0.572221
vertex 1.042677 1.167677 0.580866
vertex 1.045307 1.159012 0.580866
endloop
endfacet
facet normal 0.844828 0.256204 -0.469708
outer loop
vertex 1.038409 1.165909 0.572221
vertex 1.045307 1.159012 0.580866
vertex 1.040774 1.158110 0.572221
endloop
endfacet
facet normal 0.608742 0.184691 0.771571
outer loop
vertex 1.032664 1.163530 0.635356
vertex 1.025664 1.160630 0.641573
vertex 1.027245 1.155419 0.641573
endloop
endfacet
facet normal 0.608750 0.184683 0.771567
outer loop
vertex 1.032664 1.163530 0.635356
vertex 1.027245 1.155419 0.641573
vertex 1.034676 1.156898 0.635356
endloop
endfacet
facet normal 0.741143 0.224769 -0.632602
outer loop
vertex 1.032664 1.163530 0.564645
vertex 1.038409 1.165909 0.572221
vertex 1.040774 1.158110 0.572221
endloop
endfacet
facet normal 0.741186 0.224846 -0.632525
outer loop
vertex 1.032664 1.163530 0.564645
vertex 1.040774 1.158110 0.572221
vertex 1.034676 1.156898 0.564645
endloop
endfacet
facet normal 0.741197 0.224874 0.632502
outer loop
vertex 1.038409 1.165909 0.627778
vertex 1.032664 1.163530 0.635356
vertex 1.034676 1.156898 0.635356
endloop
endfacet
facet normal 0.741277 0.224774 0.632444
outer loop
vertex 1.038409 1.165909 0.627778
vertex 1.034676 1.156898 0.635356
vertex 1.040774 1.158110 0.627778
endloop
endfacet
facet normal 0.608799 0.184669 -0.771531
outer loop
vertex 1.025664 1.160630 0.558427
vertex 1.032664 1.163530 0.564645
vertex 1.034676 1.156898 0.564645
endloop
endfacet
facet normal 0.608816 0.184738 -0.771501
outer loop
vertex 1.025664 1.160630 0.558427
vertex 1.034676 1.156898 0.564645
vertex 1.027245 1.155419 0.558427
endloop
endfacet
facet normal 0.844908 0.256206 0.469563
outer loop
vertex 1.042677 1.167677 0.619134
vertex 1.038409 1.165909 0.627778
vertex 1.040774 1.158110 0.627778
endloop
endfacet
facet normal 0.844747 0.256417 0.469737
outer loop
vertex 1.042677 1.167677 0.619134
vertex 1.040774 1.158110 0.627778
vertex 1.045307 1.159012 0.619134
endloop
endfacet
facet normal 0.452801 0.137367 -0.880966
outer loop
vertex 1.017677 1.157322 0.553806
vertex 1.025664 1.160630 0.558427
vertex 1.027245 1.155419 0.558427
endloop
endfacet
facet normal 0.452824 0.137391 -0.880951
outer loop
vertex 1.017677 1.157322 0.553806
vertex 1.027245 1.155419 0.558427
vertex 1.018766 1.153733 0.553806
endloop
endfacet
facet normal 0.916026 0.278030 0.289130
outer loop
vertex 1.045307 1.168766 0.609754
vertex 1.042677 1.167677 0.619134
vertex 1.045307 1.159012 0.619134
endloop
endfacet
facet normal 0.916135 0.277859 0.288949
outer loop
vertex 1.045307 1.168766 0.609754
vertex 1.045307 1.159012 0.619134
vertex 1.048097 1.159567 0.609754
endloop
endfacet
facet normal 0.770780 0.075942 -0.632559
outer loop
vertex 1.034676 1.156898 0.564645
vertex 1.040774 1.158110 0.572221
vertex 1.041573 1.150000 0.572221
endloop
endfacet
facet normal 0.770797 0.075990 -0.632533
outer loop
vertex 1.034676 1.156898 0.564645
vertex 1.041573 1.150000 0.572221
vertex 1.035356 1.150000 0.564645
endloop
endfacet
facet normal 0.770856 0.076003 0.632459
outer loop
vertex 1.040774 1.158110 0.627778
vertex 1.034676 1.156898 0.635356
vertex 1.035356 1.150000 0.635356
endloop
endfacet
facet normal 0.770879 0.075956 0.632437
outer loop
vertex 1.040774 1.158110 0.627778
vertex 1.035356 1.150000 0.635356
vertex 1.041573 1.150000 0.627778
endloop
endfacet
facet normal 0.633140 0.062414 -0.771517
outer loop
vertex 1.027245 1.155419 0.558427
vertex 1.034676 1.156898 0.564645
vertex 1.035356 1.150000 0.564645
endloop
endfacet
facet normal 0.633106 0.062278 -0.771556
outer loop
vertex 1.027245 1.155419 0.558427
vertex 1.035356 1.150000 0.564645
vertex 1.027778 1.150000 0.558427
endloop
endfacet
facet normal 0.878552 0.086556 0.469739
outer loop
vertex 1.045307 1.159012 0.619134
vertex 1.040774 1.158110 0.627778
vertex 1.041573 1.150000 0.627778
endloop
endfacet
facet normal 0.878584 0.086489 0.469690
outer loop
vertex 1.045307 1.159012 0.619134
vertex 1.041573 1.150000 0.627778
vertex 1.046194 1.150000 0.619134
endloop
endfacet
facet normal 0.470893 0.046322 -0.880973
outer loop
vertex 1.018766 1.153733 0.553806
vertex 1.027245 1.155419 0.558427
vertex 1.027778 1.150000 0.558427
endloop
endfacet
facet normal 0.470942 0.046452 -0.880940
outer loop
vertex 1.018766 1.153733 0.553806
vertex 1.027778 1.150000 0.558427
vertex 1.019134 1.150000 0.553806
endloop
endfacet
facet normal 0.952740 0.093798 0.288944
outer loop
vertex 1.048097 1.159567 0.609754
vertex 1.045307 1.159012 0.619134
vertex 1.046194 1.150000 0.619134
endloop
endfacet
facet normal 0.952736 0.093794 0.288957
outer loop
vertex 1.048097 1.159567 0.609754
vertex 1.046194 1.150000 0.619134
vertex 1.049039 1.150000 0.609754
endloop
endfacet
facet normal 0.290242 0.028623 -0.956525
outer loop
vertex 1.009567 1.151903 0.550960
vertex 1.018766 1.153733 0.553806
vertex 1.019134 1.150000 0.553806
endloop
endfacet
facet normal 0.290238 0.028497 -0.956530
outer loop
vertex 1.009567 1.151903 0.550960
vertex 1.019134 1.150000 0.553806
vertex 1.009754 1.150000 0.550960
endloop
endfacet
facet normal 0.990444 0.097524 0.097522
outer loop
vertex 1.049039 1.159754 0.600000
vertex 1.048097 1.159567 0.609754
vertex 1.049039 1.150000 0.609754
endloop
endfacet
facet normal 0.990431 0.097594 0.097577
outer loop
vertex 1.049039 1.159754 0.600000
vertex 1.049039 1.150000 0.609754
vertex 1.050000 1.150000 0.600000
endloop
endfacet
facet normal 0.098056 0.009630 0.995134
outer loop
vertex 1.009567 1.151903 0.649039
vertex 1.000000 1.150000 0.650000
vertex 1.009754 1.150000 0.649039
endloop
endfacet
facet normal 0.097936 0.009624 -0.995146
outer loop
vertex 1.000000 1.150000 0.550000
vertex 1.009567 1.151903 0.550960
vertex 1.009754 1.150000 0.550960
endloop
endfacet
facet normal 0.990441 0.097564 -0.097510
outer loop
vertex 1.048097 1.159567 0.590245
vertex 1.049039 1.159754 0.600000
vertex 1.050000 1.150000 0.600000
endloop
endfacet
facet normal 0.990436 0.097553 -0.097568
outer loop
vertex 1.048097 1.159567 0.590245
vertex 1.050000 1.150000 0.600000
vertex 1.049039 1.150000 0.590245
endloop
endfacet
facet normal 0.290151 0.028500 0.956556
outer loop
vertex 1.018766 1.153733 0.646194
vertex 1.009567 1.151903 0.649039
vertex 1.009754 1.150000 0.649039
endloop
endfacet
facet normal 0.290140 0.028611 0.956556
outer loop
vertex 1.018766 1.153733 0.646194
vertex 1.009754 1.150000 0.649039
vertex 1.019134 1.150000 0.646194
endloop
endfacet
facet normal 0.952729 0.093823 -0.288973
outer loop
vertex 1.045307 1.159012 0.580866
vertex 1.048097 1.159567 0.590245
vertex 1.049039 1.150000 0.590245
endloop
endfacet
facet normal 0.952730 0.093764 -0.288988
outer loop
vertex 1.045307 1.159012 0.580866
vertex 1.049039 1.150000 0.590245
vertex 1.046194 1.150000 0.580866
endloop
endfacet
facet normal 0.470856 0.046420 0.880988
outer loop
vertex 1.027245 1.155419 0.641573
vertex 1.018766 1.153733 0.646194
vertex 1.019134 1.150000 0.646194
endloop
endfacet
facet normal 0.470955 0.046345 0.880939
outer loop
vertex 1.027245 1.155419 0.641573
vertex 1.019134 1.150000 0.646194
vertex 1.027778 1.150000 0.641573
endloop
endfacet
facet normal 0.878581 0.086478 -0.469698
outer loop
vertex 1.040774 1.158110 0.572221
vertex 1.045307 1.159012 0.580866
vertex 1.046194 1.150000 0.580866
endloop
endfacet
facet normal 0.878598 0.086575 -0.469649
outer loop
vertex 1.040774 1.158110 0.572221
vertex 1.046194 1.150000 0.580866
vertex 1.041573 1.150000 0.572221
endloop
endfacet
facet normal 0.633109 0.062271 0.771554
outer loop
vertex 1.034676 1.156898 0.635356
vertex 1.027245 1.155419 0.641573
vertex 1.027778 1.150000 0.641573
endloop
endfacet
facet normal 0.633033 0.062412 0.771605
outer loop
vertex 1.034676 1.156898 0.635356
vertex 1.027778 1.150000 0.641573
vertex 1.035356 1.150000 0.635356
endloop
endfacet
facet normal 0.098063 -0.009631 0.995134
outer loop
vertex 1.009754 1.150000 0.649039
vertex 1.000000 1.150000 0.650000
vertex 1.009567 1.148097 0.649039
endloop
endfacet
facet normal 0.097948 -0.009625 -0.995145
outer loop
vertex 1.000000 1.150000 0.550000
vertex 1.009754 1.150000 0.550960
vertex 1.009567 1.148097 0.550960
endloop
endfacet
facet normal 0.990435 -0.097572 -0.097562
outer loop
vertex 1.049039 1.150000 0.590245
vertex 1.050000 1.150000 0.600000
vertex 1.049039 1.140245 0.600000
endloop
endfacet
facet normal 0.990442 -0.097534 -0.097524
outer loop
vertex 1.049039 1.150000 0.590245
vertex 1.049039 1.140245 0.600000
vertex 1.048097 1.140433 0.590245
endloop
endfacet
facet normal 0.290145 -0.028499 0.956558
outer loop
vertex 1.019134 1.150000 0.646194
vertex 1.009754 1.150000 0.649039
vertex 1.009567 1.148097 0.649039
endloop
endfacet
facet normal 0.290128 -0.028611 0.956560
outer loop
vertex 1.019134 1.150000 0.646194
vertex 1.009567 1.148097 0.649039
vertex 1.018766 1.146267 0.646194
endloop
endfacet
facet normal 0.952727 -0.093783 -0.288992
outer loop
vertex 1.046194 1.150000 0.580866
vertex 1.049039 1.150000 0.590245
vertex 1.048097 1.140433 0.590245
endloop
endfacet
facet normal 0.952732 -0.093806 -0.288967
outer loop
vertex 1.046194 1.150000 0.580866
vertex 1.048097 1.140433 0.590245
vertex 1.045307 1.140988 0.580866
endloop
endfacet
facet normal 0.470936 -0.046453 0.880944
outer loop
vertex 1.027778 1.150000 0.641573
vertex 1.019134 1.150000 0.646194
vertex 1.018766 1.146267 0.646194
endloop
endfacet
facet normal 0.470923 -0.046325 0.880957
outer loop
vertex 1.027778 1.150000 0.641573
vertex 1.018766 1.146267 0.646194
vertex 1.027245 1.144581 0.641573
endloop
endfacet
facet normal 0.878612 -0.086502 -0.469636
outer loop
vertex 1.041573 1.150000 0.572221
vertex 1.046194 1.150000 0.580866
vertex 1.045307 1.140988 0.580866
endloop
endfacet
facet normal 0.878563 -0.086549 -0.469720
outer loop
vertex 1.041573 1.150000 0.572221
vertex 1.045307 1.140988 0.580866
vertex 1.040774 1.141890 0.572221
endloop
endfacet
facet normal 0.633016 -0.062280 0.771629
outer loop
vertex 1.035356 1.150000 0.635356
vertex 1.027778 1.150000 0.641573
vertex 1.027245 1.144581 0.641573
endloop
endfacet
facet normal 0.633096 -0.062415 0.771553
outer loop
vertex 1.035356 1.150000 0.635356
vertex 1.027245 1.144581 0.641573
vertex 1.034676 1.143103 0.635356
endloop
endfacet
facet normal 0.770806 -0.075969 -0.632524
outer loop
vertex 1.035356 1.150000 0.564645
vertex 1.041573 1.150000 0.572221
vertex 1.040774 1.141890 0.572221
endloop
endfacet
facet normal 0.770776 -0.075972 -0.632560
outer loop
vertex 1.035356 1.150000 0.564645
vertex 1.040774 1.141890 0.572221
vertex 1.034676 1.143103 0.564645
endloop
endfacet
facet normal 0.770881 -0.075991 0.632430
outer loop
vertex 1.041573 1.150000 0.627778
vertex 1.035356 1.150000 0.635356
vertex 1.034676 1.143103 0.635356
endloop
endfacet
facet normal 0.770865 -0.075978 0.632451
outer loop
vertex 1.041573 1.150000 0.627778
vertex 1.034676 1.143103 0.635356
vertex 1.040774 1.141890 0.627778
endloop
endfacet
facet normal 0.633082 -0.062418 -0.771564
outer loop
vertex 1.027778 1.150000 0.558427
vertex 1.035356 1.150000 0.564645
vertex 1.034676 1.143103 0.564645
endloop
endfacet
facet normal 0.633158 -0.062283 -0.771512
outer loop
vertex 1.027778 1.150000 0.558427
vertex 1.034676 1.143103 0.564645
vertex 1.027245 1.144581 0.558427
endloop
endfacet
facet normal 0.878583 -0.086584 0.469676
outer loop
vertex 1.046194 1.150000 0.619134
vertex 1.041573 1.150000 0.627778
vertex 1.040774 1.141890 0.627778
endloop
endfacet
facet normal 0.878551 -0.086464 0.469757
outer loop
vertex 1.046194 1.150000 0.619134
vertex 1.040774 1.141890 0.627778
vertex 1.045307 1.140988 0.619134
endloop
endfacet
facet normal 0.470941 -0.046345 -0.880946
outer loop
vertex 1.019134 1.150000 0.553806
vertex 1.027778 1.150000 0.558427
vertex 1.027245 1.144581 0.558427
endloop
endfacet
facet normal 0.470896 -0.046423 -0.880967
outer loop
vertex 1.019134 1.150000 0.553806
vertex 1.027245 1.144581 0.558427
vertex 1.018766 1.146267 0.553806
endloop
endfacet
facet normal 0.952738 -0.093756 0.288965
outer loop
vertex 1.049039 1.150000 0.609754
vertex 1.046194 1.150000 0.619134
vertex 1.045307 1.140988 0.619134
endloop
endfacet
facet normal 0.952735 -0.093834 0.288947
outer loop
vertex 1.049039 1.150000 0.609754
vertex 1.045307 1.140988 0.619134
vertex 1.048097 1.140433 0.609754
endloop
endfacet
facet normal 0.290205 -0.028621 -0.956536
outer loop
vertex 1.009754 1.150000 0.550960
vertex 1.019134 1.150000 0.553806
vertex 1.018766 1.146267 0.553806
endloop
endfacet
facet normal 0.290254 -0.028500 -0.956525
outer loop
vertex 1.009754 1.150000 0.550960
vertex 1.018766 1.146267 0.553806
vertex 1.009567 1.148097 0.550960
endloop
endfacet
facet normal 0.990436 -0.097542 0.097577
outer loop
vertex 1.050000 1.150000 0.600000
vertex 1.049039 1.150000 0.609754
vertex 1.048097 1.140433 0.609754
endloop
endfacet
facet normal 0.990439 -0.097564 0.097530
outer loop
vertex 1.050000 1.150000 0.600000
vertex 1.048097 1.140433 0.609754
vertex 1.049039 1.140245 0.600000
endloop
endfacet
facet normal 0.741245 -0.224796 0.632473
outer loop
vertex 1.040774 1.141890 0.627778
vertex 1.034676 1.143103 0.635356
vertex 1.032664 1.136470 0.635356
endloop
endfacet
facet normal 0.741221 -0.224803 0.632499
outer loop
vertex 1.040774 1.141890 0.627778
vertex 1.032664 1.136470 0.635356
vertex 1.038409 1.134091 0.627778
endloop
endfacet
facet normal 0.608839 -0.184677 -0.771498
outer loop
vertex 1.027245 1.144581 0.558427
vertex 1.034676 1.143103 0.564645
vertex 1.032664 1.136470 0.564645
endloop
endfacet
facet normal 0.608807 -0.184667 -0.771526
outer loop
vertex 1.027245 1.144581 0.558427
vertex 1.032664 1.136470 0.564645
vertex 1.025664 1.139369 0.558427
endloop
endfacet
facet normal 0.844813 -0.256197 0.469738
outer loop
vertex 1.045307 1.140988 0.619134
vertex 1.040774 1.141890 0.627778
vertex 1.038409 1.134091 0.627778
endloop
endfacet
facet normal 0.844831 -0.256390 0.469601
outer loop
vertex 1.045307 1.140988 0.619134
vertex 1.038409 1.134091 0.627778
vertex 1.042677 1.132322 0.619134
endloop
endfacet
facet normal 0.452804 -0.137377 -0.880963
outer loop
vertex 1.018766 1.146267 0.553806
vertex 1.027245 1.144581 0.558427
vertex 1.025664 1.139369 0.558427
endloop
endfacet
facet normal 0.452814 -0.137296 -0.880971
outer loop
vertex 1.018766 1.146267 0.553806
vertex 1.025664 1.139369 0.558427
vertex 1.017677 1.142677 0.553806
endloop
endfacet
facet normal 0.916094 -0.277992 0.288949
outer loop
vertex 1.048097 1.140433 0.609754
vertex 1.045307 1.140988 0.619134
vertex 1.042677 1.132322 0.619134
endloop
endfacet
facet normal 0.916092 -0.277868 0.289076
outer loop
vertex 1.048097 1.140433 0.609754
vertex 1.042677 1.132322 0.619134
vertex 1.045307 1.131234 0.609754
endloop
endfacet
facet normal 0.279093 -0.084649 -0.956526
outer loop
vertex 1.009567 1.148097 0.550960
vertex 1.018766 1.146267 0.553806
vertex 1.017677 1.142677 0.553806
endloop
endfacet
facet normal 0.279110 -0.084651 -0.956521
outer loop
vertex 1.009567 1.148097 0.550960
vertex 1.017677 1.142677 0.553806
vertex 1.009012 1.146267 0.550960
endloop
endfacet
facet normal 0.952392 -0.288852 0.097540
outer loop
vertex 1.049039 1.140245 0.600000
vertex 1.048097 1.140433 0.609754
vertex 1.045307 1.131234 0.609754
endloop
endfacet
facet normal 0.952381 -0.288893 0.097524
outer loop
vertex 1.049039 1.140245 0.600000
vertex 1.045307 1.131234 0.609754
vertex 1.046194 1.130866 0.600000
endloop
endfacet
facet normal 0.094252 -0.028593 0.995138
outer loop
vertex 1.009567 1.148097 0.649039
vertex 1.000000 1.150000 0.650000
vertex 1.009012 1.146267 0.649039
endloop
endfacet
facet normal 0.094176 -0.028561 -0.995146
outer loop
vertex 1.000000 1.150000 0.550000
vertex 1.009567 1.148097 0.550960
vertex 1.009012 1.146267 0.550960
endloop
endfacet
facet normal 0.952384 -0.288882 -0.097528
outer loop
vertex 1.048097 1.140433 0.590245
vertex 1.049039 1.140245 0.600000
vertex 1.046194 1.130866 0.600000
endloop
endfacet
facet normal 0.952391 -0.288863 -0.097515
outer loop
vertex 1.048097 1.140433 0.590245
vertex 1.046194 1.130866 0.600000
vertex 1.045307 1.131234 0.590245
endloop
endfacet
facet normal 0.279022 -0.084622 0.956549
outer loop
vertex 1.018766 1.146267 0.646194
vertex 1.009567 1.148097 0.649039
vertex 1.009012 1.146267 0.649039
endloop
endfacet
facet normal 0.279017 -0.084619 0.956551
outer loop
vertex 1.018766 1.146267 0.646194
vertex 1.009012 1.146267 0.649039
vertex 1.017677 1.142677 0.646194
endloop
endfacet
facet normal 0.916127 -0.277864 -0.288970
outer loop
vertex 1.045307 1.140988 0.580866
vertex 1.048097 1.140433 0.590245
vertex 1.045307 1.131234 0.590245
endloop
endfacet
facet normal 0.916043 -0.277986 -0.289117
outer loop
vertex 1.045307 1.140988 0.580866
vertex 1.045307 1.131234 0.590245
vertex 1.042677 1.132322 0.580866
endloop
endfacet
facet normal 0.452806 -0.137340 0.880968
outer loop
vertex 1.027245 1.144581 0.641573
vertex 1.018766 1.146267 0.646194
vertex 1.017677 1.142677 0.646194
endloop
endfacet
facet normal 0.452816 -0.137348 0.880961
outer loop
vertex 1.027245 1.144581 0.641573
vertex 1.017677 1.142677 0.646194
vertex 1.025664 1.139369 0.641573
endloop
endfacet
facet normal 0.844782 -0.256387 -0.469690
outer loop
vertex 1.040774 1.141890 0.572221
vertex 1.045307 1.140988 0.580866
vertex 1.042677 1.132322 0.580866
endloop
endfacet
facet normal 0.844908 -0.256204 -0.469563
outer loop
vertex 1.040774 1.141890 0.572221
vertex 1.042677 1.132322 0.580866
vertex 1.038409 1.134091 0.572221
endloop
endfacet
facet normal 0.608783 -0.184689 0.771539
outer loop
vertex 1.034676 1.143103 0.635356
vertex 1.027245 1.144581 0.641573
vertex 1.025664 1.139369 0.641573
endloop
endfacet
facet normal 0.608759 -0.184643 0.771569
outer loop
vertex 1.034676 1.143103 0.635356
vertex 1.025664 1.139369 0.641573
vertex 1.032664 1.136470 0.635356
endloop
endfacet
facet normal 0.741174 -0.224752 -0.632572
outer loop
vertex 1.034676 1.143103 0.564645
vertex 1.040774 1.141890 0.572221
vertex 1.038409 1.134091 0.572221
endloop
endfacet
facet normal 0.741133 -0.224820 -0.632596
outer loop
vertex 1.034676 1.143103 0.564645
vertex 1.038409 1.134091 0.572221
vertex 1.032664 1.136470 0.564645
endloop
endfacet
facet normal 0.877704 -0.469176 -0.097520
outer loop
vertex 1.045307 1.131234 0.590245
vertex 1.046194 1.130866 0.600000
vertex 1.041573 1.122221 0.600000
endloop
endfacet
facet normal 0.877677 -0.469213 -0.097583
outer loop
vertex 1.045307 1.131234 0.590245
vertex 1.041573 1.122221 0.600000
vertex 1.040774 1.122755 0.590245
endloop
endfacet
facet normal 0.257067 -0.137530 0.956557
outer loop
vertex 1.017677 1.142677 0.646194
vertex 1.009012 1.146267 0.649039
vertex 1.008110 1.144581 0.649039
endloop
endfacet
facet normal 0.257104 -0.137419 0.956564
outer loop
vertex 1.017677 1.142677 0.646194
vertex 1.008110 1.144581 0.649039
vertex 1.015909 1.139369 0.646194
endloop
endfacet
facet normal 0.844224 -0.451352 -0.289080
outer loop
vertex 1.042677 1.132322 0.580866
vertex 1.045307 1.131234 0.590245
vertex 1.040774 1.122755 0.590245
endloop
endfacet
facet normal 0.844336 -0.451207 -0.288978
outer loop
vertex 1.042677 1.132322 0.580866
vertex 1.040774 1.122755 0.590245
vertex 1.038409 1.124336 0.580866
endloop
endfacet
facet normal 0.417318 -0.223056 0.880961
outer loop
vertex 1.025664 1.139369 0.641573
vertex 1.017677 1.142677 0.646194
vertex 1.015909 1.139369 0.646194
endloop
endfacet
facet normal 0.417314 -0.223085 0.880955
outer loop
vertex 1.025664 1.139369 0.641573
vertex 1.015909 1.139369 0.646194
vertex 1.023097 1.134567 0.641573
endloop
endfacet
facet normal 0.778670 -0.416152 -0.469565
outer loop
vertex 1.038409 1.134091 0.572221
vertex 1.042677 1.132322 0.580866
vertex 1.038409 1.124336 0.580866
endloop
endfacet
facet normal 0.778633 -0.416166 -0.469613
outer loop
vertex 1.038409 1.134091 0.572221
vertex 1.038409 1.124336 0.580866
vertex 1.034567 1.126903 0.572221
endloop
endfacet
facet normal 0.561055 -0.299925 0.771533
outer loop
vertex 1.032664 1.136470 0.635356
vertex 1.025664 1.139369 0.641573
vertex 1.023097 1.134567 0.641573
endloop
endfacet
facet normal 0.561030 -0.299842 0.771582
outer loop
vertex 1.032664 1.136470 0.635356
vertex 1.023097 1.134567 0.641573
vertex 1.029397 1.130357 0.635356
endloop
endfacet
facet normal 0.683033 -0.365073 -0.632604
outer loop
vertex 1.032664 1.136470 0.564645
vertex 1.038409 1.134091 0.572221
vertex 1.034567 1.126903 0.572221
endloop
endfacet
facet normal 0.683056 -0.365079 -0.632576
outer loop
vertex 1.032664 1.136470 0.564645
vertex 1.034567 1.126903 0.572221
vertex 1.029397 1.130357 0.564645
endloop
endfacet
facet normal 0.683132 -0.365079 0.632494
outer loop
vertex 1.038409 1.134091 0.627778
vertex 1.032664 1.136470 0.635356
vertex 1.029397 1.130357 0.635356
endloop
endfacet
facet normal 0.683108 -0.365135 0.632487
outer loop
vertex 1.038409 1.134091 0.627778
vertex 1.029397 1.130357 0.635356
vertex 1.034567 1.126903 0.627778
endloop
endfacet
facet normal 0.561111 -0.299910 -0.771498
outer loop
vertex 1.025664 1.139369 0.558427
vertex 1.032664 1.136470 0.564645
vertex 1.029397 1.130357 0.564645
endloop
endfacet
facet normal 0.561064 -0.299918 -0.771529
outer loop
vertex 1.025664 1.139369 0.558427
vertex 1.029397 1.130357 0.564645
vertex 1.023097 1.134567 0.558427
endloop
endfacet
facet normal 0.778619 -0.416182 0.469622
outer loop
vertex 1.042677 1.132322 0.619134
vertex 1.038409 1.134091 0.627778
vertex 1.034567 1.126903 0.627778
endloop
endfacet
facet normal 0.778648 -0.416107 0.469641
outer loop
vertex 1.042677 1.132322 0.619134
vertex 1.034567 1.126903 0.627778
vertex 1.038409 1.124336 0.619134
endloop
endfacet
facet normal 0.417314 -0.223085 -0.880955
outer loop
vertex 1.017677 1.142677 0.553806
vertex 1.025664 1.139369 0.558427
vertex 1.023097 1.134567 0.558427
endloop
endfacet
facet normal 0.417327 -0.223061 -0.880955
outer loop
vertex 1.017677 1.142677 0.553806
vertex 1.023097 1.134567 0.558427
vertex 1.015909 1.139369 0.553806
endloop
endfacet
facet normal 0.844291 -0.451222 0.289086
outer loop
vertex 1.045307 1.131234 0.609754
vertex 1.042677 1.132322 0.619134
vertex 1.038409 1.124336 0.619134
endloop
endfacet
facet normal 0.844277 -0.451350 0.288927
outer loop
vertex 1.045307 1.131234 0.609754
vertex 1.038409 1.124336 0.619134
vertex 1.040774 1.122755 0.609754
endloop
endfacet
facet normal 0.257191 -0.137481 -0.956531
outer loop
vertex 1.009012 1.146267 0.550960
vertex 1.017677 1.142677 0.553806
vertex 1.015909 1.139369 0.553806
endloop
endfacet
facet normal 0.257102 -0.137534 -0.956547
outer loop
vertex 1.009012 1.146267 0.550960
vertex 1.015909 1.139369 0.553806
vertex 1.008110 1.144581 0.550960
endloop
endfacet
facet normal 0.877677 -0.469225 0.097529
outer loop
vertex 1.046194 1.130866 0.600000
vertex 1.045307 1.131234 0.609754
vertex 1.040774 1.122755 0.609754
endloop
endfacet
facet normal 0.877703 -0.469163 0.097593
outer loop
vertex 1.046194 1.130866 0.600000
vertex 1.040774 1.122755 0.609754
vertex 1.041573 1.122221 0.600000
endloop
endfacet
facet normal 0.086889 -0.046478 0.995133
outer loop
vertex 1.009012 1.146267 0.649039
vertex 1.000000 1.150000 0.650000
vertex 1.008110 1.144581 0.649039
endloop
endfacet
facet normal 0.086775 -0.046421 -0.995146
outer loop
vertex 1.000000 1.150000 0.550000
vertex 1.009012 1.146267 0.550960
vertex 1.008110 1.144581 0.550960
endloop
endfacet
facet normal 0.491762 -0.403614 -0.771535
outer loop
vertex 1.023097 1.134567 0.558427
vertex 1.029397 1.130357 0.564645
vertex 1.025000 1.125000 0.564645
endloop
endfacet
facet normal 0.491792 -0.403627 -0.771509
outer loop
vertex 1.023097 1.134567 0.558427
vertex 1.025000 1.125000 0.564645
vertex 1.019642 1.130357 0.558427
endloop
endfacet
facet normal 0.682459 -0.560052 0.469671
outer loop
vertex 1.038409 1.124336 0.619134
vertex 1.034567 1.126903 0.627778
vertex 1.029397 1.120603 0.627778
endloop
endfacet
facet normal 0.682451 -0.560104 0.469621
outer loop
vertex 1.038409 1.124336 0.619134
vertex 1.029397 1.120603 0.627778
vertex 1.032664 1.117336 0.619134
endloop
endfacet
facet normal 0.365799 -0.300194 -0.880951
outer loop
vertex 1.015909 1.139369 0.553806
vertex 1.023097 1.134567 0.558427
vertex 1.019642 1.130357 0.558427
endloop
endfacet
facet normal 0.365826 -0.300199 -0.880938
outer loop
vertex 1.015909 1.139369 0.553806
vertex 1.019642 1.130357 0.558427
vertex 1.013530 1.136470 0.553806
endloop
endfacet
facet normal 0.740036 -0.607337 0.288942
outer loop
vertex 1.040774 1.122755 0.609754
vertex 1.038409 1.124336 0.619134
vertex 1.032664 1.117336 0.619134
endloop
endfacet
facet normal 0.740042 -0.607300 0.289006
outer loop
vertex 1.040774 1.122755 0.609754
vertex 1.032664 1.117336 0.619134
vertex 1.034676 1.115324 0.609754
endloop
endfacet
facet normal 0.225437 -0.184988 -0.956534
outer loop
vertex 1.008110 1.144581 0.550960
vertex 1.015909 1.139369 0.553806
vertex 1.013530 1.136470 0.553806
endloop
endfacet
facet normal 0.225512 -0.184968 -0.956520
outer loop
vertex 1.008110 1.144581 0.550960
vertex 1.013530 1.136470 0.553806
vertex 1.006898 1.143103 0.550960
endloop
endfacet
facet normal 0.769362 -0.631314 0.097597
outer loop
vertex 1.041573 1.122221 0.600000
vertex 1.040774 1.122755 0.609754
vertex 1.034676 1.115324 0.609754
endloop
endfacet
facet normal 0.769340 -0.631342 0.097582
outer loop
vertex 1.041573 1.122221 0.600000
vertex 1.034676 1.115324 0.609754
vertex 1.035356 1.114645 0.600000
endloop
endfacet
facet normal 0.076218 -0.062470 0.995132
outer loop
vertex 1.008110 1.144581 0.649039
vertex 1.000000 1.150000 0.650000
vertex 1.006898 1.143103 0.649039
endloop
endfacet
facet normal 0.076087 -0.062408 -0.995146
outer loop
vertex 1.000000 1.150000 0.550000
vertex 1.008110 1.144581 0.550960
vertex 1.006898 1.143103 0.550960
endloop
endfacet
facet normal 0.769341 -0.631342 -0.097581
outer loop
vertex 1.040774 1.122755 0.590245
vertex 1.041573 1.122221 0.600000
vertex 1.035356 1.114645 0.600000
endloop
endfacet
facet normal 0.769361 -0.631318 -0.097578
outer loop
vertex 1.040774 1.122755 0.590245
vertex 1.035356 1.114645 0.600000
vertex 1.034676 1.115324 0.590245
endloop
endfacet
facet normal 0.225424 -0.184893 0.956556
outer loop
vertex 1.015909 1.139369 0.646194
vertex 1.008110 1.144581 0.649039
vertex 1.006898 1.143103 0.649039
endloop
endfacet
facet normal 0.225348 -0.184936 0.956565
outer loop
vertex 1.015909 1.139369 0.646194
vertex 1.006898 1.143103 0.649039
vertex 1.013530 1.136470 0.646194
endloop
endfacet
facet normal 0.740050 -0.607309 -0.288969
outer loop
vertex 1.038409 1.124336 0.580866
vertex 1.040774 1.122755 0.590245
vertex 1.034676 1.115324 0.590245
endloop
endfacet
facet normal 0.740013 -0.607320 -0.289037
outer loop
vertex 1.038409 1.124336 0.580866
vertex 1.034676 1.115324 0.590245
vertex 1.032664 1.117336 0.580866
endloop
endfacet
facet normal 0.365818 -0.300192 0.880944
outer loop
vertex 1.023097 1.134567 0.641573
vertex 1.015909 1.139369 0.646194
vertex 1.013530 1.136470 0.646194
endloop
endfacet
facet normal 0.365797 -0.300199 0.880950
outer loop
vertex 1.023097 1.134567 0.641573
vertex 1.013530 1.136470 0.646194
vertex 1.019642 1.130357 0.641573
endloop
endfacet
facet normal 0.682461 -0.560089 -0.469626
outer loop
vertex 1.034567 1.126903 0.572221
vertex 1.038409 1.124336 0.580866
vertex 1.032664 1.117336 0.580866
endloop
endfacet
facet normal 0.682490 -0.560088 -0.469584
outer loop
vertex 1.034567 1.126903 0.572221
vertex 1.032664 1.117336 0.580866
vertex 1.029397 1.120603 0.572221
endloop
endfacet
facet normal 0.491733 -0.403566 0.771578
outer loop
vertex 1.029397 1.130357 0.635356
vertex 1.023097 1.134567 0.641573
vertex 1.019642 1.130357 0.641573
endloop
endfacet
facet normal 0.491731 -0.403596 0.771564
outer loop
vertex 1.029397 1.130357 0.635356
vertex 1.019642 1.130357 0.641573
vertex 1.025000 1.125000 0.635356
endloop
endfacet
facet normal 0.598727 -0.491311 -0.632566
outer loop
vertex 1.029397 1.130357 0.564645
vertex 1.034567 1.126903 0.572221
vertex 1.029397 1.120603 0.572221
endloop
endfacet
facet normal 0.598637 -0.491347 -0.632623
outer loop
vertex 1.029397 1.130357 0.564645
vertex 1.029397 1.120603 0.572221
vertex 1.025000 1.125000 0.564645
endloop
endfacet
facet normal 0.598743 -0.491431 0.632458
outer loop
vertex 1.034567 1.126903 0.627778
vertex 1.029397 1.130357 0.635356
vertex 1.025000 1.125000 0.635356
endloop
endfacet
facet normal 0.598756 -0.491339 0.632517
outer loop
vertex 1.034567 1.126903 0.627778
vertex 1.025000 1.125000 0.635356
vertex 1.029397 1.120603 0.627778
endloop
endfacet
facet normal 0.184899 -0.225418 0.956556
outer loop
vertex 1.013530 1.136470 0.646194
vertex 1.006898 1.143103 0.649039
vertex 1.005419 1.141890 0.649039
endloop
endfacet
facet normal 0.184895 -0.225401 0.956561
outer loop
vertex 1.013530 1.136470 0.646194
vertex 1.005419 1.141890 0.649039
vertex 1.010630 1.134091 0.646194
endloop
endfacet
facet normal 0.607286 -0.740044 -0.289032
outer loop
vertex 1.032664 1.117336 0.580866
vertex 1.034676 1.115324 0.590245
vertex 1.027245 1.109226 0.590245
endloop
endfacet
facet normal 0.607339 -0.740017 -0.288988
outer loop
vertex 1.032664 1.117336 0.580866
vertex 1.027245 1.109226 0.590245
vertex 1.025664 1.111591 0.580866
endloop
endfacet
facet normal 0.300124 -0.365882 0.880940
outer loop
vertex 1.019642 1.130357 0.641573
vertex 1.013530 1.136470 0.646194
vertex 1.010630 1.134091 0.646194
endloop
endfacet
facet normal 0.300182 -0.365774 0.880965
outer loop
vertex 1.019642 1.130357 0.641573
vertex 1.010630 1.134091 0.646194
vertex 1.015433 1.126903 0.641573
endloop
endfacet
facet normal 0.560109 -0.682484 -0.469568
outer loop
vertex 1.029397 1.120603 0.572221
vertex 1.032664 1.117336 0.580866
vertex 1.025664 1.111591 0.580866
endloop
endfacet
facet normal 0.560070 -0.682494 -0.469600
outer loop
vertex 1.029397 1.120603 0.572221
vertex 1.025664 1.111591 0.580866
vertex 1.023097 1.115433 0.572221
endloop
endfacet
facet normal 0.403555 -0.491796 0.771544
outer loop
vertex 1.025000 1.125000 0.635356
vertex 1.019642 1.130357 0.641573
vertex 1.015433 1.126903 0.641573
endloop
endfacet
facet normal 0.403582 -0.491759 0.771553
outer loop
vertex 1.025000 1.125000 0.635356
vertex 1.015433 1.126903 0.641573
vertex 1.019642 1.120603 0.635356
endloop
endfacet
facet normal 0.491301 -0.598675 -0.632623
outer loop
vertex 1.025000 1.125000 0.564645
vertex 1.029397 1.120603 0.572221
vertex 1.023097 1.115433 0.572221
endloop
endfacet
facet normal 0.491290 -0.598701 -0.632607
outer loop
vertex 1.025000 1.125000 0.564645
vertex 1.023097 1.115433 0.572221
vertex 1.019642 1.120603 0.564645
endloop
endfacet
facet normal 0.491342 -0.598757 0.632513
outer loop
vertex 1.029397 1.120603 0.627778
vertex 1.025000 1.125000 0.635356
vertex 1.019642 1.120603 0.635356
endloop
endfacet
facet normal 0.491351 -0.598739 0.632524
outer loop
vertex 1.029397 1.120603 0.627778
vertex 1.019642 1.120603 0.635356
vertex 1.023097 1.115433 0.627778
endloop
endfacet
facet normal 0.403605 -0.491816 -0.771505
outer loop
vertex 1.019642 1.130357 0.558427
vertex 1.025000 1.125000 0.564645
vertex 1.019642 1.120603 0.564645
endloop
endfacet
facet normal 0.403612 -0.491815 -0.771502
outer loop
vertex 1.019642 1.130357 0.558427
vertex 1.019642 1.120603 0.564645
vertex 1.015433 1.126903 0.558427
endloop
endfacet
facet normal 0.560075 -0.682478 0.469618
outer loop
vertex 1.032664 1.117336 0.619134
vertex 1.029397 1.120603 0.627778
vertex 1.023097 1.115433 0.627778
endloop
endfacet
facet normal 0.560078 -0.682467 0.469630
outer loop
vertex 1.032664 1.117336 0.619134
vertex 1.023097 1.115433 0.627778
vertex 1.025664 1.111591 0.619134
endloop
endfacet
facet normal 0.300185 -0.365799 -0.880954
outer loop
vertex 1.013530 1.136470 0.553806
vertex 1.019642 1.130357 0.558427
vertex 1.015433 1.126903 0.558427
endloop
endfacet
facet normal 0.300103 -0.365849 -0.880961
outer loop
vertex 1.013530 1.136470 0.553806
vertex 1.015433 1.126903 0.558427
vertex 1.010630 1.134091 0.553806
endloop
endfacet
facet normal 0.607326 -0.740012 0.289029
outer loop
vertex 1.034676 1.115324 0.609754
vertex 1.032664 1.117336 0.619134
vertex 1.025664 1.111591 0.619134
endloop
endfacet
facet normal 0.607312 -0.740057 0.288942
outer loop
vertex 1.034676 1.115324 0.609754
vertex 1.025664 1.111591 0.619134
vertex 1.027245 1.109226 0.609754
endloop
endfacet
facet normal 0.184965 -0.225464 -0.956532
outer loop
vertex 1.006898 1.143103 0.550960
vertex 1.013530 1.136470 0.553806
vertex 1.010630 1.134091 0.553806
endloop
endfacet
facet normal 0.184892 -0.225502 -0.956537
outer loop
vertex 1.006898 1.143103 0.550960
vertex 1.010630 1.134091 0.553806
vertex 1.005419 1.141890 0.550960
endloop
endfacet
facet normal 0.631338 -0.769346 0.097567
outer loop
vertex 1.035356 1.114645 0.600000
vertex 1.034676 1.115324 0.609754
vertex 1.027245 1.109226 0.609754
endloop
endfacet
facet normal 0.631308 -0.769376 0.097522
outer loop
vertex 1.035356 1.114645 0.600000
vertex 1.027245 1.109226 0.609754
vertex 1.027778 1.108427 0.600000
endloop
endfacet
facet normal 0.062449 -0.076177 0.995137
outer loop
vertex 1.006898 1.143103 0.649039
vertex 1.000000 1.150000 0.650000
vertex 1.005419 1.141890 0.649039
endloop
endfacet
facet normal 0.062406 -0.076096 -0.995146
outer loop
vertex 1.000000 1.150000 0.550000
vertex 1.006898 1.143103 0.550960
vertex 1.005419 1.141890 0.550960
endloop
endfacet
facet normal 0.631299 -0.769377 -0.097570
outer loop
vertex 1.034676 1.115324 0.590245
vertex 1.035356 1.114645 0.600000
vertex 1.027778 1.108427 0.600000
endloop
endfacet
facet normal 0.631353 -0.769342 -0.097497
outer loop
vertex 1.034676 1.115324 0.590245
vertex 1.027778 1.108427 0.600000
vertex 1.027245 1.109226 0.590245
endloop
endfacet
facet normal 0.416177 -0.778586 0.469682
outer loop
vertex 1.025664 1.111591 0.619134
vertex 1.023097 1.115433 0.627778
vertex 1.015909 1.111591 0.627778
endloop
endfacet
facet normal 0.416094 -0.778691 0.469581
outer loop
vertex 1.025664 1.111591 0.619134
vertex 1.015909 1.111591 0.627778
vertex 1.017677 1.107323 0.619134
endloop
endfacet
facet normal 0.223040 -0.417309 -0.880969
outer loop
vertex 1.010630 1.134091 0.553806
vertex 1.015433 1.126903 0.558427
vertex 1.010630 1.124336 0.558427
endloop
endfacet
facet normal 0.223178 -0.417321 -0.880928
outer loop
vertex 1.010630 1.134091 0.553806
vertex 1.010630 1.124336 0.558427
vertex 1.007322 1.132322 0.553806
endloop
endfacet
facet normal 0.451202 -0.844348 0.288951
outer loop
vertex 1.027245 1.109226 0.609754
vertex 1.025664 1.111591 0.619134
vertex 1.017677 1.107323 0.619134
endloop
endfacet
facet normal 0.451325 -0.844236 0.289087
outer loop
vertex 1.027245 1.109226 0.609754
vertex 1.017677 1.107323 0.619134
vertex 1.018766 1.104693 0.609754
endloop
endfacet
facet normal 0.137538 -0.257167 -0.956529
outer loop
vertex 1.005419 1.141890 0.550960
vertex 1.010630 1.134091 0.553806
vertex 1.007322 1.132322 0.553806
endloop
endfacet
facet normal 0.137595 -0.257148 -0.956526
outer loop
vertex 1.005419 1.141890 0.550960
vertex 1.007322 1.132322 0.553806
vertex 1.003733 1.140988 0.550960
endloop
endfacet
facet normal 0.469208 -0.877683 0.097549
outer loop
vertex 1.027778 1.108427 0.600000
vertex 1.027245 1.109226 0.609754
vertex 1.018766 1.104693 0.609754
endloop
endfacet
facet normal 0.469202 -0.877691 0.097509
outer loop
vertex 1.027778 1.108427 0.600000
vertex 1.018766 1.104693 0.609754
vertex 1.019134 1.103806 0.600000
endloop
endfacet
facet normal 0.046482 -0.086866 0.995135
outer loop
vertex 1.005419 1.141890 0.649039
vertex 1.000000 1.150000 0.650000
vertex 1.003733 1.140988 0.649039
endloop
endfacet
facet normal 0.046445 -0.086774 -0.995145
outer loop
vertex 1.000000 1.150000 0.550000
vertex 1.005419 1.141890 0.550960
vertex 1.003733 1.140988 0.550960
endloop
endfacet
facet normal 0.469201 -0.877690 -0.097519
outer loop
vertex 1.027245 1.109226 0.590245
vertex 1.027778 1.108427 0.600000
vertex 1.019134 1.103806 0.600000
endloop
endfacet
facet normal 0.469207 -0.877687 -0.097517
outer loop
vertex 1.027245 1.109226 0.590245
vertex 1.019134 1.103806 0.600000
vertex 1.018766 1.104693 0.590245
endloop
endfacet
facet normal 0.137518 -0.257067 0.956559
outer loop
vertex 1.010630 1.134091 0.646194
vertex 1.005419 1.141890 0.649039
vertex 1.003733 1.140988 0.649039
endloop
endfacet
facet normal 0.137484 -0.257082 0.956560
outer loop
vertex 1.010630 1.134091 0.646194
vertex 1.003733 1.140988 0.649039
vertex 1.007322 1.132322 0.646194
endloop
endfacet
facet normal 0.451349 -0.844266 -0.288962
outer loop
vertex 1.025664 1.111591 0.580866
vertex 1.027245 1.109226 0.590245
vertex 1.018766 1.104693 0.590245
endloop
endfacet
facet normal 0.451163 -0.844309 -0.289127
outer loop
vertex 1.025664 1.111591 0.580866
vertex 1.018766 1.104693 0.590245
vertex 1.017677 1.107323 0.580866
endloop
endfacet
facet normal 0.223131 -0.417231 0.880983
outer loop
vertex 1.015433 1.126903 0.641573
vertex 1.010630 1.134091 0.646194
vertex 1.007322 1.132322 0.646194
endloop
endfacet
facet normal 0.223064 -0.417371 0.880933
outer loop
vertex 1.015433 1.126903 0.641573
vertex 1.007322 1.132322 0.646194
vertex 1.010630 1.124336 0.641573
endloop
endfacet
facet normal 0.416104 -0.778663 -0.469618
outer loop
vertex 1.023097 1.115433 0.572221
vertex 1.025664 1.111591 0.580866
vertex 1.017677 1.107323 0.580866
endloop
endfacet
facet normal 0.416189 -0.778662 -0.469544
outer loop
vertex 1.023097 1.115433 0.572221
vertex 1.017677 1.107323 0.580866
vertex 1.015909 1.111591 0.572221
endloop
endfacet
facet normal 0.299847 -0.561058 0.771560
outer loop
vertex 1.019642 1.120603 0.635356
vertex 1.015433 1.126903 0.641573
vertex 1.010630 1.124336 0.641573
endloop
endfacet
facet normal 0.299887 -0.561038 0.771560
outer loop
vertex 1.019642 1.120603 0.635356
vertex 1.010630 1.124336 0.641573
vertex 1.013530 1.117336 0.635356
endloop
endfacet
facet normal 0.365080 -0.683014 -0.632620
outer loop
vertex 1.019642 1.120603 0.564645
vertex 1.023097 1.115433 0.572221
vertex 1.015909 1.111591 0.572221
endloop
endfacet
facet normal 0.365095 -0.683041 -0.632582
outer loop
vertex 1.019642 1.120603 0.564645
vertex 1.015909 1.111591 0.572221
vertex 1.013530 1.117336 0.564645
endloop
endfacet
facet normal 0.365128 -0.683088 0.632513
outer loop
vertex 1.023097 1.115433 0.627778
vertex 1.019642 1.120603 0.635356
vertex 1.013530 1.117336 0.635356
endloop
endfacet
facet normal 0.365119 -0.683111 0.632492
outer loop
vertex 1.023097 1.115433 0.627778
vertex 1.013530 1.117336 0.635356
vertex 1.015909 1.111591 0.627778
endloop
endfacet
facet normal 0.299902 -0.561098 -0.771510
outer loop
vertex 1.015433 1.126903 0.558427
vertex 1.019642 1.120603 0.564645
vertex 1.013530 1.117336 0.564645
endloop
endfacet
facet normal 0.299883 -0.561098 -0.771518
outer loop
vertex 1.015433 1.126903 0.558427
vertex 1.013530 1.117336 0.564645
vertex 1.010630 1.124336 0.558427
endloop
endfacet
facet normal 0.277855 -0.916068 -0.289165
outer loop
vertex 1.017677 1.107323 0.580866
vertex 1.018766 1.104693 0.590245
vertex 1.009567 1.101903 0.590245
endloop
endfacet
facet normal 0.278039 -0.916078 -0.288956
outer loop
vertex 1.017677 1.107323 0.580866
vertex 1.009567 1.101903 0.590245
vertex 1.009012 1.104693 0.580866
endloop
endfacet
facet normal 0.137264 -0.452881 0.880941
outer loop
vertex 1.010630 1.124336 0.641573
vertex 1.007322 1.132322 0.646194
vertex 1.003733 1.131234 0.646194
endloop
endfacet
facet normal 0.137391 -0.452803 0.880961
outer loop
vertex 1.010630 1.124336 0.641573
vertex 1.003733 1.131234 0.646194
vertex 1.005419 1.122755 0.641573
endloop
endfacet
facet normal 0.256429 -0.844855 -0.469536
outer loop
vertex 1.015909 1.111591 0.572221
vertex 1.017677 1.107323 0.580866
vertex 1.009012 1.104693 0.580866
endloop
endfacet
facet normal 0.256188 -0.844822 -0.469727
outer loop
vertex 1.015909 1.111591 0.572221
vertex 1.009012 1.104693 0.580866
vertex 1.008110 1.109226 0.572221
endloop
endfacet
facet normal 0.184686 -0.608738 0.771576
outer loop
vertex 1.013530 1.117336 0.635356
vertex 1.010630 1.124336 0.641573
vertex 1.005419 1.122755 0.641573
endloop
endfacet
facet normal 0.184681 -0.608757 0.771562
outer loop
vertex 1.013530 1.117336 0.635356
vertex 1.005419 1.122755 0.641573
vertex 1.006898 1.115324 0.635356
endloop
endfacet
facet normal 0.224748 -0.741152 -0.632600
outer loop
vertex 1.013530 1.117336 0.564645
vertex 1.015909 1.111591 0.572221
vertex 1.008110 1.109226 0.572221
endloop
endfacet
facet normal 0.224851 -0.741155 -0.632559
outer loop
vertex 1.013530 1.117336 0.564645
vertex 1.008110 1.109226 0.572221
vertex 1.006898 1.115324 0.564645
endloop
endfacet
facet normal 0.224860 -0.741188 0.632518
outer loop
vertex 1.015909 1.111591 0.627778
vertex 1.013530 1.117336 0.635356
vertex 1.006898 1.115324 0.635356
endloop
endfacet
facet normal 0.224779 -0.741276 0.632443
outer loop
vertex 1.015909 1.111591 0.627778
vertex 1.006898 1.115324 0.635356
vertex 1.008110 1.109226 0.627778
endloop
endfacet
facet normal 0.184698 -0.608791 -0.771531
outer loop
vertex 1.010630 1.124336 0.558427
vertex 1.013530 1.117336 0.564645
vertex 1.006898 1.115324 0.564645
endloop
endfacet
facet normal 0.184700 -0.608820 -0.771507
outer loop
vertex 1.010630 1.124336 0.558427
vertex 1.006898 1.115324 0.564645
vertex 1.005419 1.122755 0.558427
endloop
endfacet
facet normal 0.256210 -0.844892 0.469589
outer loop
vertex 1.017677 1.107323 0.619134
vertex 1.015909 1.111591 0.627778
vertex 1.008110 1.109226 0.627778
endloop
endfacet
facet normal 0.256397 -0.844755 0.469734
outer loop
vertex 1.017677 1.107323 0.619134
vertex 1.008110 1.109226 0.627778
vertex 1.009012 1.104693 0.619134
endloop
endfacet
facet normal 0.137384 -0.452838 -0.880945
outer loop
vertex 1.007322 1.132322 0.553806
vertex 1.010630 1.124336 0.558427
vertex 1.005419 1.122755 0.558427
endloop
endfacet
facet normal 0.137259 -0.452842 -0.880962
outer loop
vertex 1.007322 1.132322 0.553806
vertex 1.005419 1.122755 0.558427
vertex 1.003733 1.131234 0.553806
endloop
endfacet
facet normal 0.278031 -0.916032 0.289110
outer loop
vertex 1.018766 1.104693 0.609754
vertex 1.017677 1.107323 0.619134
vertex 1.009012 1.104693 0.619134
endloop
endfacet
facet normal 0.277869 -0.916125 0.288969
outer loop
vertex 1.018766 1.104693 0.609754
vertex 1.009012 1.104693 0.619134
vertex 1.009567 1.101903 0.609754
endloop
endfacet
facet normal 0.084600 -0.279096 -0.956529
outer loop
vertex 1.003733 1.140988 0.550960
vertex 1.007322 1.132322 0.553806
vertex 1.003733 1.131234 0.553806
endloop
endfacet
facet normal 0.084650 -0.279080 -0.956529
outer loop
vertex 1.003733 1.140988 0.550960
vertex 1.003733 1.131234 0.553806
vertex 1.001903 1.140433 0.550960
endloop
endfacet
facet normal 0.288865 -0.952393 0.097489
outer loop
vertex 1.019134 1.103806 0.600000
vertex 1.018766 1.104693 0.609754
vertex 1.009567 1.101903 0.609754
endloop
endfacet
facet normal 0.288954 -0.952354 0.097607
outer loop
vertex 1.019134 1.103806 0.600000
vertex 1.009567 1.101903 0.609754
vertex 1.009754 1.100960 0.600000
endloop
endfacet
facet normal 0.028609 -0.094270 0.995136
outer loop
vertex 1.003733 1.140988 0.649039
vertex 1.000000 1.150000 0.650000
vertex 1.001903 1.140433 0.649039
endloop
endfacet
facet normal 0.028562 -0.094177 -0.995146
outer loop
vertex 1.000000 1.150000 0.550000
vertex 1.003733 1.140988 0.550960
vertex 1.001903 1.140433 0.550960
endloop
endfacet
facet normal 0.288956 -0.952363 -0.097514
outer loop
vertex 1.018766 1.104693 0.590245
vertex 1.019134 1.103806 0.600000
vertex 1.009754 1.100960 0.600000
endloop
endfacet
facet normal 0.288862 -0.952386 -0.097563
outer loop
vertex 1.018766 1.104693 0.590245
vertex 1.009754 1.100960 0.600000
vertex 1.009567 1.101903 0.590245
endloop
endfacet
facet normal 0.084646 -0.278968 0.956562
outer loop
vertex 1.007322 1.132322 0.646194
vertex 1.003733 1.140988 0.649039
vertex 1.001903 1.140433 0.649039
endloop
endfacet
facet normal 0.084564 -0.279025 0.956553
outer loop
vertex 1.007322 1.132322 0.646194
vertex 1.001903 1.140433 0.649039
vertex 1.003733 1.131234 0.646194
endloop
endfacet
facet normal 0.046406 -0.470888 -0.880971
outer loop
vertex 1.003733 1.131234 0.553806
vertex 1.005419 1.122755 0.558427
vertex 1.000000 1.122221 0.558427
endloop
endfacet
facet normal 0.046424 -0.470901 -0.880964
outer loop
vertex 1.003733 1.131234 0.553806
vertex 1.000000 1.122221 0.558427
vertex 1.000000 1.130866 0.553806
endloop
endfacet
facet normal 0.093776 -0.952745 0.288933
outer loop
vertex 1.009567 1.101903 0.609754
vertex 1.009012 1.104693 0.619134
vertex 1.000000 1.103806 0.619134
endloop
endfacet
facet normal 0.093899 -0.952694 0.289063
outer loop
vertex 1.009567 1.101903 0.609754
vertex 1.000000 1.103806 0.619134
vertex 1.000000 1.100960 0.609754
endloop
endfacet
facet normal 0.028608 -0.290247 -0.956524
outer loop
vertex 1.001903 1.140433 0.550960
vertex 1.003733 1.131234 0.553806
vertex 1.000000 1.130866 0.553806
endloop
endfacet
facet normal 0.028698 -0.290250 -0.956520
outer loop
vertex 1.001903 1.140433 0.550960
vertex 1.000000 1.130866 0.553806
vertex 1.000000 1.140245 0.550960
endloop
endfacet
facet normal 0.097619 -0.990425 0.097621
outer loop
vertex 1.009754 1.100960 0.600000
vertex 1.009567 1.101903 0.609754
vertex 1.000000 1.100960 0.609754
endloop
endfacet
facet normal 0.097480 -0.990454 0.097459
outer loop
vertex 1.009754 1.100960 0.600000
vertex 1.000000 1.100960 0.609754
vertex 1.000000 1.100000 0.600000
endloop
endfacet
facet normal 0.009685 -0.098036 0.995136
outer loop
vertex 1.001903 1.140433 0.649039
vertex 1.000000 1.150000 0.650000
vertex 1.000000 1.140245 0.649039
endloop
endfacet
facet normal 0.009694 -0.097931 -0.995146
outer loop
vertex 1.000000 1.150000 0.550000
vertex 1.001903 1.140433 0.550960
vertex 1.000000 1.140245 0.550960
endloop
endfacet
facet normal 0.097481 -0.990442 -0.097584
outer loop
vertex 1.009567 1.101903 0.590245
vertex 1.009754 1.100960 0.600000
vertex 1.000000 1.100000 0.600000
endloop
endfacet
facet normal 0.097620 -0.990439 -0.097474
outer loop
vertex 1.009567 1.101903 0.590245
vertex 1.000000 1.100000 0.600000
vertex 1.000000 1.100960 0.590245
endloop
endfacet
facet normal 0.028639 -0.290116 0.956563
outer loop
vertex 1.003733 1.131234 0.646194
vertex 1.001903 1.140433 0.649039
vertex 1.000000 1.140245 0.649039
endloop
endfacet
facet normal 0.028601 -0.290168 0.956548
outer loop
vertex 1.003733 1.131234 0.646194
vertex 1.000000 1.140245 0.649039
vertex 1.000000 1.130866 0.646194
endloop
endfacet
facet normal 0.093904 -0.952718 -0.288982
outer loop
vertex 1.009012 1.104693 0.580866
vertex 1.009567 1.101903 0.590245
vertex 1.000000 1.100960 0.590245
endloop
endfacet
facet normal 0.093773 -0.952702 -0.289077
outer loop
vertex 1.009012 1.104693 0.580866
vertex 1.000000 1.100960 0.590245
vertex 1.000000 1.103806 0.580866
endloop
endfacet
facet normal 0.046425 -0.470891 0.880969
outer loop
vertex 1.005419 1.122755 0.641573
vertex 1.003733 1.131234 0.646194
vertex 1.000000 1.130866 0.646194
endloop
endfacet
facet normal 0.046410 -0.470895 0.880967
outer loop
vertex 1.005419 1.122755 0.641573
vertex 1.000000 1.130866 0.646194
vertex 1.000000 1.122221 0.641573
endloop
endfacet
facet normal 0.086475 -0.878574 -0.469713
outer loop
vertex 1.008110 1.109226 0.572221
vertex 1.009012 1.104693 0.580866
vertex 1.000000 1.103806 0.580866
endloop
endfacet
facet normal 0.086551 -0.878607 -0.469636
outer loop
vertex 1.008110 1.109226 0.572221
vertex 1.000000 1.103806 0.580866
vertex 1.000000 1.108427 0.572221
endloop
endfacet
facet normal 0.062396 -0.633090 0.771559
outer loop
vertex 1.006898 1.115324 0.635356
vertex 1.005419 1.122755 0.641573
vertex 1.000000 1.122221 0.641573
endloop
endfacet
facet normal 0.062314 -0.633136 0.771528
outer loop
vertex 1.006898 1.115324 0.635356
vertex 1.000000 1.122221 0.641573
vertex 1.000000 1.114645 0.635356
endloop
endfacet
facet normal 0.075934 -0.770782 -0.632557
outer loop
vertex 1.006898 1.115324 0.564645
vertex 1.008110 1.109226 0.572221
vertex 1.000000 1.108427 0.572221
endloop
endfacet
facet normal 0.075864 -0.770755 -0.632598
outer loop
vertex 1.006898 1.115324 0.564645
vertex 1.000000 1.108427 0.572221
vertex 1.000000 1.114645 0.564645
endloop
endfacet
facet normal 0.075888 -0.770858 0.632470
outer loop
vertex 1.008110 1.109226 0.627778
vertex 1.006898 1.115324 0.635356
vertex 1.000000 1.114645 0.635356
endloop
endfacet
facet normal 0.075939 -0.770839 0.632487
outer loop
vertex 1.008110 1.109226 0.627778
vertex 1.000000 1.114645 0.635356
vertex 1.000000 1.108427 0.627778
endloop
endfacet
facet normal 0.062331 -0.633159 -0.771508
outer loop
vertex 1.005419 1.122755 0.558427
vertex 1.006898 1.115324 0.564645
vertex 1.000000 1.114645 0.564645
endloop
endfacet
facet normal 0.062392 -0.633196 -0.771473
outer loop
vertex 1.005419 1.122755 0.558427
vertex 1.000000 1.114645 0.564645
vertex 1.000000 1.122221 0.558427
endloop
endfacet
facet normal 0.086546 -0.878538 0.469766
outer loop
vertex 1.009012 1.104693 0.619134
vertex 1.008110 1.109226 0.627778
vertex 1.000000 1.108427 0.627778
endloop
endfacet
facet normal 0.086479 -0.878594 0.469674
outer loop
vertex 1.009012 1.104693 0.619134
vertex 1.000000 1.108427 0.627778
vertex 1.000000 1.103806 0.619134
endloop
endfacet
facet normal -0.086479 -0.878617 -0.469631
outer loop
vertex 1.000000 1.108427 0.572221
vertex 1.000000 1.103806 0.580866
vertex 0.990988 1.104693 0.580866
endloop
endfacet
facet normal -0.086547 -0.878563 -0.469720
outer loop
vertex 1.000000 1.108427 0.572221
vertex 0.990988 1.104693 0.580866
vertex 0.991890 1.109226 0.572221
endloop
endfacet
facet normal -0.062400 -0.633132 0.771524
outer loop
vertex 1.000000 1.114645 0.635356
vertex 1.000000 1.122221 0.641573
vertex 0.994581 1.122755 0.641573
endloop
endfacet
facet normal -0.062319 -0.633105 0.771553
outer loop
vertex 1.000000 1.114645 0.635356
vertex 0.994581 1.122755 0.641573
vertex 0.993103 1.115324 0.635356
endloop
endfacet
facet normal -0.075927 -0.770755 -0.632591
outer loop
vertex 1.000000 1.114645 0.564645
vertex 1.000000 1.108427 0.572221
vertex 0.991890 1.109226 0.572221
endloop
endfacet
facet normal -0.075890 -0.770787 -0.632556
outer loop
vertex 1.000000 1.114645 0.564645
vertex 0.991890 1.109226 0.572221
vertex 0.993103 1.115324 0.564645
endloop
endfacet
facet normal -0.075889 -0.770840 0.632493
outer loop
vertex 1.000000 1.108427 0.627778
vertex 1.000000 1.114645 0.635356
vertex 0.993103 1.115324 0.635356
endloop
endfacet
facet normal -0.075941 -0.770860 0.632461
outer loop
vertex 1.000000 1.108427 0.627778
vertex 0.993103 1.115324 0.635356
vertex 0.991890 1.109226 0.627778
endloop
endfacet
facet normal -0.062335 -0.633191 -0.771481
outer loop
vertex 1.000000 1.122221 0.558427
vertex 1.000000 1.114645 0.564645
vertex 0.993103 1.115324 0.564645
endloop
endfacet
facet normal -0.062407 -0.633148 -0.771511
outer loop
vertex 1.000000 1.122221 0.558427
vertex 0.993103 1.115324 0.564645
vertex 0.994581 1.122755 0.558427
endloop
endfacet
facet normal -0.086551 -0.878587 0.469675
outer loop
vertex 1.000000 1.103806 0.619134
vertex 1.000000 1.108427 0.627778
vertex 0.991890 1.109226 0.627778
endloop
endfacet
facet normal -0.086475 -0.878554 0.469750
outer loop
vertex 1.000000 1.103806 0.619134
vertex 0.991890 1.109226 0.627778
vertex 0.990988 1.104693 0.619134
endloop
endfacet
facet normal -0.046407 -0.470895 -0.880968
outer loop
vertex 1.000000 1.130866 0.553806
vertex 1.000000 1.122221 0.558427
vertex 0.994581 1.122755 0.558427
endloop
endfacet
facet normal -0.046422 -0.470880 -0.880975
outer loop
vertex 1.000000 1.130866 0.553806
vertex 0.994581 1.122755 0.558427
vertex 0.996267 1.131234 0.553806
endloop
endfacet
facet normal -0.093773 -0.952711 0.289048
outer loop
vertex 1.000000 1.100960 0.609754
vertex 1.000000 1.103806 0.619134
vertex 0.990988 1.104693 0.619134
endloop
endfacet
facet normal -0.093902 -0.952725 0.288959
outer loop
vertex 1.000000 1.100960 0.609754
vertex 0.990988 1.104693 0.619134
vertex 0.990433 1.101903 0.609754
endloop
endfacet
facet normal -0.028609 -0.290254 -0.956522
outer loop
vertex 1.000000 1.140245 0.550960
vertex 1.000000 1.130866 0.553806
vertex 0.996267 1.131234 0.553806
endloop
endfacet
facet normal -0.028698 -0.290250 -0.956520
outer loop
vertex 1.000000 1.140245 0.550960
vertex 0.996267 1.131234 0.553806
vertex 0.998097 1.140433 0.550960
endloop
endfacet
facet normal -0.097620 -0.990438 0.097484
outer loop
vertex 1.000000 1.100000 0.600000
vertex 1.000000 1.100960 0.609754
vertex 0.990433 1.101903 0.609754
endloop
endfacet
facet normal -0.097467 -0.990440 0.097612
outer loop
vertex 1.000000 1.100000 0.600000
vertex 0.990433 1.101903 0.609754
vertex 0.990245 1.100960 0.600000
endloop
endfacet
facet normal -0.009686 -0.098041 0.995135
outer loop
vertex 1.000000 1.140245 0.649039
vertex 1.000000 1.150000 0.650000
vertex 0.998097 1.140433 0.649039
endloop
endfacet
facet normal -0.009694 -0.097936 -0.995146
outer loop
vertex 1.000000 1.150000 0.550000
vertex 1.000000 1.140245 0.550960
vertex 0.998097 1.140433 0.550960
endloop
endfacet
facet normal -0.097471 -0.990455 -0.097458
outer loop
vertex 1.000000 1.100960 0.590245
vertex 1.000000 1.100000 0.600000
vertex 0.990245 1.100960 0.600000
endloop
endfacet
facet normal -0.097619 -0.990424 -0.097622
outer loop
vertex 1.000000 1.100960 0.590245
vertex 0.990245 1.100960 0.600000
vertex 0.990433 1.101903 0.590245
endloop
endfacet
facet normal -0.028642 -0.290166 0.956548
outer loop
vertex 1.000000 1.130866 0.646194
vertex 1.000000 1.140245 0.649039
vertex 0.998097 1.140433 0.649039
endloop
endfacet
facet normal -0.028600 -0.290146 0.956555
outer loop
vertex 1.000000 1.130866 0.646194
vertex 0.998097 1.140433 0.649039
vertex 0.996267 1.131234 0.646194
endloop
endfacet
facet normal -0.093898 -0.952686 -0.289091
outer loop
vertex 1.000000 1.103806 0.580866
vertex 1.000000 1.100960 0.590245
vertex 0.990433 1.101903 0.590245
endloop
endfacet
facet normal -0.093779 -0.952735 -0.288967
outer loop
vertex 1.000000 1.103806 0.580866
vertex 0.990433 1.101903 0.590245
vertex 0.990988 1.104693 0.580866
endloop
endfacet
facet normal -0.046425 -0.470891 0.880969
outer loop
vertex 1.000000 1.122221 0.641573
vertex 1.000000 1.130866 0.646194
vertex 0.996267 1.131234 0.646194
endloop
endfacet
facet normal -0.046409 -0.470888 0.880971
outer loop
vertex 1.000000 1.122221 0.641573
vertex 0.996267 1.131234 0.646194
vertex 0.994581 1.122755 0.641573
endloop
endfacet
facet normal -0.084582 -0.279100 -0.956530
outer loop
vertex 0.998097 1.140433 0.550960
vertex 0.996267 1.131234 0.553806
vertex 0.992677 1.132322 0.553806
endloop
endfacet
facet normal -0.084635 -0.279057 -0.956538
outer loop
vertex 0.998097 1.140433 0.550960
vertex 0.992677 1.132322 0.553806
vertex 0.996267 1.140988 0.550960
endloop
endfacet
facet normal -0.288863 -0.952382 0.097607
outer loop
vertex 0.990245 1.100960 0.600000
vertex 0.990433 1.101903 0.609754
vertex 0.981234 1.104693 0.609754
endloop
endfacet
facet normal -0.288987 -0.952354 0.097510
outer loop
vertex 0.990245 1.100960 0.600000
vertex 0.981234 1.104693 0.609754
vertex 0.980866 1.103806 0.600000
endloop
endfacet
facet normal -0.028608 -0.094268 0.995136
outer loop
vertex 0.998097 1.140433 0.649039
vertex 1.000000 1.150000 0.650000
vertex 0.996267 1.140988 0.649039
endloop
endfacet
facet normal -0.028561 -0.094173 -0.995146
outer loop
vertex 1.000000 1.150000 0.550000
vertex 0.998097 1.140433 0.550960
vertex 0.996267 1.140988 0.550960
endloop
endfacet
facet normal -0.288981 -0.952347 -0.097600
outer loop
vertex 0.990433 1.101903 0.590245
vertex 0.990245 1.100960 0.600000
vertex 0.980866 1.103806 0.600000
endloop
endfacet
facet normal -0.288870 -0.952391 -0.097495
outer loop
vertex 0.990433 1.101903 0.590245
vertex 0.980866 1.103806 0.600000
vertex 0.981234 1.104693 0.590245
endloop
endfacet
facet normal -0.084645 -0.279014 0.956549
outer loop
vertex 0.996267 1.131234 0.646194
vertex 0.998097 1.140433 0.649039
vertex 0.996267 1.140988 0.649039
endloop
endfacet
facet normal -0.084539 -0.278994 0.956565
outer loop
vertex 0.996267 1.131234 0.646194
vertex 0.996267 1.140988 0.649039
vertex 0.992677 1.132322 0.646194
endloop
endfacet
facet normal -0.277862 -0.916119 -0.288997
outer loop
vertex 0.990988 1.104693 0.580866
vertex 0.990433 1.101903 0.590245
vertex 0.981234 1.104693 0.590245
endloop
endfacet
facet normal -0.278005 -0.916041 -0.289107
outer loop
vertex 0.990988 1.104693 0.580866
vertex 0.981234 1.104693 0.590245
vertex 0.982322 1.107323 0.580866
endloop
endfacet
facet normal -0.137224 -0.452850 0.880963
outer loop
vertex 0.994581 1.122755 0.641573
vertex 0.996267 1.131234 0.646194
vertex 0.992677 1.132322 0.646194
endloop
endfacet
facet normal -0.137373 -0.452868 0.880931
outer loop
vertex 0.994581 1.122755 0.641573
vertex 0.992677 1.132322 0.646194
vertex 0.989369 1.124336 0.641573
endloop
endfacet
facet normal -0.256383 -0.844787 -0.469683
outer loop
vertex 0.991890 1.109226 0.572221
vertex 0.990988 1.104693 0.580866
vertex 0.982322 1.107323 0.580866
endloop
endfacet
facet normal -0.256209 -0.844891 -0.469591
outer loop
vertex 0.991890 1.109226 0.572221
vertex 0.982322 1.107323 0.580866
vertex 0.984091 1.111591 0.572221
endloop
endfacet
facet normal -0.184656 -0.608777 0.771552
outer loop
vertex 0.993103 1.115324 0.635356
vertex 0.994581 1.122755 0.641573
vertex 0.989369 1.124336 0.641573
endloop
endfacet
facet normal -0.184660 -0.608770 0.771556
outer loop
vertex 0.993103 1.115324 0.635356
vertex 0.989369 1.124336 0.641573
vertex 0.986470 1.117336 0.635356
endloop
endfacet
facet normal -0.224760 -0.741180 -0.632563
outer loop
vertex 0.993103 1.115324 0.564645
vertex 0.991890 1.109226 0.572221
vertex 0.984091 1.111591 0.572221
endloop
endfacet
facet normal -0.224802 -0.741116 -0.632623
outer loop
vertex 0.993103 1.115324 0.564645
vertex 0.984091 1.111591 0.572221
vertex 0.986470 1.117336 0.564645
endloop
endfacet
facet normal -0.224844 -0.741231 0.632473
outer loop
vertex 0.991890 1.109226 0.627778
vertex 0.993103 1.115324 0.635356
vertex 0.986470 1.117336 0.635356
endloop
endfacet
facet normal -0.224768 -0.741221 0.632511
outer loop
vertex 0.991890 1.109226 0.627778
vertex 0.986470 1.117336 0.635356
vertex 0.984091 1.111591 0.627778
endloop
endfacet
facet normal -0.184675 -0.608836 -0.771501
outer loop
vertex 0.994581 1.122755 0.558427
vertex 0.993103 1.115324 0.564645
vertex 0.986470 1.117336 0.564645
endloop
endfacet
facet normal -0.184671 -0.608829 -0.771508
outer loop
vertex 0.994581 1.122755 0.558427
vertex 0.986470 1.117336 0.564645
vertex 0.989369 1.124336 0.558427
endloop
endfacet
facet normal -0.256190 -0.844807 0.469752
outer loop
vertex 0.990988 1.104693 0.619134
vertex 0.991890 1.109226 0.627778
vertex 0.984091 1.111591 0.627778
endloop
endfacet
facet normal -0.256383 -0.844827 0.469612
outer loop
vertex 0.990988 1.104693 0.619134
vertex 0.984091 1.111591 0.627778
vertex 0.982322 1.107323 0.619134
endloop
endfacet
facet normal -0.137356 -0.452823 -0.880957
outer loop
vertex 0.996267 1.131234 0.553806
vertex 0.994581 1.122755 0.558427
vertex 0.989369 1.124336 0.558427
endloop
endfacet
facet normal -0.137241 -0.452910 -0.880930
outer loop
vertex 0.996267 1.131234 0.553806
vertex 0.989369 1.124336 0.558427
vertex 0.992677 1.132322 0.553806
endloop
endfacet
facet normal -0.278020 -0.916093 0.288928
outer loop
vertex 0.990433 1.101903 0.609754
vertex 0.990988 1.104693 0.619134
vertex 0.982322 1.107323 0.619134
endloop
endfacet
facet normal -0.277854 -0.916084 0.289114
outer loop
vertex 0.990433 1.101903 0.609754
vertex 0.982322 1.107323 0.619134
vertex 0.981234 1.104693 0.609754
endloop
endfacet
facet normal -0.299915 -0.561046 0.771543
outer loop
vertex 0.986470 1.117336 0.635356
vertex 0.989369 1.124336 0.641573
vertex 0.984567 1.126903 0.641573
endloop
endfacet
facet normal -0.299831 -0.561028 0.771589
outer loop
vertex 0.986470 1.117336 0.635356
vertex 0.984567 1.126903 0.641573
vertex 0.980357 1.120603 0.635356
endloop
endfacet
facet normal -0.365085 -0.683047 -0.632582
outer loop
vertex 0.986470 1.117336 0.564645
vertex 0.984091 1.111591 0.572221
vertex 0.976903 1.115433 0.572221
endloop
endfacet
facet normal -0.365063 -0.683078 -0.632562
outer loop
vertex 0.986470 1.117336 0.564645
vertex 0.976903 1.115433 0.572221
vertex 0.980357 1.120603 0.564645
endloop
endfacet
facet normal -0.365078 -0.683131 0.632495
outer loop
vertex 0.984091 1.111591 0.627778
vertex 0.986470 1.117336 0.635356
vertex 0.980357 1.120603 0.635356
endloop
endfacet
facet normal -0.365140 -0.683127 0.632464
outer loop
vertex 0.984091 1.111591 0.627778
vertex 0.980357 1.120603 0.635356
vertex 0.976903 1.115433 0.627778
endloop
endfacet
facet normal -0.299878 -0.561121 -0.771502
outer loop
vertex 0.989369 1.124336 0.558427
vertex 0.986470 1.117336 0.564645
vertex 0.980357 1.120603 0.564645
endloop
endfacet
facet normal -0.299923 -0.561032 -0.771550
outer loop
vertex 0.989369 1.124336 0.558427
vertex 0.980357 1.120603 0.564645
vertex 0.984567 1.126903 0.558427
endloop
endfacet
facet normal -0.416171 -0.778621 0.469628
outer loop
vertex 0.982322 1.107323 0.619134
vertex 0.984091 1.111591 0.627778
vertex 0.976903 1.115433 0.627778
endloop
endfacet
facet normal -0.416127 -0.778626 0.469660
outer loop
vertex 0.982322 1.107323 0.619134
vertex 0.976903 1.115433 0.627778
vertex 0.974336 1.111591 0.619134
endloop
endfacet
facet normal -0.223115 -0.417345 -0.880933
outer loop
vertex 0.992677 1.132322 0.553806
vertex 0.989369 1.124336 0.558427
vertex 0.984567 1.126903 0.558427
endloop
endfacet
facet normal -0.223129 -0.417251 -0.880974
outer loop
vertex 0.992677 1.132322 0.553806
vertex 0.984567 1.126903 0.558427
vertex 0.989369 1.134091 0.553806
endloop
endfacet
facet normal -0.451221 -0.844298 0.289068
outer loop
vertex 0.981234 1.104693 0.609754
vertex 0.982322 1.107323 0.619134
vertex 0.974336 1.111591 0.619134
endloop
endfacet
facet normal -0.451351 -0.844273 0.288938
outer loop
vertex 0.981234 1.104693 0.609754
vertex 0.974336 1.111591 0.619134
vertex 0.972755 1.109226 0.609754
endloop
endfacet
facet normal -0.137530 -0.257163 -0.956532
outer loop
vertex 0.996267 1.140988 0.550960
vertex 0.992677 1.132322 0.553806
vertex 0.989369 1.134091 0.553806
endloop
endfacet
facet normal -0.137595 -0.257148 -0.956526
outer loop
vertex 0.996267 1.140988 0.550960
vertex 0.989369 1.134091 0.553806
vertex 0.994581 1.141890 0.550960
endloop
endfacet
facet normal -0.469218 -0.877682 0.097511
outer loop
vertex 0.980866 1.103806 0.600000
vertex 0.981234 1.104693 0.609754
vertex 0.972755 1.109226 0.609754
endloop
endfacet
facet normal -0.469166 -0.877701 0.097590
outer loop
vertex 0.980866 1.103806 0.600000
vertex 0.972755 1.109226 0.609754
vertex 0.972221 1.108427 0.600000
endloop
endfacet
facet normal -0.046482 -0.086866 0.995135
outer loop
vertex 0.996267 1.140988 0.649039
vertex 1.000000 1.150000 0.650000
vertex 0.994581 1.141890 0.649039
endloop
endfacet
facet normal -0.046445 -0.086774 -0.995145
outer loop
vertex 1.000000 1.150000 0.550000
vertex 0.996267 1.140988 0.550960
vertex 0.994581 1.141890 0.550960
endloop
endfacet
facet normal -0.469158 -0.877716 -0.097492
outer loop
vertex 0.981234 1.104693 0.590245
vertex 0.980866 1.103806 0.600000
vertex 0.972221 1.108427 0.600000
endloop
endfacet
facet normal -0.469223 -0.877671 -0.097590
outer loop
vertex 0.981234 1.104693 0.590245
vertex 0.972221 1.108427 0.600000
vertex 0.972755 1.109226 0.590245
endloop
endfacet
facet normal -0.137518 -0.257067 0.956559
outer loop
vertex 0.992677 1.132322 0.646194
vertex 0.996267 1.140988 0.649039
vertex 0.994581 1.141890 0.649039
endloop
endfacet
facet normal -0.137473 -0.257075 0.956563
outer loop
vertex 0.992677 1.132322 0.646194
vertex 0.994581 1.141890 0.649039
vertex 0.989369 1.134091 0.646194
endloop
endfacet
facet normal -0.451330 -0.844239 -0.289072
outer loop
vertex 0.982322 1.107323 0.580866
vertex 0.981234 1.104693 0.590245
vertex 0.972755 1.109226 0.590245
endloop
endfacet
facet normal -0.451231 -0.844327 -0.288970
outer loop
vertex 0.982322 1.107323 0.580866
vertex 0.972755 1.109226 0.590245
vertex 0.974336 1.111591 0.580866
endloop
endfacet
facet normal -0.223178 -0.417296 0.880940
outer loop
vertex 0.989369 1.124336 0.641573
vertex 0.992677 1.132322 0.646194
vertex 0.989369 1.134091 0.646194
endloop
endfacet
facet normal -0.223089 -0.417314 0.880954
outer loop
vertex 0.989369 1.124336 0.641573
vertex 0.989369 1.134091 0.646194
vertex 0.984567 1.126903 0.641573
endloop
endfacet
facet normal -0.416139 -0.778676 -0.469567
outer loop
vertex 0.984091 1.111591 0.572221
vertex 0.982322 1.107323 0.580866
vertex 0.974336 1.111591 0.580866
endloop
endfacet
facet normal -0.416181 -0.778611 -0.469635
outer loop
vertex 0.984091 1.111591 0.572221
vertex 0.974336 1.111591 0.580866
vertex 0.976903 1.115433 0.572221
endloop
endfacet
facet normal -0.631341 -0.769343 0.097567
outer loop
vertex 0.972221 1.108427 0.600000
vertex 0.972755 1.109226 0.609754
vertex 0.965324 1.115324 0.609754
endloop
endfacet
facet normal -0.631392 -0.769309 0.097509
outer loop
vertex 0.972221 1.108427 0.600000
vertex 0.965324 1.115324 0.609754
vertex 0.964645 1.114645 0.600000
endloop
endfacet
facet normal -0.062477 -0.076161 0.995136
outer loop
vertex 0.994581 1.141890 0.649039
vertex 1.000000 1.150000 0.650000
vertex 0.993103 1.143103 0.649039
endloop
endfacet
facet normal -0.062431 -0.076078 -0.995145
outer loop
vertex 1.000000 1.150000 0.550000
vertex 0.994581 1.141890 0.550960
vertex 0.993103 1.143103 0.550960
endloop
endfacet
facet normal -0.631394 -0.769298 -0.097585
outer loop
vertex 0.972755 1.109226 0.590245
vertex 0.972221 1.108427 0.600000
vertex 0.964645 1.114645 0.600000
endloop
endfacet
facet normal -0.631342 -0.769352 -0.097489
outer loop
vertex 0.972755 1.109226 0.590245
vertex 0.964645 1.114645 0.600000
vertex 0.965324 1.115324 0.590245
endloop
endfacet
facet normal -0.184964 -0.225349 0.956559
outer loop
vertex 0.989369 1.134091 0.646194
vertex 0.994581 1.141890 0.649039
vertex 0.993103 1.143103 0.649039
endloop
endfacet
facet normal -0.184926 -0.225349 0.956567
outer loop
vertex 0.989369 1.134091 0.646194
vertex 0.993103 1.143103 0.649039
vertex 0.986470 1.136470 0.646194
endloop
endfacet
facet normal -0.607308 -0.740045 -0.288981
outer loop
vertex 0.974336 1.111591 0.580866
vertex 0.972755 1.109226 0.590245
vertex 0.965324 1.115324 0.590245
endloop
endfacet
facet normal -0.607324 -0.740002 -0.289058
outer loop
vertex 0.974336 1.111591 0.580866
vertex 0.965324 1.115324 0.590245
vertex 0.967336 1.117336 0.580866
endloop
endfacet
facet normal -0.300182 -0.365826 0.880944
outer loop
vertex 0.984567 1.126903 0.641573
vertex 0.989369 1.134091 0.646194
vertex 0.986470 1.136470 0.646194
endloop
endfacet
facet normal -0.300129 -0.365818 0.880965
outer loop
vertex 0.984567 1.126903 0.641573
vertex 0.986470 1.136470 0.646194
vertex 0.980357 1.130357 0.641573
endloop
endfacet
facet normal -0.560107 -0.682475 -0.469583
outer loop
vertex 0.976903 1.115433 0.572221
vertex 0.974336 1.111591 0.580866
vertex 0.967336 1.117336 0.580866
endloop
endfacet
facet normal -0.560077 -0.682506 -0.469573
outer loop
vertex 0.976903 1.115433 0.572221
vertex 0.967336 1.117336 0.580866
vertex 0.970603 1.120603 0.572221
endloop
endfacet
facet normal -0.403474 -0.491802 0.771582
outer loop
vertex 0.980357 1.120603 0.635356
vertex 0.984567 1.126903 0.641573
vertex 0.980357 1.130357 0.641573
endloop
endfacet
facet normal -0.403640 -0.491753 0.771527
outer loop
vertex 0.980357 1.120603 0.635356
vertex 0.980357 1.130357 0.641573
vertex 0.975000 1.125000 0.635356
endloop
endfacet
facet normal -0.491315 -0.598711 -0.632578
outer loop
vertex 0.980357 1.120603 0.564645
vertex 0.976903 1.115433 0.572221
vertex 0.970603 1.120603 0.572221
endloop
endfacet
facet normal -0.491359 -0.598625 -0.632625
outer loop
vertex 0.980357 1.120603 0.564645
vertex 0.970603 1.120603 0.572221
vertex 0.975000 1.125000 0.564645
endloop
endfacet
facet normal -0.491439 -0.598715 0.632478
outer loop
vertex 0.976903 1.115433 0.627778
vertex 0.980357 1.120603 0.635356
vertex 0.975000 1.125000 0.635356
endloop
endfacet
facet normal -0.491334 -0.598749 0.632527
outer loop
vertex 0.976903 1.115433 0.627778
vertex 0.975000 1.125000 0.635356
vertex 0.970603 1.120603 0.627778
endloop
endfacet
facet normal -0.403631 -0.491758 -0.771528
outer loop
vertex 0.984567 1.126903 0.558427
vertex 0.980357 1.120603 0.564645
vertex 0.975000 1.125000 0.564645
endloop
endfacet
facet normal -0.403561 -0.491903 -0.771473
outer loop
vertex 0.984567 1.126903 0.558427
vertex 0.975000 1.125000 0.564645
vertex 0.980357 1.130357 0.558427
endloop
endfacet
facet normal -0.560057 -0.682479 0.469637
outer loop
vertex 0.974336 1.111591 0.619134
vertex 0.976903 1.115433 0.627778
vertex 0.970603 1.120603 0.627778
endloop
endfacet
facet normal -0.560097 -0.682469 0.469604
outer loop
vertex 0.974336 1.111591 0.619134
vertex 0.970603 1.120603 0.627778
vertex 0.967336 1.117336 0.619134
endloop
endfacet
facet normal -0.300146 -0.365829 -0.880955
outer loop
vertex 0.989369 1.134091 0.553806
vertex 0.984567 1.126903 0.558427
vertex 0.980357 1.130357 0.558427
endloop
endfacet
facet normal -0.300159 -0.365806 -0.880960
outer loop
vertex 0.989369 1.134091 0.553806
vertex 0.980357 1.130357 0.558427
vertex 0.986470 1.136470 0.553806
endloop
endfacet
facet normal -0.607349 -0.740018 0.288966
outer loop
vertex 0.972755 1.109226 0.609754
vertex 0.974336 1.111591 0.619134
vertex 0.967336 1.117336 0.619134
endloop
endfacet
facet normal -0.607291 -0.740051 0.289004
outer loop
vertex 0.972755 1.109226 0.609754
vertex 0.967336 1.117336 0.619134
vertex 0.965324 1.115324 0.609754
endloop
endfacet
facet normal -0.184980 -0.225434 -0.956536
outer loop
vertex 0.994581 1.141890 0.550960
vertex 0.989369 1.134091 0.553806
vertex 0.986470 1.136470 0.553806
endloop
endfacet
facet normal -0.185009 -0.225409 -0.956537
outer loop
vertex 0.994581 1.141890 0.550960
vertex 0.986470 1.136470 0.553806
vertex 0.993103 1.143103 0.550960
endloop
endfacet
facet normal -0.598693 -0.491295 -0.632611
outer loop
vertex 0.975000 1.125000 0.564645
vertex 0.970603 1.120603 0.572221
vertex 0.965433 1.126903 0.572221
endloop
endfacet
facet normal -0.598671 -0.491387 -0.632560
outer loop
vertex 0.975000 1.125000 0.564645
vertex 0.965433 1.126903 0.572221
vertex 0.970603 1.130357 0.564645
endloop
endfacet
facet normal -0.598706 -0.491401 0.632515
outer loop
vertex 0.970603 1.120603 0.627778
vertex 0.975000 1.125000 0.635356
vertex 0.970603 1.130357 0.635356
endloop
endfacet
facet normal -0.598783 -0.491373 0.632464
outer loop
vertex 0.970603 1.120603 0.627778
vertex 0.970603 1.130357 0.635356
vertex 0.965433 1.126903 0.627778
endloop
endfacet
facet normal -0.491803 -0.403670 -0.771479
outer loop
vertex 0.980357 1.130357 0.558427
vertex 0.975000 1.125000 0.564645
vertex 0.970603 1.130357 0.564645
endloop
endfacet
facet normal -0.491843 -0.403519 -0.771533
outer loop
vertex 0.980357 1.130357 0.558427
vertex 0.970603 1.130357 0.564645
vertex 0.976903 1.134567 0.558427
endloop
endfacet
facet normal -0.682491 -0.560055 0.469622
outer loop
vertex 0.967336 1.117336 0.619134
vertex 0.970603 1.120603 0.627778
vertex 0.965433 1.126903 0.627778
endloop
endfacet
facet normal -0.682438 -0.560093 0.469654
outer loop
vertex 0.967336 1.117336 0.619134
vertex 0.965433 1.126903 0.627778
vertex 0.961591 1.124336 0.619134
endloop
endfacet
facet normal -0.365818 -0.300129 -0.880965
outer loop
vertex 0.986470 1.136470 0.553806
vertex 0.980357 1.130357 0.558427
vertex 0.976903 1.134567 0.558427
endloop
endfacet
facet normal -0.365818 -0.300192 -0.880944
outer loop
vertex 0.986470 1.136470 0.553806
vertex 0.976903 1.134567 0.558427
vertex 0.984091 1.139369 0.553806
endloop
endfacet
facet normal -0.740011 -0.607338 0.289006
outer loop
vertex 0.965324 1.115324 0.609754
vertex 0.967336 1.117336 0.619134
vertex 0.961591 1.124336 0.619134
endloop
endfacet
facet normal -0.740063 -0.607299 0.288955
outer loop
vertex 0.965324 1.115324 0.609754
vertex 0.961591 1.124336 0.619134
vertex 0.959226 1.122755 0.609754
endloop
endfacet
facet normal -0.225417 -0.184973 -0.956542
outer loop
vertex 0.993103 1.143103 0.550960
vertex 0.986470 1.136470 0.553806
vertex 0.984091 1.139369 0.553806
endloop
endfacet
facet normal -0.225453 -0.185044 -0.956520
outer loop
vertex 0.993103 1.143103 0.550960
vertex 0.984091 1.139369 0.553806
vertex 0.991890 1.144581 0.550960
endloop
endfacet
facet normal -0.769356 -0.631337 0.097499
outer loop
vertex 0.964645 1.114645 0.600000
vertex 0.965324 1.115324 0.609754
vertex 0.959226 1.122755 0.609754
endloop
endfacet
facet normal -0.769294 -0.631397 0.097595
outer loop
vertex 0.964645 1.114645 0.600000
vertex 0.959226 1.122755 0.609754
vertex 0.958427 1.122221 0.600000
endloop
endfacet
facet normal -0.076203 -0.062508 0.995131
outer loop
vertex 0.993103 1.143103 0.649039
vertex 1.000000 1.150000 0.650000
vertex 0.991890 1.144581 0.649039
endloop
endfacet
facet normal -0.076073 -0.062446 -0.995145
outer loop
vertex 1.000000 1.150000 0.550000
vertex 0.993103 1.143103 0.550960
vertex 0.991890 1.144581 0.550960
endloop
endfacet
facet normal -0.769300 -0.631405 -0.097498
outer loop
vertex 0.965324 1.115324 0.590245
vertex 0.964645 1.114645 0.600000
vertex 0.958427 1.122221 0.600000
endloop
endfacet
facet normal -0.769353 -0.631328 -0.097576
outer loop
vertex 0.965324 1.115324 0.590245
vertex 0.958427 1.122221 0.600000
vertex 0.959226 1.122755 0.590245
endloop
endfacet
facet normal -0.225317 -0.184950 0.956570
outer loop
vertex 0.986470 1.136470 0.646194
vertex 0.993103 1.143103 0.649039
vertex 0.991890 1.144581 0.649039
endloop
endfacet
facet normal -0.225361 -0.184938 0.956562
outer loop
vertex 0.986470 1.136470 0.646194
vertex 0.991890 1.144581 0.649039
vertex 0.984091 1.139369 0.646194
endloop
endfacet
facet normal -0.740046 -0.607285 -0.289027
outer loop
vertex 0.967336 1.117336 0.580866
vertex 0.965324 1.115324 0.590245
vertex 0.959226 1.122755 0.590245
endloop
endfacet
facet normal -0.740015 -0.607343 -0.288985
outer loop
vertex 0.967336 1.117336 0.580866
vertex 0.959226 1.122755 0.590245
vertex 0.961591 1.124336 0.580866
endloop
endfacet
facet normal -0.365786 -0.300177 0.880962
outer loop
vertex 0.980357 1.130357 0.641573
vertex 0.986470 1.136470 0.646194
vertex 0.984091 1.139369 0.646194
endloop
endfacet
facet normal -0.365843 -0.300142 0.880951
outer loop
vertex 0.980357 1.130357 0.641573
vertex 0.984091 1.139369 0.646194
vertex 0.976903 1.134567 0.641573
endloop
endfacet
facet normal -0.682481 -0.560105 -0.469576
outer loop
vertex 0.970603 1.120603 0.572221
vertex 0.967336 1.117336 0.580866
vertex 0.961591 1.124336 0.580866
endloop
endfacet
facet normal -0.682473 -0.560071 -0.469628
outer loop
vertex 0.970603 1.120603 0.572221
vertex 0.961591 1.124336 0.580866
vertex 0.965433 1.126903 0.572221
endloop
endfacet
facet normal -0.491857 -0.403535 0.771516
outer loop
vertex 0.975000 1.125000 0.635356
vertex 0.980357 1.130357 0.641573
vertex 0.976903 1.134567 0.641573
endloop
endfacet
facet normal -0.491710 -0.403601 0.771575
outer loop
vertex 0.975000 1.125000 0.635356
vertex 0.976903 1.134567 0.641573
vertex 0.970603 1.130357 0.635356
endloop
endfacet
facet normal -0.086881 -0.046474 0.995134
outer loop
vertex 0.991890 1.144581 0.649039
vertex 1.000000 1.150000 0.650000
vertex 0.990988 1.146267 0.649039
endloop
endfacet
facet normal -0.086768 -0.046418 -0.995147
outer loop
vertex 1.000000 1.150000 0.550000
vertex 0.991890 1.144581 0.550960
vertex 0.990988 1.146267 0.550960
endloop
endfacet
facet normal -0.877707 -0.469158 -0.097579
outer loop
vertex 0.959226 1.122755 0.590245
vertex 0.958427 1.122221 0.600000
vertex 0.953806 1.130866 0.600000
endloop
endfacet
facet normal -0.877674 -0.469232 -0.097516
outer loop
vertex 0.959226 1.122755 0.590245
vertex 0.953806 1.130866 0.600000
vertex 0.954693 1.131234 0.590245
endloop
endfacet
facet normal -0.257060 -0.137488 0.956565
outer loop
vertex 0.984091 1.139369 0.646194
vertex 0.991890 1.144581 0.649039
vertex 0.990988 1.146267 0.649039
endloop
endfacet
facet normal -0.257052 -0.137474 0.956569
outer loop
vertex 0.984091 1.139369 0.646194
vertex 0.990988 1.146267 0.649039
vertex 0.982322 1.142677 0.646194
endloop
endfacet
facet normal -0.844265 -0.451354 -0.288956
outer loop
vertex 0.961591 1.124336 0.580866
vertex 0.959226 1.122755 0.590245
vertex 0.954693 1.131234 0.590245
endloop
endfacet
facet normal -0.844285 -0.451225 -0.289099
outer loop
vertex 0.961591 1.124336 0.580866
vertex 0.954693 1.131234 0.590245
vertex 0.957323 1.132322 0.580866
endloop
endfacet
facet normal -0.417276 -0.223135 0.880961
outer loop
vertex 0.976903 1.134567 0.641573
vertex 0.984091 1.139369 0.646194
vertex 0.982322 1.142677 0.646194
endloop
endfacet
facet normal -0.417353 -0.223106 0.880931
outer loop
vertex 0.976903 1.134567 0.641573
vertex 0.982322 1.142677 0.646194
vertex 0.974336 1.139369 0.641573
endloop
endfacet
facet normal -0.778658 -0.416146 -0.469590
outer loop
vertex 0.965433 1.126903 0.572221
vertex 0.961591 1.124336 0.580866
vertex 0.957323 1.132322 0.580866
endloop
endfacet
facet normal -0.778641 -0.416171 -0.469596
outer loop
vertex 0.965433 1.126903 0.572221
vertex 0.957323 1.132322 0.580866
vertex 0.961591 1.134091 0.572221
endloop
endfacet
facet normal -0.561003 -0.299884 0.771586
outer loop
vertex 0.970603 1.130357 0.635356
vertex 0.976903 1.134567 0.641573
vertex 0.974336 1.139369 0.641573
endloop
endfacet
facet normal -0.561079 -0.299851 0.771544
outer loop
vertex 0.970603 1.130357 0.635356
vertex 0.974336 1.139369 0.641573
vertex 0.967336 1.136470 0.635356
endloop
endfacet
facet normal -0.683038 -0.365098 -0.632585
outer loop
vertex 0.970603 1.130357 0.564645
vertex 0.965433 1.126903 0.572221
vertex 0.961591 1.134091 0.572221
endloop
endfacet
facet normal -0.683057 -0.365052 -0.632590
outer loop
vertex 0.970603 1.130357 0.564645
vertex 0.961591 1.134091 0.572221
vertex 0.967336 1.136470 0.564645
endloop
endfacet
facet normal -0.683133 -0.365100 0.632480
outer loop
vertex 0.965433 1.126903 0.627778
vertex 0.970603 1.130357 0.635356
vertex 0.967336 1.136470 0.635356
endloop
endfacet
facet normal -0.683104 -0.365127 0.632496
outer loop
vertex 0.965433 1.126903 0.627778
vertex 0.967336 1.136470 0.635356
vertex 0.961591 1.134091 0.627778
endloop
endfacet
facet normal -0.561085 -0.299865 -0.771534
outer loop
vertex 0.976903 1.134567 0.558427
vertex 0.970603 1.130357 0.564645
vertex 0.967336 1.136470 0.564645
endloop
endfacet
facet normal -0.561114 -0.299947 -0.771481
outer loop
vertex 0.976903 1.134567 0.558427
vertex 0.967336 1.136470 0.564645
vertex 0.974336 1.139369 0.558427
endloop
endfacet
facet normal -0.778611 -0.416171 0.469645
outer loop
vertex 0.961591 1.124336 0.619134
vertex 0.965433 1.126903 0.627778
vertex 0.961591 1.134091 0.627778
endloop
endfacet
facet normal -0.778648 -0.416129 0.469621
outer loop
vertex 0.961591 1.124336 0.619134
vertex 0.961591 1.134091 0.627778
vertex 0.957323 1.132322 0.619134
endloop
endfacet
facet normal -0.417318 -0.223087 -0.880953
outer loop
vertex 0.984091 1.139369 0.553806
vertex 0.976903 1.134567 0.558427
vertex 0.974336 1.139369 0.558427
endloop
endfacet
facet normal -0.417318 -0.223158 -0.880935
outer loop
vertex 0.984091 1.139369 0.553806
vertex 0.974336 1.139369 0.558427
vertex 0.982322 1.142677 0.553806
endloop
endfacet
facet normal -0.844327 -0.451241 0.288952
outer loop
vertex 0.959226 1.122755 0.609754
vertex 0.961591 1.124336 0.619134
vertex 0.957323 1.132322 0.619134
endloop
endfacet
facet normal -0.844246 -0.451333 0.289046
outer loop
vertex 0.959226 1.122755 0.609754
vertex 0.957323 1.132322 0.619134
vertex 0.954693 1.131234 0.609754
endloop
endfacet
facet normal -0.257136 -0.137519 -0.956541
outer loop
vertex 0.991890 1.144581 0.550960
vertex 0.984091 1.139369 0.553806
vertex 0.982322 1.142677 0.553806
endloop
endfacet
facet normal -0.257125 -0.137533 -0.956541
outer loop
vertex 0.991890 1.144581 0.550960
vertex 0.982322 1.142677 0.553806
vertex 0.990988 1.146267 0.550960
endloop
endfacet
facet normal -0.877671 -0.469222 0.097588
outer loop
vertex 0.958427 1.122221 0.600000
vertex 0.959226 1.122755 0.609754
vertex 0.954693 1.131234 0.609754
endloop
endfacet
facet normal -0.877707 -0.469168 0.097528
outer loop
vertex 0.958427 1.122221 0.600000
vertex 0.954693 1.131234 0.609754
vertex 0.953806 1.130866 0.600000
endloop
endfacet
facet normal -0.741206 -0.224826 0.632508
outer loop
vertex 0.961591 1.134091 0.627778
vertex 0.967336 1.136470 0.635356
vertex 0.965324 1.143103 0.635356
endloop
endfacet
facet normal -0.741250 -0.224776 0.632475
outer loop
vertex 0.961591 1.134091 0.627778
vertex 0.965324 1.143103 0.635356
vertex 0.959226 1.141890 0.627778
endloop
endfacet
facet normal -0.608813 -0.184670 -0.771521
outer loop
vertex 0.974336 1.139369 0.558427
vertex 0.967336 1.136470 0.564645
vertex 0.965324 1.143103 0.564645
endloop
endfacet
facet normal -0.608836 -0.184694 -0.771496
outer loop
vertex 0.974336 1.139369 0.558427
vertex 0.965324 1.143103 0.564645
vertex 0.972755 1.144581 0.558427
endloop
endfacet
facet normal -0.844887 -0.256220 0.469592
outer loop
vertex 0.957323 1.132322 0.619134
vertex 0.961591 1.134091 0.627778
vertex 0.959226 1.141890 0.627778
endloop
endfacet
facet normal -0.844755 -0.256368 0.469749
outer loop
vertex 0.957323 1.132322 0.619134
vertex 0.959226 1.141890 0.627778
vertex 0.954693 1.140988 0.619134
endloop
endfacet
facet normal -0.452838 -0.137372 -0.880946
outer loop
vertex 0.982322 1.142677 0.553806
vertex 0.974336 1.139369 0.558427
vertex 0.972755 1.144581 0.558427
endloop
endfacet
facet normal -0.452844 -0.137227 -0.880966
outer loop
vertex 0.982322 1.142677 0.553806
vertex 0.972755 1.144581 0.558427
vertex 0.981234 1.146267 0.553806
endloop
endfacet
facet normal -0.916047 -0.278002 0.289090
outer loop
vertex 0.954693 1.131234 0.609754
vertex 0.957323 1.132322 0.619134
vertex 0.954693 1.140988 0.619134
endloop
endfacet
facet normal -0.916132 -0.277878 0.288938
outer loop
vertex 0.954693 1.131234 0.609754
vertex 0.954693 1.140988 0.619134
vertex 0.951903 1.140433 0.609754
endloop
endfacet
facet normal -0.279098 -0.084574 -0.956531
outer loop
vertex 0.990988 1.146267 0.550960
vertex 0.982322 1.142677 0.553806
vertex 0.981234 1.146267 0.553806
endloop
endfacet
facet normal -0.279121 -0.084676 -0.956515
outer loop
vertex 0.990988 1.146267 0.550960
vertex 0.981234 1.146267 0.553806
vertex 0.990433 1.148097 0.550960
endloop
endfacet
facet normal -0.952393 -0.288856 0.097516
outer loop
vertex 0.953806 1.130866 0.600000
vertex 0.954693 1.131234 0.609754
vertex 0.951903 1.140433 0.609754
endloop
endfacet
facet normal -0.952344 -0.288977 0.097636
outer loop
vertex 0.953806 1.130866 0.600000
vertex 0.951903 1.140433 0.609754
vertex 0.950960 1.140245 0.600000
endloop
endfacet
facet normal -0.094252 -0.028593 0.995138
outer loop
vertex 0.990988 1.146267 0.649039
vertex 1.000000 1.150000 0.650000
vertex 0.990433 1.148097 0.649039
endloop
endfacet
facet normal -0.094176 -0.028561 -0.995146
outer loop
vertex 1.000000 1.150000 0.550000
vertex 0.990988 1.146267 0.550960
vertex 0.990433 1.148097 0.550960
endloop
endfacet
facet normal -0.952354 -0.288989 -0.097501
outer loop
vertex 0.954693 1.131234 0.590245
vertex 0.953806 1.130866 0.600000
vertex 0.950960 1.140245 0.600000
endloop
endfacet
facet normal -0.952386 -0.288843 -0.097629
outer loop
vertex 0.954693 1.131234 0.590245
vertex 0.950960 1.140245 0.600000
vertex 0.951903 1.140433 0.590245
endloop
endfacet
facet normal -0.279022 -0.084622 0.956549
outer loop
vertex 0.982322 1.142677 0.646194
vertex 0.990988 1.146267 0.649039
vertex 0.990433 1.148097 0.649039
endloop
endfacet
facet normal -0.279019 -0.084555 0.956556
outer loop
vertex 0.982322 1.142677 0.646194
vertex 0.990433 1.148097 0.649039
vertex 0.981234 1.146267 0.646194
endloop
endfacet
facet normal -0.916086 -0.277855 -0.289108
outer loop
vertex 0.957323 1.132322 0.580866
vertex 0.954693 1.131234 0.590245
vertex 0.951903 1.140433 0.590245
endloop
endfacet
facet normal -0.916081 -0.278017 -0.288966
outer loop
vertex 0.957323 1.132322 0.580866
vertex 0.951903 1.140433 0.590245
vertex 0.954693 1.140988 0.580866
endloop
endfacet
facet normal -0.452878 -0.137264 0.880943
outer loop
vertex 0.974336 1.139369 0.641573
vertex 0.982322 1.142677 0.646194
vertex 0.981234 1.146267 0.646194
endloop
endfacet
facet normal -0.452820 -0.137348 0.880960
outer loop
vertex 0.974336 1.139369 0.641573
vertex 0.981234 1.146267 0.646194
vertex 0.972755 1.144581 0.641573
endloop
endfacet
facet normal -0.844851 -0.256387 -0.469566
outer loop
vertex 0.961591 1.134091 0.572221
vertex 0.957323 1.132322 0.580866
vertex 0.954693 1.140988 0.580866
endloop
endfacet
facet normal -0.844825 -0.256202 -0.469715
outer loop
vertex 0.961591 1.134091 0.572221
vertex 0.954693 1.140988 0.580866
vertex 0.959226 1.141890 0.572221
endloop
endfacet
facet normal -0.608753 -0.184680 0.771566
outer loop
vertex 0.967336 1.136470 0.635356
vertex 0.974336 1.139369 0.641573
vertex 0.972755 1.144581 0.641573
endloop
endfacet
facet normal -0.608784 -0.184664 0.771544
outer loop
vertex 0.967336 1.136470 0.635356
vertex 0.972755 1.144581 0.641573
vertex 0.965324 1.143103 0.635356
endloop
endfacet
facet normal -0.741160 -0.224736 -0.632595
outer loop
vertex 0.967336 1.136470 0.564645
vertex 0.961591 1.134091 0.572221
vertex 0.959226 1.141890 0.572221
endloop
endfacet
facet normal -0.741147 -0.224812 -0.632583
outer loop
vertex 0.967336 1.136470 0.564645
vertex 0.959226 1.141890 0.572221
vertex 0.965324 1.143103 0.564645
endloop
endfacet
facet normal -0.990439 -0.097475 -0.097621
outer loop
vertex 0.951903 1.140433 0.590245
vertex 0.950960 1.140245 0.600000
vertex 0.950000 1.150000 0.600000
endloop
endfacet
facet normal -0.990437 -0.097533 -0.097576
outer loop
vertex 0.951903 1.140433 0.590245
vertex 0.950000 1.150000 0.600000
vertex 0.950961 1.150000 0.590245
endloop
endfacet
facet normal -0.290124 -0.028672 0.956559
outer loop
vertex 0.981234 1.146267 0.646194
vertex 0.990433 1.148097 0.649039
vertex 0.990245 1.150000 0.649039
endloop
endfacet
facet normal -0.290142 -0.028599 0.956556
outer loop
vertex 0.981234 1.146267 0.646194
vertex 0.990245 1.150000 0.649039
vertex 0.980866 1.150000 0.646194
endloop
endfacet
facet normal -0.952733 -0.093804 -0.288964
outer loop
vertex 0.954693 1.140988 0.580866
vertex 0.951903 1.140433 0.590245
vertex 0.950961 1.150000 0.590245
endloop
endfacet
facet normal -0.952727 -0.093764 -0.288998
outer loop
vertex 0.954693 1.140988 0.580866
vertex 0.950961 1.150000 0.590245
vertex 0.953806 1.150000 0.580866
endloop
endfacet
facet normal -0.470884 -0.046424 0.880973
outer loop
vertex 0.972755 1.144581 0.641573
vertex 0.981234 1.146267 0.646194
vertex 0.980866 1.150000 0.646194
endloop
endfacet
facet normal -0.470910 -0.046393 0.880961
outer loop
vertex 0.972755 1.144581 0.641573
vertex 0.980866 1.150000 0.646194
vertex 0.972221 1.150000 0.641573
endloop
endfacet
facet normal -0.878574 -0.086477 -0.469713
outer loop
vertex 0.959226 1.141890 0.572221
vertex 0.954693 1.140988 0.580866
vertex 0.953806 1.150000 0.580866
endloop
endfacet
facet normal -0.878612 -0.086554 -0.469628
outer loop
vertex 0.959226 1.141890 0.572221
vertex 0.953806 1.150000 0.580866
vertex 0.958427 1.150000 0.572221
endloop
endfacet
facet normal -0.633094 -0.062375 0.771558
outer loop
vertex 0.965324 1.143103 0.635356
vertex 0.972755 1.144581 0.641573
vertex 0.972221 1.150000 0.641573
endloop
endfacet
facet normal -0.633140 -0.062336 0.771523
outer loop
vertex 0.965324 1.143103 0.635356
vertex 0.972221 1.150000 0.641573
vertex 0.964645 1.150000 0.635356
endloop
endfacet
facet normal -0.770785 -0.075943 -0.632553
outer loop
vertex 0.965324 1.143103 0.564645
vertex 0.959226 1.141890 0.572221
vertex 0.958427 1.150000 0.572221
endloop
endfacet
facet normal -0.770751 -0.075874 -0.632603
outer loop
vertex 0.965324 1.143103 0.564645
vertex 0.958427 1.150000 0.572221
vertex 0.964645 1.150000 0.564645
endloop
endfacet
facet normal -0.770871 -0.075892 0.632454
outer loop
vertex 0.959226 1.141890 0.627778
vertex 0.965324 1.143103 0.635356
vertex 0.964645 1.150000 0.635356
endloop
endfacet
facet normal -0.770830 -0.075929 0.632499
outer loop
vertex 0.959226 1.141890 0.627778
vertex 0.964645 1.150000 0.635356
vertex 0.958427 1.150000 0.627778
endloop
endfacet
facet normal -0.633161 -0.062330 -0.771507
outer loop
vertex 0.972755 1.144581 0.558427
vertex 0.965324 1.143103 0.564645
vertex 0.964645 1.150000 0.564645
endloop
endfacet
facet normal -0.633186 -0.062409 -0.771479
outer loop
vertex 0.972755 1.144581 0.558427
vertex 0.964645 1.150000 0.564645
vertex 0.972221 1.150000 0.558427
endloop
endfacet
facet normal -0.878545 -0.086557 0.469751
outer loop
vertex 0.954693 1.140988 0.619134
vertex 0.959226 1.141890 0.627778
vertex 0.958427 1.150000 0.627778
endloop
endfacet
facet normal -0.878590 -0.086468 0.469683
outer loop
vertex 0.954693 1.140988 0.619134
vertex 0.958427 1.150000 0.627778
vertex 0.953806 1.150000 0.619134
endloop
endfacet
facet normal -0.470885 -0.046409 -0.880973
outer loop
vertex 0.981234 1.146267 0.553806
vertex 0.972755 1.144581 0.558427
vertex 0.972221 1.150000 0.558427
endloop
endfacet
facet normal -0.470913 -0.046400 -0.880959
outer loop
vertex 0.981234 1.146267 0.553806
vertex 0.972221 1.150000 0.558427
vertex 0.980866 1.150000 0.553806
endloop
endfacet
facet normal -0.952746 -0.093757 0.288938
outer loop
vertex 0.951903 1.140433 0.609754
vertex 0.954693 1.140988 0.619134
vertex 0.953806 1.150000 0.619134
endloop
endfacet
facet normal -0.952732 -0.093814 0.288966
outer loop
vertex 0.951903 1.140433 0.609754
vertex 0.953806 1.150000 0.619134
vertex 0.950961 1.150000 0.609754
endloop
endfacet
facet normal -0.290217 -0.028621 -0.956533
outer loop
vertex 0.990433 1.148097 0.550960
vertex 0.981234 1.146267 0.553806
vertex 0.980866 1.150000 0.553806
endloop
endfacet
facet normal -0.290269 -0.028653 -0.956516
outer loop
vertex 0.990433 1.148097 0.550960
vertex 0.980866 1.150000 0.553806
vertex 0.990245 1.150000 0.550960
endloop
endfacet
facet normal -0.990433 -0.097522 0.097636
outer loop
vertex 0.950960 1.140245 0.600000
vertex 0.951903 1.140433 0.609754
vertex 0.950961 1.150000 0.609754
endloop
endfacet
facet normal -0.990441 -0.097487 0.097582
outer loop
vertex 0.950960 1.140245 0.600000
vertex 0.950961 1.150000 0.609754
vertex 0.950000 1.150000 0.600000
endloop
endfacet
facet normal -0.098043 -0.009680 0.995135
outer loop
vertex 0.990433 1.148097 0.649039
vertex 1.000000 1.150000 0.650000
vertex 0.990245 1.150000 0.649039
endloop
endfacet
facet normal -0.097935 -0.009680 -0.995146
outer loop
vertex 1.000000 1.150000 0.550000
vertex 0.990433 1.148097 0.550960
vertex 0.990245 1.150000 0.550960
endloop
endfacet
facet normal -0.633183 0.062336 -0.771488
outer loop
vertex 0.972221 1.150000 0.558427
vertex 0.964645 1.150000 0.564645
vertex 0.965324 1.156898 0.564645
endloop
endfacet
facet normal -0.633150 0.062388 -0.771511
outer loop
vertex 0.972221 1.150000 0.558427
vertex 0.965324 1.156898 0.564645
vertex 0.972755 1.155419 0.558427
endloop
endfacet
facet normal -0.878585 0.086558 0.469677
outer loop
vertex 0.953806 1.150000 0.619134
vertex 0.958427 1.150000 0.627778
vertex 0.959226 1.158110 0.627778
endloop
endfacet
facet normal -0.878554 0.086465 0.469751
outer loop
vertex 0.953806 1.150000 0.619134
vertex 0.959226 1.158110 0.627778
vertex 0.954693 1.159012 0.619134
endloop
endfacet
facet normal -0.470904 0.046393 -0.880964
outer loop
vertex 0.980866 1.150000 0.553806
vertex 0.972221 1.150000 0.558427
vertex 0.972755 1.155419 0.558427
endloop
endfacet
facet normal -0.470882 0.046421 -0.880974
outer loop
vertex 0.980866 1.150000 0.553806
vertex 0.972755 1.155419 0.558427
vertex 0.981234 1.153733 0.553806
endloop
endfacet
facet normal -0.952735 0.093756 0.288974
outer loop
vertex 0.950961 1.150000 0.609754
vertex 0.953806 1.150000 0.619134
vertex 0.954693 1.159012 0.619134
endloop
endfacet
facet normal -0.952743 0.093815 0.288930
outer loop
vertex 0.950961 1.150000 0.609754
vertex 0.954693 1.159012 0.619134
vertex 0.951903 1.159567 0.609754
endloop
endfacet
facet normal -0.290274 0.028613 -0.956516
outer loop
vertex 0.990245 1.150000 0.550960
vertex 0.980866 1.150000 0.553806
vertex 0.981234 1.153733 0.553806
endloop
endfacet
facet normal -0.290197 0.028669 -0.956537
outer loop
vertex 0.990245 1.150000 0.550960
vertex 0.981234 1.153733 0.553806
vertex 0.990433 1.151903 0.550960
endloop
endfacet
facet normal -0.990438 0.097523 0.097584
outer loop
vertex 0.950000 1.150000 0.600000
vertex 0.950961 1.150000 0.609754
vertex 0.951903 1.159567 0.609754
endloop
endfacet
facet normal -0.990437 0.097595 0.097520
outer loop
vertex 0.950000 1.150000 0.600000
vertex 0.951903 1.159567 0.609754
vertex 0.950961 1.159754 0.600000
endloop
endfacet
facet normal -0.098056 0.009679 0.995134
outer loop
vertex 0.990245 1.150000 0.649039
vertex 1.000000 1.150000 0.650000
vertex 0.990433 1.151903 0.649039
endloop
endfacet
facet normal -0.097927 0.009679 -0.995147
outer loop
vertex 1.000000 1.150000 0.550000
vertex 0.990245 1.150000 0.550960
vertex 0.990433 1.151903 0.550960
endloop
endfacet
facet normal -0.990433 0.097582 -0.097570
outer loop
vertex 0.950961 1.150000 0.590245
vertex 0.950000 1.150000 0.600000
vertex 0.950961 1.159754 0.600000
endloop
endfacet
facet normal -0.990444 0.097534 -0.097512
outer loop
vertex 0.950961 1.150000 0.590245
vertex 0.950961 1.159754 0.600000
vertex 0.951903 1.159567 0.590245
endloop
endfacet
facet normal -0.290186 0.028652 0.956541
outer loop
vertex 0.980866 1.150000 0.646194
vertex 0.990245 1.150000 0.649039
vertex 0.990433 1.151903 0.649039
endloop
endfacet
facet normal -0.290134 0.028611 0.956558
outer loop
vertex 0.980866 1.150000 0.646194
vertex 0.990433 1.151903 0.649039
vertex 0.981234 1.153733 0.646194
endloop
endfacet
facet normal -0.952724 0.093803 -0.288996
outer loop
vertex 0.953806 1.150000 0.580866
vertex 0.950961 1.150000 0.590245
vertex 0.951903 1.159567 0.590245
endloop
endfacet
facet normal -0.952739 0.093765 -0.288958
outer loop
vertex 0.953806 1.150000 0.580866
vertex 0.951903 1.159567 0.590245
vertex 0.954693 1.159012 0.580866
endloop
endfacet
facet normal -0.470920 0.046399 0.880955
outer loop
vertex 0.972221 1.150000 0.641573
vertex 0.980866 1.150000 0.646194
vertex 0.981234 1.153733 0.646194
endloop
endfacet
facet normal -0.470877 0.046408 0.880977
outer loop
vertex 0.972221 1.150000 0.641573
vertex 0.981234 1.153733 0.646194
vertex 0.972755 1.155419 0.641573
endloop
endfacet
facet normal -0.878609 0.086481 -0.469645
outer loop
vertex 0.958427 1.150000 0.572221
vertex 0.953806 1.150000 0.580866
vertex 0.954693 1.159012 0.580866
endloop
endfacet
facet normal -0.878572 0.086549 -0.469704
outer loop
vertex 0.958427 1.150000 0.572221
vertex 0.954693 1.159012 0.580866
vertex 0.959226 1.158110 0.572221
endloop
endfacet
facet normal -0.633123 0.062395 0.771532
outer loop
vertex 0.964645 1.150000 0.635356
vertex 0.972221 1.150000 0.641573
vertex 0.972755 1.155419 0.641573
endloop
endfacet
facet normal -0.633103 0.062310 0.771555
outer loop
vertex 0.964645 1.150000 0.635356
vertex 0.972755 1.155419 0.641573
vertex 0.965324 1.156898 0.635356
endloop
endfacet
facet normal -0.770751 0.075928 -0.632596
outer loop
vertex 0.964645 1.150000 0.564645
vertex 0.958427 1.150000 0.572221
vertex 0.959226 1.158110 0.572221
endloop
endfacet
facet normal -0.770782 0.075879 -0.632564
outer loop
vertex 0.964645 1.150000 0.564645
vertex 0.959226 1.158110 0.572221
vertex 0.965324 1.156898 0.564645
endloop
endfacet
facet normal -0.770838 0.075864 0.632498
outer loop
vertex 0.958427 1.150000 0.627778
vertex 0.964645 1.150000 0.635356
vertex 0.965324 1.156898 0.635356
endloop
endfacet
facet normal -0.770853 0.075941 0.632471
outer loop
vertex 0.958427 1.150000 0.627778
vertex 0.965324 1.156898 0.635356
vertex 0.959226 1.158110 0.627778
endloop
endfacet
facet normal -0.916128 0.277862 -0.288967
outer loop
vertex 0.954693 1.159012 0.580866
vertex 0.951903 1.159567 0.590245
vertex 0.954693 1.168766 0.590245
endloop
endfacet
facet normal -0.916017 0.278033 -0.289155
outer loop
vertex 0.954693 1.159012 0.580866
vertex 0.954693 1.168766 0.590245
vertex 0.957323 1.167677 0.580866
endloop
endfacet
facet normal -0.452850 0.137273 0.880956
outer loop
vertex 0.972755 1.155419 0.641573
vertex 0.981234 1.153733 0.646194
vertex 0.982322 1.157322 0.646194
endloop
endfacet
facet normal -0.452816 0.137392 0.880955
outer loop
vertex 0.972755 1.155419 0.641573
vertex 0.982322 1.157322 0.646194
vertex 0.974336 1.160630 0.641573
endloop
endfacet
facet normal -0.844774 0.256392 -0.469702
outer loop
vertex 0.959226 1.158110 0.572221
vertex 0.954693 1.159012 0.580866
vertex 0.957323 1.167677 0.580866
endloop
endfacet
facet normal -0.844920 0.256233 -0.469526
outer loop
vertex 0.959226 1.158110 0.572221
vertex 0.957323 1.167677 0.580866
vertex 0.961591 1.165909 0.572221
endloop
endfacet
facet normal -0.608756 0.184695 0.771559
outer loop
vertex 0.965324 1.156898 0.635356
vertex 0.972755 1.155419 0.641573
vertex 0.974336 1.160630 0.641573
endloop
endfacet
facet normal -0.608734 0.184692 0.771577
outer loop
vertex 0.965324 1.156898 0.635356
vertex 0.974336 1.160630 0.641573
vertex 0.967336 1.163530 0.635356
endloop
endfacet
facet normal -0.741204 0.224753 -0.632537
outer loop
vertex 0.965324 1.156898 0.564645
vertex 0.959226 1.158110 0.572221
vertex 0.961591 1.165909 0.572221
endloop
endfacet
facet normal -0.741118 0.224840 -0.632607
outer loop
vertex 0.965324 1.156898 0.564645
vertex 0.961591 1.165909 0.572221
vertex 0.967336 1.163530 0.564645
endloop
endfacet
facet normal -0.741248 0.224890 0.632437
outer loop
vertex 0.959226 1.158110 0.627778
vertex 0.965324 1.156898 0.635356
vertex 0.967336 1.163530 0.635356
endloop
endfacet
facet normal -0.741232 0.224761 0.632501
outer loop
vertex 0.959226 1.158110 0.627778
vertex 0.967336 1.163530 0.635356
vertex 0.961591 1.165909 0.627778
endloop
endfacet
facet normal -0.608809 0.184700 -0.771516
outer loop
vertex 0.972755 1.155419 0.558427
vertex 0.965324 1.156898 0.564645
vertex 0.967336 1.163530 0.564645
endloop
endfacet
facet normal -0.608783 0.184712 -0.771534
outer loop
vertex 0.972755 1.155419 0.558427
vertex 0.967336 1.163530 0.564645
vertex 0.974336 1.160630 0.558427
endloop
endfacet
facet normal -0.844801 0.256197 0.469760
outer loop
vertex 0.954693 1.159012 0.619134
vertex 0.959226 1.158110 0.627778
vertex 0.961591 1.165909 0.627778
endloop
endfacet
facet normal -0.844840 0.256423 0.469567
outer loop
vertex 0.954693 1.159012 0.619134
vertex 0.961591 1.165909 0.627778
vertex 0.957323 1.167677 0.619134
endloop
endfacet
facet normal -0.452817 0.137372 -0.880957
outer loop
vertex 0.981234 1.153733 0.553806
vertex 0.972755 1.155419 0.558427
vertex 0.974336 1.160630 0.558427
endloop
endfacet
facet normal -0.452874 0.137303 -0.880939
outer loop
vertex 0.981234 1.153733 0.553806
vertex 0.974336 1.160630 0.558427
vertex 0.982322 1.157322 0.553806
endloop
endfacet
facet normal -0.916080 0.278047 0.288943
outer loop
vertex 0.951903 1.159567 0.609754
vertex 0.954693 1.159012 0.619134
vertex 0.957323 1.167677 0.619134
endloop
endfacet
facet normal -0.916081 0.277861 0.289118
outer loop
vertex 0.951903 1.159567 0.609754
vertex 0.957323 1.167677 0.619134
vertex 0.954693 1.168766 0.609754
endloop
endfacet
facet normal -0.279086 0.084601 -0.956532
outer loop
vertex 0.990433 1.151903 0.550960
vertex 0.981234 1.153733 0.553806
vertex 0.982322 1.157322 0.553806
endloop
endfacet
facet normal -0.279083 0.084668 -0.956527
outer loop
vertex 0.990433 1.151903 0.550960
vertex 0.982322 1.157322 0.553806
vertex 0.990988 1.153733 0.550960
endloop
endfacet
facet normal -0.952397 0.288848 0.097508
outer loop
vertex 0.950961 1.159754 0.600000
vertex 0.951903 1.159567 0.609754
vertex 0.954693 1.168766 0.609754
endloop
endfacet
facet normal -0.952393 0.288858 0.097515
outer loop
vertex 0.950961 1.159754 0.600000
vertex 0.954693 1.168766 0.609754
vertex 0.953806 1.169134 0.600000
endloop
endfacet
facet normal -0.094286 0.028595 0.995134
outer loop
vertex 0.990433 1.151903 0.649039
vertex 1.000000 1.150000 0.650000
vertex 0.990988 1.153733 0.649039
endloop
endfacet
facet normal -0.094191 0.028566 -0.995144
outer loop
vertex 1.000000 1.150000 0.550000
vertex 0.990433 1.151903 0.550960
vertex 0.990988 1.153733 0.550960
endloop
endfacet
facet normal -0.952392 0.288865 -0.097502
outer loop
vertex 0.951903 1.159567 0.590245
vertex 0.950961 1.159754 0.600000
vertex 0.953806 1.169134 0.600000
endloop
endfacet
facet normal -0.952399 0.288843 -0.097503
outer loop
vertex 0.951903 1.159567 0.590245
vertex 0.953806 1.169134 0.600000
vertex 0.954693 1.168766 0.590245
endloop
endfacet
facet normal -0.279005 0.084617 0.956554
outer loop
vertex 0.981234 1.153733 0.646194
vertex 0.990433 1.151903 0.649039
vertex 0.990988 1.153733 0.649039
endloop
endfacet
facet normal -0.278993 0.084578 0.956561
outer loop
vertex 0.981234 1.153733 0.646194
vertex 0.990988 1.153733 0.649039
vertex 0.982322 1.157322 0.646194
endloop
endfacet
facet normal -0.417358 0.223061 -0.880940
outer loop
vertex 0.982322 1.157322 0.553806
vertex 0.974336 1.160630 0.558427
vertex 0.976903 1.165433 0.558427
endloop
endfacet
facet normal -0.417262 0.223128 -0.880969
outer loop
vertex 0.982322 1.157322 0.553806
vertex 0.976903 1.165433 0.558427
vertex 0.984091 1.160630 0.553806
endloop
endfacet
facet normal -0.844312 0.451171 0.289106
outer loop
vertex 0.954693 1.168766 0.609754
vertex 0.957323 1.167677 0.619134
vertex 0.961591 1.175664 0.619134
endloop
endfacet
facet normal -0.844267 0.451348 0.288961
outer loop
vertex 0.954693 1.168766 0.609754
vertex 0.961591 1.175664 0.619134
vertex 0.959226 1.177245 0.609754
endloop
endfacet
facet normal -0.257179 0.137535 -0.956527
outer loop
vertex 0.990988 1.153733 0.550960
vertex 0.982322 1.157322 0.553806
vertex 0.984091 1.160630 0.553806
endloop
endfacet
facet normal -0.257150 0.137546 -0.956533
outer loop
vertex 0.990988 1.153733 0.550960
vertex 0.984091 1.160630 0.553806
vertex 0.991890 1.155419 0.550960
endloop
endfacet
facet normal -0.877678 0.469226 0.097510
outer loop
vertex 0.953806 1.169134 0.600000
vertex 0.954693 1.168766 0.609754
vertex 0.959226 1.177245 0.609754
endloop
endfacet
facet normal -0.877683 0.469212 0.097533
outer loop
vertex 0.953806 1.169134 0.600000
vertex 0.959226 1.177245 0.609754
vertex 0.958427 1.177778 0.600000
endloop
endfacet
facet normal -0.086847 0.046469 0.995137
outer loop
vertex 0.990988 1.153733 0.649039
vertex 1.000000 1.150000 0.650000
vertex 0.991890 1.155419 0.649039
endloop
endfacet
facet normal -0.086763 0.046415 -0.995147
outer loop
vertex 1.000000 1.150000 0.550000
vertex 0.990988 1.153733 0.550960
vertex 0.991890 1.155419 0.550960
endloop
endfacet
facet normal -0.877683 0.469217 -0.097510
outer loop
vertex 0.954693 1.168766 0.590245
vertex 0.953806 1.169134 0.600000
vertex 0.958427 1.177778 0.600000
endloop
endfacet
facet normal -0.877681 0.469219 -0.097513
outer loop
vertex 0.954693 1.168766 0.590245
vertex 0.958427 1.177778 0.600000
vertex 0.959226 1.177245 0.590245
endloop
endfacet
facet normal -0.257101 0.137523 0.956549
outer loop
vertex 0.982322 1.157322 0.646194
vertex 0.990988 1.153733 0.649039
vertex 0.991890 1.155419 0.649039
endloop
endfacet
facet normal -0.257064 0.137474 0.956566
outer loop
vertex 0.982322 1.157322 0.646194
vertex 0.991890 1.155419 0.649039
vertex 0.984091 1.160630 0.646194
endloop
endfacet
facet normal -0.844214 0.451327 -0.289146
outer loop
vertex 0.957323 1.167677 0.580866
vertex 0.954693 1.168766 0.590245
vertex 0.959226 1.177245 0.590245
endloop
endfacet
facet normal -0.844346 0.451192 -0.288973
outer loop
vertex 0.957323 1.167677 0.580866
vertex 0.959226 1.177245 0.590245
vertex 0.961591 1.175664 0.580866
endloop
endfacet
facet normal -0.417324 0.223154 0.880933
outer loop
vertex 0.974336 1.160630 0.641573
vertex 0.982322 1.157322 0.646194
vertex 0.984091 1.160630 0.646194
endloop
endfacet
facet normal -0.417315 0.223043 0.880965
outer loop
vertex 0.974336 1.160630 0.641573
vertex 0.984091 1.160630 0.646194
vertex 0.976903 1.165433 0.641573
endloop
endfacet
facet normal -0.778699 0.416117 -0.469547
outer loop
vertex 0.961591 1.165909 0.572221
vertex 0.957323 1.167677 0.580866
vertex 0.961591 1.175664 0.580866
endloop
endfacet
facet normal -0.778632 0.416161 -0.469619
outer loop
vertex 0.961591 1.165909 0.572221
vertex 0.961591 1.175664 0.580866
vertex 0.965433 1.173097 0.572221
endloop
endfacet
facet normal -0.561064 0.299851 0.771555
outer loop
vertex 0.967336 1.163530 0.635356
vertex 0.974336 1.160630 0.641573
vertex 0.976903 1.165433 0.641573
endloop
endfacet
facet normal -0.561031 0.299877 0.771569
outer loop
vertex 0.967336 1.163530 0.635356
vertex 0.976903 1.165433 0.641573
vertex 0.970603 1.169642 0.635356
endloop
endfacet
facet normal -0.683035 0.365084 -0.632595
outer loop
vertex 0.967336 1.163530 0.564645
vertex 0.961591 1.165909 0.572221
vertex 0.965433 1.173097 0.572221
endloop
endfacet
facet normal -0.683012 0.365090 -0.632616
outer loop
vertex 0.967336 1.163530 0.564645
vertex 0.965433 1.173097 0.572221
vertex 0.970603 1.169642 0.564645
endloop
endfacet
facet normal -0.683105 0.365137 0.632489
outer loop
vertex 0.961591 1.165909 0.627778
vertex 0.967336 1.163530 0.635356
vertex 0.970603 1.169642 0.635356
endloop
endfacet
facet normal -0.683092 0.365118 0.632515
outer loop
vertex 0.961591 1.165909 0.627778
vertex 0.970603 1.169642 0.635356
vertex 0.965433 1.173097 0.627778
endloop
endfacet
facet normal -0.561085 0.299899 -0.771521
outer loop
vertex 0.974336 1.160630 0.558427
vertex 0.967336 1.163530 0.564645
vertex 0.970603 1.169642 0.564645
endloop
endfacet
facet normal -0.561116 0.299902 -0.771497
outer loop
vertex 0.974336 1.160630 0.558427
vertex 0.970603 1.169642 0.564645
vertex 0.976903 1.165433 0.558427
endloop
endfacet
facet normal -0.778644 0.416159 0.469600
outer loop
vertex 0.957323 1.167677 0.619134
vertex 0.961591 1.165909 0.627778
vertex 0.965433 1.173097 0.627778
endloop
endfacet
facet normal -0.778654 0.416100 0.469638
outer loop
vertex 0.957323 1.167677 0.619134
vertex 0.965433 1.173097 0.627778
vertex 0.961591 1.175664 0.619134
endloop
endfacet
facet normal -0.365838 0.300104 0.880965
outer loop
vertex 0.976903 1.165433 0.641573
vertex 0.984091 1.160630 0.646194
vertex 0.986470 1.163530 0.646194
endloop
endfacet
facet normal -0.365804 0.300189 0.880950
outer loop
vertex 0.976903 1.165433 0.641573
vertex 0.986470 1.163530 0.646194
vertex 0.980357 1.169642 0.641573
endloop
endfacet
facet normal -0.682454 0.560116 -0.469603
outer loop
vertex 0.965433 1.173097 0.572221
vertex 0.961591 1.175664 0.580866
vertex 0.967336 1.182664 0.580866
endloop
endfacet
facet normal -0.682503 0.560066 -0.469592
outer loop
vertex 0.965433 1.173097 0.572221
vertex 0.967336 1.182664 0.580866
vertex 0.970603 1.179397 0.572221
endloop
endfacet
facet normal -0.491774 0.403553 0.771559
outer loop
vertex 0.970603 1.169642 0.635356
vertex 0.976903 1.165433 0.641573
vertex 0.980357 1.169642 0.641573
endloop
endfacet
facet normal -0.491772 0.403584 0.771544
outer loop
vertex 0.970603 1.169642 0.635356
vertex 0.980357 1.169642 0.641573
vertex 0.975000 1.175000 0.635356
endloop
endfacet
facet normal -0.598682 0.491305 -0.632613
outer loop
vertex 0.970603 1.169642 0.564645
vertex 0.965433 1.173097 0.572221
vertex 0.970603 1.179397 0.572221
endloop
endfacet
facet normal -0.598686 0.491300 -0.632613
outer loop
vertex 0.970603 1.169642 0.564645
vertex 0.970603 1.179397 0.572221
vertex 0.975000 1.175000 0.564645
endloop
endfacet
facet normal -0.598752 0.491354 0.632509
outer loop
vertex 0.965433 1.173097 0.627778
vertex 0.970603 1.169642 0.635356
vertex 0.975000 1.175000 0.635356
endloop
endfacet
facet normal -0.598737 0.491354 0.632522
outer loop
vertex 0.965433 1.173097 0.627778
vertex 0.975000 1.175000 0.635356
vertex 0.970603 1.179397 0.627778
endloop
endfacet
facet normal -0.491803 0.403608 -0.771512
outer loop
vertex 0.976903 1.165433 0.558427
vertex 0.970603 1.169642 0.564645
vertex 0.975000 1.175000 0.564645
endloop
endfacet
facet normal -0.491837 0.403592 -0.771499
outer loop
vertex 0.976903 1.165433 0.558427
vertex 0.975000 1.175000 0.564645
vertex 0.980357 1.169642 0.558427
endloop
endfacet
facet normal -0.682476 0.560042 0.469659
outer loop
vertex 0.961591 1.175664 0.619134
vertex 0.965433 1.173097 0.627778
vertex 0.970603 1.179397 0.627778
endloop
endfacet
facet normal -0.682453 0.560105 0.469617
outer loop
vertex 0.961591 1.175664 0.619134
vertex 0.970603 1.179397 0.627778
vertex 0.967336 1.182664 0.619134
endloop
endfacet
facet normal -0.365784 0.300165 -0.880967
outer loop
vertex 0.984091 1.160630 0.553806
vertex 0.976903 1.165433 0.558427
vertex 0.980357 1.169642 0.558427
endloop
endfacet
facet normal -0.365879 0.300138 -0.880937
outer loop
vertex 0.984091 1.160630 0.553806
vertex 0.980357 1.169642 0.558427
vertex 0.986470 1.163530 0.553806
endloop
endfacet
facet normal -0.740020 0.607345 0.288967
outer loop
vertex 0.959226 1.177245 0.609754
vertex 0.961591 1.175664 0.619134
vertex 0.967336 1.182664 0.619134
endloop
endfacet
facet normal -0.740055 0.607295 0.288983
outer loop
vertex 0.959226 1.177245 0.609754
vertex 0.967336 1.182664 0.619134
vertex 0.965324 1.184676 0.609754
endloop
endfacet
facet normal -0.225465 0.184954 -0.956534
outer loop
vertex 0.991890 1.155419 0.550960
vertex 0.984091 1.160630 0.553806
vertex 0.986470 1.163530 0.553806
endloop
endfacet
facet normal -0.225487 0.184950 -0.956530
outer loop
vertex 0.991890 1.155419 0.550960
vertex 0.986470 1.163530 0.553806
vertex 0.993103 1.156898 0.550960
endloop
endfacet
facet normal -0.769354 0.631332 0.097541
outer loop
vertex 0.958427 1.177778 0.600000
vertex 0.959226 1.177245 0.609754
vertex 0.965324 1.184676 0.609754
endloop
endfacet
facet normal -0.769369 0.631310 0.097561
outer loop
vertex 0.958427 1.177778 0.600000
vertex 0.965324 1.184676 0.609754
vertex 0.964645 1.185356 0.600000
endloop
endfacet
facet normal -0.076165 0.062477 0.995136
outer loop
vertex 0.991890 1.155419 0.649039
vertex 1.000000 1.150000 0.650000
vertex 0.993103 1.156898 0.649039
endloop
endfacet
facet normal -0.076105 0.062416 -0.995144
outer loop
vertex 1.000000 1.150000 0.550000
vertex 0.991890 1.155419 0.550960
vertex 0.993103 1.156898 0.550960
endloop
endfacet
facet normal -0.769381 0.631304 -0.097511
outer loop
vertex 0.959226 1.177245 0.590245
vertex 0.958427 1.177778 0.600000
vertex 0.964645 1.185356 0.600000
endloop
endfacet
facet normal -0.769347 0.631336 -0.097570
outer loop
vertex 0.959226 1.177245 0.590245
vertex 0.964645 1.185356 0.600000
vertex 0.965324 1.184676 0.590245
endloop
endfacet
facet normal -0.225442 0.184899 0.956550
outer loop
vertex 0.984091 1.160630 0.646194
vertex 0.991890 1.155419 0.649039
vertex 0.993103 1.156898 0.649039
endloop
endfacet
facet normal -0.225382 0.184901 0.956564
outer loop
vertex 0.984091 1.160630 0.646194
vertex 0.993103 1.156898 0.649039
vertex 0.986470 1.163530 0.646194
endloop
endfacet
facet normal -0.740052 0.607299 -0.288984
outer loop
vertex 0.961591 1.175664 0.580866
vertex 0.959226 1.177245 0.590245
vertex 0.965324 1.184676 0.590245
endloop
endfacet
facet normal -0.740006 0.607335 -0.289024
outer loop
vertex 0.961591 1.175664 0.580866
vertex 0.965324 1.184676 0.590245
vertex 0.967336 1.182664 0.580866
endloop
endfacet
facet normal -0.607324 0.740009 0.289039
outer loop
vertex 0.965324 1.184676 0.609754
vertex 0.967336 1.182664 0.619134
vertex 0.974336 1.188409 0.619134
endloop
endfacet
facet normal -0.607275 0.740111 0.288880
outer loop
vertex 0.965324 1.184676 0.609754
vertex 0.974336 1.188409 0.619134
vertex 0.972756 1.190774 0.609754
endloop
endfacet
facet normal -0.185016 0.225447 -0.956527
outer loop
vertex 0.993103 1.156898 0.550960
vertex 0.986470 1.163530 0.553806
vertex 0.989369 1.165909 0.553806
endloop
endfacet
facet normal -0.184917 0.225480 -0.956538
outer loop
vertex 0.993103 1.156898 0.550960
vertex 0.989369 1.165909 0.553806
vertex 0.994581 1.158110 0.550960
endloop
endfacet
facet normal -0.631285 0.769385 0.097599
outer loop
vertex 0.964645 1.185356 0.600000
vertex 0.965324 1.184676 0.609754
vertex 0.972756 1.190774 0.609754
endloop
endfacet
facet normal -0.631330 0.769343 0.097645
outer loop
vertex 0.964645 1.185356 0.600000
vertex 0.972756 1.190774 0.609754
vertex 0.972221 1.191573 0.600000
endloop
endfacet
facet normal -0.062440 0.076176 0.995137
outer loop
vertex 0.993103 1.156898 0.649039
vertex 1.000000 1.150000 0.650000
vertex 0.994581 1.158110 0.649039
endloop
endfacet
facet normal -0.062377 0.076095 -0.995148
outer loop
vertex 1.000000 1.150000 0.550000
vertex 0.993103 1.156898 0.550960
vertex 0.994581 1.158110 0.550960
endloop
endfacet
facet normal -0.631335 0.769345 -0.097591
outer loop
vertex 0.965324 1.184676 0.590245
vertex 0.964645 1.185356 0.600000
vertex 0.972221 1.191573 0.600000
endloop
endfacet
facet normal -0.631284 0.769382 -0.097634
outer loop
vertex 0.965324 1.184676 0.590245
vertex 0.972221 1.191573 0.600000
vertex 0.972756 1.190774 0.590245
endloop
endfacet
facet normal -0.184874 0.225436 0.956556
outer loop
vertex 0.986470 1.163530 0.646194
vertex 0.993103 1.156898 0.649039
vertex 0.994581 1.158110 0.649039
endloop
endfacet
facet normal -0.184931 0.225355 0.956565
outer loop
vertex 0.986470 1.163530 0.646194
vertex 0.994581 1.158110 0.649039
vertex 0.989369 1.165909 0.646194
endloop
endfacet
facet normal -0.607238 0.740084 -0.289029
outer loop
vertex 0.967336 1.182664 0.580866
vertex 0.965324 1.184676 0.590245
vertex 0.972756 1.190774 0.590245
endloop
endfacet
facet normal -0.607361 0.740022 -0.288930
outer loop
vertex 0.967336 1.182664 0.580866
vertex 0.972756 1.190774 0.590245
vertex 0.974336 1.188409 0.580866
endloop
endfacet
facet normal -0.300197 0.365828 0.880938
outer loop
vertex 0.980357 1.169642 0.641573
vertex 0.986470 1.163530 0.646194
vertex 0.989369 1.165909 0.646194
endloop
endfacet
facet normal -0.300206 0.365784 0.880953
outer loop
vertex 0.980357 1.169642 0.641573
vertex 0.989369 1.165909 0.646194
vertex 0.984567 1.173097 0.641573
endloop
endfacet
facet normal -0.560122 0.682480 -0.469558
outer loop
vertex 0.970603 1.179397 0.572221
vertex 0.967336 1.182664 0.580866
vertex 0.974336 1.188409 0.580866
endloop
endfacet
facet normal -0.560058 0.682503 -0.469601
outer loop
vertex 0.970603 1.179397 0.572221
vertex 0.974336 1.188409 0.580866
vertex 0.976903 1.184567 0.572221
endloop
endfacet
facet normal -0.403584 0.491776 0.771541
outer loop
vertex 0.975000 1.175000 0.635356
vertex 0.980357 1.169642 0.641573
vertex 0.984567 1.173097 0.641573
endloop
endfacet
facet normal -0.403599 0.491694 0.771586
outer loop
vertex 0.975000 1.175000 0.635356
vertex 0.984567 1.173097 0.641573
vertex 0.980357 1.179397 0.635356
endloop
endfacet
facet normal -0.491297 0.598683 -0.632618
outer loop
vertex 0.975000 1.175000 0.564645
vertex 0.970603 1.179397 0.572221
vertex 0.976903 1.184567 0.572221
endloop
endfacet
facet normal -0.491383 0.598664 -0.632569
outer loop
vertex 0.975000 1.175000 0.564645
vertex 0.976903 1.184567 0.572221
vertex 0.980357 1.179397 0.564645
endloop
endfacet
facet normal -0.491408 0.598686 0.632529
outer loop
vertex 0.970603 1.179397 0.627778
vertex 0.975000 1.175000 0.635356
vertex 0.980357 1.179397 0.635356
endloop
endfacet
facet normal -0.491368 0.598782 0.632469
outer loop
vertex 0.970603 1.179397 0.627778
vertex 0.980357 1.179397 0.635356
vertex 0.976903 1.184567 0.627778
endloop
endfacet
facet normal -0.403639 0.491775 -0.771514
outer loop
vertex 0.980357 1.169642 0.558427
vertex 0.975000 1.175000 0.564645
vertex 0.980357 1.179397 0.564645
endloop
endfacet
facet normal -0.403602 0.491782 -0.771528
outer loop
vertex 0.980357 1.169642 0.558427
vertex 0.980357 1.179397 0.564645
vertex 0.984567 1.173097 0.558427
endloop
endfacet
facet normal -0.560069 0.682494 0.469601
outer loop
vertex 0.967336 1.182664 0.619134
vertex 0.970603 1.179397 0.627778
vertex 0.976903 1.184567 0.627778
endloop
endfacet
facet normal -0.560086 0.682455 0.469637
outer loop
vertex 0.967336 1.182664 0.619134
vertex 0.976903 1.184567 0.627778
vertex 0.974336 1.188409 0.619134
endloop
endfacet
facet normal -0.300203 0.365791 -0.880952
outer loop
vertex 0.986470 1.163530 0.553806
vertex 0.980357 1.169642 0.558427
vertex 0.984567 1.173097 0.558427
endloop
endfacet
facet normal -0.300161 0.365824 -0.880952
outer loop
vertex 0.986470 1.163530 0.553806
vertex 0.984567 1.173097 0.558427
vertex 0.989369 1.165909 0.553806
endloop
endfacet
facet normal -0.416153 0.778640 -0.469613
outer loop
vertex 0.976903 1.184567 0.572221
vertex 0.974336 1.188409 0.580866
vertex 0.982322 1.192677 0.580866
endloop
endfacet
facet normal -0.416177 0.778649 -0.469577
outer loop
vertex 0.976903 1.184567 0.572221
vertex 0.982322 1.192677 0.580866
vertex 0.984091 1.188409 0.572221
endloop
endfacet
facet normal -0.299882 0.561007 0.771584
outer loop
vertex 0.980357 1.179397 0.635356
vertex 0.984567 1.173097 0.641573
vertex 0.989369 1.175664 0.641573
endloop
endfacet
facet normal -0.299862 0.561074 0.771543
outer loop
vertex 0.980357 1.179397 0.635356
vertex 0.989369 1.175664 0.641573
vertex 0.986470 1.182664 0.635356
endloop
endfacet
facet normal -0.365090 0.683057 -0.632568
outer loop
vertex 0.980357 1.179397 0.564645
vertex 0.976903 1.184567 0.572221
vertex 0.984091 1.188409 0.572221
endloop
endfacet
facet normal -0.365048 0.683051 -0.632599
outer loop
vertex 0.980357 1.179397 0.564645
vertex 0.984091 1.188409 0.572221
vertex 0.986470 1.182664 0.564645
endloop
endfacet
facet normal -0.365097 0.683140 0.632474
outer loop
vertex 0.976903 1.184567 0.627778
vertex 0.980357 1.179397 0.635356
vertex 0.986470 1.182664 0.635356
endloop
endfacet
facet normal -0.365119 0.683111 0.632492
outer loop
vertex 0.976903 1.184567 0.627778
vertex 0.986470 1.182664 0.635356
vertex 0.984091 1.188409 0.627778
endloop
endfacet
facet normal -0.299865 0.561098 -0.771525
outer loop
vertex 0.984567 1.173097 0.558427
vertex 0.980357 1.179397 0.564645
vertex 0.986470 1.182664 0.564645
endloop
endfacet
facet normal -0.299939 0.561095 -0.771497
outer loop
vertex 0.984567 1.173097 0.558427
vertex 0.986470 1.182664 0.564645
vertex 0.989369 1.175664 0.558427
endloop
endfacet
facet normal -0.416181 0.778594 0.469664
outer loop
vertex 0.974336 1.188409 0.619134
vertex 0.976903 1.184567 0.627778
vertex 0.984091 1.188409 0.627778
endloop
endfacet
facet normal -0.416131 0.778656 0.469606
outer loop
vertex 0.974336 1.188409 0.619134
vertex 0.984091 1.188409 0.627778
vertex 0.982322 1.192677 0.619134
endloop
endfacet
facet normal -0.223082 0.417301 -0.880962
outer loop
vertex 0.989369 1.165909 0.553806
vertex 0.984567 1.173097 0.558427
vertex 0.989369 1.175664 0.558427
endloop
endfacet
facet normal -0.223028 0.417300 -0.880976
outer loop
vertex 0.989369 1.165909 0.553806
vertex 0.989369 1.175664 0.558427
vertex 0.992677 1.167677 0.553806
endloop
endfacet
facet normal -0.451251 0.844335 0.288912
outer loop
vertex 0.972756 1.190774 0.609754
vertex 0.974336 1.188409 0.619134
vertex 0.982322 1.192677 0.619134
endloop
endfacet
facet normal -0.451390 0.844215 0.289048
outer loop
vertex 0.972756 1.190774 0.609754
vertex 0.982322 1.192677 0.619134
vertex 0.981234 1.195307 0.609754
endloop
endfacet
facet normal -0.137448 0.257201 -0.956533
outer loop
vertex 0.994581 1.158110 0.550960
vertex 0.989369 1.165909 0.553806
vertex 0.992677 1.167677 0.553806
endloop
endfacet
facet normal -0.137615 0.257185 -0.956514
outer loop
vertex 0.994581 1.158110 0.550960
vertex 0.992677 1.167677 0.553806
vertex 0.996267 1.159012 0.550960
endloop
endfacet
facet normal -0.469273 0.877639 0.097638
outer loop
vertex 0.972221 1.191573 0.600000
vertex 0.972756 1.190774 0.609754
vertex 0.981234 1.195307 0.609754
endloop
endfacet
facet normal -0.469152 0.877718 0.097504
outer loop
vertex 0.972221 1.191573 0.600000
vertex 0.981234 1.195307 0.609754
vertex 0.980866 1.196194 0.600000
endloop
endfacet
facet normal -0.046484 0.086870 0.995135
outer loop
vertex 0.994581 1.158110 0.649039
vertex 1.000000 1.150000 0.650000
vertex 0.996267 1.159012 0.649039
endloop
endfacet
facet normal -0.046448 0.086780 -0.995144
outer loop
vertex 1.000000 1.150000 0.550000
vertex 0.994581 1.158110 0.550960
vertex 0.996267 1.159012 0.550960
endloop
endfacet
facet normal -0.469153 0.877704 -0.097628
outer loop
vertex 0.972756 1.190774 0.590245
vertex 0.972221 1.191573 0.600000
vertex 0.980866 1.196194 0.600000
endloop
endfacet
facet normal -0.469268 0.877658 -0.097490
outer loop
vertex 0.972756 1.190774 0.590245
vertex 0.980866 1.196194 0.600000
vertex 0.981234 1.195307 0.590245
endloop
endfacet
facet normal -0.137503 0.257052 0.956565
outer loop
vertex 0.989369 1.165909 0.646194
vertex 0.994581 1.158110 0.649039
vertex 0.996267 1.159012 0.649039
endloop
endfacet
facet normal -0.137432 0.257141 0.956552
outer loop
vertex 0.989369 1.165909 0.646194
vertex 0.996267 1.159012 0.649039
vertex 0.992677 1.167677 0.646194
endloop
endfacet
facet normal -0.451413 0.844247 -0.288918
outer loop
vertex 0.974336 1.188409 0.580866
vertex 0.972756 1.190774 0.590245
vertex 0.981234 1.195307 0.590245
endloop
endfacet
facet normal -0.451213 0.844290 -0.289105
outer loop
vertex 0.974336 1.188409 0.580866
vertex 0.981234 1.195307 0.590245
vertex 0.982322 1.192677 0.580866
endloop
endfacet
facet normal -0.223034 0.417300 0.880975
outer loop
vertex 0.984567 1.173097 0.641573
vertex 0.989369 1.165909 0.646194
vertex 0.992677 1.167677 0.646194
endloop
endfacet
facet normal -0.223066 0.417302 0.880966
outer loop
vertex 0.984567 1.173097 0.641573
vertex 0.992677 1.167677 0.646194
vertex 0.989369 1.175664 0.641573
endloop
endfacet
facet normal -0.084672 0.279084 -0.956526
outer loop
vertex 0.996267 1.159012 0.550960
vertex 0.992677 1.167677 0.553806
vertex 0.996267 1.168766 0.553806
endloop
endfacet
facet normal -0.084643 0.279083 -0.956529
outer loop
vertex 0.996267 1.159012 0.550960
vertex 0.996267 1.168766 0.553806
vertex 0.998097 1.159567 0.550960
endloop
endfacet
facet normal -0.288855 0.952394 0.097509
outer loop
vertex 0.980866 1.196194 0.600000
vertex 0.981234 1.195307 0.609754
vertex 0.990433 1.198097 0.609754
endloop
endfacet
facet normal -0.288898 0.952378 0.097540
outer loop
vertex 0.980866 1.196194 0.600000
vertex 0.990433 1.198097 0.609754
vertex 0.990245 1.199039 0.600000
endloop
endfacet
facet normal -0.028607 0.094265 0.995136
outer loop
vertex 0.996267 1.159012 0.649039
vertex 1.000000 1.150000 0.650000
vertex 0.998097 1.159567 0.649039
endloop
endfacet
facet normal -0.028561 0.094173 -0.995146
outer loop
vertex 1.000000 1.150000 0.550000
vertex 0.996267 1.159012 0.550960
vertex 0.998097 1.159567 0.550960
endloop
endfacet
facet normal -0.288898 0.952383 -0.097489
outer loop
vertex 0.981234 1.195307 0.590245
vertex 0.980866 1.196194 0.600000
vertex 0.990245 1.199039 0.600000
endloop
endfacet
facet normal -0.288854 0.952391 -0.097541
outer loop
vertex 0.981234 1.195307 0.590245
vertex 0.990245 1.199039 0.600000
vertex 0.990433 1.198097 0.590245
endloop
endfacet
facet normal -0.084648 0.278998 0.956554
outer loop
vertex 0.992677 1.167677 0.646194
vertex 0.996267 1.159012 0.649039
vertex 0.998097 1.159567 0.649039
endloop
endfacet
facet normal -0.084613 0.279000 0.956556
outer loop
vertex 0.992677 1.167677 0.646194
vertex 0.998097 1.159567 0.649039
vertex 0.996267 1.168766 0.646194
endloop
endfacet
facet normal -0.277848 0.916087 -0.289112
outer loop
vertex 0.982322 1.192677 0.580866
vertex 0.981234 1.195307 0.590245
vertex 0.990433 1.198097 0.590245
endloop
endfacet
facet normal -0.278010 0.916087 -0.288955
outer loop
vertex 0.982322 1.192677 0.580866
vertex 0.990433 1.198097 0.590245
vertex 0.990988 1.195307 0.580866
endloop
endfacet
facet normal -0.137369 0.452830 0.880951
outer loop
vertex 0.989369 1.175664 0.641573
vertex 0.992677 1.167677 0.646194
vertex 0.996267 1.168766 0.646194
endloop
endfacet
facet normal -0.137359 0.452805 0.880965
outer loop
vertex 0.989369 1.175664 0.641573
vertex 0.996267 1.168766 0.646194
vertex 0.994581 1.177245 0.641573
endloop
endfacet
facet normal -0.256396 0.844847 -0.469569
outer loop
vertex 0.984091 1.188409 0.572221
vertex 0.982322 1.192677 0.580866
vertex 0.990988 1.195307 0.580866
endloop
endfacet
facet normal -0.256191 0.844814 -0.469740
outer loop
vertex 0.984091 1.188409 0.572221
vertex 0.990988 1.195307 0.580866
vertex 0.991890 1.190774 0.572221
endloop
endfacet
facet normal -0.184666 0.608767 0.771558
outer loop
vertex 0.986470 1.182664 0.635356
vertex 0.989369 1.175664 0.641573
vertex 0.994581 1.177245 0.641573
endloop
endfacet
facet normal -0.184664 0.608783 0.771545
outer loop
vertex 0.986470 1.182664 0.635356
vertex 0.994581 1.177245 0.641573
vertex 0.993103 1.184676 0.635356
endloop
endfacet
facet normal -0.224745 0.741141 -0.632614
outer loop
vertex 0.986470 1.182664 0.564645
vertex 0.984091 1.188409 0.572221
vertex 0.991890 1.190774 0.572221
endloop
endfacet
facet normal -0.224819 0.741161 -0.632563
outer loop
vertex 0.986470 1.182664 0.564645
vertex 0.991890 1.190774 0.572221
vertex 0.993103 1.184676 0.564645
endloop
endfacet
facet normal -0.224832 0.741193 0.632522
outer loop
vertex 0.984091 1.188409 0.627778
vertex 0.986470 1.182664 0.635356
vertex 0.993103 1.184676 0.635356
endloop
endfacet
facet normal -0.224774 0.741261 0.632463
outer loop
vertex 0.984091 1.188409 0.627778
vertex 0.993103 1.184676 0.635356
vertex 0.991890 1.190774 0.627778
endloop
endfacet
facet normal -0.184676 0.608828 -0.771507
outer loop
vertex 0.989369 1.175664 0.558427
vertex 0.986470 1.182664 0.564645
vertex 0.993103 1.184676 0.564645
endloop
endfacet
facet normal -0.184689 0.608846 -0.771490
outer loop
vertex 0.989369 1.175664 0.558427
vertex 0.993103 1.184676 0.564645
vertex 0.994581 1.177245 0.558427
endloop
endfacet
facet normal -0.256212 0.844876 0.469617
outer loop
vertex 0.982322 1.192677 0.619134
vertex 0.984091 1.188409 0.627778
vertex 0.991890 1.190774 0.627778
endloop
endfacet
facet normal -0.256360 0.844755 0.469754
outer loop
vertex 0.982322 1.192677 0.619134
vertex 0.991890 1.190774 0.627778
vertex 0.990988 1.195307 0.619134
endloop
endfacet
facet normal -0.137359 0.452822 -0.880957
outer loop
vertex 0.992677 1.167677 0.553806
vertex 0.989369 1.175664 0.558427
vertex 0.994581 1.177245 0.558427
endloop
endfacet
facet normal -0.137394 0.452803 -0.880961
outer loop
vertex 0.992677 1.167677 0.553806
vertex 0.994581 1.177245 0.558427
vertex 0.996267 1.168766 0.553806
endloop
endfacet
facet normal -0.278004 0.916049 0.289082
outer loop
vertex 0.981234 1.195307 0.609754
vertex 0.982322 1.192677 0.619134
vertex 0.990988 1.195307 0.619134
endloop
endfacet
facet normal -0.277860 0.916137 0.288940
outer loop
vertex 0.981234 1.195307 0.609754
vertex 0.990988 1.195307 0.619134
vertex 0.990433 1.198097 0.609754
endloop
endfacet
facet normal -0.062271 0.633114 0.771550
outer loop
vertex 0.993103 1.184676 0.635356
vertex 0.994581 1.177245 0.641573
vertex 1.000000 1.177778 0.641573
endloop
endfacet
facet normal -0.062423 0.633034 0.771603
outer loop
vertex 0.993103 1.184676 0.635356
vertex 1.000000 1.177778 0.641573
vertex 1.000000 1.185356 0.635356
endloop
endfacet
facet normal -0.075939 0.770771 -0.632571
outer loop
vertex 0.993103 1.184676 0.564645
vertex 0.991890 1.190774 0.572221
vertex 1.000000 1.191573 0.572221
endloop
endfacet
facet normal -0.076009 0.770797 -0.632531
outer loop
vertex 0.993103 1.184676 0.564645
vertex 1.000000 1.191573 0.572221
vertex 1.000000 1.185356 0.564645
endloop
endfacet
facet normal -0.076010 0.770839 0.632479
outer loop
vertex 0.991890 1.190774 0.627778
vertex 0.993103 1.184676 0.635356
vertex 1.000000 1.185356 0.635356
endloop
endfacet
facet normal -0.075944 0.770885 0.632431
outer loop
vertex 0.991890 1.190774 0.627778
vertex 1.000000 1.185356 0.635356
vertex 1.000000 1.191573 0.627778
endloop
endfacet
facet normal -0.062436 0.633159 -0.771500
outer loop
vertex 0.994581 1.177245 0.558427
vertex 0.993103 1.184676 0.564645
vertex 1.000000 1.185356 0.564645
endloop
endfacet
facet normal -0.062276 0.633089 -0.771570
outer loop
vertex 0.994581 1.177245 0.558427
vertex 1.000000 1.185356 0.564645
vertex 1.000000 1.177778 0.558427
endloop
endfacet
facet normal -0.086561 0.878557 0.469729
outer loop
vertex 0.990988 1.195307 0.619134
vertex 0.991890 1.190774 0.627778
vertex 1.000000 1.191573 0.627778
endloop
endfacet
facet normal -0.086468 0.878586 0.469691
outer loop
vertex 0.990988 1.195307 0.619134
vertex 1.000000 1.191573 0.627778
vertex 1.000000 1.196194 0.619134
endloop
endfacet
facet normal -0.046310 0.470912 -0.880964
outer loop
vertex 0.996267 1.168766 0.553806
vertex 0.994581 1.177245 0.558427
vertex 1.000000 1.177778 0.558427
endloop
endfacet
facet normal -0.046428 0.470944 -0.880941
outer loop
vertex 0.996267 1.168766 0.553806
vertex 1.000000 1.177778 0.558427
vertex 1.000000 1.169134 0.553806
endloop
endfacet
facet normal -0.093763 0.952747 0.288933
outer loop
vertex 0.990433 1.198097 0.609754
vertex 0.990988 1.195307 0.619134
vertex 1.000000 1.196194 0.619134
endloop
endfacet
facet normal -0.093809 0.952729 0.288975
outer loop
vertex 0.990433 1.198097 0.609754
vertex 1.000000 1.196194 0.619134
vertex 1.000000 1.199039 0.609754
endloop
endfacet
facet normal -0.028607 0.290233 -0.956528
outer loop
vertex 0.998097 1.159567 0.550960
vertex 0.996267 1.168766 0.553806
vertex 1.000000 1.169134 0.553806
endloop
endfacet
facet normal -0.028497 0.290231 -0.956532
outer loop
vertex 0.998097 1.159567 0.550960
vertex 1.000000 1.169134 0.553806
vertex 1.000000 1.159754 0.550960
endloop
endfacet
facet normal -0.097523 0.990442 0.097544
outer loop
vertex 0.990245 1.199039 0.600000
vertex 0.990433 1.198097 0.609754
vertex 1.000000 1.199039 0.609754
endloop
endfacet
facet normal -0.097565 0.990436 0.097562
outer loop
vertex 0.990245 1.199039 0.600000
vertex 1.000000 1.199039 0.609754
vertex 1.000000 1.200000 0.600000
endloop
endfacet
facet normal -0.009637 0.098051 0.995135
outer loop
vertex 0.998097 1.159567 0.649039
vertex 1.000000 1.150000 0.650000
vertex 1.000000 1.159754 0.649039
endloop
endfacet
facet normal -0.009624 0.097945 -0.995145
outer loop
vertex 1.000000 1.150000 0.550000
vertex 0.998097 1.159567 0.550960
vertex 1.000000 1.159754 0.550960
endloop
endfacet
facet normal -0.097567 0.990440 -0.097514
outer loop
vertex 0.990433 1.198097 0.590245
vertex 0.990245 1.199039 0.600000
vertex 1.000000 1.200000 0.600000
endloop
endfacet
facet normal -0.097520 0.990439 -0.097573
outer loop
vertex 0.990433 1.198097 0.590245
vertex 1.000000 1.200000 0.600000
vertex 1.000000 1.199039 0.590245
endloop
endfacet
facet normal -0.028524 0.290151 0.956556
outer loop
vertex 0.996267 1.168766 0.646194
vertex 0.998097 1.159567 0.649039
vertex 1.000000 1.159754 0.649039
endloop
endfacet
facet normal -0.028597 0.290126 0.956561
outer loop
vertex 0.996267 1.168766 0.646194
vertex 1.000000 1.159754 0.649039
vertex 1.000000 1.169134 0.646194
endloop
endfacet
facet normal -0.093809 0.952732 -0.288966
outer loop
vertex 0.990988 1.195307 0.580866
vertex 0.990433 1.198097 0.590245
vertex 1.000000 1.199039 0.590245
endloop
endfacet
facet normal -0.093765 0.952726 -0.289001
outer loop
vertex 0.990988 1.195307 0.580866
vertex 1.000000 1.199039 0.590245
vertex 1.000000 1.196194 0.580866
endloop
endfacet
facet normal -0.046425 0.470891 0.880969
outer loop
vertex 0.994581 1.177245 0.641573
vertex 0.996267 1.168766 0.646194
vertex 1.000000 1.169134 0.646194
endloop
endfacet
facet normal -0.046310 0.470949 0.880944
outer loop
vertex 0.994581 1.177245 0.641573
vertex 1.000000 1.169134 0.646194
vertex 1.000000 1.177778 0.641573
endloop
endfacet
facet normal -0.086463 0.878575 -0.469713
outer loop
vertex 0.991890 1.190774 0.572221
vertex 0.990988 1.195307 0.580866
vertex 1.000000 1.196194 0.580866
endloop
endfacet
facet normal -0.086564 0.878616 -0.469618
outer loop
vertex 0.991890 1.190774 0.572221
vertex 1.000000 1.196194 0.580866
vertex 1.000000 1.191573 0.572221
endloop
endfacet
endsolid Exported from Blender-2.82 (sub 7)
