solid Exported from Blender-2.82 (sub 7)
facet normal 0.086481 0.878613 -0.469639
outer loop
vertex 1.000000 0.791573 0.472221
vertex 1.000000 0.796194 0.480866
vertex 1.009012 0.795307 0.480866
endloop
endfacet
facet normal 0.086553 0.878568 -0.469709
outer loop
vertex 1.000000 0.791573 0.472221
vertex 1.009012 0.795307 0.480866
vertex 1.008110 0.790774 0.472221
endloop
endfacet
facet normal 0.062259 0.633027 0.771622
outer loop
vertex 1.000000 0.785356 0.535356
vertex 1.000000 0.777778 0.541573
vertex 1.005419 0.777245 0.541573
endloop
endfacet
facet normal 0.062405 0.633105 0.771546
outer loop
vertex 1.000000 0.785356 0.535356
vertex 1.005419 0.777245 0.541573
vertex 1.006898 0.784676 0.535356
endloop
endfacet
facet normal 0.075941 0.770800 -0.632535
outer loop
vertex 1.000000 0.785356 0.464645
vertex 1.000000 0.791573 0.472221
vertex 1.008110 0.790774 0.472221
endloop
endfacet
facet normal 0.075974 0.770773 -0.632564
outer loop
vertex 1.000000 0.785356 0.464645
vertex 1.008110 0.790774 0.472221
vertex 1.006898 0.784676 0.464645
endloop
endfacet
facet normal 0.075988 0.770871 0.632442
outer loop
vertex 1.000000 0.791573 0.527778
vertex 1.000000 0.785356 0.535356
vertex 1.006898 0.784676 0.535356
endloop
endfacet
facet normal 0.075948 0.770861 0.632460
outer loop
vertex 1.000000 0.791573 0.527778
vertex 1.006898 0.784676 0.535356
vertex 1.008110 0.790774 0.527778
endloop
endfacet
facet normal 0.062407 0.633082 -0.771565
outer loop
vertex 1.000000 0.777778 0.458427
vertex 1.000000 0.785356 0.464645
vertex 1.006898 0.784676 0.464645
endloop
endfacet
facet normal 0.062283 0.633191 -0.771486
outer loop
vertex 1.000000 0.777778 0.458427
vertex 1.006898 0.784676 0.464645
vertex 1.005419 0.777245 0.458427
endloop
endfacet
facet normal 0.086560 0.878586 0.469675
outer loop
vertex 1.000000 0.796194 0.519134
vertex 1.000000 0.791573 0.527778
vertex 1.008110 0.790774 0.527778
endloop
endfacet
facet normal 0.086475 0.878555 0.469748
outer loop
vertex 1.000000 0.796194 0.519134
vertex 1.008110 0.790774 0.527778
vertex 1.009012 0.795307 0.519134
endloop
endfacet
facet normal 0.046323 0.470948 -0.880944
outer loop
vertex 1.000000 0.769134 0.453806
vertex 1.000000 0.777778 0.458427
vertex 1.005419 0.777245 0.458427
endloop
endfacet
facet normal 0.046422 0.470878 -0.880976
outer loop
vertex 1.000000 0.769134 0.453806
vertex 1.005419 0.777245 0.458427
vertex 1.003733 0.768766 0.453806
endloop
endfacet
facet normal 0.093776 0.952731 0.288981
outer loop
vertex 1.000000 0.799039 0.509754
vertex 1.000000 0.796194 0.519134
vertex 1.009012 0.795307 0.519134
endloop
endfacet
facet normal 0.093807 0.952743 0.288931
outer loop
vertex 1.000000 0.799039 0.509754
vertex 1.009012 0.795307 0.519134
vertex 1.009567 0.798097 0.509754
endloop
endfacet
facet normal 0.028625 0.290230 -0.956529
outer loop
vertex 1.000000 0.759754 0.450960
vertex 1.000000 0.769134 0.453806
vertex 1.003733 0.768766 0.453806
endloop
endfacet
facet normal 0.028499 0.290259 -0.956524
outer loop
vertex 1.000000 0.759754 0.450960
vertex 1.003733 0.768766 0.453806
vertex 1.001903 0.759567 0.450960
endloop
endfacet
facet normal 0.097522 0.990438 0.097583
outer loop
vertex 1.000000 0.800000 0.500000
vertex 1.000000 0.799039 0.509754
vertex 1.009567 0.798097 0.509754
endloop
endfacet
facet normal 0.097582 0.990437 0.097529
outer loop
vertex 1.000000 0.800000 0.500000
vertex 1.009567 0.798097 0.509754
vertex 1.009754 0.799039 0.500000
endloop
endfacet
facet normal 0.009636 0.098048 0.995135
outer loop
vertex 1.000000 0.759754 0.549039
vertex 1.000000 0.750000 0.550000
vertex 1.001903 0.759567 0.549039
endloop
endfacet
facet normal 0.009620 0.097943 -0.995146
outer loop
vertex 1.000000 0.750000 0.450000
vertex 1.000000 0.759754 0.450960
vertex 1.001903 0.759567 0.450960
endloop
endfacet
facet normal 0.097583 0.990432 -0.097583
outer loop
vertex 1.000000 0.799039 0.490245
vertex 1.000000 0.800000 0.500000
vertex 1.009754 0.799039 0.500000
endloop
endfacet
facet normal 0.097523 0.990445 -0.097509
outer loop
vertex 1.000000 0.799039 0.490245
vertex 1.009754 0.799039 0.500000
vertex 1.009567 0.798097 0.490245
endloop
endfacet
facet normal 0.028492 0.290129 0.956563
outer loop
vertex 1.000000 0.769134 0.546194
vertex 1.000000 0.759754 0.549039
vertex 1.001903 0.759567 0.549039
endloop
endfacet
facet normal 0.028598 0.290157 0.956552
outer loop
vertex 1.000000 0.769134 0.546194
vertex 1.001903 0.759567 0.549039
vertex 1.003733 0.768766 0.546194
endloop
endfacet
facet normal 0.093807 0.952721 -0.289002
outer loop
vertex 1.000000 0.796194 0.480866
vertex 1.000000 0.799039 0.490245
vertex 1.009567 0.798097 0.490245
endloop
endfacet
facet normal 0.093777 0.952736 -0.288964
outer loop
vertex 1.000000 0.796194 0.480866
vertex 1.009567 0.798097 0.490245
vertex 1.009012 0.795307 0.480866
endloop
endfacet
facet normal 0.046422 0.470948 0.880939
outer loop
vertex 1.000000 0.777778 0.541573
vertex 1.000000 0.769134 0.546194
vertex 1.003733 0.768766 0.546194
endloop
endfacet
facet normal 0.046325 0.470900 0.880969
outer loop
vertex 1.000000 0.777778 0.541573
vertex 1.003733 0.768766 0.546194
vertex 1.005419 0.777245 0.541573
endloop
endfacet
facet normal 0.277856 0.916126 -0.288979
outer loop
vertex 1.009012 0.795307 0.480866
vertex 1.009567 0.798097 0.490245
vertex 1.018766 0.795307 0.490245
endloop
endfacet
facet normal 0.278033 0.916017 -0.289154
outer loop
vertex 1.009012 0.795307 0.480866
vertex 1.018766 0.795307 0.490245
vertex 1.017677 0.792677 0.480866
endloop
endfacet
facet normal 0.137397 0.452836 0.880944
outer loop
vertex 1.005419 0.777245 0.541573
vertex 1.003733 0.768766 0.546194
vertex 1.007322 0.767677 0.546194
endloop
endfacet
facet normal 0.137370 0.452792 0.880970
outer loop
vertex 1.005419 0.777245 0.541573
vertex 1.007322 0.767677 0.546194
vertex 1.010630 0.775664 0.541573
endloop
endfacet
facet normal 0.256415 0.844763 -0.469709
outer loop
vertex 1.008110 0.790774 0.472221
vertex 1.009012 0.795307 0.480866
vertex 1.017677 0.792677 0.480866
endloop
endfacet
facet normal 0.256212 0.844929 -0.469522
outer loop
vertex 1.008110 0.790774 0.472221
vertex 1.017677 0.792677 0.480866
vertex 1.015909 0.788409 0.472221
endloop
endfacet
facet normal 0.184691 0.608746 0.771568
outer loop
vertex 1.006898 0.784676 0.535356
vertex 1.005419 0.777245 0.541573
vertex 1.010630 0.775664 0.541573
endloop
endfacet
facet normal 0.184688 0.608729 0.771582
outer loop
vertex 1.006898 0.784676 0.535356
vertex 1.010630 0.775664 0.541573
vertex 1.013530 0.782664 0.535356
endloop
endfacet
facet normal 0.224762 0.741201 -0.632538
outer loop
vertex 1.006898 0.784676 0.464645
vertex 1.008110 0.790774 0.472221
vertex 1.015909 0.788409 0.472221
endloop
endfacet
facet normal 0.224842 0.741110 -0.632615
outer loop
vertex 1.006898 0.784676 0.464645
vertex 1.015909 0.788409 0.472221
vertex 1.013530 0.782664 0.464645
endloop
endfacet
facet normal 0.224873 0.741253 0.632436
outer loop
vertex 1.008110 0.790774 0.527778
vertex 1.006898 0.784676 0.535356
vertex 1.013530 0.782664 0.535356
endloop
endfacet
facet normal 0.224780 0.741224 0.632504
outer loop
vertex 1.008110 0.790774 0.527778
vertex 1.013530 0.782664 0.535356
vertex 1.015909 0.788409 0.527778
endloop
endfacet
facet normal 0.184704 0.608805 -0.771518
outer loop
vertex 1.005419 0.777245 0.458427
vertex 1.006898 0.784676 0.464645
vertex 1.013530 0.782664 0.464645
endloop
endfacet
facet normal 0.184705 0.608788 -0.771532
outer loop
vertex 1.005419 0.777245 0.458427
vertex 1.013530 0.782664 0.464645
vertex 1.010630 0.775664 0.458427
endloop
endfacet
facet normal 0.256189 0.844813 0.469744
outer loop
vertex 1.009012 0.795307 0.519134
vertex 1.008110 0.790774 0.527778
vertex 1.015909 0.788409 0.527778
endloop
endfacet
facet normal 0.256415 0.844833 0.469583
outer loop
vertex 1.009012 0.795307 0.519134
vertex 1.015909 0.788409 0.527778
vertex 1.017677 0.792677 0.519134
endloop
endfacet
facet normal 0.137387 0.452816 -0.880956
outer loop
vertex 1.003733 0.768766 0.453806
vertex 1.005419 0.777245 0.458427
vertex 1.010630 0.775664 0.458427
endloop
endfacet
facet normal 0.137392 0.452795 -0.880965
outer loop
vertex 1.003733 0.768766 0.453806
vertex 1.010630 0.775664 0.458427
vertex 1.007322 0.767677 0.453806
endloop
endfacet
facet normal 0.278043 0.916080 0.288946
outer loop
vertex 1.009567 0.798097 0.509754
vertex 1.009012 0.795307 0.519134
vertex 1.017677 0.792677 0.519134
endloop
endfacet
facet normal 0.277854 0.916083 0.289117
outer loop
vertex 1.009567 0.798097 0.509754
vertex 1.017677 0.792677 0.519134
vertex 1.018766 0.795307 0.509754
endloop
endfacet
facet normal 0.084678 0.279076 -0.956528
outer loop
vertex 1.001903 0.759567 0.450960
vertex 1.003733 0.768766 0.453806
vertex 1.007322 0.767677 0.453806
endloop
endfacet
facet normal 0.084694 0.279112 -0.956516
outer loop
vertex 1.001903 0.759567 0.450960
vertex 1.007322 0.767677 0.453806
vertex 1.003733 0.759012 0.450960
endloop
endfacet
facet normal 0.288854 0.952394 0.097517
outer loop
vertex 1.009754 0.799039 0.500000
vertex 1.009567 0.798097 0.509754
vertex 1.018766 0.795307 0.509754
endloop
endfacet
facet normal 0.288866 0.952392 0.097497
outer loop
vertex 1.009754 0.799039 0.500000
vertex 1.018766 0.795307 0.509754
vertex 1.019134 0.796194 0.500000
endloop
endfacet
facet normal 0.028606 0.094275 0.995135
outer loop
vertex 1.001903 0.759567 0.549039
vertex 1.000000 0.750000 0.550000
vertex 1.003733 0.759012 0.549039
endloop
endfacet
facet normal 0.028579 0.094184 -0.995145
outer loop
vertex 1.000000 0.750000 0.450000
vertex 1.001903 0.759567 0.450960
vertex 1.003733 0.759012 0.450960
endloop
endfacet
facet normal 0.288858 0.952394 -0.097506
outer loop
vertex 1.009567 0.798097 0.490245
vertex 1.009754 0.799039 0.500000
vertex 1.019134 0.796194 0.500000
endloop
endfacet
facet normal 0.288864 0.952394 -0.097488
outer loop
vertex 1.009567 0.798097 0.490245
vertex 1.019134 0.796194 0.500000
vertex 1.018766 0.795307 0.490245
endloop
endfacet
facet normal 0.084665 0.278994 0.956553
outer loop
vertex 1.003733 0.768766 0.546194
vertex 1.001903 0.759567 0.549039
vertex 1.003733 0.759012 0.549039
endloop
endfacet
facet normal 0.084668 0.278994 0.956553
outer loop
vertex 1.003733 0.768766 0.546194
vertex 1.003733 0.759012 0.549039
vertex 1.007322 0.767677 0.546194
endloop
endfacet
facet normal 0.223042 0.417322 -0.880962
outer loop
vertex 1.007322 0.767677 0.453806
vertex 1.010630 0.775664 0.458427
vertex 1.015433 0.773097 0.458427
endloop
endfacet
facet normal 0.223038 0.417320 -0.880964
outer loop
vertex 1.007322 0.767677 0.453806
vertex 1.015433 0.773097 0.458427
vertex 1.010630 0.765909 0.453806
endloop
endfacet
facet normal 0.451170 0.844308 0.289119
outer loop
vertex 1.018766 0.795307 0.509754
vertex 1.017677 0.792677 0.519134
vertex 1.025664 0.788409 0.519134
endloop
endfacet
facet normal 0.451356 0.844265 0.288955
outer loop
vertex 1.018766 0.795307 0.509754
vertex 1.025664 0.788409 0.519134
vertex 1.027245 0.790774 0.509754
endloop
endfacet
facet normal 0.137468 0.257226 -0.956524
outer loop
vertex 1.003733 0.759012 0.450960
vertex 1.007322 0.767677 0.453806
vertex 1.010630 0.765909 0.453806
endloop
endfacet
facet normal 0.137553 0.257139 -0.956535
outer loop
vertex 1.003733 0.759012 0.450960
vertex 1.010630 0.765909 0.453806
vertex 1.005419 0.758110 0.450960
endloop
endfacet
facet normal 0.469218 0.877683 0.097500
outer loop
vertex 1.019134 0.796194 0.500000
vertex 1.018766 0.795307 0.509754
vertex 1.027245 0.790774 0.509754
endloop
endfacet
facet normal 0.469198 0.877690 0.097538
outer loop
vertex 1.019134 0.796194 0.500000
vertex 1.027245 0.790774 0.509754
vertex 1.027778 0.791573 0.500000
endloop
endfacet
facet normal 0.046486 0.086862 0.995135
outer loop
vertex 1.003733 0.759012 0.549039
vertex 1.000000 0.750000 0.550000
vertex 1.005419 0.758110 0.549039
endloop
endfacet
facet normal 0.046403 0.086770 -0.995147
outer loop
vertex 1.000000 0.750000 0.450000
vertex 1.003733 0.759012 0.450960
vertex 1.005419 0.758110 0.450960
endloop
endfacet
facet normal 0.469202 0.877692 -0.097500
outer loop
vertex 1.018766 0.795307 0.490245
vertex 1.019134 0.796194 0.500000
vertex 1.027778 0.791573 0.500000
endloop
endfacet
facet normal 0.469213 0.877684 -0.097517
outer loop
vertex 1.018766 0.795307 0.490245
vertex 1.027778 0.791573 0.500000
vertex 1.027245 0.790774 0.490245
endloop
endfacet
facet normal 0.137512 0.257128 0.956544
outer loop
vertex 1.007322 0.767677 0.546194
vertex 1.003733 0.759012 0.549039
vertex 1.005419 0.758110 0.549039
endloop
endfacet
facet normal 0.137426 0.257104 0.956562
outer loop
vertex 1.007322 0.767677 0.546194
vertex 1.005419 0.758110 0.549039
vertex 1.010630 0.765909 0.546194
endloop
endfacet
facet normal 0.451332 0.844214 -0.289139
outer loop
vertex 1.017677 0.792677 0.480866
vertex 1.018766 0.795307 0.490245
vertex 1.027245 0.790774 0.490245
endloop
endfacet
facet normal 0.451190 0.844344 -0.288982
outer loop
vertex 1.017677 0.792677 0.480866
vertex 1.027245 0.790774 0.490245
vertex 1.025664 0.788409 0.480866
endloop
endfacet
facet normal 0.223040 0.417325 0.880961
outer loop
vertex 1.010630 0.775664 0.541573
vertex 1.007322 0.767677 0.546194
vertex 1.010630 0.765909 0.546194
endloop
endfacet
facet normal 0.223045 0.417318 0.880963
outer loop
vertex 1.010630 0.775664 0.541573
vertex 1.010630 0.765909 0.546194
vertex 1.015433 0.773097 0.541573
endloop
endfacet
facet normal 0.416111 0.778709 -0.469536
outer loop
vertex 1.015909 0.788409 0.472221
vertex 1.017677 0.792677 0.480866
vertex 1.025664 0.788409 0.480866
endloop
endfacet
facet normal 0.416185 0.778613 -0.469630
outer loop
vertex 1.015909 0.788409 0.472221
vertex 1.025664 0.788409 0.480866
vertex 1.023097 0.784567 0.472221
endloop
endfacet
facet normal 0.299847 0.561067 0.771554
outer loop
vertex 1.013530 0.782664 0.535356
vertex 1.010630 0.775664 0.541573
vertex 1.015433 0.773097 0.541573
endloop
endfacet
facet normal 0.299890 0.561029 0.771565
outer loop
vertex 1.013530 0.782664 0.535356
vertex 1.015433 0.773097 0.541573
vertex 1.019642 0.779397 0.535356
endloop
endfacet
facet normal 0.365077 0.683031 -0.632603
outer loop
vertex 1.013530 0.782664 0.464645
vertex 1.015909 0.788409 0.472221
vertex 1.023097 0.784567 0.472221
endloop
endfacet
facet normal 0.365095 0.683015 -0.632611
outer loop
vertex 1.013530 0.782664 0.464645
vertex 1.023097 0.784567 0.472221
vertex 1.019642 0.779397 0.464645
endloop
endfacet
facet normal 0.365133 0.683106 0.632491
outer loop
vertex 1.015909 0.788409 0.527778
vertex 1.013530 0.782664 0.535356
vertex 1.019642 0.779397 0.535356
endloop
endfacet
facet normal 0.365115 0.683090 0.632518
outer loop
vertex 1.015909 0.788409 0.527778
vertex 1.019642 0.779397 0.535356
vertex 1.023097 0.784567 0.527778
endloop
endfacet
facet normal 0.299913 0.561087 -0.771514
outer loop
vertex 1.010630 0.775664 0.458427
vertex 1.013530 0.782664 0.464645
vertex 1.019642 0.779397 0.464645
endloop
endfacet
facet normal 0.299890 0.561110 -0.771506
outer loop
vertex 1.010630 0.775664 0.458427
vertex 1.019642 0.779397 0.464645
vertex 1.015433 0.773097 0.458427
endloop
endfacet
facet normal 0.416190 0.778634 0.469591
outer loop
vertex 1.017677 0.792677 0.519134
vertex 1.015909 0.788409 0.527778
vertex 1.023097 0.784567 0.527778
endloop
endfacet
facet normal 0.416090 0.778652 0.469649
outer loop
vertex 1.017677 0.792677 0.519134
vertex 1.023097 0.784567 0.527778
vertex 1.025664 0.788409 0.519134
endloop
endfacet
facet normal 0.300100 0.365845 0.880964
outer loop
vertex 1.015433 0.773097 0.541573
vertex 1.010630 0.765909 0.546194
vertex 1.013530 0.763530 0.546194
endloop
endfacet
facet normal 0.300260 0.365783 0.880935
outer loop
vertex 1.015433 0.773097 0.541573
vertex 1.013530 0.763530 0.546194
vertex 1.019642 0.769642 0.541573
endloop
endfacet
facet normal 0.560102 0.682462 -0.469608
outer loop
vertex 1.023097 0.784567 0.472221
vertex 1.025664 0.788409 0.480866
vertex 1.032664 0.782664 0.480866
endloop
endfacet
facet normal 0.560083 0.682506 -0.469567
outer loop
vertex 1.023097 0.784567 0.472221
vertex 1.032664 0.782664 0.480866
vertex 1.029397 0.779397 0.472221
endloop
endfacet
facet normal 0.403629 0.491727 0.771549
outer loop
vertex 1.019642 0.779397 0.535356
vertex 1.015433 0.773097 0.541573
vertex 1.019642 0.769642 0.541573
endloop
endfacet
facet normal 0.403543 0.491739 0.771587
outer loop
vertex 1.019642 0.779397 0.535356
vertex 1.019642 0.769642 0.541573
vertex 1.025000 0.775000 0.535356
endloop
endfacet
facet normal 0.491304 0.598686 -0.632611
outer loop
vertex 1.019642 0.779397 0.464645
vertex 1.023097 0.784567 0.472221
vertex 1.029397 0.779397 0.472221
endloop
endfacet
facet normal 0.491299 0.598704 -0.632597
outer loop
vertex 1.019642 0.779397 0.464645
vertex 1.029397 0.779397 0.472221
vertex 1.025000 0.775000 0.464645
endloop
endfacet
facet normal 0.491360 0.598756 0.632500
outer loop
vertex 1.023097 0.784567 0.527778
vertex 1.019642 0.779397 0.535356
vertex 1.025000 0.775000 0.535356
endloop
endfacet
facet normal 0.491347 0.598752 0.632514
outer loop
vertex 1.023097 0.784567 0.527778
vertex 1.025000 0.775000 0.535356
vertex 1.029397 0.779397 0.527778
endloop
endfacet
facet normal 0.403601 0.491808 -0.771512
outer loop
vertex 1.015433 0.773097 0.458427
vertex 1.019642 0.779397 0.464645
vertex 1.025000 0.775000 0.464645
endloop
endfacet
facet normal 0.403640 0.491746 -0.771531
outer loop
vertex 1.015433 0.773097 0.458427
vertex 1.025000 0.775000 0.464645
vertex 1.019642 0.769642 0.458427
endloop
endfacet
facet normal 0.560053 0.682475 0.469647
outer loop
vertex 1.025664 0.788409 0.519134
vertex 1.023097 0.784567 0.527778
vertex 1.029397 0.779397 0.527778
endloop
endfacet
facet normal 0.560101 0.682457 0.469616
outer loop
vertex 1.025664 0.788409 0.519134
vertex 1.029397 0.779397 0.527778
vertex 1.032664 0.782664 0.519134
endloop
endfacet
facet normal 0.300232 0.365750 -0.880959
outer loop
vertex 1.010630 0.765909 0.453806
vertex 1.015433 0.773097 0.458427
vertex 1.019642 0.769642 0.458427
endloop
endfacet
facet normal 0.300137 0.365890 -0.880933
outer loop
vertex 1.010630 0.765909 0.453806
vertex 1.019642 0.769642 0.458427
vertex 1.013530 0.763530 0.453806
endloop
endfacet
facet normal 0.607355 0.740017 0.288953
outer loop
vertex 1.027245 0.790774 0.509754
vertex 1.025664 0.788409 0.519134
vertex 1.032664 0.782664 0.519134
endloop
endfacet
facet normal 0.607289 0.740052 0.289002
outer loop
vertex 1.027245 0.790774 0.509754
vertex 1.032664 0.782664 0.519134
vertex 1.034676 0.784676 0.509754
endloop
endfacet
facet normal 0.184968 0.225485 -0.956527
outer loop
vertex 1.005419 0.758110 0.450960
vertex 1.010630 0.765909 0.453806
vertex 1.013530 0.763530 0.453806
endloop
endfacet
facet normal 0.184851 0.225604 -0.956521
outer loop
vertex 1.005419 0.758110 0.450960
vertex 1.013530 0.763530 0.453806
vertex 1.006898 0.756898 0.450960
endloop
endfacet
facet normal 0.631355 0.769338 0.097522
outer loop
vertex 1.027778 0.791573 0.500000
vertex 1.027245 0.790774 0.509754
vertex 1.034676 0.784676 0.509754
endloop
endfacet
facet normal 0.631224 0.769428 0.097651
outer loop
vertex 1.027778 0.791573 0.500000
vertex 1.034676 0.784676 0.509754
vertex 1.035356 0.785356 0.500000
endloop
endfacet
facet normal 0.062408 0.076188 0.995138
outer loop
vertex 1.005419 0.758110 0.549039
vertex 1.000000 0.750000 0.550000
vertex 1.006898 0.756898 0.549039
endloop
endfacet
facet normal 0.062384 0.076108 -0.995146
outer loop
vertex 1.000000 0.750000 0.450000
vertex 1.005419 0.758110 0.450960
vertex 1.006898 0.756898 0.450960
endloop
endfacet
facet normal 0.631255 0.769421 -0.097511
outer loop
vertex 1.027245 0.790774 0.490245
vertex 1.027778 0.791573 0.500000
vertex 1.035356 0.785356 0.500000
endloop
endfacet
facet normal 0.631329 0.769344 -0.097644
outer loop
vertex 1.027245 0.790774 0.490245
vertex 1.035356 0.785356 0.500000
vertex 1.034676 0.784676 0.490245
endloop
endfacet
facet normal 0.184817 0.225496 0.956553
outer loop
vertex 1.010630 0.765909 0.546194
vertex 1.005419 0.758110 0.549039
vertex 1.006898 0.756898 0.549039
endloop
endfacet
facet normal 0.184901 0.225423 0.956554
outer loop
vertex 1.010630 0.765909 0.546194
vertex 1.006898 0.756898 0.549039
vertex 1.013530 0.763530 0.546194
endloop
endfacet
facet normal 0.607300 0.740054 -0.288975
outer loop
vertex 1.025664 0.788409 0.480866
vertex 1.027245 0.790774 0.490245
vertex 1.034676 0.784676 0.490245
endloop
endfacet
facet normal 0.607333 0.740001 -0.289042
outer loop
vertex 1.025664 0.788409 0.480866
vertex 1.034676 0.784676 0.490245
vertex 1.032664 0.782664 0.480866
endloop
endfacet
facet normal 0.740009 0.607340 0.289007
outer loop
vertex 1.034676 0.784676 0.509754
vertex 1.032664 0.782664 0.519134
vertex 1.038409 0.775664 0.519134
endloop
endfacet
facet normal 0.740056 0.607306 0.288959
outer loop
vertex 1.034676 0.784676 0.509754
vertex 1.038409 0.775664 0.519134
vertex 1.040774 0.777245 0.509754
endloop
endfacet
facet normal 0.225501 0.184978 -0.956521
outer loop
vertex 1.006898 0.756898 0.450960
vertex 1.013530 0.763530 0.453806
vertex 1.015909 0.760630 0.453806
endloop
endfacet
facet normal 0.225548 0.184825 -0.956539
outer loop
vertex 1.006898 0.756898 0.450960
vertex 1.015909 0.760630 0.453806
vertex 1.008110 0.755419 0.450960
endloop
endfacet
facet normal 0.769354 0.631316 0.097647
outer loop
vertex 1.035356 0.785356 0.500000
vertex 1.034676 0.784676 0.509754
vertex 1.040774 0.777245 0.509754
endloop
endfacet
facet normal 0.769427 0.631245 0.097530
outer loop
vertex 1.035356 0.785356 0.500000
vertex 1.040774 0.777245 0.509754
vertex 1.041573 0.777778 0.500000
endloop
endfacet
facet normal 0.076217 0.062449 0.995134
outer loop
vertex 1.006898 0.756898 0.549039
vertex 1.000000 0.750000 0.550000
vertex 1.008110 0.755419 0.549039
endloop
endfacet
facet normal 0.076130 0.062387 -0.995144
outer loop
vertex 1.000000 0.750000 0.450000
vertex 1.006898 0.756898 0.450960
vertex 1.008110 0.755419 0.450960
endloop
endfacet
facet normal 0.769414 0.631243 -0.097643
outer loop
vertex 1.034676 0.784676 0.490245
vertex 1.035356 0.785356 0.500000
vertex 1.041573 0.777778 0.500000
endloop
endfacet
facet normal 0.769364 0.631325 -0.097512
outer loop
vertex 1.034676 0.784676 0.490245
vertex 1.041573 0.777778 0.500000
vertex 1.040774 0.777245 0.490245
endloop
endfacet
facet normal 0.225558 0.184799 0.956542
outer loop
vertex 1.013530 0.763530 0.546194
vertex 1.006898 0.756898 0.549039
vertex 1.008110 0.755419 0.549039
endloop
endfacet
facet normal 0.225394 0.184913 0.956559
outer loop
vertex 1.013530 0.763530 0.546194
vertex 1.008110 0.755419 0.549039
vertex 1.015909 0.760630 0.546194
endloop
endfacet
facet normal 0.740033 0.607298 -0.289033
outer loop
vertex 1.032664 0.782664 0.480866
vertex 1.034676 0.784676 0.490245
vertex 1.040774 0.777245 0.490245
endloop
endfacet
facet normal 0.740016 0.607344 -0.288981
outer loop
vertex 1.032664 0.782664 0.480866
vertex 1.040774 0.777245 0.490245
vertex 1.038409 0.775664 0.480866
endloop
endfacet
facet normal 0.365891 0.300148 0.880928
outer loop
vertex 1.019642 0.769642 0.541573
vertex 1.013530 0.763530 0.546194
vertex 1.015909 0.760630 0.546194
endloop
endfacet
facet normal 0.365738 0.300223 0.880966
outer loop
vertex 1.019642 0.769642 0.541573
vertex 1.015909 0.760630 0.546194
vertex 1.023097 0.765433 0.541573
endloop
endfacet
facet normal 0.682475 0.560113 -0.469576
outer loop
vertex 1.029397 0.779397 0.472221
vertex 1.032664 0.782664 0.480866
vertex 1.038409 0.775664 0.480866
endloop
endfacet
facet normal 0.682481 0.560083 -0.469603
outer loop
vertex 1.029397 0.779397 0.472221
vertex 1.038409 0.775664 0.480866
vertex 1.034567 0.773097 0.472221
endloop
endfacet
facet normal 0.491677 0.403610 0.771591
outer loop
vertex 1.025000 0.775000 0.535356
vertex 1.019642 0.769642 0.541573
vertex 1.023097 0.765433 0.541573
endloop
endfacet
facet normal 0.491775 0.403567 0.771551
outer loop
vertex 1.025000 0.775000 0.535356
vertex 1.023097 0.765433 0.541573
vertex 1.029397 0.769642 0.535356
endloop
endfacet
facet normal 0.598680 0.491282 -0.632633
outer loop
vertex 1.025000 0.775000 0.464645
vertex 1.029397 0.779397 0.472221
vertex 1.034567 0.773097 0.472221
endloop
endfacet
facet normal 0.598689 0.491297 -0.632613
outer loop
vertex 1.025000 0.775000 0.464645
vertex 1.034567 0.773097 0.472221
vertex 1.029397 0.769642 0.464645
endloop
endfacet
facet normal 0.598748 0.491337 0.632526
outer loop
vertex 1.029397 0.779397 0.527778
vertex 1.025000 0.775000 0.535356
vertex 1.029397 0.769642 0.535356
endloop
endfacet
facet normal 0.598743 0.491352 0.632519
outer loop
vertex 1.029397 0.779397 0.527778
vertex 1.029397 0.769642 0.535356
vertex 1.034567 0.773097 0.527778
endloop
endfacet
facet normal 0.491795 0.403577 -0.771533
outer loop
vertex 1.019642 0.769642 0.458427
vertex 1.025000 0.775000 0.464645
vertex 1.029397 0.769642 0.464645
endloop
endfacet
facet normal 0.491756 0.403694 -0.771497
outer loop
vertex 1.019642 0.769642 0.458427
vertex 1.029397 0.769642 0.464645
vertex 1.023097 0.765433 0.458427
endloop
endfacet
facet normal 0.682486 0.560074 0.469607
outer loop
vertex 1.032664 0.782664 0.519134
vertex 1.029397 0.779397 0.527778
vertex 1.034567 0.773097 0.527778
endloop
endfacet
facet normal 0.682435 0.560101 0.469648
outer loop
vertex 1.032664 0.782664 0.519134
vertex 1.034567 0.773097 0.527778
vertex 1.038409 0.775664 0.519134
endloop
endfacet
facet normal 0.365787 0.300259 -0.880934
outer loop
vertex 1.013530 0.763530 0.453806
vertex 1.019642 0.769642 0.458427
vertex 1.023097 0.765433 0.458427
endloop
endfacet
facet normal 0.365830 0.300098 -0.880971
outer loop
vertex 1.013530 0.763530 0.453806
vertex 1.023097 0.765433 0.458427
vertex 1.015909 0.760630 0.453806
endloop
endfacet
facet normal 0.778674 0.416101 -0.469602
outer loop
vertex 1.034567 0.773097 0.472221
vertex 1.038409 0.775664 0.480866
vertex 1.042677 0.767677 0.480866
endloop
endfacet
facet normal 0.778657 0.416203 -0.469541
outer loop
vertex 1.034567 0.773097 0.472221
vertex 1.042677 0.767677 0.480866
vertex 1.038409 0.765909 0.472221
endloop
endfacet
facet normal 0.561061 0.299837 0.771563
outer loop
vertex 1.029397 0.769642 0.535356
vertex 1.023097 0.765433 0.541573
vertex 1.025664 0.760630 0.541573
endloop
endfacet
facet normal 0.561036 0.299887 0.771561
outer loop
vertex 1.029397 0.769642 0.535356
vertex 1.025664 0.760630 0.541573
vertex 1.032664 0.763530 0.535356
endloop
endfacet
facet normal 0.683030 0.365091 -0.632596
outer loop
vertex 1.029397 0.769642 0.464645
vertex 1.034567 0.773097 0.472221
vertex 1.038409 0.765909 0.472221
endloop
endfacet
facet normal 0.683016 0.365089 -0.632613
outer loop
vertex 1.029397 0.769642 0.464645
vertex 1.038409 0.765909 0.472221
vertex 1.032664 0.763530 0.464645
endloop
endfacet
facet normal 0.683103 0.365118 0.632502
outer loop
vertex 1.034567 0.773097 0.527778
vertex 1.029397 0.769642 0.535356
vertex 1.032664 0.763530 0.535356
endloop
endfacet
facet normal 0.683087 0.365125 0.632515
outer loop
vertex 1.034567 0.773097 0.527778
vertex 1.032664 0.763530 0.535356
vertex 1.038409 0.765909 0.527778
endloop
endfacet
facet normal 0.561103 0.299909 -0.771504
outer loop
vertex 1.023097 0.765433 0.458427
vertex 1.029397 0.769642 0.464645
vertex 1.032664 0.763530 0.464645
endloop
endfacet
facet normal 0.561099 0.299889 -0.771515
outer loop
vertex 1.023097 0.765433 0.458427
vertex 1.032664 0.763530 0.464645
vertex 1.025664 0.760630 0.458427
endloop
endfacet
facet normal 0.778616 0.416154 0.469652
outer loop
vertex 1.038409 0.775664 0.519134
vertex 1.034567 0.773097 0.527778
vertex 1.038409 0.765909 0.527778
endloop
endfacet
facet normal 0.778677 0.416114 0.469586
outer loop
vertex 1.038409 0.775664 0.519134
vertex 1.038409 0.765909 0.527778
vertex 1.042677 0.767677 0.519134
endloop
endfacet
facet normal 0.417319 0.223041 -0.880964
outer loop
vertex 1.015909 0.760630 0.453806
vertex 1.023097 0.765433 0.458427
vertex 1.025664 0.760630 0.458427
endloop
endfacet
facet normal 0.417316 0.223026 -0.880969
outer loop
vertex 1.015909 0.760630 0.453806
vertex 1.025664 0.760630 0.458427
vertex 1.017677 0.757322 0.453806
endloop
endfacet
facet normal 0.844352 0.451199 0.288945
outer loop
vertex 1.040774 0.777245 0.509754
vertex 1.038409 0.775664 0.519134
vertex 1.042677 0.767677 0.519134
endloop
endfacet
facet normal 0.844221 0.451343 0.289103
outer loop
vertex 1.040774 0.777245 0.509754
vertex 1.042677 0.767677 0.519134
vertex 1.045307 0.768766 0.509754
endloop
endfacet
facet normal 0.257201 0.137462 -0.956531
outer loop
vertex 1.008110 0.755419 0.450960
vertex 1.015909 0.760630 0.453806
vertex 1.017677 0.757322 0.453806
endloop
endfacet
facet normal 0.257185 0.137615 -0.956514
outer loop
vertex 1.008110 0.755419 0.450960
vertex 1.017677 0.757322 0.453806
vertex 1.009012 0.753733 0.450960
endloop
endfacet
facet normal 0.877669 0.469235 0.097542
outer loop
vertex 1.041573 0.777778 0.500000
vertex 1.040774 0.777245 0.509754
vertex 1.045307 0.768766 0.509754
endloop
endfacet
facet normal 0.877694 0.469197 0.097508
outer loop
vertex 1.041573 0.777778 0.500000
vertex 1.045307 0.768766 0.509754
vertex 1.046194 0.769134 0.500000
endloop
endfacet
facet normal 0.086881 0.046474 0.995134
outer loop
vertex 1.008110 0.755419 0.549039
vertex 1.000000 0.750000 0.550000
vertex 1.009012 0.753733 0.549039
endloop
endfacet
facet normal 0.086769 0.046418 -0.995146
outer loop
vertex 1.000000 0.750000 0.450000
vertex 1.008110 0.755419 0.450960
vertex 1.009012 0.753733 0.450960
endloop
endfacet
facet normal 0.877689 0.469201 -0.097534
outer loop
vertex 1.040774 0.777245 0.490245
vertex 1.041573 0.777778 0.500000
vertex 1.046194 0.769134 0.500000
endloop
endfacet
facet normal 0.877673 0.469238 -0.097496
outer loop
vertex 1.040774 0.777245 0.490245
vertex 1.046194 0.769134 0.500000
vertex 1.045307 0.768766 0.490245
endloop
endfacet
facet normal 0.257061 0.137508 0.956562
outer loop
vertex 1.015909 0.760630 0.546194
vertex 1.008110 0.755419 0.549039
vertex 1.009012 0.753733 0.549039
endloop
endfacet
facet normal 0.257135 0.137448 0.956551
outer loop
vertex 1.015909 0.760630 0.546194
vertex 1.009012 0.753733 0.549039
vertex 1.017677 0.757322 0.546194
endloop
endfacet
facet normal 0.844270 0.451337 -0.288967
outer loop
vertex 1.038409 0.775664 0.480866
vertex 1.040774 0.777245 0.490245
vertex 1.045307 0.768766 0.490245
endloop
endfacet
facet normal 0.844286 0.451192 -0.289149
outer loop
vertex 1.038409 0.775664 0.480866
vertex 1.045307 0.768766 0.490245
vertex 1.042677 0.767677 0.480866
endloop
endfacet
facet normal 0.417328 0.223004 0.880969
outer loop
vertex 1.023097 0.765433 0.541573
vertex 1.015909 0.760630 0.546194
vertex 1.017677 0.757322 0.546194
endloop
endfacet
facet normal 0.417317 0.223059 0.880960
outer loop
vertex 1.023097 0.765433 0.541573
vertex 1.017677 0.757322 0.546194
vertex 1.025664 0.760630 0.541573
endloop
endfacet
facet normal 0.279091 0.084688 -0.956523
outer loop
vertex 1.009012 0.753733 0.450960
vertex 1.017677 0.757322 0.453806
vertex 1.018766 0.753733 0.453806
endloop
endfacet
facet normal 0.279095 0.084643 -0.956526
outer loop
vertex 1.009012 0.753733 0.450960
vertex 1.018766 0.753733 0.453806
vertex 1.009567 0.751903 0.450960
endloop
endfacet
facet normal 0.952397 0.288851 0.097499
outer loop
vertex 1.046194 0.769134 0.500000
vertex 1.045307 0.768766 0.509754
vertex 1.048097 0.759567 0.509754
endloop
endfacet
facet normal 0.952391 0.288862 0.097516
outer loop
vertex 1.046194 0.769134 0.500000
vertex 1.048097 0.759567 0.509754
vertex 1.049039 0.759754 0.500000
endloop
endfacet
facet normal 0.094286 0.028595 0.995134
outer loop
vertex 1.009012 0.753733 0.549039
vertex 1.000000 0.750000 0.550000
vertex 1.009567 0.751903 0.549039
endloop
endfacet
facet normal 0.094175 0.028565 -0.995146
outer loop
vertex 1.000000 0.750000 0.450000
vertex 1.009012 0.753733 0.450960
vertex 1.009567 0.751903 0.450960
endloop
endfacet
facet normal 0.952392 0.288868 -0.097488
outer loop
vertex 1.045307 0.768766 0.490245
vertex 1.046194 0.769134 0.500000
vertex 1.049039 0.759754 0.500000
endloop
endfacet
facet normal 0.952398 0.288842 -0.097507
outer loop
vertex 1.045307 0.768766 0.490245
vertex 1.049039 0.759754 0.500000
vertex 1.048097 0.759567 0.490245
endloop
endfacet
facet normal 0.279015 0.084624 0.956551
outer loop
vertex 1.017677 0.757322 0.546194
vertex 1.009012 0.753733 0.549039
vertex 1.009567 0.751903 0.549039
endloop
endfacet
facet normal 0.278989 0.084662 0.956555
outer loop
vertex 1.017677 0.757322 0.546194
vertex 1.009567 0.751903 0.549039
vertex 1.018766 0.753733 0.546194
endloop
endfacet
facet normal 0.916081 0.277837 -0.289140
outer loop
vertex 1.042677 0.767677 0.480866
vertex 1.045307 0.768766 0.490245
vertex 1.048097 0.759567 0.490245
endloop
endfacet
facet normal 0.916073 0.278049 -0.288961
outer loop
vertex 1.042677 0.767677 0.480866
vertex 1.048097 0.759567 0.490245
vertex 1.045307 0.759012 0.480866
endloop
endfacet
facet normal 0.452802 0.137405 0.880960
outer loop
vertex 1.025664 0.760630 0.541573
vertex 1.017677 0.757322 0.546194
vertex 1.018766 0.753733 0.546194
endloop
endfacet
facet normal 0.452801 0.137368 0.880966
outer loop
vertex 1.025664 0.760630 0.541573
vertex 1.018766 0.753733 0.546194
vertex 1.027245 0.755419 0.541573
endloop
endfacet
facet normal 0.844853 0.256398 -0.469557
outer loop
vertex 1.038409 0.765909 0.472221
vertex 1.042677 0.767677 0.480866
vertex 1.045307 0.759012 0.480866
endloop
endfacet
facet normal 0.844832 0.256199 -0.469703
outer loop
vertex 1.038409 0.765909 0.472221
vertex 1.045307 0.759012 0.480866
vertex 1.040774 0.758110 0.472221
endloop
endfacet
facet normal 0.608741 0.184693 0.771572
outer loop
vertex 1.032664 0.763530 0.535356
vertex 1.025664 0.760630 0.541573
vertex 1.027245 0.755419 0.541573
endloop
endfacet
facet normal 0.608757 0.184707 0.771555
outer loop
vertex 1.032664 0.763530 0.535356
vertex 1.027245 0.755419 0.541573
vertex 1.034676 0.756898 0.535356
endloop
endfacet
facet normal 0.741156 0.224745 -0.632595
outer loop
vertex 1.032664 0.763530 0.464645
vertex 1.038409 0.765909 0.472221
vertex 1.040774 0.758110 0.472221
endloop
endfacet
facet normal 0.741154 0.224865 -0.632555
outer loop
vertex 1.032664 0.763530 0.464645
vertex 1.040774 0.758110 0.472221
vertex 1.034676 0.756898 0.464645
endloop
endfacet
facet normal 0.741203 0.224846 0.632505
outer loop
vertex 1.038409 0.765909 0.527778
vertex 1.032664 0.763530 0.535356
vertex 1.034676 0.756898 0.535356
endloop
endfacet
facet normal 0.741263 0.224789 0.632455
outer loop
vertex 1.038409 0.765909 0.527778
vertex 1.034676 0.756898 0.535356
vertex 1.040774 0.758110 0.527778
endloop
endfacet
facet normal 0.608817 0.184696 -0.771511
outer loop
vertex 1.025664 0.760630 0.458427
vertex 1.032664 0.763530 0.464645
vertex 1.034676 0.756898 0.464645
endloop
endfacet
facet normal 0.608800 0.184733 -0.771515
outer loop
vertex 1.025664 0.760630 0.458427
vertex 1.034676 0.756898 0.464645
vertex 1.027245 0.755419 0.458427
endloop
endfacet
facet normal 0.844900 0.256204 0.469579
outer loop
vertex 1.042677 0.767677 0.519134
vertex 1.038409 0.765909 0.527778
vertex 1.040774 0.758110 0.527778
endloop
endfacet
facet normal 0.844747 0.256394 0.469749
outer loop
vertex 1.042677 0.767677 0.519134
vertex 1.040774 0.758110 0.527778
vertex 1.045307 0.759012 0.519134
endloop
endfacet
facet normal 0.452811 0.137371 -0.880960
outer loop
vertex 1.017677 0.757322 0.453806
vertex 1.025664 0.760630 0.458427
vertex 1.027245 0.755419 0.458427
endloop
endfacet
facet normal 0.452792 0.137403 -0.880965
outer loop
vertex 1.017677 0.757322 0.453806
vertex 1.027245 0.755419 0.458427
vertex 1.018766 0.753733 0.453806
endloop
endfacet
facet normal 0.916030 0.278028 0.289118
outer loop
vertex 1.045307 0.768766 0.509754
vertex 1.042677 0.767677 0.519134
vertex 1.045307 0.759012 0.519134
endloop
endfacet
facet normal 0.916138 0.277861 0.288936
outer loop
vertex 1.045307 0.768766 0.509754
vertex 1.045307 0.759012 0.519134
vertex 1.048097 0.759567 0.509754
endloop
endfacet
facet normal 0.770776 0.075942 -0.632564
outer loop
vertex 1.034676 0.756898 0.464645
vertex 1.040774 0.758110 0.472221
vertex 1.041573 0.750000 0.472221
endloop
endfacet
facet normal 0.770798 0.075991 -0.632532
outer loop
vertex 1.034676 0.756898 0.464645
vertex 1.041573 0.750000 0.472221
vertex 1.035356 0.750000 0.464645
endloop
endfacet
facet normal 0.770851 0.076004 0.632465
outer loop
vertex 1.040774 0.758110 0.527778
vertex 1.034676 0.756898 0.535356
vertex 1.035356 0.750000 0.535356
endloop
endfacet
facet normal 0.770879 0.075956 0.632437
outer loop
vertex 1.040774 0.758110 0.527778
vertex 1.035356 0.750000 0.535356
vertex 1.041573 0.750000 0.527778
endloop
endfacet
facet normal 0.633163 0.062416 -0.771497
outer loop
vertex 1.027245 0.755419 0.458427
vertex 1.034676 0.756898 0.464645
vertex 1.035356 0.750000 0.464645
endloop
endfacet
facet normal 0.633089 0.062276 -0.771570
outer loop
vertex 1.027245 0.755419 0.458427
vertex 1.035356 0.750000 0.464645
vertex 1.027778 0.750000 0.458427
endloop
endfacet
facet normal 0.878542 0.086578 0.469754
outer loop
vertex 1.045307 0.759012 0.519134
vertex 1.040774 0.758110 0.527778
vertex 1.041573 0.750000 0.527778
endloop
endfacet
facet normal 0.878595 0.086469 0.469675
outer loop
vertex 1.045307 0.759012 0.519134
vertex 1.041573 0.750000 0.527778
vertex 1.046194 0.750000 0.519134
endloop
endfacet
facet normal 0.470910 0.046324 -0.880964
outer loop
vertex 1.018766 0.753733 0.453806
vertex 1.027245 0.755419 0.458427
vertex 1.027778 0.750000 0.458427
endloop
endfacet
facet normal 0.470953 0.046453 -0.880934
outer loop
vertex 1.018766 0.753733 0.453806
vertex 1.027778 0.750000 0.458427
vertex 1.019134 0.750000 0.453806
endloop
endfacet
facet normal 0.952747 0.093757 0.288933
outer loop
vertex 1.048097 0.759567 0.509754
vertex 1.045307 0.759012 0.519134
vertex 1.046194 0.750000 0.519134
endloop
endfacet
facet normal 0.952729 0.093813 0.288975
outer loop
vertex 1.048097 0.759567 0.509754
vertex 1.046194 0.750000 0.519134
vertex 1.049039 0.750000 0.509754
endloop
endfacet
facet normal 0.290240 0.028611 -0.956526
outer loop
vertex 1.009567 0.751903 0.450960
vertex 1.018766 0.753733 0.453806
vertex 1.019134 0.750000 0.453806
endloop
endfacet
facet normal 0.290218 0.028496 -0.956536
outer loop
vertex 1.009567 0.751903 0.450960
vertex 1.019134 0.750000 0.453806
vertex 1.009754 0.750000 0.450960
endloop
endfacet
facet normal 0.990444 0.097524 0.097520
outer loop
vertex 1.049039 0.759754 0.500000
vertex 1.048097 0.759567 0.509754
vertex 1.049039 0.750000 0.509754
endloop
endfacet
facet normal 0.990431 0.097593 0.097576
outer loop
vertex 1.049039 0.759754 0.500000
vertex 1.049039 0.750000 0.509754
vertex 1.050000 0.750000 0.500000
endloop
endfacet
facet normal 0.098048 0.009630 0.995135
outer loop
vertex 1.009567 0.751903 0.549039
vertex 1.000000 0.750000 0.550000
vertex 1.009754 0.750000 0.549039
endloop
endfacet
facet normal 0.097937 0.009624 -0.995146
outer loop
vertex 1.000000 0.750000 0.450000
vertex 1.009567 0.751903 0.450960
vertex 1.009754 0.750000 0.450960
endloop
endfacet
facet normal 0.990441 0.097563 -0.097510
outer loop
vertex 1.048097 0.759567 0.490245
vertex 1.049039 0.759754 0.500000
vertex 1.050000 0.750000 0.500000
endloop
endfacet
facet normal 0.990436 0.097553 -0.097567
outer loop
vertex 1.048097 0.759567 0.490245
vertex 1.050000 0.750000 0.500000
vertex 1.049039 0.750000 0.490245
endloop
endfacet
facet normal 0.290160 0.028499 0.956554
outer loop
vertex 1.018766 0.753733 0.546194
vertex 1.009567 0.751903 0.549039
vertex 1.009754 0.750000 0.549039
endloop
endfacet
facet normal 0.290121 0.028585 0.956563
outer loop
vertex 1.018766 0.753733 0.546194
vertex 1.009754 0.750000 0.549039
vertex 1.019134 0.750000 0.546194
endloop
endfacet
facet normal 0.952734 0.093804 -0.288963
outer loop
vertex 1.045307 0.759012 0.480866
vertex 1.048097 0.759567 0.490245
vertex 1.049039 0.750000 0.490245
endloop
endfacet
facet normal 0.952726 0.093765 -0.289001
outer loop
vertex 1.045307 0.759012 0.480866
vertex 1.049039 0.750000 0.490245
vertex 1.046194 0.750000 0.480866
endloop
endfacet
facet normal 0.470901 0.046423 0.880964
outer loop
vertex 1.027245 0.755419 0.541573
vertex 1.018766 0.753733 0.546194
vertex 1.019134 0.750000 0.546194
endloop
endfacet
facet normal 0.470948 0.046345 0.880943
outer loop
vertex 1.027245 0.755419 0.541573
vertex 1.019134 0.750000 0.546194
vertex 1.027778 0.750000 0.541573
endloop
endfacet
facet normal 0.878577 0.086479 -0.469707
outer loop
vertex 1.040774 0.758110 0.472221
vertex 1.045307 0.759012 0.480866
vertex 1.046194 0.750000 0.480866
endloop
endfacet
facet normal 0.878603 0.086575 -0.469640
outer loop
vertex 1.040774 0.758110 0.472221
vertex 1.046194 0.750000 0.480866
vertex 1.041573 0.750000 0.472221
endloop
endfacet
facet normal 0.633115 0.062254 0.771550
outer loop
vertex 1.034676 0.756898 0.535356
vertex 1.027245 0.755419 0.541573
vertex 1.027778 0.750000 0.541573
endloop
endfacet
facet normal 0.633035 0.062427 0.771602
outer loop
vertex 1.034676 0.756898 0.535356
vertex 1.027778 0.750000 0.541573
vertex 1.035356 0.750000 0.535356
endloop
endfacet
facet normal 0.098048 -0.009630 0.995135
outer loop
vertex 1.009754 0.750000 0.549039
vertex 1.000000 0.750000 0.550000
vertex 1.009567 0.748097 0.549039
endloop
endfacet
facet normal 0.097937 -0.009624 -0.995146
outer loop
vertex 1.000000 0.750000 0.450000
vertex 1.009754 0.750000 0.450960
vertex 1.009567 0.748097 0.450960
endloop
endfacet
facet normal 0.990435 -0.097572 -0.097565
outer loop
vertex 1.049039 0.750000 0.490245
vertex 1.050000 0.750000 0.500000
vertex 1.049039 0.740245 0.500000
endloop
endfacet
facet normal 0.990443 -0.097534 -0.097522
outer loop
vertex 1.049039 0.750000 0.490245
vertex 1.049039 0.740245 0.500000
vertex 1.048097 0.740433 0.490245
endloop
endfacet
facet normal 0.290120 -0.028497 0.956566
outer loop
vertex 1.019134 0.750000 0.546194
vertex 1.009754 0.750000 0.549039
vertex 1.009567 0.748097 0.549039
endloop
endfacet
facet normal 0.290141 -0.028586 0.956557
outer loop
vertex 1.019134 0.750000 0.546194
vertex 1.009567 0.748097 0.549039
vertex 1.018766 0.746267 0.546194
endloop
endfacet
facet normal 0.952722 -0.093803 -0.289001
outer loop
vertex 1.046194 0.750000 0.480866
vertex 1.049039 0.750000 0.490245
vertex 1.048097 0.740433 0.490245
endloop
endfacet
facet normal 0.952737 -0.093766 -0.288962
outer loop
vertex 1.046194 0.750000 0.480866
vertex 1.048097 0.740433 0.490245
vertex 1.045307 0.740988 0.480866
endloop
endfacet
facet normal 0.470953 -0.046452 0.880934
outer loop
vertex 1.027778 0.750000 0.541573
vertex 1.019134 0.750000 0.546194
vertex 1.018766 0.746267 0.546194
endloop
endfacet
facet normal 0.470912 -0.046324 0.880963
outer loop
vertex 1.027778 0.750000 0.541573
vertex 1.018766 0.746267 0.546194
vertex 1.027245 0.744581 0.541573
endloop
endfacet
facet normal 0.878615 -0.086461 -0.469638
outer loop
vertex 1.041573 0.750000 0.472221
vertex 1.046194 0.750000 0.480866
vertex 1.045307 0.740988 0.480866
endloop
endfacet
facet normal 0.878561 -0.086594 -0.469715
outer loop
vertex 1.041573 0.750000 0.472221
vertex 1.045307 0.740988 0.480866
vertex 1.040774 0.741890 0.472221
endloop
endfacet
facet normal 0.633028 -0.062281 0.771620
outer loop
vertex 1.035356 0.750000 0.535356
vertex 1.027778 0.750000 0.541573
vertex 1.027245 0.744581 0.541573
endloop
endfacet
facet normal 0.633092 -0.062415 0.771556
outer loop
vertex 1.035356 0.750000 0.535356
vertex 1.027245 0.744581 0.541573
vertex 1.034676 0.743103 0.535356
endloop
endfacet
facet normal 0.770797 -0.075967 -0.632535
outer loop
vertex 1.035356 0.750000 0.464645
vertex 1.041573 0.750000 0.472221
vertex 1.040774 0.741890 0.472221
endloop
endfacet
facet normal 0.770763 -0.075971 -0.632577
outer loop
vertex 1.035356 0.750000 0.464645
vertex 1.040774 0.741890 0.472221
vertex 1.034676 0.743103 0.464645
endloop
endfacet
facet normal 0.770880 -0.075990 0.632431
outer loop
vertex 1.041573 0.750000 0.527778
vertex 1.035356 0.750000 0.535356
vertex 1.034676 0.743103 0.535356
endloop
endfacet
facet normal 0.770848 -0.075977 0.632472
outer loop
vertex 1.041573 0.750000 0.527778
vertex 1.034676 0.743103 0.535356
vertex 1.040774 0.741890 0.527778
endloop
endfacet
facet normal 0.633085 -0.062432 -0.771560
outer loop
vertex 1.027778 0.750000 0.458427
vertex 1.035356 0.750000 0.464645
vertex 1.034676 0.743103 0.464645
endloop
endfacet
facet normal 0.633179 -0.062267 -0.771497
outer loop
vertex 1.027778 0.750000 0.458427
vertex 1.034676 0.743103 0.464645
vertex 1.027245 0.744581 0.458427
endloop
endfacet
facet normal 0.878583 -0.086583 0.469676
outer loop
vertex 1.046194 0.750000 0.519134
vertex 1.041573 0.750000 0.527778
vertex 1.040774 0.741890 0.527778
endloop
endfacet
facet normal 0.878557 -0.086465 0.469745
outer loop
vertex 1.046194 0.750000 0.519134
vertex 1.040774 0.741890 0.527778
vertex 1.045307 0.740988 0.519134
endloop
endfacet
facet normal 0.470946 -0.046345 -0.880944
outer loop
vertex 1.019134 0.750000 0.453806
vertex 1.027778 0.750000 0.458427
vertex 1.027245 0.744581 0.458427
endloop
endfacet
facet normal 0.470895 -0.046422 -0.880967
outer loop
vertex 1.019134 0.750000 0.453806
vertex 1.027245 0.744581 0.458427
vertex 1.018766 0.746267 0.453806
endloop
endfacet
facet normal 0.952735 -0.093756 0.288974
outer loop
vertex 1.049039 0.750000 0.509754
vertex 1.046194 0.750000 0.519134
vertex 1.045307 0.740988 0.519134
endloop
endfacet
facet normal 0.952742 -0.093814 0.288933
outer loop
vertex 1.049039 0.750000 0.509754
vertex 1.045307 0.740988 0.519134
vertex 1.048097 0.740433 0.509754
endloop
endfacet
facet normal 0.290224 -0.028596 -0.956531
outer loop
vertex 1.009754 0.750000 0.450960
vertex 1.019134 0.750000 0.453806
vertex 1.018766 0.746267 0.453806
endloop
endfacet
facet normal 0.290260 -0.028525 -0.956523
outer loop
vertex 1.009754 0.750000 0.450960
vertex 1.018766 0.746267 0.453806
vertex 1.009567 0.748097 0.450960
endloop
endfacet
facet normal 0.990437 -0.097542 0.097576
outer loop
vertex 1.050000 0.750000 0.500000
vertex 1.049039 0.750000 0.509754
vertex 1.048097 0.740433 0.509754
endloop
endfacet
facet normal 0.990439 -0.097565 0.097532
outer loop
vertex 1.050000 0.750000 0.500000
vertex 1.048097 0.740433 0.509754
vertex 1.049039 0.740245 0.500000
endloop
endfacet
facet normal 0.741242 -0.224823 0.632467
outer loop
vertex 1.040774 0.741890 0.527778
vertex 1.034676 0.743103 0.535356
vertex 1.032664 0.736470 0.535356
endloop
endfacet
facet normal 0.741224 -0.224781 0.632504
outer loop
vertex 1.040774 0.741890 0.527778
vertex 1.032664 0.736470 0.535356
vertex 1.038409 0.734091 0.527778
endloop
endfacet
facet normal 0.608838 -0.184703 -0.771493
outer loop
vertex 1.027245 0.744581 0.458427
vertex 1.034676 0.743103 0.464645
vertex 1.032664 0.736470 0.464645
endloop
endfacet
facet normal 0.608826 -0.184672 -0.771510
outer loop
vertex 1.027245 0.744581 0.458427
vertex 1.032664 0.736470 0.464645
vertex 1.025664 0.739369 0.458427
endloop
endfacet
facet normal 0.844810 -0.256196 0.469744
outer loop
vertex 1.045307 0.740988 0.519134
vertex 1.040774 0.741890 0.527778
vertex 1.038409 0.734091 0.527778
endloop
endfacet
facet normal 0.844825 -0.256369 0.469622
outer loop
vertex 1.045307 0.740988 0.519134
vertex 1.038409 0.734091 0.527778
vertex 1.042677 0.732322 0.519134
endloop
endfacet
facet normal 0.452813 -0.137347 -0.880963
outer loop
vertex 1.018766 0.746267 0.453806
vertex 1.027245 0.744581 0.458427
vertex 1.025664 0.739369 0.458427
endloop
endfacet
facet normal 0.452804 -0.137371 -0.880964
outer loop
vertex 1.018766 0.746267 0.453806
vertex 1.025664 0.739369 0.458427
vertex 1.017677 0.742677 0.453806
endloop
endfacet
facet normal 0.916093 -0.278012 0.288936
outer loop
vertex 1.048097 0.740433 0.509754
vertex 1.045307 0.740988 0.519134
vertex 1.042677 0.732322 0.519134
endloop
endfacet
facet normal 0.916096 -0.277848 0.289081
outer loop
vertex 1.048097 0.740433 0.509754
vertex 1.042677 0.732322 0.519134
vertex 1.045307 0.731234 0.509754
endloop
endfacet
facet normal 0.279085 -0.084663 -0.956527
outer loop
vertex 1.009567 0.748097 0.450960
vertex 1.018766 0.746267 0.453806
vertex 1.017677 0.742677 0.453806
endloop
endfacet
facet normal 0.279106 -0.084643 -0.956522
outer loop
vertex 1.009567 0.748097 0.450960
vertex 1.017677 0.742677 0.453806
vertex 1.009012 0.746267 0.450960
endloop
endfacet
facet normal 0.952392 -0.288849 0.097544
outer loop
vertex 1.049039 0.740245 0.500000
vertex 1.048097 0.740433 0.509754
vertex 1.045307 0.731234 0.509754
endloop
endfacet
facet normal 0.952385 -0.288890 0.097498
outer loop
vertex 1.049039 0.740245 0.500000
vertex 1.045307 0.731234 0.509754
vertex 1.046194 0.730866 0.500000
endloop
endfacet
facet normal 0.094281 -0.028594 0.995135
outer loop
vertex 1.009567 0.748097 0.549039
vertex 1.000000 0.750000 0.550000
vertex 1.009012 0.746267 0.549039
endloop
endfacet
facet normal 0.094183 -0.028563 -0.995145
outer loop
vertex 1.000000 0.750000 0.450000
vertex 1.009567 0.748097 0.450960
vertex 1.009012 0.746267 0.450960
endloop
endfacet
facet normal 0.952380 -0.288894 -0.097531
outer loop
vertex 1.048097 0.740433 0.490245
vertex 1.049039 0.740245 0.500000
vertex 1.046194 0.730866 0.500000
endloop
endfacet
facet normal 0.952400 -0.288844 -0.097489
outer loop
vertex 1.048097 0.740433 0.490245
vertex 1.046194 0.730866 0.500000
vertex 1.045307 0.731234 0.490245
endloop
endfacet
facet normal 0.278999 -0.084641 0.956554
outer loop
vertex 1.018766 0.746267 0.546194
vertex 1.009567 0.748097 0.549039
vertex 1.009012 0.746267 0.549039
endloop
endfacet
facet normal 0.278998 -0.084629 0.956555
outer loop
vertex 1.018766 0.746267 0.546194
vertex 1.009012 0.746267 0.549039
vertex 1.017677 0.742677 0.546194
endloop
endfacet
facet normal 0.916133 -0.277849 -0.288965
outer loop
vertex 1.045307 0.740988 0.480866
vertex 1.048097 0.740433 0.490245
vertex 1.045307 0.731234 0.490245
endloop
endfacet
facet normal 0.916036 -0.278006 -0.289119
outer loop
vertex 1.045307 0.740988 0.480866
vertex 1.045307 0.731234 0.490245
vertex 1.042677 0.732322 0.480866
endloop
endfacet
facet normal 0.452815 -0.137374 0.880958
outer loop
vertex 1.027245 0.744581 0.541573
vertex 1.018766 0.746267 0.546194
vertex 1.017677 0.742677 0.546194
endloop
endfacet
facet normal 0.452809 -0.137346 0.880965
outer loop
vertex 1.027245 0.744581 0.541573
vertex 1.017677 0.742677 0.546194
vertex 1.025664 0.739369 0.541573
endloop
endfacet
facet normal 0.844774 -0.256366 -0.469715
outer loop
vertex 1.040774 0.741890 0.472221
vertex 1.045307 0.740988 0.480866
vertex 1.042677 0.732322 0.480866
endloop
endfacet
facet normal 0.844911 -0.256202 -0.469559
outer loop
vertex 1.040774 0.741890 0.472221
vertex 1.042677 0.732322 0.480866
vertex 1.038409 0.734091 0.472221
endloop
endfacet
facet normal 0.608781 -0.184686 0.771542
outer loop
vertex 1.034676 0.743103 0.535356
vertex 1.027245 0.744581 0.541573
vertex 1.025664 0.739369 0.541573
endloop
endfacet
facet normal 0.608773 -0.184673 0.771551
outer loop
vertex 1.034676 0.743103 0.535356
vertex 1.025664 0.739369 0.541573
vertex 1.032664 0.736470 0.535356
endloop
endfacet
facet normal 0.741169 -0.224777 -0.632569
outer loop
vertex 1.034676 0.743103 0.464645
vertex 1.040774 0.741890 0.472221
vertex 1.038409 0.734091 0.472221
endloop
endfacet
facet normal 0.741136 -0.224795 -0.632601
outer loop
vertex 1.034676 0.743103 0.464645
vertex 1.038409 0.734091 0.472221
vertex 1.032664 0.736470 0.464645
endloop
endfacet
facet normal 0.877719 -0.469151 -0.097499
outer loop
vertex 1.045307 0.731234 0.490245
vertex 1.046194 0.730866 0.500000
vertex 1.041573 0.722221 0.500000
endloop
endfacet
facet normal 0.877660 -0.469246 -0.097578
outer loop
vertex 1.045307 0.731234 0.490245
vertex 1.041573 0.722221 0.500000
vertex 1.040774 0.722755 0.490245
endloop
endfacet
facet normal 0.257085 -0.137571 0.956547
outer loop
vertex 1.017677 0.742677 0.546194
vertex 1.009012 0.746267 0.549039
vertex 1.008110 0.744581 0.549039
endloop
endfacet
facet normal 0.257111 -0.137410 0.956563
outer loop
vertex 1.017677 0.742677 0.546194
vertex 1.008110 0.744581 0.549039
vertex 1.015909 0.739369 0.546194
endloop
endfacet
facet normal 0.844230 -0.451336 -0.289087
outer loop
vertex 1.042677 0.732322 0.480866
vertex 1.045307 0.731234 0.490245
vertex 1.040774 0.722755 0.490245
endloop
endfacet
facet normal 0.844319 -0.451245 -0.288970
outer loop
vertex 1.042677 0.732322 0.480866
vertex 1.040774 0.722755 0.490245
vertex 1.038409 0.724336 0.480866
endloop
endfacet
facet normal 0.417317 -0.223034 0.880967
outer loop
vertex 1.025664 0.739369 0.541573
vertex 1.017677 0.742677 0.546194
vertex 1.015909 0.739369 0.546194
endloop
endfacet
facet normal 0.417314 -0.223085 0.880955
outer loop
vertex 1.025664 0.739369 0.541573
vertex 1.015909 0.739369 0.546194
vertex 1.023097 0.734567 0.541573
endloop
endfacet
facet normal 0.778655 -0.416165 -0.469577
outer loop
vertex 1.038409 0.734091 0.472221
vertex 1.042677 0.732322 0.480866
vertex 1.038409 0.724336 0.480866
endloop
endfacet
facet normal 0.778635 -0.416162 -0.469614
outer loop
vertex 1.038409 0.734091 0.472221
vertex 1.038409 0.724336 0.480866
vertex 1.034567 0.726903 0.472221
endloop
endfacet
facet normal 0.561038 -0.299911 0.771550
outer loop
vertex 1.032664 0.736470 0.535356
vertex 1.025664 0.739369 0.541573
vertex 1.023097 0.734567 0.541573
endloop
endfacet
facet normal 0.561052 -0.299822 0.771575
outer loop
vertex 1.032664 0.736470 0.535356
vertex 1.023097 0.734567 0.541573
vertex 1.029397 0.730357 0.535356
endloop
endfacet
facet normal 0.683029 -0.365084 -0.632601
outer loop
vertex 1.032664 0.736470 0.464645
vertex 1.038409 0.734091 0.472221
vertex 1.034567 0.726903 0.472221
endloop
endfacet
facet normal 0.683074 -0.365059 -0.632568
outer loop
vertex 1.032664 0.736470 0.464645
vertex 1.034567 0.726903 0.472221
vertex 1.029397 0.730357 0.464645
endloop
endfacet
facet normal 0.683123 -0.365070 0.632508
outer loop
vertex 1.038409 0.734091 0.527778
vertex 1.032664 0.736470 0.535356
vertex 1.029397 0.730357 0.535356
endloop
endfacet
facet normal 0.683124 -0.365133 0.632471
outer loop
vertex 1.038409 0.734091 0.527778
vertex 1.029397 0.730357 0.535356
vertex 1.034567 0.726903 0.527778
endloop
endfacet
facet normal 0.561124 -0.299892 -0.771495
outer loop
vertex 1.025664 0.739369 0.458427
vertex 1.032664 0.736470 0.464645
vertex 1.029397 0.730357 0.464645
endloop
endfacet
facet normal 0.561069 -0.299901 -0.771531
outer loop
vertex 1.025664 0.739369 0.458427
vertex 1.029397 0.730357 0.464645
vertex 1.023097 0.734567 0.458427
endloop
endfacet
facet normal 0.778626 -0.416176 0.469616
outer loop
vertex 1.042677 0.732322 0.519134
vertex 1.038409 0.734091 0.527778
vertex 1.034567 0.726903 0.527778
endloop
endfacet
facet normal 0.778631 -0.416120 0.469658
outer loop
vertex 1.042677 0.732322 0.519134
vertex 1.034567 0.726903 0.527778
vertex 1.038409 0.724336 0.519134
endloop
endfacet
facet normal 0.417307 -0.223094 -0.880956
outer loop
vertex 1.017677 0.742677 0.453806
vertex 1.025664 0.739369 0.458427
vertex 1.023097 0.734567 0.458427
endloop
endfacet
facet normal 0.417331 -0.223019 -0.880964
outer loop
vertex 1.017677 0.742677 0.453806
vertex 1.023097 0.734567 0.458427
vertex 1.015909 0.739369 0.453806
endloop
endfacet
facet normal 0.844287 -0.451241 0.289069
outer loop
vertex 1.045307 0.731234 0.509754
vertex 1.042677 0.732322 0.519134
vertex 1.038409 0.724336 0.519134
endloop
endfacet
facet normal 0.844273 -0.451352 0.288939
outer loop
vertex 1.045307 0.731234 0.509754
vertex 1.038409 0.724336 0.519134
vertex 1.040774 0.722755 0.509754
endloop
endfacet
facet normal 0.257208 -0.137491 -0.956525
outer loop
vertex 1.009012 0.746267 0.450960
vertex 1.017677 0.742677 0.453806
vertex 1.015909 0.739369 0.453806
endloop
endfacet
facet normal 0.257127 -0.137547 -0.956539
outer loop
vertex 1.009012 0.746267 0.450960
vertex 1.015909 0.739369 0.453806
vertex 1.008110 0.744581 0.450960
endloop
endfacet
facet normal 0.877678 -0.469225 0.097515
outer loop
vertex 1.046194 0.730866 0.500000
vertex 1.045307 0.731234 0.509754
vertex 1.040774 0.722755 0.509754
endloop
endfacet
facet normal 0.877700 -0.469170 0.097581
outer loop
vertex 1.046194 0.730866 0.500000
vertex 1.040774 0.722755 0.509754
vertex 1.041573 0.722221 0.500000
endloop
endfacet
facet normal 0.086860 -0.046476 0.995136
outer loop
vertex 1.009012 0.746267 0.549039
vertex 1.000000 0.750000 0.550000
vertex 1.008110 0.744581 0.549039
endloop
endfacet
facet normal 0.086767 -0.046420 -0.995147
outer loop
vertex 1.000000 0.750000 0.450000
vertex 1.009012 0.746267 0.450960
vertex 1.008110 0.744581 0.450960
endloop
endfacet
facet normal 0.491754 -0.403627 -0.771533
outer loop
vertex 1.023097 0.734567 0.458427
vertex 1.029397 0.730357 0.464645
vertex 1.025000 0.725000 0.464645
endloop
endfacet
facet normal 0.491809 -0.403633 -0.771495
outer loop
vertex 1.023097 0.734567 0.458427
vertex 1.025000 0.725000 0.464645
vertex 1.019642 0.730357 0.458427
endloop
endfacet
facet normal 0.682468 -0.560064 0.469645
outer loop
vertex 1.038409 0.724336 0.519134
vertex 1.034567 0.726903 0.527778
vertex 1.029397 0.720603 0.527778
endloop
endfacet
facet normal 0.682446 -0.560114 0.469617
outer loop
vertex 1.038409 0.724336 0.519134
vertex 1.029397 0.720603 0.527778
vertex 1.032664 0.717336 0.519134
endloop
endfacet
facet normal 0.365796 -0.300191 -0.880953
outer loop
vertex 1.015909 0.739369 0.453806
vertex 1.023097 0.734567 0.458427
vertex 1.019642 0.730357 0.458427
endloop
endfacet
facet normal 0.365810 -0.300186 -0.880949
outer loop
vertex 1.015909 0.739369 0.453806
vertex 1.019642 0.730357 0.458427
vertex 1.013530 0.736470 0.453806
endloop
endfacet
facet normal 0.740022 -0.607351 0.288949
outer loop
vertex 1.040774 0.722755 0.509754
vertex 1.038409 0.724336 0.519134
vertex 1.032664 0.717336 0.519134
endloop
endfacet
facet normal 0.740043 -0.607303 0.288998
outer loop
vertex 1.040774 0.722755 0.509754
vertex 1.032664 0.717336 0.519134
vertex 1.034676 0.715324 0.509754
endloop
endfacet
facet normal 0.225431 -0.184984 -0.956536
outer loop
vertex 1.008110 0.744581 0.450960
vertex 1.015909 0.739369 0.453806
vertex 1.013530 0.736470 0.453806
endloop
endfacet
facet normal 0.225524 -0.184929 -0.956525
outer loop
vertex 1.008110 0.744581 0.450960
vertex 1.013530 0.736470 0.453806
vertex 1.006898 0.743103 0.450960
endloop
endfacet
facet normal 0.769356 -0.631322 0.097589
outer loop
vertex 1.041573 0.722221 0.500000
vertex 1.040774 0.722755 0.509754
vertex 1.034676 0.715324 0.509754
endloop
endfacet
facet normal 0.769343 -0.631337 0.097596
outer loop
vertex 1.041573 0.722221 0.500000
vertex 1.034676 0.715324 0.509754
vertex 1.035356 0.714645 0.500000
endloop
endfacet
facet normal 0.076172 -0.062474 0.995136
outer loop
vertex 1.008110 0.744581 0.549039
vertex 1.000000 0.750000 0.550000
vertex 1.006898 0.743103 0.549039
endloop
endfacet
facet normal 0.076099 -0.062413 -0.995145
outer loop
vertex 1.000000 0.750000 0.450000
vertex 1.008110 0.744581 0.450960
vertex 1.006898 0.743103 0.450960
endloop
endfacet
facet normal 0.769339 -0.631344 -0.097581
outer loop
vertex 1.040774 0.722755 0.490245
vertex 1.041573 0.722221 0.500000
vertex 1.035356 0.714645 0.500000
endloop
endfacet
facet normal 0.769357 -0.631322 -0.097583
outer loop
vertex 1.040774 0.722755 0.490245
vertex 1.035356 0.714645 0.500000
vertex 1.034676 0.715324 0.490245
endloop
endfacet
facet normal 0.225416 -0.184831 0.956570
outer loop
vertex 1.015909 0.739369 0.546194
vertex 1.008110 0.744581 0.549039
vertex 1.006898 0.743103 0.549039
endloop
endfacet
facet normal 0.225377 -0.184951 0.956555
outer loop
vertex 1.015909 0.739369 0.546194
vertex 1.006898 0.743103 0.549039
vertex 1.013530 0.736470 0.546194
endloop
endfacet
facet normal 0.740045 -0.607309 -0.288979
outer loop
vertex 1.038409 0.724336 0.480866
vertex 1.040774 0.722755 0.490245
vertex 1.034676 0.715324 0.490245
endloop
endfacet
facet normal 0.740003 -0.607337 -0.289030
outer loop
vertex 1.038409 0.724336 0.480866
vertex 1.034676 0.715324 0.490245
vertex 1.032664 0.717336 0.480866
endloop
endfacet
facet normal 0.365799 -0.300171 0.880959
outer loop
vertex 1.023097 0.734567 0.541573
vertex 1.015909 0.739369 0.546194
vertex 1.013530 0.736470 0.546194
endloop
endfacet
facet normal 0.365797 -0.300199 0.880950
outer loop
vertex 1.023097 0.734567 0.541573
vertex 1.013530 0.736470 0.546194
vertex 1.019642 0.730357 0.541573
endloop
endfacet
facet normal 0.682451 -0.560118 -0.469605
outer loop
vertex 1.034567 0.726903 0.472221
vertex 1.038409 0.724336 0.480866
vertex 1.032664 0.717336 0.480866
endloop
endfacet
facet normal 0.682502 -0.560079 -0.469578
outer loop
vertex 1.034567 0.726903 0.472221
vertex 1.032664 0.717336 0.480866
vertex 1.029397 0.720603 0.472221
endloop
endfacet
facet normal 0.491733 -0.403573 0.771575
outer loop
vertex 1.029397 0.730357 0.535356
vertex 1.023097 0.734567 0.541573
vertex 1.019642 0.730357 0.541573
endloop
endfacet
facet normal 0.491728 -0.403600 0.771564
outer loop
vertex 1.029397 0.730357 0.535356
vertex 1.019642 0.730357 0.541573
vertex 1.025000 0.725000 0.535356
endloop
endfacet
facet normal 0.598717 -0.491313 -0.632574
outer loop
vertex 1.029397 0.730357 0.464645
vertex 1.034567 0.726903 0.472221
vertex 1.029397 0.720603 0.472221
endloop
endfacet
facet normal 0.598630 -0.491347 -0.632630
outer loop
vertex 1.029397 0.730357 0.464645
vertex 1.029397 0.720603 0.472221
vertex 1.025000 0.725000 0.464645
endloop
endfacet
facet normal 0.598733 -0.491429 0.632469
outer loop
vertex 1.034567 0.726903 0.527778
vertex 1.029397 0.730357 0.535356
vertex 1.025000 0.725000 0.535356
endloop
endfacet
facet normal 0.598744 -0.491344 0.632524
outer loop
vertex 1.034567 0.726903 0.527778
vertex 1.025000 0.725000 0.535356
vertex 1.029397 0.720603 0.527778
endloop
endfacet
facet normal 0.184881 -0.225437 0.956555
outer loop
vertex 1.013530 0.736470 0.546194
vertex 1.006898 0.743103 0.549039
vertex 1.005419 0.741890 0.549039
endloop
endfacet
facet normal 0.184875 -0.225407 0.956563
outer loop
vertex 1.013530 0.736470 0.546194
vertex 1.005419 0.741890 0.549039
vertex 1.010630 0.734091 0.546194
endloop
endfacet
facet normal 0.607291 -0.740037 -0.289037
outer loop
vertex 1.032664 0.717336 0.480866
vertex 1.034676 0.715324 0.490245
vertex 1.027245 0.709226 0.490245
endloop
endfacet
facet normal 0.607346 -0.740014 -0.288982
outer loop
vertex 1.032664 0.717336 0.480866
vertex 1.027245 0.709226 0.490245
vertex 1.025664 0.711591 0.480866
endloop
endfacet
facet normal 0.300115 -0.365879 0.880945
outer loop
vertex 1.019642 0.730357 0.541573
vertex 1.013530 0.736470 0.546194
vertex 1.010630 0.734091 0.546194
endloop
endfacet
facet normal 0.300171 -0.365782 0.880966
outer loop
vertex 1.019642 0.730357 0.541573
vertex 1.010630 0.734091 0.546194
vertex 1.015433 0.726903 0.541573
endloop
endfacet
facet normal 0.560109 -0.682477 -0.469577
outer loop
vertex 1.029397 0.720603 0.472221
vertex 1.032664 0.717336 0.480866
vertex 1.025664 0.711591 0.480866
endloop
endfacet
facet normal 0.560072 -0.682486 -0.469609
outer loop
vertex 1.029397 0.720603 0.472221
vertex 1.025664 0.711591 0.480866
vertex 1.023097 0.715433 0.472221
endloop
endfacet
facet normal 0.403561 -0.491786 0.771547
outer loop
vertex 1.025000 0.725000 0.535356
vertex 1.019642 0.730357 0.541573
vertex 1.015433 0.726903 0.541573
endloop
endfacet
facet normal 0.403572 -0.491766 0.771554
outer loop
vertex 1.025000 0.725000 0.535356
vertex 1.015433 0.726903 0.541573
vertex 1.019642 0.720603 0.535356
endloop
endfacet
facet normal 0.491300 -0.598681 -0.632618
outer loop
vertex 1.025000 0.725000 0.464645
vertex 1.029397 0.720603 0.472221
vertex 1.023097 0.715433 0.472221
endloop
endfacet
facet normal 0.491299 -0.598704 -0.632597
outer loop
vertex 1.025000 0.725000 0.464645
vertex 1.023097 0.715433 0.472221
vertex 1.019642 0.720603 0.464645
endloop
endfacet
facet normal 0.491352 -0.598760 0.632503
outer loop
vertex 1.029397 0.720603 0.527778
vertex 1.025000 0.725000 0.535356
vertex 1.019642 0.720603 0.535356
endloop
endfacet
facet normal 0.491352 -0.598747 0.632515
outer loop
vertex 1.029397 0.720603 0.527778
vertex 1.019642 0.720603 0.535356
vertex 1.023097 0.715433 0.527778
endloop
endfacet
facet normal 0.403610 -0.491819 -0.771501
outer loop
vertex 1.019642 0.730357 0.458427
vertex 1.025000 0.725000 0.464645
vertex 1.019642 0.720603 0.464645
endloop
endfacet
facet normal 0.403599 -0.491823 -0.771504
outer loop
vertex 1.019642 0.730357 0.458427
vertex 1.019642 0.720603 0.464645
vertex 1.015433 0.726903 0.458427
endloop
endfacet
facet normal 0.560070 -0.682488 0.469609
outer loop
vertex 1.032664 0.717336 0.519134
vertex 1.029397 0.720603 0.527778
vertex 1.023097 0.715433 0.527778
endloop
endfacet
facet normal 0.560087 -0.682442 0.469655
outer loop
vertex 1.032664 0.717336 0.519134
vertex 1.023097 0.715433 0.527778
vertex 1.025664 0.711591 0.519134
endloop
endfacet
facet normal 0.300195 -0.365801 -0.880950
outer loop
vertex 1.013530 0.736470 0.453806
vertex 1.019642 0.730357 0.458427
vertex 1.015433 0.726903 0.458427
endloop
endfacet
facet normal 0.300088 -0.365846 -0.880967
outer loop
vertex 1.013530 0.736470 0.453806
vertex 1.015433 0.726903 0.458427
vertex 1.010630 0.734091 0.453806
endloop
endfacet
facet normal 0.607338 -0.740011 0.289006
outer loop
vertex 1.034676 0.715324 0.509754
vertex 1.032664 0.717336 0.519134
vertex 1.025664 0.711591 0.519134
endloop
endfacet
facet normal 0.607308 -0.740056 0.288954
outer loop
vertex 1.034676 0.715324 0.509754
vertex 1.025664 0.711591 0.519134
vertex 1.027245 0.709226 0.509754
endloop
endfacet
facet normal 0.184960 -0.225491 -0.956527
outer loop
vertex 1.006898 0.743103 0.450960
vertex 1.013530 0.736470 0.453806
vertex 1.010630 0.734091 0.453806
endloop
endfacet
facet normal 0.184964 -0.225499 -0.956524
outer loop
vertex 1.006898 0.743103 0.450960
vertex 1.010630 0.734091 0.453806
vertex 1.005419 0.741890 0.450960
endloop
endfacet
facet normal 0.631338 -0.769345 0.097577
outer loop
vertex 1.035356 0.714645 0.500000
vertex 1.034676 0.715324 0.509754
vertex 1.027245 0.709226 0.509754
endloop
endfacet
facet normal 0.631313 -0.769373 0.097515
outer loop
vertex 1.035356 0.714645 0.500000
vertex 1.027245 0.709226 0.509754
vertex 1.027778 0.708427 0.500000
endloop
endfacet
facet normal 0.062443 -0.076169 0.995138
outer loop
vertex 1.006898 0.743103 0.549039
vertex 1.000000 0.750000 0.550000
vertex 1.005419 0.741890 0.549039
endloop
endfacet
facet normal 0.062429 -0.076086 -0.995145
outer loop
vertex 1.000000 0.750000 0.450000
vertex 1.006898 0.743103 0.450960
vertex 1.005419 0.741890 0.450960
endloop
endfacet
facet normal 0.631296 -0.769380 -0.097568
outer loop
vertex 1.034676 0.715324 0.490245
vertex 1.035356 0.714645 0.500000
vertex 1.027778 0.708427 0.500000
endloop
endfacet
facet normal 0.631358 -0.769337 -0.097503
outer loop
vertex 1.034676 0.715324 0.490245
vertex 1.027778 0.708427 0.500000
vertex 1.027245 0.709226 0.490245
endloop
endfacet
facet normal 0.416179 -0.778590 0.469673
outer loop
vertex 1.025664 0.711591 0.519134
vertex 1.023097 0.715433 0.527778
vertex 1.015909 0.711591 0.527778
endloop
endfacet
facet normal 0.416099 -0.778691 0.469576
outer loop
vertex 1.025664 0.711591 0.519134
vertex 1.015909 0.711591 0.527778
vertex 1.017677 0.707323 0.519134
endloop
endfacet
facet normal 0.223035 -0.417316 -0.880967
outer loop
vertex 1.010630 0.734091 0.453806
vertex 1.015433 0.726903 0.458427
vertex 1.010630 0.724336 0.458427
endloop
endfacet
facet normal 0.223159 -0.417308 -0.880939
outer loop
vertex 1.010630 0.734091 0.453806
vertex 1.010630 0.724336 0.458427
vertex 1.007322 0.732322 0.453806
endloop
endfacet
facet normal 0.451185 -0.844358 0.288950
outer loop
vertex 1.027245 0.709226 0.509754
vertex 1.025664 0.711591 0.519134
vertex 1.017677 0.707323 0.519134
endloop
endfacet
facet normal 0.451345 -0.844216 0.289115
outer loop
vertex 1.027245 0.709226 0.509754
vertex 1.017677 0.707323 0.519134
vertex 1.018766 0.704693 0.509754
endloop
endfacet
facet normal 0.137518 -0.257158 -0.956535
outer loop
vertex 1.005419 0.741890 0.450960
vertex 1.010630 0.734091 0.453806
vertex 1.007322 0.732322 0.453806
endloop
endfacet
facet normal 0.137608 -0.257173 -0.956518
outer loop
vertex 1.005419 0.741890 0.450960
vertex 1.007322 0.732322 0.453806
vertex 1.003733 0.740988 0.450960
endloop
endfacet
facet normal 0.469225 -0.877677 0.097528
outer loop
vertex 1.027778 0.708427 0.500000
vertex 1.027245 0.709226 0.509754
vertex 1.018766 0.704693 0.509754
endloop
endfacet
facet normal 0.469196 -0.877695 0.097504
outer loop
vertex 1.027778 0.708427 0.500000
vertex 1.018766 0.704693 0.509754
vertex 1.019134 0.703806 0.500000
endloop
endfacet
facet normal 0.046486 -0.086862 0.995135
outer loop
vertex 1.005419 0.741890 0.549039
vertex 1.000000 0.750000 0.550000
vertex 1.003733 0.740988 0.549039
endloop
endfacet
facet normal 0.046403 -0.086770 -0.995147
outer loop
vertex 1.000000 0.750000 0.450000
vertex 1.005419 0.741890 0.450960
vertex 1.003733 0.740988 0.450960
endloop
endfacet
facet normal 0.469197 -0.877692 -0.097519
outer loop
vertex 1.027245 0.709226 0.490245
vertex 1.027778 0.708427 0.500000
vertex 1.019134 0.703806 0.500000
endloop
endfacet
facet normal 0.469215 -0.877686 -0.097492
outer loop
vertex 1.027245 0.709226 0.490245
vertex 1.019134 0.703806 0.500000
vertex 1.018766 0.704693 0.490245
endloop
endfacet
facet normal 0.137541 -0.257040 0.956563
outer loop
vertex 1.010630 0.734091 0.546194
vertex 1.005419 0.741890 0.549039
vertex 1.003733 0.740988 0.549039
endloop
endfacet
facet normal 0.137483 -0.257094 0.956557
outer loop
vertex 1.010630 0.734091 0.546194
vertex 1.003733 0.740988 0.549039
vertex 1.007322 0.732322 0.546194
endloop
endfacet
facet normal 0.451360 -0.844256 -0.288976
outer loop
vertex 1.025664 0.711591 0.480866
vertex 1.027245 0.709226 0.490245
vertex 1.018766 0.704693 0.490245
endloop
endfacet
facet normal 0.451167 -0.844297 -0.289157
outer loop
vertex 1.025664 0.711591 0.480866
vertex 1.018766 0.704693 0.490245
vertex 1.017677 0.707323 0.480866
endloop
endfacet
facet normal 0.223140 -0.417256 0.880969
outer loop
vertex 1.015433 0.726903 0.541573
vertex 1.010630 0.734091 0.546194
vertex 1.007322 0.732322 0.546194
endloop
endfacet
facet normal 0.223062 -0.417350 0.880944
outer loop
vertex 1.015433 0.726903 0.541573
vertex 1.007322 0.732322 0.546194
vertex 1.010630 0.724336 0.541573
endloop
endfacet
facet normal 0.416102 -0.778670 -0.469609
outer loop
vertex 1.023097 0.715433 0.472221
vertex 1.025664 0.711591 0.480866
vertex 1.017677 0.707323 0.480866
endloop
endfacet
facet normal 0.416198 -0.778655 -0.469548
outer loop
vertex 1.023097 0.715433 0.472221
vertex 1.017677 0.707323 0.480866
vertex 1.015909 0.711591 0.472221
endloop
endfacet
facet normal 0.299859 -0.561062 0.771553
outer loop
vertex 1.019642 0.720603 0.535356
vertex 1.015433 0.726903 0.541573
vertex 1.010630 0.724336 0.541573
endloop
endfacet
facet normal 0.299879 -0.561036 0.771564
outer loop
vertex 1.019642 0.720603 0.535356
vertex 1.010630 0.724336 0.541573
vertex 1.013530 0.717336 0.535356
endloop
endfacet
facet normal 0.365080 -0.683014 -0.632620
outer loop
vertex 1.019642 0.720603 0.464645
vertex 1.023097 0.715433 0.472221
vertex 1.015909 0.711591 0.472221
endloop
endfacet
facet normal 0.365098 -0.683035 -0.632587
outer loop
vertex 1.019642 0.720603 0.464645
vertex 1.015909 0.711591 0.472221
vertex 1.013530 0.717336 0.464645
endloop
endfacet
facet normal 0.365137 -0.683085 0.632511
outer loop
vertex 1.023097 0.715433 0.527778
vertex 1.019642 0.720603 0.535356
vertex 1.013530 0.717336 0.535356
endloop
endfacet
facet normal 0.365112 -0.683109 0.632499
outer loop
vertex 1.023097 0.715433 0.527778
vertex 1.013530 0.717336 0.535356
vertex 1.015909 0.711591 0.527778
endloop
endfacet
facet normal 0.299916 -0.561091 -0.771510
outer loop
vertex 1.015433 0.726903 0.458427
vertex 1.019642 0.720603 0.464645
vertex 1.013530 0.717336 0.464645
endloop
endfacet
facet normal 0.299889 -0.561109 -0.771507
outer loop
vertex 1.015433 0.726903 0.458427
vertex 1.013530 0.717336 0.464645
vertex 1.010630 0.724336 0.458427
endloop
endfacet
facet normal 0.277840 -0.916078 -0.289148
outer loop
vertex 1.017677 0.707323 0.480866
vertex 1.018766 0.704693 0.490245
vertex 1.009567 0.701903 0.490245
endloop
endfacet
facet normal 0.278054 -0.916071 -0.288964
outer loop
vertex 1.017677 0.707323 0.480866
vertex 1.009567 0.701903 0.490245
vertex 1.009012 0.704693 0.480866
endloop
endfacet
facet normal 0.137278 -0.452880 0.880939
outer loop
vertex 1.010630 0.724336 0.541573
vertex 1.007322 0.732322 0.546194
vertex 1.003733 0.731234 0.546194
endloop
endfacet
facet normal 0.137373 -0.452818 0.880956
outer loop
vertex 1.010630 0.724336 0.541573
vertex 1.003733 0.731234 0.546194
vertex 1.005419 0.722755 0.541573
endloop
endfacet
facet normal 0.256429 -0.844855 -0.469536
outer loop
vertex 1.015909 0.711591 0.472221
vertex 1.017677 0.707323 0.480866
vertex 1.009012 0.704693 0.480866
endloop
endfacet
facet normal 0.256199 -0.844822 -0.469721
outer loop
vertex 1.015909 0.711591 0.472221
vertex 1.009012 0.704693 0.480866
vertex 1.008110 0.709226 0.472221
endloop
endfacet
facet normal 0.184693 -0.608724 0.771585
outer loop
vertex 1.013530 0.717336 0.535356
vertex 1.010630 0.724336 0.541573
vertex 1.005419 0.722755 0.541573
endloop
endfacet
facet normal 0.184675 -0.608753 0.771567
outer loop
vertex 1.013530 0.717336 0.535356
vertex 1.005419 0.722755 0.541573
vertex 1.006898 0.715324 0.535356
endloop
endfacet
facet normal 0.224751 -0.741152 -0.632599
outer loop
vertex 1.013530 0.717336 0.464645
vertex 1.015909 0.711591 0.472221
vertex 1.008110 0.709226 0.472221
endloop
endfacet
facet normal 0.224847 -0.741166 -0.632548
outer loop
vertex 1.013530 0.717336 0.464645
vertex 1.008110 0.709226 0.472221
vertex 1.006898 0.715324 0.464645
endloop
endfacet
facet normal 0.224862 -0.741189 0.632515
outer loop
vertex 1.015909 0.711591 0.527778
vertex 1.013530 0.717336 0.535356
vertex 1.006898 0.715324 0.535356
endloop
endfacet
facet normal 0.224783 -0.741276 0.632441
outer loop
vertex 1.015909 0.711591 0.527778
vertex 1.006898 0.715324 0.535356
vertex 1.008110 0.709226 0.527778
endloop
endfacet
facet normal 0.184695 -0.608800 -0.771525
outer loop
vertex 1.010630 0.724336 0.458427
vertex 1.013530 0.717336 0.464645
vertex 1.006898 0.715324 0.464645
endloop
endfacet
facet normal 0.184710 -0.608806 -0.771516
outer loop
vertex 1.010630 0.724336 0.458427
vertex 1.006898 0.715324 0.464645
vertex 1.005419 0.722755 0.458427
endloop
endfacet
facet normal 0.256205 -0.844909 0.469562
outer loop
vertex 1.017677 0.707323 0.519134
vertex 1.015909 0.711591 0.527778
vertex 1.008110 0.709226 0.527778
endloop
endfacet
facet normal 0.256409 -0.844740 0.469753
outer loop
vertex 1.017677 0.707323 0.519134
vertex 1.008110 0.709226 0.527778
vertex 1.009012 0.704693 0.519134
endloop
endfacet
facet normal 0.137399 -0.452837 -0.880943
outer loop
vertex 1.007322 0.732322 0.453806
vertex 1.010630 0.724336 0.458427
vertex 1.005419 0.722755 0.458427
endloop
endfacet
facet normal 0.137275 -0.452854 -0.880953
outer loop
vertex 1.007322 0.732322 0.453806
vertex 1.005419 0.722755 0.458427
vertex 1.003733 0.731234 0.453806
endloop
endfacet
facet normal 0.278040 -0.916024 0.289124
outer loop
vertex 1.018766 0.704693 0.509754
vertex 1.017677 0.707323 0.519134
vertex 1.009012 0.704693 0.519134
endloop
endfacet
facet normal 0.277855 -0.916139 0.288940
outer loop
vertex 1.018766 0.704693 0.509754
vertex 1.009012 0.704693 0.519134
vertex 1.009567 0.701903 0.509754
endloop
endfacet
facet normal 0.084616 -0.279093 -0.956529
outer loop
vertex 1.003733 0.740988 0.450960
vertex 1.007322 0.732322 0.453806
vertex 1.003733 0.731234 0.453806
endloop
endfacet
facet normal 0.084644 -0.279087 -0.956528
outer loop
vertex 1.003733 0.740988 0.450960
vertex 1.003733 0.731234 0.453806
vertex 1.001903 0.740433 0.450960
endloop
endfacet
facet normal 0.288853 -0.952396 0.097499
outer loop
vertex 1.019134 0.703806 0.500000
vertex 1.018766 0.704693 0.509754
vertex 1.009567 0.701903 0.509754
endloop
endfacet
facet normal 0.288952 -0.952355 0.097608
outer loop
vertex 1.019134 0.703806 0.500000
vertex 1.009567 0.701903 0.509754
vertex 1.009754 0.700960 0.500000
endloop
endfacet
facet normal 0.028607 -0.094276 0.995135
outer loop
vertex 1.003733 0.740988 0.549039
vertex 1.000000 0.750000 0.550000
vertex 1.001903 0.740433 0.549039
endloop
endfacet
facet normal 0.028579 -0.094184 -0.995145
outer loop
vertex 1.000000 0.750000 0.450000
vertex 1.003733 0.740988 0.450960
vertex 1.001903 0.740433 0.450960
endloop
endfacet
facet normal 0.288962 -0.952363 -0.097497
outer loop
vertex 1.018766 0.704693 0.490245
vertex 1.019134 0.703806 0.500000
vertex 1.009754 0.700960 0.500000
endloop
endfacet
facet normal 0.288844 -0.952389 -0.097593
outer loop
vertex 1.018766 0.704693 0.490245
vertex 1.009754 0.700960 0.500000
vertex 1.009567 0.701903 0.490245
endloop
endfacet
facet normal 0.084612 -0.279008 0.956554
outer loop
vertex 1.007322 0.732322 0.546194
vertex 1.003733 0.740988 0.549039
vertex 1.001903 0.740433 0.549039
endloop
endfacet
facet normal 0.084595 -0.278993 0.956560
outer loop
vertex 1.007322 0.732322 0.546194
vertex 1.001903 0.740433 0.549039
vertex 1.003733 0.731234 0.546194
endloop
endfacet
facet normal 0.046403 -0.470889 -0.880971
outer loop
vertex 1.003733 0.731234 0.453806
vertex 1.005419 0.722755 0.458427
vertex 1.000000 0.722221 0.458427
endloop
endfacet
facet normal 0.046422 -0.470905 -0.880961
outer loop
vertex 1.003733 0.731234 0.453806
vertex 1.000000 0.722221 0.458427
vertex 1.000000 0.730866 0.453806
endloop
endfacet
facet normal 0.093766 -0.952746 0.288933
outer loop
vertex 1.009567 0.701903 0.509754
vertex 1.009012 0.704693 0.519134
vertex 1.000000 0.703806 0.519134
endloop
endfacet
facet normal 0.093899 -0.952694 0.289063
outer loop
vertex 1.009567 0.701903 0.509754
vertex 1.000000 0.703806 0.519134
vertex 1.000000 0.700960 0.509754
endloop
endfacet
facet normal 0.028630 -0.290251 -0.956522
outer loop
vertex 1.001903 0.740433 0.450960
vertex 1.003733 0.731234 0.453806
vertex 1.000000 0.730866 0.453806
endloop
endfacet
facet normal 0.028648 -0.290251 -0.956522
outer loop
vertex 1.001903 0.740433 0.450960
vertex 1.000000 0.730866 0.453806
vertex 1.000000 0.740245 0.450960
endloop
endfacet
facet normal 0.097619 -0.990425 0.097611
outer loop
vertex 1.009754 0.700960 0.500000
vertex 1.009567 0.701903 0.509754
vertex 1.000000 0.700960 0.509754
endloop
endfacet
facet normal 0.097486 -0.990450 0.097498
outer loop
vertex 1.009754 0.700960 0.500000
vertex 1.000000 0.700960 0.509754
vertex 1.000000 0.700000 0.500000
endloop
endfacet
facet normal 0.009685 -0.098037 0.995136
outer loop
vertex 1.001903 0.740433 0.549039
vertex 1.000000 0.750000 0.550000
vertex 1.000000 0.740245 0.549039
endloop
endfacet
facet normal 0.009683 -0.097932 -0.995146
outer loop
vertex 1.000000 0.750000 0.450000
vertex 1.001903 0.740433 0.450960
vertex 1.000000 0.740245 0.450960
endloop
endfacet
facet normal 0.097487 -0.990438 -0.097613
outer loop
vertex 1.009567 0.701903 0.490245
vertex 1.009754 0.700960 0.500000
vertex 1.000000 0.700000 0.500000
endloop
endfacet
facet normal 0.097620 -0.990439 -0.097474
outer loop
vertex 1.009567 0.701903 0.490245
vertex 1.000000 0.700000 0.500000
vertex 1.000000 0.700960 0.490245
endloop
endfacet
facet normal 0.028629 -0.290135 0.956557
outer loop
vertex 1.003733 0.731234 0.546194
vertex 1.001903 0.740433 0.549039
vertex 1.000000 0.740245 0.549039
endloop
endfacet
facet normal 0.028600 -0.290169 0.956548
outer loop
vertex 1.003733 0.731234 0.546194
vertex 1.000000 0.740245 0.549039
vertex 1.000000 0.730866 0.546194
endloop
endfacet
facet normal 0.093902 -0.952724 -0.288964
outer loop
vertex 1.009012 0.704693 0.480866
vertex 1.009567 0.701903 0.490245
vertex 1.000000 0.700960 0.490245
endloop
endfacet
facet normal 0.093757 -0.952698 -0.289097
outer loop
vertex 1.009012 0.704693 0.480866
vertex 1.000000 0.700960 0.490245
vertex 1.000000 0.703806 0.480866
endloop
endfacet
facet normal 0.046441 -0.470880 0.880974
outer loop
vertex 1.005419 0.722755 0.541573
vertex 1.003733 0.731234 0.546194
vertex 1.000000 0.730866 0.546194
endloop
endfacet
facet normal 0.046394 -0.470910 0.880960
outer loop
vertex 1.005419 0.722755 0.541573
vertex 1.000000 0.730866 0.546194
vertex 1.000000 0.722221 0.541573
endloop
endfacet
facet normal 0.086463 -0.878579 -0.469705
outer loop
vertex 1.008110 0.709226 0.472221
vertex 1.009012 0.704693 0.480866
vertex 1.000000 0.703806 0.480866
endloop
endfacet
facet normal 0.086563 -0.878606 -0.469636
outer loop
vertex 1.008110 0.709226 0.472221
vertex 1.000000 0.703806 0.480866
vertex 1.000000 0.708427 0.472221
endloop
endfacet
facet normal 0.062380 -0.633103 0.771550
outer loop
vertex 1.006898 0.715324 0.535356
vertex 1.005419 0.722755 0.541573
vertex 1.000000 0.722221 0.541573
endloop
endfacet
facet normal 0.062327 -0.633129 0.771533
outer loop
vertex 1.006898 0.715324 0.535356
vertex 1.000000 0.722221 0.541573
vertex 1.000000 0.714645 0.535356
endloop
endfacet
facet normal 0.075938 -0.770782 -0.632557
outer loop
vertex 1.006898 0.715324 0.464645
vertex 1.008110 0.709226 0.472221
vertex 1.000000 0.708427 0.472221
endloop
endfacet
facet normal 0.075870 -0.770748 -0.632606
outer loop
vertex 1.006898 0.715324 0.464645
vertex 1.000000 0.708427 0.472221
vertex 1.000000 0.714645 0.464645
endloop
endfacet
facet normal 0.075879 -0.770859 0.632471
outer loop
vertex 1.008110 0.709226 0.527778
vertex 1.006898 0.715324 0.535356
vertex 1.000000 0.714645 0.535356
endloop
endfacet
facet normal 0.075944 -0.770833 0.632494
outer loop
vertex 1.008110 0.709226 0.527778
vertex 1.000000 0.714645 0.535356
vertex 1.000000 0.708427 0.527778
endloop
endfacet
facet normal 0.062323 -0.633176 -0.771495
outer loop
vertex 1.005419 0.722755 0.458427
vertex 1.006898 0.715324 0.464645
vertex 1.000000 0.714645 0.464645
endloop
endfacet
facet normal 0.062399 -0.633182 -0.771483
outer loop
vertex 1.005419 0.722755 0.458427
vertex 1.000000 0.714645 0.464645
vertex 1.000000 0.722221 0.458427
endloop
endfacet
facet normal 0.086550 -0.878548 0.469748
outer loop
vertex 1.009012 0.704693 0.519134
vertex 1.008110 0.709226 0.527778
vertex 1.000000 0.708427 0.527778
endloop
endfacet
facet normal 0.086468 -0.878590 0.469683
outer loop
vertex 1.009012 0.704693 0.519134
vertex 1.000000 0.708427 0.527778
vertex 1.000000 0.703806 0.519134
endloop
endfacet
facet normal -0.086469 -0.878614 -0.469639
outer loop
vertex 1.000000 0.708427 0.472221
vertex 1.000000 0.703806 0.480866
vertex 0.990988 0.704693 0.480866
endloop
endfacet
facet normal -0.086553 -0.878571 -0.469704
outer loop
vertex 1.000000 0.708427 0.472221
vertex 0.990988 0.704693 0.480866
vertex 0.991890 0.709226 0.472221
endloop
endfacet
facet normal -0.062394 -0.633120 0.771535
outer loop
vertex 1.000000 0.714645 0.535356
vertex 1.000000 0.722221 0.541573
vertex 0.994581 0.722755 0.541573
endloop
endfacet
facet normal -0.062333 -0.633110 0.771548
outer loop
vertex 1.000000 0.714645 0.535356
vertex 0.994581 0.722755 0.541573
vertex 0.993103 0.715324 0.535356
endloop
endfacet
facet normal -0.075936 -0.770749 -0.632598
outer loop
vertex 1.000000 0.714645 0.464645
vertex 1.000000 0.708427 0.472221
vertex 0.991890 0.709226 0.472221
endloop
endfacet
facet normal -0.075877 -0.770789 -0.632556
outer loop
vertex 1.000000 0.714645 0.464645
vertex 0.991890 0.709226 0.472221
vertex 0.993103 0.715324 0.464645
endloop
endfacet
facet normal -0.075887 -0.770840 0.632493
outer loop
vertex 1.000000 0.708427 0.527778
vertex 1.000000 0.714645 0.535356
vertex 0.993103 0.715324 0.535356
endloop
endfacet
facet normal -0.075947 -0.770855 0.632467
outer loop
vertex 1.000000 0.708427 0.527778
vertex 0.993103 0.715324 0.535356
vertex 0.991890 0.709226 0.527778
endloop
endfacet
facet normal -0.062342 -0.633191 -0.771481
outer loop
vertex 1.000000 0.722221 0.458427
vertex 1.000000 0.714645 0.464645
vertex 0.993103 0.715324 0.464645
endloop
endfacet
facet normal -0.062388 -0.633153 -0.771508
outer loop
vertex 1.000000 0.722221 0.458427
vertex 0.993103 0.715324 0.464645
vertex 0.994581 0.722755 0.458427
endloop
endfacet
facet normal -0.086560 -0.878586 0.469675
outer loop
vertex 1.000000 0.703806 0.519134
vertex 1.000000 0.708427 0.527778
vertex 0.991890 0.709226 0.527778
endloop
endfacet
facet normal -0.086460 -0.878558 0.469745
outer loop
vertex 1.000000 0.703806 0.519134
vertex 0.991890 0.709226 0.527778
vertex 0.990988 0.704693 0.519134
endloop
endfacet
facet normal -0.046395 -0.470910 -0.880960
outer loop
vertex 1.000000 0.730866 0.453806
vertex 1.000000 0.722221 0.458427
vertex 0.994581 0.722755 0.458427
endloop
endfacet
facet normal -0.046435 -0.470888 -0.880970
outer loop
vertex 1.000000 0.730866 0.453806
vertex 0.994581 0.722755 0.458427
vertex 0.996267 0.731234 0.453806
endloop
endfacet
facet normal -0.093762 -0.952706 0.289068
outer loop
vertex 1.000000 0.700960 0.509754
vertex 1.000000 0.703806 0.519134
vertex 0.990988 0.704693 0.519134
endloop
endfacet
facet normal -0.093903 -0.952731 0.288938
outer loop
vertex 1.000000 0.700960 0.509754
vertex 0.990988 0.704693 0.519134
vertex 0.990433 0.701903 0.509754
endloop
endfacet
facet normal -0.028605 -0.290251 -0.956523
outer loop
vertex 1.000000 0.740245 0.450960
vertex 1.000000 0.730866 0.453806
vertex 0.996267 0.731234 0.453806
endloop
endfacet
facet normal -0.028697 -0.290236 -0.956525
outer loop
vertex 1.000000 0.740245 0.450960
vertex 0.996267 0.731234 0.453806
vertex 0.998097 0.740433 0.450960
endloop
endfacet
facet normal -0.097620 -0.990438 0.097484
outer loop
vertex 1.000000 0.700000 0.500000
vertex 1.000000 0.700960 0.509754
vertex 0.990433 0.701903 0.509754
endloop
endfacet
facet normal -0.097473 -0.990438 0.097633
outer loop
vertex 1.000000 0.700000 0.500000
vertex 0.990433 0.701903 0.509754
vertex 0.990245 0.700960 0.500000
endloop
endfacet
facet normal -0.009685 -0.098040 0.995135
outer loop
vertex 1.000000 0.740245 0.549039
vertex 1.000000 0.750000 0.550000
vertex 0.998097 0.740433 0.549039
endloop
endfacet
facet normal -0.009683 -0.097934 -0.995146
outer loop
vertex 1.000000 0.750000 0.450000
vertex 1.000000 0.740245 0.450960
vertex 0.998097 0.740433 0.450960
endloop
endfacet
facet normal -0.097476 -0.990452 -0.097486
outer loop
vertex 1.000000 0.700960 0.490245
vertex 1.000000 0.700000 0.500000
vertex 0.990245 0.700960 0.500000
endloop
endfacet
facet normal -0.097619 -0.990425 -0.097614
outer loop
vertex 1.000000 0.700960 0.490245
vertex 0.990245 0.700960 0.500000
vertex 0.990433 0.701903 0.490245
endloop
endfacet
facet normal -0.028632 -0.290166 0.956548
outer loop
vertex 1.000000 0.730866 0.546194
vertex 1.000000 0.740245 0.549039
vertex 0.998097 0.740433 0.549039
endloop
endfacet
facet normal -0.028599 -0.290135 0.956558
outer loop
vertex 1.000000 0.730866 0.546194
vertex 0.998097 0.740433 0.549039
vertex 0.996267 0.731234 0.546194
endloop
endfacet
facet normal -0.093898 -0.952686 -0.289091
outer loop
vertex 1.000000 0.703806 0.480866
vertex 1.000000 0.700960 0.490245
vertex 0.990433 0.701903 0.490245
endloop
endfacet
facet normal -0.093764 -0.952737 -0.288964
outer loop
vertex 1.000000 0.703806 0.480866
vertex 0.990433 0.701903 0.490245
vertex 0.990988 0.704693 0.480866
endloop
endfacet
facet normal -0.046417 -0.470896 0.880967
outer loop
vertex 1.000000 0.722221 0.541573
vertex 1.000000 0.730866 0.546194
vertex 0.996267 0.731234 0.546194
endloop
endfacet
facet normal -0.046411 -0.470905 0.880963
outer loop
vertex 1.000000 0.722221 0.541573
vertex 0.996267 0.731234 0.546194
vertex 0.994581 0.722755 0.541573
endloop
endfacet
facet normal -0.084580 -0.279104 -0.956529
outer loop
vertex 0.998097 0.740433 0.450960
vertex 0.996267 0.731234 0.453806
vertex 0.992677 0.732322 0.453806
endloop
endfacet
facet normal -0.084637 -0.279063 -0.956536
outer loop
vertex 0.998097 0.740433 0.450960
vertex 0.992677 0.732322 0.453806
vertex 0.996267 0.740988 0.450960
endloop
endfacet
facet normal -0.288849 -0.952383 0.097636
outer loop
vertex 0.990245 0.700960 0.500000
vertex 0.990433 0.701903 0.509754
vertex 0.981234 0.704693 0.509754
endloop
endfacet
facet normal -0.288988 -0.952354 0.097503
outer loop
vertex 0.990245 0.700960 0.500000
vertex 0.981234 0.704693 0.509754
vertex 0.980866 0.703806 0.500000
endloop
endfacet
facet normal -0.028607 -0.094265 0.995136
outer loop
vertex 0.998097 0.740433 0.549039
vertex 1.000000 0.750000 0.550000
vertex 0.996267 0.740988 0.549039
endloop
endfacet
facet normal -0.028579 -0.094173 -0.995146
outer loop
vertex 1.000000 0.750000 0.450000
vertex 0.998097 0.740433 0.450960
vertex 0.996267 0.740988 0.450960
endloop
endfacet
facet normal -0.288980 -0.952344 -0.097629
outer loop
vertex 0.990433 0.701903 0.490245
vertex 0.990245 0.700960 0.500000
vertex 0.980866 0.703806 0.500000
endloop
endfacet
facet normal -0.288858 -0.952395 -0.097488
outer loop
vertex 0.990433 0.701903 0.490245
vertex 0.980866 0.703806 0.500000
vertex 0.981234 0.704693 0.490245
endloop
endfacet
facet normal -0.084665 -0.279017 0.956547
outer loop
vertex 0.996267 0.731234 0.546194
vertex 0.998097 0.740433 0.549039
vertex 0.996267 0.740988 0.549039
endloop
endfacet
facet normal -0.084540 -0.278997 0.956563
outer loop
vertex 0.996267 0.731234 0.546194
vertex 0.996267 0.740988 0.549039
vertex 0.992677 0.732322 0.546194
endloop
endfacet
facet normal -0.277858 -0.916129 -0.288967
outer loop
vertex 0.990988 0.704693 0.480866
vertex 0.990433 0.701903 0.490245
vertex 0.981234 0.704693 0.490245
endloop
endfacet
facet normal -0.278008 -0.916036 -0.289119
outer loop
vertex 0.990988 0.704693 0.480866
vertex 0.981234 0.704693 0.490245
vertex 0.982322 0.707323 0.480866
endloop
endfacet
facet normal -0.137226 -0.452834 0.880971
outer loop
vertex 0.994581 0.722755 0.541573
vertex 0.996267 0.731234 0.546194
vertex 0.992677 0.732322 0.546194
endloop
endfacet
facet normal -0.137356 -0.452869 0.880933
outer loop
vertex 0.994581 0.722755 0.541573
vertex 0.992677 0.732322 0.546194
vertex 0.989369 0.724336 0.541573
endloop
endfacet
facet normal -0.256383 -0.844769 -0.469715
outer loop
vertex 0.991890 0.709226 0.472221
vertex 0.990988 0.704693 0.480866
vertex 0.982322 0.707323 0.480866
endloop
endfacet
facet normal -0.256217 -0.844898 -0.469574
outer loop
vertex 0.991890 0.709226 0.472221
vertex 0.982322 0.707323 0.480866
vertex 0.984091 0.711591 0.472221
endloop
endfacet
facet normal -0.184659 -0.608781 0.771549
outer loop
vertex 0.993103 0.715324 0.535356
vertex 0.994581 0.722755 0.541573
vertex 0.989369 0.724336 0.541573
endloop
endfacet
facet normal -0.184660 -0.608770 0.771556
outer loop
vertex 0.993103 0.715324 0.535356
vertex 0.989369 0.724336 0.541573
vertex 0.986470 0.717336 0.535356
endloop
endfacet
facet normal -0.224758 -0.741163 -0.632583
outer loop
vertex 0.993103 0.715324 0.464645
vertex 0.991890 0.709226 0.472221
vertex 0.984091 0.711591 0.472221
endloop
endfacet
facet normal -0.224801 -0.741138 -0.632597
outer loop
vertex 0.993103 0.715324 0.464645
vertex 0.984091 0.711591 0.472221
vertex 0.986470 0.717336 0.464645
endloop
endfacet
facet normal -0.224833 -0.741240 0.632466
outer loop
vertex 0.991890 0.709226 0.527778
vertex 0.993103 0.715324 0.535356
vertex 0.986470 0.717336 0.535356
endloop
endfacet
facet normal -0.224779 -0.741218 0.632511
outer loop
vertex 0.991890 0.709226 0.527778
vertex 0.986470 0.717336 0.535356
vertex 0.984091 0.711591 0.527778
endloop
endfacet
facet normal -0.184675 -0.608843 -0.771495
outer loop
vertex 0.994581 0.722755 0.458427
vertex 0.993103 0.715324 0.464645
vertex 0.986470 0.717336 0.464645
endloop
endfacet
facet normal -0.184676 -0.608835 -0.771502
outer loop
vertex 0.994581 0.722755 0.458427
vertex 0.986470 0.717336 0.464645
vertex 0.989369 0.724336 0.458427
endloop
endfacet
facet normal -0.256187 -0.844808 0.469753
outer loop
vertex 0.990988 0.704693 0.519134
vertex 0.991890 0.709226 0.527778
vertex 0.984091 0.711591 0.527778
endloop
endfacet
facet normal -0.256396 -0.844819 0.469620
outer loop
vertex 0.990988 0.704693 0.519134
vertex 0.984091 0.711591 0.527778
vertex 0.982322 0.707323 0.519134
endloop
endfacet
facet normal -0.137361 -0.452815 -0.880960
outer loop
vertex 0.996267 0.731234 0.453806
vertex 0.994581 0.722755 0.458427
vertex 0.989369 0.724336 0.458427
endloop
endfacet
facet normal -0.137252 -0.452904 -0.880931
outer loop
vertex 0.996267 0.731234 0.453806
vertex 0.989369 0.724336 0.458427
vertex 0.992677 0.732322 0.453806
endloop
endfacet
facet normal -0.278020 -0.916093 0.288928
outer loop
vertex 0.990433 0.701903 0.509754
vertex 0.990988 0.704693 0.519134
vertex 0.982322 0.707323 0.519134
endloop
endfacet
facet normal -0.277850 -0.916093 0.289090
outer loop
vertex 0.990433 0.701903 0.509754
vertex 0.982322 0.707323 0.519134
vertex 0.981234 0.704693 0.509754
endloop
endfacet
facet normal -0.299905 -0.561043 0.771549
outer loop
vertex 0.986470 0.717336 0.535356
vertex 0.989369 0.724336 0.541573
vertex 0.984567 0.726903 0.541573
endloop
endfacet
facet normal -0.299839 -0.561030 0.771584
outer loop
vertex 0.986470 0.717336 0.535356
vertex 0.984567 0.726903 0.541573
vertex 0.980357 0.720603 0.535356
endloop
endfacet
facet normal -0.365077 -0.683031 -0.632603
outer loop
vertex 0.986470 0.717336 0.464645
vertex 0.984091 0.711591 0.472221
vertex 0.976903 0.715433 0.472221
endloop
endfacet
facet normal -0.365063 -0.683078 -0.632562
outer loop
vertex 0.986470 0.717336 0.464645
vertex 0.976903 0.715433 0.472221
vertex 0.980357 0.720603 0.464645
endloop
endfacet
facet normal -0.365087 -0.683129 0.632493
outer loop
vertex 0.984091 0.711591 0.527778
vertex 0.986470 0.717336 0.535356
vertex 0.980357 0.720603 0.535356
endloop
endfacet
facet normal -0.365128 -0.683116 0.632483
outer loop
vertex 0.984091 0.711591 0.527778
vertex 0.980357 0.720603 0.535356
vertex 0.976903 0.715433 0.527778
endloop
endfacet
facet normal -0.299881 -0.561108 -0.771511
outer loop
vertex 0.989369 0.724336 0.458427
vertex 0.986470 0.717336 0.464645
vertex 0.980357 0.720603 0.464645
endloop
endfacet
facet normal -0.299924 -0.561068 -0.771523
outer loop
vertex 0.989369 0.724336 0.458427
vertex 0.980357 0.720603 0.464645
vertex 0.984567 0.726903 0.458427
endloop
endfacet
facet normal -0.416175 -0.778630 0.469610
outer loop
vertex 0.982322 0.707323 0.519134
vertex 0.984091 0.711591 0.527778
vertex 0.976903 0.715433 0.527778
endloop
endfacet
facet normal -0.416134 -0.778629 0.469649
outer loop
vertex 0.982322 0.707323 0.519134
vertex 0.976903 0.715433 0.527778
vertex 0.974336 0.711591 0.519134
endloop
endfacet
facet normal -0.223093 -0.417337 -0.880942
outer loop
vertex 0.992677 0.732322 0.453806
vertex 0.989369 0.724336 0.458427
vertex 0.984567 0.726903 0.458427
endloop
endfacet
facet normal -0.223143 -0.417255 -0.880969
outer loop
vertex 0.992677 0.732322 0.453806
vertex 0.984567 0.726903 0.458427
vertex 0.989369 0.734091 0.453806
endloop
endfacet
facet normal -0.451228 -0.844292 0.289076
outer loop
vertex 0.981234 0.704693 0.509754
vertex 0.982322 0.707323 0.519134
vertex 0.974336 0.711591 0.519134
endloop
endfacet
facet normal -0.451357 -0.844267 0.288946
outer loop
vertex 0.981234 0.704693 0.509754
vertex 0.974336 0.711591 0.519134
vertex 0.972755 0.709226 0.509754
endloop
endfacet
facet normal -0.137526 -0.257163 -0.956532
outer loop
vertex 0.996267 0.740988 0.450960
vertex 0.992677 0.732322 0.453806
vertex 0.989369 0.734091 0.453806
endloop
endfacet
facet normal -0.137546 -0.257150 -0.956533
outer loop
vertex 0.996267 0.740988 0.450960
vertex 0.989369 0.734091 0.453806
vertex 0.994581 0.741890 0.450960
endloop
endfacet
facet normal -0.469234 -0.877675 0.097501
outer loop
vertex 0.980866 0.703806 0.500000
vertex 0.981234 0.704693 0.509754
vertex 0.972755 0.709226 0.509754
endloop
endfacet
facet normal -0.469160 -0.877705 0.097583
outer loop
vertex 0.980866 0.703806 0.500000
vertex 0.972755 0.709226 0.509754
vertex 0.972221 0.708427 0.500000
endloop
endfacet
facet normal -0.046484 -0.086870 0.995135
outer loop
vertex 0.996267 0.740988 0.549039
vertex 1.000000 0.750000 0.550000
vertex 0.994581 0.741890 0.549039
endloop
endfacet
facet normal -0.046401 -0.086779 -0.995146
outer loop
vertex 1.000000 0.750000 0.450000
vertex 0.996267 0.740988 0.450960
vertex 0.994581 0.741890 0.450960
endloop
endfacet
facet normal -0.469154 -0.877717 -0.097502
outer loop
vertex 0.981234 0.704693 0.490245
vertex 0.980866 0.703806 0.500000
vertex 0.972221 0.708427 0.500000
endloop
endfacet
facet normal -0.469231 -0.877670 -0.097563
outer loop
vertex 0.981234 0.704693 0.490245
vertex 0.972221 0.708427 0.500000
vertex 0.972755 0.709226 0.490245
endloop
endfacet
facet normal -0.137542 -0.257066 0.956556
outer loop
vertex 0.992677 0.732322 0.546194
vertex 0.996267 0.740988 0.549039
vertex 0.994581 0.741890 0.549039
endloop
endfacet
facet normal -0.137475 -0.257079 0.956562
outer loop
vertex 0.992677 0.732322 0.546194
vertex 0.994581 0.741890 0.549039
vertex 0.989369 0.734091 0.546194
endloop
endfacet
facet normal -0.451335 -0.844230 -0.289089
outer loop
vertex 0.982322 0.707323 0.480866
vertex 0.981234 0.704693 0.490245
vertex 0.972755 0.709226 0.490245
endloop
endfacet
facet normal -0.451242 -0.844316 -0.288984
outer loop
vertex 0.982322 0.707323 0.480866
vertex 0.972755 0.709226 0.490245
vertex 0.974336 0.711591 0.480866
endloop
endfacet
facet normal -0.223175 -0.417296 0.880941
outer loop
vertex 0.989369 0.724336 0.541573
vertex 0.992677 0.732322 0.546194
vertex 0.989369 0.734091 0.546194
endloop
endfacet
facet normal -0.223086 -0.417307 0.880958
outer loop
vertex 0.989369 0.724336 0.541573
vertex 0.989369 0.734091 0.546194
vertex 0.984567 0.726903 0.541573
endloop
endfacet
facet normal -0.416141 -0.778680 -0.469559
outer loop
vertex 0.984091 0.711591 0.472221
vertex 0.982322 0.707323 0.480866
vertex 0.974336 0.711591 0.480866
endloop
endfacet
facet normal -0.416187 -0.778616 -0.469623
outer loop
vertex 0.984091 0.711591 0.472221
vertex 0.974336 0.711591 0.480866
vertex 0.976903 0.715433 0.472221
endloop
endfacet
facet normal -0.631338 -0.769345 0.097577
outer loop
vertex 0.972221 0.708427 0.500000
vertex 0.972755 0.709226 0.509754
vertex 0.965324 0.715324 0.509754
endloop
endfacet
facet normal -0.631399 -0.769304 0.097506
outer loop
vertex 0.972221 0.708427 0.500000
vertex 0.965324 0.715324 0.509754
vertex 0.964645 0.714645 0.500000
endloop
endfacet
facet normal -0.062496 -0.076153 0.995136
outer loop
vertex 0.994581 0.741890 0.549039
vertex 1.000000 0.750000 0.550000
vertex 0.993103 0.743103 0.549039
endloop
endfacet
facet normal -0.062458 -0.076072 -0.995144
outer loop
vertex 1.000000 0.750000 0.450000
vertex 0.994581 0.741890 0.450960
vertex 0.993103 0.743103 0.450960
endloop
endfacet
facet normal -0.631400 -0.769294 -0.097575
outer loop
vertex 0.972755 0.709226 0.490245
vertex 0.972221 0.708427 0.500000
vertex 0.964645 0.714645 0.500000
endloop
endfacet
facet normal -0.631338 -0.769356 -0.097487
outer loop
vertex 0.972755 0.709226 0.490245
vertex 0.964645 0.714645 0.500000
vertex 0.965324 0.715324 0.490245
endloop
endfacet
facet normal -0.184928 -0.225350 0.956566
outer loop
vertex 0.989369 0.734091 0.546194
vertex 0.994581 0.741890 0.549039
vertex 0.993103 0.743103 0.549039
endloop
endfacet
facet normal -0.184926 -0.225349 0.956567
outer loop
vertex 0.989369 0.734091 0.546194
vertex 0.993103 0.743103 0.549039
vertex 0.986470 0.736470 0.546194
endloop
endfacet
facet normal -0.607303 -0.740045 -0.288991
outer loop
vertex 0.974336 0.711591 0.480866
vertex 0.972755 0.709226 0.490245
vertex 0.965324 0.715324 0.490245
endloop
endfacet
facet normal -0.607327 -0.740014 -0.289021
outer loop
vertex 0.974336 0.711591 0.480866
vertex 0.965324 0.715324 0.490245
vertex 0.967336 0.717336 0.480866
endloop
endfacet
facet normal -0.300161 -0.365824 0.880952
outer loop
vertex 0.984567 0.726903 0.541573
vertex 0.989369 0.734091 0.546194
vertex 0.986470 0.736470 0.546194
endloop
endfacet
facet normal -0.300137 -0.365817 0.880963
outer loop
vertex 0.984567 0.726903 0.541573
vertex 0.986470 0.736470 0.546194
vertex 0.980357 0.730357 0.541573
endloop
endfacet
facet normal -0.560091 -0.682469 -0.469610
outer loop
vertex 0.976903 0.715433 0.472221
vertex 0.974336 0.711591 0.480866
vertex 0.967336 0.717336 0.480866
endloop
endfacet
facet normal -0.560080 -0.682502 -0.469576
outer loop
vertex 0.976903 0.715433 0.472221
vertex 0.967336 0.717336 0.480866
vertex 0.970603 0.720603 0.472221
endloop
endfacet
facet normal -0.403482 -0.491801 0.771579
outer loop
vertex 0.980357 0.720603 0.535356
vertex 0.984567 0.726903 0.541573
vertex 0.980357 0.730357 0.541573
endloop
endfacet
facet normal -0.403638 -0.491750 0.771529
outer loop
vertex 0.980357 0.720603 0.535356
vertex 0.980357 0.730357 0.541573
vertex 0.975000 0.725000 0.535356
endloop
endfacet
facet normal -0.491318 -0.598715 -0.632571
outer loop
vertex 0.980357 0.720603 0.464645
vertex 0.976903 0.715433 0.472221
vertex 0.970603 0.720603 0.472221
endloop
endfacet
facet normal -0.491363 -0.598631 -0.632617
outer loop
vertex 0.980357 0.720603 0.464645
vertex 0.970603 0.720603 0.472221
vertex 0.975000 0.725000 0.464645
endloop
endfacet
facet normal -0.491445 -0.598723 0.632465
outer loop
vertex 0.976903 0.715433 0.527778
vertex 0.980357 0.720603 0.535356
vertex 0.975000 0.725000 0.535356
endloop
endfacet
facet normal -0.491343 -0.598760 0.632510
outer loop
vertex 0.976903 0.715433 0.527778
vertex 0.975000 0.725000 0.535356
vertex 0.970603 0.720603 0.527778
endloop
endfacet
facet normal -0.403640 -0.491746 -0.771532
outer loop
vertex 0.984567 0.726903 0.458427
vertex 0.980357 0.720603 0.464645
vertex 0.975000 0.725000 0.464645
endloop
endfacet
facet normal -0.403573 -0.491896 -0.771471
outer loop
vertex 0.984567 0.726903 0.458427
vertex 0.975000 0.725000 0.464645
vertex 0.980357 0.730357 0.458427
endloop
endfacet
facet normal -0.560050 -0.682471 0.469656
outer loop
vertex 0.974336 0.711591 0.519134
vertex 0.976903 0.715433 0.527778
vertex 0.970603 0.720603 0.527778
endloop
endfacet
facet normal -0.560091 -0.682465 0.469617
outer loop
vertex 0.974336 0.711591 0.519134
vertex 0.970603 0.720603 0.527778
vertex 0.967336 0.717336 0.519134
endloop
endfacet
facet normal -0.300147 -0.365835 -0.880952
outer loop
vertex 0.989369 0.734091 0.453806
vertex 0.984567 0.726903 0.458427
vertex 0.980357 0.730357 0.458427
endloop
endfacet
facet normal -0.300171 -0.365804 -0.880957
outer loop
vertex 0.989369 0.734091 0.453806
vertex 0.980357 0.730357 0.458427
vertex 0.986470 0.736470 0.453806
endloop
endfacet
facet normal -0.607347 -0.740029 0.288939
outer loop
vertex 0.972755 0.709226 0.509754
vertex 0.974336 0.711591 0.519134
vertex 0.967336 0.717336 0.519134
endloop
endfacet
facet normal -0.607291 -0.740048 0.289008
outer loop
vertex 0.972755 0.709226 0.509754
vertex 0.967336 0.717336 0.519134
vertex 0.965324 0.715324 0.509754
endloop
endfacet
facet normal -0.184998 -0.225433 -0.956533
outer loop
vertex 0.994581 0.741890 0.450960
vertex 0.989369 0.734091 0.453806
vertex 0.986470 0.736470 0.453806
endloop
endfacet
facet normal -0.184985 -0.225411 -0.956541
outer loop
vertex 0.994581 0.741890 0.450960
vertex 0.986470 0.736470 0.453806
vertex 0.993103 0.743103 0.450960
endloop
endfacet
facet normal -0.598681 -0.491300 -0.632618
outer loop
vertex 0.975000 0.725000 0.464645
vertex 0.970603 0.720603 0.472221
vertex 0.965433 0.726903 0.472221
endloop
endfacet
facet normal -0.598662 -0.491384 -0.632571
outer loop
vertex 0.975000 0.725000 0.464645
vertex 0.965433 0.726903 0.472221
vertex 0.970603 0.730357 0.464645
endloop
endfacet
facet normal -0.598695 -0.491403 0.632525
outer loop
vertex 0.970603 0.720603 0.527778
vertex 0.975000 0.725000 0.535356
vertex 0.970603 0.730357 0.535356
endloop
endfacet
facet normal -0.598772 -0.491375 0.632473
outer loop
vertex 0.970603 0.720603 0.527778
vertex 0.970603 0.730357 0.535356
vertex 0.965433 0.726903 0.527778
endloop
endfacet
facet normal -0.491800 -0.403687 -0.771472
outer loop
vertex 0.980357 0.730357 0.458427
vertex 0.975000 0.725000 0.464645
vertex 0.970603 0.730357 0.464645
endloop
endfacet
facet normal -0.491843 -0.403525 -0.771529
outer loop
vertex 0.980357 0.730357 0.458427
vertex 0.970603 0.730357 0.464645
vertex 0.976903 0.734567 0.458427
endloop
endfacet
facet normal -0.682486 -0.560055 0.469629
outer loop
vertex 0.967336 0.717336 0.519134
vertex 0.970603 0.720603 0.527778
vertex 0.965433 0.726903 0.527778
endloop
endfacet
facet normal -0.682447 -0.560089 0.469645
outer loop
vertex 0.967336 0.717336 0.519134
vertex 0.965433 0.726903 0.527778
vertex 0.961591 0.724336 0.519134
endloop
endfacet
facet normal -0.365825 -0.300131 -0.880962
outer loop
vertex 0.986470 0.736470 0.453806
vertex 0.980357 0.730357 0.458427
vertex 0.976903 0.734567 0.458427
endloop
endfacet
facet normal -0.365802 -0.300179 -0.880955
outer loop
vertex 0.986470 0.736470 0.453806
vertex 0.976903 0.734567 0.458427
vertex 0.984091 0.739369 0.453806
endloop
endfacet
facet normal -0.740009 -0.607340 0.289007
outer loop
vertex 0.965324 0.715324 0.509754
vertex 0.967336 0.717336 0.519134
vertex 0.961591 0.724336 0.519134
endloop
endfacet
facet normal -0.740063 -0.607300 0.288951
outer loop
vertex 0.965324 0.715324 0.509754
vertex 0.961591 0.724336 0.519134
vertex 0.959226 0.722755 0.509754
endloop
endfacet
facet normal -0.225423 -0.184977 -0.956540
outer loop
vertex 0.993103 0.743103 0.450960
vertex 0.986470 0.736470 0.453806
vertex 0.984091 0.739369 0.453806
endloop
endfacet
facet normal -0.225420 -0.185018 -0.956532
outer loop
vertex 0.993103 0.743103 0.450960
vertex 0.984091 0.739369 0.453806
vertex 0.991890 0.744581 0.450960
endloop
endfacet
facet normal -0.769351 -0.631341 0.097510
outer loop
vertex 0.964645 0.714645 0.500000
vertex 0.965324 0.715324 0.509754
vertex 0.959226 0.722755 0.509754
endloop
endfacet
facet normal -0.769297 -0.631394 0.097589
outer loop
vertex 0.964645 0.714645 0.500000
vertex 0.959226 0.722755 0.509754
vertex 0.958427 0.722221 0.500000
endloop
endfacet
facet normal -0.076153 -0.062508 0.995135
outer loop
vertex 0.993103 0.743103 0.549039
vertex 1.000000 0.750000 0.550000
vertex 0.991890 0.744581 0.549039
endloop
endfacet
facet normal -0.076079 -0.062446 -0.995145
outer loop
vertex 1.000000 0.750000 0.450000
vertex 0.993103 0.743103 0.450960
vertex 0.991890 0.744581 0.450960
endloop
endfacet
facet normal -0.769300 -0.631405 -0.097498
outer loop
vertex 0.965324 0.715324 0.490245
vertex 0.964645 0.714645 0.500000
vertex 0.958427 0.722221 0.500000
endloop
endfacet
facet normal -0.769347 -0.631335 -0.097577
outer loop
vertex 0.965324 0.715324 0.490245
vertex 0.958427 0.722221 0.500000
vertex 0.959226 0.722755 0.490245
endloop
endfacet
facet normal -0.225361 -0.184940 0.956561
outer loop
vertex 0.986470 0.736470 0.546194
vertex 0.993103 0.743103 0.549039
vertex 0.991890 0.744581 0.549039
endloop
endfacet
facet normal -0.225343 -0.184934 0.956567
outer loop
vertex 0.986470 0.736470 0.546194
vertex 0.991890 0.744581 0.549039
vertex 0.984091 0.739369 0.546194
endloop
endfacet
facet normal -0.740041 -0.607290 -0.289029
outer loop
vertex 0.967336 0.717336 0.480866
vertex 0.965324 0.715324 0.490245
vertex 0.959226 0.722755 0.490245
endloop
endfacet
facet normal -0.740016 -0.607344 -0.288981
outer loop
vertex 0.967336 0.717336 0.480866
vertex 0.959226 0.722755 0.490245
vertex 0.961591 0.724336 0.480866
endloop
endfacet
facet normal -0.365777 -0.300159 0.880972
outer loop
vertex 0.980357 0.730357 0.541573
vertex 0.986470 0.736470 0.546194
vertex 0.984091 0.739369 0.546194
endloop
endfacet
facet normal -0.365843 -0.300142 0.880951
outer loop
vertex 0.980357 0.730357 0.541573
vertex 0.984091 0.739369 0.546194
vertex 0.976903 0.734567 0.541573
endloop
endfacet
facet normal -0.682483 -0.560099 -0.469581
outer loop
vertex 0.970603 0.720603 0.472221
vertex 0.967336 0.717336 0.480866
vertex 0.961591 0.724336 0.480866
endloop
endfacet
facet normal -0.682478 -0.560085 -0.469605
outer loop
vertex 0.970603 0.720603 0.472221
vertex 0.961591 0.724336 0.480866
vertex 0.965433 0.726903 0.472221
endloop
endfacet
facet normal -0.491857 -0.403535 0.771516
outer loop
vertex 0.975000 0.725000 0.535356
vertex 0.980357 0.730357 0.541573
vertex 0.976903 0.734567 0.541573
endloop
endfacet
facet normal -0.491705 -0.403608 0.771575
outer loop
vertex 0.975000 0.725000 0.535356
vertex 0.976903 0.734567 0.541573
vertex 0.970603 0.730357 0.535356
endloop
endfacet
facet normal -0.086856 -0.046474 0.995136
outer loop
vertex 0.991890 0.744581 0.549039
vertex 1.000000 0.750000 0.550000
vertex 0.990988 0.746267 0.549039
endloop
endfacet
facet normal -0.086764 -0.046418 -0.995147
outer loop
vertex 1.000000 0.750000 0.450000
vertex 0.991890 0.744581 0.450960
vertex 0.990988 0.746267 0.450960
endloop
endfacet
facet normal -0.877706 -0.469163 -0.097565
outer loop
vertex 0.959226 0.722755 0.490245
vertex 0.958427 0.722221 0.500000
vertex 0.953806 0.730866 0.500000
endloop
endfacet
facet normal -0.877672 -0.469235 -0.097517
outer loop
vertex 0.959226 0.722755 0.490245
vertex 0.953806 0.730866 0.500000
vertex 0.954693 0.731234 0.490245
endloop
endfacet
facet normal -0.257057 -0.137500 0.956564
outer loop
vertex 0.984091 0.739369 0.546194
vertex 0.991890 0.744581 0.549039
vertex 0.990988 0.746267 0.549039
endloop
endfacet
facet normal -0.257064 -0.137481 0.956565
outer loop
vertex 0.984091 0.739369 0.546194
vertex 0.990988 0.746267 0.549039
vertex 0.982322 0.742677 0.546194
endloop
endfacet
facet normal -0.844270 -0.451337 -0.288967
outer loop
vertex 0.961591 0.724336 0.480866
vertex 0.959226 0.722755 0.490245
vertex 0.954693 0.731234 0.490245
endloop
endfacet
facet normal -0.844284 -0.451226 -0.289100
outer loop
vertex 0.961591 0.724336 0.480866
vertex 0.954693 0.731234 0.490245
vertex 0.957323 0.732322 0.480866
endloop
endfacet
facet normal -0.417277 -0.223143 0.880958
outer loop
vertex 0.976903 0.734567 0.541573
vertex 0.984091 0.739369 0.546194
vertex 0.982322 0.742677 0.546194
endloop
endfacet
facet normal -0.417337 -0.223095 0.880942
outer loop
vertex 0.976903 0.734567 0.541573
vertex 0.982322 0.742677 0.546194
vertex 0.974336 0.739369 0.541573
endloop
endfacet
facet normal -0.778652 -0.416143 -0.469602
outer loop
vertex 0.965433 0.726903 0.472221
vertex 0.961591 0.724336 0.480866
vertex 0.957323 0.732322 0.480866
endloop
endfacet
facet normal -0.778648 -0.416168 -0.469587
outer loop
vertex 0.965433 0.726903 0.472221
vertex 0.957323 0.732322 0.480866
vertex 0.961591 0.734091 0.472221
endloop
endfacet
facet normal -0.560999 -0.299877 0.771592
outer loop
vertex 0.970603 0.730357 0.535356
vertex 0.976903 0.734567 0.541573
vertex 0.974336 0.739369 0.541573
endloop
endfacet
facet normal -0.561066 -0.299840 0.771558
outer loop
vertex 0.970603 0.730357 0.535356
vertex 0.974336 0.739369 0.541573
vertex 0.967336 0.736470 0.535356
endloop
endfacet
facet normal -0.683052 -0.365097 -0.632570
outer loop
vertex 0.970603 0.730357 0.464645
vertex 0.965433 0.726903 0.472221
vertex 0.961591 0.734091 0.472221
endloop
endfacet
facet normal -0.683045 -0.365045 -0.632607
outer loop
vertex 0.970603 0.730357 0.464645
vertex 0.961591 0.734091 0.472221
vertex 0.967336 0.736470 0.464645
endloop
endfacet
facet normal -0.683144 -0.365095 0.632472
outer loop
vertex 0.965433 0.726903 0.527778
vertex 0.970603 0.730357 0.535356
vertex 0.967336 0.736470 0.535356
endloop
endfacet
facet normal -0.683100 -0.365124 0.632502
outer loop
vertex 0.965433 0.726903 0.527778
vertex 0.967336 0.736470 0.535356
vertex 0.961591 0.734091 0.527778
endloop
endfacet
facet normal -0.561100 -0.299866 -0.771523
outer loop
vertex 0.976903 0.734567 0.458427
vertex 0.970603 0.730357 0.464645
vertex 0.967336 0.736470 0.464645
endloop
endfacet
facet normal -0.561088 -0.299923 -0.771509
outer loop
vertex 0.976903 0.734567 0.458427
vertex 0.967336 0.736470 0.464645
vertex 0.974336 0.739369 0.458427
endloop
endfacet
facet normal -0.778611 -0.416168 0.469648
outer loop
vertex 0.961591 0.724336 0.519134
vertex 0.965433 0.726903 0.527778
vertex 0.961591 0.734091 0.527778
endloop
endfacet
facet normal -0.778646 -0.416128 0.469625
outer loop
vertex 0.961591 0.724336 0.519134
vertex 0.961591 0.734091 0.527778
vertex 0.957323 0.732322 0.519134
endloop
endfacet
facet normal -0.417316 -0.223086 -0.880954
outer loop
vertex 0.984091 0.739369 0.453806
vertex 0.976903 0.734567 0.458427
vertex 0.974336 0.739369 0.458427
endloop
endfacet
facet normal -0.417313 -0.223158 -0.880937
outer loop
vertex 0.984091 0.739369 0.453806
vertex 0.974336 0.739369 0.458427
vertex 0.982322 0.742677 0.453806
endloop
endfacet
facet normal -0.844330 -0.451243 0.288942
outer loop
vertex 0.959226 0.722755 0.509754
vertex 0.961591 0.724336 0.519134
vertex 0.957323 0.732322 0.519134
endloop
endfacet
facet normal -0.844239 -0.451336 0.289062
outer loop
vertex 0.959226 0.722755 0.509754
vertex 0.957323 0.732322 0.519134
vertex 0.954693 0.731234 0.509754
endloop
endfacet
facet normal -0.257153 -0.137525 -0.956535
outer loop
vertex 0.991890 0.744581 0.450960
vertex 0.984091 0.739369 0.453806
vertex 0.982322 0.742677 0.453806
endloop
endfacet
facet normal -0.257139 -0.137553 -0.956535
outer loop
vertex 0.991890 0.744581 0.450960
vertex 0.982322 0.742677 0.453806
vertex 0.990988 0.746267 0.450960
endloop
endfacet
facet normal -0.877674 -0.469218 0.097582
outer loop
vertex 0.958427 0.722221 0.500000
vertex 0.959226 0.722755 0.509754
vertex 0.954693 0.731234 0.509754
endloop
endfacet
facet normal -0.877705 -0.469174 0.097520
outer loop
vertex 0.958427 0.722221 0.500000
vertex 0.954693 0.731234 0.509754
vertex 0.953806 0.730866 0.500000
endloop
endfacet
facet normal -0.741214 -0.224828 0.632498
outer loop
vertex 0.961591 0.734091 0.527778
vertex 0.967336 0.736470 0.535356
vertex 0.965324 0.743103 0.535356
endloop
endfacet
facet normal -0.741250 -0.224779 0.632473
outer loop
vertex 0.961591 0.734091 0.527778
vertex 0.965324 0.743103 0.535356
vertex 0.959226 0.741890 0.527778
endloop
endfacet
facet normal -0.608835 -0.184674 -0.771502
outer loop
vertex 0.974336 0.739369 0.458427
vertex 0.967336 0.736470 0.464645
vertex 0.965324 0.743103 0.464645
endloop
endfacet
facet normal -0.608834 -0.184691 -0.771499
outer loop
vertex 0.974336 0.739369 0.458427
vertex 0.965324 0.743103 0.464645
vertex 0.972755 0.744581 0.458427
endloop
endfacet
facet normal -0.844888 -0.256223 0.469590
outer loop
vertex 0.957323 0.732322 0.519134
vertex 0.961591 0.734091 0.527778
vertex 0.959226 0.741890 0.527778
endloop
endfacet
facet normal -0.844758 -0.256368 0.469745
outer loop
vertex 0.957323 0.732322 0.519134
vertex 0.959226 0.741890 0.527778
vertex 0.954693 0.740988 0.519134
endloop
endfacet
facet normal -0.452847 -0.137375 -0.880942
outer loop
vertex 0.982322 0.742677 0.453806
vertex 0.974336 0.739369 0.458427
vertex 0.972755 0.744581 0.458427
endloop
endfacet
facet normal -0.452844 -0.137231 -0.880965
outer loop
vertex 0.982322 0.742677 0.453806
vertex 0.972755 0.744581 0.458427
vertex 0.981234 0.746267 0.453806
endloop
endfacet
facet normal -0.916048 -0.277999 0.289090
outer loop
vertex 0.954693 0.731234 0.509754
vertex 0.957323 0.732322 0.519134
vertex 0.954693 0.740988 0.519134
endloop
endfacet
facet normal -0.916132 -0.277879 0.288939
outer loop
vertex 0.954693 0.731234 0.509754
vertex 0.954693 0.740988 0.519134
vertex 0.951903 0.740433 0.509754
endloop
endfacet
facet normal -0.279089 -0.084575 -0.956533
outer loop
vertex 0.990988 0.746267 0.450960
vertex 0.982322 0.742677 0.453806
vertex 0.981234 0.746267 0.453806
endloop
endfacet
facet normal -0.279087 -0.084664 -0.956526
outer loop
vertex 0.990988 0.746267 0.450960
vertex 0.981234 0.746267 0.453806
vertex 0.990433 0.748097 0.450960
endloop
endfacet
facet normal -0.952396 -0.288848 0.097513
outer loop
vertex 0.953806 0.730866 0.500000
vertex 0.954693 0.731234 0.509754
vertex 0.951903 0.740433 0.509754
endloop
endfacet
facet normal -0.952344 -0.288976 0.097644
outer loop
vertex 0.953806 0.730866 0.500000
vertex 0.951903 0.740433 0.509754
vertex 0.950960 0.740245 0.500000
endloop
endfacet
facet normal -0.094294 -0.028594 0.995134
outer loop
vertex 0.990988 0.746267 0.549039
vertex 1.000000 0.750000 0.550000
vertex 0.990433 0.748097 0.549039
endloop
endfacet
facet normal -0.094183 -0.028563 -0.995145
outer loop
vertex 1.000000 0.750000 0.450000
vertex 0.990988 0.746267 0.450960
vertex 0.990433 0.748097 0.450960
endloop
endfacet
facet normal -0.952355 -0.288986 -0.097500
outer loop
vertex 0.954693 0.731234 0.490245
vertex 0.953806 0.730866 0.500000
vertex 0.950960 0.740245 0.500000
endloop
endfacet
facet normal -0.952386 -0.288838 -0.097638
outer loop
vertex 0.954693 0.731234 0.490245
vertex 0.950960 0.740245 0.500000
vertex 0.951903 0.740433 0.490245
endloop
endfacet
facet normal -0.278987 -0.084612 0.956560
outer loop
vertex 0.982322 0.742677 0.546194
vertex 0.990988 0.746267 0.549039
vertex 0.990433 0.748097 0.549039
endloop
endfacet
facet normal -0.279000 -0.084554 0.956561
outer loop
vertex 0.982322 0.742677 0.546194
vertex 0.990433 0.748097 0.549039
vertex 0.981234 0.746267 0.546194
endloop
endfacet
facet normal -0.916085 -0.277854 -0.289113
outer loop
vertex 0.957323 0.732322 0.480866
vertex 0.954693 0.731234 0.490245
vertex 0.951903 0.740433 0.490245
endloop
endfacet
facet normal -0.916082 -0.278020 -0.288963
outer loop
vertex 0.957323 0.732322 0.480866
vertex 0.951903 0.740433 0.490245
vertex 0.954693 0.740988 0.480866
endloop
endfacet
facet normal -0.452890 -0.137270 0.880936
outer loop
vertex 0.974336 0.739369 0.541573
vertex 0.982322 0.742677 0.546194
vertex 0.981234 0.746267 0.546194
endloop
endfacet
facet normal -0.452809 -0.137346 0.880965
outer loop
vertex 0.974336 0.739369 0.541573
vertex 0.981234 0.746267 0.546194
vertex 0.972755 0.744581 0.541573
endloop
endfacet
facet normal -0.844851 -0.256390 -0.469564
outer loop
vertex 0.961591 0.734091 0.472221
vertex 0.957323 0.732322 0.480866
vertex 0.954693 0.740988 0.480866
endloop
endfacet
facet normal -0.844830 -0.256200 -0.469706
outer loop
vertex 0.961591 0.734091 0.472221
vertex 0.954693 0.740988 0.480866
vertex 0.959226 0.741890 0.472221
endloop
endfacet
facet normal -0.608767 -0.184684 0.771553
outer loop
vertex 0.967336 0.736470 0.535356
vertex 0.974336 0.739369 0.541573
vertex 0.972755 0.744581 0.541573
endloop
endfacet
facet normal -0.608779 -0.184659 0.771550
outer loop
vertex 0.967336 0.736470 0.535356
vertex 0.972755 0.744581 0.541573
vertex 0.965324 0.743103 0.535356
endloop
endfacet
facet normal -0.741156 -0.224735 -0.632600
outer loop
vertex 0.967336 0.736470 0.464645
vertex 0.961591 0.734091 0.472221
vertex 0.959226 0.741890 0.472221
endloop
endfacet
facet normal -0.741163 -0.224819 -0.632562
outer loop
vertex 0.967336 0.736470 0.464645
vertex 0.959226 0.741890 0.472221
vertex 0.965324 0.743103 0.464645
endloop
endfacet
facet normal -0.990438 -0.097475 -0.097623
outer loop
vertex 0.951903 0.740433 0.490245
vertex 0.950960 0.740245 0.500000
vertex 0.950000 0.750000 0.500000
endloop
endfacet
facet normal -0.990438 -0.097534 -0.097572
outer loop
vertex 0.951903 0.740433 0.490245
vertex 0.950000 0.750000 0.500000
vertex 0.950961 0.750000 0.490245
endloop
endfacet
facet normal -0.290161 -0.028674 0.956548
outer loop
vertex 0.981234 0.746267 0.546194
vertex 0.990433 0.748097 0.549039
vertex 0.990245 0.750000 0.549039
endloop
endfacet
facet normal -0.290142 -0.028599 0.956556
outer loop
vertex 0.981234 0.746267 0.546194
vertex 0.990245 0.750000 0.549039
vertex 0.980866 0.750000 0.546194
endloop
endfacet
facet normal -0.952732 -0.093804 -0.288967
outer loop
vertex 0.954693 0.740988 0.480866
vertex 0.951903 0.740433 0.490245
vertex 0.950961 0.750000 0.490245
endloop
endfacet
facet normal -0.952727 -0.093765 -0.288996
outer loop
vertex 0.954693 0.740988 0.480866
vertex 0.950961 0.750000 0.490245
vertex 0.953806 0.750000 0.480866
endloop
endfacet
facet normal -0.470901 -0.046421 0.880964
outer loop
vertex 0.972755 0.744581 0.541573
vertex 0.981234 0.746267 0.546194
vertex 0.980866 0.750000 0.546194
endloop
endfacet
facet normal -0.470903 -0.046393 0.880964
outer loop
vertex 0.972755 0.744581 0.541573
vertex 0.980866 0.750000 0.546194
vertex 0.972221 0.750000 0.541573
endloop
endfacet
facet normal -0.878576 -0.086479 -0.469709
outer loop
vertex 0.959226 0.741890 0.472221
vertex 0.954693 0.740988 0.480866
vertex 0.953806 0.750000 0.480866
endloop
endfacet
facet normal -0.878605 -0.086552 -0.469641
outer loop
vertex 0.959226 0.741890 0.472221
vertex 0.953806 0.750000 0.480866
vertex 0.958427 0.750000 0.472221
endloop
endfacet
facet normal -0.633097 -0.062374 0.771555
outer loop
vertex 0.965324 0.743103 0.535356
vertex 0.972755 0.744581 0.541573
vertex 0.972221 0.750000 0.541573
endloop
endfacet
facet normal -0.633132 -0.062337 0.771530
outer loop
vertex 0.965324 0.743103 0.535356
vertex 0.972221 0.750000 0.541573
vertex 0.964645 0.750000 0.535356
endloop
endfacet
facet normal -0.770775 -0.075941 -0.632565
outer loop
vertex 0.965324 0.743103 0.464645
vertex 0.959226 0.741890 0.472221
vertex 0.958427 0.750000 0.472221
endloop
endfacet
facet normal -0.770754 -0.075874 -0.632599
outer loop
vertex 0.965324 0.743103 0.464645
vertex 0.958427 0.750000 0.472221
vertex 0.964645 0.750000 0.464645
endloop
endfacet
facet normal -0.770862 -0.075892 0.632465
outer loop
vertex 0.959226 0.741890 0.527778
vertex 0.965324 0.743103 0.535356
vertex 0.964645 0.750000 0.535356
endloop
endfacet
facet normal -0.770829 -0.075928 0.632501
outer loop
vertex 0.959226 0.741890 0.527778
vertex 0.964645 0.750000 0.535356
vertex 0.958427 0.750000 0.527778
endloop
endfacet
facet normal -0.633171 -0.062330 -0.771498
outer loop
vertex 0.972755 0.744581 0.458427
vertex 0.965324 0.743103 0.464645
vertex 0.964645 0.750000 0.464645
endloop
endfacet
facet normal -0.633186 -0.062409 -0.771479
outer loop
vertex 0.972755 0.744581 0.458427
vertex 0.964645 0.750000 0.464645
vertex 0.972221 0.750000 0.458427
endloop
endfacet
facet normal -0.878546 -0.086556 0.469750
outer loop
vertex 0.954693 0.740988 0.519134
vertex 0.959226 0.741890 0.527778
vertex 0.958427 0.750000 0.527778
endloop
endfacet
facet normal -0.878588 -0.086468 0.469687
outer loop
vertex 0.954693 0.740988 0.519134
vertex 0.958427 0.750000 0.527778
vertex 0.953806 0.750000 0.519134
endloop
endfacet
facet normal -0.470895 -0.046410 -0.880968
outer loop
vertex 0.981234 0.746267 0.453806
vertex 0.972755 0.744581 0.458427
vertex 0.972221 0.750000 0.458427
endloop
endfacet
facet normal -0.470901 -0.046397 -0.880965
outer loop
vertex 0.981234 0.746267 0.453806
vertex 0.972221 0.750000 0.458427
vertex 0.980866 0.750000 0.453806
endloop
endfacet
facet normal -0.952746 -0.093757 0.288938
outer loop
vertex 0.951903 0.740433 0.509754
vertex 0.954693 0.740988 0.519134
vertex 0.953806 0.750000 0.519134
endloop
endfacet
facet normal -0.952732 -0.093814 0.288966
outer loop
vertex 0.951903 0.740433 0.509754
vertex 0.953806 0.750000 0.519134
vertex 0.950961 0.750000 0.509754
endloop
endfacet
facet normal -0.290252 -0.028624 -0.956522
outer loop
vertex 0.990433 0.748097 0.450960
vertex 0.981234 0.746267 0.453806
vertex 0.980866 0.750000 0.453806
endloop
endfacet
facet normal -0.290245 -0.028648 -0.956524
outer loop
vertex 0.990433 0.748097 0.450960
vertex 0.980866 0.750000 0.453806
vertex 0.990245 0.750000 0.450960
endloop
endfacet
facet normal -0.990433 -0.097522 0.097632
outer loop
vertex 0.950960 0.740245 0.500000
vertex 0.951903 0.740433 0.509754
vertex 0.950961 0.750000 0.509754
endloop
endfacet
facet normal -0.990441 -0.097487 0.097584
outer loop
vertex 0.950960 0.740245 0.500000
vertex 0.950961 0.750000 0.509754
vertex 0.950000 0.750000 0.500000
endloop
endfacet
facet normal -0.098038 -0.009679 0.995136
outer loop
vertex 0.990433 0.748097 0.549039
vertex 1.000000 0.750000 0.550000
vertex 0.990245 0.750000 0.549039
endloop
endfacet
facet normal -0.097926 -0.009679 -0.995147
outer loop
vertex 1.000000 0.750000 0.450000
vertex 0.990433 0.748097 0.450960
vertex 0.990245 0.750000 0.450960
endloop
endfacet
facet normal -0.633196 0.062337 -0.771477
outer loop
vertex 0.972221 0.750000 0.458427
vertex 0.964645 0.750000 0.464645
vertex 0.965324 0.756898 0.464645
endloop
endfacet
facet normal -0.633153 0.062388 -0.771508
outer loop
vertex 0.972221 0.750000 0.458427
vertex 0.965324 0.756898 0.464645
vertex 0.972755 0.755419 0.458427
endloop
endfacet
facet normal -0.878582 0.086559 0.469682
outer loop
vertex 0.953806 0.750000 0.519134
vertex 0.958427 0.750000 0.527778
vertex 0.959226 0.758110 0.527778
endloop
endfacet
facet normal -0.878555 0.086465 0.469749
outer loop
vertex 0.953806 0.750000 0.519134
vertex 0.959226 0.758110 0.527778
vertex 0.954693 0.759012 0.519134
endloop
endfacet
facet normal -0.470902 0.046393 -0.880965
outer loop
vertex 0.980866 0.750000 0.453806
vertex 0.972221 0.750000 0.458427
vertex 0.972755 0.755419 0.458427
endloop
endfacet
facet normal -0.470903 0.046423 -0.880963
outer loop
vertex 0.980866 0.750000 0.453806
vertex 0.972755 0.755419 0.458427
vertex 0.981234 0.753733 0.453806
endloop
endfacet
facet normal -0.952737 0.093756 0.288967
outer loop
vertex 0.950961 0.750000 0.509754
vertex 0.953806 0.750000 0.519134
vertex 0.954693 0.759012 0.519134
endloop
endfacet
facet normal -0.952740 0.093814 0.288938
outer loop
vertex 0.950961 0.750000 0.509754
vertex 0.954693 0.759012 0.519134
vertex 0.951903 0.759567 0.509754
endloop
endfacet
facet normal -0.290254 0.028612 -0.956522
outer loop
vertex 0.990245 0.750000 0.450960
vertex 0.980866 0.750000 0.453806
vertex 0.981234 0.753733 0.453806
endloop
endfacet
facet normal -0.290225 0.028672 -0.956529
outer loop
vertex 0.990245 0.750000 0.450960
vertex 0.981234 0.753733 0.453806
vertex 0.990433 0.751903 0.450960
endloop
endfacet
facet normal -0.990438 0.097523 0.097581
outer loop
vertex 0.950000 0.750000 0.500000
vertex 0.950961 0.750000 0.509754
vertex 0.951903 0.759567 0.509754
endloop
endfacet
facet normal -0.990437 0.097594 0.097522
outer loop
vertex 0.950000 0.750000 0.500000
vertex 0.951903 0.759567 0.509754
vertex 0.950961 0.759754 0.500000
endloop
endfacet
facet normal -0.098038 0.009679 0.995136
outer loop
vertex 0.990245 0.750000 0.549039
vertex 1.000000 0.750000 0.550000
vertex 0.990433 0.751903 0.549039
endloop
endfacet
facet normal -0.097926 0.009679 -0.995147
outer loop
vertex 1.000000 0.750000 0.450000
vertex 0.990245 0.750000 0.450960
vertex 0.990433 0.751903 0.450960
endloop
endfacet
facet normal -0.990433 0.097582 -0.097571
outer loop
vertex 0.950961 0.750000 0.490245
vertex 0.950000 0.750000 0.500000
vertex 0.950961 0.759754 0.500000
endloop
endfacet
facet normal -0.990444 0.097534 -0.097510
outer loop
vertex 0.950961 0.750000 0.490245
vertex 0.950961 0.759754 0.500000
vertex 0.951903 0.759567 0.490245
endloop
endfacet
facet normal -0.290150 0.028649 0.956552
outer loop
vertex 0.980866 0.750000 0.546194
vertex 0.990245 0.750000 0.549039
vertex 0.990433 0.751903 0.549039
endloop
endfacet
facet normal -0.290148 0.028612 0.956554
outer loop
vertex 0.980866 0.750000 0.546194
vertex 0.990433 0.751903 0.549039
vertex 0.981234 0.753733 0.546194
endloop
endfacet
facet normal -0.952724 0.093803 -0.288995
outer loop
vertex 0.953806 0.750000 0.480866
vertex 0.950961 0.750000 0.490245
vertex 0.951903 0.759567 0.490245
endloop
endfacet
facet normal -0.952736 0.093766 -0.288967
outer loop
vertex 0.953806 0.750000 0.480866
vertex 0.951903 0.759567 0.490245
vertex 0.954693 0.759012 0.480866
endloop
endfacet
facet normal -0.470912 0.046398 0.880959
outer loop
vertex 0.972221 0.750000 0.541573
vertex 0.980866 0.750000 0.546194
vertex 0.981234 0.753733 0.546194
endloop
endfacet
facet normal -0.470897 0.046410 0.880967
outer loop
vertex 0.972221 0.750000 0.541573
vertex 0.981234 0.753733 0.546194
vertex 0.972755 0.755419 0.541573
endloop
endfacet
facet normal -0.878608 0.086482 -0.469647
outer loop
vertex 0.958427 0.750000 0.472221
vertex 0.953806 0.750000 0.480866
vertex 0.954693 0.759012 0.480866
endloop
endfacet
facet normal -0.878569 0.086548 -0.469708
outer loop
vertex 0.958427 0.750000 0.472221
vertex 0.954693 0.759012 0.480866
vertex 0.959226 0.758110 0.472221
endloop
endfacet
facet normal -0.633125 0.062395 0.771531
outer loop
vertex 0.964645 0.750000 0.535356
vertex 0.972221 0.750000 0.541573
vertex 0.972755 0.755419 0.541573
endloop
endfacet
facet normal -0.633108 0.062310 0.771552
outer loop
vertex 0.964645 0.750000 0.535356
vertex 0.972755 0.755419 0.541573
vertex 0.965324 0.756898 0.535356
endloop
endfacet
facet normal -0.770751 0.075928 -0.632596
outer loop
vertex 0.964645 0.750000 0.464645
vertex 0.958427 0.750000 0.472221
vertex 0.959226 0.758110 0.472221
endloop
endfacet
facet normal -0.770791 0.075881 -0.632553
outer loop
vertex 0.964645 0.750000 0.464645
vertex 0.959226 0.758110 0.472221
vertex 0.965324 0.756898 0.464645
endloop
endfacet
facet normal -0.770839 0.075865 0.632496
outer loop
vertex 0.958427 0.750000 0.527778
vertex 0.964645 0.750000 0.535356
vertex 0.965324 0.756898 0.535356
endloop
endfacet
facet normal -0.770855 0.075942 0.632468
outer loop
vertex 0.958427 0.750000 0.527778
vertex 0.965324 0.756898 0.535356
vertex 0.959226 0.758110 0.527778
endloop
endfacet
facet normal -0.916126 0.277867 -0.288968
outer loop
vertex 0.954693 0.759012 0.480866
vertex 0.951903 0.759567 0.490245
vertex 0.954693 0.768766 0.490245
endloop
endfacet
facet normal -0.916019 0.278035 -0.289146
outer loop
vertex 0.954693 0.759012 0.480866
vertex 0.954693 0.768766 0.490245
vertex 0.957323 0.767677 0.480866
endloop
endfacet
facet normal -0.452823 0.137261 0.880971
outer loop
vertex 0.972755 0.755419 0.541573
vertex 0.981234 0.753733 0.546194
vertex 0.982322 0.757322 0.546194
endloop
endfacet
facet normal -0.452850 0.137400 0.880936
outer loop
vertex 0.972755 0.755419 0.541573
vertex 0.982322 0.757322 0.546194
vertex 0.974336 0.760630 0.541573
endloop
endfacet
facet normal -0.844771 0.256394 -0.469706
outer loop
vertex 0.959226 0.758110 0.472221
vertex 0.954693 0.759012 0.480866
vertex 0.957323 0.767677 0.480866
endloop
endfacet
facet normal -0.844919 0.256226 -0.469531
outer loop
vertex 0.959226 0.758110 0.472221
vertex 0.957323 0.767677 0.480866
vertex 0.961591 0.765909 0.472221
endloop
endfacet
facet normal -0.608746 0.184692 0.771568
outer loop
vertex 0.965324 0.756898 0.535356
vertex 0.972755 0.755419 0.541573
vertex 0.974336 0.760630 0.541573
endloop
endfacet
facet normal -0.608753 0.184695 0.771561
outer loop
vertex 0.965324 0.756898 0.535356
vertex 0.974336 0.760630 0.541573
vertex 0.967336 0.763530 0.535356
endloop
endfacet
facet normal -0.741194 0.224744 -0.632551
outer loop
vertex 0.965324 0.756898 0.464645
vertex 0.959226 0.758110 0.472221
vertex 0.961591 0.765909 0.472221
endloop
endfacet
facet normal -0.741125 0.224842 -0.632598
outer loop
vertex 0.965324 0.756898 0.464645
vertex 0.961591 0.765909 0.472221
vertex 0.967336 0.763530 0.464645
endloop
endfacet
facet normal -0.741243 0.224886 0.632444
outer loop
vertex 0.959226 0.758110 0.527778
vertex 0.965324 0.756898 0.535356
vertex 0.967336 0.763530 0.535356
endloop
endfacet
facet normal -0.741234 0.224757 0.632500
outer loop
vertex 0.959226 0.758110 0.527778
vertex 0.967336 0.763530 0.535356
vertex 0.961591 0.765909 0.527778
endloop
endfacet
facet normal -0.608817 0.184696 -0.771511
outer loop
vertex 0.972755 0.755419 0.458427
vertex 0.965324 0.756898 0.464645
vertex 0.967336 0.763530 0.464645
endloop
endfacet
facet normal -0.608799 0.184717 -0.771520
outer loop
vertex 0.972755 0.755419 0.458427
vertex 0.967336 0.763530 0.464645
vertex 0.974336 0.760630 0.458427
endloop
endfacet
facet normal -0.844810 0.256196 0.469744
outer loop
vertex 0.954693 0.759012 0.519134
vertex 0.959226 0.758110 0.527778
vertex 0.961591 0.765909 0.527778
endloop
endfacet
facet normal -0.844829 0.256421 0.469588
outer loop
vertex 0.954693 0.759012 0.519134
vertex 0.961591 0.765909 0.527778
vertex 0.957323 0.767677 0.519134
endloop
endfacet
facet normal -0.452804 0.137368 -0.880964
outer loop
vertex 0.981234 0.753733 0.453806
vertex 0.972755 0.755419 0.458427
vertex 0.974336 0.760630 0.458427
endloop
endfacet
facet normal -0.452894 0.137306 -0.880928
outer loop
vertex 0.981234 0.753733 0.453806
vertex 0.974336 0.760630 0.458427
vertex 0.982322 0.757322 0.453806
endloop
endfacet
facet normal -0.916080 0.278043 0.288945
outer loop
vertex 0.951903 0.759567 0.509754
vertex 0.954693 0.759012 0.519134
vertex 0.957323 0.767677 0.519134
endloop
endfacet
facet normal -0.916085 0.277864 0.289101
outer loop
vertex 0.951903 0.759567 0.509754
vertex 0.957323 0.767677 0.519134
vertex 0.954693 0.768766 0.509754
endloop
endfacet
facet normal -0.279095 0.084600 -0.956530
outer loop
vertex 0.990433 0.751903 0.450960
vertex 0.981234 0.753733 0.453806
vertex 0.982322 0.757322 0.453806
endloop
endfacet
facet normal -0.279081 0.084664 -0.956528
outer loop
vertex 0.990433 0.751903 0.450960
vertex 0.982322 0.757322 0.453806
vertex 0.990988 0.753733 0.450960
endloop
endfacet
facet normal -0.952396 0.288847 0.097518
outer loop
vertex 0.950961 0.759754 0.500000
vertex 0.951903 0.759567 0.509754
vertex 0.954693 0.768766 0.509754
endloop
endfacet
facet normal -0.952391 0.288864 0.097512
outer loop
vertex 0.950961 0.759754 0.500000
vertex 0.954693 0.768766 0.509754
vertex 0.953806 0.769134 0.500000
endloop
endfacet
facet normal -0.094286 0.028595 0.995134
outer loop
vertex 0.990433 0.751903 0.549039
vertex 1.000000 0.750000 0.550000
vertex 0.990988 0.753733 0.549039
endloop
endfacet
facet normal -0.094175 0.028565 -0.995146
outer loop
vertex 1.000000 0.750000 0.450000
vertex 0.990433 0.751903 0.450960
vertex 0.990988 0.753733 0.450960
endloop
endfacet
facet normal -0.952391 0.288868 -0.097503
outer loop
vertex 0.951903 0.759567 0.490245
vertex 0.950961 0.759754 0.500000
vertex 0.953806 0.769134 0.500000
endloop
endfacet
facet normal -0.952398 0.288842 -0.097505
outer loop
vertex 0.951903 0.759567 0.490245
vertex 0.953806 0.769134 0.500000
vertex 0.954693 0.768766 0.490245
endloop
endfacet
facet normal -0.279002 0.084620 0.956555
outer loop
vertex 0.981234 0.753733 0.546194
vertex 0.990433 0.751903 0.549039
vertex 0.990988 0.753733 0.549039
endloop
endfacet
facet normal -0.278998 0.084576 0.956560
outer loop
vertex 0.981234 0.753733 0.546194
vertex 0.990988 0.753733 0.549039
vertex 0.982322 0.757322 0.546194
endloop
endfacet
facet normal -0.417362 0.223059 -0.880939
outer loop
vertex 0.982322 0.757322 0.453806
vertex 0.974336 0.760630 0.458427
vertex 0.976903 0.765433 0.458427
endloop
endfacet
facet normal -0.417262 0.223128 -0.880969
outer loop
vertex 0.982322 0.757322 0.453806
vertex 0.976903 0.765433 0.458427
vertex 0.984091 0.760630 0.453806
endloop
endfacet
facet normal -0.844306 0.451174 0.289118
outer loop
vertex 0.954693 0.768766 0.509754
vertex 0.957323 0.767677 0.519134
vertex 0.961591 0.775664 0.519134
endloop
endfacet
facet normal -0.844273 0.451352 0.288939
outer loop
vertex 0.954693 0.768766 0.509754
vertex 0.961591 0.775664 0.519134
vertex 0.959226 0.777245 0.509754
endloop
endfacet
facet normal -0.257170 0.137534 -0.956529
outer loop
vertex 0.990988 0.753733 0.450960
vertex 0.982322 0.757322 0.453806
vertex 0.984091 0.760630 0.453806
endloop
endfacet
facet normal -0.257150 0.137546 -0.956533
outer loop
vertex 0.990988 0.753733 0.450960
vertex 0.984091 0.760630 0.453806
vertex 0.991890 0.755419 0.450960
endloop
endfacet
facet normal -0.877680 0.469221 0.097514
outer loop
vertex 0.953806 0.769134 0.500000
vertex 0.954693 0.768766 0.509754
vertex 0.959226 0.777245 0.509754
endloop
endfacet
facet normal -0.877683 0.469212 0.097538
outer loop
vertex 0.953806 0.769134 0.500000
vertex 0.959226 0.777245 0.509754
vertex 0.958427 0.777778 0.500000
endloop
endfacet
facet normal -0.086876 0.046471 0.995135
outer loop
vertex 0.990988 0.753733 0.549039
vertex 1.000000 0.750000 0.550000
vertex 0.991890 0.755419 0.549039
endloop
endfacet
facet normal -0.086766 0.046416 -0.995147
outer loop
vertex 1.000000 0.750000 0.450000
vertex 0.990988 0.753733 0.450960
vertex 0.991890 0.755419 0.450960
endloop
endfacet
facet normal -0.877681 0.469221 -0.097506
outer loop
vertex 0.954693 0.768766 0.490245
vertex 0.953806 0.769134 0.500000
vertex 0.958427 0.777778 0.500000
endloop
endfacet
facet normal -0.877681 0.469217 -0.097527
outer loop
vertex 0.954693 0.768766 0.490245
vertex 0.958427 0.777778 0.500000
vertex 0.959226 0.777245 0.490245
endloop
endfacet
facet normal -0.257068 0.137505 0.956561
outer loop
vertex 0.982322 0.757322 0.546194
vertex 0.990988 0.753733 0.549039
vertex 0.991890 0.755419 0.549039
endloop
endfacet
facet normal -0.257070 0.137484 0.956563
outer loop
vertex 0.982322 0.757322 0.546194
vertex 0.991890 0.755419 0.549039
vertex 0.984091 0.760630 0.546194
endloop
endfacet
facet normal -0.844226 0.451314 -0.289135
outer loop
vertex 0.957323 0.767677 0.480866
vertex 0.954693 0.768766 0.490245
vertex 0.959226 0.777245 0.490245
endloop
endfacet
facet normal -0.844344 0.451200 -0.288965
outer loop
vertex 0.957323 0.767677 0.480866
vertex 0.959226 0.777245 0.490245
vertex 0.961591 0.775664 0.480866
endloop
endfacet
facet normal -0.417304 0.223147 0.880944
outer loop
vertex 0.974336 0.760630 0.541573
vertex 0.982322 0.757322 0.546194
vertex 0.984091 0.760630 0.546194
endloop
endfacet
facet normal -0.417329 0.223046 0.880958
outer loop
vertex 0.974336 0.760630 0.541573
vertex 0.984091 0.760630 0.546194
vertex 0.976903 0.765433 0.541573
endloop
endfacet
facet normal -0.778705 0.416117 -0.469537
outer loop
vertex 0.961591 0.765909 0.472221
vertex 0.957323 0.767677 0.480866
vertex 0.961591 0.775664 0.480866
endloop
endfacet
facet normal -0.778632 0.416167 -0.469614
outer loop
vertex 0.961591 0.765909 0.472221
vertex 0.961591 0.775664 0.480866
vertex 0.965433 0.773097 0.472221
endloop
endfacet
facet normal -0.561030 0.299833 0.771586
outer loop
vertex 0.967336 0.763530 0.535356
vertex 0.974336 0.760630 0.541573
vertex 0.976903 0.765433 0.541573
endloop
endfacet
facet normal -0.561049 0.299886 0.771552
outer loop
vertex 0.967336 0.763530 0.535356
vertex 0.976903 0.765433 0.541573
vertex 0.970603 0.769642 0.535356
endloop
endfacet
facet normal -0.683022 0.365090 -0.632605
outer loop
vertex 0.967336 0.763530 0.464645
vertex 0.961591 0.765909 0.472221
vertex 0.965433 0.773097 0.472221
endloop
endfacet
facet normal -0.683024 0.365091 -0.632603
outer loop
vertex 0.967336 0.763530 0.464645
vertex 0.965433 0.773097 0.472221
vertex 0.970603 0.769642 0.464645
endloop
endfacet
facet normal -0.683087 0.365127 0.632514
outer loop
vertex 0.961591 0.765909 0.527778
vertex 0.967336 0.763530 0.535356
vertex 0.970603 0.769642 0.535356
endloop
endfacet
facet normal -0.683099 0.365129 0.632500
outer loop
vertex 0.961591 0.765909 0.527778
vertex 0.970603 0.769642 0.535356
vertex 0.965433 0.773097 0.527778
endloop
endfacet
facet normal -0.561082 0.299907 -0.771520
outer loop
vertex 0.974336 0.760630 0.458427
vertex 0.967336 0.763530 0.464645
vertex 0.970603 0.769642 0.464645
endloop
endfacet
facet normal -0.561114 0.299881 -0.771506
outer loop
vertex 0.974336 0.760630 0.458427
vertex 0.970603 0.769642 0.464645
vertex 0.976903 0.765433 0.458427
endloop
endfacet
facet normal -0.778652 0.416173 0.469575
outer loop
vertex 0.957323 0.767677 0.519134
vertex 0.961591 0.765909 0.527778
vertex 0.965433 0.773097 0.527778
endloop
endfacet
facet normal -0.778646 0.416098 0.469652
outer loop
vertex 0.957323 0.767677 0.519134
vertex 0.965433 0.773097 0.527778
vertex 0.961591 0.775664 0.519134
endloop
endfacet
facet normal -0.365818 0.300093 0.880977
outer loop
vertex 0.976903 0.765433 0.541573
vertex 0.984091 0.760630 0.546194
vertex 0.986470 0.763530 0.546194
endloop
endfacet
facet normal -0.365812 0.300188 0.880948
outer loop
vertex 0.976903 0.765433 0.541573
vertex 0.986470 0.763530 0.546194
vertex 0.980357 0.769642 0.541573
endloop
endfacet
facet normal -0.682451 0.560118 -0.469605
outer loop
vertex 0.965433 0.773097 0.472221
vertex 0.961591 0.775664 0.480866
vertex 0.967336 0.782664 0.480866
endloop
endfacet
facet normal -0.682514 0.560060 -0.469582
outer loop
vertex 0.965433 0.773097 0.472221
vertex 0.967336 0.782664 0.480866
vertex 0.970603 0.779397 0.472221
endloop
endfacet
facet normal -0.491771 0.403558 0.771559
outer loop
vertex 0.970603 0.769642 0.535356
vertex 0.976903 0.765433 0.541573
vertex 0.980357 0.769642 0.541573
endloop
endfacet
facet normal -0.491767 0.403580 0.771549
outer loop
vertex 0.970603 0.769642 0.535356
vertex 0.980357 0.769642 0.541573
vertex 0.975000 0.775000 0.535356
endloop
endfacet
facet normal -0.598681 0.491300 -0.632618
outer loop
vertex 0.970603 0.769642 0.464645
vertex 0.965433 0.773097 0.472221
vertex 0.970603 0.779397 0.472221
endloop
endfacet
facet normal -0.598679 0.491300 -0.632620
outer loop
vertex 0.970603 0.769642 0.464645
vertex 0.970603 0.779397 0.472221
vertex 0.975000 0.775000 0.464645
endloop
endfacet
facet normal -0.598752 0.491354 0.632509
outer loop
vertex 0.965433 0.773097 0.527778
vertex 0.970603 0.769642 0.535356
vertex 0.975000 0.775000 0.535356
endloop
endfacet
facet normal -0.598738 0.491346 0.632528
outer loop
vertex 0.965433 0.773097 0.527778
vertex 0.975000 0.775000 0.535356
vertex 0.970603 0.779397 0.527778
endloop
endfacet
facet normal -0.491806 0.403618 -0.771505
outer loop
vertex 0.976903 0.765433 0.458427
vertex 0.970603 0.769642 0.464645
vertex 0.975000 0.775000 0.464645
endloop
endfacet
facet normal -0.491827 0.403602 -0.771500
outer loop
vertex 0.976903 0.765433 0.458427
vertex 0.975000 0.775000 0.464645
vertex 0.980357 0.769642 0.458427
endloop
endfacet
facet normal -0.682480 0.560045 0.469650
outer loop
vertex 0.961591 0.775664 0.519134
vertex 0.965433 0.773097 0.527778
vertex 0.970603 0.779397 0.527778
endloop
endfacet
facet normal -0.682454 0.560100 0.469622
outer loop
vertex 0.961591 0.775664 0.519134
vertex 0.970603 0.779397 0.527778
vertex 0.967336 0.782664 0.519134
endloop
endfacet
facet normal -0.365779 0.300169 -0.880968
outer loop
vertex 0.984091 0.760630 0.453806
vertex 0.976903 0.765433 0.458427
vertex 0.980357 0.769642 0.458427
endloop
endfacet
facet normal -0.365863 0.300124 -0.880948
outer loop
vertex 0.984091 0.760630 0.453806
vertex 0.980357 0.769642 0.458427
vertex 0.986470 0.763530 0.453806
endloop
endfacet
facet normal -0.740022 0.607351 0.288949
outer loop
vertex 0.959226 0.777245 0.509754
vertex 0.961591 0.775664 0.519134
vertex 0.967336 0.782664 0.519134
endloop
endfacet
facet normal -0.740053 0.607284 0.289010
outer loop
vertex 0.959226 0.777245 0.509754
vertex 0.967336 0.782664 0.519134
vertex 0.965324 0.784676 0.509754
endloop
endfacet
facet normal -0.225469 0.184952 -0.956533
outer loop
vertex 0.991890 0.755419 0.450960
vertex 0.984091 0.760630 0.453806
vertex 0.986470 0.763530 0.453806
endloop
endfacet
facet normal -0.225521 0.184958 -0.956520
outer loop
vertex 0.991890 0.755419 0.450960
vertex 0.986470 0.763530 0.453806
vertex 0.993103 0.756898 0.450960
endloop
endfacet
facet normal -0.769364 0.631324 0.097520
outer loop
vertex 0.958427 0.777778 0.500000
vertex 0.959226 0.777245 0.509754
vertex 0.965324 0.784676 0.509754
endloop
endfacet
facet normal -0.769368 0.631311 0.097570
outer loop
vertex 0.958427 0.777778 0.500000
vertex 0.965324 0.784676 0.509754
vertex 0.964645 0.785356 0.500000
endloop
endfacet
facet normal -0.076197 0.062483 0.995133
outer loop
vertex 0.991890 0.755419 0.549039
vertex 1.000000 0.750000 0.550000
vertex 0.993103 0.756898 0.549039
endloop
endfacet
facet normal -0.076109 0.062420 -0.995144
outer loop
vertex 1.000000 0.750000 0.450000
vertex 0.991890 0.755419 0.450960
vertex 0.993103 0.756898 0.450960
endloop
endfacet
facet normal -0.769379 0.631307 -0.097512
outer loop
vertex 0.959226 0.777245 0.490245
vertex 0.958427 0.777778 0.500000
vertex 0.964645 0.785356 0.500000
endloop
endfacet
facet normal -0.769349 0.631336 -0.097559
outer loop
vertex 0.959226 0.777245 0.490245
vertex 0.964645 0.785356 0.500000
vertex 0.965324 0.784676 0.490245
endloop
endfacet
facet normal -0.225411 0.184899 0.956557
outer loop
vertex 0.984091 0.760630 0.546194
vertex 0.991890 0.755419 0.549039
vertex 0.993103 0.756898 0.549039
endloop
endfacet
facet normal -0.225412 0.184904 0.956556
outer loop
vertex 0.984091 0.760630 0.546194
vertex 0.993103 0.756898 0.549039
vertex 0.986470 0.763530 0.546194
endloop
endfacet
facet normal -0.740056 0.607290 -0.288989
outer loop
vertex 0.961591 0.775664 0.480866
vertex 0.959226 0.777245 0.490245
vertex 0.965324 0.784676 0.490245
endloop
endfacet
facet normal -0.740000 0.607337 -0.289038
outer loop
vertex 0.961591 0.775664 0.480866
vertex 0.965324 0.784676 0.490245
vertex 0.967336 0.782664 0.480866
endloop
endfacet
facet normal -0.607323 0.740021 0.289012
outer loop
vertex 0.965324 0.784676 0.509754
vertex 0.967336 0.782664 0.519134
vertex 0.974336 0.788409 0.519134
endloop
endfacet
facet normal -0.607271 0.740112 0.288888
outer loop
vertex 0.965324 0.784676 0.509754
vertex 0.974336 0.788409 0.519134
vertex 0.972756 0.790774 0.509754
endloop
endfacet
facet normal -0.185005 0.225442 -0.956530
outer loop
vertex 0.993103 0.756898 0.450960
vertex 0.986470 0.763530 0.453806
vertex 0.989369 0.765909 0.453806
endloop
endfacet
facet normal -0.184893 0.225481 -0.956542
outer loop
vertex 0.993103 0.756898 0.450960
vertex 0.989369 0.765909 0.453806
vertex 0.994581 0.758110 0.450960
endloop
endfacet
facet normal -0.631283 0.769389 0.097580
outer loop
vertex 0.964645 0.785356 0.500000
vertex 0.965324 0.784676 0.509754
vertex 0.972756 0.790774 0.509754
endloop
endfacet
facet normal -0.631330 0.769342 0.097652
outer loop
vertex 0.964645 0.785356 0.500000
vertex 0.972756 0.790774 0.509754
vertex 0.972221 0.791573 0.500000
endloop
endfacet
facet normal -0.062436 0.076173 0.995138
outer loop
vertex 0.993103 0.756898 0.549039
vertex 1.000000 0.750000 0.550000
vertex 0.994581 0.758110 0.549039
endloop
endfacet
facet normal -0.062413 0.076093 -0.995145
outer loop
vertex 1.000000 0.750000 0.450000
vertex 0.993103 0.756898 0.450960
vertex 0.994581 0.758110 0.450960
endloop
endfacet
facet normal -0.631337 0.769347 -0.097572
outer loop
vertex 0.965324 0.784676 0.490245
vertex 0.964645 0.785356 0.500000
vertex 0.972221 0.791573 0.500000
endloop
endfacet
facet normal -0.631279 0.769385 -0.097641
outer loop
vertex 0.965324 0.784676 0.490245
vertex 0.972221 0.791573 0.500000
vertex 0.972756 0.790774 0.490245
endloop
endfacet
facet normal -0.184858 0.225431 0.956561
outer loop
vertex 0.986470 0.763530 0.546194
vertex 0.993103 0.756898 0.549039
vertex 0.994581 0.758110 0.549039
endloop
endfacet
facet normal -0.184931 0.225355 0.956565
outer loop
vertex 0.986470 0.763530 0.546194
vertex 0.994581 0.758110 0.549039
vertex 0.989369 0.765909 0.546194
endloop
endfacet
facet normal -0.607231 0.740089 -0.289031
outer loop
vertex 0.967336 0.782664 0.480866
vertex 0.965324 0.784676 0.490245
vertex 0.972756 0.790774 0.490245
endloop
endfacet
facet normal -0.607358 0.740028 -0.288919
outer loop
vertex 0.967336 0.782664 0.480866
vertex 0.972756 0.790774 0.490245
vertex 0.974336 0.788409 0.480866
endloop
endfacet
facet normal -0.300181 0.365817 0.880948
outer loop
vertex 0.980357 0.769642 0.541573
vertex 0.986470 0.763530 0.546194
vertex 0.989369 0.765909 0.546194
endloop
endfacet
facet normal -0.300206 0.365806 0.880944
outer loop
vertex 0.980357 0.769642 0.541573
vertex 0.989369 0.765909 0.546194
vertex 0.984567 0.773097 0.541573
endloop
endfacet
facet normal -0.560107 0.682474 -0.469585
outer loop
vertex 0.970603 0.779397 0.472221
vertex 0.967336 0.782664 0.480866
vertex 0.974336 0.788409 0.480866
endloop
endfacet
facet normal -0.560061 0.682496 -0.469608
outer loop
vertex 0.970603 0.779397 0.472221
vertex 0.974336 0.788409 0.480866
vertex 0.976903 0.784567 0.472221
endloop
endfacet
facet normal -0.403571 0.491771 0.771551
outer loop
vertex 0.975000 0.775000 0.535356
vertex 0.980357 0.769642 0.541573
vertex 0.984567 0.773097 0.541573
endloop
endfacet
facet normal -0.403600 0.491703 0.771580
outer loop
vertex 0.975000 0.775000 0.535356
vertex 0.984567 0.773097 0.541573
vertex 0.980357 0.779397 0.535356
endloop
endfacet
facet normal -0.491297 0.598689 -0.632613
outer loop
vertex 0.975000 0.775000 0.464645
vertex 0.970603 0.779397 0.472221
vertex 0.976903 0.784567 0.472221
endloop
endfacet
facet normal -0.491386 0.598659 -0.632571
outer loop
vertex 0.975000 0.775000 0.464645
vertex 0.976903 0.784567 0.472221
vertex 0.980357 0.779397 0.464645
endloop
endfacet
facet normal -0.491417 0.598689 0.632519
outer loop
vertex 0.970603 0.779397 0.527778
vertex 0.975000 0.775000 0.535356
vertex 0.980357 0.779397 0.535356
endloop
endfacet
facet normal -0.491365 0.598786 0.632468
outer loop
vertex 0.970603 0.779397 0.527778
vertex 0.980357 0.779397 0.535356
vertex 0.976903 0.784567 0.527778
endloop
endfacet
facet normal -0.403657 0.491767 -0.771509
outer loop
vertex 0.980357 0.769642 0.458427
vertex 0.975000 0.775000 0.464645
vertex 0.980357 0.779397 0.464645
endloop
endfacet
facet normal -0.403584 0.491782 -0.771537
outer loop
vertex 0.980357 0.769642 0.458427
vertex 0.980357 0.779397 0.464645
vertex 0.984567 0.773097 0.458427
endloop
endfacet
facet normal -0.560070 0.682488 0.469609
outer loop
vertex 0.967336 0.782664 0.519134
vertex 0.970603 0.779397 0.527778
vertex 0.976903 0.784567 0.527778
endloop
endfacet
facet normal -0.560076 0.682451 0.469655
outer loop
vertex 0.967336 0.782664 0.519134
vertex 0.976903 0.784567 0.527778
vertex 0.974336 0.788409 0.519134
endloop
endfacet
facet normal -0.300204 0.365803 -0.880946
outer loop
vertex 0.986470 0.763530 0.453806
vertex 0.980357 0.769642 0.458427
vertex 0.984567 0.773097 0.458427
endloop
endfacet
facet normal -0.300184 0.365821 -0.880945
outer loop
vertex 0.986470 0.763530 0.453806
vertex 0.984567 0.773097 0.458427
vertex 0.989369 0.765909 0.453806
endloop
endfacet
facet normal -0.416146 0.778648 -0.469607
outer loop
vertex 0.976903 0.784567 0.472221
vertex 0.974336 0.788409 0.480866
vertex 0.982322 0.792677 0.480866
endloop
endfacet
facet normal -0.416183 0.778650 -0.469569
outer loop
vertex 0.976903 0.784567 0.472221
vertex 0.982322 0.792677 0.480866
vertex 0.984091 0.788409 0.472221
endloop
endfacet
facet normal -0.299896 0.561000 0.771583
outer loop
vertex 0.980357 0.779397 0.535356
vertex 0.984567 0.773097 0.541573
vertex 0.989369 0.775664 0.541573
endloop
endfacet
facet normal -0.299849 0.561063 0.771556
outer loop
vertex 0.980357 0.779397 0.535356
vertex 0.989369 0.775664 0.541573
vertex 0.986470 0.782664 0.535356
endloop
endfacet
facet normal -0.365088 0.683052 -0.632575
outer loop
vertex 0.980357 0.779397 0.464645
vertex 0.976903 0.784567 0.472221
vertex 0.984091 0.788409 0.472221
endloop
endfacet
facet normal -0.365055 0.683051 -0.632595
outer loop
vertex 0.980357 0.779397 0.464645
vertex 0.984091 0.788409 0.472221
vertex 0.986470 0.782664 0.464645
endloop
endfacet
facet normal -0.365109 0.683144 0.632463
outer loop
vertex 0.976903 0.784567 0.527778
vertex 0.980357 0.779397 0.535356
vertex 0.986470 0.782664 0.535356
endloop
endfacet
facet normal -0.365111 0.683107 0.632503
outer loop
vertex 0.976903 0.784567 0.527778
vertex 0.986470 0.782664 0.535356
vertex 0.984091 0.788409 0.527778
endloop
endfacet
facet normal -0.299859 0.561095 -0.771529
outer loop
vertex 0.984567 0.773097 0.458427
vertex 0.980357 0.779397 0.464645
vertex 0.986470 0.782664 0.464645
endloop
endfacet
facet normal -0.299949 0.561081 -0.771504
outer loop
vertex 0.984567 0.773097 0.458427
vertex 0.986470 0.782664 0.464645
vertex 0.989369 0.775664 0.458427
endloop
endfacet
facet normal -0.416181 0.778594 0.469664
outer loop
vertex 0.974336 0.788409 0.519134
vertex 0.976903 0.784567 0.527778
vertex 0.984091 0.788409 0.527778
endloop
endfacet
facet normal -0.416128 0.778661 0.469600
outer loop
vertex 0.974336 0.788409 0.519134
vertex 0.984091 0.788409 0.527778
vertex 0.982322 0.792677 0.519134
endloop
endfacet
facet normal -0.223083 0.417311 -0.880957
outer loop
vertex 0.989369 0.765909 0.453806
vertex 0.984567 0.773097 0.458427
vertex 0.989369 0.775664 0.458427
endloop
endfacet
facet normal -0.223048 0.417313 -0.880965
outer loop
vertex 0.989369 0.765909 0.453806
vertex 0.989369 0.775664 0.458427
vertex 0.992677 0.767677 0.453806
endloop
endfacet
facet normal -0.451243 0.844339 0.288914
outer loop
vertex 0.972756 0.790774 0.509754
vertex 0.974336 0.788409 0.519134
vertex 0.982322 0.792677 0.519134
endloop
endfacet
facet normal -0.451383 0.844217 0.289053
outer loop
vertex 0.972756 0.790774 0.509754
vertex 0.982322 0.792677 0.519134
vertex 0.981234 0.795307 0.509754
endloop
endfacet
facet normal -0.137467 0.257200 -0.956531
outer loop
vertex 0.994581 0.758110 0.450960
vertex 0.989369 0.765909 0.453806
vertex 0.992677 0.767677 0.453806
endloop
endfacet
facet normal -0.137559 0.257174 -0.956524
outer loop
vertex 0.994581 0.758110 0.450960
vertex 0.992677 0.767677 0.453806
vertex 0.996267 0.759012 0.450960
endloop
endfacet
facet normal -0.469270 0.877641 0.097629
outer loop
vertex 0.972221 0.791573 0.500000
vertex 0.972756 0.790774 0.509754
vertex 0.981234 0.795307 0.509754
endloop
endfacet
facet normal -0.469160 0.877712 0.097524
outer loop
vertex 0.972221 0.791573 0.500000
vertex 0.981234 0.795307 0.509754
vertex 0.980866 0.796194 0.500000
endloop
endfacet
facet normal -0.046485 0.086872 0.995134
outer loop
vertex 0.994581 0.758110 0.549039
vertex 1.000000 0.750000 0.550000
vertex 0.996267 0.759012 0.549039
endloop
endfacet
facet normal -0.046401 0.086779 -0.995146
outer loop
vertex 1.000000 0.750000 0.450000
vertex 0.994581 0.758110 0.450960
vertex 0.996267 0.759012 0.450960
endloop
endfacet
facet normal -0.469164 0.877698 -0.097628
outer loop
vertex 0.972756 0.790774 0.490245
vertex 0.972221 0.791573 0.500000
vertex 0.980866 0.796194 0.500000
endloop
endfacet
facet normal -0.469262 0.877660 -0.097502
outer loop
vertex 0.972756 0.790774 0.490245
vertex 0.980866 0.796194 0.500000
vertex 0.981234 0.795307 0.490245
endloop
endfacet
facet normal -0.137514 0.257061 0.956561
outer loop
vertex 0.989369 0.765909 0.546194
vertex 0.994581 0.758110 0.549039
vertex 0.996267 0.759012 0.549039
endloop
endfacet
facet normal -0.137400 0.257129 0.956559
outer loop
vertex 0.989369 0.765909 0.546194
vertex 0.996267 0.759012 0.549039
vertex 0.992677 0.767677 0.546194
endloop
endfacet
facet normal -0.451402 0.844246 -0.288937
outer loop
vertex 0.974336 0.788409 0.480866
vertex 0.972756 0.790774 0.490245
vertex 0.981234 0.795307 0.490245
endloop
endfacet
facet normal -0.451217 0.844291 -0.289095
outer loop
vertex 0.974336 0.788409 0.480866
vertex 0.981234 0.795307 0.490245
vertex 0.982322 0.792677 0.480866
endloop
endfacet
facet normal -0.223055 0.417327 0.880956
outer loop
vertex 0.984567 0.773097 0.541573
vertex 0.989369 0.765909 0.546194
vertex 0.992677 0.767677 0.546194
endloop
endfacet
facet normal -0.223082 0.417301 0.880962
outer loop
vertex 0.984567 0.773097 0.541573
vertex 0.992677 0.767677 0.546194
vertex 0.989369 0.775664 0.541573
endloop
endfacet
facet normal -0.084676 0.279088 -0.956525
outer loop
vertex 0.996267 0.759012 0.450960
vertex 0.992677 0.767677 0.453806
vertex 0.996267 0.768766 0.453806
endloop
endfacet
facet normal -0.084644 0.279087 -0.956528
outer loop
vertex 0.996267 0.759012 0.450960
vertex 0.996267 0.768766 0.453806
vertex 0.998097 0.759567 0.450960
endloop
endfacet
facet normal -0.288860 0.952394 0.097499
outer loop
vertex 0.980866 0.796194 0.500000
vertex 0.981234 0.795307 0.509754
vertex 0.990433 0.798097 0.509754
endloop
endfacet
facet normal -0.288892 0.952380 0.097543
outer loop
vertex 0.980866 0.796194 0.500000
vertex 0.990433 0.798097 0.509754
vertex 0.990245 0.799039 0.500000
endloop
endfacet
facet normal -0.028607 0.094265 0.995136
outer loop
vertex 0.996267 0.759012 0.549039
vertex 1.000000 0.750000 0.550000
vertex 0.998097 0.759567 0.549039
endloop
endfacet
facet normal -0.028579 0.094173 -0.995146
outer loop
vertex 1.000000 0.750000 0.450000
vertex 0.996267 0.759012 0.450960
vertex 0.998097 0.759567 0.450960
endloop
endfacet
facet normal -0.288896 0.952384 -0.097489
outer loop
vertex 0.981234 0.795307 0.490245
vertex 0.980866 0.796194 0.500000
vertex 0.990245 0.799039 0.500000
endloop
endfacet
facet normal -0.288858 0.952391 -0.097533
outer loop
vertex 0.981234 0.795307 0.490245
vertex 0.990245 0.799039 0.500000
vertex 0.990433 0.798097 0.490245
endloop
endfacet
facet normal -0.084664 0.278991 0.956554
outer loop
vertex 0.992677 0.767677 0.546194
vertex 0.996267 0.759012 0.549039
vertex 0.998097 0.759567 0.549039
endloop
endfacet
facet normal -0.084616 0.279009 0.956553
outer loop
vertex 0.992677 0.767677 0.546194
vertex 0.998097 0.759567 0.549039
vertex 0.996267 0.768766 0.546194
endloop
endfacet
facet normal -0.277847 0.916084 -0.289121
outer loop
vertex 0.982322 0.792677 0.480866
vertex 0.981234 0.795307 0.490245
vertex 0.990433 0.798097 0.490245
endloop
endfacet
facet normal -0.278017 0.916081 -0.288966
outer loop
vertex 0.982322 0.792677 0.480866
vertex 0.990433 0.798097 0.490245
vertex 0.990988 0.795307 0.480866
endloop
endfacet
facet normal -0.137353 0.452820 0.880958
outer loop
vertex 0.989369 0.775664 0.541573
vertex 0.992677 0.767677 0.546194
vertex 0.996267 0.768766 0.546194
endloop
endfacet
facet normal -0.137346 0.452818 0.880961
outer loop
vertex 0.989369 0.775664 0.541573
vertex 0.996267 0.768766 0.546194
vertex 0.994581 0.777245 0.541573
endloop
endfacet
facet normal -0.256395 0.844842 -0.469577
outer loop
vertex 0.984091 0.788409 0.472221
vertex 0.982322 0.792677 0.480866
vertex 0.990988 0.795307 0.480866
endloop
endfacet
facet normal -0.256200 0.844824 -0.469717
outer loop
vertex 0.984091 0.788409 0.472221
vertex 0.990988 0.795307 0.480866
vertex 0.991890 0.790774 0.472221
endloop
endfacet
facet normal -0.184664 0.608767 0.771558
outer loop
vertex 0.986470 0.782664 0.535356
vertex 0.989369 0.775664 0.541573
vertex 0.994581 0.777245 0.541573
endloop
endfacet
facet normal -0.184662 0.608775 0.771552
outer loop
vertex 0.986470 0.782664 0.535356
vertex 0.994581 0.777245 0.541573
vertex 0.993103 0.784676 0.535356
endloop
endfacet
facet normal -0.224749 0.741146 -0.632606
outer loop
vertex 0.986470 0.782664 0.464645
vertex 0.984091 0.788409 0.472221
vertex 0.991890 0.790774 0.472221
endloop
endfacet
facet normal -0.224818 0.741156 -0.632570
outer loop
vertex 0.986470 0.782664 0.464645
vertex 0.991890 0.790774 0.472221
vertex 0.993103 0.784676 0.464645
endloop
endfacet
facet normal -0.224832 0.741193 0.632522
outer loop
vertex 0.984091 0.788409 0.527778
vertex 0.986470 0.782664 0.535356
vertex 0.993103 0.784676 0.535356
endloop
endfacet
facet normal -0.224784 0.741254 0.632467
outer loop
vertex 0.984091 0.788409 0.527778
vertex 0.993103 0.784676 0.535356
vertex 0.991890 0.790774 0.527778
endloop
endfacet
facet normal -0.184680 0.608836 -0.771500
outer loop
vertex 0.989369 0.775664 0.458427
vertex 0.986470 0.782664 0.464645
vertex 0.993103 0.784676 0.464645
endloop
endfacet
facet normal -0.184678 0.608841 -0.771496
outer loop
vertex 0.989369 0.775664 0.458427
vertex 0.993103 0.784676 0.464645
vertex 0.994581 0.777245 0.458427
endloop
endfacet
facet normal -0.256209 0.844877 0.469617
outer loop
vertex 0.982322 0.792677 0.519134
vertex 0.984091 0.788409 0.527778
vertex 0.991890 0.790774 0.527778
endloop
endfacet
facet normal -0.256367 0.844760 0.469741
outer loop
vertex 0.982322 0.792677 0.519134
vertex 0.991890 0.790774 0.527778
vertex 0.990988 0.795307 0.519134
endloop
endfacet
facet normal -0.137349 0.452823 -0.880958
outer loop
vertex 0.992677 0.767677 0.453806
vertex 0.989369 0.775664 0.458427
vertex 0.994581 0.777245 0.458427
endloop
endfacet
facet normal -0.137371 0.452809 -0.880961
outer loop
vertex 0.992677 0.767677 0.453806
vertex 0.994581 0.777245 0.458427
vertex 0.996267 0.768766 0.453806
endloop
endfacet
facet normal -0.278004 0.916049 0.289082
outer loop
vertex 0.981234 0.795307 0.509754
vertex 0.982322 0.792677 0.519134
vertex 0.990988 0.795307 0.519134
endloop
endfacet
facet normal -0.277866 0.916131 0.288954
outer loop
vertex 0.981234 0.795307 0.509754
vertex 0.990988 0.795307 0.519134
vertex 0.990433 0.798097 0.509754
endloop
endfacet
facet normal -0.062275 0.633122 0.771543
outer loop
vertex 0.993103 0.784676 0.535356
vertex 0.994581 0.777245 0.541573
vertex 1.000000 0.777778 0.541573
endloop
endfacet
facet normal -0.062408 0.633021 0.771615
outer loop
vertex 0.993103 0.784676 0.535356
vertex 1.000000 0.777778 0.541573
vertex 1.000000 0.785356 0.535356
endloop
endfacet
facet normal -0.075938 0.770782 -0.632557
outer loop
vertex 0.993103 0.784676 0.464645
vertex 0.991890 0.790774 0.472221
vertex 1.000000 0.791573 0.472221
endloop
endfacet
facet normal -0.075989 0.770798 -0.632531
outer loop
vertex 0.993103 0.784676 0.464645
vertex 1.000000 0.791573 0.472221
vertex 1.000000 0.785356 0.464645
endloop
endfacet
facet normal -0.075997 0.770854 0.632463
outer loop
vertex 0.991890 0.790774 0.527778
vertex 0.993103 0.784676 0.535356
vertex 1.000000 0.785356 0.535356
endloop
endfacet
facet normal -0.075949 0.770884 0.632431
outer loop
vertex 0.991890 0.790774 0.527778
vertex 1.000000 0.785356 0.535356
vertex 1.000000 0.791573 0.527778
endloop
endfacet
facet normal -0.062422 0.633154 -0.771505
outer loop
vertex 0.994581 0.777245 0.458427
vertex 0.993103 0.784676 0.464645
vertex 1.000000 0.785356 0.464645
endloop
endfacet
facet normal -0.062276 0.633089 -0.771570
outer loop
vertex 0.994581 0.777245 0.458427
vertex 1.000000 0.785356 0.464645
vertex 1.000000 0.777778 0.458427
endloop
endfacet
facet normal -0.086550 0.878548 0.469748
outer loop
vertex 0.990988 0.795307 0.519134
vertex 0.991890 0.790774 0.527778
vertex 1.000000 0.791573 0.527778
endloop
endfacet
facet normal -0.086484 0.878589 0.469682
outer loop
vertex 0.990988 0.795307 0.519134
vertex 1.000000 0.791573 0.527778
vertex 1.000000 0.796194 0.519134
endloop
endfacet
facet normal -0.046320 0.470912 -0.880963
outer loop
vertex 0.996267 0.768766 0.453806
vertex 0.994581 0.777245 0.458427
vertex 1.000000 0.777778 0.458427
endloop
endfacet
facet normal -0.046428 0.470938 -0.880944
outer loop
vertex 0.996267 0.768766 0.453806
vertex 1.000000 0.777778 0.458427
vertex 1.000000 0.769134 0.453806
endloop
endfacet
facet normal -0.093778 0.952745 0.288933
outer loop
vertex 0.990433 0.798097 0.509754
vertex 0.990988 0.795307 0.519134
vertex 1.000000 0.796194 0.519134
endloop
endfacet
facet normal -0.093806 0.952730 0.288975
outer loop
vertex 0.990433 0.798097 0.509754
vertex 1.000000 0.796194 0.519134
vertex 1.000000 0.799039 0.509754
endloop
endfacet
facet normal -0.028627 0.290240 -0.956526
outer loop
vertex 0.998097 0.759567 0.450960
vertex 0.996267 0.768766 0.453806
vertex 1.000000 0.769134 0.453806
endloop
endfacet
facet normal -0.028496 0.290228 -0.956533
outer loop
vertex 0.998097 0.759567 0.450960
vertex 1.000000 0.769134 0.453806
vertex 1.000000 0.759754 0.450960
endloop
endfacet
facet normal -0.097522 0.990443 0.097534
outer loop
vertex 0.990245 0.799039 0.500000
vertex 0.990433 0.798097 0.509754
vertex 1.000000 0.799039 0.509754
endloop
endfacet
facet normal -0.097570 0.990432 0.097591
outer loop
vertex 0.990245 0.799039 0.500000
vertex 1.000000 0.799039 0.509754
vertex 1.000000 0.800000 0.500000
endloop
endfacet
facet normal -0.009637 0.098051 0.995135
outer loop
vertex 0.998097 0.759567 0.549039
vertex 1.000000 0.750000 0.550000
vertex 1.000000 0.759754 0.549039
endloop
endfacet
facet normal -0.009620 0.097945 -0.995145
outer loop
vertex 1.000000 0.750000 0.450000
vertex 0.998097 0.759567 0.450960
vertex 1.000000 0.759754 0.450960
endloop
endfacet
facet normal -0.097572 0.990438 -0.097534
outer loop
vertex 0.990433 0.798097 0.490245
vertex 0.990245 0.799039 0.500000
vertex 1.000000 0.800000 0.500000
endloop
endfacet
facet normal -0.097521 0.990439 -0.097573
outer loop
vertex 0.990433 0.798097 0.490245
vertex 1.000000 0.800000 0.500000
vertex 1.000000 0.799039 0.490245
endloop
endfacet
facet normal -0.028497 0.290148 0.956557
outer loop
vertex 0.996267 0.768766 0.546194
vertex 0.998097 0.759567 0.549039
vertex 1.000000 0.759754 0.549039
endloop
endfacet
facet normal -0.028597 0.290129 0.956560
outer loop
vertex 0.996267 0.768766 0.546194
vertex 1.000000 0.759754 0.549039
vertex 1.000000 0.769134 0.546194
endloop
endfacet
facet normal -0.093808 0.952735 -0.288957
outer loop
vertex 0.990988 0.795307 0.480866
vertex 0.990433 0.798097 0.490245
vertex 1.000000 0.799039 0.490245
endloop
endfacet
facet normal -0.093775 0.952722 -0.289010
outer loop
vertex 0.990988 0.795307 0.480866
vertex 1.000000 0.799039 0.490245
vertex 1.000000 0.796194 0.480866
endloop
endfacet
facet normal -0.046419 0.470891 0.880969
outer loop
vertex 0.994581 0.777245 0.541573
vertex 0.996267 0.768766 0.546194
vertex 1.000000 0.769134 0.546194
endloop
endfacet
facet normal -0.046328 0.470948 0.880944
outer loop
vertex 0.994581 0.777245 0.541573
vertex 1.000000 0.769134 0.546194
vertex 1.000000 0.777778 0.541573
endloop
endfacet
facet normal -0.086475 0.878578 -0.469704
outer loop
vertex 0.991890 0.790774 0.472221
vertex 0.990988 0.795307 0.480866
vertex 1.000000 0.796194 0.480866
endloop
endfacet
facet normal -0.086563 0.878606 -0.469636
outer loop
vertex 0.991890 0.790774 0.472221
vertex 1.000000 0.796194 0.480866
vertex 1.000000 0.791573 0.472221
endloop
endfacet
endsolid Exported from Blender-2.82 (sub 7)
