solid Exported from Blender-2.82 (sub 7)
facet normal 0.086481 0.878613 -0.469639
outer loop
vertex 0.500000 0.791573 0.472221
vertex 0.500000 0.796194 0.480866
vertex 0.509012 0.795307 0.480866
endloop
endfacet
facet normal 0.086554 0.878568 -0.469709
outer loop
vertex 0.500000 0.791573 0.472221
vertex 0.509012 0.795307 0.480866
vertex 0.508110 0.790774 0.472221
endloop
endfacet
facet normal 0.062258 0.633032 0.771618
outer loop
vertex 0.500000 0.785356 0.535356
vertex 0.500000 0.777778 0.541573
vertex 0.505419 0.777245 0.541573
endloop
endfacet
facet normal 0.062406 0.633085 0.771563
outer loop
vertex 0.500000 0.785356 0.535356
vertex 0.505419 0.777245 0.541573
vertex 0.506898 0.784676 0.535356
endloop
endfacet
facet normal 0.075940 0.770803 -0.632532
outer loop
vertex 0.500000 0.785356 0.464645
vertex 0.500000 0.791573 0.472221
vertex 0.508110 0.790774 0.472221
endloop
endfacet
facet normal 0.075976 0.770774 -0.632562
outer loop
vertex 0.500000 0.785356 0.464645
vertex 0.508110 0.790774 0.472221
vertex 0.506898 0.784676 0.464645
endloop
endfacet
facet normal 0.075989 0.770878 0.632434
outer loop
vertex 0.500000 0.791573 0.527778
vertex 0.500000 0.785356 0.535356
vertex 0.506898 0.784676 0.535356
endloop
endfacet
facet normal 0.075948 0.770863 0.632457
outer loop
vertex 0.500000 0.791573 0.527778
vertex 0.506898 0.784676 0.535356
vertex 0.508110 0.790774 0.527778
endloop
endfacet
facet normal 0.062406 0.633086 -0.771561
outer loop
vertex 0.500000 0.777778 0.458427
vertex 0.500000 0.785356 0.464645
vertex 0.506898 0.784676 0.464645
endloop
endfacet
facet normal 0.062284 0.633170 -0.771503
outer loop
vertex 0.500000 0.777778 0.458427
vertex 0.506898 0.784676 0.464645
vertex 0.505419 0.777245 0.458427
endloop
endfacet
facet normal 0.086561 0.878583 0.469680
outer loop
vertex 0.500000 0.796194 0.519134
vertex 0.500000 0.791573 0.527778
vertex 0.508110 0.790774 0.527778
endloop
endfacet
facet normal 0.086475 0.878560 0.469740
outer loop
vertex 0.500000 0.796194 0.519134
vertex 0.508110 0.790774 0.527778
vertex 0.509012 0.795307 0.519134
endloop
endfacet
facet normal 0.046323 0.470948 -0.880944
outer loop
vertex 0.500000 0.769134 0.453806
vertex 0.500000 0.777778 0.458427
vertex 0.505419 0.777245 0.458427
endloop
endfacet
facet normal 0.046423 0.470888 -0.880971
outer loop
vertex 0.500000 0.769134 0.453806
vertex 0.505419 0.777245 0.458427
vertex 0.503733 0.768766 0.453806
endloop
endfacet
facet normal 0.093776 0.952731 0.288981
outer loop
vertex 0.500000 0.799039 0.509754
vertex 0.500000 0.796194 0.519134
vertex 0.509012 0.795307 0.519134
endloop
endfacet
facet normal 0.093807 0.952743 0.288931
outer loop
vertex 0.500000 0.799039 0.509754
vertex 0.509012 0.795307 0.519134
vertex 0.509567 0.798097 0.509754
endloop
endfacet
facet normal 0.028626 0.290216 -0.956533
outer loop
vertex 0.500000 0.759754 0.450960
vertex 0.500000 0.769134 0.453806
vertex 0.503733 0.768766 0.453806
endloop
endfacet
facet normal 0.028500 0.290262 -0.956523
outer loop
vertex 0.500000 0.759754 0.450960
vertex 0.503733 0.768766 0.453806
vertex 0.501903 0.759567 0.450960
endloop
endfacet
facet normal 0.097522 0.990438 0.097583
outer loop
vertex 0.500000 0.800000 0.500000
vertex 0.500000 0.799039 0.509754
vertex 0.509567 0.798097 0.509754
endloop
endfacet
facet normal 0.097582 0.990437 0.097527
outer loop
vertex 0.500000 0.800000 0.500000
vertex 0.509567 0.798097 0.509754
vertex 0.509754 0.799039 0.500000
endloop
endfacet
facet normal 0.009637 0.098047 0.995135
outer loop
vertex 0.500000 0.759754 0.549039
vertex 0.500000 0.750000 0.550000
vertex 0.501903 0.759567 0.549039
endloop
endfacet
facet normal 0.009620 0.097945 -0.995145
outer loop
vertex 0.500000 0.750000 0.450000
vertex 0.500000 0.759754 0.450960
vertex 0.501903 0.759567 0.450960
endloop
endfacet
facet normal 0.097583 0.990432 -0.097583
outer loop
vertex 0.500000 0.799039 0.490245
vertex 0.500000 0.800000 0.500000
vertex 0.509754 0.799039 0.500000
endloop
endfacet
facet normal 0.097522 0.990445 -0.097506
outer loop
vertex 0.500000 0.799039 0.490245
vertex 0.509754 0.799039 0.500000
vertex 0.509567 0.798097 0.490245
endloop
endfacet
facet normal 0.028493 0.290136 0.956561
outer loop
vertex 0.500000 0.769134 0.546194
vertex 0.500000 0.759754 0.549039
vertex 0.501903 0.759567 0.549039
endloop
endfacet
facet normal 0.028599 0.290141 0.956556
outer loop
vertex 0.500000 0.769134 0.546194
vertex 0.501903 0.759567 0.549039
vertex 0.503733 0.768766 0.546194
endloop
endfacet
facet normal 0.093807 0.952721 -0.289002
outer loop
vertex 0.500000 0.796194 0.480866
vertex 0.500000 0.799039 0.490245
vertex 0.509567 0.798097 0.490245
endloop
endfacet
facet normal 0.093777 0.952736 -0.288964
outer loop
vertex 0.500000 0.796194 0.480866
vertex 0.509567 0.798097 0.490245
vertex 0.509012 0.795307 0.480866
endloop
endfacet
facet normal 0.046424 0.470938 0.880944
outer loop
vertex 0.500000 0.777778 0.541573
vertex 0.500000 0.769134 0.546194
vertex 0.503733 0.768766 0.546194
endloop
endfacet
facet normal 0.046324 0.470914 0.880962
outer loop
vertex 0.500000 0.777778 0.541573
vertex 0.503733 0.768766 0.546194
vertex 0.505419 0.777245 0.541573
endloop
endfacet
facet normal 0.277861 0.916123 -0.288984
outer loop
vertex 0.509012 0.795307 0.480866
vertex 0.509567 0.798097 0.490245
vertex 0.518766 0.795307 0.490245
endloop
endfacet
facet normal 0.278026 0.916024 -0.289138
outer loop
vertex 0.509012 0.795307 0.480866
vertex 0.518766 0.795307 0.490245
vertex 0.517677 0.792677 0.480866
endloop
endfacet
facet normal 0.137393 0.452811 0.880957
outer loop
vertex 0.505419 0.777245 0.541573
vertex 0.503733 0.768766 0.546194
vertex 0.507322 0.767677 0.546194
endloop
endfacet
facet normal 0.137368 0.452796 0.880969
outer loop
vertex 0.505419 0.777245 0.541573
vertex 0.507322 0.767677 0.546194
vertex 0.510630 0.775664 0.541573
endloop
endfacet
facet normal 0.256408 0.844772 -0.469696
outer loop
vertex 0.508110 0.790774 0.472221
vertex 0.509012 0.795307 0.480866
vertex 0.517677 0.792677 0.480866
endloop
endfacet
facet normal 0.256216 0.844918 -0.469540
outer loop
vertex 0.508110 0.790774 0.472221
vertex 0.517677 0.792677 0.480866
vertex 0.515909 0.788409 0.472221
endloop
endfacet
facet normal 0.184687 0.608768 0.771552
outer loop
vertex 0.506898 0.784676 0.535356
vertex 0.505419 0.777245 0.541573
vertex 0.510630 0.775664 0.541573
endloop
endfacet
facet normal 0.184687 0.608738 0.771576
outer loop
vertex 0.506898 0.784676 0.535356
vertex 0.510630 0.775664 0.541573
vertex 0.513530 0.782664 0.535356
endloop
endfacet
facet normal 0.224761 0.741192 -0.632547
outer loop
vertex 0.506898 0.784676 0.464645
vertex 0.508110 0.790774 0.472221
vertex 0.515909 0.788409 0.472221
endloop
endfacet
facet normal 0.224838 0.741113 -0.632613
outer loop
vertex 0.506898 0.784676 0.464645
vertex 0.515909 0.788409 0.472221
vertex 0.513530 0.782664 0.464645
endloop
endfacet
facet normal 0.224872 0.741244 0.632448
outer loop
vertex 0.508110 0.790774 0.527778
vertex 0.506898 0.784676 0.535356
vertex 0.513530 0.782664 0.535356
endloop
endfacet
facet normal 0.224779 0.741221 0.632508
outer loop
vertex 0.508110 0.790774 0.527778
vertex 0.513530 0.782664 0.535356
vertex 0.515909 0.788409 0.527778
endloop
endfacet
facet normal 0.184701 0.608818 -0.771509
outer loop
vertex 0.505419 0.777245 0.458427
vertex 0.506898 0.784676 0.464645
vertex 0.513530 0.782664 0.464645
endloop
endfacet
facet normal 0.184704 0.608793 -0.771528
outer loop
vertex 0.505419 0.777245 0.458427
vertex 0.513530 0.782664 0.464645
vertex 0.510630 0.775664 0.458427
endloop
endfacet
facet normal 0.256190 0.844805 0.469757
outer loop
vertex 0.509012 0.795307 0.519134
vertex 0.508110 0.790774 0.527778
vertex 0.515909 0.788409 0.527778
endloop
endfacet
facet normal 0.256412 0.844832 0.469587
outer loop
vertex 0.509012 0.795307 0.519134
vertex 0.515909 0.788409 0.527778
vertex 0.517677 0.792677 0.519134
endloop
endfacet
facet normal 0.137384 0.452816 -0.880956
outer loop
vertex 0.503733 0.768766 0.453806
vertex 0.505419 0.777245 0.458427
vertex 0.510630 0.775664 0.458427
endloop
endfacet
facet normal 0.137391 0.452780 -0.880973
outer loop
vertex 0.503733 0.768766 0.453806
vertex 0.510630 0.775664 0.458427
vertex 0.507322 0.767677 0.453806
endloop
endfacet
facet normal 0.278044 0.916083 0.288937
outer loop
vertex 0.509567 0.798097 0.509754
vertex 0.509012 0.795307 0.519134
vertex 0.517677 0.792677 0.519134
endloop
endfacet
facet normal 0.277854 0.916082 0.289120
outer loop
vertex 0.509567 0.798097 0.509754
vertex 0.517677 0.792677 0.519134
vertex 0.518766 0.795307 0.509754
endloop
endfacet
facet normal 0.084675 0.279095 -0.956523
outer loop
vertex 0.501903 0.759567 0.450960
vertex 0.503733 0.768766 0.453806
vertex 0.507322 0.767677 0.453806
endloop
endfacet
facet normal 0.084697 0.279107 -0.956518
outer loop
vertex 0.501903 0.759567 0.450960
vertex 0.507322 0.767677 0.453806
vertex 0.503733 0.759012 0.450960
endloop
endfacet
facet normal 0.288859 0.952392 0.097519
outer loop
vertex 0.509754 0.799039 0.500000
vertex 0.509567 0.798097 0.509754
vertex 0.518766 0.795307 0.509754
endloop
endfacet
facet normal 0.288863 0.952393 0.097496
outer loop
vertex 0.509754 0.799039 0.500000
vertex 0.518766 0.795307 0.509754
vertex 0.519134 0.796194 0.500000
endloop
endfacet
facet normal 0.028607 0.094268 0.995136
outer loop
vertex 0.501903 0.759567 0.549039
vertex 0.500000 0.750000 0.550000
vertex 0.503733 0.759012 0.549039
endloop
endfacet
facet normal 0.028579 0.094169 -0.995146
outer loop
vertex 0.500000 0.750000 0.450000
vertex 0.501903 0.759567 0.450960
vertex 0.503733 0.759012 0.450960
endloop
endfacet
facet normal 0.288860 0.952393 -0.097507
outer loop
vertex 0.509567 0.798097 0.490245
vertex 0.509754 0.799039 0.500000
vertex 0.519134 0.796194 0.500000
endloop
endfacet
facet normal 0.288864 0.952394 -0.097488
outer loop
vertex 0.509567 0.798097 0.490245
vertex 0.519134 0.796194 0.500000
vertex 0.518766 0.795307 0.490245
endloop
endfacet
facet normal 0.084665 0.279006 0.956550
outer loop
vertex 0.503733 0.768766 0.546194
vertex 0.501903 0.759567 0.549039
vertex 0.503733 0.759012 0.549039
endloop
endfacet
facet normal 0.084665 0.278999 0.956552
outer loop
vertex 0.503733 0.768766 0.546194
vertex 0.503733 0.759012 0.549039
vertex 0.507322 0.767677 0.546194
endloop
endfacet
facet normal 0.223042 0.417329 -0.880959
outer loop
vertex 0.507322 0.767677 0.453806
vertex 0.510630 0.775664 0.458427
vertex 0.515433 0.773097 0.458427
endloop
endfacet
facet normal 0.223041 0.417314 -0.880966
outer loop
vertex 0.507322 0.767677 0.453806
vertex 0.515433 0.773097 0.458427
vertex 0.510630 0.765909 0.453806
endloop
endfacet
facet normal 0.451167 0.844314 0.289107
outer loop
vertex 0.518766 0.795307 0.509754
vertex 0.517677 0.792677 0.519134
vertex 0.525664 0.788409 0.519134
endloop
endfacet
facet normal 0.451364 0.844259 0.288960
outer loop
vertex 0.518766 0.795307 0.509754
vertex 0.525664 0.788409 0.519134
vertex 0.527245 0.790774 0.509754
endloop
endfacet
facet normal 0.137466 0.257223 -0.956525
outer loop
vertex 0.503733 0.759012 0.450960
vertex 0.507322 0.767677 0.453806
vertex 0.510630 0.765909 0.453806
endloop
endfacet
facet normal 0.137553 0.257139 -0.956535
outer loop
vertex 0.503733 0.759012 0.450960
vertex 0.510630 0.765909 0.453806
vertex 0.505419 0.758110 0.450960
endloop
endfacet
facet normal 0.469222 0.877681 0.097500
outer loop
vertex 0.519134 0.796194 0.500000
vertex 0.518766 0.795307 0.509754
vertex 0.527245 0.790774 0.509754
endloop
endfacet
facet normal 0.469202 0.877687 0.097546
outer loop
vertex 0.519134 0.796194 0.500000
vertex 0.527245 0.790774 0.509754
vertex 0.527778 0.791573 0.500000
endloop
endfacet
facet normal 0.046484 0.086870 0.995135
outer loop
vertex 0.503733 0.759012 0.549039
vertex 0.500000 0.750000 0.550000
vertex 0.505419 0.758110 0.549039
endloop
endfacet
facet normal 0.046401 0.086779 -0.995146
outer loop
vertex 0.500000 0.750000 0.450000
vertex 0.503733 0.759012 0.450960
vertex 0.505419 0.758110 0.450960
endloop
endfacet
facet normal 0.469202 0.877691 -0.097509
outer loop
vertex 0.518766 0.795307 0.490245
vertex 0.519134 0.796194 0.500000
vertex 0.527778 0.791573 0.500000
endloop
endfacet
facet normal 0.469225 0.877678 -0.097517
outer loop
vertex 0.518766 0.795307 0.490245
vertex 0.527778 0.791573 0.500000
vertex 0.527245 0.790774 0.490245
endloop
endfacet
facet normal 0.137507 0.257107 0.956550
outer loop
vertex 0.507322 0.767677 0.546194
vertex 0.503733 0.759012 0.549039
vertex 0.505419 0.758110 0.549039
endloop
endfacet
facet normal 0.137426 0.257116 0.956559
outer loop
vertex 0.507322 0.767677 0.546194
vertex 0.505419 0.758110 0.549039
vertex 0.510630 0.765909 0.546194
endloop
endfacet
facet normal 0.451332 0.844214 -0.289139
outer loop
vertex 0.517677 0.792677 0.480866
vertex 0.518766 0.795307 0.490245
vertex 0.527245 0.790774 0.490245
endloop
endfacet
facet normal 0.451195 0.844344 -0.288975
outer loop
vertex 0.517677 0.792677 0.480866
vertex 0.527245 0.790774 0.490245
vertex 0.525664 0.788409 0.480866
endloop
endfacet
facet normal 0.223045 0.417334 0.880956
outer loop
vertex 0.510630 0.775664 0.541573
vertex 0.507322 0.767677 0.546194
vertex 0.510630 0.765909 0.546194
endloop
endfacet
facet normal 0.223043 0.417315 0.880965
outer loop
vertex 0.510630 0.775664 0.541573
vertex 0.510630 0.765909 0.546194
vertex 0.515433 0.773097 0.541573
endloop
endfacet
facet normal 0.416111 0.778709 -0.469536
outer loop
vertex 0.515909 0.788409 0.472221
vertex 0.517677 0.792677 0.480866
vertex 0.525664 0.788409 0.480866
endloop
endfacet
facet normal 0.416183 0.778622 -0.469617
outer loop
vertex 0.515909 0.788409 0.472221
vertex 0.525664 0.788409 0.480866
vertex 0.523097 0.784567 0.472221
endloop
endfacet
facet normal 0.299848 0.561051 0.771565
outer loop
vertex 0.513530 0.782664 0.535356
vertex 0.510630 0.775664 0.541573
vertex 0.515433 0.773097 0.541573
endloop
endfacet
facet normal 0.299889 0.561034 0.771562
outer loop
vertex 0.513530 0.782664 0.535356
vertex 0.515433 0.773097 0.541573
vertex 0.519642 0.779397 0.535356
endloop
endfacet
facet normal 0.365077 0.683031 -0.632603
outer loop
vertex 0.513530 0.782664 0.464645
vertex 0.515909 0.788409 0.472221
vertex 0.523097 0.784567 0.472221
endloop
endfacet
facet normal 0.365098 0.683021 -0.632603
outer loop
vertex 0.513530 0.782664 0.464645
vertex 0.523097 0.784567 0.472221
vertex 0.519642 0.779397 0.464645
endloop
endfacet
facet normal 0.365133 0.683106 0.632491
outer loop
vertex 0.515909 0.788409 0.527778
vertex 0.513530 0.782664 0.535356
vertex 0.519642 0.779397 0.535356
endloop
endfacet
facet normal 0.365117 0.683095 0.632511
outer loop
vertex 0.515909 0.788409 0.527778
vertex 0.519642 0.779397 0.535356
vertex 0.523097 0.784567 0.527778
endloop
endfacet
facet normal 0.299913 0.561087 -0.771514
outer loop
vertex 0.510630 0.775664 0.458427
vertex 0.513530 0.782664 0.464645
vertex 0.519642 0.779397 0.464645
endloop
endfacet
facet normal 0.299888 0.561106 -0.771510
outer loop
vertex 0.510630 0.775664 0.458427
vertex 0.519642 0.779397 0.464645
vertex 0.515433 0.773097 0.458427
endloop
endfacet
facet normal 0.416188 0.778642 0.469578
outer loop
vertex 0.517677 0.792677 0.519134
vertex 0.515909 0.788409 0.527778
vertex 0.523097 0.784567 0.527778
endloop
endfacet
facet normal 0.416090 0.778652 0.469649
outer loop
vertex 0.517677 0.792677 0.519134
vertex 0.523097 0.784567 0.527778
vertex 0.525664 0.788409 0.519134
endloop
endfacet
facet normal 0.300100 0.365845 0.880964
outer loop
vertex 0.515433 0.773097 0.541573
vertex 0.510630 0.765909 0.546194
vertex 0.513530 0.763530 0.546194
endloop
endfacet
facet normal 0.300261 0.365776 0.880938
outer loop
vertex 0.515433 0.773097 0.541573
vertex 0.513530 0.763530 0.546194
vertex 0.519642 0.769642 0.541573
endloop
endfacet
facet normal 0.560099 0.682458 -0.469617
outer loop
vertex 0.523097 0.784567 0.472221
vertex 0.525664 0.788409 0.480866
vertex 0.532664 0.782664 0.480866
endloop
endfacet
facet normal 0.560075 0.682508 -0.469572
outer loop
vertex 0.523097 0.784567 0.472221
vertex 0.532664 0.782664 0.480866
vertex 0.529397 0.779397 0.472221
endloop
endfacet
facet normal 0.403636 0.491717 0.771552
outer loop
vertex 0.519642 0.779397 0.535356
vertex 0.515433 0.773097 0.541573
vertex 0.519642 0.769642 0.541573
endloop
endfacet
facet normal 0.403543 0.491739 0.771587
outer loop
vertex 0.519642 0.779397 0.535356
vertex 0.519642 0.769642 0.541573
vertex 0.525000 0.775000 0.535356
endloop
endfacet
facet normal 0.491300 0.598693 -0.632606
outer loop
vertex 0.519642 0.779397 0.464645
vertex 0.523097 0.784567 0.472221
vertex 0.529397 0.779397 0.472221
endloop
endfacet
facet normal 0.491307 0.598686 -0.632607
outer loop
vertex 0.519642 0.779397 0.464645
vertex 0.529397 0.779397 0.472221
vertex 0.525000 0.775000 0.464645
endloop
endfacet
facet normal 0.491368 0.598739 0.632510
outer loop
vertex 0.523097 0.784567 0.527778
vertex 0.519642 0.779397 0.535356
vertex 0.525000 0.775000 0.535356
endloop
endfacet
facet normal 0.491343 0.598760 0.632510
outer loop
vertex 0.523097 0.784567 0.527778
vertex 0.525000 0.775000 0.535356
vertex 0.529397 0.779397 0.527778
endloop
endfacet
facet normal 0.403607 0.491808 -0.771509
outer loop
vertex 0.515433 0.773097 0.458427
vertex 0.519642 0.779397 0.464645
vertex 0.525000 0.775000 0.464645
endloop
endfacet
facet normal 0.403640 0.491746 -0.771531
outer loop
vertex 0.515433 0.773097 0.458427
vertex 0.525000 0.775000 0.464645
vertex 0.519642 0.769642 0.458427
endloop
endfacet
facet normal 0.560050 0.682471 0.469656
outer loop
vertex 0.525664 0.788409 0.519134
vertex 0.523097 0.784567 0.527778
vertex 0.529397 0.779397 0.527778
endloop
endfacet
facet normal 0.560095 0.682459 0.469621
outer loop
vertex 0.525664 0.788409 0.519134
vertex 0.529397 0.779397 0.527778
vertex 0.532664 0.782664 0.519134
endloop
endfacet
facet normal 0.300233 0.365760 -0.880954
outer loop
vertex 0.510630 0.765909 0.453806
vertex 0.515433 0.773097 0.458427
vertex 0.519642 0.769642 0.458427
endloop
endfacet
facet normal 0.300139 0.365868 -0.880941
outer loop
vertex 0.510630 0.765909 0.453806
vertex 0.519642 0.769642 0.458427
vertex 0.513530 0.763530 0.453806
endloop
endfacet
facet normal 0.607341 0.740032 0.288946
outer loop
vertex 0.527245 0.790774 0.509754
vertex 0.525664 0.788409 0.519134
vertex 0.532664 0.782664 0.519134
endloop
endfacet
facet normal 0.607294 0.740048 0.289004
outer loop
vertex 0.527245 0.790774 0.509754
vertex 0.532664 0.782664 0.519134
vertex 0.534676 0.784676 0.509754
endloop
endfacet
facet normal 0.184968 0.225473 -0.956530
outer loop
vertex 0.505419 0.758110 0.450960
vertex 0.510630 0.765909 0.453806
vertex 0.513530 0.763530 0.453806
endloop
endfacet
facet normal 0.184852 0.225580 -0.956527
outer loop
vertex 0.505419 0.758110 0.450960
vertex 0.513530 0.763530 0.453806
vertex 0.506898 0.756898 0.450960
endloop
endfacet
facet normal 0.631340 0.769350 0.097519
outer loop
vertex 0.527778 0.791573 0.500000
vertex 0.527245 0.790774 0.509754
vertex 0.534676 0.784676 0.509754
endloop
endfacet
facet normal 0.631230 0.769425 0.097641
outer loop
vertex 0.527778 0.791573 0.500000
vertex 0.534676 0.784676 0.509754
vertex 0.535356 0.785356 0.500000
endloop
endfacet
facet normal 0.062411 0.076192 0.995138
outer loop
vertex 0.505419 0.758110 0.549039
vertex 0.500000 0.750000 0.550000
vertex 0.506898 0.756898 0.549039
endloop
endfacet
facet normal 0.062386 0.076113 -0.995146
outer loop
vertex 0.500000 0.750000 0.450000
vertex 0.505419 0.758110 0.450960
vertex 0.506898 0.756898 0.450960
endloop
endfacet
facet normal 0.631241 0.769433 -0.097508
outer loop
vertex 0.527245 0.790774 0.490245
vertex 0.527778 0.791573 0.500000
vertex 0.535356 0.785356 0.500000
endloop
endfacet
facet normal 0.631334 0.769340 -0.097634
outer loop
vertex 0.527245 0.790774 0.490245
vertex 0.535356 0.785356 0.500000
vertex 0.534676 0.784676 0.490245
endloop
endfacet
facet normal 0.184824 0.225492 0.956553
outer loop
vertex 0.510630 0.765909 0.546194
vertex 0.505419 0.758110 0.549039
vertex 0.506898 0.756898 0.549039
endloop
endfacet
facet normal 0.184897 0.225406 0.956559
outer loop
vertex 0.510630 0.765909 0.546194
vertex 0.506898 0.756898 0.549039
vertex 0.513530 0.763530 0.546194
endloop
endfacet
facet normal 0.607296 0.740059 -0.288972
outer loop
vertex 0.525664 0.788409 0.480866
vertex 0.527245 0.790774 0.490245
vertex 0.534676 0.784676 0.490245
endloop
endfacet
facet normal 0.607328 0.740006 -0.289040
outer loop
vertex 0.525664 0.788409 0.480866
vertex 0.534676 0.784676 0.490245
vertex 0.532664 0.782664 0.480866
endloop
endfacet
facet normal 0.740009 0.607340 0.289007
outer loop
vertex 0.534676 0.784676 0.509754
vertex 0.532664 0.782664 0.519134
vertex 0.538409 0.775664 0.519134
endloop
endfacet
facet normal 0.740061 0.607300 0.288956
outer loop
vertex 0.534676 0.784676 0.509754
vertex 0.538409 0.775664 0.519134
vertex 0.540774 0.777245 0.509754
endloop
endfacet
facet normal 0.225496 0.184987 -0.956520
outer loop
vertex 0.506898 0.756898 0.450960
vertex 0.513530 0.763530 0.453806
vertex 0.515909 0.760630 0.453806
endloop
endfacet
facet normal 0.225548 0.184837 -0.956537
outer loop
vertex 0.506898 0.756898 0.450960
vertex 0.515909 0.760630 0.453806
vertex 0.508110 0.755419 0.450960
endloop
endfacet
facet normal 0.769350 0.631322 0.097637
outer loop
vertex 0.535356 0.785356 0.500000
vertex 0.534676 0.784676 0.509754
vertex 0.540774 0.777245 0.509754
endloop
endfacet
facet normal 0.769427 0.631245 0.097527
outer loop
vertex 0.535356 0.785356 0.500000
vertex 0.540774 0.777245 0.509754
vertex 0.541573 0.777778 0.500000
endloop
endfacet
facet normal 0.076217 0.062449 0.995134
outer loop
vertex 0.506898 0.756898 0.549039
vertex 0.500000 0.750000 0.550000
vertex 0.508110 0.755419 0.549039
endloop
endfacet
facet normal 0.076130 0.062384 -0.995144
outer loop
vertex 0.500000 0.750000 0.450000
vertex 0.506898 0.756898 0.450960
vertex 0.508110 0.755419 0.450960
endloop
endfacet
facet normal 0.769420 0.631238 -0.097634
outer loop
vertex 0.534676 0.784676 0.490245
vertex 0.535356 0.785356 0.500000
vertex 0.541573 0.777778 0.500000
endloop
endfacet
facet normal 0.769355 0.631337 -0.097507
outer loop
vertex 0.534676 0.784676 0.490245
vertex 0.541573 0.777778 0.500000
vertex 0.540774 0.777245 0.490245
endloop
endfacet
facet normal 0.225556 0.184835 0.956536
outer loop
vertex 0.513530 0.763530 0.546194
vertex 0.506898 0.756898 0.549039
vertex 0.508110 0.755419 0.549039
endloop
endfacet
facet normal 0.225389 0.184896 0.956563
outer loop
vertex 0.513530 0.763530 0.546194
vertex 0.508110 0.755419 0.549039
vertex 0.515909 0.760630 0.546194
endloop
endfacet
facet normal 0.740046 0.607280 -0.289039
outer loop
vertex 0.532664 0.782664 0.480866
vertex 0.534676 0.784676 0.490245
vertex 0.540774 0.777245 0.490245
endloop
endfacet
facet normal 0.740012 0.607350 -0.288979
outer loop
vertex 0.532664 0.782664 0.480866
vertex 0.540774 0.777245 0.490245
vertex 0.538409 0.775664 0.480866
endloop
endfacet
facet normal 0.365888 0.300158 0.880926
outer loop
vertex 0.519642 0.769642 0.541573
vertex 0.513530 0.763530 0.546194
vertex 0.515909 0.760630 0.546194
endloop
endfacet
facet normal 0.365739 0.300215 0.880969
outer loop
vertex 0.519642 0.769642 0.541573
vertex 0.515909 0.760630 0.546194
vertex 0.523097 0.765433 0.541573
endloop
endfacet
facet normal 0.682479 0.560106 -0.469579
outer loop
vertex 0.529397 0.779397 0.472221
vertex 0.532664 0.782664 0.480866
vertex 0.538409 0.775664 0.480866
endloop
endfacet
facet normal 0.682490 0.560067 -0.469609
outer loop
vertex 0.529397 0.779397 0.472221
vertex 0.538409 0.775664 0.480866
vertex 0.534567 0.773097 0.472221
endloop
endfacet
facet normal 0.491684 0.403598 0.771593
outer loop
vertex 0.525000 0.775000 0.535356
vertex 0.519642 0.769642 0.541573
vertex 0.523097 0.765433 0.541573
endloop
endfacet
facet normal 0.491767 0.403574 0.771552
outer loop
vertex 0.525000 0.775000 0.535356
vertex 0.523097 0.765433 0.541573
vertex 0.529397 0.769642 0.535356
endloop
endfacet
facet normal 0.598676 0.491291 -0.632629
outer loop
vertex 0.525000 0.775000 0.464645
vertex 0.529397 0.779397 0.472221
vertex 0.534567 0.773097 0.472221
endloop
endfacet
facet normal 0.598685 0.491307 -0.632609
outer loop
vertex 0.525000 0.775000 0.464645
vertex 0.534567 0.773097 0.472221
vertex 0.529397 0.769642 0.464645
endloop
endfacet
facet normal 0.598744 0.491347 0.632522
outer loop
vertex 0.529397 0.779397 0.527778
vertex 0.525000 0.775000 0.535356
vertex 0.529397 0.769642 0.535356
endloop
endfacet
facet normal 0.598743 0.491352 0.632519
outer loop
vertex 0.529397 0.779397 0.527778
vertex 0.529397 0.769642 0.535356
vertex 0.534567 0.773097 0.527778
endloop
endfacet
facet normal 0.491793 0.403588 -0.771529
outer loop
vertex 0.519642 0.769642 0.458427
vertex 0.525000 0.775000 0.464645
vertex 0.529397 0.769642 0.464645
endloop
endfacet
facet normal 0.491752 0.403674 -0.771509
outer loop
vertex 0.519642 0.769642 0.458427
vertex 0.529397 0.769642 0.464645
vertex 0.523097 0.765433 0.458427
endloop
endfacet
facet normal 0.682495 0.560058 0.469613
outer loop
vertex 0.532664 0.782664 0.519134
vertex 0.529397 0.779397 0.527778
vertex 0.534567 0.773097 0.527778
endloop
endfacet
facet normal 0.682441 0.560095 0.469647
outer loop
vertex 0.532664 0.782664 0.519134
vertex 0.534567 0.773097 0.527778
vertex 0.538409 0.775664 0.519134
endloop
endfacet
facet normal 0.365789 0.300270 -0.880929
outer loop
vertex 0.513530 0.763530 0.453806
vertex 0.519642 0.769642 0.458427
vertex 0.523097 0.765433 0.458427
endloop
endfacet
facet normal 0.365823 0.300079 -0.880980
outer loop
vertex 0.513530 0.763530 0.453806
vertex 0.523097 0.765433 0.458427
vertex 0.515909 0.760630 0.453806
endloop
endfacet
facet normal 0.778669 0.416109 -0.469604
outer loop
vertex 0.534567 0.773097 0.472221
vertex 0.538409 0.775664 0.480866
vertex 0.542677 0.767677 0.480866
endloop
endfacet
facet normal 0.778669 0.416186 -0.469536
outer loop
vertex 0.534567 0.773097 0.472221
vertex 0.542677 0.767677 0.480866
vertex 0.538409 0.765909 0.472221
endloop
endfacet
facet normal 0.561053 0.299859 0.771560
outer loop
vertex 0.529397 0.769642 0.535356
vertex 0.523097 0.765433 0.541573
vertex 0.525664 0.760630 0.541573
endloop
endfacet
facet normal 0.561031 0.299878 0.771568
outer loop
vertex 0.529397 0.769642 0.535356
vertex 0.525664 0.760630 0.541573
vertex 0.532664 0.763530 0.535356
endloop
endfacet
facet normal 0.683030 0.365091 -0.632596
outer loop
vertex 0.529397 0.769642 0.464645
vertex 0.534567 0.773097 0.472221
vertex 0.538409 0.765909 0.472221
endloop
endfacet
facet normal 0.683016 0.365089 -0.632613
outer loop
vertex 0.529397 0.769642 0.464645
vertex 0.538409 0.765909 0.472221
vertex 0.532664 0.763530 0.464645
endloop
endfacet
facet normal 0.683097 0.365129 0.632503
outer loop
vertex 0.534567 0.773097 0.527778
vertex 0.529397 0.769642 0.535356
vertex 0.532664 0.763530 0.535356
endloop
endfacet
facet normal 0.683092 0.365127 0.632508
outer loop
vertex 0.534567 0.773097 0.527778
vertex 0.532664 0.763530 0.535356
vertex 0.538409 0.765909 0.527778
endloop
endfacet
facet normal 0.561102 0.299915 -0.771502
outer loop
vertex 0.523097 0.765433 0.458427
vertex 0.529397 0.769642 0.464645
vertex 0.532664 0.763530 0.464645
endloop
endfacet
facet normal 0.561085 0.299873 -0.771531
outer loop
vertex 0.523097 0.765433 0.458427
vertex 0.532664 0.763530 0.464645
vertex 0.525664 0.760630 0.458427
endloop
endfacet
facet normal 0.778612 0.416163 0.469650
outer loop
vertex 0.538409 0.775664 0.519134
vertex 0.534567 0.773097 0.527778
vertex 0.538409 0.765909 0.527778
endloop
endfacet
facet normal 0.778682 0.416107 0.469584
outer loop
vertex 0.538409 0.775664 0.519134
vertex 0.538409 0.765909 0.527778
vertex 0.542677 0.767677 0.519134
endloop
endfacet
facet normal 0.417328 0.223054 -0.880956
outer loop
vertex 0.515909 0.760630 0.453806
vertex 0.523097 0.765433 0.458427
vertex 0.525664 0.760630 0.458427
endloop
endfacet
facet normal 0.417327 0.223019 -0.880966
outer loop
vertex 0.515909 0.760630 0.453806
vertex 0.525664 0.760630 0.458427
vertex 0.517677 0.757322 0.453806
endloop
endfacet
facet normal 0.844353 0.451199 0.288940
outer loop
vertex 0.540774 0.777245 0.509754
vertex 0.538409 0.775664 0.519134
vertex 0.542677 0.767677 0.519134
endloop
endfacet
facet normal 0.844228 0.451327 0.289106
outer loop
vertex 0.540774 0.777245 0.509754
vertex 0.542677 0.767677 0.519134
vertex 0.545307 0.768766 0.509754
endloop
endfacet
facet normal 0.257201 0.137468 -0.956530
outer loop
vertex 0.508110 0.755419 0.450960
vertex 0.515909 0.760630 0.453806
vertex 0.517677 0.757322 0.453806
endloop
endfacet
facet normal 0.257186 0.137590 -0.956517
outer loop
vertex 0.508110 0.755419 0.450960
vertex 0.517677 0.757322 0.453806
vertex 0.509012 0.753733 0.450960
endloop
endfacet
facet normal 0.877678 0.469220 0.097534
outer loop
vertex 0.541573 0.777778 0.500000
vertex 0.540774 0.777245 0.509754
vertex 0.545307 0.768766 0.509754
endloop
endfacet
facet normal 0.877685 0.469212 0.097518
outer loop
vertex 0.541573 0.777778 0.500000
vertex 0.545307 0.768766 0.509754
vertex 0.546194 0.769134 0.500000
endloop
endfacet
facet normal 0.086876 0.046468 0.995135
outer loop
vertex 0.508110 0.755419 0.549039
vertex 0.500000 0.750000 0.550000
vertex 0.509012 0.753733 0.549039
endloop
endfacet
facet normal 0.086766 0.046423 -0.995147
outer loop
vertex 0.500000 0.750000 0.450000
vertex 0.508110 0.755419 0.450960
vertex 0.509012 0.753733 0.450960
endloop
endfacet
facet normal 0.877690 0.469201 -0.097525
outer loop
vertex 0.540774 0.777245 0.490245
vertex 0.541573 0.777778 0.500000
vertex 0.546194 0.769134 0.500000
endloop
endfacet
facet normal 0.877676 0.469230 -0.097508
outer loop
vertex 0.540774 0.777245 0.490245
vertex 0.546194 0.769134 0.500000
vertex 0.545307 0.768766 0.490245
endloop
endfacet
facet normal 0.257043 0.137511 0.956566
outer loop
vertex 0.515909 0.760630 0.546194
vertex 0.508110 0.755419 0.549039
vertex 0.509012 0.753733 0.549039
endloop
endfacet
facet normal 0.257141 0.137445 0.956550
outer loop
vertex 0.515909 0.760630 0.546194
vertex 0.509012 0.753733 0.549039
vertex 0.517677 0.757322 0.546194
endloop
endfacet
facet normal 0.844267 0.451345 -0.288966
outer loop
vertex 0.538409 0.775664 0.480866
vertex 0.540774 0.777245 0.490245
vertex 0.545307 0.768766 0.490245
endloop
endfacet
facet normal 0.844295 0.451176 -0.289146
outer loop
vertex 0.538409 0.775664 0.480866
vertex 0.545307 0.768766 0.490245
vertex 0.542677 0.767677 0.480866
endloop
endfacet
facet normal 0.417334 0.223045 0.880956
outer loop
vertex 0.523097 0.765433 0.541573
vertex 0.515909 0.760630 0.546194
vertex 0.517677 0.757322 0.546194
endloop
endfacet
facet normal 0.417319 0.223034 0.880965
outer loop
vertex 0.523097 0.765433 0.541573
vertex 0.517677 0.757322 0.546194
vertex 0.525664 0.760630 0.541573
endloop
endfacet
facet normal 0.279087 0.084674 -0.956525
outer loop
vertex 0.509012 0.753733 0.450960
vertex 0.517677 0.757322 0.453806
vertex 0.518766 0.753733 0.453806
endloop
endfacet
facet normal 0.279095 0.084643 -0.956526
outer loop
vertex 0.509012 0.753733 0.450960
vertex 0.518766 0.753733 0.453806
vertex 0.509567 0.751903 0.450960
endloop
endfacet
facet normal 0.952395 0.288850 0.097514
outer loop
vertex 0.546194 0.769134 0.500000
vertex 0.545307 0.768766 0.509754
vertex 0.548097 0.759567 0.509754
endloop
endfacet
facet normal 0.952389 0.288871 0.097514
outer loop
vertex 0.546194 0.769134 0.500000
vertex 0.548097 0.759567 0.509754
vertex 0.549039 0.759754 0.500000
endloop
endfacet
facet normal 0.094286 0.028595 0.995134
outer loop
vertex 0.509012 0.753733 0.549039
vertex 0.500000 0.750000 0.550000
vertex 0.509567 0.751903 0.549039
endloop
endfacet
facet normal 0.094175 0.028565 -0.995146
outer loop
vertex 0.500000 0.750000 0.450000
vertex 0.509012 0.753733 0.450960
vertex 0.509567 0.751903 0.450960
endloop
endfacet
facet normal 0.952391 0.288868 -0.097503
outer loop
vertex 0.545307 0.768766 0.490245
vertex 0.546194 0.769134 0.500000
vertex 0.549039 0.759754 0.500000
endloop
endfacet
facet normal 0.952395 0.288851 -0.097507
outer loop
vertex 0.545307 0.768766 0.490245
vertex 0.549039 0.759754 0.500000
vertex 0.548097 0.759567 0.490245
endloop
endfacet
facet normal 0.279015 0.084624 0.956551
outer loop
vertex 0.517677 0.757322 0.546194
vertex 0.509012 0.753733 0.549039
vertex 0.509567 0.751903 0.549039
endloop
endfacet
facet normal 0.278989 0.084643 0.956557
outer loop
vertex 0.517677 0.757322 0.546194
vertex 0.509567 0.751903 0.549039
vertex 0.518766 0.753733 0.546194
endloop
endfacet
facet normal 0.916078 0.277855 -0.289133
outer loop
vertex 0.542677 0.767677 0.480866
vertex 0.545307 0.768766 0.490245
vertex 0.548097 0.759567 0.490245
endloop
endfacet
facet normal 0.916073 0.278038 -0.288972
outer loop
vertex 0.542677 0.767677 0.480866
vertex 0.548097 0.759567 0.490245
vertex 0.545307 0.759012 0.480866
endloop
endfacet
facet normal 0.452809 0.137407 0.880956
outer loop
vertex 0.525664 0.760630 0.541573
vertex 0.517677 0.757322 0.546194
vertex 0.518766 0.753733 0.546194
endloop
endfacet
facet normal 0.452800 0.137377 0.880965
outer loop
vertex 0.525664 0.760630 0.541573
vertex 0.518766 0.753733 0.546194
vertex 0.527245 0.755419 0.541573
endloop
endfacet
facet normal 0.844850 0.256429 -0.469545
outer loop
vertex 0.538409 0.765909 0.472221
vertex 0.542677 0.767677 0.480866
vertex 0.545307 0.759012 0.480866
endloop
endfacet
facet normal 0.844832 0.256199 -0.469703
outer loop
vertex 0.538409 0.765909 0.472221
vertex 0.545307 0.759012 0.480866
vertex 0.540774 0.758110 0.472221
endloop
endfacet
facet normal 0.608739 0.184702 0.771571
outer loop
vertex 0.532664 0.763530 0.535356
vertex 0.525664 0.760630 0.541573
vertex 0.527245 0.755419 0.541573
endloop
endfacet
facet normal 0.608760 0.184681 0.771559
outer loop
vertex 0.532664 0.763530 0.535356
vertex 0.527245 0.755419 0.541573
vertex 0.534676 0.756898 0.535356
endloop
endfacet
facet normal 0.741158 0.224734 -0.632597
outer loop
vertex 0.532664 0.763530 0.464645
vertex 0.538409 0.765909 0.472221
vertex 0.540774 0.758110 0.472221
endloop
endfacet
facet normal 0.741163 0.224853 -0.632549
outer loop
vertex 0.532664 0.763530 0.464645
vertex 0.540774 0.758110 0.472221
vertex 0.534676 0.756898 0.464645
endloop
endfacet
facet normal 0.741204 0.224860 0.632499
outer loop
vertex 0.538409 0.765909 0.527778
vertex 0.532664 0.763530 0.535356
vertex 0.534676 0.756898 0.535356
endloop
endfacet
facet normal 0.741270 0.224779 0.632449
outer loop
vertex 0.538409 0.765909 0.527778
vertex 0.534676 0.756898 0.535356
vertex 0.540774 0.758110 0.527778
endloop
endfacet
facet normal 0.608817 0.184696 -0.771511
outer loop
vertex 0.525664 0.760630 0.458427
vertex 0.532664 0.763530 0.464645
vertex 0.534676 0.756898 0.464645
endloop
endfacet
facet normal 0.608801 0.184725 -0.771517
outer loop
vertex 0.525664 0.760630 0.458427
vertex 0.534676 0.756898 0.464645
vertex 0.527245 0.755419 0.458427
endloop
endfacet
facet normal 0.844898 0.256215 0.469575
outer loop
vertex 0.542677 0.767677 0.519134
vertex 0.538409 0.765909 0.527778
vertex 0.540774 0.758110 0.527778
endloop
endfacet
facet normal 0.844749 0.256405 0.469740
outer loop
vertex 0.542677 0.767677 0.519134
vertex 0.540774 0.758110 0.527778
vertex 0.545307 0.759012 0.519134
endloop
endfacet
facet normal 0.452810 0.137388 -0.880958
outer loop
vertex 0.517677 0.757322 0.453806
vertex 0.525664 0.760630 0.458427
vertex 0.527245 0.755419 0.458427
endloop
endfacet
facet normal 0.452793 0.137390 -0.880967
outer loop
vertex 0.517677 0.757322 0.453806
vertex 0.527245 0.755419 0.458427
vertex 0.518766 0.753733 0.453806
endloop
endfacet
facet normal 0.916028 0.278038 0.289117
outer loop
vertex 0.545307 0.768766 0.509754
vertex 0.542677 0.767677 0.519134
vertex 0.545307 0.759012 0.519134
endloop
endfacet
facet normal 0.916134 0.277870 0.288940
outer loop
vertex 0.545307 0.768766 0.509754
vertex 0.545307 0.759012 0.519134
vertex 0.548097 0.759567 0.509754
endloop
endfacet
facet normal 0.770779 0.075942 -0.632561
outer loop
vertex 0.534676 0.756898 0.464645
vertex 0.540774 0.758110 0.472221
vertex 0.541573 0.750000 0.472221
endloop
endfacet
facet normal 0.770798 0.075991 -0.632532
outer loop
vertex 0.534676 0.756898 0.464645
vertex 0.541573 0.750000 0.472221
vertex 0.535356 0.750000 0.464645
endloop
endfacet
facet normal 0.770854 0.075977 0.632465
outer loop
vertex 0.540774 0.758110 0.527778
vertex 0.534676 0.756898 0.535356
vertex 0.535356 0.750000 0.535356
endloop
endfacet
facet normal 0.770879 0.075956 0.632437
outer loop
vertex 0.540774 0.758110 0.527778
vertex 0.535356 0.750000 0.535356
vertex 0.541573 0.750000 0.527778
endloop
endfacet
facet normal 0.633156 0.062408 -0.771504
outer loop
vertex 0.527245 0.755419 0.458427
vertex 0.534676 0.756898 0.464645
vertex 0.535356 0.750000 0.464645
endloop
endfacet
facet normal 0.633098 0.062269 -0.771564
outer loop
vertex 0.527245 0.755419 0.458427
vertex 0.535356 0.750000 0.464645
vertex 0.527778 0.750000 0.458427
endloop
endfacet
facet normal 0.878547 0.086544 0.469751
outer loop
vertex 0.545307 0.759012 0.519134
vertex 0.540774 0.758110 0.527778
vertex 0.541573 0.750000 0.527778
endloop
endfacet
facet normal 0.878587 0.086479 0.469687
outer loop
vertex 0.545307 0.759012 0.519134
vertex 0.541573 0.750000 0.527778
vertex 0.546194 0.750000 0.519134
endloop
endfacet
facet normal 0.470908 0.046324 -0.880965
outer loop
vertex 0.518766 0.753733 0.453806
vertex 0.527245 0.755419 0.458427
vertex 0.527778 0.750000 0.458427
endloop
endfacet
facet normal 0.470954 0.046415 -0.880936
outer loop
vertex 0.518766 0.753733 0.453806
vertex 0.527778 0.750000 0.458427
vertex 0.519134 0.750000 0.453806
endloop
endfacet
facet normal 0.952746 0.093757 0.288938
outer loop
vertex 0.548097 0.759567 0.509754
vertex 0.545307 0.759012 0.519134
vertex 0.546194 0.750000 0.519134
endloop
endfacet
facet normal 0.952732 0.093814 0.288966
outer loop
vertex 0.548097 0.759567 0.509754
vertex 0.546194 0.750000 0.519134
vertex 0.549039 0.750000 0.509754
endloop
endfacet
facet normal 0.290247 0.028624 -0.956524
outer loop
vertex 0.509567 0.751903 0.450960
vertex 0.518766 0.753733 0.453806
vertex 0.519134 0.750000 0.453806
endloop
endfacet
facet normal 0.290218 0.028508 -0.956536
outer loop
vertex 0.509567 0.751903 0.450960
vertex 0.519134 0.750000 0.453806
vertex 0.509754 0.750000 0.450960
endloop
endfacet
facet normal 0.990445 0.097514 0.097520
outer loop
vertex 0.549039 0.759754 0.500000
vertex 0.548097 0.759567 0.509754
vertex 0.549039 0.750000 0.509754
endloop
endfacet
facet normal 0.990431 0.097593 0.097582
outer loop
vertex 0.549039 0.759754 0.500000
vertex 0.549039 0.750000 0.509754
vertex 0.550000 0.750000 0.500000
endloop
endfacet
facet normal 0.098048 0.009630 0.995135
outer loop
vertex 0.509567 0.751903 0.549039
vertex 0.500000 0.750000 0.550000
vertex 0.509754 0.750000 0.549039
endloop
endfacet
facet normal 0.097937 0.009618 -0.995146
outer loop
vertex 0.500000 0.750000 0.450000
vertex 0.509567 0.751903 0.450960
vertex 0.509754 0.750000 0.450960
endloop
endfacet
facet normal 0.990438 0.097592 -0.097510
outer loop
vertex 0.548097 0.759567 0.490245
vertex 0.549039 0.759754 0.500000
vertex 0.550000 0.750000 0.500000
endloop
endfacet
facet normal 0.990439 0.097524 -0.097572
outer loop
vertex 0.548097 0.759567 0.490245
vertex 0.550000 0.750000 0.500000
vertex 0.549039 0.750000 0.490245
endloop
endfacet
facet normal 0.290175 0.028526 0.956548
outer loop
vertex 0.518766 0.753733 0.546194
vertex 0.509567 0.751903 0.549039
vertex 0.509754 0.750000 0.549039
endloop
endfacet
facet normal 0.290121 0.028597 0.956563
outer loop
vertex 0.518766 0.753733 0.546194
vertex 0.509754 0.750000 0.549039
vertex 0.519134 0.750000 0.546194
endloop
endfacet
facet normal 0.952731 0.093814 -0.288967
outer loop
vertex 0.545307 0.759012 0.480866
vertex 0.548097 0.759567 0.490245
vertex 0.549039 0.750000 0.490245
endloop
endfacet
facet normal 0.952728 0.093755 -0.288996
outer loop
vertex 0.545307 0.759012 0.480866
vertex 0.549039 0.750000 0.490245
vertex 0.546194 0.750000 0.480866
endloop
endfacet
facet normal 0.470901 0.046423 0.880964
outer loop
vertex 0.527245 0.755419 0.541573
vertex 0.518766 0.753733 0.546194
vertex 0.519134 0.750000 0.546194
endloop
endfacet
facet normal 0.470941 0.046318 0.880948
outer loop
vertex 0.527245 0.755419 0.541573
vertex 0.519134 0.750000 0.546194
vertex 0.527778 0.750000 0.541573
endloop
endfacet
facet normal 0.878576 0.086468 -0.469709
outer loop
vertex 0.540774 0.758110 0.472221
vertex 0.545307 0.759012 0.480866
vertex 0.546194 0.750000 0.480866
endloop
endfacet
facet normal 0.878604 0.086564 -0.469641
outer loop
vertex 0.540774 0.758110 0.472221
vertex 0.546194 0.750000 0.480866
vertex 0.541573 0.750000 0.472221
endloop
endfacet
facet normal 0.633108 0.062271 0.771554
outer loop
vertex 0.534676 0.756898 0.535356
vertex 0.527245 0.755419 0.541573
vertex 0.527778 0.750000 0.541573
endloop
endfacet
facet normal 0.633036 0.062400 0.771603
outer loop
vertex 0.534676 0.756898 0.535356
vertex 0.527778 0.750000 0.541573
vertex 0.535356 0.750000 0.535356
endloop
endfacet
facet normal 0.098048 -0.009630 0.995135
outer loop
vertex 0.509754 0.750000 0.549039
vertex 0.500000 0.750000 0.550000
vertex 0.509567 0.748097 0.549039
endloop
endfacet
facet normal 0.097937 -0.009618 -0.995146
outer loop
vertex 0.500000 0.750000 0.450000
vertex 0.509754 0.750000 0.450960
vertex 0.509567 0.748097 0.450960
endloop
endfacet
facet normal 0.990433 -0.097582 -0.097571
outer loop
vertex 0.549039 0.750000 0.490245
vertex 0.550000 0.750000 0.500000
vertex 0.549039 0.740245 0.500000
endloop
endfacet
facet normal 0.990444 -0.097524 -0.097522
outer loop
vertex 0.549039 0.750000 0.490245
vertex 0.549039 0.740245 0.500000
vertex 0.548097 0.740433 0.490245
endloop
endfacet
facet normal 0.290122 -0.028497 0.956565
outer loop
vertex 0.519134 0.750000 0.546194
vertex 0.509754 0.750000 0.549039
vertex 0.509567 0.748097 0.549039
endloop
endfacet
facet normal 0.290148 -0.028612 0.956554
outer loop
vertex 0.519134 0.750000 0.546194
vertex 0.509567 0.748097 0.549039
vertex 0.518766 0.746267 0.546194
endloop
endfacet
facet normal 0.952724 -0.093803 -0.288995
outer loop
vertex 0.546194 0.750000 0.480866
vertex 0.549039 0.750000 0.490245
vertex 0.548097 0.740433 0.490245
endloop
endfacet
facet normal 0.952736 -0.093766 -0.288967
outer loop
vertex 0.546194 0.750000 0.480866
vertex 0.548097 0.740433 0.490245
vertex 0.545307 0.740988 0.480866
endloop
endfacet
facet normal 0.470954 -0.046414 0.880936
outer loop
vertex 0.527778 0.750000 0.541573
vertex 0.519134 0.750000 0.546194
vertex 0.518766 0.746267 0.546194
endloop
endfacet
facet normal 0.470905 -0.046323 0.880967
outer loop
vertex 0.527778 0.750000 0.541573
vertex 0.518766 0.746267 0.546194
vertex 0.527245 0.744581 0.541573
endloop
endfacet
facet normal 0.878608 -0.086482 -0.469647
outer loop
vertex 0.541573 0.750000 0.472221
vertex 0.546194 0.750000 0.480866
vertex 0.545307 0.740988 0.480866
endloop
endfacet
facet normal 0.878569 -0.086548 -0.469708
outer loop
vertex 0.541573 0.750000 0.472221
vertex 0.545307 0.740988 0.480866
vertex 0.540774 0.741890 0.472221
endloop
endfacet
facet normal 0.633031 -0.062264 0.771618
outer loop
vertex 0.535356 0.750000 0.535356
vertex 0.527778 0.750000 0.541573
vertex 0.527245 0.744581 0.541573
endloop
endfacet
facet normal 0.633099 -0.062415 0.771550
outer loop
vertex 0.535356 0.750000 0.535356
vertex 0.527245 0.744581 0.541573
vertex 0.534676 0.743103 0.535356
endloop
endfacet
facet normal 0.770801 -0.075944 -0.632533
outer loop
vertex 0.535356 0.750000 0.464645
vertex 0.541573 0.750000 0.472221
vertex 0.540774 0.741890 0.472221
endloop
endfacet
facet normal 0.770768 -0.075999 -0.632567
outer loop
vertex 0.535356 0.750000 0.464645
vertex 0.540774 0.741890 0.472221
vertex 0.534676 0.743103 0.464645
endloop
endfacet
facet normal 0.770880 -0.076003 0.632430
outer loop
vertex 0.541573 0.750000 0.527778
vertex 0.535356 0.750000 0.535356
vertex 0.534676 0.743103 0.535356
endloop
endfacet
facet normal 0.770850 -0.075942 0.632474
outer loop
vertex 0.541573 0.750000 0.527778
vertex 0.534676 0.743103 0.535356
vertex 0.540774 0.741890 0.527778
endloop
endfacet
facet normal 0.633086 -0.062412 -0.771561
outer loop
vertex 0.527778 0.750000 0.458427
vertex 0.535356 0.750000 0.464645
vertex 0.534676 0.743103 0.464645
endloop
endfacet
facet normal 0.633187 -0.062277 -0.771489
outer loop
vertex 0.527778 0.750000 0.458427
vertex 0.534676 0.743103 0.464645
vertex 0.527245 0.744581 0.458427
endloop
endfacet
facet normal 0.878582 -0.086559 0.469682
outer loop
vertex 0.546194 0.750000 0.519134
vertex 0.541573 0.750000 0.527778
vertex 0.540774 0.741890 0.527778
endloop
endfacet
facet normal 0.878555 -0.086465 0.469749
outer loop
vertex 0.546194 0.750000 0.519134
vertex 0.540774 0.741890 0.527778
vertex 0.545307 0.740988 0.519134
endloop
endfacet
facet normal 0.470944 -0.046319 -0.880946
outer loop
vertex 0.519134 0.750000 0.453806
vertex 0.527778 0.750000 0.458427
vertex 0.527245 0.744581 0.458427
endloop
endfacet
facet normal 0.470895 -0.046422 -0.880967
outer loop
vertex 0.519134 0.750000 0.453806
vertex 0.527245 0.744581 0.458427
vertex 0.518766 0.746267 0.453806
endloop
endfacet
facet normal 0.952736 -0.093766 0.288967
outer loop
vertex 0.549039 0.750000 0.509754
vertex 0.546194 0.750000 0.519134
vertex 0.545307 0.740988 0.519134
endloop
endfacet
facet normal 0.952741 -0.093804 0.288938
outer loop
vertex 0.549039 0.750000 0.509754
vertex 0.545307 0.740988 0.519134
vertex 0.548097 0.740433 0.509754
endloop
endfacet
facet normal 0.290224 -0.028608 -0.956531
outer loop
vertex 0.509754 0.750000 0.450960
vertex 0.519134 0.750000 0.453806
vertex 0.518766 0.746267 0.453806
endloop
endfacet
facet normal 0.290273 -0.028539 -0.956518
outer loop
vertex 0.509754 0.750000 0.450960
vertex 0.518766 0.746267 0.453806
vertex 0.509567 0.748097 0.450960
endloop
endfacet
facet normal 0.990438 -0.097523 0.097581
outer loop
vertex 0.550000 0.750000 0.500000
vertex 0.549039 0.750000 0.509754
vertex 0.548097 0.740433 0.509754
endloop
endfacet
facet normal 0.990438 -0.097574 0.097533
outer loop
vertex 0.550000 0.750000 0.500000
vertex 0.548097 0.740433 0.509754
vertex 0.549039 0.740245 0.500000
endloop
endfacet
facet normal 0.741244 -0.224851 0.632455
outer loop
vertex 0.540774 0.741890 0.527778
vertex 0.534676 0.743103 0.535356
vertex 0.532664 0.736470 0.535356
endloop
endfacet
facet normal 0.741228 -0.224759 0.632507
outer loop
vertex 0.540774 0.741890 0.527778
vertex 0.532664 0.736470 0.535356
vertex 0.538409 0.734091 0.527778
endloop
endfacet
facet normal 0.608834 -0.184681 -0.771501
outer loop
vertex 0.527245 0.744581 0.458427
vertex 0.534676 0.743103 0.464645
vertex 0.532664 0.736470 0.464645
endloop
endfacet
facet normal 0.608832 -0.184691 -0.771500
outer loop
vertex 0.527245 0.744581 0.458427
vertex 0.532664 0.736470 0.464645
vertex 0.525664 0.739369 0.458427
endloop
endfacet
facet normal 0.844810 -0.256196 0.469744
outer loop
vertex 0.545307 0.740988 0.519134
vertex 0.540774 0.741890 0.527778
vertex 0.538409 0.734091 0.527778
endloop
endfacet
facet normal 0.844827 -0.256391 0.469607
outer loop
vertex 0.545307 0.740988 0.519134
vertex 0.538409 0.734091 0.527778
vertex 0.542677 0.732322 0.519134
endloop
endfacet
facet normal 0.452812 -0.137356 -0.880962
outer loop
vertex 0.518766 0.746267 0.453806
vertex 0.527245 0.744581 0.458427
vertex 0.525664 0.739369 0.458427
endloop
endfacet
facet normal 0.452815 -0.137374 -0.880958
outer loop
vertex 0.518766 0.746267 0.453806
vertex 0.525664 0.739369 0.458427
vertex 0.517677 0.742677 0.453806
endloop
endfacet
facet normal 0.916090 -0.278022 0.288935
outer loop
vertex 0.548097 0.740433 0.509754
vertex 0.545307 0.740988 0.519134
vertex 0.542677 0.732322 0.519134
endloop
endfacet
facet normal 0.916092 -0.277857 0.289085
outer loop
vertex 0.548097 0.740433 0.509754
vertex 0.542677 0.732322 0.519134
vertex 0.545307 0.731234 0.509754
endloop
endfacet
facet normal 0.279081 -0.084643 -0.956530
outer loop
vertex 0.509567 0.748097 0.450960
vertex 0.518766 0.746267 0.453806
vertex 0.517677 0.742677 0.453806
endloop
endfacet
facet normal 0.279106 -0.084655 -0.956522
outer loop
vertex 0.509567 0.748097 0.450960
vertex 0.517677 0.742677 0.453806
vertex 0.509012 0.746267 0.450960
endloop
endfacet
facet normal 0.952392 -0.288849 0.097548
outer loop
vertex 0.549039 0.740245 0.500000
vertex 0.548097 0.740433 0.509754
vertex 0.545307 0.731234 0.509754
endloop
endfacet
facet normal 0.952381 -0.288898 0.097510
outer loop
vertex 0.549039 0.740245 0.500000
vertex 0.545307 0.731234 0.509754
vertex 0.546194 0.730866 0.500000
endloop
endfacet
facet normal 0.094281 -0.028594 0.995135
outer loop
vertex 0.509567 0.748097 0.549039
vertex 0.500000 0.750000 0.550000
vertex 0.509012 0.746267 0.549039
endloop
endfacet
facet normal 0.094183 -0.028563 -0.995145
outer loop
vertex 0.500000 0.750000 0.450000
vertex 0.509567 0.748097 0.450960
vertex 0.509012 0.746267 0.450960
endloop
endfacet
facet normal 0.952380 -0.288894 -0.097536
outer loop
vertex 0.548097 0.740433 0.490245
vertex 0.549039 0.740245 0.500000
vertex 0.546194 0.730866 0.500000
endloop
endfacet
facet normal 0.952395 -0.288852 -0.097505
outer loop
vertex 0.548097 0.740433 0.490245
vertex 0.546194 0.730866 0.500000
vertex 0.545307 0.731234 0.490245
endloop
endfacet
facet normal 0.279000 -0.084616 0.956556
outer loop
vertex 0.518766 0.746267 0.546194
vertex 0.509567 0.748097 0.549039
vertex 0.509012 0.746267 0.549039
endloop
endfacet
facet normal 0.278992 -0.084621 0.956558
outer loop
vertex 0.518766 0.746267 0.546194
vertex 0.509012 0.746267 0.549039
vertex 0.517677 0.742677 0.546194
endloop
endfacet
facet normal 0.916126 -0.277867 -0.288968
outer loop
vertex 0.545307 0.740988 0.480866
vertex 0.548097 0.740433 0.490245
vertex 0.545307 0.731234 0.490245
endloop
endfacet
facet normal 0.916039 -0.277997 -0.289120
outer loop
vertex 0.545307 0.740988 0.480866
vertex 0.545307 0.731234 0.490245
vertex 0.542677 0.732322 0.480866
endloop
endfacet
facet normal 0.452812 -0.137360 0.880962
outer loop
vertex 0.527245 0.744581 0.541573
vertex 0.518766 0.746267 0.546194
vertex 0.517677 0.742677 0.546194
endloop
endfacet
facet normal 0.452815 -0.137365 0.880959
outer loop
vertex 0.527245 0.744581 0.541573
vertex 0.517677 0.742677 0.546194
vertex 0.525664 0.739369 0.541573
endloop
endfacet
facet normal 0.844776 -0.256378 -0.469706
outer loop
vertex 0.540774 0.741890 0.472221
vertex 0.545307 0.740988 0.480866
vertex 0.542677 0.732322 0.480866
endloop
endfacet
facet normal 0.844909 -0.256224 -0.469552
outer loop
vertex 0.540774 0.741890 0.472221
vertex 0.542677 0.732322 0.480866
vertex 0.538409 0.734091 0.472221
endloop
endfacet
facet normal 0.608773 -0.184675 0.771550
outer loop
vertex 0.534676 0.743103 0.535356
vertex 0.527245 0.744581 0.541573
vertex 0.525664 0.739369 0.541573
endloop
endfacet
facet normal 0.608775 -0.184660 0.771553
outer loop
vertex 0.534676 0.743103 0.535356
vertex 0.525664 0.739369 0.541573
vertex 0.532664 0.736470 0.535356
endloop
endfacet
facet normal 0.741178 -0.224745 -0.632570
outer loop
vertex 0.534676 0.743103 0.464645
vertex 0.540774 0.741890 0.472221
vertex 0.538409 0.734091 0.472221
endloop
endfacet
facet normal 0.741134 -0.224808 -0.632600
outer loop
vertex 0.534676 0.743103 0.464645
vertex 0.538409 0.734091 0.472221
vertex 0.532664 0.736470 0.464645
endloop
endfacet
facet normal 0.877711 -0.469166 -0.097508
outer loop
vertex 0.545307 0.731234 0.490245
vertex 0.546194 0.730866 0.500000
vertex 0.541573 0.722221 0.500000
endloop
endfacet
facet normal 0.877673 -0.469223 -0.097574
outer loop
vertex 0.545307 0.731234 0.490245
vertex 0.541573 0.722221 0.500000
vertex 0.540774 0.722755 0.490245
endloop
endfacet
facet normal 0.257081 -0.137544 0.956552
outer loop
vertex 0.517677 0.742677 0.546194
vertex 0.509012 0.746267 0.549039
vertex 0.508110 0.744581 0.549039
endloop
endfacet
facet normal 0.257110 -0.137422 0.956561
outer loop
vertex 0.517677 0.742677 0.546194
vertex 0.508110 0.744581 0.549039
vertex 0.515909 0.739369 0.546194
endloop
endfacet
facet normal 0.844230 -0.451336 -0.289087
outer loop
vertex 0.542677 0.732322 0.480866
vertex 0.545307 0.731234 0.490245
vertex 0.540774 0.722755 0.490245
endloop
endfacet
facet normal 0.844323 -0.451237 -0.288972
outer loop
vertex 0.542677 0.732322 0.480866
vertex 0.540774 0.722755 0.490245
vertex 0.538409 0.724336 0.480866
endloop
endfacet
facet normal 0.417319 -0.223022 0.880969
outer loop
vertex 0.525664 0.739369 0.541573
vertex 0.517677 0.742677 0.546194
vertex 0.515909 0.739369 0.546194
endloop
endfacet
facet normal 0.417314 -0.223093 0.880953
outer loop
vertex 0.525664 0.739369 0.541573
vertex 0.515909 0.739369 0.546194
vertex 0.523097 0.734567 0.541573
endloop
endfacet
facet normal 0.778667 -0.416140 -0.469579
outer loop
vertex 0.538409 0.734091 0.472221
vertex 0.542677 0.732322 0.480866
vertex 0.538409 0.724336 0.480866
endloop
endfacet
facet normal 0.778627 -0.416181 -0.469610
outer loop
vertex 0.538409 0.734091 0.472221
vertex 0.538409 0.724336 0.480866
vertex 0.534567 0.726903 0.472221
endloop
endfacet
facet normal 0.561030 -0.299898 0.771561
outer loop
vertex 0.532664 0.736470 0.535356
vertex 0.525664 0.739369 0.541573
vertex 0.523097 0.734567 0.541573
endloop
endfacet
facet normal 0.561042 -0.299838 0.771576
outer loop
vertex 0.532664 0.736470 0.535356
vertex 0.523097 0.734567 0.541573
vertex 0.529397 0.730357 0.535356
endloop
endfacet
facet normal 0.683032 -0.365086 -0.632598
outer loop
vertex 0.532664 0.736470 0.464645
vertex 0.538409 0.734091 0.472221
vertex 0.534567 0.726903 0.472221
endloop
endfacet
facet normal 0.683071 -0.365057 -0.632572
outer loop
vertex 0.532664 0.736470 0.464645
vertex 0.534567 0.726903 0.472221
vertex 0.529397 0.730357 0.464645
endloop
endfacet
facet normal 0.683120 -0.365082 0.632505
outer loop
vertex 0.538409 0.734091 0.527778
vertex 0.532664 0.736470 0.535356
vertex 0.529397 0.730357 0.535356
endloop
endfacet
facet normal 0.683124 -0.365133 0.632471
outer loop
vertex 0.538409 0.734091 0.527778
vertex 0.529397 0.730357 0.535356
vertex 0.534567 0.726903 0.527778
endloop
endfacet
facet normal 0.561121 -0.299877 -0.771503
outer loop
vertex 0.525664 0.739369 0.458427
vertex 0.532664 0.736470 0.464645
vertex 0.529397 0.730357 0.464645
endloop
endfacet
facet normal 0.561051 -0.299909 -0.771541
outer loop
vertex 0.525664 0.739369 0.458427
vertex 0.529397 0.730357 0.464645
vertex 0.523097 0.734567 0.458427
endloop
endfacet
facet normal 0.778628 -0.416165 0.469623
outer loop
vertex 0.542677 0.732322 0.519134
vertex 0.538409 0.734091 0.527778
vertex 0.534567 0.726903 0.527778
endloop
endfacet
facet normal 0.778631 -0.416131 0.469648
outer loop
vertex 0.542677 0.732322 0.519134
vertex 0.534567 0.726903 0.527778
vertex 0.538409 0.724336 0.519134
endloop
endfacet
facet normal 0.417311 -0.223070 -0.880960
outer loop
vertex 0.517677 0.742677 0.453806
vertex 0.525664 0.739369 0.458427
vertex 0.523097 0.734567 0.458427
endloop
endfacet
facet normal 0.417327 -0.223055 -0.880956
outer loop
vertex 0.517677 0.742677 0.453806
vertex 0.523097 0.734567 0.458427
vertex 0.515909 0.739369 0.453806
endloop
endfacet
facet normal 0.844295 -0.451224 0.289072
outer loop
vertex 0.545307 0.731234 0.509754
vertex 0.542677 0.732322 0.519134
vertex 0.538409 0.724336 0.519134
endloop
endfacet
facet normal 0.844273 -0.451352 0.288939
outer loop
vertex 0.545307 0.731234 0.509754
vertex 0.538409 0.724336 0.519134
vertex 0.540774 0.722755 0.509754
endloop
endfacet
facet normal 0.257209 -0.137478 -0.956527
outer loop
vertex 0.509012 0.746267 0.450960
vertex 0.517677 0.742677 0.453806
vertex 0.515909 0.739369 0.453806
endloop
endfacet
facet normal 0.257126 -0.137559 -0.956537
outer loop
vertex 0.509012 0.746267 0.450960
vertex 0.515909 0.739369 0.453806
vertex 0.508110 0.744581 0.450960
endloop
endfacet
facet normal 0.877677 -0.469225 0.097525
outer loop
vertex 0.546194 0.730866 0.500000
vertex 0.545307 0.731234 0.509754
vertex 0.540774 0.722755 0.509754
endloop
endfacet
facet normal 0.877701 -0.469170 0.097576
outer loop
vertex 0.546194 0.730866 0.500000
vertex 0.540774 0.722755 0.509754
vertex 0.541573 0.722221 0.500000
endloop
endfacet
facet normal 0.086856 -0.046471 0.995136
outer loop
vertex 0.509012 0.746267 0.549039
vertex 0.500000 0.750000 0.550000
vertex 0.508110 0.744581 0.549039
endloop
endfacet
facet normal 0.086764 -0.046425 -0.995147
outer loop
vertex 0.500000 0.750000 0.450000
vertex 0.509012 0.746267 0.450960
vertex 0.508110 0.744581 0.450960
endloop
endfacet
facet normal 0.491748 -0.403650 -0.771525
outer loop
vertex 0.523097 0.734567 0.458427
vertex 0.529397 0.730357 0.464645
vertex 0.525000 0.725000 0.464645
endloop
endfacet
facet normal 0.491816 -0.403604 -0.771506
outer loop
vertex 0.523097 0.734567 0.458427
vertex 0.525000 0.725000 0.464645
vertex 0.519642 0.730357 0.458427
endloop
endfacet
facet normal 0.682472 -0.560056 0.469648
outer loop
vertex 0.538409 0.724336 0.519134
vertex 0.534567 0.726903 0.527778
vertex 0.529397 0.720603 0.527778
endloop
endfacet
facet normal 0.682454 -0.560100 0.469622
outer loop
vertex 0.538409 0.724336 0.519134
vertex 0.529397 0.720603 0.527778
vertex 0.532664 0.717336 0.519134
endloop
endfacet
facet normal 0.365806 -0.300190 -0.880949
outer loop
vertex 0.515909 0.739369 0.453806
vertex 0.523097 0.734567 0.458427
vertex 0.519642 0.730357 0.458427
endloop
endfacet
facet normal 0.365800 -0.300190 -0.880952
outer loop
vertex 0.515909 0.739369 0.453806
vertex 0.519642 0.730357 0.458427
vertex 0.513530 0.736470 0.453806
endloop
endfacet
facet normal 0.740018 -0.607358 0.288947
outer loop
vertex 0.540774 0.722755 0.509754
vertex 0.538409 0.724336 0.519134
vertex 0.532664 0.717336 0.519134
endloop
endfacet
facet normal 0.740052 -0.607291 0.289001
outer loop
vertex 0.540774 0.722755 0.509754
vertex 0.532664 0.717336 0.519134
vertex 0.534676 0.715324 0.509754
endloop
endfacet
facet normal 0.225428 -0.184988 -0.956536
outer loop
vertex 0.508110 0.744581 0.450960
vertex 0.515909 0.739369 0.453806
vertex 0.513530 0.736470 0.453806
endloop
endfacet
facet normal 0.225523 -0.184953 -0.956521
outer loop
vertex 0.508110 0.744581 0.450960
vertex 0.513530 0.736470 0.453806
vertex 0.506898 0.743103 0.450960
endloop
endfacet
facet normal 0.769352 -0.631328 0.097588
outer loop
vertex 0.541573 0.722221 0.500000
vertex 0.540774 0.722755 0.509754
vertex 0.534676 0.715324 0.509754
endloop
endfacet
facet normal 0.769344 -0.631338 0.097587
outer loop
vertex 0.541573 0.722221 0.500000
vertex 0.534676 0.715324 0.509754
vertex 0.535356 0.714645 0.500000
endloop
endfacet
facet normal 0.076172 -0.062474 0.995136
outer loop
vertex 0.508110 0.744581 0.549039
vertex 0.500000 0.750000 0.550000
vertex 0.506898 0.743103 0.549039
endloop
endfacet
facet normal 0.076099 -0.062410 -0.995145
outer loop
vertex 0.500000 0.750000 0.450000
vertex 0.508110 0.744581 0.450960
vertex 0.506898 0.743103 0.450960
endloop
endfacet
facet normal 0.769344 -0.631338 -0.097582
outer loop
vertex 0.540774 0.722755 0.490245
vertex 0.541573 0.722221 0.500000
vertex 0.535356 0.714645 0.500000
endloop
endfacet
facet normal 0.769348 -0.631335 -0.097573
outer loop
vertex 0.540774 0.722755 0.490245
vertex 0.535356 0.714645 0.500000
vertex 0.534676 0.715324 0.490245
endloop
endfacet
facet normal 0.225415 -0.184843 0.956567
outer loop
vertex 0.515909 0.739369 0.546194
vertex 0.508110 0.744581 0.549039
vertex 0.506898 0.743103 0.549039
endloop
endfacet
facet normal 0.225372 -0.184947 0.956557
outer loop
vertex 0.515909 0.739369 0.546194
vertex 0.506898 0.743103 0.549039
vertex 0.513530 0.736470 0.546194
endloop
endfacet
facet normal 0.740054 -0.607296 -0.288983
outer loop
vertex 0.538409 0.724336 0.480866
vertex 0.540774 0.722755 0.490245
vertex 0.534676 0.715324 0.490245
endloop
endfacet
facet normal 0.740002 -0.607336 -0.289035
outer loop
vertex 0.538409 0.724336 0.480866
vertex 0.534676 0.715324 0.490245
vertex 0.532664 0.717336 0.480866
endloop
endfacet
facet normal 0.365804 -0.300163 0.880959
outer loop
vertex 0.523097 0.734567 0.541573
vertex 0.515909 0.739369 0.546194
vertex 0.513530 0.736470 0.546194
endloop
endfacet
facet normal 0.365796 -0.300207 0.880948
outer loop
vertex 0.523097 0.734567 0.541573
vertex 0.513530 0.736470 0.546194
vertex 0.519642 0.730357 0.541573
endloop
endfacet
facet normal 0.682462 -0.560107 -0.469602
outer loop
vertex 0.534567 0.726903 0.472221
vertex 0.538409 0.724336 0.480866
vertex 0.532664 0.717336 0.480866
endloop
endfacet
facet normal 0.682502 -0.560068 -0.469590
outer loop
vertex 0.534567 0.726903 0.472221
vertex 0.532664 0.717336 0.480866
vertex 0.529397 0.720603 0.472221
endloop
endfacet
facet normal 0.491740 -0.403561 0.771576
outer loop
vertex 0.529397 0.730357 0.535356
vertex 0.523097 0.734567 0.541573
vertex 0.519642 0.730357 0.541573
endloop
endfacet
facet normal 0.491726 -0.403611 0.771560
outer loop
vertex 0.529397 0.730357 0.535356
vertex 0.519642 0.730357 0.541573
vertex 0.525000 0.725000 0.535356
endloop
endfacet
facet normal 0.598714 -0.491322 -0.632570
outer loop
vertex 0.529397 0.730357 0.464645
vertex 0.534567 0.726903 0.472221
vertex 0.529397 0.720603 0.472221
endloop
endfacet
facet normal 0.598626 -0.491358 -0.632626
outer loop
vertex 0.529397 0.730357 0.464645
vertex 0.529397 0.720603 0.472221
vertex 0.525000 0.725000 0.464645
endloop
endfacet
facet normal 0.598733 -0.491429 0.632469
outer loop
vertex 0.534567 0.726903 0.527778
vertex 0.529397 0.730357 0.535356
vertex 0.525000 0.725000 0.535356
endloop
endfacet
facet normal 0.598741 -0.491353 0.632520
outer loop
vertex 0.534567 0.726903 0.527778
vertex 0.525000 0.725000 0.535356
vertex 0.529397 0.720603 0.527778
endloop
endfacet
facet normal 0.184885 -0.225404 0.956562
outer loop
vertex 0.513530 0.736470 0.546194
vertex 0.506898 0.743103 0.549039
vertex 0.505419 0.741890 0.549039
endloop
endfacet
facet normal 0.184875 -0.225407 0.956563
outer loop
vertex 0.513530 0.736470 0.546194
vertex 0.505419 0.741890 0.549039
vertex 0.510630 0.734091 0.546194
endloop
endfacet
facet normal 0.607287 -0.740041 -0.289035
outer loop
vertex 0.532664 0.717336 0.480866
vertex 0.534676 0.715324 0.490245
vertex 0.527245 0.709226 0.490245
endloop
endfacet
facet normal 0.607343 -0.740021 -0.288970
outer loop
vertex 0.532664 0.717336 0.480866
vertex 0.527245 0.709226 0.490245
vertex 0.525664 0.711591 0.480866
endloop
endfacet
facet normal 0.300118 -0.365857 0.880953
outer loop
vertex 0.519642 0.730357 0.541573
vertex 0.513530 0.736470 0.546194
vertex 0.510630 0.734091 0.546194
endloop
endfacet
facet normal 0.300170 -0.365789 0.880963
outer loop
vertex 0.519642 0.730357 0.541573
vertex 0.510630 0.734091 0.546194
vertex 0.515433 0.726903 0.541573
endloop
endfacet
facet normal 0.560103 -0.682479 -0.469582
outer loop
vertex 0.529397 0.720603 0.472221
vertex 0.532664 0.717336 0.480866
vertex 0.525664 0.711591 0.480866
endloop
endfacet
facet normal 0.560071 -0.682484 -0.469613
outer loop
vertex 0.529397 0.720603 0.472221
vertex 0.525664 0.711591 0.480866
vertex 0.523097 0.715433 0.472221
endloop
endfacet
facet normal 0.403565 -0.491783 0.771547
outer loop
vertex 0.525000 0.725000 0.535356
vertex 0.519642 0.730357 0.541573
vertex 0.515433 0.726903 0.541573
endloop
endfacet
facet normal 0.403575 -0.491763 0.771554
outer loop
vertex 0.525000 0.725000 0.535356
vertex 0.515433 0.726903 0.541573
vertex 0.519642 0.720603 0.535356
endloop
endfacet
facet normal 0.491297 -0.598689 -0.632613
outer loop
vertex 0.525000 0.725000 0.464645
vertex 0.529397 0.720603 0.472221
vertex 0.523097 0.715433 0.472221
endloop
endfacet
facet normal 0.491309 -0.598689 -0.632603
outer loop
vertex 0.525000 0.725000 0.464645
vertex 0.523097 0.715433 0.472221
vertex 0.519642 0.720603 0.464645
endloop
endfacet
facet normal 0.491360 -0.598742 0.632513
outer loop
vertex 0.529397 0.720603 0.527778
vertex 0.525000 0.725000 0.535356
vertex 0.519642 0.720603 0.535356
endloop
endfacet
facet normal 0.491349 -0.598755 0.632511
outer loop
vertex 0.529397 0.720603 0.527778
vertex 0.519642 0.720603 0.535356
vertex 0.523097 0.715433 0.527778
endloop
endfacet
facet normal 0.403611 -0.491814 -0.771504
outer loop
vertex 0.519642 0.730357 0.458427
vertex 0.525000 0.725000 0.464645
vertex 0.519642 0.720603 0.464645
endloop
endfacet
facet normal 0.403604 -0.491830 -0.771497
outer loop
vertex 0.519642 0.730357 0.458427
vertex 0.519642 0.720603 0.464645
vertex 0.515433 0.726903 0.458427
endloop
endfacet
facet normal 0.560070 -0.682488 0.469609
outer loop
vertex 0.532664 0.717336 0.519134
vertex 0.529397 0.720603 0.527778
vertex 0.523097 0.715433 0.527778
endloop
endfacet
facet normal 0.560081 -0.682446 0.469656
outer loop
vertex 0.532664 0.717336 0.519134
vertex 0.523097 0.715433 0.527778
vertex 0.525664 0.711591 0.519134
endloop
endfacet
facet normal 0.300198 -0.365796 -0.880951
outer loop
vertex 0.513530 0.736470 0.453806
vertex 0.519642 0.730357 0.458427
vertex 0.515433 0.726903 0.458427
endloop
endfacet
facet normal 0.300088 -0.365846 -0.880967
outer loop
vertex 0.513530 0.736470 0.453806
vertex 0.515433 0.726903 0.458427
vertex 0.510630 0.734091 0.453806
endloop
endfacet
facet normal 0.607335 -0.740018 0.288994
outer loop
vertex 0.534676 0.715324 0.509754
vertex 0.532664 0.717336 0.519134
vertex 0.525664 0.711591 0.519134
endloop
endfacet
facet normal 0.607302 -0.740058 0.288961
outer loop
vertex 0.534676 0.715324 0.509754
vertex 0.525664 0.711591 0.519134
vertex 0.527245 0.709226 0.509754
endloop
endfacet
facet normal 0.184958 -0.225470 -0.956532
outer loop
vertex 0.506898 0.743103 0.450960
vertex 0.513530 0.736470 0.453806
vertex 0.510630 0.734091 0.453806
endloop
endfacet
facet normal 0.184969 -0.225492 -0.956525
outer loop
vertex 0.506898 0.743103 0.450960
vertex 0.510630 0.734091 0.453806
vertex 0.505419 0.741890 0.450960
endloop
endfacet
facet normal 0.631338 -0.769346 0.097567
outer loop
vertex 0.535356 0.714645 0.500000
vertex 0.534676 0.715324 0.509754
vertex 0.527245 0.709226 0.509754
endloop
endfacet
facet normal 0.631304 -0.769380 0.097517
outer loop
vertex 0.535356 0.714645 0.500000
vertex 0.527245 0.709226 0.509754
vertex 0.527778 0.708427 0.500000
endloop
endfacet
facet normal 0.062443 -0.076169 0.995138
outer loop
vertex 0.506898 0.743103 0.549039
vertex 0.500000 0.750000 0.550000
vertex 0.505419 0.741890 0.549039
endloop
endfacet
facet normal 0.062431 -0.076092 -0.995144
outer loop
vertex 0.500000 0.750000 0.450000
vertex 0.506898 0.743103 0.450960
vertex 0.505419 0.741890 0.450960
endloop
endfacet
facet normal 0.631301 -0.769377 -0.097559
outer loop
vertex 0.534676 0.715324 0.490245
vertex 0.535356 0.714645 0.500000
vertex 0.527778 0.708427 0.500000
endloop
endfacet
facet normal 0.631344 -0.769349 -0.097504
outer loop
vertex 0.534676 0.715324 0.490245
vertex 0.527778 0.708427 0.500000
vertex 0.527245 0.709226 0.490245
endloop
endfacet
facet normal 0.416174 -0.778604 0.469655
outer loop
vertex 0.525664 0.711591 0.519134
vertex 0.523097 0.715433 0.527778
vertex 0.515909 0.711591 0.527778
endloop
endfacet
facet normal 0.416103 -0.778687 0.469580
outer loop
vertex 0.525664 0.711591 0.519134
vertex 0.515909 0.711591 0.527778
vertex 0.517677 0.707323 0.519134
endloop
endfacet
facet normal 0.223033 -0.417313 -0.880969
outer loop
vertex 0.510630 0.734091 0.453806
vertex 0.515433 0.726903 0.458427
vertex 0.510630 0.724336 0.458427
endloop
endfacet
facet normal 0.223164 -0.417318 -0.880934
outer loop
vertex 0.510630 0.734091 0.453806
vertex 0.510630 0.724336 0.458427
vertex 0.507322 0.732322 0.453806
endloop
endfacet
facet normal 0.451198 -0.844351 0.288948
outer loop
vertex 0.527245 0.709226 0.509754
vertex 0.525664 0.711591 0.519134
vertex 0.517677 0.707323 0.519134
endloop
endfacet
facet normal 0.451338 -0.844222 0.289108
outer loop
vertex 0.527245 0.709226 0.509754
vertex 0.517677 0.707323 0.519134
vertex 0.518766 0.704693 0.509754
endloop
endfacet
facet normal 0.137518 -0.257158 -0.956535
outer loop
vertex 0.505419 0.741890 0.450960
vertex 0.510630 0.734091 0.453806
vertex 0.507322 0.732322 0.453806
endloop
endfacet
facet normal 0.137608 -0.257173 -0.956518
outer loop
vertex 0.505419 0.741890 0.450960
vertex 0.507322 0.732322 0.453806
vertex 0.503733 0.740988 0.450960
endloop
endfacet
facet normal 0.469233 -0.877672 0.097530
outer loop
vertex 0.527778 0.708427 0.500000
vertex 0.527245 0.709226 0.509754
vertex 0.518766 0.704693 0.509754
endloop
endfacet
facet normal 0.469195 -0.877694 0.097514
outer loop
vertex 0.527778 0.708427 0.500000
vertex 0.518766 0.704693 0.509754
vertex 0.519134 0.703806 0.500000
endloop
endfacet
facet normal 0.046485 -0.086872 0.995134
outer loop
vertex 0.505419 0.741890 0.549039
vertex 0.500000 0.750000 0.550000
vertex 0.503733 0.740988 0.549039
endloop
endfacet
facet normal 0.046401 -0.086779 -0.995146
outer loop
vertex 0.500000 0.750000 0.450000
vertex 0.505419 0.741890 0.450960
vertex 0.503733 0.740988 0.450960
endloop
endfacet
facet normal 0.469201 -0.877689 -0.097530
outer loop
vertex 0.527245 0.709226 0.490245
vertex 0.527778 0.708427 0.500000
vertex 0.519134 0.703806 0.500000
endloop
endfacet
facet normal 0.469223 -0.877681 -0.097494
outer loop
vertex 0.527245 0.709226 0.490245
vertex 0.519134 0.703806 0.500000
vertex 0.518766 0.704693 0.490245
endloop
endfacet
facet normal 0.137543 -0.257055 0.956559
outer loop
vertex 0.510630 0.734091 0.546194
vertex 0.505419 0.741890 0.549039
vertex 0.503733 0.740988 0.549039
endloop
endfacet
facet normal 0.137483 -0.257094 0.956557
outer loop
vertex 0.510630 0.734091 0.546194
vertex 0.503733 0.740988 0.549039
vertex 0.507322 0.732322 0.546194
endloop
endfacet
facet normal 0.451363 -0.844253 -0.288978
outer loop
vertex 0.525664 0.711591 0.480866
vertex 0.527245 0.709226 0.490245
vertex 0.518766 0.704693 0.490245
endloop
endfacet
facet normal 0.451168 -0.844300 -0.289145
outer loop
vertex 0.525664 0.711591 0.480866
vertex 0.518766 0.704693 0.490245
vertex 0.517677 0.707323 0.480866
endloop
endfacet
facet normal 0.223144 -0.417250 0.880970
outer loop
vertex 0.515433 0.726903 0.541573
vertex 0.510630 0.734091 0.546194
vertex 0.507322 0.732322 0.546194
endloop
endfacet
facet normal 0.223061 -0.417358 0.880940
outer loop
vertex 0.515433 0.726903 0.541573
vertex 0.507322 0.732322 0.546194
vertex 0.510630 0.724336 0.541573
endloop
endfacet
facet normal 0.416098 -0.778674 -0.469605
outer loop
vertex 0.523097 0.715433 0.472221
vertex 0.525664 0.711591 0.480866
vertex 0.517677 0.707323 0.480866
endloop
endfacet
facet normal 0.416200 -0.778659 -0.469539
outer loop
vertex 0.523097 0.715433 0.472221
vertex 0.517677 0.707323 0.480866
vertex 0.515909 0.711591 0.472221
endloop
endfacet
facet normal 0.299857 -0.561059 0.771556
outer loop
vertex 0.519642 0.720603 0.535356
vertex 0.515433 0.726903 0.541573
vertex 0.510630 0.724336 0.541573
endloop
endfacet
facet normal 0.299880 -0.561032 0.771567
outer loop
vertex 0.519642 0.720603 0.535356
vertex 0.510630 0.724336 0.541573
vertex 0.513530 0.717336 0.535356
endloop
endfacet
facet normal 0.365083 -0.683019 -0.632613
outer loop
vertex 0.519642 0.720603 0.464645
vertex 0.523097 0.715433 0.472221
vertex 0.515909 0.711591 0.472221
endloop
endfacet
facet normal 0.365097 -0.683032 -0.632591
outer loop
vertex 0.519642 0.720603 0.464645
vertex 0.515909 0.711591 0.472221
vertex 0.513530 0.717336 0.464645
endloop
endfacet
facet normal 0.365140 -0.683091 0.632502
outer loop
vertex 0.523097 0.715433 0.527778
vertex 0.519642 0.720603 0.535356
vertex 0.513530 0.717336 0.535356
endloop
endfacet
facet normal 0.365111 -0.683107 0.632503
outer loop
vertex 0.523097 0.715433 0.527778
vertex 0.513530 0.717336 0.535356
vertex 0.515909 0.711591 0.527778
endloop
endfacet
facet normal 0.299916 -0.561091 -0.771510
outer loop
vertex 0.515433 0.726903 0.458427
vertex 0.519642 0.720603 0.464645
vertex 0.513530 0.717336 0.464645
endloop
endfacet
facet normal 0.299885 -0.561101 -0.771514
outer loop
vertex 0.515433 0.726903 0.458427
vertex 0.513530 0.717336 0.464645
vertex 0.510630 0.724336 0.458427
endloop
endfacet
facet normal 0.277838 -0.916079 -0.289146
outer loop
vertex 0.517677 0.707323 0.480866
vertex 0.518766 0.704693 0.490245
vertex 0.509567 0.701903 0.490245
endloop
endfacet
facet normal 0.278054 -0.916074 -0.288955
outer loop
vertex 0.517677 0.707323 0.480866
vertex 0.509567 0.701903 0.490245
vertex 0.509012 0.704693 0.480866
endloop
endfacet
facet normal 0.137279 -0.452870 0.880944
outer loop
vertex 0.510630 0.724336 0.541573
vertex 0.507322 0.732322 0.546194
vertex 0.503733 0.731234 0.546194
endloop
endfacet
facet normal 0.137370 -0.452818 0.880957
outer loop
vertex 0.510630 0.724336 0.541573
vertex 0.503733 0.731234 0.546194
vertex 0.505419 0.722755 0.541573
endloop
endfacet
facet normal 0.256430 -0.844848 -0.469549
outer loop
vertex 0.515909 0.711591 0.472221
vertex 0.517677 0.707323 0.480866
vertex 0.509012 0.704693 0.480866
endloop
endfacet
facet normal 0.256194 -0.844826 -0.469717
outer loop
vertex 0.515909 0.711591 0.472221
vertex 0.509012 0.704693 0.480866
vertex 0.508110 0.709226 0.472221
endloop
endfacet
facet normal 0.184692 -0.608730 0.771581
outer loop
vertex 0.513530 0.717336 0.535356
vertex 0.510630 0.724336 0.541573
vertex 0.505419 0.722755 0.541573
endloop
endfacet
facet normal 0.184671 -0.608774 0.771551
outer loop
vertex 0.513530 0.717336 0.535356
vertex 0.505419 0.722755 0.541573
vertex 0.506898 0.715324 0.535356
endloop
endfacet
facet normal 0.224750 -0.741143 -0.632609
outer loop
vertex 0.513530 0.717336 0.464645
vertex 0.515909 0.711591 0.472221
vertex 0.508110 0.709226 0.472221
endloop
endfacet
facet normal 0.224844 -0.741169 -0.632545
outer loop
vertex 0.513530 0.717336 0.464645
vertex 0.508110 0.709226 0.472221
vertex 0.506898 0.715324 0.464645
endloop
endfacet
facet normal 0.224859 -0.741186 0.632520
outer loop
vertex 0.515909 0.711591 0.527778
vertex 0.513530 0.717336 0.535356
vertex 0.506898 0.715324 0.535356
endloop
endfacet
facet normal 0.224784 -0.741265 0.632454
outer loop
vertex 0.515909 0.711591 0.527778
vertex 0.506898 0.715324 0.535356
vertex 0.508110 0.709226 0.527778
endloop
endfacet
facet normal 0.184694 -0.608804 -0.771522
outer loop
vertex 0.510630 0.724336 0.458427
vertex 0.513530 0.717336 0.464645
vertex 0.506898 0.715324 0.464645
endloop
endfacet
facet normal 0.184707 -0.608823 -0.771504
outer loop
vertex 0.510630 0.724336 0.458427
vertex 0.506898 0.715324 0.464645
vertex 0.505419 0.722755 0.458427
endloop
endfacet
facet normal 0.256206 -0.844901 0.469576
outer loop
vertex 0.517677 0.707323 0.519134
vertex 0.515909 0.711591 0.527778
vertex 0.508110 0.709226 0.527778
endloop
endfacet
facet normal 0.256407 -0.844741 0.469753
outer loop
vertex 0.517677 0.707323 0.519134
vertex 0.508110 0.709226 0.527778
vertex 0.509012 0.704693 0.519134
endloop
endfacet
facet normal 0.137397 -0.452840 -0.880941
outer loop
vertex 0.507322 0.732322 0.453806
vertex 0.510630 0.724336 0.458427
vertex 0.505419 0.722755 0.458427
endloop
endfacet
facet normal 0.137274 -0.452836 -0.880963
outer loop
vertex 0.507322 0.732322 0.453806
vertex 0.505419 0.722755 0.458427
vertex 0.503733 0.731234 0.453806
endloop
endfacet
facet normal 0.278035 -0.916028 0.289119
outer loop
vertex 0.518766 0.704693 0.509754
vertex 0.517677 0.707323 0.519134
vertex 0.509012 0.704693 0.519134
endloop
endfacet
facet normal 0.277861 -0.916138 0.288936
outer loop
vertex 0.518766 0.704693 0.509754
vertex 0.509012 0.704693 0.519134
vertex 0.509567 0.701903 0.509754
endloop
endfacet
facet normal 0.084611 -0.279097 -0.956528
outer loop
vertex 0.503733 0.740988 0.450960
vertex 0.507322 0.732322 0.453806
vertex 0.503733 0.731234 0.453806
endloop
endfacet
facet normal 0.084644 -0.279098 -0.956525
outer loop
vertex 0.503733 0.740988 0.450960
vertex 0.503733 0.731234 0.453806
vertex 0.501903 0.740433 0.450960
endloop
endfacet
facet normal 0.288856 -0.952395 0.097500
outer loop
vertex 0.519134 0.703806 0.500000
vertex 0.518766 0.704693 0.509754
vertex 0.509567 0.701903 0.509754
endloop
endfacet
facet normal 0.288952 -0.952354 0.097611
outer loop
vertex 0.519134 0.703806 0.500000
vertex 0.509567 0.701903 0.509754
vertex 0.509754 0.700960 0.500000
endloop
endfacet
facet normal 0.028607 -0.094268 0.995136
outer loop
vertex 0.503733 0.740988 0.549039
vertex 0.500000 0.750000 0.550000
vertex 0.501903 0.740433 0.549039
endloop
endfacet
facet normal 0.028579 -0.094169 -0.995146
outer loop
vertex 0.500000 0.750000 0.450000
vertex 0.503733 0.740988 0.450960
vertex 0.501903 0.740433 0.450960
endloop
endfacet
facet normal 0.288959 -0.952364 -0.097496
outer loop
vertex 0.518766 0.704693 0.490245
vertex 0.519134 0.703806 0.500000
vertex 0.509754 0.700960 0.500000
endloop
endfacet
facet normal 0.288850 -0.952387 -0.097597
outer loop
vertex 0.518766 0.704693 0.490245
vertex 0.509754 0.700960 0.500000
vertex 0.509567 0.701903 0.490245
endloop
endfacet
facet normal 0.084609 -0.278972 0.956565
outer loop
vertex 0.507322 0.732322 0.546194
vertex 0.503733 0.740988 0.549039
vertex 0.501903 0.740433 0.549039
endloop
endfacet
facet normal 0.084592 -0.279015 0.956554
outer loop
vertex 0.507322 0.732322 0.546194
vertex 0.501903 0.740433 0.549039
vertex 0.503733 0.731234 0.546194
endloop
endfacet
facet normal 0.046403 -0.470903 -0.880964
outer loop
vertex 0.503733 0.731234 0.453806
vertex 0.505419 0.722755 0.458427
vertex 0.500000 0.722221 0.458427
endloop
endfacet
facet normal 0.046424 -0.470896 -0.880966
outer loop
vertex 0.503733 0.731234 0.453806
vertex 0.500000 0.722221 0.458427
vertex 0.500000 0.730866 0.453806
endloop
endfacet
facet normal 0.093766 -0.952746 0.288933
outer loop
vertex 0.509567 0.701903 0.509754
vertex 0.509012 0.704693 0.519134
vertex 0.500000 0.703806 0.519134
endloop
endfacet
facet normal 0.093899 -0.952694 0.289063
outer loop
vertex 0.509567 0.701903 0.509754
vertex 0.500000 0.703806 0.519134
vertex 0.500000 0.700960 0.509754
endloop
endfacet
facet normal 0.028630 -0.290234 -0.956527
outer loop
vertex 0.501903 0.740433 0.450960
vertex 0.503733 0.731234 0.453806
vertex 0.500000 0.730866 0.453806
endloop
endfacet
facet normal 0.028649 -0.290258 -0.956520
outer loop
vertex 0.501903 0.740433 0.450960
vertex 0.500000 0.730866 0.453806
vertex 0.500000 0.740245 0.450960
endloop
endfacet
facet normal 0.097619 -0.990425 0.097611
outer loop
vertex 0.509754 0.700960 0.500000
vertex 0.509567 0.701903 0.509754
vertex 0.500000 0.700960 0.509754
endloop
endfacet
facet normal 0.097486 -0.990450 0.097498
outer loop
vertex 0.509754 0.700960 0.500000
vertex 0.500000 0.700960 0.509754
vertex 0.500000 0.700000 0.500000
endloop
endfacet
facet normal 0.009685 -0.098036 0.995136
outer loop
vertex 0.501903 0.740433 0.549039
vertex 0.500000 0.750000 0.550000
vertex 0.500000 0.740245 0.549039
endloop
endfacet
facet normal 0.009683 -0.097934 -0.995146
outer loop
vertex 0.500000 0.750000 0.450000
vertex 0.501903 0.740433 0.450960
vertex 0.500000 0.740245 0.450960
endloop
endfacet
facet normal 0.097487 -0.990438 -0.097613
outer loop
vertex 0.509567 0.701903 0.490245
vertex 0.509754 0.700960 0.500000
vertex 0.500000 0.700000 0.500000
endloop
endfacet
facet normal 0.097619 -0.990439 -0.097473
outer loop
vertex 0.509567 0.701903 0.490245
vertex 0.500000 0.700000 0.500000
vertex 0.500000 0.700960 0.490245
endloop
endfacet
facet normal 0.028630 -0.290145 0.956554
outer loop
vertex 0.503733 0.731234 0.546194
vertex 0.501903 0.740433 0.549039
vertex 0.500000 0.740245 0.549039
endloop
endfacet
facet normal 0.028600 -0.290152 0.956553
outer loop
vertex 0.503733 0.731234 0.546194
vertex 0.500000 0.740245 0.549039
vertex 0.500000 0.730866 0.546194
endloop
endfacet
facet normal 0.093902 -0.952724 -0.288964
outer loop
vertex 0.509012 0.704693 0.480866
vertex 0.509567 0.701903 0.490245
vertex 0.500000 0.700960 0.490245
endloop
endfacet
facet normal 0.093757 -0.952698 -0.289097
outer loop
vertex 0.509012 0.704693 0.480866
vertex 0.500000 0.700960 0.490245
vertex 0.500000 0.703806 0.480866
endloop
endfacet
facet normal 0.046442 -0.470890 0.880968
outer loop
vertex 0.505419 0.722755 0.541573
vertex 0.503733 0.731234 0.546194
vertex 0.500000 0.730866 0.546194
endloop
endfacet
facet normal 0.046394 -0.470910 0.880960
outer loop
vertex 0.505419 0.722755 0.541573
vertex 0.500000 0.730866 0.546194
vertex 0.500000 0.722221 0.541573
endloop
endfacet
facet normal 0.086463 -0.878579 -0.469705
outer loop
vertex 0.508110 0.709226 0.472221
vertex 0.509012 0.704693 0.480866
vertex 0.500000 0.703806 0.480866
endloop
endfacet
facet normal 0.086564 -0.878604 -0.469641
outer loop
vertex 0.508110 0.709226 0.472221
vertex 0.500000 0.703806 0.480866
vertex 0.500000 0.708427 0.472221
endloop
endfacet
facet normal 0.062381 -0.633082 0.771567
outer loop
vertex 0.506898 0.715324 0.535356
vertex 0.505419 0.722755 0.541573
vertex 0.500000 0.722221 0.541573
endloop
endfacet
facet normal 0.062327 -0.633129 0.771533
outer loop
vertex 0.506898 0.715324 0.535356
vertex 0.500000 0.722221 0.541573
vertex 0.500000 0.714645 0.535356
endloop
endfacet
facet normal 0.075938 -0.770777 -0.632563
outer loop
vertex 0.506898 0.715324 0.464645
vertex 0.508110 0.709226 0.472221
vertex 0.500000 0.708427 0.472221
endloop
endfacet
facet normal 0.075870 -0.770758 -0.632595
outer loop
vertex 0.506898 0.715324 0.464645
vertex 0.500000 0.708427 0.472221
vertex 0.500000 0.714645 0.464645
endloop
endfacet
facet normal 0.075879 -0.770871 0.632456
outer loop
vertex 0.508110 0.709226 0.527778
vertex 0.506898 0.715324 0.535356
vertex 0.500000 0.714645 0.535356
endloop
endfacet
facet normal 0.075945 -0.770831 0.632497
outer loop
vertex 0.508110 0.709226 0.527778
vertex 0.500000 0.714645 0.535356
vertex 0.500000 0.708427 0.527778
endloop
endfacet
facet normal 0.062324 -0.633160 -0.771508
outer loop
vertex 0.505419 0.722755 0.458427
vertex 0.506898 0.715324 0.464645
vertex 0.500000 0.714645 0.464645
endloop
endfacet
facet normal 0.062399 -0.633188 -0.771479
outer loop
vertex 0.505419 0.722755 0.458427
vertex 0.500000 0.714645 0.464645
vertex 0.500000 0.722221 0.458427
endloop
endfacet
facet normal 0.086550 -0.878548 0.469748
outer loop
vertex 0.509012 0.704693 0.519134
vertex 0.508110 0.709226 0.527778
vertex 0.500000 0.708427 0.527778
endloop
endfacet
facet normal 0.086468 -0.878590 0.469683
outer loop
vertex 0.509012 0.704693 0.519134
vertex 0.500000 0.708427 0.527778
vertex 0.500000 0.703806 0.519134
endloop
endfacet
facet normal -0.086469 -0.878614 -0.469639
outer loop
vertex 0.500000 0.708427 0.472221
vertex 0.500000 0.703806 0.480866
vertex 0.490988 0.704693 0.480866
endloop
endfacet
facet normal -0.086554 -0.878567 -0.469711
outer loop
vertex 0.500000 0.708427 0.472221
vertex 0.490988 0.704693 0.480866
vertex 0.491890 0.709226 0.472221
endloop
endfacet
facet normal -0.062394 -0.633134 0.771524
outer loop
vertex 0.500000 0.714645 0.535356
vertex 0.500000 0.722221 0.541573
vertex 0.494581 0.722755 0.541573
endloop
endfacet
facet normal -0.062334 -0.633106 0.771551
outer loop
vertex 0.500000 0.714645 0.535356
vertex 0.494581 0.722755 0.541573
vertex 0.493103 0.715324 0.535356
endloop
endfacet
facet normal -0.075936 -0.770749 -0.632598
outer loop
vertex 0.500000 0.714645 0.464645
vertex 0.500000 0.708427 0.472221
vertex 0.491890 0.709226 0.472221
endloop
endfacet
facet normal -0.075876 -0.770786 -0.632560
outer loop
vertex 0.500000 0.714645 0.464645
vertex 0.491890 0.709226 0.472221
vertex 0.493103 0.715324 0.464645
endloop
endfacet
facet normal -0.075886 -0.770833 0.632501
outer loop
vertex 0.500000 0.708427 0.527778
vertex 0.500000 0.714645 0.535356
vertex 0.493103 0.715324 0.535356
endloop
endfacet
facet normal -0.075947 -0.770855 0.632466
outer loop
vertex 0.500000 0.708427 0.527778
vertex 0.493103 0.715324 0.535356
vertex 0.491890 0.709226 0.527778
endloop
endfacet
facet normal -0.062342 -0.633191 -0.771481
outer loop
vertex 0.500000 0.722221 0.458427
vertex 0.500000 0.714645 0.464645
vertex 0.493103 0.715324 0.464645
endloop
endfacet
facet normal -0.062389 -0.633161 -0.771501
outer loop
vertex 0.500000 0.722221 0.458427
vertex 0.493103 0.715324 0.464645
vertex 0.494581 0.722755 0.458427
endloop
endfacet
facet normal -0.086561 -0.878583 0.469680
outer loop
vertex 0.500000 0.703806 0.519134
vertex 0.500000 0.708427 0.527778
vertex 0.491890 0.709226 0.527778
endloop
endfacet
facet normal -0.086459 -0.878560 0.469742
outer loop
vertex 0.500000 0.703806 0.519134
vertex 0.491890 0.709226 0.527778
vertex 0.490988 0.704693 0.519134
endloop
endfacet
facet normal -0.046395 -0.470910 -0.880960
outer loop
vertex 0.500000 0.730866 0.453806
vertex 0.500000 0.722221 0.458427
vertex 0.494581 0.722755 0.458427
endloop
endfacet
facet normal -0.046434 -0.470887 -0.880970
outer loop
vertex 0.500000 0.730866 0.453806
vertex 0.494581 0.722755 0.458427
vertex 0.496267 0.731234 0.453806
endloop
endfacet
facet normal -0.093762 -0.952706 0.289068
outer loop
vertex 0.500000 0.700960 0.509754
vertex 0.500000 0.703806 0.519134
vertex 0.490988 0.704693 0.519134
endloop
endfacet
facet normal -0.093903 -0.952732 0.288937
outer loop
vertex 0.500000 0.700960 0.509754
vertex 0.490988 0.704693 0.519134
vertex 0.490433 0.701903 0.509754
endloop
endfacet
facet normal -0.028605 -0.290256 -0.956521
outer loop
vertex 0.500000 0.740245 0.450960
vertex 0.500000 0.730866 0.453806
vertex 0.496267 0.731234 0.453806
endloop
endfacet
facet normal -0.028697 -0.290210 -0.956533
outer loop
vertex 0.500000 0.740245 0.450960
vertex 0.496267 0.731234 0.453806
vertex 0.498097 0.740433 0.450960
endloop
endfacet
facet normal -0.097620 -0.990438 0.097484
outer loop
vertex 0.500000 0.700000 0.500000
vertex 0.500000 0.700960 0.509754
vertex 0.490433 0.701903 0.509754
endloop
endfacet
facet normal -0.097475 -0.990437 0.097635
outer loop
vertex 0.500000 0.700000 0.500000
vertex 0.490433 0.701903 0.509754
vertex 0.490245 0.700960 0.500000
endloop
endfacet
facet normal -0.009685 -0.098033 0.995136
outer loop
vertex 0.500000 0.740245 0.549039
vertex 0.500000 0.750000 0.550000
vertex 0.498097 0.740433 0.549039
endloop
endfacet
facet normal -0.009683 -0.097931 -0.995146
outer loop
vertex 0.500000 0.750000 0.450000
vertex 0.500000 0.740245 0.450960
vertex 0.498097 0.740433 0.450960
endloop
endfacet
facet normal -0.097476 -0.990452 -0.097486
outer loop
vertex 0.500000 0.700960 0.490245
vertex 0.500000 0.700000 0.500000
vertex 0.490245 0.700960 0.500000
endloop
endfacet
facet normal -0.097619 -0.990425 -0.097614
outer loop
vertex 0.500000 0.700960 0.490245
vertex 0.490245 0.700960 0.500000
vertex 0.490433 0.701903 0.490245
endloop
endfacet
facet normal -0.028632 -0.290155 0.956551
outer loop
vertex 0.500000 0.730866 0.546194
vertex 0.500000 0.740245 0.549039
vertex 0.498097 0.740433 0.549039
endloop
endfacet
facet normal -0.028599 -0.290145 0.956555
outer loop
vertex 0.500000 0.730866 0.546194
vertex 0.498097 0.740433 0.549039
vertex 0.496267 0.731234 0.546194
endloop
endfacet
facet normal -0.093898 -0.952686 -0.289091
outer loop
vertex 0.500000 0.703806 0.480866
vertex 0.500000 0.700960 0.490245
vertex 0.490433 0.701903 0.490245
endloop
endfacet
facet normal -0.093764 -0.952737 -0.288963
outer loop
vertex 0.500000 0.703806 0.480866
vertex 0.490433 0.701903 0.490245
vertex 0.490988 0.704693 0.480866
endloop
endfacet
facet normal -0.046416 -0.470901 0.880964
outer loop
vertex 0.500000 0.722221 0.541573
vertex 0.500000 0.730866 0.546194
vertex 0.496267 0.731234 0.546194
endloop
endfacet
facet normal -0.046411 -0.470901 0.880964
outer loop
vertex 0.500000 0.722221 0.541573
vertex 0.496267 0.731234 0.546194
vertex 0.494581 0.722755 0.541573
endloop
endfacet
facet normal -0.084581 -0.279107 -0.956528
outer loop
vertex 0.498097 0.740433 0.450960
vertex 0.496267 0.731234 0.453806
vertex 0.492677 0.732322 0.453806
endloop
endfacet
facet normal -0.084637 -0.279086 -0.956529
outer loop
vertex 0.498097 0.740433 0.450960
vertex 0.492677 0.732322 0.453806
vertex 0.496267 0.740988 0.450960
endloop
endfacet
facet normal -0.288849 -0.952383 0.097636
outer loop
vertex 0.490245 0.700960 0.500000
vertex 0.490433 0.701903 0.509754
vertex 0.481234 0.704693 0.509754
endloop
endfacet
facet normal -0.288985 -0.952355 0.097503
outer loop
vertex 0.490245 0.700960 0.500000
vertex 0.481234 0.704693 0.509754
vertex 0.480866 0.703806 0.500000
endloop
endfacet
facet normal -0.028606 -0.094275 0.995135
outer loop
vertex 0.498097 0.740433 0.549039
vertex 0.500000 0.750000 0.550000
vertex 0.496267 0.740988 0.549039
endloop
endfacet
facet normal -0.028579 -0.094176 -0.995145
outer loop
vertex 0.500000 0.750000 0.450000
vertex 0.498097 0.740433 0.450960
vertex 0.496267 0.740988 0.450960
endloop
endfacet
facet normal -0.288982 -0.952343 -0.097630
outer loop
vertex 0.490433 0.701903 0.490245
vertex 0.490245 0.700960 0.500000
vertex 0.480866 0.703806 0.500000
endloop
endfacet
facet normal -0.288856 -0.952396 -0.097488
outer loop
vertex 0.490433 0.701903 0.490245
vertex 0.480866 0.703806 0.500000
vertex 0.481234 0.704693 0.490245
endloop
endfacet
facet normal -0.084664 -0.279002 0.956551
outer loop
vertex 0.496267 0.731234 0.546194
vertex 0.498097 0.740433 0.549039
vertex 0.496267 0.740988 0.549039
endloop
endfacet
facet normal -0.084542 -0.279010 0.956560
outer loop
vertex 0.496267 0.731234 0.546194
vertex 0.496267 0.740988 0.549039
vertex 0.492677 0.732322 0.546194
endloop
endfacet
facet normal -0.277856 -0.916131 -0.288964
outer loop
vertex 0.490988 0.704693 0.480866
vertex 0.490433 0.701903 0.490245
vertex 0.481234 0.704693 0.490245
endloop
endfacet
facet normal -0.278011 -0.916034 -0.289123
outer loop
vertex 0.490988 0.704693 0.480866
vertex 0.481234 0.704693 0.490245
vertex 0.482322 0.707323 0.480866
endloop
endfacet
facet normal -0.137228 -0.452829 0.880973
outer loop
vertex 0.494581 0.722755 0.541573
vertex 0.496267 0.731234 0.546194
vertex 0.492677 0.732322 0.546194
endloop
endfacet
facet normal -0.137357 -0.452855 0.880940
outer loop
vertex 0.494581 0.722755 0.541573
vertex 0.492677 0.732322 0.546194
vertex 0.489369 0.724336 0.541573
endloop
endfacet
facet normal -0.256385 -0.844773 -0.469707
outer loop
vertex 0.491890 0.709226 0.472221
vertex 0.490988 0.704693 0.480866
vertex 0.482322 0.707323 0.480866
endloop
endfacet
facet normal -0.256212 -0.844905 -0.469565
outer loop
vertex 0.491890 0.709226 0.472221
vertex 0.482322 0.707323 0.480866
vertex 0.484091 0.711591 0.472221
endloop
endfacet
facet normal -0.184660 -0.608775 0.771553
outer loop
vertex 0.493103 0.715324 0.535356
vertex 0.494581 0.722755 0.541573
vertex 0.489369 0.724336 0.541573
endloop
endfacet
facet normal -0.184662 -0.608777 0.771551
outer loop
vertex 0.493103 0.715324 0.535356
vertex 0.489369 0.724336 0.541573
vertex 0.486470 0.717336 0.535356
endloop
endfacet
facet normal -0.224759 -0.741179 -0.632564
outer loop
vertex 0.493103 0.715324 0.464645
vertex 0.491890 0.709226 0.472221
vertex 0.484091 0.711591 0.472221
endloop
endfacet
facet normal -0.224802 -0.741125 -0.632612
outer loop
vertex 0.493103 0.715324 0.464645
vertex 0.484091 0.711591 0.472221
vertex 0.486470 0.717336 0.464645
endloop
endfacet
facet normal -0.224834 -0.741237 0.632469
outer loop
vertex 0.491890 0.709226 0.527778
vertex 0.493103 0.715324 0.535356
vertex 0.486470 0.717336 0.535356
endloop
endfacet
facet normal -0.224778 -0.741226 0.632502
outer loop
vertex 0.491890 0.709226 0.527778
vertex 0.486470 0.717336 0.535356
vertex 0.484091 0.711591 0.527778
endloop
endfacet
facet normal -0.184678 -0.608845 -0.771493
outer loop
vertex 0.494581 0.722755 0.458427
vertex 0.493103 0.715324 0.464645
vertex 0.486470 0.717336 0.464645
endloop
endfacet
facet normal -0.184677 -0.608829 -0.771506
outer loop
vertex 0.494581 0.722755 0.458427
vertex 0.486470 0.717336 0.464645
vertex 0.489369 0.724336 0.458427
endloop
endfacet
facet normal -0.256186 -0.844803 0.469762
outer loop
vertex 0.490988 0.704693 0.519134
vertex 0.491890 0.709226 0.527778
vertex 0.484091 0.711591 0.527778
endloop
endfacet
facet normal -0.256395 -0.844826 0.469608
outer loop
vertex 0.490988 0.704693 0.519134
vertex 0.484091 0.711591 0.527778
vertex 0.482322 0.707323 0.519134
endloop
endfacet
facet normal -0.137361 -0.452808 -0.880963
outer loop
vertex 0.496267 0.731234 0.453806
vertex 0.494581 0.722755 0.458427
vertex 0.489369 0.724336 0.458427
endloop
endfacet
facet normal -0.137255 -0.452889 -0.880938
outer loop
vertex 0.496267 0.731234 0.453806
vertex 0.489369 0.724336 0.458427
vertex 0.492677 0.732322 0.453806
endloop
endfacet
facet normal -0.278023 -0.916091 0.288931
outer loop
vertex 0.490433 0.701903 0.509754
vertex 0.490988 0.704693 0.519134
vertex 0.482322 0.707323 0.519134
endloop
endfacet
facet normal -0.277847 -0.916094 0.289088
outer loop
vertex 0.490433 0.701903 0.509754
vertex 0.482322 0.707323 0.519134
vertex 0.481234 0.704693 0.509754
endloop
endfacet
facet normal -0.299907 -0.561037 0.771552
outer loop
vertex 0.486470 0.717336 0.535356
vertex 0.489369 0.724336 0.541573
vertex 0.484567 0.726903 0.541573
endloop
endfacet
facet normal -0.299835 -0.561044 0.771575
outer loop
vertex 0.486470 0.717336 0.535356
vertex 0.484567 0.726903 0.541573
vertex 0.480357 0.720603 0.535356
endloop
endfacet
facet normal -0.365077 -0.683031 -0.632603
outer loop
vertex 0.486470 0.717336 0.464645
vertex 0.484091 0.711591 0.472221
vertex 0.476903 0.715433 0.472221
endloop
endfacet
facet normal -0.365060 -0.683072 -0.632570
outer loop
vertex 0.486470 0.717336 0.464645
vertex 0.476903 0.715433 0.472221
vertex 0.480357 0.720603 0.464645
endloop
endfacet
facet normal -0.365088 -0.683125 0.632495
outer loop
vertex 0.484091 0.711591 0.527778
vertex 0.486470 0.717336 0.535356
vertex 0.480357 0.720603 0.535356
endloop
endfacet
facet normal -0.365124 -0.683119 0.632481
outer loop
vertex 0.484091 0.711591 0.527778
vertex 0.480357 0.720603 0.535356
vertex 0.476903 0.715433 0.527778
endloop
endfacet
facet normal -0.299878 -0.561117 -0.771505
outer loop
vertex 0.489369 0.724336 0.458427
vertex 0.486470 0.717336 0.464645
vertex 0.480357 0.720603 0.464645
endloop
endfacet
facet normal -0.299924 -0.561058 -0.771531
outer loop
vertex 0.489369 0.724336 0.458427
vertex 0.480357 0.720603 0.464645
vertex 0.484567 0.726903 0.458427
endloop
endfacet
facet normal -0.416179 -0.778625 0.469614
outer loop
vertex 0.482322 0.707323 0.519134
vertex 0.484091 0.711591 0.527778
vertex 0.476903 0.715433 0.527778
endloop
endfacet
facet normal -0.416125 -0.778633 0.469649
outer loop
vertex 0.482322 0.707323 0.519134
vertex 0.476903 0.715433 0.527778
vertex 0.474336 0.711591 0.519134
endloop
endfacet
facet normal -0.223090 -0.417341 -0.880941
outer loop
vertex 0.492677 0.732322 0.453806
vertex 0.489369 0.724336 0.458427
vertex 0.484567 0.726903 0.458427
endloop
endfacet
facet normal -0.223144 -0.417280 -0.880956
outer loop
vertex 0.492677 0.732322 0.453806
vertex 0.484567 0.726903 0.458427
vertex 0.489369 0.734091 0.453806
endloop
endfacet
facet normal -0.451224 -0.844295 0.289073
outer loop
vertex 0.481234 0.704693 0.509754
vertex 0.482322 0.707323 0.519134
vertex 0.474336 0.711591 0.519134
endloop
endfacet
facet normal -0.451358 -0.844268 0.288941
outer loop
vertex 0.481234 0.704693 0.509754
vertex 0.474336 0.711591 0.519134
vertex 0.472755 0.709226 0.509754
endloop
endfacet
facet normal -0.137528 -0.257160 -0.956533
outer loop
vertex 0.496267 0.740988 0.450960
vertex 0.492677 0.732322 0.453806
vertex 0.489369 0.734091 0.453806
endloop
endfacet
facet normal -0.137546 -0.257138 -0.956536
outer loop
vertex 0.496267 0.740988 0.450960
vertex 0.489369 0.734091 0.453806
vertex 0.494581 0.741890 0.450960
endloop
endfacet
facet normal -0.469230 -0.877677 0.097500
outer loop
vertex 0.480866 0.703806 0.500000
vertex 0.481234 0.704693 0.509754
vertex 0.472755 0.709226 0.509754
endloop
endfacet
facet normal -0.469152 -0.877709 0.097585
outer loop
vertex 0.480866 0.703806 0.500000
vertex 0.472755 0.709226 0.509754
vertex 0.472221 0.708427 0.500000
endloop
endfacet
facet normal -0.046489 -0.086873 0.995134
outer loop
vertex 0.496267 0.740988 0.549039
vertex 0.500000 0.750000 0.550000
vertex 0.494581 0.741890 0.549039
endloop
endfacet
facet normal -0.046404 -0.086778 -0.995146
outer loop
vertex 0.500000 0.750000 0.450000
vertex 0.496267 0.740988 0.450960
vertex 0.494581 0.741890 0.450960
endloop
endfacet
facet normal -0.469154 -0.877717 -0.097502
outer loop
vertex 0.481234 0.704693 0.490245
vertex 0.480866 0.703806 0.500000
vertex 0.472221 0.708427 0.500000
endloop
endfacet
facet normal -0.469223 -0.877674 -0.097565
outer loop
vertex 0.481234 0.704693 0.490245
vertex 0.472221 0.708427 0.500000
vertex 0.472755 0.709226 0.490245
endloop
endfacet
facet normal -0.137544 -0.257058 0.956558
outer loop
vertex 0.492677 0.732322 0.546194
vertex 0.496267 0.740988 0.549039
vertex 0.494581 0.741890 0.549039
endloop
endfacet
facet normal -0.137475 -0.257073 0.956564
outer loop
vertex 0.492677 0.732322 0.546194
vertex 0.494581 0.741890 0.549039
vertex 0.489369 0.734091 0.546194
endloop
endfacet
facet normal -0.451339 -0.844227 -0.289091
outer loop
vertex 0.482322 0.707323 0.480866
vertex 0.481234 0.704693 0.490245
vertex 0.472755 0.709226 0.490245
endloop
endfacet
facet normal -0.451234 -0.844323 -0.288974
outer loop
vertex 0.482322 0.707323 0.480866
vertex 0.472755 0.709226 0.490245
vertex 0.474336 0.711591 0.480866
endloop
endfacet
facet normal -0.223174 -0.417306 0.880936
outer loop
vertex 0.489369 0.724336 0.541573
vertex 0.492677 0.732322 0.546194
vertex 0.489369 0.734091 0.546194
endloop
endfacet
facet normal -0.223084 -0.417322 0.880952
outer loop
vertex 0.489369 0.724336 0.541573
vertex 0.489369 0.734091 0.546194
vertex 0.484567 0.726903 0.541573
endloop
endfacet
facet normal -0.416145 -0.778667 -0.469574
outer loop
vertex 0.484091 0.711591 0.472221
vertex 0.482322 0.707323 0.480866
vertex 0.474336 0.711591 0.480866
endloop
endfacet
facet normal -0.416175 -0.778630 -0.469610
outer loop
vertex 0.484091 0.711591 0.472221
vertex 0.474336 0.711591 0.480866
vertex 0.476903 0.715433 0.472221
endloop
endfacet
facet normal -0.631342 -0.769341 0.097577
outer loop
vertex 0.472221 0.708427 0.500000
vertex 0.472755 0.709226 0.509754
vertex 0.465324 0.715324 0.509754
endloop
endfacet
facet normal -0.631403 -0.769299 0.097512
outer loop
vertex 0.472221 0.708427 0.500000
vertex 0.465324 0.715324 0.509754
vertex 0.464645 0.714645 0.500000
endloop
endfacet
facet normal -0.062492 -0.076153 0.995136
outer loop
vertex 0.494581 0.741890 0.549039
vertex 0.500000 0.750000 0.550000
vertex 0.493103 0.743103 0.549039
endloop
endfacet
facet normal -0.062455 -0.076074 -0.995144
outer loop
vertex 0.500000 0.750000 0.450000
vertex 0.494581 0.741890 0.450960
vertex 0.493103 0.743103 0.450960
endloop
endfacet
facet normal -0.631401 -0.769295 -0.097565
outer loop
vertex 0.472755 0.709226 0.490245
vertex 0.472221 0.708427 0.500000
vertex 0.464645 0.714645 0.500000
endloop
endfacet
facet normal -0.631347 -0.769346 -0.097503
outer loop
vertex 0.472755 0.709226 0.490245
vertex 0.464645 0.714645 0.500000
vertex 0.465324 0.715324 0.490245
endloop
endfacet
facet normal -0.184924 -0.225345 0.956568
outer loop
vertex 0.489369 0.734091 0.546194
vertex 0.494581 0.741890 0.549039
vertex 0.493103 0.743103 0.549039
endloop
endfacet
facet normal -0.184921 -0.225350 0.956568
outer loop
vertex 0.489369 0.734091 0.546194
vertex 0.493103 0.743103 0.549039
vertex 0.486470 0.736470 0.546194
endloop
endfacet
facet normal -0.607307 -0.740050 -0.288973
outer loop
vertex 0.474336 0.711591 0.480866
vertex 0.472755 0.709226 0.490245
vertex 0.465324 0.715324 0.490245
endloop
endfacet
facet normal -0.607331 -0.740010 -0.289023
outer loop
vertex 0.474336 0.711591 0.480866
vertex 0.465324 0.715324 0.490245
vertex 0.467336 0.717336 0.480866
endloop
endfacet
facet normal -0.300162 -0.365786 0.880967
outer loop
vertex 0.484567 0.726903 0.541573
vertex 0.489369 0.734091 0.546194
vertex 0.486470 0.736470 0.546194
endloop
endfacet
facet normal -0.300136 -0.365825 0.880960
outer loop
vertex 0.484567 0.726903 0.541573
vertex 0.486470 0.736470 0.546194
vertex 0.480357 0.730357 0.541573
endloop
endfacet
facet normal -0.560100 -0.682449 -0.469628
outer loop
vertex 0.476903 0.715433 0.472221
vertex 0.474336 0.711591 0.480866
vertex 0.467336 0.717336 0.480866
endloop
endfacet
facet normal -0.560083 -0.682506 -0.469567
outer loop
vertex 0.476903 0.715433 0.472221
vertex 0.467336 0.717336 0.480866
vertex 0.470603 0.720603 0.472221
endloop
endfacet
facet normal -0.403483 -0.491794 0.771583
outer loop
vertex 0.480357 0.720603 0.535356
vertex 0.484567 0.726903 0.541573
vertex 0.480357 0.730357 0.541573
endloop
endfacet
facet normal -0.403637 -0.491756 0.771527
outer loop
vertex 0.480357 0.720603 0.535356
vertex 0.480357 0.730357 0.541573
vertex 0.475000 0.725000 0.535356
endloop
endfacet
facet normal -0.491320 -0.598712 -0.632573
outer loop
vertex 0.480357 0.720603 0.464645
vertex 0.476903 0.715433 0.472221
vertex 0.470603 0.720603 0.472221
endloop
endfacet
facet normal -0.491359 -0.598632 -0.632618
outer loop
vertex 0.480357 0.720603 0.464645
vertex 0.470603 0.720603 0.472221
vertex 0.475000 0.725000 0.464645
endloop
endfacet
facet normal -0.491441 -0.598725 0.632467
outer loop
vertex 0.476903 0.715433 0.527778
vertex 0.480357 0.720603 0.535356
vertex 0.475000 0.725000 0.535356
endloop
endfacet
facet normal -0.491348 -0.598749 0.632516
outer loop
vertex 0.476903 0.715433 0.527778
vertex 0.475000 0.725000 0.535356
vertex 0.470603 0.720603 0.527778
endloop
endfacet
facet normal -0.403638 -0.491764 -0.771521
outer loop
vertex 0.484567 0.726903 0.458427
vertex 0.480357 0.720603 0.464645
vertex 0.475000 0.725000 0.464645
endloop
endfacet
facet normal -0.403568 -0.491899 -0.771471
outer loop
vertex 0.484567 0.726903 0.458427
vertex 0.475000 0.725000 0.464645
vertex 0.480357 0.730357 0.458427
endloop
endfacet
facet normal -0.560055 -0.682465 0.469659
outer loop
vertex 0.474336 0.711591 0.519134
vertex 0.476903 0.715433 0.527778
vertex 0.470603 0.720603 0.527778
endloop
endfacet
facet normal -0.560095 -0.682459 0.469621
outer loop
vertex 0.474336 0.711591 0.519134
vertex 0.470603 0.720603 0.527778
vertex 0.467336 0.717336 0.519134
endloop
endfacet
facet normal -0.300144 -0.365832 -0.880954
outer loop
vertex 0.489369 0.734091 0.453806
vertex 0.484567 0.726903 0.458427
vertex 0.480357 0.730357 0.458427
endloop
endfacet
facet normal -0.300167 -0.365774 -0.880971
outer loop
vertex 0.489369 0.734091 0.453806
vertex 0.480357 0.730357 0.458427
vertex 0.486470 0.736470 0.453806
endloop
endfacet
facet normal -0.607352 -0.740025 0.288941
outer loop
vertex 0.472755 0.709226 0.509754
vertex 0.474336 0.711591 0.519134
vertex 0.467336 0.717336 0.519134
endloop
endfacet
facet normal -0.607298 -0.740046 0.289001
outer loop
vertex 0.472755 0.709226 0.509754
vertex 0.467336 0.717336 0.519134
vertex 0.465324 0.715324 0.509754
endloop
endfacet
facet normal -0.184998 -0.225433 -0.956533
outer loop
vertex 0.494581 0.741890 0.450960
vertex 0.489369 0.734091 0.453806
vertex 0.486470 0.736470 0.453806
endloop
endfacet
facet normal -0.184976 -0.225400 -0.956545
outer loop
vertex 0.494581 0.741890 0.450960
vertex 0.486470 0.736470 0.453806
vertex 0.493103 0.743103 0.450960
endloop
endfacet
facet normal -0.598686 -0.491304 -0.632611
outer loop
vertex 0.475000 0.725000 0.464645
vertex 0.470603 0.720603 0.472221
vertex 0.465433 0.726903 0.472221
endloop
endfacet
facet normal -0.598659 -0.491382 -0.632575
outer loop
vertex 0.475000 0.725000 0.464645
vertex 0.465433 0.726903 0.472221
vertex 0.470603 0.730357 0.464645
endloop
endfacet
facet normal -0.598694 -0.491415 0.632516
outer loop
vertex 0.470603 0.720603 0.527778
vertex 0.475000 0.725000 0.535356
vertex 0.470603 0.730357 0.535356
endloop
endfacet
facet normal -0.598772 -0.491375 0.632473
outer loop
vertex 0.470603 0.720603 0.527778
vertex 0.470603 0.730357 0.535356
vertex 0.465433 0.726903 0.527778
endloop
endfacet
facet normal -0.491805 -0.403670 -0.771478
outer loop
vertex 0.480357 0.730357 0.458427
vertex 0.475000 0.725000 0.464645
vertex 0.470603 0.730357 0.464645
endloop
endfacet
facet normal -0.491843 -0.403525 -0.771529
outer loop
vertex 0.480357 0.730357 0.458427
vertex 0.470603 0.730357 0.464645
vertex 0.476903 0.734567 0.458427
endloop
endfacet
facet normal -0.682481 -0.560063 0.469626
outer loop
vertex 0.467336 0.717336 0.519134
vertex 0.470603 0.720603 0.527778
vertex 0.465433 0.726903 0.527778
endloop
endfacet
facet normal -0.682447 -0.560089 0.469645
outer loop
vertex 0.467336 0.717336 0.519134
vertex 0.465433 0.726903 0.527778
vertex 0.461591 0.724336 0.519134
endloop
endfacet
facet normal -0.365825 -0.300131 -0.880962
outer loop
vertex 0.486470 0.736470 0.453806
vertex 0.480357 0.730357 0.458427
vertex 0.476903 0.734567 0.458427
endloop
endfacet
facet normal -0.365793 -0.300172 -0.880961
outer loop
vertex 0.486470 0.736470 0.453806
vertex 0.476903 0.734567 0.458427
vertex 0.484091 0.739369 0.453806
endloop
endfacet
facet normal -0.740014 -0.607334 0.289008
outer loop
vertex 0.465324 0.715324 0.509754
vertex 0.467336 0.717336 0.519134
vertex 0.461591 0.724336 0.519134
endloop
endfacet
facet normal -0.740054 -0.607313 0.288948
outer loop
vertex 0.465324 0.715324 0.509754
vertex 0.461591 0.724336 0.519134
vertex 0.459226 0.722755 0.509754
endloop
endfacet
facet normal -0.225428 -0.184994 -0.956535
outer loop
vertex 0.493103 0.743103 0.450960
vertex 0.486470 0.736470 0.453806
vertex 0.484091 0.739369 0.453806
endloop
endfacet
facet normal -0.225421 -0.185006 -0.956535
outer loop
vertex 0.493103 0.743103 0.450960
vertex 0.484091 0.739369 0.453806
vertex 0.491890 0.744581 0.450960
endloop
endfacet
facet normal -0.769351 -0.631341 0.097510
outer loop
vertex 0.464645 0.714645 0.500000
vertex 0.465324 0.715324 0.509754
vertex 0.459226 0.722755 0.509754
endloop
endfacet
facet normal -0.769292 -0.631400 0.097589
outer loop
vertex 0.464645 0.714645 0.500000
vertex 0.459226 0.722755 0.509754
vertex 0.458427 0.722221 0.500000
endloop
endfacet
facet normal -0.076153 -0.062502 0.995135
outer loop
vertex 0.493103 0.743103 0.549039
vertex 0.500000 0.750000 0.550000
vertex 0.491890 0.744581 0.549039
endloop
endfacet
facet normal -0.076080 -0.062438 -0.995145
outer loop
vertex 0.500000 0.750000 0.450000
vertex 0.493103 0.743103 0.450960
vertex 0.491890 0.744581 0.450960
endloop
endfacet
facet normal -0.769299 -0.631404 -0.097507
outer loop
vertex 0.465324 0.715324 0.490245
vertex 0.464645 0.714645 0.500000
vertex 0.458427 0.722221 0.500000
endloop
endfacet
facet normal -0.769342 -0.631341 -0.097577
outer loop
vertex 0.465324 0.715324 0.490245
vertex 0.458427 0.722221 0.500000
vertex 0.459226 0.722755 0.490245
endloop
endfacet
facet normal -0.225368 -0.184934 0.956561
outer loop
vertex 0.486470 0.736470 0.546194
vertex 0.493103 0.743103 0.549039
vertex 0.491890 0.744581 0.549039
endloop
endfacet
facet normal -0.225349 -0.184938 0.956565
outer loop
vertex 0.486470 0.736470 0.546194
vertex 0.491890 0.744581 0.549039
vertex 0.484091 0.739369 0.546194
endloop
endfacet
facet normal -0.740041 -0.607290 -0.289029
outer loop
vertex 0.467336 0.717336 0.480866
vertex 0.465324 0.715324 0.490245
vertex 0.459226 0.722755 0.490245
endloop
endfacet
facet normal -0.740016 -0.607344 -0.288981
outer loop
vertex 0.467336 0.717336 0.480866
vertex 0.459226 0.722755 0.490245
vertex 0.461591 0.724336 0.480866
endloop
endfacet
facet normal -0.365776 -0.300170 0.880969
outer loop
vertex 0.480357 0.730357 0.541573
vertex 0.486470 0.736470 0.546194
vertex 0.484091 0.739369 0.546194
endloop
endfacet
facet normal -0.365838 -0.300129 0.880957
outer loop
vertex 0.480357 0.730357 0.541573
vertex 0.484091 0.739369 0.546194
vertex 0.476903 0.734567 0.541573
endloop
endfacet
facet normal -0.682475 -0.560113 -0.469576
outer loop
vertex 0.470603 0.720603 0.472221
vertex 0.467336 0.717336 0.480866
vertex 0.461591 0.724336 0.480866
endloop
endfacet
facet normal -0.682487 -0.560069 -0.469611
outer loop
vertex 0.470603 0.720603 0.472221
vertex 0.461591 0.724336 0.480866
vertex 0.465433 0.726903 0.472221
endloop
endfacet
facet normal -0.491850 -0.403530 0.771523
outer loop
vertex 0.475000 0.725000 0.535356
vertex 0.480357 0.730357 0.541573
vertex 0.476903 0.734567 0.541573
endloop
endfacet
facet normal -0.491707 -0.403596 0.771579
outer loop
vertex 0.475000 0.725000 0.535356
vertex 0.476903 0.734567 0.541573
vertex 0.470603 0.730357 0.535356
endloop
endfacet
facet normal -0.086856 -0.046474 0.995136
outer loop
vertex 0.491890 0.744581 0.549039
vertex 0.500000 0.750000 0.550000
vertex 0.490988 0.746267 0.549039
endloop
endfacet
facet normal -0.086763 -0.046427 -0.995147
outer loop
vertex 0.500000 0.750000 0.450000
vertex 0.491890 0.744581 0.450960
vertex 0.490988 0.746267 0.450960
endloop
endfacet
facet normal -0.877709 -0.469155 -0.097571
outer loop
vertex 0.459226 0.722755 0.490245
vertex 0.458427 0.722221 0.500000
vertex 0.453806 0.730866 0.500000
endloop
endfacet
facet normal -0.877677 -0.469228 -0.097506
outer loop
vertex 0.459226 0.722755 0.490245
vertex 0.453806 0.730866 0.500000
vertex 0.454693 0.731234 0.490245
endloop
endfacet
facet normal -0.257059 -0.137526 0.956560
outer loop
vertex 0.484091 0.739369 0.546194
vertex 0.491890 0.744581 0.549039
vertex 0.490988 0.746267 0.549039
endloop
endfacet
facet normal -0.257064 -0.137481 0.956565
outer loop
vertex 0.484091 0.739369 0.546194
vertex 0.490988 0.746267 0.549039
vertex 0.482322 0.742677 0.546194
endloop
endfacet
facet normal -0.844262 -0.451352 -0.288969
outer loop
vertex 0.461591 0.724336 0.480866
vertex 0.459226 0.722755 0.490245
vertex 0.454693 0.731234 0.490245
endloop
endfacet
facet normal -0.844288 -0.451218 -0.289101
outer loop
vertex 0.461591 0.724336 0.480866
vertex 0.454693 0.731234 0.490245
vertex 0.457323 0.732322 0.480866
endloop
endfacet
facet normal -0.417276 -0.223155 0.880956
outer loop
vertex 0.476903 0.734567 0.541573
vertex 0.484091 0.739369 0.546194
vertex 0.482322 0.742677 0.546194
endloop
endfacet
facet normal -0.417337 -0.223095 0.880942
outer loop
vertex 0.476903 0.734567 0.541573
vertex 0.482322 0.742677 0.546194
vertex 0.474336 0.739369 0.541573
endloop
endfacet
facet normal -0.778652 -0.416143 -0.469602
outer loop
vertex 0.465433 0.726903 0.472221
vertex 0.461591 0.724336 0.480866
vertex 0.457323 0.732322 0.480866
endloop
endfacet
facet normal -0.778644 -0.416178 -0.469584
outer loop
vertex 0.465433 0.726903 0.472221
vertex 0.457323 0.732322 0.480866
vertex 0.461591 0.734091 0.472221
endloop
endfacet
facet normal -0.561005 -0.299889 0.771582
outer loop
vertex 0.470603 0.730357 0.535356
vertex 0.476903 0.734567 0.541573
vertex 0.474336 0.739369 0.541573
endloop
endfacet
facet normal -0.561075 -0.299859 0.771543
outer loop
vertex 0.470603 0.730357 0.535356
vertex 0.474336 0.739369 0.541573
vertex 0.467336 0.736470 0.535356
endloop
endfacet
facet normal -0.683053 -0.365091 -0.632571
outer loop
vertex 0.470603 0.730357 0.464645
vertex 0.465433 0.726903 0.472221
vertex 0.461591 0.734091 0.472221
endloop
endfacet
facet normal -0.683045 -0.365045 -0.632607
outer loop
vertex 0.470603 0.730357 0.464645
vertex 0.461591 0.734091 0.472221
vertex 0.467336 0.736470 0.464645
endloop
endfacet
facet normal -0.683145 -0.365089 0.632473
outer loop
vertex 0.465433 0.726903 0.527778
vertex 0.470603 0.730357 0.535356
vertex 0.467336 0.736470 0.535356
endloop
endfacet
facet normal -0.683102 -0.365119 0.632503
outer loop
vertex 0.465433 0.726903 0.527778
vertex 0.467336 0.736470 0.535356
vertex 0.461591 0.734091 0.527778
endloop
endfacet
facet normal -0.561107 -0.299862 -0.771519
outer loop
vertex 0.476903 0.734567 0.458427
vertex 0.470603 0.730357 0.464645
vertex 0.467336 0.736470 0.464645
endloop
endfacet
facet normal -0.561092 -0.299943 -0.771498
outer loop
vertex 0.476903 0.734567 0.458427
vertex 0.467336 0.736470 0.464645
vertex 0.474336 0.739369 0.458427
endloop
endfacet
facet normal -0.778615 -0.416158 0.469650
outer loop
vertex 0.461591 0.724336 0.519134
vertex 0.465433 0.726903 0.527778
vertex 0.461591 0.734091 0.527778
endloop
endfacet
facet normal -0.778643 -0.416137 0.469623
outer loop
vertex 0.461591 0.724336 0.519134
vertex 0.461591 0.734091 0.527778
vertex 0.457323 0.732322 0.519134
endloop
endfacet
facet normal -0.417316 -0.223086 -0.880954
outer loop
vertex 0.484091 0.739369 0.453806
vertex 0.476903 0.734567 0.458427
vertex 0.474336 0.739369 0.458427
endloop
endfacet
facet normal -0.417311 -0.223170 -0.880935
outer loop
vertex 0.484091 0.739369 0.453806
vertex 0.474336 0.739369 0.458427
vertex 0.482322 0.742677 0.453806
endloop
endfacet
facet normal -0.844334 -0.451234 0.288943
outer loop
vertex 0.459226 0.722755 0.509754
vertex 0.461591 0.724336 0.519134
vertex 0.457323 0.732322 0.519134
endloop
endfacet
facet normal -0.844234 -0.451343 0.289065
outer loop
vertex 0.459226 0.722755 0.509754
vertex 0.457323 0.732322 0.519134
vertex 0.454693 0.731234 0.509754
endloop
endfacet
facet normal -0.257153 -0.137518 -0.956536
outer loop
vertex 0.491890 0.744581 0.450960
vertex 0.484091 0.739369 0.453806
vertex 0.482322 0.742677 0.453806
endloop
endfacet
facet normal -0.257138 -0.137578 -0.956531
outer loop
vertex 0.491890 0.744581 0.450960
vertex 0.482322 0.742677 0.453806
vertex 0.490988 0.746267 0.450960
endloop
endfacet
facet normal -0.877678 -0.469211 0.097583
outer loop
vertex 0.458427 0.722221 0.500000
vertex 0.459226 0.722755 0.509754
vertex 0.454693 0.731234 0.509754
endloop
endfacet
facet normal -0.877705 -0.469175 0.097514
outer loop
vertex 0.458427 0.722221 0.500000
vertex 0.454693 0.731234 0.509754
vertex 0.453806 0.730866 0.500000
endloop
endfacet
facet normal -0.741213 -0.224828 0.632500
outer loop
vertex 0.461591 0.734091 0.527778
vertex 0.467336 0.736470 0.535356
vertex 0.465324 0.743103 0.535356
endloop
endfacet
facet normal -0.741250 -0.224779 0.632473
outer loop
vertex 0.461591 0.734091 0.527778
vertex 0.465324 0.743103 0.535356
vertex 0.459226 0.741890 0.527778
endloop
endfacet
facet normal -0.608833 -0.184674 -0.771504
outer loop
vertex 0.474336 0.739369 0.458427
vertex 0.467336 0.736470 0.464645
vertex 0.465324 0.743103 0.464645
endloop
endfacet
facet normal -0.608834 -0.184691 -0.771499
outer loop
vertex 0.474336 0.739369 0.458427
vertex 0.465324 0.743103 0.464645
vertex 0.472755 0.744581 0.458427
endloop
endfacet
facet normal -0.844890 -0.256212 0.469591
outer loop
vertex 0.457323 0.732322 0.519134
vertex 0.461591 0.734091 0.527778
vertex 0.459226 0.741890 0.527778
endloop
endfacet
facet normal -0.844753 -0.256378 0.469747
outer loop
vertex 0.457323 0.732322 0.519134
vertex 0.459226 0.741890 0.527778
vertex 0.454693 0.740988 0.519134
endloop
endfacet
facet normal -0.452844 -0.137365 -0.880945
outer loop
vertex 0.482322 0.742677 0.453806
vertex 0.474336 0.739369 0.458427
vertex 0.472755 0.744581 0.458427
endloop
endfacet
facet normal -0.452844 -0.137243 -0.880964
outer loop
vertex 0.482322 0.742677 0.453806
vertex 0.472755 0.744581 0.458427
vertex 0.481234 0.746267 0.453806
endloop
endfacet
facet normal -0.916045 -0.278008 0.289089
outer loop
vertex 0.454693 0.731234 0.509754
vertex 0.457323 0.732322 0.519134
vertex 0.454693 0.740988 0.519134
endloop
endfacet
facet normal -0.916134 -0.277870 0.288940
outer loop
vertex 0.454693 0.731234 0.509754
vertex 0.454693 0.740988 0.519134
vertex 0.451903 0.740433 0.509754
endloop
endfacet
facet normal -0.279093 -0.084583 -0.956532
outer loop
vertex 0.490988 0.746267 0.450960
vertex 0.482322 0.742677 0.453806
vertex 0.481234 0.746267 0.453806
endloop
endfacet
facet normal -0.279074 -0.084622 -0.956534
outer loop
vertex 0.490988 0.746267 0.450960
vertex 0.481234 0.746267 0.453806
vertex 0.490433 0.748097 0.450960
endloop
endfacet
facet normal -0.952397 -0.288848 0.097503
outer loop
vertex 0.453806 0.730866 0.500000
vertex 0.454693 0.731234 0.509754
vertex 0.451903 0.740433 0.509754
endloop
endfacet
facet normal -0.952341 -0.288985 0.097643
outer loop
vertex 0.453806 0.730866 0.500000
vertex 0.451903 0.740433 0.509754
vertex 0.450960 0.740245 0.500000
endloop
endfacet
facet normal -0.094294 -0.028594 0.995134
outer loop
vertex 0.490988 0.746267 0.549039
vertex 0.500000 0.750000 0.550000
vertex 0.490433 0.748097 0.549039
endloop
endfacet
facet normal -0.094185 -0.028564 -0.995145
outer loop
vertex 0.500000 0.750000 0.450000
vertex 0.490988 0.746267 0.450960
vertex 0.490433 0.748097 0.450960
endloop
endfacet
facet normal -0.952355 -0.288986 -0.097500
outer loop
vertex 0.454693 0.731234 0.490245
vertex 0.453806 0.730866 0.500000
vertex 0.450960 0.740245 0.500000
endloop
endfacet
facet normal -0.952384 -0.288847 -0.097629
outer loop
vertex 0.454693 0.731234 0.490245
vertex 0.450960 0.740245 0.500000
vertex 0.451903 0.740433 0.490245
endloop
endfacet
facet normal -0.278995 -0.084602 0.956559
outer loop
vertex 0.482322 0.742677 0.546194
vertex 0.490988 0.746267 0.549039
vertex 0.490433 0.748097 0.549039
endloop
endfacet
facet normal -0.279000 -0.084554 0.956561
outer loop
vertex 0.482322 0.742677 0.546194
vertex 0.490433 0.748097 0.549039
vertex 0.481234 0.746267 0.546194
endloop
endfacet
facet normal -0.916086 -0.277845 -0.289118
outer loop
vertex 0.457323 0.732322 0.480866
vertex 0.454693 0.731234 0.490245
vertex 0.451903 0.740433 0.490245
endloop
endfacet
facet normal -0.916083 -0.278020 -0.288958
outer loop
vertex 0.457323 0.732322 0.480866
vertex 0.451903 0.740433 0.490245
vertex 0.454693 0.740988 0.480866
endloop
endfacet
facet normal -0.452894 -0.137258 0.880935
outer loop
vertex 0.474336 0.739369 0.541573
vertex 0.482322 0.742677 0.546194
vertex 0.481234 0.746267 0.546194
endloop
endfacet
facet normal -0.452809 -0.137355 0.880964
outer loop
vertex 0.474336 0.739369 0.541573
vertex 0.481234 0.746267 0.546194
vertex 0.472755 0.744581 0.541573
endloop
endfacet
facet normal -0.844847 -0.256409 -0.469562
outer loop
vertex 0.461591 0.734091 0.472221
vertex 0.457323 0.732322 0.480866
vertex 0.454693 0.740988 0.480866
endloop
endfacet
facet normal -0.844831 -0.256188 -0.469712
outer loop
vertex 0.461591 0.734091 0.472221
vertex 0.454693 0.740988 0.480866
vertex 0.459226 0.741890 0.472221
endloop
endfacet
facet normal -0.608765 -0.184666 0.771559
outer loop
vertex 0.467336 0.736470 0.535356
vertex 0.474336 0.739369 0.541573
vertex 0.472755 0.744581 0.541573
endloop
endfacet
facet normal -0.608785 -0.184661 0.771544
outer loop
vertex 0.467336 0.736470 0.535356
vertex 0.472755 0.744581 0.541573
vertex 0.465324 0.743103 0.535356
endloop
endfacet
facet normal -0.741153 -0.224751 -0.632597
outer loop
vertex 0.467336 0.736470 0.464645
vertex 0.461591 0.734091 0.472221
vertex 0.459226 0.741890 0.472221
endloop
endfacet
facet normal -0.741164 -0.224812 -0.632563
outer loop
vertex 0.467336 0.736470 0.464645
vertex 0.459226 0.741890 0.472221
vertex 0.465324 0.743103 0.464645
endloop
endfacet
facet normal -0.990439 -0.097476 -0.097620
outer loop
vertex 0.451903 0.740433 0.490245
vertex 0.450960 0.740245 0.500000
vertex 0.450000 0.750000 0.500000
endloop
endfacet
facet normal -0.990439 -0.097524 -0.097572
outer loop
vertex 0.451903 0.740433 0.490245
vertex 0.450000 0.750000 0.500000
vertex 0.450961 0.750000 0.490245
endloop
endfacet
facet normal -0.290161 -0.028662 0.956548
outer loop
vertex 0.481234 0.746267 0.546194
vertex 0.490433 0.748097 0.549039
vertex 0.490245 0.750000 0.549039
endloop
endfacet
facet normal -0.290142 -0.028612 0.956556
outer loop
vertex 0.481234 0.746267 0.546194
vertex 0.490245 0.750000 0.549039
vertex 0.480866 0.750000 0.546194
endloop
endfacet
facet normal -0.952733 -0.093814 -0.288963
outer loop
vertex 0.454693 0.740988 0.480866
vertex 0.451903 0.740433 0.490245
vertex 0.450961 0.750000 0.490245
endloop
endfacet
facet normal -0.952727 -0.093755 -0.289001
outer loop
vertex 0.454693 0.740988 0.480866
vertex 0.450961 0.750000 0.490245
vertex 0.453806 0.750000 0.480866
endloop
endfacet
facet normal -0.470902 -0.046422 0.880963
outer loop
vertex 0.472755 0.744581 0.541573
vertex 0.481234 0.746267 0.546194
vertex 0.480866 0.750000 0.546194
endloop
endfacet
facet normal -0.470903 -0.046402 0.880964
outer loop
vertex 0.472755 0.744581 0.541573
vertex 0.480866 0.750000 0.546194
vertex 0.472221 0.750000 0.541573
endloop
endfacet
facet normal -0.878577 -0.086468 -0.469708
outer loop
vertex 0.459226 0.741890 0.472221
vertex 0.454693 0.740988 0.480866
vertex 0.453806 0.750000 0.480866
endloop
endfacet
facet normal -0.878604 -0.086564 -0.469641
outer loop
vertex 0.459226 0.741890 0.472221
vertex 0.453806 0.750000 0.480866
vertex 0.458427 0.750000 0.472221
endloop
endfacet
facet normal -0.633098 -0.062383 0.771554
outer loop
vertex 0.465324 0.743103 0.535356
vertex 0.472755 0.744581 0.541573
vertex 0.472221 0.750000 0.541573
endloop
endfacet
facet normal -0.633132 -0.062337 0.771530
outer loop
vertex 0.465324 0.743103 0.535356
vertex 0.472221 0.750000 0.541573
vertex 0.464645 0.750000 0.535356
endloop
endfacet
facet normal -0.770775 -0.075941 -0.632565
outer loop
vertex 0.465324 0.743103 0.464645
vertex 0.459226 0.741890 0.472221
vertex 0.458427 0.750000 0.472221
endloop
endfacet
facet normal -0.770753 -0.075881 -0.632599
outer loop
vertex 0.465324 0.743103 0.464645
vertex 0.458427 0.750000 0.472221
vertex 0.464645 0.750000 0.464645
endloop
endfacet
facet normal -0.770866 -0.075892 0.632460
outer loop
vertex 0.459226 0.741890 0.527778
vertex 0.465324 0.743103 0.535356
vertex 0.464645 0.750000 0.535356
endloop
endfacet
facet normal -0.770828 -0.075951 0.632500
outer loop
vertex 0.459226 0.741890 0.527778
vertex 0.464645 0.750000 0.535356
vertex 0.458427 0.750000 0.527778
endloop
endfacet
facet normal -0.633167 -0.062336 -0.771501
outer loop
vertex 0.472755 0.744581 0.458427
vertex 0.465324 0.743103 0.464645
vertex 0.464645 0.750000 0.464645
endloop
endfacet
facet normal -0.633187 -0.062391 -0.771480
outer loop
vertex 0.472755 0.744581 0.458427
vertex 0.464645 0.750000 0.464645
vertex 0.472221 0.750000 0.458427
endloop
endfacet
facet normal -0.878547 -0.086544 0.469751
outer loop
vertex 0.454693 0.740988 0.519134
vertex 0.459226 0.741890 0.527778
vertex 0.458427 0.750000 0.527778
endloop
endfacet
facet normal -0.878587 -0.086479 0.469687
outer loop
vertex 0.454693 0.740988 0.519134
vertex 0.458427 0.750000 0.527778
vertex 0.453806 0.750000 0.519134
endloop
endfacet
facet normal -0.470893 -0.046410 -0.880969
outer loop
vertex 0.481234 0.746267 0.453806
vertex 0.472755 0.744581 0.458427
vertex 0.472221 0.750000 0.458427
endloop
endfacet
facet normal -0.470901 -0.046410 -0.880964
outer loop
vertex 0.481234 0.746267 0.453806
vertex 0.472221 0.750000 0.458427
vertex 0.480866 0.750000 0.453806
endloop
endfacet
facet normal -0.952746 -0.093757 0.288937
outer loop
vertex 0.451903 0.740433 0.509754
vertex 0.454693 0.740988 0.519134
vertex 0.453806 0.750000 0.519134
endloop
endfacet
facet normal -0.952730 -0.093814 0.288970
outer loop
vertex 0.451903 0.740433 0.509754
vertex 0.453806 0.750000 0.519134
vertex 0.450961 0.750000 0.509754
endloop
endfacet
facet normal -0.290251 -0.028617 -0.956522
outer loop
vertex 0.490433 0.748097 0.450960
vertex 0.481234 0.746267 0.453806
vertex 0.480866 0.750000 0.453806
endloop
endfacet
facet normal -0.290245 -0.028673 -0.956523
outer loop
vertex 0.490433 0.748097 0.450960
vertex 0.480866 0.750000 0.453806
vertex 0.490245 0.750000 0.450960
endloop
endfacet
facet normal -0.990434 -0.097512 0.097630
outer loop
vertex 0.450960 0.740245 0.500000
vertex 0.451903 0.740433 0.509754
vertex 0.450961 0.750000 0.509754
endloop
endfacet
facet normal -0.990442 -0.097478 0.097583
outer loop
vertex 0.450960 0.740245 0.500000
vertex 0.450961 0.750000 0.509754
vertex 0.450000 0.750000 0.500000
endloop
endfacet
facet normal -0.098038 -0.009685 0.995136
outer loop
vertex 0.490433 0.748097 0.549039
vertex 0.500000 0.750000 0.550000
vertex 0.490245 0.750000 0.549039
endloop
endfacet
facet normal -0.097926 -0.009673 -0.995147
outer loop
vertex 0.500000 0.750000 0.450000
vertex 0.490433 0.748097 0.450960
vertex 0.490245 0.750000 0.450960
endloop
endfacet
facet normal -0.633200 0.062330 -0.771475
outer loop
vertex 0.472221 0.750000 0.458427
vertex 0.464645 0.750000 0.464645
vertex 0.465324 0.756898 0.464645
endloop
endfacet
facet normal -0.633144 0.062387 -0.771516
outer loop
vertex 0.472221 0.750000 0.458427
vertex 0.465324 0.756898 0.464645
vertex 0.472755 0.755419 0.458427
endloop
endfacet
facet normal -0.878582 0.086559 0.469682
outer loop
vertex 0.453806 0.750000 0.519134
vertex 0.458427 0.750000 0.527778
vertex 0.459226 0.758110 0.527778
endloop
endfacet
facet normal -0.878555 0.086465 0.469749
outer loop
vertex 0.453806 0.750000 0.519134
vertex 0.459226 0.758110 0.527778
vertex 0.454693 0.759012 0.519134
endloop
endfacet
facet normal -0.470901 0.046402 -0.880965
outer loop
vertex 0.480866 0.750000 0.453806
vertex 0.472221 0.750000 0.458427
vertex 0.472755 0.755419 0.458427
endloop
endfacet
facet normal -0.470903 0.046423 -0.880963
outer loop
vertex 0.480866 0.750000 0.453806
vertex 0.472755 0.755419 0.458427
vertex 0.481234 0.753733 0.453806
endloop
endfacet
facet normal -0.952734 0.093766 0.288973
outer loop
vertex 0.450961 0.750000 0.509754
vertex 0.453806 0.750000 0.519134
vertex 0.454693 0.759012 0.519134
endloop
endfacet
facet normal -0.952742 0.093805 0.288933
outer loop
vertex 0.450961 0.750000 0.509754
vertex 0.454693 0.759012 0.519134
vertex 0.451903 0.759567 0.509754
endloop
endfacet
facet normal -0.290253 0.028618 -0.956522
outer loop
vertex 0.490245 0.750000 0.450960
vertex 0.480866 0.750000 0.453806
vertex 0.481234 0.753733 0.453806
endloop
endfacet
facet normal -0.290225 0.028672 -0.956529
outer loop
vertex 0.490245 0.750000 0.450960
vertex 0.481234 0.753733 0.453806
vertex 0.490433 0.751903 0.450960
endloop
endfacet
facet normal -0.990439 0.097513 0.097581
outer loop
vertex 0.450000 0.750000 0.500000
vertex 0.450961 0.750000 0.509754
vertex 0.451903 0.759567 0.509754
endloop
endfacet
facet normal -0.990438 0.097584 0.097523
outer loop
vertex 0.450000 0.750000 0.500000
vertex 0.451903 0.759567 0.509754
vertex 0.450961 0.759754 0.500000
endloop
endfacet
facet normal -0.098038 0.009685 0.995136
outer loop
vertex 0.490245 0.750000 0.549039
vertex 0.500000 0.750000 0.550000
vertex 0.490433 0.751903 0.549039
endloop
endfacet
facet normal -0.097926 0.009673 -0.995147
outer loop
vertex 0.500000 0.750000 0.450000
vertex 0.490245 0.750000 0.450960
vertex 0.490433 0.751903 0.450960
endloop
endfacet
facet normal -0.990433 0.097582 -0.097571
outer loop
vertex 0.450961 0.750000 0.490245
vertex 0.450000 0.750000 0.500000
vertex 0.450961 0.759754 0.500000
endloop
endfacet
facet normal -0.990445 0.097524 -0.097510
outer loop
vertex 0.450961 0.750000 0.490245
vertex 0.450961 0.759754 0.500000
vertex 0.451903 0.759567 0.490245
endloop
endfacet
facet normal -0.290150 0.028662 0.956552
outer loop
vertex 0.480866 0.750000 0.546194
vertex 0.490245 0.750000 0.549039
vertex 0.490433 0.751903 0.549039
endloop
endfacet
facet normal -0.290148 0.028612 0.956554
outer loop
vertex 0.480866 0.750000 0.546194
vertex 0.490433 0.751903 0.549039
vertex 0.481234 0.753733 0.546194
endloop
endfacet
facet normal -0.952723 0.093803 -0.288997
outer loop
vertex 0.453806 0.750000 0.480866
vertex 0.450961 0.750000 0.490245
vertex 0.451903 0.759567 0.490245
endloop
endfacet
facet normal -0.952736 0.093766 -0.288967
outer loop
vertex 0.453806 0.750000 0.480866
vertex 0.451903 0.759567 0.490245
vertex 0.454693 0.759012 0.480866
endloop
endfacet
facet normal -0.470913 0.046411 0.880958
outer loop
vertex 0.472221 0.750000 0.541573
vertex 0.480866 0.750000 0.546194
vertex 0.481234 0.753733 0.546194
endloop
endfacet
facet normal -0.470897 0.046410 0.880967
outer loop
vertex 0.472221 0.750000 0.541573
vertex 0.481234 0.753733 0.546194
vertex 0.472755 0.755419 0.541573
endloop
endfacet
facet normal -0.878609 0.086482 -0.469646
outer loop
vertex 0.458427 0.750000 0.472221
vertex 0.453806 0.750000 0.480866
vertex 0.454693 0.759012 0.480866
endloop
endfacet
facet normal -0.878567 0.086548 -0.469713
outer loop
vertex 0.458427 0.750000 0.472221
vertex 0.454693 0.759012 0.480866
vertex 0.459226 0.758110 0.472221
endloop
endfacet
facet normal -0.633127 0.062396 0.771529
outer loop
vertex 0.464645 0.750000 0.535356
vertex 0.472221 0.750000 0.541573
vertex 0.472755 0.755419 0.541573
endloop
endfacet
facet normal -0.633108 0.062317 0.771551
outer loop
vertex 0.464645 0.750000 0.535356
vertex 0.472755 0.755419 0.541573
vertex 0.465324 0.756898 0.535356
endloop
endfacet
facet normal -0.770750 0.075939 -0.632596
outer loop
vertex 0.464645 0.750000 0.464645
vertex 0.458427 0.750000 0.472221
vertex 0.459226 0.758110 0.472221
endloop
endfacet
facet normal -0.770791 0.075874 -0.632554
outer loop
vertex 0.464645 0.750000 0.464645
vertex 0.459226 0.758110 0.472221
vertex 0.465324 0.756898 0.464645
endloop
endfacet
facet normal -0.770842 0.075879 0.632491
outer loop
vertex 0.458427 0.750000 0.527778
vertex 0.464645 0.750000 0.535356
vertex 0.465324 0.756898 0.535356
endloop
endfacet
facet normal -0.770854 0.075954 0.632467
outer loop
vertex 0.458427 0.750000 0.527778
vertex 0.465324 0.756898 0.535356
vertex 0.459226 0.758110 0.527778
endloop
endfacet
facet normal -0.916129 0.277858 -0.288968
outer loop
vertex 0.454693 0.759012 0.480866
vertex 0.451903 0.759567 0.490245
vertex 0.454693 0.768766 0.490245
endloop
endfacet
facet normal -0.916018 0.278034 -0.289151
outer loop
vertex 0.454693 0.759012 0.480866
vertex 0.454693 0.768766 0.490245
vertex 0.457323 0.767677 0.480866
endloop
endfacet
facet normal -0.452816 0.137271 0.880973
outer loop
vertex 0.472755 0.755419 0.541573
vertex 0.481234 0.753733 0.546194
vertex 0.482322 0.757322 0.546194
endloop
endfacet
facet normal -0.452851 0.137391 0.880937
outer loop
vertex 0.472755 0.755419 0.541573
vertex 0.482322 0.757322 0.546194
vertex 0.474336 0.760630 0.541573
endloop
endfacet
facet normal -0.844767 0.256414 -0.469703
outer loop
vertex 0.459226 0.758110 0.472221
vertex 0.454693 0.759012 0.480866
vertex 0.457323 0.767677 0.480866
endloop
endfacet
facet normal -0.844922 0.256215 -0.469533
outer loop
vertex 0.459226 0.758110 0.472221
vertex 0.457323 0.767677 0.480866
vertex 0.461591 0.765909 0.472221
endloop
endfacet
facet normal -0.608750 0.184694 0.771564
outer loop
vertex 0.465324 0.756898 0.535356
vertex 0.472755 0.755419 0.541573
vertex 0.474336 0.760630 0.541573
endloop
endfacet
facet normal -0.608761 0.184684 0.771558
outer loop
vertex 0.465324 0.756898 0.535356
vertex 0.474336 0.760630 0.541573
vertex 0.467336 0.763530 0.535356
endloop
endfacet
facet normal -0.741188 0.224760 -0.632553
outer loop
vertex 0.465324 0.756898 0.464645
vertex 0.459226 0.758110 0.472221
vertex 0.461591 0.765909 0.472221
endloop
endfacet
facet normal -0.741119 0.224833 -0.632607
outer loop
vertex 0.465324 0.756898 0.464645
vertex 0.461591 0.765909 0.472221
vertex 0.467336 0.763530 0.464645
endloop
endfacet
facet normal -0.741242 0.224865 0.632453
outer loop
vertex 0.459226 0.758110 0.527778
vertex 0.465324 0.756898 0.535356
vertex 0.467336 0.763530 0.535356
endloop
endfacet
facet normal -0.741231 0.224773 0.632498
outer loop
vertex 0.459226 0.758110 0.527778
vertex 0.467336 0.763530 0.535356
vertex 0.461591 0.765909 0.527778
endloop
endfacet
facet normal -0.608821 0.184704 -0.771506
outer loop
vertex 0.472755 0.755419 0.458427
vertex 0.465324 0.756898 0.464645
vertex 0.467336 0.763530 0.464645
endloop
endfacet
facet normal -0.608800 0.184708 -0.771521
outer loop
vertex 0.472755 0.755419 0.458427
vertex 0.467336 0.763530 0.464645
vertex 0.474336 0.760630 0.458427
endloop
endfacet
facet normal -0.844810 0.256184 0.469750
outer loop
vertex 0.454693 0.759012 0.519134
vertex 0.459226 0.758110 0.527778
vertex 0.461591 0.765909 0.527778
endloop
endfacet
facet normal -0.844827 0.256430 0.469587
outer loop
vertex 0.454693 0.759012 0.519134
vertex 0.461591 0.765909 0.527778
vertex 0.457323 0.767677 0.519134
endloop
endfacet
facet normal -0.452800 0.137376 -0.880965
outer loop
vertex 0.481234 0.753733 0.453806
vertex 0.472755 0.755419 0.458427
vertex 0.474336 0.760630 0.458427
endloop
endfacet
facet normal -0.452895 0.137293 -0.880930
outer loop
vertex 0.481234 0.753733 0.453806
vertex 0.474336 0.760630 0.458427
vertex 0.482322 0.757322 0.453806
endloop
endfacet
facet normal -0.916079 0.278054 0.288939
outer loop
vertex 0.451903 0.759567 0.509754
vertex 0.454693 0.759012 0.519134
vertex 0.457323 0.767677 0.519134
endloop
endfacet
facet normal -0.916085 0.277854 0.289111
outer loop
vertex 0.451903 0.759567 0.509754
vertex 0.457323 0.767677 0.519134
vertex 0.454693 0.768766 0.509754
endloop
endfacet
facet normal -0.279093 0.084599 -0.956530
outer loop
vertex 0.490433 0.751903 0.450960
vertex 0.481234 0.753733 0.453806
vertex 0.482322 0.757322 0.453806
endloop
endfacet
facet normal -0.279081 0.084639 -0.956530
outer loop
vertex 0.490433 0.751903 0.450960
vertex 0.482322 0.757322 0.453806
vertex 0.490988 0.753733 0.450960
endloop
endfacet
facet normal -0.952396 0.288848 0.097513
outer loop
vertex 0.450961 0.759754 0.500000
vertex 0.451903 0.759567 0.509754
vertex 0.454693 0.768766 0.509754
endloop
endfacet
facet normal -0.952389 0.288873 0.097503
outer loop
vertex 0.450961 0.759754 0.500000
vertex 0.454693 0.768766 0.509754
vertex 0.453806 0.769134 0.500000
endloop
endfacet
facet normal -0.094286 0.028595 0.995134
outer loop
vertex 0.490433 0.751903 0.549039
vertex 0.500000 0.750000 0.550000
vertex 0.490988 0.753733 0.549039
endloop
endfacet
facet normal -0.094177 0.028565 -0.995146
outer loop
vertex 0.500000 0.750000 0.450000
vertex 0.490433 0.751903 0.450960
vertex 0.490988 0.753733 0.450960
endloop
endfacet
facet normal -0.952391 0.288868 -0.097503
outer loop
vertex 0.451903 0.759567 0.490245
vertex 0.450961 0.759754 0.500000
vertex 0.453806 0.769134 0.500000
endloop
endfacet
facet normal -0.952397 0.288852 -0.097494
outer loop
vertex 0.451903 0.759567 0.490245
vertex 0.453806 0.769134 0.500000
vertex 0.454693 0.768766 0.490245
endloop
endfacet
facet normal -0.278997 0.084594 0.956559
outer loop
vertex 0.481234 0.753733 0.546194
vertex 0.490433 0.751903 0.549039
vertex 0.490988 0.753733 0.549039
endloop
endfacet
facet normal -0.278998 0.084582 0.956560
outer loop
vertex 0.481234 0.753733 0.546194
vertex 0.490988 0.753733 0.549039
vertex 0.482322 0.757322 0.546194
endloop
endfacet
facet normal -0.417362 0.223059 -0.880939
outer loop
vertex 0.482322 0.757322 0.453806
vertex 0.474336 0.760630 0.458427
vertex 0.476903 0.765433 0.458427
endloop
endfacet
facet normal -0.417261 0.223140 -0.880967
outer loop
vertex 0.482322 0.757322 0.453806
vertex 0.476903 0.765433 0.458427
vertex 0.484091 0.760630 0.453806
endloop
endfacet
facet normal -0.844311 0.451166 0.289115
outer loop
vertex 0.454693 0.768766 0.509754
vertex 0.457323 0.767677 0.519134
vertex 0.461591 0.775664 0.519134
endloop
endfacet
facet normal -0.844268 0.451359 0.288942
outer loop
vertex 0.454693 0.768766 0.509754
vertex 0.461591 0.775664 0.519134
vertex 0.459226 0.777245 0.509754
endloop
endfacet
facet normal -0.257164 0.137524 -0.956532
outer loop
vertex 0.490988 0.753733 0.450960
vertex 0.482322 0.757322 0.453806
vertex 0.484091 0.760630 0.453806
endloop
endfacet
facet normal -0.257161 0.137577 -0.956525
outer loop
vertex 0.490988 0.753733 0.450960
vertex 0.484091 0.760630 0.453806
vertex 0.491890 0.755419 0.450960
endloop
endfacet
facet normal -0.877680 0.469221 0.097514
outer loop
vertex 0.453806 0.769134 0.500000
vertex 0.454693 0.768766 0.509754
vertex 0.459226 0.777245 0.509754
endloop
endfacet
facet normal -0.877687 0.469205 0.097533
outer loop
vertex 0.453806 0.769134 0.500000
vertex 0.459226 0.777245 0.509754
vertex 0.458427 0.777778 0.500000
endloop
endfacet
facet normal -0.086876 0.046471 0.995135
outer loop
vertex 0.490988 0.753733 0.549039
vertex 0.500000 0.750000 0.550000
vertex 0.491890 0.755419 0.549039
endloop
endfacet
facet normal -0.086765 0.046425 -0.995147
outer loop
vertex 0.500000 0.750000 0.450000
vertex 0.490988 0.753733 0.450960
vertex 0.491890 0.755419 0.450960
endloop
endfacet
facet normal -0.877690 0.469206 -0.097502
outer loop
vertex 0.454693 0.768766 0.490245
vertex 0.453806 0.769134 0.500000
vertex 0.458427 0.777778 0.500000
endloop
endfacet
facet normal -0.877681 0.469217 -0.097527
outer loop
vertex 0.454693 0.768766 0.490245
vertex 0.458427 0.777778 0.500000
vertex 0.459226 0.777245 0.490245
endloop
endfacet
facet normal -0.257069 0.137544 0.956555
outer loop
vertex 0.482322 0.757322 0.546194
vertex 0.490988 0.753733 0.549039
vertex 0.491890 0.755419 0.549039
endloop
endfacet
facet normal -0.257071 0.137478 0.956564
outer loop
vertex 0.482322 0.757322 0.546194
vertex 0.491890 0.755419 0.549039
vertex 0.484091 0.760630 0.546194
endloop
endfacet
facet normal -0.844217 0.451329 -0.289137
outer loop
vertex 0.457323 0.767677 0.480866
vertex 0.454693 0.768766 0.490245
vertex 0.459226 0.777245 0.490245
endloop
endfacet
facet normal -0.844348 0.451192 -0.288967
outer loop
vertex 0.457323 0.767677 0.480866
vertex 0.459226 0.777245 0.490245
vertex 0.461591 0.775664 0.480866
endloop
endfacet
facet normal -0.417313 0.223164 0.880936
outer loop
vertex 0.474336 0.760630 0.541573
vertex 0.482322 0.757322 0.546194
vertex 0.484091 0.760630 0.546194
endloop
endfacet
facet normal -0.417322 0.223042 0.880962
outer loop
vertex 0.474336 0.760630 0.541573
vertex 0.484091 0.760630 0.546194
vertex 0.476903 0.765433 0.541573
endloop
endfacet
facet normal -0.778708 0.416109 -0.469539
outer loop
vertex 0.461591 0.765909 0.472221
vertex 0.457323 0.767677 0.480866
vertex 0.461591 0.775664 0.480866
endloop
endfacet
facet normal -0.778625 0.416186 -0.469610
outer loop
vertex 0.461591 0.765909 0.472221
vertex 0.461591 0.775664 0.480866
vertex 0.465433 0.773097 0.472221
endloop
endfacet
facet normal -0.561027 0.299849 0.771582
outer loop
vertex 0.467336 0.763530 0.535356
vertex 0.474336 0.760630 0.541573
vertex 0.476903 0.765433 0.541573
endloop
endfacet
facet normal -0.561048 0.299892 0.771550
outer loop
vertex 0.467336 0.763530 0.535356
vertex 0.476903 0.765433 0.541573
vertex 0.470603 0.769642 0.535356
endloop
endfacet
facet normal -0.683024 0.365085 -0.632607
outer loop
vertex 0.467336 0.763530 0.464645
vertex 0.461591 0.765909 0.472221
vertex 0.465433 0.773097 0.472221
endloop
endfacet
facet normal -0.683024 0.365091 -0.632603
outer loop
vertex 0.467336 0.763530 0.464645
vertex 0.465433 0.773097 0.472221
vertex 0.470603 0.769642 0.464645
endloop
endfacet
facet normal -0.683087 0.365127 0.632514
outer loop
vertex 0.461591 0.765909 0.527778
vertex 0.467336 0.763530 0.535356
vertex 0.470603 0.769642 0.535356
endloop
endfacet
facet normal -0.683102 0.365119 0.632503
outer loop
vertex 0.461591 0.765909 0.527778
vertex 0.470603 0.769642 0.535356
vertex 0.465433 0.773097 0.527778
endloop
endfacet
facet normal -0.561081 0.299913 -0.771518
outer loop
vertex 0.474336 0.760630 0.458427
vertex 0.467336 0.763530 0.464645
vertex 0.470603 0.769642 0.464645
endloop
endfacet
facet normal -0.561114 0.299881 -0.771506
outer loop
vertex 0.474336 0.760630 0.458427
vertex 0.470603 0.769642 0.464645
vertex 0.476903 0.765433 0.458427
endloop
endfacet
facet normal -0.778649 0.416183 0.469572
outer loop
vertex 0.457323 0.767677 0.519134
vertex 0.461591 0.765909 0.527778
vertex 0.465433 0.773097 0.527778
endloop
endfacet
facet normal -0.778649 0.416090 0.469654
outer loop
vertex 0.457323 0.767677 0.519134
vertex 0.465433 0.773097 0.527778
vertex 0.461591 0.775664 0.519134
endloop
endfacet
facet normal -0.365818 0.300093 0.880977
outer loop
vertex 0.476903 0.765433 0.541573
vertex 0.484091 0.760630 0.546194
vertex 0.486470 0.763530 0.546194
endloop
endfacet
facet normal -0.365818 0.300193 0.880944
outer loop
vertex 0.476903 0.765433 0.541573
vertex 0.486470 0.763530 0.546194
vertex 0.480357 0.769642 0.541573
endloop
endfacet
facet normal -0.682459 0.560104 -0.469610
outer loop
vertex 0.465433 0.773097 0.472221
vertex 0.461591 0.775664 0.480866
vertex 0.467336 0.782664 0.480866
endloop
endfacet
facet normal -0.682505 0.560076 -0.469576
outer loop
vertex 0.465433 0.773097 0.472221
vertex 0.467336 0.782664 0.480866
vertex 0.470603 0.779397 0.472221
endloop
endfacet
facet normal -0.491771 0.403558 0.771559
outer loop
vertex 0.470603 0.769642 0.535356
vertex 0.476903 0.765433 0.541573
vertex 0.480357 0.769642 0.541573
endloop
endfacet
facet normal -0.491770 0.403568 0.771554
outer loop
vertex 0.470603 0.769642 0.535356
vertex 0.480357 0.769642 0.541573
vertex 0.475000 0.775000 0.535356
endloop
endfacet
facet normal -0.598681 0.491300 -0.632618
outer loop
vertex 0.470603 0.769642 0.464645
vertex 0.465433 0.773097 0.472221
vertex 0.470603 0.779397 0.472221
endloop
endfacet
facet normal -0.598684 0.491304 -0.632612
outer loop
vertex 0.470603 0.769642 0.464645
vertex 0.470603 0.779397 0.472221
vertex 0.475000 0.775000 0.464645
endloop
endfacet
facet normal -0.598753 0.491368 0.632497
outer loop
vertex 0.465433 0.773097 0.527778
vertex 0.470603 0.769642 0.535356
vertex 0.475000 0.775000 0.535356
endloop
endfacet
facet normal -0.598738 0.491346 0.632528
outer loop
vertex 0.465433 0.773097 0.527778
vertex 0.475000 0.775000 0.535356
vertex 0.470603 0.779397 0.527778
endloop
endfacet
facet normal -0.491808 0.403607 -0.771509
outer loop
vertex 0.476903 0.765433 0.458427
vertex 0.470603 0.769642 0.464645
vertex 0.475000 0.775000 0.464645
endloop
endfacet
facet normal -0.491828 0.403594 -0.771503
outer loop
vertex 0.476903 0.765433 0.458427
vertex 0.475000 0.775000 0.464645
vertex 0.480357 0.769642 0.458427
endloop
endfacet
facet normal -0.682475 0.560053 0.469647
outer loop
vertex 0.461591 0.775664 0.519134
vertex 0.465433 0.773097 0.527778
vertex 0.470603 0.779397 0.527778
endloop
endfacet
facet normal -0.682454 0.560100 0.469622
outer loop
vertex 0.461591 0.775664 0.519134
vertex 0.470603 0.779397 0.527778
vertex 0.467336 0.782664 0.519134
endloop
endfacet
facet normal -0.365780 0.300161 -0.880970
outer loop
vertex 0.484091 0.760630 0.453806
vertex 0.476903 0.765433 0.458427
vertex 0.480357 0.769642 0.458427
endloop
endfacet
facet normal -0.365861 0.300136 -0.880945
outer loop
vertex 0.484091 0.760630 0.453806
vertex 0.480357 0.769642 0.458427
vertex 0.486470 0.763530 0.453806
endloop
endfacet
facet normal -0.740022 0.607351 0.288949
outer loop
vertex 0.459226 0.777245 0.509754
vertex 0.461591 0.775664 0.519134
vertex 0.467336 0.782664 0.519134
endloop
endfacet
facet normal -0.740049 0.607290 0.289008
outer loop
vertex 0.459226 0.777245 0.509754
vertex 0.467336 0.782664 0.519134
vertex 0.465324 0.784676 0.509754
endloop
endfacet
facet normal -0.225469 0.184965 -0.956531
outer loop
vertex 0.491890 0.755419 0.450960
vertex 0.484091 0.760630 0.453806
vertex 0.486470 0.763530 0.453806
endloop
endfacet
facet normal -0.225522 0.184945 -0.956522
outer loop
vertex 0.491890 0.755419 0.450960
vertex 0.486470 0.763530 0.453806
vertex 0.493103 0.756898 0.450960
endloop
endfacet
facet normal -0.769354 0.631335 0.097519
outer loop
vertex 0.458427 0.777778 0.500000
vertex 0.459226 0.777245 0.509754
vertex 0.465324 0.784676 0.509754
endloop
endfacet
facet normal -0.769372 0.631305 0.097575
outer loop
vertex 0.458427 0.777778 0.500000
vertex 0.465324 0.784676 0.509754
vertex 0.464645 0.785356 0.500000
endloop
endfacet
facet normal -0.076197 0.062477 0.995133
outer loop
vertex 0.491890 0.755419 0.549039
vertex 0.500000 0.750000 0.550000
vertex 0.493103 0.756898 0.549039
endloop
endfacet
facet normal -0.076111 0.062412 -0.995144
outer loop
vertex 0.500000 0.750000 0.450000
vertex 0.491890 0.755419 0.450960
vertex 0.493103 0.756898 0.450960
endloop
endfacet
facet normal -0.769379 0.631307 -0.097512
outer loop
vertex 0.459226 0.777245 0.490245
vertex 0.458427 0.777778 0.500000
vertex 0.464645 0.785356 0.500000
endloop
endfacet
facet normal -0.769344 0.631341 -0.097563
outer loop
vertex 0.459226 0.777245 0.490245
vertex 0.464645 0.785356 0.500000
vertex 0.465324 0.784676 0.490245
endloop
endfacet
facet normal -0.225408 0.184872 0.956563
outer loop
vertex 0.484091 0.760630 0.546194
vertex 0.491890 0.755419 0.549039
vertex 0.493103 0.756898 0.549039
endloop
endfacet
facet normal -0.225412 0.184911 0.956555
outer loop
vertex 0.484091 0.760630 0.546194
vertex 0.493103 0.756898 0.549039
vertex 0.486470 0.763530 0.546194
endloop
endfacet
facet normal -0.740052 0.607296 -0.288988
outer loop
vertex 0.461591 0.775664 0.480866
vertex 0.459226 0.777245 0.490245
vertex 0.465324 0.784676 0.490245
endloop
endfacet
facet normal -0.740005 0.607330 -0.289039
outer loop
vertex 0.461591 0.775664 0.480866
vertex 0.465324 0.784676 0.490245
vertex 0.467336 0.782664 0.480866
endloop
endfacet
facet normal -0.607334 0.740014 0.289006
outer loop
vertex 0.465324 0.784676 0.509754
vertex 0.467336 0.782664 0.519134
vertex 0.474336 0.788409 0.519134
endloop
endfacet
facet normal -0.607267 0.740116 0.288886
outer loop
vertex 0.465324 0.784676 0.509754
vertex 0.474336 0.788409 0.519134
vertex 0.472756 0.790774 0.509754
endloop
endfacet
facet normal -0.185007 0.225444 -0.956529
outer loop
vertex 0.493103 0.756898 0.450960
vertex 0.486470 0.763530 0.453806
vertex 0.489369 0.765909 0.453806
endloop
endfacet
facet normal -0.184893 0.225481 -0.956542
outer loop
vertex 0.493103 0.756898 0.450960
vertex 0.489369 0.765909 0.453806
vertex 0.494581 0.758110 0.450960
endloop
endfacet
facet normal -0.631287 0.769384 0.097590
outer loop
vertex 0.464645 0.785356 0.500000
vertex 0.465324 0.784676 0.509754
vertex 0.472756 0.790774 0.509754
endloop
endfacet
facet normal -0.631330 0.769342 0.097652
outer loop
vertex 0.464645 0.785356 0.500000
vertex 0.472756 0.790774 0.509754
vertex 0.472221 0.791573 0.500000
endloop
endfacet
facet normal -0.062433 0.076172 0.995138
outer loop
vertex 0.493103 0.756898 0.549039
vertex 0.500000 0.750000 0.550000
vertex 0.494581 0.758110 0.549039
endloop
endfacet
facet normal -0.062410 0.076095 -0.995146
outer loop
vertex 0.500000 0.750000 0.450000
vertex 0.493103 0.756898 0.450960
vertex 0.494581 0.758110 0.450960
endloop
endfacet
facet normal -0.631341 0.769342 -0.097582
outer loop
vertex 0.465324 0.784676 0.490245
vertex 0.464645 0.785356 0.500000
vertex 0.472221 0.791573 0.500000
endloop
endfacet
facet normal -0.631279 0.769385 -0.097641
outer loop
vertex 0.465324 0.784676 0.490245
vertex 0.472221 0.791573 0.500000
vertex 0.472756 0.790774 0.490245
endloop
endfacet
facet normal -0.184858 0.225431 0.956561
outer loop
vertex 0.486470 0.763530 0.546194
vertex 0.493103 0.756898 0.549039
vertex 0.494581 0.758110 0.549039
endloop
endfacet
facet normal -0.184930 0.225361 0.956563
outer loop
vertex 0.486470 0.763530 0.546194
vertex 0.494581 0.758110 0.549039
vertex 0.489369 0.765909 0.546194
endloop
endfacet
facet normal -0.607236 0.740084 -0.289033
outer loop
vertex 0.467336 0.782664 0.480866
vertex 0.465324 0.784676 0.490245
vertex 0.472756 0.790774 0.490245
endloop
endfacet
facet normal -0.607360 0.740031 -0.288909
outer loop
vertex 0.467336 0.782664 0.480866
vertex 0.472756 0.790774 0.490245
vertex 0.474336 0.788409 0.480866
endloop
endfacet
facet normal -0.300184 0.365795 0.880956
outer loop
vertex 0.480357 0.769642 0.541573
vertex 0.486470 0.763530 0.546194
vertex 0.489369 0.765909 0.546194
endloop
endfacet
facet normal -0.300204 0.365803 0.880946
outer loop
vertex 0.480357 0.769642 0.541573
vertex 0.489369 0.765909 0.546194
vertex 0.484567 0.773097 0.541573
endloop
endfacet
facet normal -0.560107 0.682474 -0.469585
outer loop
vertex 0.470603 0.779397 0.472221
vertex 0.467336 0.782664 0.480866
vertex 0.474336 0.788409 0.480866
endloop
endfacet
facet normal -0.560074 0.682477 -0.469619
outer loop
vertex 0.470603 0.779397 0.472221
vertex 0.474336 0.788409 0.480866
vertex 0.476903 0.784567 0.472221
endloop
endfacet
facet normal -0.403573 0.491765 0.771554
outer loop
vertex 0.475000 0.775000 0.535356
vertex 0.480357 0.769642 0.541573
vertex 0.484567 0.773097 0.541573
endloop
endfacet
facet normal -0.403594 0.491703 0.771583
outer loop
vertex 0.475000 0.775000 0.535356
vertex 0.484567 0.773097 0.541573
vertex 0.480357 0.779397 0.535356
endloop
endfacet
facet normal -0.491298 0.598685 -0.632615
outer loop
vertex 0.475000 0.775000 0.464645
vertex 0.470603 0.779397 0.472221
vertex 0.476903 0.784567 0.472221
endloop
endfacet
facet normal -0.491384 0.598664 -0.632569
outer loop
vertex 0.475000 0.775000 0.464645
vertex 0.476903 0.784567 0.472221
vertex 0.480357 0.779397 0.464645
endloop
endfacet
facet normal -0.491417 0.598689 0.632519
outer loop
vertex 0.470603 0.779397 0.527778
vertex 0.475000 0.775000 0.535356
vertex 0.480357 0.779397 0.535356
endloop
endfacet
facet normal -0.491368 0.598779 0.632472
outer loop
vertex 0.470603 0.779397 0.527778
vertex 0.480357 0.779397 0.535356
vertex 0.476903 0.784567 0.527778
endloop
endfacet
facet normal -0.403649 0.491777 -0.771507
outer loop
vertex 0.480357 0.769642 0.458427
vertex 0.475000 0.775000 0.464645
vertex 0.480357 0.779397 0.464645
endloop
endfacet
facet normal -0.403582 0.491789 -0.771534
outer loop
vertex 0.480357 0.769642 0.458427
vertex 0.480357 0.779397 0.464645
vertex 0.484567 0.773097 0.458427
endloop
endfacet
facet normal -0.560070 0.682488 0.469609
outer loop
vertex 0.467336 0.782664 0.519134
vertex 0.470603 0.779397 0.527778
vertex 0.476903 0.784567 0.527778
endloop
endfacet
facet normal -0.560082 0.682436 0.469670
outer loop
vertex 0.467336 0.782664 0.519134
vertex 0.476903 0.784567 0.527778
vertex 0.474336 0.788409 0.519134
endloop
endfacet
facet normal -0.300203 0.365810 -0.880943
outer loop
vertex 0.486470 0.763530 0.453806
vertex 0.480357 0.769642 0.458427
vertex 0.484567 0.773097 0.458427
endloop
endfacet
facet normal -0.300188 0.365788 -0.880958
outer loop
vertex 0.486470 0.763530 0.453806
vertex 0.484567 0.773097 0.458427
vertex 0.489369 0.765909 0.453806
endloop
endfacet
facet normal -0.416137 0.778652 -0.469607
outer loop
vertex 0.476903 0.784567 0.472221
vertex 0.474336 0.788409 0.480866
vertex 0.482322 0.792677 0.480866
endloop
endfacet
facet normal -0.416187 0.778646 -0.469573
outer loop
vertex 0.476903 0.784567 0.472221
vertex 0.482322 0.792677 0.480866
vertex 0.484091 0.788409 0.472221
endloop
endfacet
facet normal -0.299892 0.561003 0.771583
outer loop
vertex 0.480357 0.779397 0.535356
vertex 0.484567 0.773097 0.541573
vertex 0.489369 0.775664 0.541573
endloop
endfacet
facet normal -0.299848 0.561068 0.771553
outer loop
vertex 0.480357 0.779397 0.535356
vertex 0.489369 0.775664 0.541573
vertex 0.486470 0.782664 0.535356
endloop
endfacet
facet normal -0.365089 0.683049 -0.632578
outer loop
vertex 0.480357 0.779397 0.464645
vertex 0.476903 0.784567 0.472221
vertex 0.484091 0.788409 0.472221
endloop
endfacet
facet normal -0.365052 0.683051 -0.632596
outer loop
vertex 0.480357 0.779397 0.464645
vertex 0.484091 0.788409 0.472221
vertex 0.486470 0.782664 0.464645
endloop
endfacet
facet normal -0.365100 0.683139 0.632474
outer loop
vertex 0.476903 0.784567 0.527778
vertex 0.480357 0.779397 0.535356
vertex 0.486470 0.782664 0.535356
endloop
endfacet
facet normal -0.365112 0.683104 0.632505
outer loop
vertex 0.476903 0.784567 0.527778
vertex 0.486470 0.782664 0.535356
vertex 0.484091 0.788409 0.527778
endloop
endfacet
facet normal -0.299859 0.561095 -0.771529
outer loop
vertex 0.484567 0.773097 0.458427
vertex 0.480357 0.779397 0.464645
vertex 0.486470 0.782664 0.464645
endloop
endfacet
facet normal -0.299948 0.561087 -0.771500
outer loop
vertex 0.484567 0.773097 0.458427
vertex 0.486470 0.782664 0.464645
vertex 0.489369 0.775664 0.458427
endloop
endfacet
facet normal -0.416170 0.778608 0.469651
outer loop
vertex 0.474336 0.788409 0.519134
vertex 0.476903 0.784567 0.527778
vertex 0.484091 0.788409 0.527778
endloop
endfacet
facet normal -0.416133 0.778649 0.469616
outer loop
vertex 0.474336 0.788409 0.519134
vertex 0.484091 0.788409 0.527778
vertex 0.482322 0.792677 0.519134
endloop
endfacet
facet normal -0.223082 0.417325 -0.880951
outer loop
vertex 0.489369 0.765909 0.453806
vertex 0.484567 0.773097 0.458427
vertex 0.489369 0.775664 0.458427
endloop
endfacet
facet normal -0.223046 0.417324 -0.880960
outer loop
vertex 0.489369 0.765909 0.453806
vertex 0.489369 0.775664 0.458427
vertex 0.492677 0.767677 0.453806
endloop
endfacet
facet normal -0.451244 0.844342 0.288904
outer loop
vertex 0.472756 0.790774 0.509754
vertex 0.474336 0.788409 0.519134
vertex 0.482322 0.792677 0.519134
endloop
endfacet
facet normal -0.451382 0.844214 0.289061
outer loop
vertex 0.472756 0.790774 0.509754
vertex 0.482322 0.792677 0.519134
vertex 0.481234 0.795307 0.509754
endloop
endfacet
facet normal -0.137467 0.257200 -0.956531
outer loop
vertex 0.494581 0.758110 0.450960
vertex 0.489369 0.765909 0.453806
vertex 0.492677 0.767677 0.453806
endloop
endfacet
facet normal -0.137560 0.257151 -0.956531
outer loop
vertex 0.494581 0.758110 0.450960
vertex 0.492677 0.767677 0.453806
vertex 0.496267 0.759012 0.450960
endloop
endfacet
facet normal -0.469262 0.877646 0.097627
outer loop
vertex 0.472221 0.791573 0.500000
vertex 0.472756 0.790774 0.509754
vertex 0.481234 0.795307 0.509754
endloop
endfacet
facet normal -0.469160 0.877712 0.097524
outer loop
vertex 0.472221 0.791573 0.500000
vertex 0.481234 0.795307 0.509754
vertex 0.480866 0.796194 0.500000
endloop
endfacet
facet normal -0.046487 0.086870 0.995134
outer loop
vertex 0.494581 0.758110 0.549039
vertex 0.500000 0.750000 0.550000
vertex 0.496267 0.759012 0.549039
endloop
endfacet
facet normal -0.046404 0.086778 -0.995146
outer loop
vertex 0.500000 0.750000 0.450000
vertex 0.494581 0.758110 0.450960
vertex 0.496267 0.759012 0.450960
endloop
endfacet
facet normal -0.469160 0.877700 -0.097627
outer loop
vertex 0.472756 0.790774 0.490245
vertex 0.472221 0.791573 0.500000
vertex 0.480866 0.796194 0.500000
endloop
endfacet
facet normal -0.469262 0.877660 -0.097502
outer loop
vertex 0.472756 0.790774 0.490245
vertex 0.480866 0.796194 0.500000
vertex 0.481234 0.795307 0.490245
endloop
endfacet
facet normal -0.137513 0.257046 0.956565
outer loop
vertex 0.489369 0.765909 0.546194
vertex 0.494581 0.758110 0.549039
vertex 0.496267 0.759012 0.549039
endloop
endfacet
facet normal -0.137402 0.257126 0.956560
outer loop
vertex 0.489369 0.765909 0.546194
vertex 0.496267 0.759012 0.549039
vertex 0.492677 0.767677 0.546194
endloop
endfacet
facet normal -0.451402 0.844246 -0.288937
outer loop
vertex 0.474336 0.788409 0.480866
vertex 0.472756 0.790774 0.490245
vertex 0.481234 0.795307 0.490245
endloop
endfacet
facet normal -0.451213 0.844294 -0.289091
outer loop
vertex 0.474336 0.788409 0.480866
vertex 0.481234 0.795307 0.490245
vertex 0.482322 0.792677 0.480866
endloop
endfacet
facet normal -0.223055 0.417353 0.880944
outer loop
vertex 0.484567 0.773097 0.541573
vertex 0.489369 0.765909 0.546194
vertex 0.492677 0.767677 0.546194
endloop
endfacet
facet normal -0.223080 0.417305 0.880961
outer loop
vertex 0.484567 0.773097 0.541573
vertex 0.492677 0.767677 0.546194
vertex 0.489369 0.775664 0.541573
endloop
endfacet
facet normal -0.084679 0.279094 -0.956523
outer loop
vertex 0.496267 0.759012 0.450960
vertex 0.492677 0.767677 0.453806
vertex 0.496267 0.768766 0.453806
endloop
endfacet
facet normal -0.084643 0.279106 -0.956522
outer loop
vertex 0.496267 0.759012 0.450960
vertex 0.496267 0.768766 0.453806
vertex 0.498097 0.759567 0.450960
endloop
endfacet
facet normal -0.288862 0.952393 0.097500
outer loop
vertex 0.480866 0.796194 0.500000
vertex 0.481234 0.795307 0.509754
vertex 0.490433 0.798097 0.509754
endloop
endfacet
facet normal -0.288887 0.952381 0.097541
outer loop
vertex 0.480866 0.796194 0.500000
vertex 0.490433 0.798097 0.509754
vertex 0.490245 0.799039 0.500000
endloop
endfacet
facet normal -0.028606 0.094275 0.995135
outer loop
vertex 0.496267 0.759012 0.549039
vertex 0.500000 0.750000 0.550000
vertex 0.498097 0.759567 0.549039
endloop
endfacet
facet normal -0.028579 0.094176 -0.995145
outer loop
vertex 0.500000 0.750000 0.450000
vertex 0.496267 0.759012 0.450960
vertex 0.498097 0.759567 0.450960
endloop
endfacet
facet normal -0.288893 0.952385 -0.097489
outer loop
vertex 0.481234 0.795307 0.490245
vertex 0.480866 0.796194 0.500000
vertex 0.490245 0.799039 0.500000
endloop
endfacet
facet normal -0.288861 0.952390 -0.097534
outer loop
vertex 0.481234 0.795307 0.490245
vertex 0.490245 0.799039 0.500000
vertex 0.490433 0.798097 0.490245
endloop
endfacet
facet normal -0.084664 0.279014 0.956548
outer loop
vertex 0.492677 0.767677 0.546194
vertex 0.496267 0.759012 0.549039
vertex 0.498097 0.759567 0.549039
endloop
endfacet
facet normal -0.084618 0.279002 0.956555
outer loop
vertex 0.492677 0.767677 0.546194
vertex 0.498097 0.759567 0.549039
vertex 0.496267 0.768766 0.546194
endloop
endfacet
facet normal -0.277845 0.916086 -0.289118
outer loop
vertex 0.482322 0.792677 0.480866
vertex 0.481234 0.795307 0.490245
vertex 0.490433 0.798097 0.490245
endloop
endfacet
facet normal -0.278020 0.916080 -0.288969
outer loop
vertex 0.482322 0.792677 0.480866
vertex 0.490433 0.798097 0.490245
vertex 0.490988 0.795307 0.480866
endloop
endfacet
facet normal -0.137357 0.452805 0.880966
outer loop
vertex 0.489369 0.775664 0.541573
vertex 0.492677 0.767677 0.546194
vertex 0.496267 0.768766 0.546194
endloop
endfacet
facet normal -0.137347 0.452811 0.880964
outer loop
vertex 0.489369 0.775664 0.541573
vertex 0.496267 0.768766 0.546194
vertex 0.494581 0.777245 0.541573
endloop
endfacet
facet normal -0.256396 0.844847 -0.469569
outer loop
vertex 0.484091 0.788409 0.472221
vertex 0.482322 0.792677 0.480866
vertex 0.490988 0.795307 0.480866
endloop
endfacet
facet normal -0.256194 0.844827 -0.469714
outer loop
vertex 0.484091 0.788409 0.472221
vertex 0.490988 0.795307 0.480866
vertex 0.491890 0.790774 0.472221
endloop
endfacet
facet normal -0.184665 0.608762 0.771562
outer loop
vertex 0.486470 0.782664 0.535356
vertex 0.489369 0.775664 0.541573
vertex 0.494581 0.777245 0.541573
endloop
endfacet
facet normal -0.184662 0.608777 0.771551
outer loop
vertex 0.486470 0.782664 0.535356
vertex 0.494581 0.777245 0.541573
vertex 0.493103 0.784676 0.535356
endloop
endfacet
facet normal -0.224748 0.741149 -0.632603
outer loop
vertex 0.486470 0.782664 0.464645
vertex 0.484091 0.788409 0.472221
vertex 0.491890 0.790774 0.472221
endloop
endfacet
facet normal -0.224822 0.741162 -0.632561
outer loop
vertex 0.486470 0.782664 0.464645
vertex 0.491890 0.790774 0.472221
vertex 0.493103 0.784676 0.464645
endloop
endfacet
facet normal -0.224834 0.741199 0.632514
outer loop
vertex 0.484091 0.788409 0.527778
vertex 0.486470 0.782664 0.535356
vertex 0.493103 0.784676 0.535356
endloop
endfacet
facet normal -0.224784 0.741259 0.632461
outer loop
vertex 0.484091 0.788409 0.527778
vertex 0.493103 0.784676 0.535356
vertex 0.491890 0.790774 0.527778
endloop
endfacet
facet normal -0.184680 0.608832 -0.771503
outer loop
vertex 0.489369 0.775664 0.458427
vertex 0.486470 0.782664 0.464645
vertex 0.493103 0.784676 0.464645
endloop
endfacet
facet normal -0.184680 0.608838 -0.771499
outer loop
vertex 0.489369 0.775664 0.458427
vertex 0.493103 0.784676 0.464645
vertex 0.494581 0.777245 0.458427
endloop
endfacet
facet normal -0.256202 0.844887 0.469603
outer loop
vertex 0.482322 0.792677 0.519134
vertex 0.484091 0.788409 0.527778
vertex 0.491890 0.790774 0.527778
endloop
endfacet
facet normal -0.256371 0.844755 0.469747
outer loop
vertex 0.482322 0.792677 0.519134
vertex 0.491890 0.790774 0.527778
vertex 0.490988 0.795307 0.519134
endloop
endfacet
facet normal -0.137350 0.452809 -0.880965
outer loop
vertex 0.492677 0.767677 0.453806
vertex 0.489369 0.775664 0.458427
vertex 0.494581 0.777245 0.458427
endloop
endfacet
facet normal -0.137373 0.452804 -0.880964
outer loop
vertex 0.492677 0.767677 0.453806
vertex 0.494581 0.777245 0.458427
vertex 0.496267 0.768766 0.453806
endloop
endfacet
facet normal -0.278007 0.916047 0.289085
outer loop
vertex 0.481234 0.795307 0.509754
vertex 0.482322 0.792677 0.519134
vertex 0.490988 0.795307 0.519134
endloop
endfacet
facet normal -0.277864 0.916132 0.288952
outer loop
vertex 0.481234 0.795307 0.509754
vertex 0.490988 0.795307 0.519134
vertex 0.490433 0.798097 0.509754
endloop
endfacet
facet normal -0.062276 0.633117 0.771547
outer loop
vertex 0.493103 0.784676 0.535356
vertex 0.494581 0.777245 0.541573
vertex 0.500000 0.777778 0.541573
endloop
endfacet
facet normal -0.062408 0.633025 0.771611
outer loop
vertex 0.493103 0.784676 0.535356
vertex 0.500000 0.777778 0.541573
vertex 0.500000 0.785356 0.535356
endloop
endfacet
facet normal -0.075938 0.770780 -0.632560
outer loop
vertex 0.493103 0.784676 0.464645
vertex 0.491890 0.790774 0.472221
vertex 0.500000 0.791573 0.472221
endloop
endfacet
facet normal -0.075988 0.770794 -0.632536
outer loop
vertex 0.493103 0.784676 0.464645
vertex 0.500000 0.791573 0.472221
vertex 0.500000 0.785356 0.464645
endloop
endfacet
facet normal -0.075996 0.770850 0.632468
outer loop
vertex 0.491890 0.790774 0.527778
vertex 0.493103 0.784676 0.535356
vertex 0.500000 0.785356 0.535356
endloop
endfacet
facet normal -0.075950 0.770880 0.632437
outer loop
vertex 0.491890 0.790774 0.527778
vertex 0.500000 0.785356 0.535356
vertex 0.500000 0.791573 0.527778
endloop
endfacet
facet normal -0.062422 0.633150 -0.771508
outer loop
vertex 0.494581 0.777245 0.458427
vertex 0.493103 0.784676 0.464645
vertex 0.500000 0.785356 0.464645
endloop
endfacet
facet normal -0.062276 0.633094 -0.771566
outer loop
vertex 0.494581 0.777245 0.458427
vertex 0.500000 0.785356 0.464645
vertex 0.500000 0.777778 0.458427
endloop
endfacet
facet normal -0.086550 0.878548 0.469748
outer loop
vertex 0.490988 0.795307 0.519134
vertex 0.491890 0.790774 0.527778
vertex 0.500000 0.791573 0.527778
endloop
endfacet
facet normal -0.086484 0.878589 0.469682
outer loop
vertex 0.490988 0.795307 0.519134
vertex 0.500000 0.791573 0.527778
vertex 0.500000 0.796194 0.519134
endloop
endfacet
facet normal -0.046320 0.470919 -0.880959
outer loop
vertex 0.496267 0.768766 0.453806
vertex 0.494581 0.777245 0.458427
vertex 0.500000 0.777778 0.458427
endloop
endfacet
facet normal -0.046427 0.470943 -0.880941
outer loop
vertex 0.496267 0.768766 0.453806
vertex 0.500000 0.777778 0.458427
vertex 0.500000 0.769134 0.453806
endloop
endfacet
facet normal -0.093778 0.952745 0.288933
outer loop
vertex 0.490433 0.798097 0.509754
vertex 0.490988 0.795307 0.519134
vertex 0.500000 0.796194 0.519134
endloop
endfacet
facet normal -0.093806 0.952730 0.288975
outer loop
vertex 0.490433 0.798097 0.509754
vertex 0.500000 0.796194 0.519134
vertex 0.500000 0.799039 0.509754
endloop
endfacet
facet normal -0.028627 0.290240 -0.956526
outer loop
vertex 0.498097 0.759567 0.450960
vertex 0.496267 0.768766 0.453806
vertex 0.500000 0.769134 0.453806
endloop
endfacet
facet normal -0.028496 0.290216 -0.956537
outer loop
vertex 0.498097 0.759567 0.450960
vertex 0.500000 0.769134 0.453806
vertex 0.500000 0.759754 0.450960
endloop
endfacet
facet normal -0.097523 0.990443 0.097525
outer loop
vertex 0.490245 0.799039 0.500000
vertex 0.490433 0.798097 0.509754
vertex 0.500000 0.799039 0.509754
endloop
endfacet
facet normal -0.097571 0.990432 0.097592
outer loop
vertex 0.490245 0.799039 0.500000
vertex 0.500000 0.799039 0.509754
vertex 0.500000 0.800000 0.500000
endloop
endfacet
facet normal -0.009637 0.098044 0.995135
outer loop
vertex 0.498097 0.759567 0.549039
vertex 0.500000 0.750000 0.550000
vertex 0.500000 0.759754 0.549039
endloop
endfacet
facet normal -0.009620 0.097942 -0.995146
outer loop
vertex 0.500000 0.750000 0.450000
vertex 0.498097 0.759567 0.450960
vertex 0.500000 0.759754 0.450960
endloop
endfacet
facet normal -0.097573 0.990438 -0.097525
outer loop
vertex 0.490433 0.798097 0.490245
vertex 0.490245 0.799039 0.500000
vertex 0.500000 0.800000 0.500000
endloop
endfacet
facet normal -0.097520 0.990439 -0.097572
outer loop
vertex 0.490433 0.798097 0.490245
vertex 0.500000 0.800000 0.500000
vertex 0.500000 0.799039 0.490245
endloop
endfacet
facet normal -0.028496 0.290145 0.956559
outer loop
vertex 0.496267 0.768766 0.546194
vertex 0.498097 0.759567 0.549039
vertex 0.500000 0.759754 0.549039
endloop
endfacet
facet normal -0.028597 0.290135 0.956558
outer loop
vertex 0.496267 0.768766 0.546194
vertex 0.500000 0.759754 0.549039
vertex 0.500000 0.769134 0.546194
endloop
endfacet
facet normal -0.093808 0.952735 -0.288957
outer loop
vertex 0.490988 0.795307 0.480866
vertex 0.490433 0.798097 0.490245
vertex 0.500000 0.799039 0.490245
endloop
endfacet
facet normal -0.093775 0.952722 -0.289010
outer loop
vertex 0.490988 0.795307 0.480866
vertex 0.500000 0.799039 0.490245
vertex 0.500000 0.796194 0.480866
endloop
endfacet
facet normal -0.046419 0.470901 0.880964
outer loop
vertex 0.494581 0.777245 0.541573
vertex 0.496267 0.768766 0.546194
vertex 0.500000 0.769134 0.546194
endloop
endfacet
facet normal -0.046328 0.470948 0.880944
outer loop
vertex 0.494581 0.777245 0.541573
vertex 0.500000 0.769134 0.546194
vertex 0.500000 0.777778 0.541573
endloop
endfacet
facet normal -0.086475 0.878578 -0.469704
outer loop
vertex 0.491890 0.790774 0.472221
vertex 0.490988 0.795307 0.480866
vertex 0.500000 0.796194 0.480866
endloop
endfacet
facet normal -0.086564 0.878604 -0.469641
outer loop
vertex 0.491890 0.790774 0.472221
vertex 0.500000 0.796194 0.480866
vertex 0.500000 0.791573 0.472221
endloop
endfacet
endsolid Exported from Blender-2.82 (sub 7)
