solid Exported from Blender-2.82 (sub 7)
facet normal 0.086480 0.878606 -0.469651
outer loop
vertex 0.600000 0.641573 0.672221
vertex 0.600000 0.646194 0.680866
vertex 0.609012 0.645307 0.680866
endloop
endfacet
facet normal 0.086553 0.878567 -0.469712
outer loop
vertex 0.600000 0.641573 0.672221
vertex 0.609012 0.645307 0.680866
vertex 0.608110 0.640774 0.672221
endloop
endfacet
facet normal 0.062273 0.633035 0.771614
outer loop
vertex 0.600000 0.635356 0.735356
vertex 0.600000 0.627778 0.741573
vertex 0.605419 0.627245 0.741573
endloop
endfacet
facet normal 0.062391 0.633085 0.771564
outer loop
vertex 0.600000 0.635356 0.735356
vertex 0.605419 0.627245 0.741573
vertex 0.606898 0.634676 0.735356
endloop
endfacet
facet normal 0.075941 0.770800 -0.632535
outer loop
vertex 0.600000 0.635356 0.664645
vertex 0.600000 0.641573 0.672221
vertex 0.608110 0.640774 0.672221
endloop
endfacet
facet normal 0.075975 0.770781 -0.632554
outer loop
vertex 0.600000 0.635356 0.664645
vertex 0.608110 0.640774 0.672221
vertex 0.606898 0.634676 0.664645
endloop
endfacet
facet normal 0.075986 0.770884 0.632427
outer loop
vertex 0.600000 0.641573 0.727778
vertex 0.600000 0.635356 0.735356
vertex 0.606898 0.634676 0.735356
endloop
endfacet
facet normal 0.075943 0.770863 0.632458
outer loop
vertex 0.600000 0.641573 0.727778
vertex 0.606898 0.634676 0.735356
vertex 0.608110 0.640774 0.727778
endloop
endfacet
facet normal 0.062404 0.633091 -0.771558
outer loop
vertex 0.600000 0.627778 0.658427
vertex 0.600000 0.635356 0.664645
vertex 0.606898 0.634676 0.664645
endloop
endfacet
facet normal 0.062283 0.633169 -0.771504
outer loop
vertex 0.600000 0.627778 0.658427
vertex 0.606898 0.634676 0.664645
vertex 0.605419 0.627245 0.658427
endloop
endfacet
facet normal 0.086560 0.878578 0.469689
outer loop
vertex 0.600000 0.646194 0.719134
vertex 0.600000 0.641573 0.727778
vertex 0.608110 0.640774 0.727778
endloop
endfacet
facet normal 0.086470 0.878554 0.469751
outer loop
vertex 0.600000 0.646194 0.719134
vertex 0.608110 0.640774 0.727778
vertex 0.609012 0.645307 0.719134
endloop
endfacet
facet normal 0.046310 0.470949 -0.880944
outer loop
vertex 0.600000 0.619134 0.653806
vertex 0.600000 0.627778 0.658427
vertex 0.605419 0.627245 0.658427
endloop
endfacet
facet normal 0.046422 0.470893 -0.880968
outer loop
vertex 0.600000 0.619134 0.653806
vertex 0.605419 0.627245 0.658427
vertex 0.603733 0.618766 0.653806
endloop
endfacet
facet normal 0.093775 0.952734 0.288971
outer loop
vertex 0.600000 0.649039 0.709754
vertex 0.600000 0.646194 0.719134
vertex 0.609012 0.645307 0.719134
endloop
endfacet
facet normal 0.093805 0.952742 0.288935
outer loop
vertex 0.600000 0.649039 0.709754
vertex 0.609012 0.645307 0.719134
vertex 0.609567 0.648097 0.709754
endloop
endfacet
facet normal 0.028610 0.290219 -0.956533
outer loop
vertex 0.600000 0.609754 0.650960
vertex 0.600000 0.619134 0.653806
vertex 0.603733 0.618766 0.653806
endloop
endfacet
facet normal 0.028499 0.290244 -0.956528
outer loop
vertex 0.600000 0.609754 0.650960
vertex 0.603733 0.618766 0.653806
vertex 0.601903 0.609567 0.650960
endloop
endfacet
facet normal 0.097519 0.990438 0.097582
outer loop
vertex 0.600000 0.650000 0.700000
vertex 0.600000 0.649039 0.709754
vertex 0.609567 0.648097 0.709754
endloop
endfacet
facet normal 0.097586 0.990438 0.097523
outer loop
vertex 0.600000 0.650000 0.700000
vertex 0.609567 0.648097 0.709754
vertex 0.609754 0.649039 0.700000
endloop
endfacet
facet normal 0.009636 0.098042 0.995136
outer loop
vertex 0.600000 0.609754 0.749039
vertex 0.600000 0.600000 0.750000
vertex 0.601903 0.609567 0.749039
endloop
endfacet
facet normal 0.009631 0.097949 -0.995145
outer loop
vertex 0.600000 0.600000 0.650000
vertex 0.600000 0.609754 0.650960
vertex 0.601903 0.609567 0.650960
endloop
endfacet
facet normal 0.097582 0.990433 -0.097574
outer loop
vertex 0.600000 0.649039 0.690245
vertex 0.600000 0.650000 0.700000
vertex 0.609754 0.649039 0.700000
endloop
endfacet
facet normal 0.097521 0.990445 -0.097510
outer loop
vertex 0.600000 0.649039 0.690245
vertex 0.609754 0.649039 0.700000
vertex 0.609567 0.648097 0.690245
endloop
endfacet
facet normal 0.028503 0.290118 0.956566
outer loop
vertex 0.600000 0.619134 0.746194
vertex 0.600000 0.609754 0.749039
vertex 0.601903 0.609567 0.749039
endloop
endfacet
facet normal 0.028624 0.290149 0.956553
outer loop
vertex 0.600000 0.619134 0.746194
vertex 0.601903 0.609567 0.749039
vertex 0.603733 0.618766 0.746194
endloop
endfacet
facet normal 0.093807 0.952720 -0.289005
outer loop
vertex 0.600000 0.646194 0.680866
vertex 0.600000 0.649039 0.690245
vertex 0.609567 0.648097 0.690245
endloop
endfacet
facet normal 0.093779 0.952738 -0.288958
outer loop
vertex 0.600000 0.646194 0.680866
vertex 0.609567 0.648097 0.690245
vertex 0.609012 0.645307 0.680866
endloop
endfacet
facet normal 0.046433 0.470943 0.880941
outer loop
vertex 0.600000 0.627778 0.741573
vertex 0.600000 0.619134 0.746194
vertex 0.603733 0.618766 0.746194
endloop
endfacet
facet normal 0.046324 0.470914 0.880962
outer loop
vertex 0.600000 0.627778 0.741573
vertex 0.603733 0.618766 0.746194
vertex 0.605419 0.627245 0.741573
endloop
endfacet
facet normal 0.277859 0.916125 -0.288979
outer loop
vertex 0.609012 0.645307 0.680866
vertex 0.609567 0.648097 0.690245
vertex 0.618766 0.645307 0.690245
endloop
endfacet
facet normal 0.278031 0.916021 -0.289145
outer loop
vertex 0.609012 0.645307 0.680866
vertex 0.618766 0.645307 0.690245
vertex 0.617677 0.642677 0.680866
endloop
endfacet
facet normal 0.137374 0.452807 0.880962
outer loop
vertex 0.605419 0.627245 0.741573
vertex 0.603733 0.618766 0.746194
vertex 0.607322 0.617677 0.746194
endloop
endfacet
facet normal 0.137402 0.452800 0.880961
outer loop
vertex 0.605419 0.627245 0.741573
vertex 0.607322 0.617677 0.746194
vertex 0.610630 0.625664 0.741573
endloop
endfacet
facet normal 0.256406 0.844766 -0.469709
outer loop
vertex 0.608110 0.640774 0.672221
vertex 0.609012 0.645307 0.680866
vertex 0.617677 0.642677 0.680866
endloop
endfacet
facet normal 0.256211 0.844921 -0.469536
outer loop
vertex 0.608110 0.640774 0.672221
vertex 0.617677 0.642677 0.680866
vertex 0.615909 0.638409 0.672221
endloop
endfacet
facet normal 0.184703 0.608751 0.771561
outer loop
vertex 0.606898 0.634676 0.735356
vertex 0.605419 0.627245 0.741573
vertex 0.610630 0.625664 0.741573
endloop
endfacet
facet normal 0.184681 0.608742 0.771574
outer loop
vertex 0.606898 0.634676 0.735356
vertex 0.610630 0.625664 0.741573
vertex 0.613530 0.632664 0.735356
endloop
endfacet
facet normal 0.224769 0.741200 -0.632536
outer loop
vertex 0.606898 0.634676 0.664645
vertex 0.608110 0.640774 0.672221
vertex 0.615909 0.638409 0.672221
endloop
endfacet
facet normal 0.224832 0.741116 -0.632612
outer loop
vertex 0.606898 0.634676 0.664645
vertex 0.615909 0.638409 0.672221
vertex 0.613530 0.632664 0.664645
endloop
endfacet
facet normal 0.224882 0.741246 0.632442
outer loop
vertex 0.608110 0.640774 0.727778
vertex 0.606898 0.634676 0.735356
vertex 0.613530 0.632664 0.735356
endloop
endfacet
facet normal 0.224782 0.741228 0.632499
outer loop
vertex 0.608110 0.640774 0.727778
vertex 0.613530 0.632664 0.735356
vertex 0.615909 0.638409 0.727778
endloop
endfacet
facet normal 0.184698 0.608810 -0.771516
outer loop
vertex 0.605419 0.627245 0.658427
vertex 0.606898 0.634676 0.664645
vertex 0.613530 0.632664 0.664645
endloop
endfacet
facet normal 0.184715 0.608801 -0.771520
outer loop
vertex 0.605419 0.627245 0.658427
vertex 0.613530 0.632664 0.664645
vertex 0.610630 0.625664 0.658427
endloop
endfacet
facet normal 0.256179 0.844810 0.469754
outer loop
vertex 0.609012 0.645307 0.719134
vertex 0.608110 0.640774 0.727778
vertex 0.615909 0.638409 0.727778
endloop
endfacet
facet normal 0.256422 0.844827 0.469590
outer loop
vertex 0.609012 0.645307 0.719134
vertex 0.615909 0.638409 0.727778
vertex 0.617677 0.642677 0.719134
endloop
endfacet
facet normal 0.137373 0.452806 -0.880963
outer loop
vertex 0.603733 0.618766 0.653806
vertex 0.605419 0.627245 0.658427
vertex 0.610630 0.625664 0.658427
endloop
endfacet
facet normal 0.137409 0.452795 -0.880963
outer loop
vertex 0.603733 0.618766 0.653806
vertex 0.610630 0.625664 0.658427
vertex 0.607322 0.617677 0.653806
endloop
endfacet
facet normal 0.278051 0.916080 0.288939
outer loop
vertex 0.609567 0.648097 0.709754
vertex 0.609012 0.645307 0.719134
vertex 0.617677 0.642677 0.719134
endloop
endfacet
facet normal 0.277844 0.916087 0.289116
outer loop
vertex 0.609567 0.648097 0.709754
vertex 0.617677 0.642677 0.719134
vertex 0.618766 0.645307 0.709754
endloop
endfacet
facet normal 0.084701 0.279080 -0.956525
outer loop
vertex 0.601903 0.609567 0.650960
vertex 0.603733 0.618766 0.653806
vertex 0.607322 0.617677 0.653806
endloop
endfacet
facet normal 0.084597 0.279109 -0.956526
outer loop
vertex 0.601903 0.609567 0.650960
vertex 0.607322 0.617677 0.653806
vertex 0.603733 0.609012 0.650960
endloop
endfacet
facet normal 0.288855 0.952394 0.097509
outer loop
vertex 0.609754 0.649039 0.700000
vertex 0.609567 0.648097 0.709754
vertex 0.618766 0.645307 0.709754
endloop
endfacet
facet normal 0.288862 0.952394 0.097492
outer loop
vertex 0.609754 0.649039 0.700000
vertex 0.618766 0.645307 0.709754
vertex 0.619134 0.646194 0.700000
endloop
endfacet
facet normal 0.028557 0.094275 0.995136
outer loop
vertex 0.601903 0.609567 0.749039
vertex 0.600000 0.600000 0.750000
vertex 0.603733 0.609012 0.749039
endloop
endfacet
facet normal 0.028542 0.094184 -0.995146
outer loop
vertex 0.600000 0.600000 0.650000
vertex 0.601903 0.609567 0.650960
vertex 0.603733 0.609012 0.650960
endloop
endfacet
facet normal 0.288861 0.952394 -0.097497
outer loop
vertex 0.609567 0.648097 0.690245
vertex 0.609754 0.649039 0.700000
vertex 0.619134 0.646194 0.700000
endloop
endfacet
facet normal 0.288858 0.952396 -0.097484
outer loop
vertex 0.609567 0.648097 0.690245
vertex 0.619134 0.646194 0.700000
vertex 0.618766 0.645307 0.690245
endloop
endfacet
facet normal 0.084624 0.279003 0.956554
outer loop
vertex 0.603733 0.618766 0.746194
vertex 0.601903 0.609567 0.749039
vertex 0.603733 0.609012 0.749039
endloop
endfacet
facet normal 0.084642 0.279001 0.956553
outer loop
vertex 0.603733 0.618766 0.746194
vertex 0.603733 0.609012 0.749039
vertex 0.607322 0.617677 0.746194
endloop
endfacet
facet normal 0.223046 0.417329 -0.880958
outer loop
vertex 0.607322 0.617677 0.653806
vertex 0.610630 0.625664 0.658427
vertex 0.615433 0.623097 0.658427
endloop
endfacet
facet normal 0.223029 0.417316 -0.880969
outer loop
vertex 0.607322 0.617677 0.653806
vertex 0.615433 0.623097 0.658427
vertex 0.610630 0.615909 0.653806
endloop
endfacet
facet normal 0.451170 0.844308 0.289119
outer loop
vertex 0.618766 0.645307 0.709754
vertex 0.617677 0.642677 0.719134
vertex 0.625664 0.638409 0.719134
endloop
endfacet
facet normal 0.451358 0.844264 0.288955
outer loop
vertex 0.618766 0.645307 0.709754
vertex 0.625664 0.638409 0.719134
vertex 0.627245 0.640774 0.709754
endloop
endfacet
facet normal 0.137474 0.257219 -0.956524
outer loop
vertex 0.603733 0.609012 0.650960
vertex 0.607322 0.617677 0.653806
vertex 0.610630 0.615909 0.653806
endloop
endfacet
facet normal 0.137599 0.257131 -0.956530
outer loop
vertex 0.603733 0.609012 0.650960
vertex 0.610630 0.615909 0.653806
vertex 0.605419 0.608110 0.650960
endloop
endfacet
facet normal 0.469218 0.877681 0.097520
outer loop
vertex 0.619134 0.646194 0.700000
vertex 0.618766 0.645307 0.709754
vertex 0.627245 0.640774 0.709754
endloop
endfacet
facet normal 0.469210 0.877684 0.097533
outer loop
vertex 0.619134 0.646194 0.700000
vertex 0.627245 0.640774 0.709754
vertex 0.627778 0.641573 0.700000
endloop
endfacet
facet normal 0.046487 0.086864 0.995135
outer loop
vertex 0.603733 0.609012 0.749039
vertex 0.600000 0.600000 0.750000
vertex 0.605419 0.608110 0.749039
endloop
endfacet
facet normal 0.046450 0.086784 -0.995144
outer loop
vertex 0.600000 0.600000 0.650000
vertex 0.603733 0.609012 0.650960
vertex 0.605419 0.608110 0.650960
endloop
endfacet
facet normal 0.469206 0.877689 -0.097511
outer loop
vertex 0.618766 0.645307 0.690245
vertex 0.619134 0.646194 0.700000
vertex 0.627778 0.641573 0.700000
endloop
endfacet
facet normal 0.469223 0.877678 -0.097522
outer loop
vertex 0.618766 0.645307 0.690245
vertex 0.627778 0.641573 0.700000
vertex 0.627245 0.640774 0.690245
endloop
endfacet
facet normal 0.137499 0.257091 0.956555
outer loop
vertex 0.607322 0.617677 0.746194
vertex 0.603733 0.609012 0.749039
vertex 0.605419 0.608110 0.749039
endloop
endfacet
facet normal 0.137423 0.257125 0.956557
outer loop
vertex 0.607322 0.617677 0.746194
vertex 0.605419 0.608110 0.749039
vertex 0.610630 0.615909 0.746194
endloop
endfacet
facet normal 0.451329 0.844217 -0.289137
outer loop
vertex 0.617677 0.642677 0.680866
vertex 0.618766 0.645307 0.690245
vertex 0.627245 0.640774 0.690245
endloop
endfacet
facet normal 0.451185 0.844346 -0.288982
outer loop
vertex 0.617677 0.642677 0.680866
vertex 0.627245 0.640774 0.690245
vertex 0.625664 0.638409 0.680866
endloop
endfacet
facet normal 0.223022 0.417327 0.880965
outer loop
vertex 0.610630 0.625664 0.741573
vertex 0.607322 0.617677 0.746194
vertex 0.610630 0.615909 0.746194
endloop
endfacet
facet normal 0.223047 0.417322 0.880961
outer loop
vertex 0.610630 0.625664 0.741573
vertex 0.610630 0.615909 0.746194
vertex 0.615433 0.623097 0.741573
endloop
endfacet
facet normal 0.416121 0.778707 -0.469531
outer loop
vertex 0.615909 0.638409 0.672221
vertex 0.617677 0.642677 0.680866
vertex 0.625664 0.638409 0.680866
endloop
endfacet
facet normal 0.416167 0.778632 -0.469613
outer loop
vertex 0.615909 0.638409 0.672221
vertex 0.625664 0.638409 0.680866
vertex 0.623097 0.634567 0.672221
endloop
endfacet
facet normal 0.299865 0.561041 0.771566
outer loop
vertex 0.613530 0.632664 0.735356
vertex 0.610630 0.625664 0.741573
vertex 0.615433 0.623097 0.741573
endloop
endfacet
facet normal 0.299891 0.561039 0.771557
outer loop
vertex 0.613530 0.632664 0.735356
vertex 0.615433 0.623097 0.741573
vertex 0.619642 0.629397 0.735356
endloop
endfacet
facet normal 0.365090 0.683034 -0.632593
outer loop
vertex 0.613530 0.632664 0.664645
vertex 0.615909 0.638409 0.672221
vertex 0.623097 0.634567 0.672221
endloop
endfacet
facet normal 0.365087 0.683027 -0.632602
outer loop
vertex 0.613530 0.632664 0.664645
vertex 0.623097 0.634567 0.672221
vertex 0.619642 0.629397 0.664645
endloop
endfacet
facet normal 0.365129 0.683104 0.632495
outer loop
vertex 0.615909 0.638409 0.727778
vertex 0.613530 0.632664 0.735356
vertex 0.619642 0.629397 0.735356
endloop
endfacet
facet normal 0.365115 0.683104 0.632503
outer loop
vertex 0.615909 0.638409 0.727778
vertex 0.619642 0.629397 0.735356
vertex 0.623097 0.634567 0.727778
endloop
endfacet
facet normal 0.299918 0.561076 -0.771520
outer loop
vertex 0.610630 0.625664 0.658427
vertex 0.613530 0.632664 0.664645
vertex 0.619642 0.629397 0.664645
endloop
endfacet
facet normal 0.299882 0.561111 -0.771508
outer loop
vertex 0.610630 0.625664 0.658427
vertex 0.619642 0.629397 0.664645
vertex 0.615433 0.623097 0.658427
endloop
endfacet
facet normal 0.416187 0.778641 0.469582
outer loop
vertex 0.617677 0.642677 0.719134
vertex 0.615909 0.638409 0.727778
vertex 0.623097 0.634567 0.727778
endloop
endfacet
facet normal 0.416084 0.778662 0.469637
outer loop
vertex 0.617677 0.642677 0.719134
vertex 0.623097 0.634567 0.727778
vertex 0.625664 0.638409 0.719134
endloop
endfacet
facet normal 0.300097 0.365837 0.880968
outer loop
vertex 0.615433 0.623097 0.741573
vertex 0.610630 0.615909 0.746194
vertex 0.613530 0.613530 0.746194
endloop
endfacet
facet normal 0.300257 0.365788 0.880934
outer loop
vertex 0.615433 0.623097 0.741573
vertex 0.613530 0.613530 0.746194
vertex 0.619642 0.619642 0.741573
endloop
endfacet
facet normal 0.560107 0.682451 -0.469619
outer loop
vertex 0.623097 0.634567 0.672221
vertex 0.625664 0.638409 0.680866
vertex 0.632664 0.632664 0.680866
endloop
endfacet
facet normal 0.560085 0.682501 -0.469572
outer loop
vertex 0.623097 0.634567 0.672221
vertex 0.632664 0.632664 0.680866
vertex 0.629397 0.629397 0.672221
endloop
endfacet
facet normal 0.403626 0.491715 0.771559
outer loop
vertex 0.619642 0.629397 0.735356
vertex 0.615433 0.623097 0.741573
vertex 0.619642 0.619642 0.741573
endloop
endfacet
facet normal 0.403545 0.491741 0.771584
outer loop
vertex 0.619642 0.629397 0.735356
vertex 0.619642 0.619642 0.741573
vertex 0.625000 0.625000 0.735356
endloop
endfacet
facet normal 0.491304 0.598686 -0.632611
outer loop
vertex 0.619642 0.629397 0.664645
vertex 0.623097 0.634567 0.672221
vertex 0.629397 0.629397 0.672221
endloop
endfacet
facet normal 0.491309 0.598675 -0.632616
outer loop
vertex 0.619642 0.629397 0.664645
vertex 0.629397 0.629397 0.672221
vertex 0.625000 0.625000 0.664645
endloop
endfacet
facet normal 0.491361 0.598738 0.632517
outer loop
vertex 0.623097 0.634567 0.727778
vertex 0.619642 0.629397 0.735356
vertex 0.625000 0.625000 0.735356
endloop
endfacet
facet normal 0.491356 0.598749 0.632510
outer loop
vertex 0.623097 0.634567 0.727778
vertex 0.625000 0.625000 0.735356
vertex 0.629397 0.629397 0.727778
endloop
endfacet
facet normal 0.403609 0.491810 -0.771507
outer loop
vertex 0.615433 0.623097 0.658427
vertex 0.619642 0.629397 0.664645
vertex 0.625000 0.625000 0.664645
endloop
endfacet
facet normal 0.403639 0.491736 -0.771538
outer loop
vertex 0.615433 0.623097 0.658427
vertex 0.625000 0.625000 0.664645
vertex 0.619642 0.619642 0.658427
endloop
endfacet
facet normal 0.560051 0.682467 0.469661
outer loop
vertex 0.625664 0.638409 0.719134
vertex 0.623097 0.634567 0.727778
vertex 0.629397 0.629397 0.727778
endloop
endfacet
facet normal 0.560106 0.682452 0.469618
outer loop
vertex 0.625664 0.638409 0.719134
vertex 0.629397 0.629397 0.727778
vertex 0.632664 0.632664 0.719134
endloop
endfacet
facet normal 0.300229 0.365754 -0.880958
outer loop
vertex 0.610630 0.615909 0.653806
vertex 0.615433 0.623097 0.658427
vertex 0.619642 0.619642 0.658427
endloop
endfacet
facet normal 0.300164 0.365880 -0.880927
outer loop
vertex 0.610630 0.615909 0.653806
vertex 0.619642 0.619642 0.658427
vertex 0.613530 0.613530 0.653806
endloop
endfacet
facet normal 0.607349 0.740025 0.288948
outer loop
vertex 0.627245 0.640774 0.709754
vertex 0.625664 0.638409 0.719134
vertex 0.632664 0.632664 0.719134
endloop
endfacet
facet normal 0.607298 0.740045 0.289001
outer loop
vertex 0.627245 0.640774 0.709754
vertex 0.632664 0.632664 0.719134
vertex 0.634676 0.634676 0.709754
endloop
endfacet
facet normal 0.184962 0.225467 -0.956532
outer loop
vertex 0.605419 0.608110 0.650960
vertex 0.610630 0.615909 0.653806
vertex 0.613530 0.613530 0.653806
endloop
endfacet
facet normal 0.184827 0.225593 -0.956528
outer loop
vertex 0.605419 0.608110 0.650960
vertex 0.613530 0.613530 0.653806
vertex 0.606898 0.606898 0.650960
endloop
endfacet
facet normal 0.631344 0.769345 0.097530
outer loop
vertex 0.627778 0.641573 0.700000
vertex 0.627245 0.640774 0.709754
vertex 0.634676 0.634676 0.709754
endloop
endfacet
facet normal 0.631238 0.769417 0.097651
outer loop
vertex 0.627778 0.641573 0.700000
vertex 0.634676 0.634676 0.709754
vertex 0.635356 0.635356 0.700000
endloop
endfacet
facet normal 0.062405 0.076197 0.995138
outer loop
vertex 0.605419 0.608110 0.749039
vertex 0.600000 0.600000 0.750000
vertex 0.606898 0.606898 0.749039
endloop
endfacet
facet normal 0.062381 0.076117 -0.995146
outer loop
vertex 0.600000 0.600000 0.650000
vertex 0.605419 0.608110 0.650960
vertex 0.606898 0.606898 0.650960
endloop
endfacet
facet normal 0.631240 0.769432 -0.097518
outer loop
vertex 0.627245 0.640774 0.690245
vertex 0.627778 0.641573 0.700000
vertex 0.635356 0.635356 0.700000
endloop
endfacet
facet normal 0.631337 0.769337 -0.097645
outer loop
vertex 0.627245 0.640774 0.690245
vertex 0.635356 0.635356 0.700000
vertex 0.634676 0.634676 0.690245
endloop
endfacet
facet normal 0.184795 0.225483 0.956561
outer loop
vertex 0.610630 0.615909 0.746194
vertex 0.605419 0.608110 0.749039
vertex 0.606898 0.606898 0.749039
endloop
endfacet
facet normal 0.184909 0.225417 0.956554
outer loop
vertex 0.610630 0.615909 0.746194
vertex 0.606898 0.606898 0.749039
vertex 0.613530 0.613530 0.746194
endloop
endfacet
facet normal 0.607300 0.740054 -0.288975
outer loop
vertex 0.625664 0.638409 0.680866
vertex 0.627245 0.640774 0.690245
vertex 0.634676 0.634676 0.690245
endloop
endfacet
facet normal 0.607326 0.740009 -0.289035
outer loop
vertex 0.625664 0.638409 0.680866
vertex 0.634676 0.634676 0.690245
vertex 0.632664 0.632664 0.680866
endloop
endfacet
facet normal 0.740005 0.607343 0.289009
outer loop
vertex 0.634676 0.634676 0.709754
vertex 0.632664 0.632664 0.719134
vertex 0.638409 0.625664 0.719134
endloop
endfacet
facet normal 0.740059 0.607303 0.288957
outer loop
vertex 0.634676 0.634676 0.709754
vertex 0.638409 0.625664 0.719134
vertex 0.640774 0.627245 0.709754
endloop
endfacet
facet normal 0.225508 0.184979 -0.956519
outer loop
vertex 0.606898 0.606898 0.650960
vertex 0.613530 0.613530 0.653806
vertex 0.615909 0.610630 0.653806
endloop
endfacet
facet normal 0.225513 0.184829 -0.956547
outer loop
vertex 0.606898 0.606898 0.650960
vertex 0.615909 0.610630 0.653806
vertex 0.608110 0.605419 0.650960
endloop
endfacet
facet normal 0.769335 0.631338 0.097651
outer loop
vertex 0.635356 0.635356 0.700000
vertex 0.634676 0.634676 0.709754
vertex 0.640774 0.627245 0.709754
endloop
endfacet
facet normal 0.769432 0.631240 0.097522
outer loop
vertex 0.635356 0.635356 0.700000
vertex 0.640774 0.627245 0.709754
vertex 0.641573 0.627778 0.700000
endloop
endfacet
facet normal 0.076196 0.062446 0.995136
outer loop
vertex 0.606898 0.606898 0.749039
vertex 0.600000 0.600000 0.750000
vertex 0.608110 0.605419 0.749039
endloop
endfacet
facet normal 0.076108 0.062383 -0.995146
outer loop
vertex 0.600000 0.600000 0.650000
vertex 0.606898 0.606898 0.650960
vertex 0.608110 0.605419 0.650960
endloop
endfacet
facet normal 0.769424 0.631233 -0.097633
outer loop
vertex 0.634676 0.634676 0.690245
vertex 0.635356 0.635356 0.700000
vertex 0.641573 0.627778 0.700000
endloop
endfacet
facet normal 0.769350 0.631340 -0.097517
outer loop
vertex 0.634676 0.634676 0.690245
vertex 0.641573 0.627778 0.700000
vertex 0.640774 0.627245 0.690245
endloop
endfacet
facet normal 0.225518 0.184823 0.956547
outer loop
vertex 0.613530 0.613530 0.746194
vertex 0.606898 0.606898 0.749039
vertex 0.608110 0.605419 0.749039
endloop
endfacet
facet normal 0.225401 0.184895 0.956561
outer loop
vertex 0.613530 0.613530 0.746194
vertex 0.608110 0.605419 0.749039
vertex 0.615909 0.610630 0.746194
endloop
endfacet
facet normal 0.740045 0.607285 -0.289031
outer loop
vertex 0.632664 0.632664 0.680866
vertex 0.634676 0.634676 0.690245
vertex 0.640774 0.627245 0.690245
endloop
endfacet
facet normal 0.740012 0.607344 -0.288991
outer loop
vertex 0.632664 0.632664 0.680866
vertex 0.640774 0.627245 0.690245
vertex 0.638409 0.625664 0.680866
endloop
endfacet
facet normal 0.365895 0.300138 0.880930
outer loop
vertex 0.619642 0.619642 0.741573
vertex 0.613530 0.613530 0.746194
vertex 0.615909 0.610630 0.746194
endloop
endfacet
facet normal 0.365745 0.300230 0.880961
outer loop
vertex 0.619642 0.619642 0.741573
vertex 0.615909 0.610630 0.746194
vertex 0.623097 0.615433 0.741573
endloop
endfacet
facet normal 0.682477 0.560116 -0.469570
outer loop
vertex 0.629397 0.629397 0.672221
vertex 0.632664 0.632664 0.680866
vertex 0.638409 0.625664 0.680866
endloop
endfacet
facet normal 0.682489 0.560068 -0.469610
outer loop
vertex 0.629397 0.629397 0.672221
vertex 0.638409 0.625664 0.680866
vertex 0.634567 0.623097 0.672221
endloop
endfacet
facet normal 0.491677 0.403610 0.771591
outer loop
vertex 0.625000 0.625000 0.735356
vertex 0.619642 0.619642 0.741573
vertex 0.623097 0.615433 0.741573
endloop
endfacet
facet normal 0.491770 0.403563 0.771557
outer loop
vertex 0.625000 0.625000 0.735356
vertex 0.623097 0.615433 0.741573
vertex 0.629397 0.619642 0.735356
endloop
endfacet
facet normal 0.598677 0.491296 -0.632625
outer loop
vertex 0.625000 0.625000 0.664645
vertex 0.629397 0.629397 0.672221
vertex 0.634567 0.623097 0.672221
endloop
endfacet
facet normal 0.598678 0.491319 -0.632606
outer loop
vertex 0.625000 0.625000 0.664645
vertex 0.634567 0.623097 0.672221
vertex 0.629397 0.619642 0.664645
endloop
endfacet
facet normal 0.598747 0.491349 0.632518
outer loop
vertex 0.629397 0.629397 0.727778
vertex 0.625000 0.625000 0.735356
vertex 0.629397 0.619642 0.735356
endloop
endfacet
facet normal 0.598748 0.491349 0.632516
outer loop
vertex 0.629397 0.629397 0.727778
vertex 0.629397 0.619642 0.735356
vertex 0.634567 0.623097 0.727778
endloop
endfacet
facet normal 0.491790 0.403586 -0.771532
outer loop
vertex 0.619642 0.619642 0.658427
vertex 0.625000 0.625000 0.664645
vertex 0.629397 0.619642 0.664645
endloop
endfacet
facet normal 0.491756 0.403680 -0.771504
outer loop
vertex 0.619642 0.619642 0.658427
vertex 0.629397 0.619642 0.664645
vertex 0.623097 0.615433 0.658427
endloop
endfacet
facet normal 0.682490 0.560066 0.469610
outer loop
vertex 0.632664 0.632664 0.719134
vertex 0.629397 0.629397 0.727778
vertex 0.634567 0.623097 0.727778
endloop
endfacet
facet normal 0.682445 0.560088 0.469649
outer loop
vertex 0.632664 0.632664 0.719134
vertex 0.634567 0.623097 0.727778
vertex 0.638409 0.625664 0.719134
endloop
endfacet
facet normal 0.365779 0.300263 -0.880936
outer loop
vertex 0.613530 0.613530 0.653806
vertex 0.619642 0.619642 0.658427
vertex 0.623097 0.615433 0.658427
endloop
endfacet
facet normal 0.365822 0.300091 -0.880977
outer loop
vertex 0.613530 0.613530 0.653806
vertex 0.623097 0.615433 0.658427
vertex 0.615909 0.610630 0.653806
endloop
endfacet
facet normal 0.778674 0.416098 -0.469605
outer loop
vertex 0.634567 0.623097 0.672221
vertex 0.638409 0.625664 0.680866
vertex 0.642677 0.617677 0.680866
endloop
endfacet
facet normal 0.778661 0.416196 -0.469540
outer loop
vertex 0.634567 0.623097 0.672221
vertex 0.642677 0.617677 0.680866
vertex 0.638409 0.615909 0.672221
endloop
endfacet
facet normal 0.561061 0.299858 0.771554
outer loop
vertex 0.629397 0.619642 0.735356
vertex 0.623097 0.615433 0.741573
vertex 0.625664 0.610630 0.741573
endloop
endfacet
facet normal 0.561030 0.299883 0.771567
outer loop
vertex 0.629397 0.619642 0.735356
vertex 0.625664 0.610630 0.741573
vertex 0.632664 0.613530 0.735356
endloop
endfacet
facet normal 0.683030 0.365083 -0.632601
outer loop
vertex 0.629397 0.619642 0.664645
vertex 0.634567 0.623097 0.672221
vertex 0.638409 0.615909 0.672221
endloop
endfacet
facet normal 0.683024 0.365081 -0.632610
outer loop
vertex 0.629397 0.619642 0.664645
vertex 0.638409 0.615909 0.672221
vertex 0.632664 0.613530 0.664645
endloop
endfacet
facet normal 0.683099 0.365134 0.632497
outer loop
vertex 0.634567 0.623097 0.727778
vertex 0.629397 0.619642 0.735356
vertex 0.632664 0.613530 0.735356
endloop
endfacet
facet normal 0.683098 0.365116 0.632508
outer loop
vertex 0.634567 0.623097 0.727778
vertex 0.632664 0.613530 0.735356
vertex 0.638409 0.615909 0.727778
endloop
endfacet
facet normal 0.561112 0.299916 -0.771495
outer loop
vertex 0.623097 0.615433 0.658427
vertex 0.629397 0.619642 0.664645
vertex 0.632664 0.613530 0.664645
endloop
endfacet
facet normal 0.561088 0.299870 -0.771529
outer loop
vertex 0.623097 0.615433 0.658427
vertex 0.632664 0.613530 0.664645
vertex 0.625664 0.610630 0.658427
endloop
endfacet
facet normal 0.778602 0.416179 0.469654
outer loop
vertex 0.638409 0.625664 0.719134
vertex 0.634567 0.623097 0.727778
vertex 0.638409 0.615909 0.727778
endloop
endfacet
facet normal 0.778684 0.416109 0.469580
outer loop
vertex 0.638409 0.625664 0.719134
vertex 0.638409 0.615909 0.727778
vertex 0.642677 0.617677 0.719134
endloop
endfacet
facet normal 0.417321 0.223033 -0.880965
outer loop
vertex 0.615909 0.610630 0.653806
vertex 0.623097 0.615433 0.658427
vertex 0.625664 0.610630 0.658427
endloop
endfacet
facet normal 0.417310 0.223039 -0.880969
outer loop
vertex 0.615909 0.610630 0.653806
vertex 0.625664 0.610630 0.658427
vertex 0.617677 0.607322 0.653806
endloop
endfacet
facet normal 0.844348 0.451207 0.288944
outer loop
vertex 0.640774 0.627245 0.709754
vertex 0.638409 0.625664 0.719134
vertex 0.642677 0.617677 0.719134
endloop
endfacet
facet normal 0.844224 0.451335 0.289107
outer loop
vertex 0.640774 0.627245 0.709754
vertex 0.642677 0.617677 0.719134
vertex 0.645307 0.618766 0.709754
endloop
endfacet
facet normal 0.257221 0.137465 -0.956525
outer loop
vertex 0.608110 0.605419 0.650960
vertex 0.615909 0.610630 0.653806
vertex 0.617677 0.607322 0.653806
endloop
endfacet
facet normal 0.257186 0.137578 -0.956518
outer loop
vertex 0.608110 0.605419 0.650960
vertex 0.617677 0.607322 0.653806
vertex 0.609012 0.603733 0.650960
endloop
endfacet
facet normal 0.877676 0.469224 0.097539
outer loop
vertex 0.641573 0.627778 0.700000
vertex 0.640774 0.627245 0.709754
vertex 0.645307 0.618766 0.709754
endloop
endfacet
facet normal 0.877695 0.469195 0.097507
outer loop
vertex 0.641573 0.627778 0.700000
vertex 0.645307 0.618766 0.709754
vertex 0.646194 0.619134 0.700000
endloop
endfacet
facet normal 0.086852 0.046465 0.995137
outer loop
vertex 0.608110 0.605419 0.749039
vertex 0.600000 0.600000 0.750000
vertex 0.609012 0.603733 0.749039
endloop
endfacet
facet normal 0.086778 0.046422 -0.995145
outer loop
vertex 0.600000 0.600000 0.650000
vertex 0.608110 0.605419 0.650960
vertex 0.609012 0.603733 0.650960
endloop
endfacet
facet normal 0.877693 0.469193 -0.097530
outer loop
vertex 0.640774 0.627245 0.690245
vertex 0.641573 0.627778 0.700000
vertex 0.646194 0.619134 0.700000
endloop
endfacet
facet normal 0.877678 0.469229 -0.097495
outer loop
vertex 0.640774 0.627245 0.690245
vertex 0.646194 0.619134 0.700000
vertex 0.645307 0.618766 0.690245
endloop
endfacet
facet normal 0.257045 0.137519 0.956565
outer loop
vertex 0.615909 0.610630 0.746194
vertex 0.608110 0.605419 0.749039
vertex 0.609012 0.603733 0.749039
endloop
endfacet
facet normal 0.257165 0.137432 0.956545
outer loop
vertex 0.615909 0.610630 0.746194
vertex 0.609012 0.603733 0.749039
vertex 0.617677 0.607322 0.746194
endloop
endfacet
facet normal 0.844258 0.451360 -0.288968
outer loop
vertex 0.638409 0.625664 0.680866
vertex 0.640774 0.627245 0.690245
vertex 0.645307 0.618766 0.690245
endloop
endfacet
facet normal 0.844294 0.451178 -0.289148
outer loop
vertex 0.638409 0.625664 0.680866
vertex 0.645307 0.618766 0.690245
vertex 0.642677 0.617677 0.680866
endloop
endfacet
facet normal 0.417318 0.223031 0.880967
outer loop
vertex 0.623097 0.615433 0.741573
vertex 0.615909 0.610630 0.746194
vertex 0.617677 0.607322 0.746194
endloop
endfacet
facet normal 0.417316 0.223039 0.880966
outer loop
vertex 0.623097 0.615433 0.741573
vertex 0.617677 0.607322 0.746194
vertex 0.625664 0.610630 0.741573
endloop
endfacet
facet normal 0.279085 0.084686 -0.956525
outer loop
vertex 0.609012 0.603733 0.650960
vertex 0.617677 0.607322 0.653806
vertex 0.618766 0.603733 0.653806
endloop
endfacet
facet normal 0.279083 0.084656 -0.956528
outer loop
vertex 0.609012 0.603733 0.650960
vertex 0.618766 0.603733 0.653806
vertex 0.609567 0.601903 0.650960
endloop
endfacet
facet normal 0.952396 0.288853 0.097500
outer loop
vertex 0.646194 0.619134 0.700000
vertex 0.645307 0.618766 0.709754
vertex 0.648097 0.609567 0.709754
endloop
endfacet
facet normal 0.952389 0.288869 0.097515
outer loop
vertex 0.646194 0.619134 0.700000
vertex 0.648097 0.609567 0.709754
vertex 0.649039 0.609754 0.700000
endloop
endfacet
facet normal 0.094274 0.028595 0.995136
outer loop
vertex 0.609012 0.603733 0.749039
vertex 0.600000 0.600000 0.750000
vertex 0.609567 0.601903 0.749039
endloop
endfacet
facet normal 0.094190 0.028565 -0.995144
outer loop
vertex 0.600000 0.600000 0.650000
vertex 0.609012 0.603733 0.650960
vertex 0.609567 0.601903 0.650960
endloop
endfacet
facet normal 0.952391 0.288871 -0.097491
outer loop
vertex 0.645307 0.618766 0.690245
vertex 0.646194 0.619134 0.700000
vertex 0.649039 0.609754 0.700000
endloop
endfacet
facet normal 0.952393 0.288860 -0.097504
outer loop
vertex 0.645307 0.618766 0.690245
vertex 0.649039 0.609754 0.700000
vertex 0.648097 0.609567 0.690245
endloop
endfacet
facet normal 0.278998 0.084635 0.956555
outer loop
vertex 0.617677 0.607322 0.746194
vertex 0.609012 0.603733 0.749039
vertex 0.609567 0.601903 0.749039
endloop
endfacet
facet normal 0.279007 0.084656 0.956550
outer loop
vertex 0.617677 0.607322 0.746194
vertex 0.609567 0.601903 0.749039
vertex 0.618766 0.603733 0.746194
endloop
endfacet
facet normal 0.916083 0.277834 -0.289137
outer loop
vertex 0.642677 0.617677 0.680866
vertex 0.645307 0.618766 0.690245
vertex 0.648097 0.609567 0.690245
endloop
endfacet
facet normal 0.916072 0.278051 -0.288964
outer loop
vertex 0.642677 0.617677 0.680866
vertex 0.648097 0.609567 0.690245
vertex 0.645307 0.609012 0.680866
endloop
endfacet
facet normal 0.452795 0.137396 0.880965
outer loop
vertex 0.625664 0.610630 0.741573
vertex 0.617677 0.607322 0.746194
vertex 0.618766 0.603733 0.746194
endloop
endfacet
facet normal 0.452798 0.137383 0.880965
outer loop
vertex 0.625664 0.610630 0.741573
vertex 0.618766 0.603733 0.746194
vertex 0.627245 0.605419 0.741573
endloop
endfacet
facet normal 0.844851 0.256426 -0.469545
outer loop
vertex 0.638409 0.615909 0.672221
vertex 0.642677 0.617677 0.680866
vertex 0.645307 0.609012 0.680866
endloop
endfacet
facet normal 0.844827 0.256188 -0.469717
outer loop
vertex 0.638409 0.615909 0.672221
vertex 0.645307 0.609012 0.680866
vertex 0.640774 0.608110 0.672221
endloop
endfacet
facet normal 0.608750 0.184694 0.771564
outer loop
vertex 0.632664 0.613530 0.735356
vertex 0.625664 0.610630 0.741573
vertex 0.627245 0.605419 0.741573
endloop
endfacet
facet normal 0.608753 0.184682 0.771565
outer loop
vertex 0.632664 0.613530 0.735356
vertex 0.627245 0.605419 0.741573
vertex 0.634676 0.606898 0.735356
endloop
endfacet
facet normal 0.741152 0.224753 -0.632598
outer loop
vertex 0.632664 0.613530 0.664645
vertex 0.638409 0.615909 0.672221
vertex 0.640774 0.608110 0.672221
endloop
endfacet
facet normal 0.741162 0.224852 -0.632551
outer loop
vertex 0.632664 0.613530 0.664645
vertex 0.640774 0.608110 0.672221
vertex 0.634676 0.606898 0.664645
endloop
endfacet
facet normal 0.741192 0.224859 0.632513
outer loop
vertex 0.638409 0.615909 0.727778
vertex 0.632664 0.613530 0.735356
vertex 0.634676 0.606898 0.735356
endloop
endfacet
facet normal 0.741268 0.224789 0.632449
outer loop
vertex 0.638409 0.615909 0.727778
vertex 0.634676 0.606898 0.735356
vertex 0.640774 0.608110 0.727778
endloop
endfacet
facet normal 0.608815 0.184697 -0.771513
outer loop
vertex 0.625664 0.610630 0.658427
vertex 0.632664 0.613530 0.664645
vertex 0.634676 0.606898 0.664645
endloop
endfacet
facet normal 0.608807 0.184719 -0.771513
outer loop
vertex 0.625664 0.610630 0.658427
vertex 0.634676 0.606898 0.664645
vertex 0.627245 0.605419 0.658427
endloop
endfacet
facet normal 0.844900 0.256204 0.469579
outer loop
vertex 0.642677 0.617677 0.719134
vertex 0.638409 0.615909 0.727778
vertex 0.640774 0.608110 0.727778
endloop
endfacet
facet normal 0.844748 0.256394 0.469748
outer loop
vertex 0.642677 0.617677 0.719134
vertex 0.640774 0.608110 0.727778
vertex 0.645307 0.609012 0.719134
endloop
endfacet
facet normal 0.452811 0.137379 -0.880959
outer loop
vertex 0.617677 0.607322 0.653806
vertex 0.625664 0.610630 0.658427
vertex 0.627245 0.605419 0.658427
endloop
endfacet
facet normal 0.452774 0.137400 -0.880975
outer loop
vertex 0.617677 0.607322 0.653806
vertex 0.627245 0.605419 0.658427
vertex 0.618766 0.603733 0.653806
endloop
endfacet
facet normal 0.916028 0.278038 0.289117
outer loop
vertex 0.645307 0.618766 0.709754
vertex 0.642677 0.617677 0.719134
vertex 0.645307 0.609012 0.719134
endloop
endfacet
facet normal 0.916142 0.277850 0.288935
outer loop
vertex 0.645307 0.618766 0.709754
vertex 0.645307 0.609012 0.719134
vertex 0.648097 0.609567 0.709754
endloop
endfacet
facet normal 0.770774 0.075942 -0.632567
outer loop
vertex 0.634676 0.606898 0.664645
vertex 0.640774 0.608110 0.672221
vertex 0.641573 0.600000 0.672221
endloop
endfacet
facet normal 0.770804 0.075991 -0.632524
outer loop
vertex 0.634676 0.606898 0.664645
vertex 0.641573 0.600000 0.672221
vertex 0.635356 0.600000 0.664645
endloop
endfacet
facet normal 0.770852 0.075991 0.632465
outer loop
vertex 0.640774 0.608110 0.727778
vertex 0.634676 0.606898 0.735356
vertex 0.635356 0.600000 0.735356
endloop
endfacet
facet normal 0.770879 0.075956 0.632437
outer loop
vertex 0.640774 0.608110 0.727778
vertex 0.635356 0.600000 0.735356
vertex 0.641573 0.600000 0.727778
endloop
endfacet
facet normal 0.633164 0.062428 -0.771496
outer loop
vertex 0.627245 0.605419 0.658427
vertex 0.634676 0.606898 0.664645
vertex 0.635356 0.600000 0.664645
endloop
endfacet
facet normal 0.633092 0.062278 -0.771567
outer loop
vertex 0.627245 0.605419 0.658427
vertex 0.635356 0.600000 0.664645
vertex 0.627778 0.600000 0.658427
endloop
endfacet
facet normal 0.878542 0.086567 0.469755
outer loop
vertex 0.645307 0.609012 0.719134
vertex 0.640774 0.608110 0.727778
vertex 0.641573 0.600000 0.727778
endloop
endfacet
facet normal 0.878595 0.086468 0.469675
outer loop
vertex 0.645307 0.609012 0.719134
vertex 0.641573 0.600000 0.727778
vertex 0.646194 0.600000 0.719134
endloop
endfacet
facet normal 0.470920 0.046315 -0.880959
outer loop
vertex 0.618766 0.603733 0.653806
vertex 0.627245 0.605419 0.658427
vertex 0.627778 0.600000 0.658427
endloop
endfacet
facet normal 0.470944 0.046428 -0.880941
outer loop
vertex 0.618766 0.603733 0.653806
vertex 0.627778 0.600000 0.658427
vertex 0.619134 0.600000 0.653806
endloop
endfacet
facet normal 0.952746 0.093768 0.288935
outer loop
vertex 0.648097 0.609567 0.709754
vertex 0.645307 0.609012 0.719134
vertex 0.646194 0.600000 0.719134
endloop
endfacet
facet normal 0.952731 0.093804 0.288973
outer loop
vertex 0.648097 0.609567 0.709754
vertex 0.646194 0.600000 0.719134
vertex 0.649039 0.600000 0.709754
endloop
endfacet
facet normal 0.290245 0.028611 -0.956524
outer loop
vertex 0.609567 0.601903 0.650960
vertex 0.618766 0.603733 0.653806
vertex 0.619134 0.600000 0.653806
endloop
endfacet
facet normal 0.290201 0.028509 -0.956541
outer loop
vertex 0.609567 0.601903 0.650960
vertex 0.619134 0.600000 0.653806
vertex 0.609754 0.600000 0.650960
endloop
endfacet
facet normal 0.990444 0.097525 0.097521
outer loop
vertex 0.649039 0.609754 0.700000
vertex 0.648097 0.609567 0.709754
vertex 0.649039 0.600000 0.709754
endloop
endfacet
facet normal 0.990434 0.097573 0.097575
outer loop
vertex 0.649039 0.609754 0.700000
vertex 0.649039 0.600000 0.709754
vertex 0.650000 0.600000 0.700000
endloop
endfacet
facet normal 0.098036 0.009630 0.995136
outer loop
vertex 0.609567 0.601903 0.749039
vertex 0.600000 0.600000 0.750000
vertex 0.609754 0.600000 0.749039
endloop
endfacet
facet normal 0.097938 0.009624 -0.995146
outer loop
vertex 0.600000 0.600000 0.650000
vertex 0.609567 0.601903 0.650960
vertex 0.609754 0.600000 0.650960
endloop
endfacet
facet normal 0.990440 0.097573 -0.097512
outer loop
vertex 0.648097 0.609567 0.690245
vertex 0.649039 0.609754 0.700000
vertex 0.650000 0.600000 0.700000
endloop
endfacet
facet normal 0.990439 0.097524 -0.097566
outer loop
vertex 0.648097 0.609567 0.690245
vertex 0.650000 0.600000 0.700000
vertex 0.649039 0.600000 0.690245
endloop
endfacet
facet normal 0.290148 0.028501 0.956557
outer loop
vertex 0.618766 0.603733 0.746194
vertex 0.609567 0.601903 0.749039
vertex 0.609754 0.600000 0.749039
endloop
endfacet
facet normal 0.290144 0.028604 0.956555
outer loop
vertex 0.618766 0.603733 0.746194
vertex 0.609754 0.600000 0.749039
vertex 0.619134 0.600000 0.746194
endloop
endfacet
facet normal 0.952735 0.093803 -0.288958
outer loop
vertex 0.645307 0.609012 0.680866
vertex 0.648097 0.609567 0.690245
vertex 0.649039 0.600000 0.690245
endloop
endfacet
facet normal 0.952724 0.093766 -0.289006
outer loop
vertex 0.645307 0.609012 0.680866
vertex 0.649039 0.600000 0.690245
vertex 0.646194 0.600000 0.680866
endloop
endfacet
facet normal 0.470893 0.046423 0.880968
outer loop
vertex 0.627245 0.605419 0.741573
vertex 0.618766 0.603733 0.746194
vertex 0.619134 0.600000 0.746194
endloop
endfacet
facet normal 0.470948 0.046319 0.880944
outer loop
vertex 0.627245 0.605419 0.741573
vertex 0.619134 0.600000 0.746194
vertex 0.627778 0.600000 0.741573
endloop
endfacet
facet normal 0.878580 0.086466 -0.469703
outer loop
vertex 0.640774 0.608110 0.672221
vertex 0.645307 0.609012 0.680866
vertex 0.646194 0.600000 0.680866
endloop
endfacet
facet normal 0.878603 0.086576 -0.469640
outer loop
vertex 0.640774 0.608110 0.672221
vertex 0.646194 0.600000 0.680866
vertex 0.641573 0.600000 0.672221
endloop
endfacet
facet normal 0.633121 0.062271 0.771544
outer loop
vertex 0.634676 0.606898 0.735356
vertex 0.627245 0.605419 0.741573
vertex 0.627778 0.600000 0.741573
endloop
endfacet
facet normal 0.633039 0.062413 0.771599
outer loop
vertex 0.634676 0.606898 0.735356
vertex 0.627778 0.600000 0.741573
vertex 0.635356 0.600000 0.735356
endloop
endfacet
facet normal 0.098036 -0.009630 0.995136
outer loop
vertex 0.609754 0.600000 0.749039
vertex 0.600000 0.600000 0.750000
vertex 0.609567 0.598097 0.749039
endloop
endfacet
facet normal 0.097936 -0.009624 -0.995146
outer loop
vertex 0.600000 0.600000 0.650000
vertex 0.609754 0.600000 0.650960
vertex 0.609567 0.598097 0.650960
endloop
endfacet
facet normal 0.990435 -0.097572 -0.097565
outer loop
vertex 0.649039 0.600000 0.690245
vertex 0.650000 0.600000 0.700000
vertex 0.649039 0.590245 0.700000
endloop
endfacet
facet normal 0.990445 -0.097515 -0.097522
outer loop
vertex 0.649039 0.600000 0.690245
vertex 0.649039 0.590245 0.700000
vertex 0.648097 0.590433 0.690245
endloop
endfacet
facet normal 0.290123 -0.028497 0.956565
outer loop
vertex 0.619134 0.600000 0.746194
vertex 0.609754 0.600000 0.749039
vertex 0.609567 0.598097 0.749039
endloop
endfacet
facet normal 0.290158 -0.028605 0.956551
outer loop
vertex 0.619134 0.600000 0.746194
vertex 0.609567 0.598097 0.749039
vertex 0.618766 0.596267 0.746194
endloop
endfacet
facet normal 0.952723 -0.093802 -0.288999
outer loop
vertex 0.646194 0.600000 0.680866
vertex 0.649039 0.600000 0.690245
vertex 0.648097 0.590433 0.690245
endloop
endfacet
facet normal 0.952738 -0.093767 -0.288961
outer loop
vertex 0.646194 0.600000 0.680866
vertex 0.648097 0.590433 0.690245
vertex 0.645307 0.590988 0.680866
endloop
endfacet
facet normal 0.470941 -0.046427 0.880942
outer loop
vertex 0.627778 0.600000 0.741573
vertex 0.619134 0.600000 0.746194
vertex 0.618766 0.596267 0.746194
endloop
endfacet
facet normal 0.470905 -0.046316 0.880967
outer loop
vertex 0.627778 0.600000 0.741573
vertex 0.618766 0.596267 0.746194
vertex 0.627245 0.594581 0.741573
endloop
endfacet
facet normal 0.878619 -0.086470 -0.469629
outer loop
vertex 0.641573 0.600000 0.672221
vertex 0.646194 0.600000 0.680866
vertex 0.645307 0.590988 0.680866
endloop
endfacet
facet normal 0.878563 -0.086572 -0.469715
outer loop
vertex 0.641573 0.600000 0.672221
vertex 0.645307 0.590988 0.680866
vertex 0.640774 0.591890 0.672221
endloop
endfacet
facet normal 0.633042 -0.062263 0.771609
outer loop
vertex 0.635356 0.600000 0.735356
vertex 0.627778 0.600000 0.741573
vertex 0.627245 0.594581 0.741573
endloop
endfacet
facet normal 0.633103 -0.062429 0.771546
outer loop
vertex 0.635356 0.600000 0.735356
vertex 0.627245 0.594581 0.741573
vertex 0.634676 0.593103 0.735356
endloop
endfacet
facet normal 0.770797 -0.075944 -0.632538
outer loop
vertex 0.635356 0.600000 0.664645
vertex 0.641573 0.600000 0.672221
vertex 0.640774 0.591890 0.672221
endloop
endfacet
facet normal 0.770768 -0.075999 -0.632567
outer loop
vertex 0.635356 0.600000 0.664645
vertex 0.640774 0.591890 0.672221
vertex 0.634676 0.593103 0.664645
endloop
endfacet
facet normal 0.770879 -0.076018 0.632429
outer loop
vertex 0.641573 0.600000 0.727778
vertex 0.635356 0.600000 0.735356
vertex 0.634676 0.593103 0.735356
endloop
endfacet
facet normal 0.770847 -0.075941 0.632477
outer loop
vertex 0.641573 0.600000 0.727778
vertex 0.634676 0.593103 0.735356
vertex 0.640774 0.591890 0.727778
endloop
endfacet
facet normal 0.633098 -0.062431 -0.771550
outer loop
vertex 0.627778 0.600000 0.658427
vertex 0.635356 0.600000 0.664645
vertex 0.634676 0.593103 0.664645
endloop
endfacet
facet normal 0.633180 -0.062286 -0.771494
outer loop
vertex 0.627778 0.600000 0.658427
vertex 0.634676 0.593103 0.664645
vertex 0.627245 0.594581 0.658427
endloop
endfacet
facet normal 0.878587 -0.086571 0.469671
outer loop
vertex 0.646194 0.600000 0.719134
vertex 0.641573 0.600000 0.727778
vertex 0.640774 0.591890 0.727778
endloop
endfacet
facet normal 0.878557 -0.086464 0.469747
outer loop
vertex 0.646194 0.600000 0.719134
vertex 0.640774 0.591890 0.727778
vertex 0.645307 0.590988 0.719134
endloop
endfacet
facet normal 0.470951 -0.046319 -0.880942
outer loop
vertex 0.619134 0.600000 0.653806
vertex 0.627778 0.600000 0.658427
vertex 0.627245 0.594581 0.658427
endloop
endfacet
facet normal 0.470900 -0.046421 -0.880964
outer loop
vertex 0.619134 0.600000 0.653806
vertex 0.627245 0.594581 0.658427
vertex 0.618766 0.596267 0.653806
endloop
endfacet
facet normal 0.952736 -0.093756 0.288972
outer loop
vertex 0.649039 0.600000 0.709754
vertex 0.646194 0.600000 0.719134
vertex 0.645307 0.590988 0.719134
endloop
endfacet
facet normal 0.952741 -0.093815 0.288936
outer loop
vertex 0.649039 0.600000 0.709754
vertex 0.645307 0.590988 0.719134
vertex 0.648097 0.590433 0.709754
endloop
endfacet
facet normal 0.290213 -0.028614 -0.956534
outer loop
vertex 0.609754 0.600000 0.650960
vertex 0.619134 0.600000 0.653806
vertex 0.618766 0.596267 0.653806
endloop
endfacet
facet normal 0.290257 -0.028502 -0.956524
outer loop
vertex 0.609754 0.600000 0.650960
vertex 0.618766 0.596267 0.653806
vertex 0.609567 0.598097 0.650960
endloop
endfacet
facet normal 0.990438 -0.097524 0.097575
outer loop
vertex 0.650000 0.600000 0.700000
vertex 0.649039 0.600000 0.709754
vertex 0.648097 0.590433 0.709754
endloop
endfacet
facet normal 0.990439 -0.097563 0.097532
outer loop
vertex 0.650000 0.600000 0.700000
vertex 0.648097 0.590433 0.709754
vertex 0.649039 0.590245 0.700000
endloop
endfacet
facet normal 0.741225 -0.224853 0.632476
outer loop
vertex 0.640774 0.591890 0.727778
vertex 0.634676 0.593103 0.735356
vertex 0.632664 0.586470 0.735356
endloop
endfacet
facet normal 0.741235 -0.224767 0.632496
outer loop
vertex 0.640774 0.591890 0.727778
vertex 0.632664 0.586470 0.735356
vertex 0.638409 0.584091 0.727778
endloop
endfacet
facet normal 0.608838 -0.184675 -0.771499
outer loop
vertex 0.627245 0.594581 0.658427
vertex 0.634676 0.593103 0.664645
vertex 0.632664 0.586470 0.664645
endloop
endfacet
facet normal 0.608821 -0.184689 -0.771509
outer loop
vertex 0.627245 0.594581 0.658427
vertex 0.632664 0.586470 0.664645
vertex 0.625664 0.589369 0.658427
endloop
endfacet
facet normal 0.844805 -0.256175 0.469765
outer loop
vertex 0.645307 0.590988 0.719134
vertex 0.640774 0.591890 0.727778
vertex 0.638409 0.584091 0.727778
endloop
endfacet
facet normal 0.844830 -0.256389 0.469603
outer loop
vertex 0.645307 0.590988 0.719134
vertex 0.638409 0.584091 0.727778
vertex 0.642677 0.582322 0.719134
endloop
endfacet
facet normal 0.452810 -0.137361 -0.880963
outer loop
vertex 0.618766 0.596267 0.653806
vertex 0.627245 0.594581 0.658427
vertex 0.625664 0.589369 0.658427
endloop
endfacet
facet normal 0.452790 -0.137356 -0.880974
outer loop
vertex 0.618766 0.596267 0.653806
vertex 0.625664 0.589369 0.658427
vertex 0.617677 0.592677 0.653806
endloop
endfacet
facet normal 0.916092 -0.278015 0.288934
outer loop
vertex 0.648097 0.590433 0.709754
vertex 0.645307 0.590988 0.719134
vertex 0.642677 0.582322 0.719134
endloop
endfacet
facet normal 0.916097 -0.277846 0.289081
outer loop
vertex 0.648097 0.590433 0.709754
vertex 0.642677 0.582322 0.719134
vertex 0.645307 0.581234 0.709754
endloop
endfacet
facet normal 0.279094 -0.084668 -0.956524
outer loop
vertex 0.609567 0.598097 0.650960
vertex 0.618766 0.596267 0.653806
vertex 0.617677 0.592677 0.653806
endloop
endfacet
facet normal 0.279083 -0.084643 -0.956529
outer loop
vertex 0.609567 0.598097 0.650960
vertex 0.617677 0.592677 0.653806
vertex 0.609012 0.596267 0.650960
endloop
endfacet
facet normal 0.952391 -0.288852 0.097552
outer loop
vertex 0.649039 0.590245 0.700000
vertex 0.648097 0.590433 0.709754
vertex 0.645307 0.581234 0.709754
endloop
endfacet
facet normal 0.952383 -0.288896 0.097496
outer loop
vertex 0.649039 0.590245 0.700000
vertex 0.645307 0.581234 0.709754
vertex 0.646194 0.580866 0.700000
endloop
endfacet
facet normal 0.094257 -0.028594 0.995137
outer loop
vertex 0.609567 0.598097 0.749039
vertex 0.600000 0.600000 0.750000
vertex 0.609012 0.596267 0.749039
endloop
endfacet
facet normal 0.094194 -0.028563 -0.995144
outer loop
vertex 0.600000 0.600000 0.650000
vertex 0.609567 0.598097 0.650960
vertex 0.609012 0.596267 0.650960
endloop
endfacet
facet normal 0.952376 -0.288905 -0.097536
outer loop
vertex 0.648097 0.590433 0.690245
vertex 0.649039 0.590245 0.700000
vertex 0.646194 0.580866 0.700000
endloop
endfacet
facet normal 0.952397 -0.288853 -0.097491
outer loop
vertex 0.648097 0.590433 0.690245
vertex 0.646194 0.580866 0.700000
vertex 0.645307 0.581234 0.690245
endloop
endfacet
facet normal 0.278980 -0.084614 0.956562
outer loop
vertex 0.618766 0.596267 0.746194
vertex 0.609567 0.598097 0.749039
vertex 0.609012 0.596267 0.749039
endloop
endfacet
facet normal 0.279017 -0.084644 0.956549
outer loop
vertex 0.618766 0.596267 0.746194
vertex 0.609012 0.596267 0.749039
vertex 0.617677 0.592677 0.746194
endloop
endfacet
facet normal 0.916132 -0.277856 -0.288961
outer loop
vertex 0.645307 0.590988 0.680866
vertex 0.648097 0.590433 0.690245
vertex 0.645307 0.581234 0.690245
endloop
endfacet
facet normal 0.916039 -0.277999 -0.289120
outer loop
vertex 0.645307 0.590988 0.680866
vertex 0.645307 0.581234 0.690245
vertex 0.642677 0.582322 0.680866
endloop
endfacet
facet normal 0.452813 -0.137372 0.880959
outer loop
vertex 0.627245 0.594581 0.741573
vertex 0.618766 0.596267 0.746194
vertex 0.617677 0.592677 0.746194
endloop
endfacet
facet normal 0.452795 -0.137350 0.880972
outer loop
vertex 0.627245 0.594581 0.741573
vertex 0.617677 0.592677 0.746194
vertex 0.625664 0.589369 0.741573
endloop
endfacet
facet normal 0.844777 -0.256364 -0.469711
outer loop
vertex 0.640774 0.591890 0.672221
vertex 0.645307 0.590988 0.680866
vertex 0.642677 0.582322 0.680866
endloop
endfacet
facet normal 0.844906 -0.256224 -0.469557
outer loop
vertex 0.640774 0.591890 0.672221
vertex 0.642677 0.582322 0.680866
vertex 0.638409 0.584091 0.672221
endloop
endfacet
facet normal 0.608774 -0.184664 0.771553
outer loop
vertex 0.634676 0.593103 0.735356
vertex 0.627245 0.594581 0.741573
vertex 0.625664 0.589369 0.741573
endloop
endfacet
facet normal 0.608777 -0.184662 0.771551
outer loop
vertex 0.634676 0.593103 0.735356
vertex 0.625664 0.589369 0.741573
vertex 0.632664 0.586470 0.735356
endloop
endfacet
facet normal 0.741176 -0.224752 -0.632570
outer loop
vertex 0.634676 0.593103 0.664645
vertex 0.640774 0.591890 0.672221
vertex 0.638409 0.584091 0.672221
endloop
endfacet
facet normal 0.741131 -0.224821 -0.632598
outer loop
vertex 0.634676 0.593103 0.664645
vertex 0.638409 0.584091 0.672221
vertex 0.632664 0.586470 0.664645
endloop
endfacet
facet normal 0.877717 -0.469154 -0.097503
outer loop
vertex 0.645307 0.581234 0.690245
vertex 0.646194 0.580866 0.700000
vertex 0.641573 0.572221 0.700000
endloop
endfacet
facet normal 0.877671 -0.469224 -0.097582
outer loop
vertex 0.645307 0.581234 0.690245
vertex 0.641573 0.572221 0.700000
vertex 0.640774 0.572755 0.690245
endloop
endfacet
facet normal 0.257067 -0.137519 0.956559
outer loop
vertex 0.617677 0.592677 0.746194
vertex 0.609012 0.596267 0.749039
vertex 0.608110 0.594581 0.749039
endloop
endfacet
facet normal 0.257116 -0.137418 0.956560
outer loop
vertex 0.617677 0.592677 0.746194
vertex 0.608110 0.594581 0.749039
vertex 0.615909 0.589369 0.746194
endloop
endfacet
facet normal 0.844226 -0.451344 -0.289086
outer loop
vertex 0.642677 0.582322 0.680866
vertex 0.645307 0.581234 0.690245
vertex 0.640774 0.572755 0.690245
endloop
endfacet
facet normal 0.844321 -0.451243 -0.288966
outer loop
vertex 0.642677 0.582322 0.680866
vertex 0.640774 0.572755 0.690245
vertex 0.638409 0.574336 0.680866
endloop
endfacet
facet normal 0.417326 -0.223048 0.880959
outer loop
vertex 0.625664 0.589369 0.741573
vertex 0.617677 0.592677 0.746194
vertex 0.615909 0.589369 0.746194
endloop
endfacet
facet normal 0.417309 -0.223073 0.880961
outer loop
vertex 0.625664 0.589369 0.741573
vertex 0.615909 0.589369 0.746194
vertex 0.623097 0.584567 0.741573
endloop
endfacet
facet normal 0.778660 -0.416147 -0.469586
outer loop
vertex 0.638409 0.584091 0.672221
vertex 0.642677 0.582322 0.680866
vertex 0.638409 0.574336 0.680866
endloop
endfacet
facet normal 0.778626 -0.416172 -0.469619
outer loop
vertex 0.638409 0.584091 0.672221
vertex 0.638409 0.574336 0.680866
vertex 0.634567 0.576903 0.672221
endloop
endfacet
facet normal 0.561043 -0.299905 0.771549
outer loop
vertex 0.632664 0.586470 0.735356
vertex 0.625664 0.589369 0.741573
vertex 0.623097 0.584567 0.741573
endloop
endfacet
facet normal 0.561043 -0.299842 0.771573
outer loop
vertex 0.632664 0.586470 0.735356
vertex 0.623097 0.584567 0.741573
vertex 0.629397 0.580357 0.735356
endloop
endfacet
facet normal 0.683029 -0.365076 -0.632607
outer loop
vertex 0.632664 0.586470 0.664645
vertex 0.638409 0.584091 0.672221
vertex 0.634567 0.576903 0.672221
endloop
endfacet
facet normal 0.683075 -0.365048 -0.632573
outer loop
vertex 0.632664 0.586470 0.664645
vertex 0.634567 0.576903 0.672221
vertex 0.629397 0.580357 0.664645
endloop
endfacet
facet normal 0.683124 -0.365075 0.632504
outer loop
vertex 0.638409 0.584091 0.727778
vertex 0.632664 0.586470 0.735356
vertex 0.629397 0.580357 0.735356
endloop
endfacet
facet normal 0.683117 -0.365131 0.632480
outer loop
vertex 0.638409 0.584091 0.727778
vertex 0.629397 0.580357 0.735356
vertex 0.634567 0.576903 0.727778
endloop
endfacet
facet normal 0.561125 -0.299879 -0.771499
outer loop
vertex 0.625664 0.589369 0.658427
vertex 0.632664 0.586470 0.664645
vertex 0.629397 0.580357 0.664645
endloop
endfacet
facet normal 0.561067 -0.299920 -0.771526
outer loop
vertex 0.625664 0.589369 0.658427
vertex 0.629397 0.580357 0.664645
vertex 0.623097 0.584567 0.658427
endloop
endfacet
facet normal 0.778617 -0.416180 0.469627
outer loop
vertex 0.642677 0.582322 0.719134
vertex 0.638409 0.584091 0.727778
vertex 0.634567 0.576903 0.727778
endloop
endfacet
facet normal 0.778628 -0.416131 0.469652
outer loop
vertex 0.642677 0.582322 0.719134
vertex 0.634567 0.576903 0.727778
vertex 0.638409 0.574336 0.719134
endloop
endfacet
facet normal 0.417297 -0.223081 -0.880964
outer loop
vertex 0.617677 0.592677 0.653806
vertex 0.625664 0.589369 0.658427
vertex 0.623097 0.584567 0.658427
endloop
endfacet
facet normal 0.417349 -0.223041 -0.880950
outer loop
vertex 0.617677 0.592677 0.653806
vertex 0.623097 0.584567 0.658427
vertex 0.615909 0.589369 0.653806
endloop
endfacet
facet normal 0.844301 -0.451222 0.289060
outer loop
vertex 0.645307 0.581234 0.709754
vertex 0.642677 0.582322 0.719134
vertex 0.638409 0.574336 0.719134
endloop
endfacet
facet normal 0.844263 -0.451366 0.288943
outer loop
vertex 0.645307 0.581234 0.709754
vertex 0.638409 0.574336 0.719134
vertex 0.640774 0.572755 0.709754
endloop
endfacet
facet normal 0.257229 -0.137469 -0.956522
outer loop
vertex 0.609012 0.596267 0.650960
vertex 0.617677 0.592677 0.653806
vertex 0.615909 0.589369 0.653806
endloop
endfacet
facet normal 0.257103 -0.137548 -0.956545
outer loop
vertex 0.609012 0.596267 0.650960
vertex 0.615909 0.589369 0.653806
vertex 0.608110 0.594581 0.650960
endloop
endfacet
facet normal 0.877676 -0.469230 0.097516
outer loop
vertex 0.646194 0.580866 0.700000
vertex 0.645307 0.581234 0.709754
vertex 0.640774 0.572755 0.709754
endloop
endfacet
facet normal 0.877711 -0.469147 0.097588
outer loop
vertex 0.646194 0.580866 0.700000
vertex 0.640774 0.572755 0.709754
vertex 0.641573 0.572221 0.700000
endloop
endfacet
facet normal 0.086881 -0.046467 0.995134
outer loop
vertex 0.609012 0.596267 0.749039
vertex 0.600000 0.600000 0.750000
vertex 0.608110 0.594581 0.749039
endloop
endfacet
facet normal 0.086759 -0.046425 -0.995147
outer loop
vertex 0.600000 0.600000 0.650000
vertex 0.609012 0.596267 0.650960
vertex 0.608110 0.594581 0.650960
endloop
endfacet
facet normal 0.491759 -0.403634 -0.771526
outer loop
vertex 0.623097 0.584567 0.658427
vertex 0.629397 0.580357 0.664645
vertex 0.625000 0.575000 0.664645
endloop
endfacet
facet normal 0.491809 -0.403616 -0.771504
outer loop
vertex 0.623097 0.584567 0.658427
vertex 0.625000 0.575000 0.664645
vertex 0.619642 0.580357 0.658427
endloop
endfacet
facet normal 0.682467 -0.560056 0.469655
outer loop
vertex 0.638409 0.574336 0.719134
vertex 0.634567 0.576903 0.727778
vertex 0.629397 0.570603 0.727778
endloop
endfacet
facet normal 0.682458 -0.560101 0.469615
outer loop
vertex 0.638409 0.574336 0.719134
vertex 0.629397 0.570603 0.727778
vertex 0.632664 0.567336 0.719134
endloop
endfacet
facet normal 0.365791 -0.300203 -0.880952
outer loop
vertex 0.615909 0.589369 0.653806
vertex 0.623097 0.584567 0.658427
vertex 0.619642 0.580357 0.658427
endloop
endfacet
facet normal 0.365830 -0.300179 -0.880943
outer loop
vertex 0.615909 0.589369 0.653806
vertex 0.619642 0.580357 0.658427
vertex 0.613530 0.586470 0.653806
endloop
endfacet
facet normal 0.740019 -0.607353 0.288955
outer loop
vertex 0.640774 0.572755 0.709754
vertex 0.638409 0.574336 0.719134
vertex 0.632664 0.567336 0.719134
endloop
endfacet
facet normal 0.740044 -0.607300 0.289001
outer loop
vertex 0.640774 0.572755 0.709754
vertex 0.632664 0.567336 0.719134
vertex 0.634676 0.565324 0.709754
endloop
endfacet
facet normal 0.225434 -0.184992 -0.956534
outer loop
vertex 0.608110 0.594581 0.650960
vertex 0.615909 0.589369 0.653806
vertex 0.613530 0.586470 0.653806
endloop
endfacet
facet normal 0.225548 -0.184927 -0.956520
outer loop
vertex 0.608110 0.594581 0.650960
vertex 0.613530 0.586470 0.653806
vertex 0.606898 0.593103 0.650960
endloop
endfacet
facet normal 0.769348 -0.631330 0.097597
outer loop
vertex 0.641573 0.572221 0.700000
vertex 0.640774 0.572755 0.709754
vertex 0.634676 0.565324 0.709754
endloop
endfacet
facet normal 0.769342 -0.631340 0.097585
outer loop
vertex 0.641573 0.572221 0.700000
vertex 0.634676 0.565324 0.709754
vertex 0.635356 0.564645 0.700000
endloop
endfacet
facet normal 0.076176 -0.062471 0.995135
outer loop
vertex 0.608110 0.594581 0.749039
vertex 0.600000 0.600000 0.750000
vertex 0.606898 0.593103 0.749039
endloop
endfacet
facet normal 0.076125 -0.062407 -0.995143
outer loop
vertex 0.600000 0.600000 0.650000
vertex 0.608110 0.594581 0.650960
vertex 0.606898 0.593103 0.650960
endloop
endfacet
facet normal 0.769342 -0.631341 -0.097582
outer loop
vertex 0.640774 0.572755 0.690245
vertex 0.641573 0.572221 0.700000
vertex 0.635356 0.564645 0.700000
endloop
endfacet
facet normal 0.769347 -0.631334 -0.097581
outer loop
vertex 0.640774 0.572755 0.690245
vertex 0.635356 0.564645 0.700000
vertex 0.634676 0.565324 0.690245
endloop
endfacet
facet normal 0.225406 -0.184841 0.956570
outer loop
vertex 0.615909 0.589369 0.746194
vertex 0.608110 0.594581 0.749039
vertex 0.606898 0.593103 0.749039
endloop
endfacet
facet normal 0.225383 -0.184950 0.956554
outer loop
vertex 0.615909 0.589369 0.746194
vertex 0.606898 0.593103 0.749039
vertex 0.613530 0.586470 0.746194
endloop
endfacet
facet normal 0.740056 -0.607294 -0.288981
outer loop
vertex 0.638409 0.574336 0.680866
vertex 0.640774 0.572755 0.690245
vertex 0.634676 0.565324 0.690245
endloop
endfacet
facet normal 0.739997 -0.607341 -0.289037
outer loop
vertex 0.638409 0.574336 0.680866
vertex 0.634676 0.565324 0.690245
vertex 0.632664 0.567336 0.680866
endloop
endfacet
facet normal 0.365795 -0.300184 0.880956
outer loop
vertex 0.623097 0.584567 0.741573
vertex 0.615909 0.589369 0.746194
vertex 0.613530 0.586470 0.746194
endloop
endfacet
facet normal 0.365800 -0.300202 0.880948
outer loop
vertex 0.623097 0.584567 0.741573
vertex 0.613530 0.586470 0.746194
vertex 0.619642 0.580357 0.741573
endloop
endfacet
facet normal 0.682463 -0.560103 -0.469604
outer loop
vertex 0.634567 0.576903 0.672221
vertex 0.638409 0.574336 0.680866
vertex 0.632664 0.567336 0.680866
endloop
endfacet
facet normal 0.682493 -0.560090 -0.469578
outer loop
vertex 0.634567 0.576903 0.672221
vertex 0.632664 0.567336 0.680866
vertex 0.629397 0.570603 0.672221
endloop
endfacet
facet normal 0.491736 -0.403559 0.771580
outer loop
vertex 0.629397 0.580357 0.735356
vertex 0.623097 0.584567 0.741573
vertex 0.619642 0.580357 0.741573
endloop
endfacet
facet normal 0.491731 -0.403604 0.771560
outer loop
vertex 0.629397 0.580357 0.735356
vertex 0.619642 0.580357 0.741573
vertex 0.625000 0.575000 0.735356
endloop
endfacet
facet normal 0.598710 -0.491324 -0.632572
outer loop
vertex 0.629397 0.580357 0.664645
vertex 0.634567 0.576903 0.672221
vertex 0.629397 0.570603 0.672221
endloop
endfacet
facet normal 0.598630 -0.491364 -0.632616
outer loop
vertex 0.629397 0.580357 0.664645
vertex 0.629397 0.570603 0.672221
vertex 0.625000 0.575000 0.664645
endloop
endfacet
facet normal 0.598722 -0.491430 0.632478
outer loop
vertex 0.634567 0.576903 0.727778
vertex 0.629397 0.580357 0.735356
vertex 0.625000 0.575000 0.735356
endloop
endfacet
facet normal 0.598751 -0.491351 0.632512
outer loop
vertex 0.634567 0.576903 0.727778
vertex 0.625000 0.575000 0.735356
vertex 0.629397 0.570603 0.727778
endloop
endfacet
facet normal 0.184895 -0.225421 0.956556
outer loop
vertex 0.613530 0.586470 0.746194
vertex 0.606898 0.593103 0.749039
vertex 0.605419 0.591890 0.749039
endloop
endfacet
facet normal 0.184898 -0.225404 0.956560
outer loop
vertex 0.613530 0.586470 0.746194
vertex 0.605419 0.591890 0.749039
vertex 0.610630 0.584091 0.746194
endloop
endfacet
facet normal 0.607288 -0.740039 -0.289038
outer loop
vertex 0.632664 0.567336 0.680866
vertex 0.634676 0.565324 0.690245
vertex 0.627245 0.559226 0.690245
endloop
endfacet
facet normal 0.607340 -0.740019 -0.288981
outer loop
vertex 0.632664 0.567336 0.680866
vertex 0.627245 0.559226 0.690245
vertex 0.625664 0.561591 0.680866
endloop
endfacet
facet normal 0.300135 -0.365868 0.880942
outer loop
vertex 0.619642 0.580357 0.741573
vertex 0.613530 0.586470 0.746194
vertex 0.610630 0.584091 0.746194
endloop
endfacet
facet normal 0.300181 -0.365782 0.880962
outer loop
vertex 0.619642 0.580357 0.741573
vertex 0.610630 0.584091 0.746194
vertex 0.615433 0.576903 0.741573
endloop
endfacet
facet normal 0.560124 -0.682465 -0.469576
outer loop
vertex 0.629397 0.570603 0.672221
vertex 0.632664 0.567336 0.680866
vertex 0.625664 0.561591 0.680866
endloop
endfacet
facet normal 0.560066 -0.682485 -0.469616
outer loop
vertex 0.629397 0.570603 0.672221
vertex 0.625664 0.561591 0.680866
vertex 0.623097 0.565433 0.672221
endloop
endfacet
facet normal 0.403560 -0.491774 0.771555
outer loop
vertex 0.625000 0.575000 0.735356
vertex 0.619642 0.580357 0.741573
vertex 0.615433 0.576903 0.741573
endloop
endfacet
facet normal 0.403566 -0.491767 0.771556
outer loop
vertex 0.625000 0.575000 0.735356
vertex 0.615433 0.576903 0.741573
vertex 0.619642 0.570603 0.735356
endloop
endfacet
facet normal 0.491299 -0.598687 -0.632612
outer loop
vertex 0.625000 0.575000 0.664645
vertex 0.629397 0.570603 0.672221
vertex 0.623097 0.565433 0.672221
endloop
endfacet
facet normal 0.491308 -0.598682 -0.632610
outer loop
vertex 0.625000 0.575000 0.664645
vertex 0.623097 0.565433 0.672221
vertex 0.619642 0.570603 0.664645
endloop
endfacet
facet normal 0.491354 -0.598752 0.632509
outer loop
vertex 0.629397 0.570603 0.727778
vertex 0.625000 0.575000 0.735356
vertex 0.619642 0.570603 0.735356
endloop
endfacet
facet normal 0.491361 -0.598744 0.632511
outer loop
vertex 0.629397 0.570603 0.727778
vertex 0.619642 0.570603 0.735356
vertex 0.623097 0.565433 0.727778
endloop
endfacet
facet normal 0.403611 -0.491814 -0.771504
outer loop
vertex 0.619642 0.580357 0.658427
vertex 0.625000 0.575000 0.664645
vertex 0.619642 0.570603 0.664645
endloop
endfacet
facet normal 0.403599 -0.491823 -0.771504
outer loop
vertex 0.619642 0.580357 0.658427
vertex 0.619642 0.570603 0.664645
vertex 0.615433 0.576903 0.658427
endloop
endfacet
facet normal 0.560066 -0.682486 0.469615
outer loop
vertex 0.632664 0.567336 0.719134
vertex 0.629397 0.570603 0.727778
vertex 0.623097 0.565433 0.727778
endloop
endfacet
facet normal 0.560094 -0.682438 0.469653
outer loop
vertex 0.632664 0.567336 0.719134
vertex 0.623097 0.565433 0.727778
vertex 0.625664 0.561591 0.719134
endloop
endfacet
facet normal 0.300186 -0.365809 -0.880949
outer loop
vertex 0.613530 0.586470 0.653806
vertex 0.619642 0.580357 0.658427
vertex 0.615433 0.576903 0.658427
endloop
endfacet
facet normal 0.300101 -0.365834 -0.880968
outer loop
vertex 0.613530 0.586470 0.653806
vertex 0.615433 0.576903 0.658427
vertex 0.610630 0.584091 0.653806
endloop
endfacet
facet normal 0.607336 -0.740011 0.289010
outer loop
vertex 0.634676 0.565324 0.709754
vertex 0.632664 0.567336 0.719134
vertex 0.625664 0.561591 0.719134
endloop
endfacet
facet normal 0.607307 -0.740059 0.288948
outer loop
vertex 0.634676 0.565324 0.709754
vertex 0.625664 0.561591 0.719134
vertex 0.627245 0.559226 0.709754
endloop
endfacet
facet normal 0.184963 -0.225474 -0.956530
outer loop
vertex 0.606898 0.593103 0.650960
vertex 0.613530 0.586470 0.653806
vertex 0.610630 0.584091 0.653806
endloop
endfacet
facet normal 0.184897 -0.225484 -0.956541
outer loop
vertex 0.606898 0.593103 0.650960
vertex 0.610630 0.584091 0.653806
vertex 0.605419 0.591890 0.650960
endloop
endfacet
facet normal 0.631341 -0.769342 0.097579
outer loop
vertex 0.635356 0.564645 0.700000
vertex 0.634676 0.565324 0.709754
vertex 0.627245 0.559226 0.709754
endloop
endfacet
facet normal 0.631303 -0.769379 0.097527
outer loop
vertex 0.635356 0.564645 0.700000
vertex 0.627245 0.559226 0.709754
vertex 0.627778 0.558427 0.700000
endloop
endfacet
facet normal 0.062443 -0.076181 0.995137
outer loop
vertex 0.606898 0.593103 0.749039
vertex 0.600000 0.600000 0.750000
vertex 0.605419 0.591890 0.749039
endloop
endfacet
facet normal 0.062374 -0.076100 -0.995147
outer loop
vertex 0.600000 0.600000 0.650000
vertex 0.606898 0.593103 0.650960
vertex 0.605419 0.591890 0.650960
endloop
endfacet
facet normal 0.631295 -0.769381 -0.097570
outer loop
vertex 0.634676 0.565324 0.690245
vertex 0.635356 0.564645 0.700000
vertex 0.627778 0.558427 0.700000
endloop
endfacet
facet normal 0.631348 -0.769345 -0.097510
outer loop
vertex 0.634676 0.565324 0.690245
vertex 0.627778 0.558427 0.700000
vertex 0.627245 0.559226 0.690245
endloop
endfacet
facet normal 0.416164 -0.778609 0.469656
outer loop
vertex 0.625664 0.561591 0.719134
vertex 0.623097 0.565433 0.727778
vertex 0.615909 0.561591 0.727778
endloop
endfacet
facet normal 0.416105 -0.778692 0.469569
outer loop
vertex 0.625664 0.561591 0.719134
vertex 0.615909 0.561591 0.727778
vertex 0.617677 0.557323 0.719134
endloop
endfacet
facet normal 0.223043 -0.417315 -0.880965
outer loop
vertex 0.610630 0.584091 0.653806
vertex 0.615433 0.576903 0.658427
vertex 0.610630 0.574336 0.658427
endloop
endfacet
facet normal 0.223169 -0.417305 -0.880938
outer loop
vertex 0.610630 0.584091 0.653806
vertex 0.610630 0.574336 0.658427
vertex 0.607322 0.582322 0.653806
endloop
endfacet
facet normal 0.451192 -0.844350 0.288962
outer loop
vertex 0.627245 0.559226 0.709754
vertex 0.625664 0.561591 0.719134
vertex 0.617677 0.557323 0.719134
endloop
endfacet
facet normal 0.451340 -0.844221 0.289108
outer loop
vertex 0.627245 0.559226 0.709754
vertex 0.617677 0.557323 0.719134
vertex 0.618766 0.554693 0.709754
endloop
endfacet
facet normal 0.137532 -0.257162 -0.956532
outer loop
vertex 0.605419 0.591890 0.650960
vertex 0.610630 0.584091 0.653806
vertex 0.607322 0.582322 0.653806
endloop
endfacet
facet normal 0.137560 -0.257151 -0.956531
outer loop
vertex 0.605419 0.591890 0.650960
vertex 0.607322 0.582322 0.653806
vertex 0.603733 0.590988 0.650960
endloop
endfacet
facet normal 0.469225 -0.877677 0.097529
outer loop
vertex 0.627778 0.558427 0.700000
vertex 0.627245 0.559226 0.709754
vertex 0.618766 0.554693 0.709754
endloop
endfacet
facet normal 0.469210 -0.877686 0.097512
outer loop
vertex 0.627778 0.558427 0.700000
vertex 0.618766 0.554693 0.709754
vertex 0.619134 0.553806 0.700000
endloop
endfacet
facet normal 0.046487 -0.086864 0.995135
outer loop
vertex 0.605419 0.591890 0.749039
vertex 0.600000 0.600000 0.750000
vertex 0.603733 0.590988 0.749039
endloop
endfacet
facet normal 0.046412 -0.086783 -0.995145
outer loop
vertex 0.600000 0.600000 0.650000
vertex 0.605419 0.591890 0.650960
vertex 0.603733 0.590988 0.650960
endloop
endfacet
facet normal 0.469205 -0.877687 -0.097530
outer loop
vertex 0.627245 0.559226 0.690245
vertex 0.627778 0.558427 0.700000
vertex 0.619134 0.553806 0.700000
endloop
endfacet
facet normal 0.469228 -0.877678 -0.097501
outer loop
vertex 0.627245 0.559226 0.690245
vertex 0.619134 0.553806 0.700000
vertex 0.618766 0.554693 0.690245
endloop
endfacet
facet normal 0.137518 -0.257043 0.956566
outer loop
vertex 0.610630 0.584091 0.746194
vertex 0.605419 0.591890 0.749039
vertex 0.603733 0.590988 0.749039
endloop
endfacet
facet normal 0.137487 -0.257100 0.956555
outer loop
vertex 0.610630 0.584091 0.746194
vertex 0.603733 0.590988 0.749039
vertex 0.607322 0.582322 0.746194
endloop
endfacet
facet normal 0.451356 -0.844258 -0.288973
outer loop
vertex 0.625664 0.561591 0.680866
vertex 0.627245 0.559226 0.690245
vertex 0.618766 0.554693 0.690245
endloop
endfacet
facet normal 0.451164 -0.844297 -0.289161
outer loop
vertex 0.625664 0.561591 0.680866
vertex 0.618766 0.554693 0.690245
vertex 0.617677 0.557323 0.680866
endloop
endfacet
facet normal 0.223130 -0.417254 0.880972
outer loop
vertex 0.615433 0.576903 0.741573
vertex 0.610630 0.584091 0.746194
vertex 0.607322 0.582322 0.746194
endloop
endfacet
facet normal 0.223058 -0.417351 0.880944
outer loop
vertex 0.615433 0.576903 0.741573
vertex 0.607322 0.582322 0.746194
vertex 0.610630 0.574336 0.741573
endloop
endfacet
facet normal 0.416106 -0.778678 -0.469591
outer loop
vertex 0.623097 0.565433 0.672221
vertex 0.625664 0.561591 0.680866
vertex 0.617677 0.557323 0.680866
endloop
endfacet
facet normal 0.416185 -0.778665 -0.469544
outer loop
vertex 0.623097 0.565433 0.672221
vertex 0.617677 0.557323 0.680866
vertex 0.615909 0.561591 0.672221
endloop
endfacet
facet normal 0.299863 -0.561053 0.771558
outer loop
vertex 0.619642 0.570603 0.735356
vertex 0.615433 0.576903 0.741573
vertex 0.610630 0.574336 0.741573
endloop
endfacet
facet normal 0.299875 -0.561034 0.771567
outer loop
vertex 0.619642 0.570603 0.735356
vertex 0.610630 0.574336 0.741573
vertex 0.613530 0.567336 0.735356
endloop
endfacet
facet normal 0.365076 -0.683031 -0.632604
outer loop
vertex 0.619642 0.570603 0.664645
vertex 0.623097 0.565433 0.672221
vertex 0.615909 0.561591 0.672221
endloop
endfacet
facet normal 0.365100 -0.683024 -0.632598
outer loop
vertex 0.619642 0.570603 0.664645
vertex 0.615909 0.561591 0.672221
vertex 0.613530 0.567336 0.664645
endloop
endfacet
facet normal 0.365126 -0.683098 0.632503
outer loop
vertex 0.623097 0.565433 0.727778
vertex 0.619642 0.570603 0.735356
vertex 0.613530 0.567336 0.735356
endloop
endfacet
facet normal 0.365111 -0.683108 0.632501
outer loop
vertex 0.623097 0.565433 0.727778
vertex 0.613530 0.567336 0.735356
vertex 0.615909 0.561591 0.727778
endloop
endfacet
facet normal 0.299915 -0.561097 -0.771506
outer loop
vertex 0.615433 0.576903 0.658427
vertex 0.619642 0.570603 0.664645
vertex 0.613530 0.567336 0.664645
endloop
endfacet
facet normal 0.299874 -0.561096 -0.771522
outer loop
vertex 0.615433 0.576903 0.658427
vertex 0.613530 0.567336 0.664645
vertex 0.610630 0.574336 0.658427
endloop
endfacet
facet normal 0.277843 -0.916080 -0.289136
outer loop
vertex 0.617677 0.557323 0.680866
vertex 0.618766 0.554693 0.690245
vertex 0.609567 0.551903 0.690245
endloop
endfacet
facet normal 0.278047 -0.916075 -0.288959
outer loop
vertex 0.617677 0.557323 0.680866
vertex 0.609567 0.551903 0.690245
vertex 0.609012 0.554693 0.680866
endloop
endfacet
facet normal 0.137274 -0.452876 0.880942
outer loop
vertex 0.610630 0.574336 0.741573
vertex 0.607322 0.582322 0.746194
vertex 0.603733 0.581234 0.746194
endloop
endfacet
facet normal 0.137370 -0.452810 0.880961
outer loop
vertex 0.610630 0.574336 0.741573
vertex 0.603733 0.581234 0.746194
vertex 0.605419 0.572755 0.741573
endloop
endfacet
facet normal 0.256435 -0.844846 -0.469548
outer loop
vertex 0.615909 0.561591 0.672221
vertex 0.617677 0.557323 0.680866
vertex 0.609012 0.554693 0.680866
endloop
endfacet
facet normal 0.256191 -0.844825 -0.469721
outer loop
vertex 0.615909 0.561591 0.672221
vertex 0.609012 0.554693 0.680866
vertex 0.608110 0.559226 0.672221
endloop
endfacet
facet normal 0.184692 -0.608751 0.771564
outer loop
vertex 0.613530 0.567336 0.735356
vertex 0.610630 0.574336 0.741573
vertex 0.605419 0.572755 0.741573
endloop
endfacet
facet normal 0.184696 -0.608753 0.771562
outer loop
vertex 0.613530 0.567336 0.735356
vertex 0.605419 0.572755 0.741573
vertex 0.606898 0.565324 0.735356
endloop
endfacet
facet normal 0.224748 -0.741152 -0.632600
outer loop
vertex 0.613530 0.567336 0.664645
vertex 0.615909 0.561591 0.672221
vertex 0.608110 0.559226 0.672221
endloop
endfacet
facet normal 0.224855 -0.741170 -0.632541
outer loop
vertex 0.613530 0.567336 0.664645
vertex 0.608110 0.559226 0.672221
vertex 0.606898 0.565324 0.664645
endloop
endfacet
facet normal 0.224865 -0.741191 0.632512
outer loop
vertex 0.615909 0.561591 0.727778
vertex 0.613530 0.567336 0.735356
vertex 0.606898 0.565324 0.735356
endloop
endfacet
facet normal 0.224795 -0.741271 0.632443
outer loop
vertex 0.615909 0.561591 0.727778
vertex 0.606898 0.565324 0.735356
vertex 0.608110 0.559226 0.727778
endloop
endfacet
facet normal 0.184712 -0.608812 -0.771511
outer loop
vertex 0.610630 0.574336 0.658427
vertex 0.613530 0.567336 0.664645
vertex 0.606898 0.565324 0.664645
endloop
endfacet
facet normal 0.184701 -0.608813 -0.771513
outer loop
vertex 0.610630 0.574336 0.658427
vertex 0.606898 0.565324 0.664645
vertex 0.605419 0.572755 0.658427
endloop
endfacet
facet normal 0.256208 -0.844894 0.469586
outer loop
vertex 0.617677 0.557323 0.719134
vertex 0.615909 0.561591 0.727778
vertex 0.608110 0.559226 0.727778
endloop
endfacet
facet normal 0.256399 -0.844746 0.469748
outer loop
vertex 0.617677 0.557323 0.719134
vertex 0.608110 0.559226 0.727778
vertex 0.609012 0.554693 0.719134
endloop
endfacet
facet normal 0.137381 -0.452845 -0.880942
outer loop
vertex 0.607322 0.582322 0.653806
vertex 0.610630 0.574336 0.658427
vertex 0.605419 0.572755 0.658427
endloop
endfacet
facet normal 0.137266 -0.452827 -0.880969
outer loop
vertex 0.607322 0.582322 0.653806
vertex 0.605419 0.572755 0.658427
vertex 0.603733 0.581234 0.653806
endloop
endfacet
facet normal 0.278041 -0.916028 0.289112
outer loop
vertex 0.618766 0.554693 0.709754
vertex 0.617677 0.557323 0.719134
vertex 0.609012 0.554693 0.719134
endloop
endfacet
facet normal 0.277858 -0.916140 0.288934
outer loop
vertex 0.618766 0.554693 0.709754
vertex 0.609012 0.554693 0.719134
vertex 0.609567 0.551903 0.709754
endloop
endfacet
facet normal 0.084583 -0.279090 -0.956533
outer loop
vertex 0.603733 0.590988 0.650960
vertex 0.607322 0.582322 0.653806
vertex 0.603733 0.581234 0.653806
endloop
endfacet
facet normal 0.084694 -0.279097 -0.956521
outer loop
vertex 0.603733 0.590988 0.650960
vertex 0.603733 0.581234 0.653806
vertex 0.601903 0.590433 0.650960
endloop
endfacet
facet normal 0.288851 -0.952397 0.097499
outer loop
vertex 0.619134 0.553806 0.700000
vertex 0.618766 0.554693 0.709754
vertex 0.609567 0.551903 0.709754
endloop
endfacet
facet normal 0.288955 -0.952353 0.097619
outer loop
vertex 0.619134 0.553806 0.700000
vertex 0.609567 0.551903 0.709754
vertex 0.609754 0.550960 0.700000
endloop
endfacet
facet normal 0.028557 -0.094275 0.995136
outer loop
vertex 0.603733 0.590988 0.749039
vertex 0.600000 0.600000 0.750000
vertex 0.601903 0.590433 0.749039
endloop
endfacet
facet normal 0.028576 -0.094183 -0.995145
outer loop
vertex 0.600000 0.600000 0.650000
vertex 0.603733 0.590988 0.650960
vertex 0.601903 0.590433 0.650960
endloop
endfacet
facet normal 0.288954 -0.952365 -0.097504
outer loop
vertex 0.618766 0.554693 0.690245
vertex 0.619134 0.553806 0.700000
vertex 0.609754 0.550960 0.700000
endloop
endfacet
facet normal 0.288848 -0.952387 -0.097597
outer loop
vertex 0.618766 0.554693 0.690245
vertex 0.609754 0.550960 0.700000
vertex 0.609567 0.551903 0.690245
endloop
endfacet
facet normal 0.084627 -0.278993 0.956557
outer loop
vertex 0.607322 0.582322 0.746194
vertex 0.603733 0.590988 0.749039
vertex 0.601903 0.590433 0.749039
endloop
endfacet
facet normal 0.084569 -0.279009 0.956557
outer loop
vertex 0.607322 0.582322 0.746194
vertex 0.601903 0.590433 0.749039
vertex 0.603733 0.581234 0.746194
endloop
endfacet
facet normal 0.046406 -0.470896 -0.880968
outer loop
vertex 0.603733 0.581234 0.653806
vertex 0.605419 0.572755 0.658427
vertex 0.600000 0.572221 0.658427
endloop
endfacet
facet normal 0.046448 -0.470900 -0.880963
outer loop
vertex 0.603733 0.581234 0.653806
vertex 0.600000 0.572221 0.658427
vertex 0.600000 0.580866 0.653806
endloop
endfacet
facet normal 0.093769 -0.952746 0.288933
outer loop
vertex 0.609567 0.551903 0.709754
vertex 0.609012 0.554693 0.719134
vertex 0.600000 0.553806 0.719134
endloop
endfacet
facet normal 0.093904 -0.952693 0.289063
outer loop
vertex 0.609567 0.551903 0.709754
vertex 0.600000 0.553806 0.719134
vertex 0.600000 0.550960 0.709754
endloop
endfacet
facet normal 0.028604 -0.290237 -0.956527
outer loop
vertex 0.601903 0.590433 0.650960
vertex 0.603733 0.581234 0.653806
vertex 0.600000 0.580866 0.653806
endloop
endfacet
facet normal 0.028698 -0.290239 -0.956524
outer loop
vertex 0.601903 0.590433 0.650960
vertex 0.600000 0.580866 0.653806
vertex 0.600000 0.590245 0.650960
endloop
endfacet
facet normal 0.097623 -0.990423 0.097631
outer loop
vertex 0.609754 0.550960 0.700000
vertex 0.609567 0.551903 0.709754
vertex 0.600000 0.550960 0.709754
endloop
endfacet
facet normal 0.097481 -0.990452 0.097478
outer loop
vertex 0.609754 0.550960 0.700000
vertex 0.600000 0.550960 0.709754
vertex 0.600000 0.550000 0.700000
endloop
endfacet
facet normal 0.009685 -0.098031 0.995136
outer loop
vertex 0.601903 0.590433 0.749039
vertex 0.600000 0.600000 0.750000
vertex 0.600000 0.590245 0.749039
endloop
endfacet
facet normal 0.009704 -0.097938 -0.995145
outer loop
vertex 0.600000 0.600000 0.650000
vertex 0.601903 0.590433 0.650960
vertex 0.600000 0.590245 0.650960
endloop
endfacet
facet normal 0.097481 -0.990440 -0.097603
outer loop
vertex 0.609567 0.551903 0.690245
vertex 0.609754 0.550960 0.700000
vertex 0.600000 0.550000 0.700000
endloop
endfacet
facet normal 0.097626 -0.990437 -0.097483
outer loop
vertex 0.609567 0.551903 0.690245
vertex 0.600000 0.550000 0.700000
vertex 0.600000 0.550960 0.690245
endloop
endfacet
facet normal 0.028698 -0.290131 0.956557
outer loop
vertex 0.603733 0.581234 0.746194
vertex 0.601903 0.590433 0.749039
vertex 0.600000 0.590245 0.749039
endloop
endfacet
facet normal 0.028600 -0.290157 0.956551
outer loop
vertex 0.603733 0.581234 0.746194
vertex 0.600000 0.590245 0.749039
vertex 0.600000 0.580866 0.746194
endloop
endfacet
facet normal 0.093910 -0.952722 -0.288966
outer loop
vertex 0.609012 0.554693 0.680866
vertex 0.609567 0.551903 0.690245
vertex 0.600000 0.550960 0.690245
endloop
endfacet
facet normal 0.093767 -0.952697 -0.289097
outer loop
vertex 0.609012 0.554693 0.680866
vertex 0.600000 0.550960 0.690245
vertex 0.600000 0.553806 0.680866
endloop
endfacet
facet normal 0.046440 -0.470885 0.880972
outer loop
vertex 0.605419 0.572755 0.741573
vertex 0.603733 0.581234 0.746194
vertex 0.600000 0.580866 0.746194
endloop
endfacet
facet normal 0.046411 -0.470906 0.880961
outer loop
vertex 0.605419 0.572755 0.741573
vertex 0.600000 0.580866 0.746194
vertex 0.600000 0.572221 0.741573
endloop
endfacet
facet normal 0.086470 -0.878579 -0.469705
outer loop
vertex 0.608110 0.559226 0.672221
vertex 0.609012 0.554693 0.680866
vertex 0.600000 0.553806 0.680866
endloop
endfacet
facet normal 0.086563 -0.878599 -0.469650
outer loop
vertex 0.608110 0.559226 0.672221
vertex 0.600000 0.553806 0.680866
vertex 0.600000 0.558427 0.672221
endloop
endfacet
facet normal 0.062394 -0.633086 0.771562
outer loop
vertex 0.606898 0.565324 0.735356
vertex 0.605419 0.572755 0.741573
vertex 0.600000 0.572221 0.741573
endloop
endfacet
facet normal 0.062327 -0.633133 0.771529
outer loop
vertex 0.606898 0.565324 0.735356
vertex 0.600000 0.572221 0.741573
vertex 0.600000 0.564645 0.735356
endloop
endfacet
facet normal 0.075940 -0.770783 -0.632556
outer loop
vertex 0.606898 0.565324 0.664645
vertex 0.608110 0.559226 0.672221
vertex 0.600000 0.558427 0.672221
endloop
endfacet
facet normal 0.075877 -0.770757 -0.632595
outer loop
vertex 0.606898 0.565324 0.664645
vertex 0.600000 0.558427 0.672221
vertex 0.600000 0.564645 0.664645
endloop
endfacet
facet normal 0.075874 -0.770868 0.632460
outer loop
vertex 0.608110 0.559226 0.727778
vertex 0.606898 0.565324 0.735356
vertex 0.600000 0.564645 0.735356
endloop
endfacet
facet normal 0.075939 -0.770839 0.632487
outer loop
vertex 0.608110 0.559226 0.727778
vertex 0.600000 0.564645 0.735356
vertex 0.600000 0.558427 0.727778
endloop
endfacet
facet normal 0.062325 -0.633161 -0.771507
outer loop
vertex 0.605419 0.572755 0.658427
vertex 0.606898 0.565324 0.664645
vertex 0.600000 0.564645 0.664645
endloop
endfacet
facet normal 0.062408 -0.633192 -0.771475
outer loop
vertex 0.605419 0.572755 0.658427
vertex 0.600000 0.564645 0.664645
vertex 0.600000 0.572221 0.658427
endloop
endfacet
facet normal 0.086551 -0.878540 0.469762
outer loop
vertex 0.609012 0.554693 0.719134
vertex 0.608110 0.559226 0.727778
vertex 0.600000 0.558427 0.727778
endloop
endfacet
facet normal 0.086474 -0.878590 0.469683
outer loop
vertex 0.609012 0.554693 0.719134
vertex 0.600000 0.558427 0.727778
vertex 0.600000 0.553806 0.719134
endloop
endfacet
facet normal -0.086473 -0.878613 -0.469639
outer loop
vertex 0.600000 0.558427 0.672221
vertex 0.600000 0.553806 0.680866
vertex 0.590988 0.554693 0.680866
endloop
endfacet
facet normal -0.086559 -0.878565 -0.469714
outer loop
vertex 0.600000 0.558427 0.672221
vertex 0.590988 0.554693 0.680866
vertex 0.591890 0.559226 0.672221
endloop
endfacet
facet normal -0.062398 -0.633129 0.771527
outer loop
vertex 0.600000 0.564645 0.735356
vertex 0.600000 0.572221 0.741573
vertex 0.594581 0.572755 0.741573
endloop
endfacet
facet normal -0.062334 -0.633107 0.771550
outer loop
vertex 0.600000 0.564645 0.735356
vertex 0.594581 0.572755 0.741573
vertex 0.593103 0.565324 0.735356
endloop
endfacet
facet normal -0.075936 -0.770759 -0.632585
outer loop
vertex 0.600000 0.564645 0.664645
vertex 0.600000 0.558427 0.672221
vertex 0.591890 0.559226 0.672221
endloop
endfacet
facet normal -0.075891 -0.770780 -0.632565
outer loop
vertex 0.600000 0.564645 0.664645
vertex 0.591890 0.559226 0.672221
vertex 0.593103 0.565324 0.664645
endloop
endfacet
facet normal -0.075881 -0.770837 0.632497
outer loop
vertex 0.600000 0.558427 0.727778
vertex 0.600000 0.564645 0.735356
vertex 0.593103 0.565324 0.735356
endloop
endfacet
facet normal -0.075941 -0.770862 0.632459
outer loop
vertex 0.600000 0.558427 0.727778
vertex 0.593103 0.565324 0.735356
vertex 0.591890 0.559226 0.727778
endloop
endfacet
facet normal -0.062338 -0.633194 -0.771479
outer loop
vertex 0.600000 0.572221 0.658427
vertex 0.600000 0.564645 0.664645
vertex 0.593103 0.565324 0.664645
endloop
endfacet
facet normal -0.062405 -0.633154 -0.771506
outer loop
vertex 0.600000 0.572221 0.658427
vertex 0.593103 0.565324 0.664645
vertex 0.594581 0.572755 0.658427
endloop
endfacet
facet normal -0.086560 -0.878578 0.469689
outer loop
vertex 0.600000 0.553806 0.719134
vertex 0.600000 0.558427 0.727778
vertex 0.591890 0.559226 0.727778
endloop
endfacet
facet normal -0.086464 -0.878560 0.469741
outer loop
vertex 0.600000 0.553806 0.719134
vertex 0.591890 0.559226 0.727778
vertex 0.590988 0.554693 0.719134
endloop
endfacet
facet normal -0.046407 -0.470906 -0.880962
outer loop
vertex 0.600000 0.580866 0.653806
vertex 0.600000 0.572221 0.658427
vertex 0.594581 0.572755 0.658427
endloop
endfacet
facet normal -0.046447 -0.470884 -0.880971
outer loop
vertex 0.600000 0.580866 0.653806
vertex 0.594581 0.572755 0.658427
vertex 0.596267 0.581234 0.653806
endloop
endfacet
facet normal -0.093763 -0.952705 0.289071
outer loop
vertex 0.600000 0.550960 0.709754
vertex 0.600000 0.553806 0.719134
vertex 0.590988 0.554693 0.719134
endloop
endfacet
facet normal -0.093913 -0.952731 0.288934
outer loop
vertex 0.600000 0.550960 0.709754
vertex 0.590988 0.554693 0.719134
vertex 0.590433 0.551903 0.709754
endloop
endfacet
facet normal -0.028605 -0.290251 -0.956523
outer loop
vertex 0.600000 0.590245 0.650960
vertex 0.600000 0.580866 0.653806
vertex 0.596267 0.581234 0.653806
endloop
endfacet
facet normal -0.028695 -0.290211 -0.956532
outer loop
vertex 0.600000 0.590245 0.650960
vertex 0.596267 0.581234 0.653806
vertex 0.598097 0.590433 0.650960
endloop
endfacet
facet normal -0.097623 -0.990436 0.097494
outer loop
vertex 0.600000 0.550000 0.700000
vertex 0.600000 0.550960 0.709754
vertex 0.590433 0.551903 0.709754
endloop
endfacet
facet normal -0.097470 -0.990439 0.097627
outer loop
vertex 0.600000 0.550000 0.700000
vertex 0.590433 0.551903 0.709754
vertex 0.590245 0.550960 0.700000
endloop
endfacet
facet normal -0.009685 -0.098037 0.995136
outer loop
vertex 0.600000 0.590245 0.749039
vertex 0.600000 0.600000 0.750000
vertex 0.598097 0.590433 0.749039
endloop
endfacet
facet normal -0.009704 -0.097938 -0.995145
outer loop
vertex 0.600000 0.600000 0.650000
vertex 0.600000 0.590245 0.650960
vertex 0.598097 0.590433 0.650960
endloop
endfacet
facet normal -0.097471 -0.990453 -0.097477
outer loop
vertex 0.600000 0.550960 0.690245
vertex 0.600000 0.550000 0.700000
vertex 0.590245 0.550960 0.700000
endloop
endfacet
facet normal -0.097626 -0.990423 -0.097626
outer loop
vertex 0.600000 0.550960 0.690245
vertex 0.590245 0.550960 0.700000
vertex 0.590433 0.551903 0.690245
endloop
endfacet
facet normal -0.028651 -0.290159 0.956549
outer loop
vertex 0.600000 0.580866 0.746194
vertex 0.600000 0.590245 0.749039
vertex 0.598097 0.590433 0.749039
endloop
endfacet
facet normal -0.028624 -0.290143 0.956555
outer loop
vertex 0.600000 0.580866 0.746194
vertex 0.598097 0.590433 0.749039
vertex 0.596267 0.581234 0.746194
endloop
endfacet
facet normal -0.093903 -0.952685 -0.289090
outer loop
vertex 0.600000 0.553806 0.680866
vertex 0.600000 0.550960 0.690245
vertex 0.590433 0.551903 0.690245
endloop
endfacet
facet normal -0.093772 -0.952738 -0.288960
outer loop
vertex 0.600000 0.553806 0.680866
vertex 0.590433 0.551903 0.690245
vertex 0.590988 0.554693 0.680866
endloop
endfacet
facet normal -0.046416 -0.470901 0.880964
outer loop
vertex 0.600000 0.572221 0.741573
vertex 0.600000 0.580866 0.746194
vertex 0.596267 0.581234 0.746194
endloop
endfacet
facet normal -0.046428 -0.470895 0.880967
outer loop
vertex 0.600000 0.572221 0.741573
vertex 0.596267 0.581234 0.746194
vertex 0.594581 0.572755 0.741573
endloop
endfacet
facet normal -0.084587 -0.279107 -0.956527
outer loop
vertex 0.598097 0.590433 0.650960
vertex 0.596267 0.581234 0.653806
vertex 0.592677 0.582322 0.653806
endloop
endfacet
facet normal -0.084637 -0.279063 -0.956536
outer loop
vertex 0.598097 0.590433 0.650960
vertex 0.592677 0.582322 0.653806
vertex 0.596267 0.590988 0.650960
endloop
endfacet
facet normal -0.288847 -0.952384 0.097637
outer loop
vertex 0.590245 0.550960 0.700000
vertex 0.590433 0.551903 0.709754
vertex 0.581234 0.554693 0.709754
endloop
endfacet
facet normal -0.288988 -0.952353 0.097513
outer loop
vertex 0.590245 0.550960 0.700000
vertex 0.581234 0.554693 0.709754
vertex 0.580866 0.553806 0.700000
endloop
endfacet
facet normal -0.028557 -0.094275 0.995136
outer loop
vertex 0.598097 0.590433 0.749039
vertex 0.600000 0.600000 0.750000
vertex 0.596267 0.590988 0.749039
endloop
endfacet
facet normal -0.028576 -0.094176 -0.995145
outer loop
vertex 0.600000 0.600000 0.650000
vertex 0.598097 0.590433 0.650960
vertex 0.596267 0.590988 0.650960
endloop
endfacet
facet normal -0.288978 -0.952344 -0.097639
outer loop
vertex 0.590433 0.551903 0.690245
vertex 0.590245 0.550960 0.700000
vertex 0.580866 0.553806 0.700000
endloop
endfacet
facet normal -0.288853 -0.952397 -0.097488
outer loop
vertex 0.590433 0.551903 0.690245
vertex 0.580866 0.553806 0.700000
vertex 0.581234 0.554693 0.690245
endloop
endfacet
facet normal -0.084581 -0.279008 0.956557
outer loop
vertex 0.596267 0.581234 0.746194
vertex 0.598097 0.590433 0.749039
vertex 0.596267 0.590988 0.749039
endloop
endfacet
facet normal -0.084567 -0.279009 0.956558
outer loop
vertex 0.596267 0.581234 0.746194
vertex 0.596267 0.590988 0.749039
vertex 0.592677 0.582322 0.746194
endloop
endfacet
facet normal -0.277856 -0.916131 -0.288964
outer loop
vertex 0.590988 0.554693 0.680866
vertex 0.590433 0.551903 0.690245
vertex 0.581234 0.554693 0.690245
endloop
endfacet
facet normal -0.278006 -0.916038 -0.289115
outer loop
vertex 0.590988 0.554693 0.680866
vertex 0.581234 0.554693 0.690245
vertex 0.582322 0.557323 0.680866
endloop
endfacet
facet normal -0.137222 -0.452830 0.880974
outer loop
vertex 0.594581 0.572755 0.741573
vertex 0.596267 0.581234 0.746194
vertex 0.592677 0.582322 0.746194
endloop
endfacet
facet normal -0.137355 -0.452857 0.880940
outer loop
vertex 0.594581 0.572755 0.741573
vertex 0.592677 0.582322 0.746194
vertex 0.589369 0.574336 0.741573
endloop
endfacet
facet normal -0.256383 -0.844769 -0.469715
outer loop
vertex 0.591890 0.559226 0.672221
vertex 0.590988 0.554693 0.680866
vertex 0.582322 0.557323 0.680866
endloop
endfacet
facet normal -0.256207 -0.844907 -0.469563
outer loop
vertex 0.591890 0.559226 0.672221
vertex 0.582322 0.557323 0.680866
vertex 0.584091 0.561591 0.672221
endloop
endfacet
facet normal -0.184661 -0.608780 0.771548
outer loop
vertex 0.593103 0.565324 0.735356
vertex 0.594581 0.572755 0.741573
vertex 0.589369 0.574336 0.741573
endloop
endfacet
facet normal -0.184673 -0.608773 0.771551
outer loop
vertex 0.593103 0.565324 0.735356
vertex 0.589369 0.574336 0.741573
vertex 0.586470 0.567336 0.735356
endloop
endfacet
facet normal -0.224760 -0.741184 -0.632558
outer loop
vertex 0.593103 0.565324 0.664645
vertex 0.591890 0.559226 0.672221
vertex 0.584091 0.561591 0.672221
endloop
endfacet
facet normal -0.224802 -0.741127 -0.632610
outer loop
vertex 0.593103 0.565324 0.664645
vertex 0.584091 0.561591 0.672221
vertex 0.586470 0.567336 0.664645
endloop
endfacet
facet normal -0.224846 -0.741238 0.632464
outer loop
vertex 0.591890 0.559226 0.727778
vertex 0.593103 0.565324 0.735356
vertex 0.586470 0.567336 0.735356
endloop
endfacet
facet normal -0.224778 -0.741228 0.632500
outer loop
vertex 0.591890 0.559226 0.727778
vertex 0.586470 0.567336 0.735356
vertex 0.584091 0.561591 0.727778
endloop
endfacet
facet normal -0.184675 -0.608836 -0.771501
outer loop
vertex 0.594581 0.572755 0.658427
vertex 0.593103 0.565324 0.664645
vertex 0.586470 0.567336 0.664645
endloop
endfacet
facet normal -0.184688 -0.608837 -0.771497
outer loop
vertex 0.594581 0.572755 0.658427
vertex 0.586470 0.567336 0.664645
vertex 0.589369 0.574336 0.658427
endloop
endfacet
facet normal -0.256183 -0.844804 0.469762
outer loop
vertex 0.590988 0.554693 0.719134
vertex 0.591890 0.559226 0.727778
vertex 0.584091 0.561591 0.727778
endloop
endfacet
facet normal -0.256387 -0.844827 0.469610
outer loop
vertex 0.590988 0.554693 0.719134
vertex 0.584091 0.561591 0.727778
vertex 0.582322 0.557323 0.719134
endloop
endfacet
facet normal -0.137342 -0.452806 -0.880968
outer loop
vertex 0.596267 0.581234 0.653806
vertex 0.594581 0.572755 0.658427
vertex 0.589369 0.574336 0.658427
endloop
endfacet
facet normal -0.137246 -0.452900 -0.880934
outer loop
vertex 0.596267 0.581234 0.653806
vertex 0.589369 0.574336 0.658427
vertex 0.592677 0.582322 0.653806
endloop
endfacet
facet normal -0.278025 -0.916091 0.288927
outer loop
vertex 0.590433 0.551903 0.709754
vertex 0.590988 0.554693 0.719134
vertex 0.582322 0.557323 0.719134
endloop
endfacet
facet normal -0.277845 -0.916097 0.289081
outer loop
vertex 0.590433 0.551903 0.709754
vertex 0.582322 0.557323 0.719134
vertex 0.581234 0.554693 0.709754
endloop
endfacet
facet normal -0.299911 -0.561045 0.771545
outer loop
vertex 0.586470 0.567336 0.735356
vertex 0.589369 0.574336 0.741573
vertex 0.584567 0.576903 0.741573
endloop
endfacet
facet normal -0.299844 -0.561041 0.771574
outer loop
vertex 0.586470 0.567336 0.735356
vertex 0.584567 0.576903 0.741573
vertex 0.580357 0.570603 0.735356
endloop
endfacet
facet normal -0.365090 -0.683034 -0.632593
outer loop
vertex 0.586470 0.567336 0.664645
vertex 0.584091 0.561591 0.672221
vertex 0.576903 0.565433 0.672221
endloop
endfacet
facet normal -0.365054 -0.683073 -0.632571
outer loop
vertex 0.586470 0.567336 0.664645
vertex 0.576903 0.565433 0.672221
vertex 0.580357 0.570603 0.664645
endloop
endfacet
facet normal -0.365076 -0.683128 0.632499
outer loop
vertex 0.584091 0.561591 0.727778
vertex 0.586470 0.567336 0.735356
vertex 0.580357 0.570603 0.735356
endloop
endfacet
facet normal -0.365134 -0.683117 0.632478
outer loop
vertex 0.584091 0.561591 0.727778
vertex 0.580357 0.570603 0.735356
vertex 0.576903 0.565433 0.727778
endloop
endfacet
facet normal -0.299880 -0.561127 -0.771498
outer loop
vertex 0.589369 0.574336 0.658427
vertex 0.586470 0.567336 0.664645
vertex 0.580357 0.570603 0.664645
endloop
endfacet
facet normal -0.299914 -0.561066 -0.771529
outer loop
vertex 0.589369 0.574336 0.658427
vertex 0.580357 0.570603 0.664645
vertex 0.584567 0.576903 0.658427
endloop
endfacet
facet normal -0.416184 -0.778623 0.469613
outer loop
vertex 0.582322 0.557323 0.719134
vertex 0.584091 0.561591 0.727778
vertex 0.576903 0.565433 0.727778
endloop
endfacet
facet normal -0.416131 -0.778635 0.469641
outer loop
vertex 0.582322 0.557323 0.719134
vertex 0.576903 0.565433 0.727778
vertex 0.574336 0.561591 0.719134
endloop
endfacet
facet normal -0.223105 -0.417336 -0.880940
outer loop
vertex 0.592677 0.582322 0.653806
vertex 0.589369 0.574336 0.658427
vertex 0.584567 0.576903 0.658427
endloop
endfacet
facet normal -0.223126 -0.417272 -0.880964
outer loop
vertex 0.592677 0.582322 0.653806
vertex 0.584567 0.576903 0.658427
vertex 0.589369 0.584091 0.653806
endloop
endfacet
facet normal -0.451226 -0.844288 0.289089
outer loop
vertex 0.581234 0.554693 0.709754
vertex 0.582322 0.557323 0.719134
vertex 0.574336 0.561591 0.719134
endloop
endfacet
facet normal -0.451360 -0.844267 0.288943
outer loop
vertex 0.581234 0.554693 0.709754
vertex 0.574336 0.561591 0.719134
vertex 0.572755 0.559226 0.709754
endloop
endfacet
facet normal -0.137532 -0.257162 -0.956532
outer loop
vertex 0.596267 0.590988 0.650960
vertex 0.592677 0.582322 0.653806
vertex 0.589369 0.584091 0.653806
endloop
endfacet
facet normal -0.137540 -0.257114 -0.956543
outer loop
vertex 0.596267 0.590988 0.650960
vertex 0.589369 0.584091 0.653806
vertex 0.594581 0.591890 0.650960
endloop
endfacet
facet normal -0.469226 -0.877678 0.097510
outer loop
vertex 0.580866 0.553806 0.700000
vertex 0.581234 0.554693 0.709754
vertex 0.572755 0.559226 0.709754
endloop
endfacet
facet normal -0.469168 -0.877702 0.097579
outer loop
vertex 0.580866 0.553806 0.700000
vertex 0.572755 0.559226 0.709754
vertex 0.572221 0.558427 0.700000
endloop
endfacet
facet normal -0.046486 -0.086862 0.995135
outer loop
vertex 0.596267 0.590988 0.749039
vertex 0.600000 0.600000 0.750000
vertex 0.594581 0.591890 0.749039
endloop
endfacet
facet normal -0.046412 -0.086783 -0.995145
outer loop
vertex 0.600000 0.600000 0.650000
vertex 0.596267 0.590988 0.650960
vertex 0.594581 0.591890 0.650960
endloop
endfacet
facet normal -0.469162 -0.877713 -0.097502
outer loop
vertex 0.581234 0.554693 0.690245
vertex 0.580866 0.553806 0.700000
vertex 0.572221 0.558427 0.700000
endloop
endfacet
facet normal -0.469225 -0.877672 -0.097568
outer loop
vertex 0.581234 0.554693 0.690245
vertex 0.572221 0.558427 0.700000
vertex 0.572755 0.559226 0.690245
endloop
endfacet
facet normal -0.137526 -0.257058 0.956560
outer loop
vertex 0.592677 0.582322 0.746194
vertex 0.596267 0.590988 0.749039
vertex 0.594581 0.591890 0.749039
endloop
endfacet
facet normal -0.137473 -0.257075 0.956563
outer loop
vertex 0.592677 0.582322 0.746194
vertex 0.594581 0.591890 0.749039
vertex 0.589369 0.584091 0.746194
endloop
endfacet
facet normal -0.451343 -0.844225 -0.289090
outer loop
vertex 0.582322 0.557323 0.680866
vertex 0.581234 0.554693 0.690245
vertex 0.572755 0.559226 0.690245
endloop
endfacet
facet normal -0.451232 -0.844319 -0.288989
outer loop
vertex 0.582322 0.557323 0.680866
vertex 0.572755 0.559226 0.690245
vertex 0.574336 0.561591 0.680866
endloop
endfacet
facet normal -0.223151 -0.417307 0.880942
outer loop
vertex 0.589369 0.574336 0.741573
vertex 0.592677 0.582322 0.746194
vertex 0.589369 0.584091 0.746194
endloop
endfacet
facet normal -0.223083 -0.417311 0.880957
outer loop
vertex 0.589369 0.574336 0.741573
vertex 0.589369 0.584091 0.746194
vertex 0.584567 0.576903 0.741573
endloop
endfacet
facet normal -0.416152 -0.778670 -0.469565
outer loop
vertex 0.584091 0.561591 0.672221
vertex 0.582322 0.557323 0.680866
vertex 0.574336 0.561591 0.680866
endloop
endfacet
facet normal -0.416176 -0.778624 -0.469620
outer loop
vertex 0.584091 0.561591 0.672221
vertex 0.574336 0.561591 0.680866
vertex 0.576903 0.565433 0.672221
endloop
endfacet
facet normal -0.631336 -0.769345 0.097588
outer loop
vertex 0.572221 0.558427 0.700000
vertex 0.572755 0.559226 0.709754
vertex 0.565324 0.565324 0.709754
endloop
endfacet
facet normal -0.631403 -0.769302 0.097496
outer loop
vertex 0.572221 0.558427 0.700000
vertex 0.565324 0.565324 0.709754
vertex 0.564645 0.564645 0.700000
endloop
endfacet
facet normal -0.062471 -0.076160 0.995137
outer loop
vertex 0.594581 0.591890 0.749039
vertex 0.600000 0.600000 0.750000
vertex 0.593103 0.593103 0.749039
endloop
endfacet
facet normal -0.062401 -0.076084 -0.995147
outer loop
vertex 0.600000 0.600000 0.650000
vertex 0.594581 0.591890 0.650960
vertex 0.593103 0.593103 0.650960
endloop
endfacet
facet normal -0.631401 -0.769295 -0.097565
outer loop
vertex 0.572755 0.559226 0.690245
vertex 0.572221 0.558427 0.700000
vertex 0.564645 0.564645 0.700000
endloop
endfacet
facet normal -0.631341 -0.769353 -0.097492
outer loop
vertex 0.572755 0.559226 0.690245
vertex 0.564645 0.564645 0.700000
vertex 0.565324 0.565324 0.690245
endloop
endfacet
facet normal -0.184960 -0.225339 0.956563
outer loop
vertex 0.589369 0.584091 0.746194
vertex 0.594581 0.591890 0.749039
vertex 0.593103 0.593103 0.749039
endloop
endfacet
facet normal -0.184926 -0.225349 0.956567
outer loop
vertex 0.589369 0.584091 0.746194
vertex 0.593103 0.593103 0.749039
vertex 0.586470 0.586470 0.746194
endloop
endfacet
facet normal -0.607294 -0.740056 -0.288981
outer loop
vertex 0.574336 0.561591 0.680866
vertex 0.572755 0.559226 0.690245
vertex 0.565324 0.565324 0.690245
endloop
endfacet
facet normal -0.607322 -0.740014 -0.289030
outer loop
vertex 0.574336 0.561591 0.680866
vertex 0.565324 0.565324 0.690245
vertex 0.567336 0.567336 0.680866
endloop
endfacet
facet normal -0.300211 -0.365792 0.880948
outer loop
vertex 0.584567 0.576903 0.741573
vertex 0.589369 0.584091 0.746194
vertex 0.586470 0.586470 0.746194
endloop
endfacet
facet normal -0.300128 -0.365826 0.880962
outer loop
vertex 0.584567 0.576903 0.741573
vertex 0.586470 0.586470 0.746194
vertex 0.580357 0.580357 0.741573
endloop
endfacet
facet normal -0.560099 -0.682462 -0.469612
outer loop
vertex 0.576903 0.565433 0.672221
vertex 0.574336 0.561591 0.680866
vertex 0.567336 0.567336 0.680866
endloop
endfacet
facet normal -0.560082 -0.682497 -0.469581
outer loop
vertex 0.576903 0.565433 0.672221
vertex 0.567336 0.567336 0.680866
vertex 0.570603 0.570603 0.672221
endloop
endfacet
facet normal -0.403493 -0.491794 0.771578
outer loop
vertex 0.580357 0.570603 0.735356
vertex 0.584567 0.576903 0.741573
vertex 0.580357 0.580357 0.741573
endloop
endfacet
facet normal -0.403627 -0.491754 0.771533
outer loop
vertex 0.580357 0.570603 0.735356
vertex 0.580357 0.580357 0.741573
vertex 0.575000 0.575000 0.735356
endloop
endfacet
facet normal -0.491322 -0.598720 -0.632564
outer loop
vertex 0.580357 0.570603 0.664645
vertex 0.576903 0.565433 0.672221
vertex 0.570603 0.570603 0.672221
endloop
endfacet
facet normal -0.491359 -0.598628 -0.632622
outer loop
vertex 0.580357 0.570603 0.664645
vertex 0.570603 0.570603 0.672221
vertex 0.575000 0.575000 0.664645
endloop
endfacet
facet normal -0.491442 -0.598728 0.632463
outer loop
vertex 0.576903 0.565433 0.727778
vertex 0.580357 0.570603 0.735356
vertex 0.575000 0.575000 0.735356
endloop
endfacet
facet normal -0.491351 -0.598751 0.632512
outer loop
vertex 0.576903 0.565433 0.727778
vertex 0.575000 0.575000 0.735356
vertex 0.570603 0.570603 0.727778
endloop
endfacet
facet normal -0.403649 -0.491755 -0.771521
outer loop
vertex 0.584567 0.576903 0.658427
vertex 0.580357 0.570603 0.664645
vertex 0.575000 0.575000 0.664645
endloop
endfacet
facet normal -0.403562 -0.491895 -0.771477
outer loop
vertex 0.584567 0.576903 0.658427
vertex 0.575000 0.575000 0.664645
vertex 0.580357 0.580357 0.658427
endloop
endfacet
facet normal -0.560054 -0.682471 0.469652
outer loop
vertex 0.574336 0.561591 0.719134
vertex 0.576903 0.565433 0.727778
vertex 0.570603 0.570603 0.727778
endloop
endfacet
facet normal -0.560097 -0.682453 0.469627
outer loop
vertex 0.574336 0.561591 0.719134
vertex 0.570603 0.570603 0.727778
vertex 0.567336 0.567336 0.719134
endloop
endfacet
facet normal -0.300148 -0.365831 -0.880953
outer loop
vertex 0.589369 0.584091 0.653806
vertex 0.584567 0.576903 0.658427
vertex 0.580357 0.580357 0.658427
endloop
endfacet
facet normal -0.300177 -0.365786 -0.880962
outer loop
vertex 0.589369 0.584091 0.653806
vertex 0.580357 0.580357 0.658427
vertex 0.586470 0.586470 0.653806
endloop
endfacet
facet normal -0.607344 -0.740029 0.288946
outer loop
vertex 0.572755 0.559226 0.709754
vertex 0.574336 0.561591 0.719134
vertex 0.567336 0.567336 0.719134
endloop
endfacet
facet normal -0.607287 -0.740052 0.289008
outer loop
vertex 0.572755 0.559226 0.709754
vertex 0.567336 0.567336 0.719134
vertex 0.565324 0.565324 0.709754
endloop
endfacet
facet normal -0.184992 -0.225420 -0.956537
outer loop
vertex 0.594581 0.591890 0.650960
vertex 0.589369 0.584091 0.653806
vertex 0.586470 0.586470 0.653806
endloop
endfacet
facet normal -0.184965 -0.225417 -0.956543
outer loop
vertex 0.594581 0.591890 0.650960
vertex 0.586470 0.586470 0.653806
vertex 0.593103 0.593103 0.650960
endloop
endfacet
facet normal -0.598684 -0.491302 -0.632614
outer loop
vertex 0.575000 0.575000 0.664645
vertex 0.570603 0.570603 0.672221
vertex 0.565433 0.576903 0.672221
endloop
endfacet
facet normal -0.598657 -0.491392 -0.632569
outer loop
vertex 0.575000 0.575000 0.664645
vertex 0.565433 0.576903 0.672221
vertex 0.570603 0.580357 0.664645
endloop
endfacet
facet normal -0.598691 -0.491405 0.632527
outer loop
vertex 0.570603 0.570603 0.727778
vertex 0.575000 0.575000 0.735356
vertex 0.570603 0.580357 0.735356
endloop
endfacet
facet normal -0.598777 -0.491373 0.632470
outer loop
vertex 0.570603 0.570603 0.727778
vertex 0.570603 0.580357 0.735356
vertex 0.565433 0.576903 0.727778
endloop
endfacet
facet normal -0.491811 -0.403671 -0.771474
outer loop
vertex 0.580357 0.580357 0.658427
vertex 0.575000 0.575000 0.664645
vertex 0.570603 0.580357 0.664645
endloop
endfacet
facet normal -0.491841 -0.403519 -0.771534
outer loop
vertex 0.580357 0.580357 0.658427
vertex 0.570603 0.580357 0.664645
vertex 0.576903 0.584567 0.658427
endloop
endfacet
facet normal -0.682480 -0.560067 0.469623
outer loop
vertex 0.567336 0.567336 0.719134
vertex 0.570603 0.570603 0.727778
vertex 0.565433 0.576903 0.727778
endloop
endfacet
facet normal -0.682447 -0.560089 0.469645
outer loop
vertex 0.567336 0.567336 0.719134
vertex 0.565433 0.576903 0.727778
vertex 0.561591 0.574336 0.719134
endloop
endfacet
facet normal -0.365822 -0.300123 -0.880966
outer loop
vertex 0.586470 0.586470 0.653806
vertex 0.580357 0.580357 0.658427
vertex 0.576903 0.584567 0.658427
endloop
endfacet
facet normal -0.365789 -0.300192 -0.880956
outer loop
vertex 0.586470 0.586470 0.653806
vertex 0.576903 0.584567 0.658427
vertex 0.584091 0.589369 0.653806
endloop
endfacet
facet normal -0.740016 -0.607331 0.289007
outer loop
vertex 0.565324 0.565324 0.709754
vertex 0.567336 0.567336 0.719134
vertex 0.561591 0.574336 0.719134
endloop
endfacet
facet normal -0.740063 -0.607300 0.288953
outer loop
vertex 0.565324 0.565324 0.709754
vertex 0.561591 0.574336 0.719134
vertex 0.559226 0.572755 0.709754
endloop
endfacet
facet normal -0.225425 -0.184992 -0.956536
outer loop
vertex 0.593103 0.593103 0.650960
vertex 0.586470 0.586470 0.653806
vertex 0.584091 0.589369 0.653806
endloop
endfacet
facet normal -0.225421 -0.185006 -0.956535
outer loop
vertex 0.593103 0.593103 0.650960
vertex 0.584091 0.589369 0.653806
vertex 0.591890 0.594581 0.650960
endloop
endfacet
facet normal -0.769360 -0.631331 0.097500
outer loop
vertex 0.564645 0.564645 0.700000
vertex 0.565324 0.565324 0.709754
vertex 0.559226 0.572755 0.709754
endloop
endfacet
facet normal -0.769289 -0.631404 0.097590
outer loop
vertex 0.564645 0.564645 0.700000
vertex 0.559226 0.572755 0.709754
vertex 0.558427 0.572221 0.700000
endloop
endfacet
facet normal -0.076153 -0.062508 0.995135
outer loop
vertex 0.593103 0.593103 0.749039
vertex 0.600000 0.600000 0.750000
vertex 0.591890 0.594581 0.749039
endloop
endfacet
facet normal -0.076103 -0.062445 -0.995143
outer loop
vertex 0.600000 0.600000 0.650000
vertex 0.593103 0.593103 0.650960
vertex 0.591890 0.594581 0.650960
endloop
endfacet
facet normal -0.769296 -0.631410 -0.097494
outer loop
vertex 0.565324 0.565324 0.690245
vertex 0.564645 0.564645 0.700000
vertex 0.558427 0.572221 0.700000
endloop
endfacet
facet normal -0.769353 -0.631328 -0.097579
outer loop
vertex 0.565324 0.565324 0.690245
vertex 0.558427 0.572221 0.700000
vertex 0.559226 0.572755 0.690245
endloop
endfacet
facet normal -0.225332 -0.184955 0.956565
outer loop
vertex 0.586470 0.586470 0.746194
vertex 0.593103 0.593103 0.749039
vertex 0.591890 0.594581 0.749039
endloop
endfacet
facet normal -0.225361 -0.184938 0.956562
outer loop
vertex 0.586470 0.586470 0.746194
vertex 0.591890 0.594581 0.749039
vertex 0.584091 0.589369 0.746194
endloop
endfacet
facet normal -0.740045 -0.607285 -0.289031
outer loop
vertex 0.567336 0.567336 0.680866
vertex 0.565324 0.565324 0.690245
vertex 0.559226 0.572755 0.690245
endloop
endfacet
facet normal -0.740016 -0.607343 -0.288983
outer loop
vertex 0.567336 0.567336 0.680866
vertex 0.559226 0.572755 0.690245
vertex 0.561591 0.574336 0.680866
endloop
endfacet
facet normal -0.365759 -0.300165 0.880978
outer loop
vertex 0.580357 0.580357 0.741573
vertex 0.586470 0.586470 0.746194
vertex 0.584091 0.589369 0.746194
endloop
endfacet
facet normal -0.365843 -0.300142 0.880951
outer loop
vertex 0.580357 0.580357 0.741573
vertex 0.584091 0.589369 0.746194
vertex 0.576903 0.584567 0.741573
endloop
endfacet
facet normal -0.682479 -0.560106 -0.469579
outer loop
vertex 0.570603 0.570603 0.672221
vertex 0.567336 0.567336 0.680866
vertex 0.561591 0.574336 0.680866
endloop
endfacet
facet normal -0.682479 -0.560077 -0.469613
outer loop
vertex 0.570603 0.570603 0.672221
vertex 0.561591 0.574336 0.680866
vertex 0.565433 0.576903 0.672221
endloop
endfacet
facet normal -0.491860 -0.403531 0.771516
outer loop
vertex 0.575000 0.575000 0.735356
vertex 0.580357 0.580357 0.741573
vertex 0.576903 0.584567 0.741573
endloop
endfacet
facet normal -0.491710 -0.403593 0.771579
outer loop
vertex 0.575000 0.575000 0.735356
vertex 0.576903 0.584567 0.741573
vertex 0.570603 0.580357 0.735356
endloop
endfacet
facet normal -0.086881 -0.046467 0.995134
outer loop
vertex 0.591890 0.594581 0.749039
vertex 0.600000 0.600000 0.750000
vertex 0.590988 0.596267 0.749039
endloop
endfacet
facet normal -0.086759 -0.046425 -0.995147
outer loop
vertex 0.600000 0.600000 0.650000
vertex 0.591890 0.594581 0.650960
vertex 0.590988 0.596267 0.650960
endloop
endfacet
facet normal -0.877707 -0.469158 -0.097579
outer loop
vertex 0.559226 0.572755 0.690245
vertex 0.558427 0.572221 0.700000
vertex 0.553806 0.580866 0.700000
endloop
endfacet
facet normal -0.877676 -0.469227 -0.097519
outer loop
vertex 0.559226 0.572755 0.690245
vertex 0.553806 0.580866 0.700000
vertex 0.554693 0.581234 0.690245
endloop
endfacet
facet normal -0.257018 -0.137505 0.956574
outer loop
vertex 0.584091 0.589369 0.746194
vertex 0.591890 0.594581 0.749039
vertex 0.590988 0.596267 0.749039
endloop
endfacet
facet normal -0.257088 -0.137474 0.956560
outer loop
vertex 0.584091 0.589369 0.746194
vertex 0.590988 0.596267 0.749039
vertex 0.582322 0.592677 0.746194
endloop
endfacet
facet normal -0.844262 -0.451352 -0.288969
outer loop
vertex 0.561591 0.574336 0.680866
vertex 0.559226 0.572755 0.690245
vertex 0.554693 0.581234 0.690245
endloop
endfacet
facet normal -0.844289 -0.451225 -0.289089
outer loop
vertex 0.561591 0.574336 0.680866
vertex 0.554693 0.581234 0.690245
vertex 0.557323 0.582322 0.680866
endloop
endfacet
facet normal -0.417296 -0.223139 0.880950
outer loop
vertex 0.576903 0.584567 0.741573
vertex 0.584091 0.589369 0.746194
vertex 0.582322 0.592677 0.746194
endloop
endfacet
facet normal -0.417333 -0.223100 0.880943
outer loop
vertex 0.576903 0.584567 0.741573
vertex 0.582322 0.592677 0.746194
vertex 0.574336 0.589369 0.741573
endloop
endfacet
facet normal -0.778651 -0.416136 -0.469610
outer loop
vertex 0.565433 0.576903 0.672221
vertex 0.561591 0.574336 0.680866
vertex 0.557323 0.582322 0.680866
endloop
endfacet
facet normal -0.778638 -0.416183 -0.469590
outer loop
vertex 0.565433 0.576903 0.672221
vertex 0.557323 0.582322 0.680866
vertex 0.561591 0.584091 0.672221
endloop
endfacet
facet normal -0.561015 -0.299895 0.771574
outer loop
vertex 0.570603 0.580357 0.735356
vertex 0.576903 0.584567 0.741573
vertex 0.574336 0.589369 0.741573
endloop
endfacet
facet normal -0.561065 -0.299857 0.771552
outer loop
vertex 0.570603 0.580357 0.735356
vertex 0.574336 0.589369 0.741573
vertex 0.567336 0.586470 0.735356
endloop
endfacet
facet normal -0.683047 -0.365085 -0.632582
outer loop
vertex 0.570603 0.580357 0.664645
vertex 0.565433 0.576903 0.672221
vertex 0.561591 0.584091 0.672221
endloop
endfacet
facet normal -0.683053 -0.365048 -0.632597
outer loop
vertex 0.570603 0.580357 0.664645
vertex 0.561591 0.584091 0.672221
vertex 0.567336 0.586470 0.664645
endloop
endfacet
facet normal -0.683134 -0.365107 0.632475
outer loop
vertex 0.565433 0.576903 0.727778
vertex 0.570603 0.580357 0.735356
vertex 0.567336 0.586470 0.735356
endloop
endfacet
facet normal -0.683110 -0.365116 0.632496
outer loop
vertex 0.565433 0.576903 0.727778
vertex 0.567336 0.586470 0.735356
vertex 0.561591 0.584091 0.727778
endloop
endfacet
facet normal -0.561102 -0.299880 -0.771515
outer loop
vertex 0.576903 0.584567 0.658427
vertex 0.570603 0.580357 0.664645
vertex 0.567336 0.586470 0.664645
endloop
endfacet
facet normal -0.561086 -0.299930 -0.771508
outer loop
vertex 0.576903 0.584567 0.658427
vertex 0.567336 0.586470 0.664645
vertex 0.574336 0.589369 0.658427
endloop
endfacet
facet normal -0.778606 -0.416163 0.469661
outer loop
vertex 0.561591 0.574336 0.719134
vertex 0.565433 0.576903 0.727778
vertex 0.561591 0.584091 0.727778
endloop
endfacet
facet normal -0.778642 -0.416138 0.469624
outer loop
vertex 0.561591 0.574336 0.719134
vertex 0.561591 0.584091 0.727778
vertex 0.557323 0.582322 0.719134
endloop
endfacet
facet normal -0.417318 -0.223078 -0.880955
outer loop
vertex 0.584091 0.589369 0.653806
vertex 0.576903 0.584567 0.658427
vertex 0.574336 0.589369 0.658427
endloop
endfacet
facet normal -0.417317 -0.223170 -0.880933
outer loop
vertex 0.584091 0.589369 0.653806
vertex 0.574336 0.589369 0.658427
vertex 0.582322 0.592677 0.653806
endloop
endfacet
facet normal -0.844330 -0.451248 0.288933
outer loop
vertex 0.559226 0.572755 0.709754
vertex 0.561591 0.574336 0.719134
vertex 0.557323 0.582322 0.719134
endloop
endfacet
facet normal -0.844235 -0.451343 0.289060
outer loop
vertex 0.559226 0.572755 0.709754
vertex 0.557323 0.582322 0.719134
vertex 0.554693 0.581234 0.709754
endloop
endfacet
facet normal -0.257154 -0.137512 -0.956537
outer loop
vertex 0.591890 0.594581 0.650960
vertex 0.584091 0.589369 0.653806
vertex 0.582322 0.592677 0.653806
endloop
endfacet
facet normal -0.257174 -0.137559 -0.956524
outer loop
vertex 0.591890 0.594581 0.650960
vertex 0.582322 0.592677 0.653806
vertex 0.590988 0.596267 0.650960
endloop
endfacet
facet normal -0.877669 -0.469226 0.097594
outer loop
vertex 0.558427 0.572221 0.700000
vertex 0.559226 0.572755 0.709754
vertex 0.554693 0.581234 0.709754
endloop
endfacet
facet normal -0.877712 -0.469159 0.097525
outer loop
vertex 0.558427 0.572221 0.700000
vertex 0.554693 0.581234 0.709754
vertex 0.553806 0.580866 0.700000
endloop
endfacet
facet normal -0.741211 -0.224831 0.632500
outer loop
vertex 0.561591 0.584091 0.727778
vertex 0.567336 0.586470 0.735356
vertex 0.565324 0.593103 0.735356
endloop
endfacet
facet normal -0.741256 -0.224786 0.632464
outer loop
vertex 0.561591 0.584091 0.727778
vertex 0.565324 0.593103 0.735356
vertex 0.559226 0.591890 0.727778
endloop
endfacet
facet normal -0.608828 -0.184679 -0.771507
outer loop
vertex 0.574336 0.589369 0.658427
vertex 0.567336 0.586470 0.664645
vertex 0.565324 0.593103 0.664645
endloop
endfacet
facet normal -0.608824 -0.184689 -0.771507
outer loop
vertex 0.574336 0.589369 0.658427
vertex 0.565324 0.593103 0.664645
vertex 0.572755 0.594581 0.658427
endloop
endfacet
facet normal -0.844887 -0.256211 0.469598
outer loop
vertex 0.557323 0.582322 0.719134
vertex 0.561591 0.584091 0.727778
vertex 0.559226 0.591890 0.727778
endloop
endfacet
facet normal -0.844755 -0.256366 0.469750
outer loop
vertex 0.557323 0.582322 0.719134
vertex 0.559226 0.591890 0.727778
vertex 0.554693 0.590988 0.719134
endloop
endfacet
facet normal -0.452845 -0.137372 -0.880943
outer loop
vertex 0.582322 0.592677 0.653806
vertex 0.574336 0.589369 0.658427
vertex 0.572755 0.594581 0.658427
endloop
endfacet
facet normal -0.452828 -0.137240 -0.880972
outer loop
vertex 0.582322 0.592677 0.653806
vertex 0.572755 0.594581 0.658427
vertex 0.581234 0.596267 0.653806
endloop
endfacet
facet normal -0.916046 -0.278009 0.289086
outer loop
vertex 0.554693 0.581234 0.709754
vertex 0.557323 0.582322 0.719134
vertex 0.554693 0.590988 0.719134
endloop
endfacet
facet normal -0.916141 -0.277851 0.288936
outer loop
vertex 0.554693 0.581234 0.709754
vertex 0.554693 0.590988 0.719134
vertex 0.551903 0.590433 0.709754
endloop
endfacet
facet normal -0.279093 -0.084583 -0.956532
outer loop
vertex 0.590988 0.596267 0.650960
vertex 0.582322 0.592677 0.653806
vertex 0.581234 0.596267 0.653806
endloop
endfacet
facet normal -0.279068 -0.084647 -0.956533
outer loop
vertex 0.590988 0.596267 0.650960
vertex 0.581234 0.596267 0.653806
vertex 0.590433 0.598097 0.650960
endloop
endfacet
facet normal -0.952394 -0.288853 0.097513
outer loop
vertex 0.553806 0.580866 0.700000
vertex 0.554693 0.581234 0.709754
vertex 0.551903 0.590433 0.709754
endloop
endfacet
facet normal -0.952342 -0.288980 0.097646
outer loop
vertex 0.553806 0.580866 0.700000
vertex 0.551903 0.590433 0.709754
vertex 0.550960 0.590245 0.700000
endloop
endfacet
facet normal -0.094257 -0.028594 0.995137
outer loop
vertex 0.590988 0.596267 0.749039
vertex 0.600000 0.600000 0.750000
vertex 0.590433 0.598097 0.749039
endloop
endfacet
facet normal -0.094194 -0.028563 -0.995144
outer loop
vertex 0.600000 0.600000 0.650000
vertex 0.590988 0.596267 0.650960
vertex 0.590433 0.598097 0.650960
endloop
endfacet
facet normal -0.952356 -0.288986 -0.097498
outer loop
vertex 0.554693 0.581234 0.690245
vertex 0.553806 0.580866 0.700000
vertex 0.550960 0.590245 0.700000
endloop
endfacet
facet normal -0.952380 -0.288857 -0.097644
outer loop
vertex 0.554693 0.581234 0.690245
vertex 0.550960 0.590245 0.700000
vertex 0.551903 0.590433 0.690245
endloop
endfacet
facet normal -0.278980 -0.084614 0.956562
outer loop
vertex 0.582322 0.592677 0.746194
vertex 0.590988 0.596267 0.749039
vertex 0.590433 0.598097 0.749039
endloop
endfacet
facet normal -0.279012 -0.084560 0.956557
outer loop
vertex 0.582322 0.592677 0.746194
vertex 0.590433 0.598097 0.749039
vertex 0.581234 0.596267 0.746194
endloop
endfacet
facet normal -0.916088 -0.277845 -0.289111
outer loop
vertex 0.557323 0.582322 0.680866
vertex 0.554693 0.581234 0.690245
vertex 0.551903 0.590433 0.690245
endloop
endfacet
facet normal -0.916084 -0.278012 -0.288963
outer loop
vertex 0.557323 0.582322 0.680866
vertex 0.551903 0.590433 0.690245
vertex 0.554693 0.590988 0.680866
endloop
endfacet
facet normal -0.452889 -0.137255 0.880938
outer loop
vertex 0.574336 0.589369 0.741573
vertex 0.582322 0.592677 0.746194
vertex 0.581234 0.596267 0.746194
endloop
endfacet
facet normal -0.452801 -0.137361 0.880967
outer loop
vertex 0.574336 0.589369 0.741573
vertex 0.581234 0.596267 0.746194
vertex 0.572755 0.594581 0.741573
endloop
endfacet
facet normal -0.844851 -0.256397 -0.469561
outer loop
vertex 0.561591 0.584091 0.672221
vertex 0.557323 0.582322 0.680866
vertex 0.554693 0.590988 0.680866
endloop
endfacet
facet normal -0.844821 -0.256188 -0.469729
outer loop
vertex 0.561591 0.584091 0.672221
vertex 0.554693 0.590988 0.680866
vertex 0.559226 0.591890 0.672221
endloop
endfacet
facet normal -0.608765 -0.184669 0.771559
outer loop
vertex 0.567336 0.586470 0.735356
vertex 0.574336 0.589369 0.741573
vertex 0.572755 0.594581 0.741573
endloop
endfacet
facet normal -0.608770 -0.184660 0.771556
outer loop
vertex 0.567336 0.586470 0.735356
vertex 0.572755 0.594581 0.741573
vertex 0.565324 0.593103 0.735356
endloop
endfacet
facet normal -0.741160 -0.224756 -0.632587
outer loop
vertex 0.567336 0.586470 0.664645
vertex 0.561591 0.584091 0.672221
vertex 0.559226 0.591890 0.672221
endloop
endfacet
facet normal -0.741160 -0.224818 -0.632566
outer loop
vertex 0.567336 0.586470 0.664645
vertex 0.559226 0.591890 0.672221
vertex 0.565324 0.593103 0.664645
endloop
endfacet
facet normal -0.990439 -0.097466 -0.097628
outer loop
vertex 0.551903 0.590433 0.690245
vertex 0.550960 0.590245 0.700000
vertex 0.550000 0.600000 0.700000
endloop
endfacet
facet normal -0.990438 -0.097524 -0.097579
outer loop
vertex 0.551903 0.590433 0.690245
vertex 0.550000 0.600000 0.700000
vertex 0.550961 0.600000 0.690245
endloop
endfacet
facet normal -0.290147 -0.028662 0.956553
outer loop
vertex 0.581234 0.596267 0.746194
vertex 0.590433 0.598097 0.749039
vertex 0.590245 0.600000 0.749039
endloop
endfacet
facet normal -0.290158 -0.028605 0.956551
outer loop
vertex 0.581234 0.596267 0.746194
vertex 0.590245 0.600000 0.749039
vertex 0.580866 0.600000 0.746194
endloop
endfacet
facet normal -0.952733 -0.093814 -0.288963
outer loop
vertex 0.554693 0.590988 0.680866
vertex 0.551903 0.590433 0.690245
vertex 0.550961 0.600000 0.690245
endloop
endfacet
facet normal -0.952728 -0.093776 -0.288991
outer loop
vertex 0.554693 0.590988 0.680866
vertex 0.550961 0.600000 0.690245
vertex 0.553806 0.600000 0.680866
endloop
endfacet
facet normal -0.470879 -0.046422 0.880976
outer loop
vertex 0.572755 0.594581 0.741573
vertex 0.581234 0.596267 0.746194
vertex 0.580866 0.600000 0.746194
endloop
endfacet
facet normal -0.470910 -0.046394 0.880960
outer loop
vertex 0.572755 0.594581 0.741573
vertex 0.580866 0.600000 0.746194
vertex 0.572221 0.600000 0.741573
endloop
endfacet
facet normal -0.878579 -0.086477 -0.469702
outer loop
vertex 0.559226 0.591890 0.672221
vertex 0.554693 0.590988 0.680866
vertex 0.553806 0.600000 0.680866
endloop
endfacet
facet normal -0.878601 -0.086565 -0.469645
outer loop
vertex 0.559226 0.591890 0.672221
vertex 0.553806 0.600000 0.680866
vertex 0.558427 0.600000 0.672221
endloop
endfacet
facet normal -0.633104 -0.062383 0.771549
outer loop
vertex 0.565324 0.593103 0.735356
vertex 0.572755 0.594581 0.741573
vertex 0.572221 0.600000 0.741573
endloop
endfacet
facet normal -0.633134 -0.062322 0.771529
outer loop
vertex 0.565324 0.593103 0.735356
vertex 0.572221 0.600000 0.741573
vertex 0.564645 0.600000 0.735356
endloop
endfacet
facet normal -0.770778 -0.075942 -0.632562
outer loop
vertex 0.565324 0.593103 0.664645
vertex 0.559226 0.591890 0.672221
vertex 0.558427 0.600000 0.672221
endloop
endfacet
facet normal -0.770754 -0.075860 -0.632601
outer loop
vertex 0.565324 0.593103 0.664645
vertex 0.558427 0.600000 0.672221
vertex 0.564645 0.600000 0.664645
endloop
endfacet
facet normal -0.770868 -0.075879 0.632460
outer loop
vertex 0.559226 0.591890 0.727778
vertex 0.565324 0.593103 0.735356
vertex 0.564645 0.600000 0.735356
endloop
endfacet
facet normal -0.770826 -0.075939 0.632504
outer loop
vertex 0.559226 0.591890 0.727778
vertex 0.564645 0.600000 0.735356
vertex 0.558427 0.600000 0.727778
endloop
endfacet
facet normal -0.633182 -0.062323 -0.771489
outer loop
vertex 0.572755 0.594581 0.658427
vertex 0.565324 0.593103 0.664645
vertex 0.564645 0.600000 0.664645
endloop
endfacet
facet normal -0.633173 -0.062391 -0.771491
outer loop
vertex 0.572755 0.594581 0.658427
vertex 0.564645 0.600000 0.664645
vertex 0.572221 0.600000 0.658427
endloop
endfacet
facet normal -0.878542 -0.086556 0.469758
outer loop
vertex 0.554693 0.590988 0.719134
vertex 0.559226 0.591890 0.727778
vertex 0.558427 0.600000 0.727778
endloop
endfacet
facet normal -0.878592 -0.086477 0.469678
outer loop
vertex 0.554693 0.590988 0.719134
vertex 0.558427 0.600000 0.727778
vertex 0.553806 0.600000 0.719134
endloop
endfacet
facet normal -0.470907 -0.046393 -0.880962
outer loop
vertex 0.581234 0.596267 0.653806
vertex 0.572755 0.594581 0.658427
vertex 0.572221 0.600000 0.658427
endloop
endfacet
facet normal -0.470901 -0.046423 -0.880964
outer loop
vertex 0.581234 0.596267 0.653806
vertex 0.572221 0.600000 0.658427
vertex 0.580866 0.600000 0.653806
endloop
endfacet
facet normal -0.952745 -0.093778 0.288933
outer loop
vertex 0.551903 0.590433 0.709754
vertex 0.554693 0.590988 0.719134
vertex 0.553806 0.600000 0.719134
endloop
endfacet
facet normal -0.952732 -0.093814 0.288963
outer loop
vertex 0.551903 0.590433 0.709754
vertex 0.553806 0.600000 0.719134
vertex 0.550961 0.600000 0.709754
endloop
endfacet
facet normal -0.290241 -0.028611 -0.956526
outer loop
vertex 0.590433 0.598097 0.650960
vertex 0.581234 0.596267 0.653806
vertex 0.580866 0.600000 0.653806
endloop
endfacet
facet normal -0.290228 -0.028673 -0.956528
outer loop
vertex 0.590433 0.598097 0.650960
vertex 0.580866 0.600000 0.653806
vertex 0.590245 0.600000 0.650960
endloop
endfacet
facet normal -0.990432 -0.097524 0.097640
outer loop
vertex 0.550960 0.590245 0.700000
vertex 0.551903 0.590433 0.709754
vertex 0.550961 0.600000 0.709754
endloop
endfacet
facet normal -0.990443 -0.097466 0.097588
outer loop
vertex 0.550960 0.590245 0.700000
vertex 0.550961 0.600000 0.709754
vertex 0.550000 0.600000 0.700000
endloop
endfacet
facet normal -0.098026 -0.009685 0.995137
outer loop
vertex 0.590433 0.598097 0.749039
vertex 0.600000 0.600000 0.750000
vertex 0.590245 0.600000 0.749039
endloop
endfacet
facet normal -0.097927 -0.009673 -0.995147
outer loop
vertex 0.600000 0.600000 0.650000
vertex 0.590433 0.598097 0.650960
vertex 0.590245 0.600000 0.650960
endloop
endfacet
facet normal -0.633206 0.062317 -0.771470
outer loop
vertex 0.572221 0.600000 0.658427
vertex 0.564645 0.600000 0.664645
vertex 0.565324 0.606898 0.664645
endloop
endfacet
facet normal -0.633144 0.062387 -0.771516
outer loop
vertex 0.572221 0.600000 0.658427
vertex 0.565324 0.606898 0.664645
vertex 0.572755 0.605419 0.658427
endloop
endfacet
facet normal -0.878581 0.086559 0.469683
outer loop
vertex 0.553806 0.600000 0.719134
vertex 0.558427 0.600000 0.727778
vertex 0.559226 0.608110 0.727778
endloop
endfacet
facet normal -0.878554 0.086475 0.469750
outer loop
vertex 0.553806 0.600000 0.719134
vertex 0.559226 0.608110 0.727778
vertex 0.554693 0.609012 0.719134
endloop
endfacet
facet normal -0.470909 0.046394 -0.880961
outer loop
vertex 0.580866 0.600000 0.653806
vertex 0.572221 0.600000 0.658427
vertex 0.572755 0.605419 0.658427
endloop
endfacet
facet normal -0.470901 0.046423 -0.880964
outer loop
vertex 0.580866 0.600000 0.653806
vertex 0.572755 0.605419 0.658427
vertex 0.581234 0.603733 0.653806
endloop
endfacet
facet normal -0.952736 0.093777 0.288963
outer loop
vertex 0.550961 0.600000 0.709754
vertex 0.553806 0.600000 0.719134
vertex 0.554693 0.609012 0.719134
endloop
endfacet
facet normal -0.952741 0.093815 0.288935
outer loop
vertex 0.550961 0.600000 0.709754
vertex 0.554693 0.609012 0.719134
vertex 0.551903 0.609567 0.709754
endloop
endfacet
facet normal -0.290260 0.028612 -0.956520
outer loop
vertex 0.590245 0.600000 0.650960
vertex 0.580866 0.600000 0.653806
vertex 0.581234 0.603733 0.653806
endloop
endfacet
facet normal -0.290200 0.028671 -0.956537
outer loop
vertex 0.590245 0.600000 0.650960
vertex 0.581234 0.603733 0.653806
vertex 0.590433 0.601903 0.650960
endloop
endfacet
facet normal -0.990438 0.097514 0.097589
outer loop
vertex 0.550000 0.600000 0.700000
vertex 0.550961 0.600000 0.709754
vertex 0.551903 0.609567 0.709754
endloop
endfacet
facet normal -0.990437 0.097593 0.097520
outer loop
vertex 0.550000 0.600000 0.700000
vertex 0.551903 0.609567 0.709754
vertex 0.550961 0.609754 0.700000
endloop
endfacet
facet normal -0.098026 0.009685 0.995137
outer loop
vertex 0.590245 0.600000 0.749039
vertex 0.600000 0.600000 0.750000
vertex 0.590433 0.601903 0.749039
endloop
endfacet
facet normal -0.097925 0.009673 -0.995147
outer loop
vertex 0.600000 0.600000 0.650000
vertex 0.590245 0.600000 0.650960
vertex 0.590433 0.601903 0.650960
endloop
endfacet
facet normal -0.990431 0.097592 -0.097577
outer loop
vertex 0.550961 0.600000 0.690245
vertex 0.550000 0.600000 0.700000
vertex 0.550961 0.609754 0.700000
endloop
endfacet
facet normal -0.990445 0.097524 -0.097510
outer loop
vertex 0.550961 0.600000 0.690245
vertex 0.550961 0.609754 0.700000
vertex 0.551903 0.609567 0.690245
endloop
endfacet
facet normal -0.290152 0.028675 0.956551
outer loop
vertex 0.580866 0.600000 0.746194
vertex 0.590245 0.600000 0.749039
vertex 0.590433 0.601903 0.749039
endloop
endfacet
facet normal -0.290160 0.028599 0.956551
outer loop
vertex 0.580866 0.600000 0.746194
vertex 0.590433 0.601903 0.749039
vertex 0.581234 0.603733 0.746194
endloop
endfacet
facet normal -0.952726 0.093812 -0.288985
outer loop
vertex 0.553806 0.600000 0.680866
vertex 0.550961 0.600000 0.690245
vertex 0.551903 0.609567 0.690245
endloop
endfacet
facet normal -0.952735 0.093778 -0.288966
outer loop
vertex 0.553806 0.600000 0.680866
vertex 0.551903 0.609567 0.690245
vertex 0.554693 0.609012 0.680866
endloop
endfacet
facet normal -0.470904 0.046424 0.880962
outer loop
vertex 0.572221 0.600000 0.741573
vertex 0.580866 0.600000 0.746194
vertex 0.581234 0.603733 0.746194
endloop
endfacet
facet normal -0.470900 0.046393 0.880966
outer loop
vertex 0.572221 0.600000 0.741573
vertex 0.581234 0.603733 0.746194
vertex 0.572755 0.605419 0.741573
endloop
endfacet
facet normal -0.878612 0.086480 -0.469640
outer loop
vertex 0.558427 0.600000 0.672221
vertex 0.553806 0.600000 0.680866
vertex 0.554693 0.609012 0.680866
endloop
endfacet
facet normal -0.878560 0.086561 -0.469723
outer loop
vertex 0.558427 0.600000 0.672221
vertex 0.554693 0.609012 0.680866
vertex 0.559226 0.608110 0.672221
endloop
endfacet
facet normal -0.633137 0.062386 0.771522
outer loop
vertex 0.564645 0.600000 0.735356
vertex 0.572221 0.600000 0.741573
vertex 0.572755 0.605419 0.741573
endloop
endfacet
facet normal -0.633114 0.062311 0.771547
outer loop
vertex 0.564645 0.600000 0.735356
vertex 0.572755 0.605419 0.741573
vertex 0.565324 0.606898 0.735356
endloop
endfacet
facet normal -0.770745 0.075939 -0.632602
outer loop
vertex 0.564645 0.600000 0.664645
vertex 0.558427 0.600000 0.672221
vertex 0.559226 0.608110 0.672221
endloop
endfacet
facet normal -0.770800 0.075854 -0.632546
outer loop
vertex 0.564645 0.600000 0.664645
vertex 0.559226 0.608110 0.672221
vertex 0.565324 0.606898 0.664645
endloop
endfacet
facet normal -0.770828 0.075866 0.632509
outer loop
vertex 0.558427 0.600000 0.727778
vertex 0.564645 0.600000 0.735356
vertex 0.565324 0.606898 0.735356
endloop
endfacet
facet normal -0.770865 0.075942 0.632455
outer loop
vertex 0.558427 0.600000 0.727778
vertex 0.565324 0.606898 0.735356
vertex 0.559226 0.608110 0.727778
endloop
endfacet
facet normal -0.916133 0.277849 -0.288965
outer loop
vertex 0.554693 0.609012 0.680866
vertex 0.551903 0.609567 0.690245
vertex 0.554693 0.618766 0.690245
endloop
endfacet
facet normal -0.916019 0.278035 -0.289146
outer loop
vertex 0.554693 0.609012 0.680866
vertex 0.554693 0.618766 0.690245
vertex 0.557323 0.617677 0.680866
endloop
endfacet
facet normal -0.452802 0.137271 0.880981
outer loop
vertex 0.572755 0.605419 0.741573
vertex 0.581234 0.603733 0.746194
vertex 0.582322 0.607322 0.746194
endloop
endfacet
facet normal -0.452850 0.137400 0.880936
outer loop
vertex 0.572755 0.605419 0.741573
vertex 0.582322 0.607322 0.746194
vertex 0.574336 0.610630 0.741573
endloop
endfacet
facet normal -0.844770 0.256401 -0.469705
outer loop
vertex 0.559226 0.608110 0.672221
vertex 0.554693 0.609012 0.680866
vertex 0.557323 0.617677 0.680866
endloop
endfacet
facet normal -0.844920 0.256216 -0.469535
outer loop
vertex 0.559226 0.608110 0.672221
vertex 0.557323 0.617677 0.680866
vertex 0.561591 0.615909 0.672221
endloop
endfacet
facet normal -0.608741 0.184693 0.771572
outer loop
vertex 0.565324 0.606898 0.735356
vertex 0.572755 0.605419 0.741573
vertex 0.574336 0.610630 0.741573
endloop
endfacet
facet normal -0.608750 0.184686 0.771566
outer loop
vertex 0.565324 0.606898 0.735356
vertex 0.574336 0.610630 0.741573
vertex 0.567336 0.613530 0.735356
endloop
endfacet
facet normal -0.741190 0.224768 -0.632547
outer loop
vertex 0.565324 0.606898 0.664645
vertex 0.559226 0.608110 0.672221
vertex 0.561591 0.615909 0.672221
endloop
endfacet
facet normal -0.741126 0.224839 -0.632598
outer loop
vertex 0.565324 0.606898 0.664645
vertex 0.561591 0.615909 0.672221
vertex 0.567336 0.613530 0.664645
endloop
endfacet
facet normal -0.741238 0.224887 0.632449
outer loop
vertex 0.559226 0.608110 0.727778
vertex 0.565324 0.606898 0.735356
vertex 0.567336 0.613530 0.735356
endloop
endfacet
facet normal -0.741240 0.224768 0.632489
outer loop
vertex 0.559226 0.608110 0.727778
vertex 0.567336 0.613530 0.735356
vertex 0.561591 0.615909 0.727778
endloop
endfacet
facet normal -0.608811 0.184703 -0.771514
outer loop
vertex 0.572755 0.605419 0.658427
vertex 0.565324 0.606898 0.664645
vertex 0.567336 0.613530 0.664645
endloop
endfacet
facet normal -0.608786 0.184715 -0.771531
outer loop
vertex 0.572755 0.605419 0.658427
vertex 0.567336 0.613530 0.664645
vertex 0.574336 0.610630 0.658427
endloop
endfacet
facet normal -0.844807 0.256187 0.469755
outer loop
vertex 0.554693 0.609012 0.719134
vertex 0.559226 0.608110 0.727778
vertex 0.561591 0.615909 0.727778
endloop
endfacet
facet normal -0.844829 0.256418 0.469588
outer loop
vertex 0.554693 0.609012 0.719134
vertex 0.561591 0.615909 0.727778
vertex 0.557323 0.617677 0.719134
endloop
endfacet
facet normal -0.452803 0.137383 -0.880963
outer loop
vertex 0.581234 0.603733 0.653806
vertex 0.572755 0.605419 0.658427
vertex 0.574336 0.610630 0.658427
endloop
endfacet
facet normal -0.452879 0.137294 -0.880937
outer loop
vertex 0.581234 0.603733 0.653806
vertex 0.574336 0.610630 0.658427
vertex 0.582322 0.607322 0.653806
endloop
endfacet
facet normal -0.916083 0.278044 0.288935
outer loop
vertex 0.551903 0.609567 0.709754
vertex 0.554693 0.609012 0.719134
vertex 0.557323 0.617677 0.719134
endloop
endfacet
facet normal -0.916089 0.277845 0.289107
outer loop
vertex 0.551903 0.609567 0.709754
vertex 0.557323 0.617677 0.719134
vertex 0.554693 0.618766 0.709754
endloop
endfacet
facet normal -0.279107 0.084606 -0.956526
outer loop
vertex 0.590433 0.601903 0.650960
vertex 0.581234 0.603733 0.653806
vertex 0.582322 0.607322 0.653806
endloop
endfacet
facet normal -0.279033 0.084648 -0.956543
outer loop
vertex 0.590433 0.601903 0.650960
vertex 0.582322 0.607322 0.653806
vertex 0.590988 0.603733 0.650960
endloop
endfacet
facet normal -0.952394 0.288853 0.097515
outer loop
vertex 0.550961 0.609754 0.700000
vertex 0.551903 0.609567 0.709754
vertex 0.554693 0.618766 0.709754
endloop
endfacet
facet normal -0.952393 0.288860 0.097509
outer loop
vertex 0.550961 0.609754 0.700000
vertex 0.554693 0.618766 0.709754
vertex 0.553806 0.619134 0.700000
endloop
endfacet
facet normal -0.094266 0.028597 0.995136
outer loop
vertex 0.590433 0.601903 0.749039
vertex 0.600000 0.600000 0.750000
vertex 0.590988 0.603733 0.749039
endloop
endfacet
facet normal -0.094190 0.028565 -0.995144
outer loop
vertex 0.600000 0.600000 0.650000
vertex 0.590433 0.601903 0.650960
vertex 0.590988 0.603733 0.650960
endloop
endfacet
facet normal -0.952394 0.288859 -0.097503
outer loop
vertex 0.551903 0.609567 0.690245
vertex 0.550961 0.609754 0.700000
vertex 0.553806 0.619134 0.700000
endloop
endfacet
facet normal -0.952396 0.288853 -0.097501
outer loop
vertex 0.551903 0.609567 0.690245
vertex 0.553806 0.619134 0.700000
vertex 0.554693 0.618766 0.690245
endloop
endfacet
facet normal -0.278997 0.084619 0.956557
outer loop
vertex 0.581234 0.603733 0.746194
vertex 0.590433 0.601903 0.749039
vertex 0.590988 0.603733 0.749039
endloop
endfacet
facet normal -0.279009 0.084582 0.956556
outer loop
vertex 0.581234 0.603733 0.746194
vertex 0.590988 0.603733 0.749039
vertex 0.582322 0.607322 0.746194
endloop
endfacet
facet normal -0.417360 0.223058 -0.880940
outer loop
vertex 0.582322 0.607322 0.653806
vertex 0.574336 0.610630 0.658427
vertex 0.576903 0.615433 0.658427
endloop
endfacet
facet normal -0.417251 0.223129 -0.880974
outer loop
vertex 0.582322 0.607322 0.653806
vertex 0.576903 0.615433 0.658427
vertex 0.584091 0.610630 0.653806
endloop
endfacet
facet normal -0.844306 0.451174 0.289118
outer loop
vertex 0.554693 0.618766 0.709754
vertex 0.557323 0.617677 0.719134
vertex 0.561591 0.625664 0.719134
endloop
endfacet
facet normal -0.844265 0.451365 0.288939
outer loop
vertex 0.554693 0.618766 0.709754
vertex 0.561591 0.625664 0.719134
vertex 0.559226 0.627245 0.709754
endloop
endfacet
facet normal -0.257193 0.137520 -0.956525
outer loop
vertex 0.590988 0.603733 0.650960
vertex 0.582322 0.607322 0.653806
vertex 0.584091 0.610630 0.653806
endloop
endfacet
facet normal -0.257115 0.137566 -0.956539
outer loop
vertex 0.590988 0.603733 0.650960
vertex 0.584091 0.610630 0.653806
vertex 0.591890 0.605419 0.650960
endloop
endfacet
facet normal -0.877676 0.469230 0.097516
outer loop
vertex 0.553806 0.619134 0.700000
vertex 0.554693 0.618766 0.709754
vertex 0.559226 0.627245 0.709754
endloop
endfacet
facet normal -0.877688 0.469201 0.097541
outer loop
vertex 0.553806 0.619134 0.700000
vertex 0.559226 0.627245 0.709754
vertex 0.558427 0.627778 0.700000
endloop
endfacet
facet normal -0.086876 0.046465 0.995135
outer loop
vertex 0.590988 0.603733 0.749039
vertex 0.600000 0.600000 0.750000
vertex 0.591890 0.605419 0.749039
endloop
endfacet
facet normal -0.086778 0.046422 -0.995145
outer loop
vertex 0.600000 0.600000 0.650000
vertex 0.590988 0.603733 0.650960
vertex 0.591890 0.605419 0.650960
endloop
endfacet
facet normal -0.877691 0.469202 -0.097506
outer loop
vertex 0.554693 0.618766 0.690245
vertex 0.553806 0.619134 0.700000
vertex 0.558427 0.627778 0.700000
endloop
endfacet
facet normal -0.877677 0.469224 -0.097530
outer loop
vertex 0.554693 0.618766 0.690245
vertex 0.558427 0.627778 0.700000
vertex 0.559226 0.627245 0.690245
endloop
endfacet
facet normal -0.257069 0.137518 0.956559
outer loop
vertex 0.582322 0.607322 0.746194
vertex 0.590988 0.603733 0.749039
vertex 0.591890 0.605419 0.749039
endloop
endfacet
facet normal -0.257101 0.137480 0.956555
outer loop
vertex 0.582322 0.607322 0.746194
vertex 0.591890 0.605419 0.749039
vertex 0.584091 0.610630 0.746194
endloop
endfacet
facet normal -0.844217 0.451333 -0.289129
outer loop
vertex 0.557323 0.617677 0.680866
vertex 0.554693 0.618766 0.690245
vertex 0.559226 0.627245 0.690245
endloop
endfacet
facet normal -0.844343 0.451197 -0.288975
outer loop
vertex 0.557323 0.617677 0.680866
vertex 0.559226 0.627245 0.690245
vertex 0.561591 0.625664 0.680866
endloop
endfacet
facet normal -0.417300 0.223161 0.880943
outer loop
vertex 0.574336 0.610630 0.741573
vertex 0.582322 0.607322 0.746194
vertex 0.584091 0.610630 0.746194
endloop
endfacet
facet normal -0.417330 0.223037 0.880960
outer loop
vertex 0.574336 0.610630 0.741573
vertex 0.584091 0.610630 0.746194
vertex 0.576903 0.615433 0.741573
endloop
endfacet
facet normal -0.778705 0.416115 -0.469539
outer loop
vertex 0.561591 0.615909 0.672221
vertex 0.557323 0.617677 0.680866
vertex 0.561591 0.625664 0.680866
endloop
endfacet
facet normal -0.778626 0.416178 -0.469614
outer loop
vertex 0.561591 0.615909 0.672221
vertex 0.561591 0.625664 0.680866
vertex 0.565433 0.623097 0.672221
endloop
endfacet
facet normal -0.561036 0.299840 0.771579
outer loop
vertex 0.567336 0.613530 0.735356
vertex 0.574336 0.610630 0.741573
vertex 0.576903 0.615433 0.741573
endloop
endfacet
facet normal -0.561042 0.299900 0.771552
outer loop
vertex 0.567336 0.613530 0.735356
vertex 0.576903 0.615433 0.741573
vertex 0.570603 0.619642 0.735356
endloop
endfacet
facet normal -0.683028 0.365081 -0.632605
outer loop
vertex 0.567336 0.613530 0.664645
vertex 0.561591 0.615909 0.672221
vertex 0.565433 0.623097 0.672221
endloop
endfacet
facet normal -0.683025 0.365093 -0.632601
outer loop
vertex 0.567336 0.613530 0.664645
vertex 0.565433 0.623097 0.672221
vertex 0.570603 0.619642 0.664645
endloop
endfacet
facet normal -0.683093 0.365130 0.632505
outer loop
vertex 0.561591 0.615909 0.727778
vertex 0.567336 0.613530 0.735356
vertex 0.570603 0.619642 0.735356
endloop
endfacet
facet normal -0.683104 0.365127 0.632496
outer loop
vertex 0.561591 0.615909 0.727778
vertex 0.570603 0.619642 0.735356
vertex 0.565433 0.623097 0.727778
endloop
endfacet
facet normal -0.561090 0.299911 -0.771512
outer loop
vertex 0.574336 0.610630 0.658427
vertex 0.567336 0.613530 0.664645
vertex 0.570603 0.619642 0.664645
endloop
endfacet
facet normal -0.561110 0.299890 -0.771506
outer loop
vertex 0.574336 0.610630 0.658427
vertex 0.570603 0.619642 0.664645
vertex 0.576903 0.615433 0.658427
endloop
endfacet
facet normal -0.778644 0.416183 0.469579
outer loop
vertex 0.557323 0.617677 0.719134
vertex 0.561591 0.615909 0.727778
vertex 0.565433 0.623097 0.727778
endloop
endfacet
facet normal -0.778652 0.416093 0.469646
outer loop
vertex 0.557323 0.617677 0.719134
vertex 0.565433 0.623097 0.727778
vertex 0.561591 0.625664 0.719134
endloop
endfacet
facet normal -0.365820 0.300102 0.880973
outer loop
vertex 0.576903 0.615433 0.741573
vertex 0.584091 0.610630 0.746194
vertex 0.586470 0.613530 0.746194
endloop
endfacet
facet normal -0.365826 0.300184 0.880943
outer loop
vertex 0.576903 0.615433 0.741573
vertex 0.586470 0.613530 0.746194
vertex 0.580357 0.619642 0.741573
endloop
endfacet
facet normal -0.682463 0.560103 -0.469604
outer loop
vertex 0.565433 0.623097 0.672221
vertex 0.561591 0.625664 0.680866
vertex 0.567336 0.632664 0.680866
endloop
endfacet
facet normal -0.682501 0.560076 -0.469581
outer loop
vertex 0.565433 0.623097 0.672221
vertex 0.567336 0.632664 0.680866
vertex 0.570603 0.629397 0.672221
endloop
endfacet
facet normal -0.491776 0.403553 0.771558
outer loop
vertex 0.570603 0.619642 0.735356
vertex 0.576903 0.615433 0.741573
vertex 0.580357 0.619642 0.741573
endloop
endfacet
facet normal -0.491771 0.403576 0.771549
outer loop
vertex 0.570603 0.619642 0.735356
vertex 0.580357 0.619642 0.741573
vertex 0.575000 0.625000 0.735356
endloop
endfacet
facet normal -0.598681 0.491300 -0.632618
outer loop
vertex 0.570603 0.619642 0.664645
vertex 0.565433 0.623097 0.672221
vertex 0.570603 0.629397 0.672221
endloop
endfacet
facet normal -0.598678 0.491312 -0.632612
outer loop
vertex 0.570603 0.619642 0.664645
vertex 0.570603 0.629397 0.672221
vertex 0.575000 0.625000 0.664645
endloop
endfacet
facet normal -0.598743 0.491358 0.632515
outer loop
vertex 0.565433 0.623097 0.727778
vertex 0.570603 0.619642 0.735356
vertex 0.575000 0.625000 0.735356
endloop
endfacet
facet normal -0.598748 0.491344 0.632521
outer loop
vertex 0.565433 0.623097 0.727778
vertex 0.575000 0.625000 0.735356
vertex 0.570603 0.629397 0.727778
endloop
endfacet
facet normal -0.491816 0.403607 -0.771504
outer loop
vertex 0.576903 0.615433 0.658427
vertex 0.570603 0.619642 0.664645
vertex 0.575000 0.625000 0.664645
endloop
endfacet
facet normal -0.491822 0.403603 -0.771502
outer loop
vertex 0.576903 0.615433 0.658427
vertex 0.575000 0.625000 0.664645
vertex 0.580357 0.619642 0.658427
endloop
endfacet
facet normal -0.682469 0.560058 0.469650
outer loop
vertex 0.561591 0.625664 0.719134
vertex 0.565433 0.623097 0.727778
vertex 0.570603 0.629397 0.727778
endloop
endfacet
facet normal -0.682458 0.560097 0.469620
outer loop
vertex 0.561591 0.625664 0.719134
vertex 0.570603 0.629397 0.727778
vertex 0.567336 0.632664 0.719134
endloop
endfacet
facet normal -0.365789 0.300170 -0.880963
outer loop
vertex 0.584091 0.610630 0.653806
vertex 0.576903 0.615433 0.658427
vertex 0.580357 0.619642 0.658427
endloop
endfacet
facet normal -0.365852 0.300126 -0.880952
outer loop
vertex 0.584091 0.610630 0.653806
vertex 0.580357 0.619642 0.658427
vertex 0.586470 0.613530 0.653806
endloop
endfacet
facet normal -0.740026 0.607339 0.288964
outer loop
vertex 0.559226 0.627245 0.709754
vertex 0.561591 0.625664 0.719134
vertex 0.567336 0.632664 0.719134
endloop
endfacet
facet normal -0.740053 0.607288 0.289002
outer loop
vertex 0.559226 0.627245 0.709754
vertex 0.567336 0.632664 0.719134
vertex 0.565324 0.634676 0.709754
endloop
endfacet
facet normal -0.225474 0.184957 -0.956531
outer loop
vertex 0.591890 0.605419 0.650960
vertex 0.584091 0.610630 0.653806
vertex 0.586470 0.613530 0.653806
endloop
endfacet
facet normal -0.225463 0.184951 -0.956535
outer loop
vertex 0.591890 0.605419 0.650960
vertex 0.586470 0.613530 0.653806
vertex 0.593103 0.606898 0.650960
endloop
endfacet
facet normal -0.769354 0.631334 0.097525
outer loop
vertex 0.558427 0.627778 0.700000
vertex 0.559226 0.627245 0.709754
vertex 0.565324 0.634676 0.709754
endloop
endfacet
facet normal -0.769371 0.631307 0.097565
outer loop
vertex 0.558427 0.627778 0.700000
vertex 0.565324 0.634676 0.709754
vertex 0.564645 0.635356 0.700000
endloop
endfacet
facet normal -0.076169 0.062480 0.995135
outer loop
vertex 0.591890 0.605419 0.749039
vertex 0.600000 0.600000 0.750000
vertex 0.593103 0.606898 0.749039
endloop
endfacet
facet normal -0.076083 0.062419 -0.995146
outer loop
vertex 0.600000 0.600000 0.650000
vertex 0.591890 0.605419 0.650960
vertex 0.593103 0.606898 0.650960
endloop
endfacet
facet normal -0.769380 0.631304 -0.097521
outer loop
vertex 0.559226 0.627245 0.690245
vertex 0.558427 0.627778 0.700000
vertex 0.564645 0.635356 0.700000
endloop
endfacet
facet normal -0.769353 0.631333 -0.097549
outer loop
vertex 0.559226 0.627245 0.690245
vertex 0.564645 0.635356 0.700000
vertex 0.565324 0.634676 0.690245
endloop
endfacet
facet normal -0.225418 0.184882 0.956559
outer loop
vertex 0.584091 0.610630 0.746194
vertex 0.591890 0.605419 0.749039
vertex 0.593103 0.606898 0.749039
endloop
endfacet
facet normal -0.225382 0.184913 0.956562
outer loop
vertex 0.584091 0.610630 0.746194
vertex 0.593103 0.606898 0.749039
vertex 0.586470 0.613530 0.746194
endloop
endfacet
facet normal -0.740055 0.607293 -0.288986
outer loop
vertex 0.561591 0.625664 0.680866
vertex 0.559226 0.627245 0.690245
vertex 0.565324 0.634676 0.690245
endloop
endfacet
facet normal -0.740006 0.607329 -0.289039
outer loop
vertex 0.561591 0.625664 0.680866
vertex 0.565324 0.634676 0.690245
vertex 0.567336 0.632664 0.680866
endloop
endfacet
facet normal -0.607326 0.740021 0.289005
outer loop
vertex 0.565324 0.634676 0.709754
vertex 0.567336 0.632664 0.719134
vertex 0.574336 0.638409 0.719134
endloop
endfacet
facet normal -0.607260 0.740121 0.288887
outer loop
vertex 0.565324 0.634676 0.709754
vertex 0.574336 0.638409 0.719134
vertex 0.572756 0.640774 0.709754
endloop
endfacet
facet normal -0.185003 0.225434 -0.956532
outer loop
vertex 0.593103 0.606898 0.650960
vertex 0.586470 0.613530 0.653806
vertex 0.589369 0.615909 0.653806
endloop
endfacet
facet normal -0.184917 0.225480 -0.956538
outer loop
vertex 0.593103 0.606898 0.650960
vertex 0.589369 0.615909 0.653806
vertex 0.594581 0.608110 0.650960
endloop
endfacet
facet normal -0.631284 0.769390 0.097570
outer loop
vertex 0.564645 0.635356 0.700000
vertex 0.565324 0.634676 0.709754
vertex 0.572756 0.640774 0.709754
endloop
endfacet
facet normal -0.631336 0.769337 0.097650
outer loop
vertex 0.564645 0.635356 0.700000
vertex 0.572756 0.640774 0.709754
vertex 0.572221 0.641573 0.700000
endloop
endfacet
facet normal -0.062435 0.076177 0.995138
outer loop
vertex 0.593103 0.606898 0.749039
vertex 0.600000 0.600000 0.750000
vertex 0.594581 0.608110 0.749039
endloop
endfacet
facet normal -0.062411 0.076103 -0.995145
outer loop
vertex 0.600000 0.600000 0.650000
vertex 0.593103 0.606898 0.650960
vertex 0.594581 0.608110 0.650960
endloop
endfacet
facet normal -0.631331 0.769352 -0.097563
outer loop
vertex 0.565324 0.634676 0.690245
vertex 0.564645 0.635356 0.700000
vertex 0.572221 0.641573 0.700000
endloop
endfacet
facet normal -0.631282 0.769383 -0.097640
outer loop
vertex 0.565324 0.634676 0.690245
vertex 0.572221 0.641573 0.700000
vertex 0.572756 0.640774 0.690245
endloop
endfacet
facet normal -0.184885 0.225430 0.956556
outer loop
vertex 0.586470 0.613530 0.746194
vertex 0.593103 0.606898 0.749039
vertex 0.594581 0.608110 0.749039
endloop
endfacet
facet normal -0.184926 0.225349 0.956567
outer loop
vertex 0.586470 0.613530 0.746194
vertex 0.594581 0.608110 0.749039
vertex 0.589369 0.615909 0.746194
endloop
endfacet
facet normal -0.607231 0.740089 -0.289031
outer loop
vertex 0.567336 0.632664 0.680866
vertex 0.565324 0.634676 0.690245
vertex 0.572756 0.640774 0.690245
endloop
endfacet
facet normal -0.607348 0.740040 -0.288911
outer loop
vertex 0.567336 0.632664 0.680866
vertex 0.572756 0.640774 0.690245
vertex 0.574336 0.638409 0.680866
endloop
endfacet
facet normal -0.300179 0.365797 0.880957
outer loop
vertex 0.580357 0.619642 0.741573
vertex 0.586470 0.613530 0.746194
vertex 0.589369 0.615909 0.746194
endloop
endfacet
facet normal -0.300204 0.365803 0.880946
outer loop
vertex 0.580357 0.619642 0.741573
vertex 0.589369 0.615909 0.746194
vertex 0.584567 0.623097 0.741573
endloop
endfacet
facet normal -0.560115 0.682464 -0.469589
outer loop
vertex 0.570603 0.629397 0.672221
vertex 0.567336 0.632664 0.680866
vertex 0.574336 0.638409 0.680866
endloop
endfacet
facet normal -0.560061 0.682490 -0.469615
outer loop
vertex 0.570603 0.629397 0.672221
vertex 0.574336 0.638409 0.680866
vertex 0.576903 0.634567 0.672221
endloop
endfacet
facet normal -0.403573 0.491765 0.771554
outer loop
vertex 0.575000 0.625000 0.735356
vertex 0.580357 0.619642 0.741573
vertex 0.584567 0.623097 0.741573
endloop
endfacet
facet normal -0.403592 0.491702 0.771585
outer loop
vertex 0.575000 0.625000 0.735356
vertex 0.584567 0.623097 0.741573
vertex 0.580357 0.629397 0.735356
endloop
endfacet
facet normal -0.491308 0.598684 -0.632609
outer loop
vertex 0.575000 0.625000 0.664645
vertex 0.570603 0.629397 0.672221
vertex 0.576903 0.634567 0.672221
endloop
endfacet
facet normal -0.491385 0.598666 -0.632565
outer loop
vertex 0.575000 0.625000 0.664645
vertex 0.576903 0.634567 0.672221
vertex 0.580357 0.629397 0.664645
endloop
endfacet
facet normal -0.491412 0.598691 0.632521
outer loop
vertex 0.570603 0.629397 0.727778
vertex 0.575000 0.625000 0.735356
vertex 0.580357 0.629397 0.735356
endloop
endfacet
facet normal -0.491379 0.598778 0.632465
outer loop
vertex 0.570603 0.629397 0.727778
vertex 0.580357 0.629397 0.735356
vertex 0.576903 0.634567 0.727778
endloop
endfacet
facet normal -0.403654 0.491769 -0.771509
outer loop
vertex 0.580357 0.619642 0.658427
vertex 0.575000 0.625000 0.664645
vertex 0.580357 0.629397 0.664645
endloop
endfacet
facet normal -0.403584 0.491782 -0.771537
outer loop
vertex 0.580357 0.619642 0.658427
vertex 0.580357 0.629397 0.664645
vertex 0.584567 0.623097 0.658427
endloop
endfacet
facet normal -0.560063 0.682482 0.469625
outer loop
vertex 0.567336 0.632664 0.719134
vertex 0.570603 0.629397 0.727778
vertex 0.576903 0.634567 0.727778
endloop
endfacet
facet normal -0.560088 0.682441 0.469655
outer loop
vertex 0.567336 0.632664 0.719134
vertex 0.576903 0.634567 0.727778
vertex 0.574336 0.638409 0.719134
endloop
endfacet
facet normal -0.300206 0.365804 -0.880945
outer loop
vertex 0.586470 0.613530 0.653806
vertex 0.580357 0.619642 0.658427
vertex 0.584567 0.623097 0.658427
endloop
endfacet
facet normal -0.300195 0.365796 -0.880952
outer loop
vertex 0.586470 0.613530 0.653806
vertex 0.584567 0.623097 0.658427
vertex 0.589369 0.615909 0.653806
endloop
endfacet
facet normal -0.416151 0.778648 -0.469601
outer loop
vertex 0.576903 0.634567 0.672221
vertex 0.574336 0.638409 0.680866
vertex 0.582322 0.642677 0.680866
endloop
endfacet
facet normal -0.416177 0.778648 -0.469578
outer loop
vertex 0.576903 0.634567 0.672221
vertex 0.582322 0.642677 0.680866
vertex 0.584091 0.638409 0.672221
endloop
endfacet
facet normal -0.299910 0.561002 0.771577
outer loop
vertex 0.580357 0.629397 0.735356
vertex 0.584567 0.623097 0.741573
vertex 0.589369 0.625664 0.741573
endloop
endfacet
facet normal -0.299853 0.561064 0.771554
outer loop
vertex 0.580357 0.629397 0.735356
vertex 0.589369 0.625664 0.741573
vertex 0.586470 0.632664 0.735356
endloop
endfacet
facet normal -0.365096 0.683044 -0.632579
outer loop
vertex 0.580357 0.629397 0.664645
vertex 0.576903 0.634567 0.672221
vertex 0.584091 0.638409 0.672221
endloop
endfacet
facet normal -0.365044 0.683057 -0.632595
outer loop
vertex 0.580357 0.629397 0.664645
vertex 0.584091 0.638409 0.672221
vertex 0.586470 0.632664 0.664645
endloop
endfacet
facet normal -0.365092 0.683145 0.632472
outer loop
vertex 0.576903 0.634567 0.727778
vertex 0.580357 0.629397 0.735356
vertex 0.586470 0.632664 0.735356
endloop
endfacet
facet normal -0.365116 0.683105 0.632501
outer loop
vertex 0.576903 0.634567 0.727778
vertex 0.586470 0.632664 0.735356
vertex 0.584091 0.638409 0.727778
endloop
endfacet
facet normal -0.299861 0.561099 -0.771525
outer loop
vertex 0.584567 0.623097 0.658427
vertex 0.580357 0.629397 0.664645
vertex 0.586470 0.632664 0.664645
endloop
endfacet
facet normal -0.299950 0.561091 -0.771497
outer loop
vertex 0.584567 0.623097 0.658427
vertex 0.586470 0.632664 0.664645
vertex 0.589369 0.625664 0.658427
endloop
endfacet
facet normal -0.416168 0.778604 0.469660
outer loop
vertex 0.574336 0.638409 0.719134
vertex 0.576903 0.634567 0.727778
vertex 0.584091 0.638409 0.727778
endloop
endfacet
facet normal -0.416144 0.778650 0.469605
outer loop
vertex 0.574336 0.638409 0.719134
vertex 0.584091 0.638409 0.727778
vertex 0.582322 0.642677 0.719134
endloop
endfacet
facet normal -0.223087 0.417318 -0.880953
outer loop
vertex 0.589369 0.615909 0.653806
vertex 0.584567 0.623097 0.658427
vertex 0.589369 0.625664 0.658427
endloop
endfacet
facet normal -0.223028 0.417326 -0.880964
outer loop
vertex 0.589369 0.615909 0.653806
vertex 0.589369 0.625664 0.658427
vertex 0.592677 0.617677 0.653806
endloop
endfacet
facet normal -0.451247 0.844337 0.288913
outer loop
vertex 0.572756 0.640774 0.709754
vertex 0.574336 0.638409 0.719134
vertex 0.582322 0.642677 0.719134
endloop
endfacet
facet normal -0.451390 0.844209 0.289065
outer loop
vertex 0.572756 0.640774 0.709754
vertex 0.582322 0.642677 0.719134
vertex 0.581234 0.645307 0.709754
endloop
endfacet
facet normal -0.137458 0.257188 -0.956535
outer loop
vertex 0.594581 0.608110 0.650960
vertex 0.589369 0.615909 0.653806
vertex 0.592677 0.617677 0.653806
endloop
endfacet
facet normal -0.137615 0.257162 -0.956520
outer loop
vertex 0.594581 0.608110 0.650960
vertex 0.592677 0.617677 0.653806
vertex 0.596267 0.609012 0.650960
endloop
endfacet
facet normal -0.469262 0.877646 0.097628
outer loop
vertex 0.572221 0.641573 0.700000
vertex 0.572756 0.640774 0.709754
vertex 0.581234 0.645307 0.709754
endloop
endfacet
facet normal -0.469170 0.877707 0.097518
outer loop
vertex 0.572221 0.641573 0.700000
vertex 0.581234 0.645307 0.709754
vertex 0.580866 0.646194 0.700000
endloop
endfacet
facet normal -0.046438 0.086864 0.995137
outer loop
vertex 0.594581 0.608110 0.749039
vertex 0.600000 0.600000 0.750000
vertex 0.596267 0.609012 0.749039
endloop
endfacet
facet normal -0.046450 0.086784 -0.995144
outer loop
vertex 0.600000 0.600000 0.650000
vertex 0.594581 0.608110 0.650960
vertex 0.596267 0.609012 0.650960
endloop
endfacet
facet normal -0.469156 0.877702 -0.097627
outer loop
vertex 0.572756 0.640774 0.690245
vertex 0.572221 0.641573 0.700000
vertex 0.580866 0.646194 0.700000
endloop
endfacet
facet normal -0.469269 0.877657 -0.097495
outer loop
vertex 0.572756 0.640774 0.690245
vertex 0.580866 0.646194 0.700000
vertex 0.581234 0.645307 0.690245
endloop
endfacet
facet normal -0.137525 0.257058 0.956561
outer loop
vertex 0.589369 0.615909 0.746194
vertex 0.594581 0.608110 0.749039
vertex 0.596267 0.609012 0.749039
endloop
endfacet
facet normal -0.137402 0.257126 0.956560
outer loop
vertex 0.589369 0.615909 0.746194
vertex 0.596267 0.609012 0.749039
vertex 0.592677 0.617677 0.746194
endloop
endfacet
facet normal -0.451405 0.844241 -0.288949
outer loop
vertex 0.574336 0.638409 0.680866
vertex 0.572756 0.640774 0.690245
vertex 0.581234 0.645307 0.690245
endloop
endfacet
facet normal -0.451215 0.844292 -0.289094
outer loop
vertex 0.574336 0.638409 0.680866
vertex 0.581234 0.645307 0.690245
vertex 0.582322 0.642677 0.680866
endloop
endfacet
facet normal -0.223056 0.417343 0.880949
outer loop
vertex 0.584567 0.623097 0.741573
vertex 0.589369 0.615909 0.746194
vertex 0.592677 0.617677 0.746194
endloop
endfacet
facet normal -0.223063 0.417306 0.880964
outer loop
vertex 0.584567 0.623097 0.741573
vertex 0.592677 0.617677 0.746194
vertex 0.589369 0.625664 0.741573
endloop
endfacet
facet normal -0.084653 0.279089 -0.956527
outer loop
vertex 0.596267 0.609012 0.650960
vertex 0.592677 0.617677 0.653806
vertex 0.596267 0.618766 0.653806
endloop
endfacet
facet normal -0.084643 0.279095 -0.956526
outer loop
vertex 0.596267 0.609012 0.650960
vertex 0.596267 0.618766 0.653806
vertex 0.598097 0.609567 0.650960
endloop
endfacet
facet normal -0.288855 0.952396 0.097490
outer loop
vertex 0.580866 0.646194 0.700000
vertex 0.581234 0.645307 0.709754
vertex 0.590433 0.648097 0.709754
endloop
endfacet
facet normal -0.288893 0.952379 0.097544
outer loop
vertex 0.580866 0.646194 0.700000
vertex 0.590433 0.648097 0.709754
vertex 0.590245 0.649039 0.700000
endloop
endfacet
facet normal -0.028557 0.094277 0.995136
outer loop
vertex 0.596267 0.609012 0.749039
vertex 0.600000 0.600000 0.750000
vertex 0.598097 0.609567 0.749039
endloop
endfacet
facet normal -0.028542 0.094178 -0.995146
outer loop
vertex 0.600000 0.600000 0.650000
vertex 0.596267 0.609012 0.650960
vertex 0.598097 0.609567 0.650960
endloop
endfacet
facet normal -0.288894 0.952386 -0.097479
outer loop
vertex 0.581234 0.645307 0.690245
vertex 0.580866 0.646194 0.700000
vertex 0.590245 0.649039 0.700000
endloop
endfacet
facet normal -0.288855 0.952392 -0.097535
outer loop
vertex 0.581234 0.645307 0.690245
vertex 0.590245 0.649039 0.700000
vertex 0.590433 0.648097 0.690245
endloop
endfacet
facet normal -0.084624 0.279003 0.956554
outer loop
vertex 0.592677 0.617677 0.746194
vertex 0.596267 0.609012 0.749039
vertex 0.598097 0.609567 0.749039
endloop
endfacet
facet normal -0.084643 0.279007 0.956551
outer loop
vertex 0.592677 0.617677 0.746194
vertex 0.598097 0.609567 0.749039
vertex 0.596267 0.618766 0.746194
endloop
endfacet
facet normal -0.277852 0.916084 -0.289117
outer loop
vertex 0.582322 0.642677 0.680866
vertex 0.581234 0.645307 0.690245
vertex 0.590433 0.648097 0.690245
endloop
endfacet
facet normal -0.278012 0.916081 -0.288972
outer loop
vertex 0.582322 0.642677 0.680866
vertex 0.590433 0.648097 0.690245
vertex 0.590988 0.645307 0.680866
endloop
endfacet
facet normal -0.137357 0.452805 0.880966
outer loop
vertex 0.589369 0.625664 0.741573
vertex 0.592677 0.617677 0.746194
vertex 0.596267 0.618766 0.746194
endloop
endfacet
facet normal -0.137362 0.452814 0.880961
outer loop
vertex 0.589369 0.625664 0.741573
vertex 0.596267 0.618766 0.746194
vertex 0.594581 0.627245 0.741573
endloop
endfacet
facet normal -0.256393 0.844843 -0.469578
outer loop
vertex 0.584091 0.638409 0.672221
vertex 0.582322 0.642677 0.680866
vertex 0.590988 0.645307 0.680866
endloop
endfacet
facet normal -0.256195 0.844830 -0.469709
outer loop
vertex 0.584091 0.638409 0.672221
vertex 0.590988 0.645307 0.680866
vertex 0.591890 0.640774 0.672221
endloop
endfacet
facet normal -0.184653 0.608769 0.771559
outer loop
vertex 0.586470 0.632664 0.735356
vertex 0.589369 0.625664 0.741573
vertex 0.594581 0.627245 0.741573
endloop
endfacet
facet normal -0.184673 0.608773 0.771551
outer loop
vertex 0.586470 0.632664 0.735356
vertex 0.594581 0.627245 0.741573
vertex 0.593103 0.634676 0.735356
endloop
endfacet
facet normal -0.224746 0.741146 -0.632607
outer loop
vertex 0.586470 0.632664 0.664645
vertex 0.584091 0.638409 0.672221
vertex 0.591890 0.640774 0.672221
endloop
endfacet
facet normal -0.224816 0.741165 -0.632560
outer loop
vertex 0.586470 0.632664 0.664645
vertex 0.591890 0.640774 0.672221
vertex 0.593103 0.634676 0.664645
endloop
endfacet
facet normal -0.224834 0.741199 0.632514
outer loop
vertex 0.584091 0.638409 0.727778
vertex 0.586470 0.632664 0.735356
vertex 0.593103 0.634676 0.735356
endloop
endfacet
facet normal -0.224786 0.741256 0.632464
outer loop
vertex 0.584091 0.638409 0.727778
vertex 0.593103 0.634676 0.735356
vertex 0.591890 0.640774 0.727778
endloop
endfacet
facet normal -0.184673 0.608830 -0.771506
outer loop
vertex 0.589369 0.625664 0.658427
vertex 0.586470 0.632664 0.664645
vertex 0.593103 0.634676 0.664645
endloop
endfacet
facet normal -0.184686 0.608828 -0.771504
outer loop
vertex 0.589369 0.625664 0.658427
vertex 0.593103 0.634676 0.664645
vertex 0.594581 0.627245 0.658427
endloop
endfacet
facet normal -0.256201 0.844892 0.469595
outer loop
vertex 0.582322 0.642677 0.719134
vertex 0.584091 0.638409 0.727778
vertex 0.591890 0.640774 0.727778
endloop
endfacet
facet normal -0.256369 0.844756 0.469746
outer loop
vertex 0.582322 0.642677 0.719134
vertex 0.591890 0.640774 0.727778
vertex 0.590988 0.645307 0.719134
endloop
endfacet
facet normal -0.137347 0.452816 -0.880962
outer loop
vertex 0.592677 0.617677 0.653806
vertex 0.589369 0.625664 0.658427
vertex 0.594581 0.627245 0.658427
endloop
endfacet
facet normal -0.137347 0.452803 -0.880968
outer loop
vertex 0.592677 0.617677 0.653806
vertex 0.594581 0.627245 0.658427
vertex 0.596267 0.618766 0.653806
endloop
endfacet
facet normal -0.278004 0.916049 0.289082
outer loop
vertex 0.581234 0.645307 0.709754
vertex 0.582322 0.642677 0.719134
vertex 0.590988 0.645307 0.719134
endloop
endfacet
facet normal -0.277861 0.916133 0.288954
outer loop
vertex 0.581234 0.645307 0.709754
vertex 0.590988 0.645307 0.719134
vertex 0.590433 0.648097 0.709754
endloop
endfacet
facet normal -0.062281 0.633117 0.771547
outer loop
vertex 0.593103 0.634676 0.735356
vertex 0.594581 0.627245 0.741573
vertex 0.600000 0.627778 0.741573
endloop
endfacet
facet normal -0.062394 0.633026 0.771612
outer loop
vertex 0.593103 0.634676 0.735356
vertex 0.600000 0.627778 0.741573
vertex 0.600000 0.635356 0.735356
endloop
endfacet
facet normal -0.075939 0.770777 -0.632563
outer loop
vertex 0.593103 0.634676 0.664645
vertex 0.591890 0.640774 0.672221
vertex 0.600000 0.641573 0.672221
endloop
endfacet
facet normal -0.075988 0.770804 -0.632525
outer loop
vertex 0.593103 0.634676 0.664645
vertex 0.600000 0.641573 0.672221
vertex 0.600000 0.635356 0.664645
endloop
endfacet
facet normal -0.075995 0.770854 0.632463
outer loop
vertex 0.591890 0.640774 0.727778
vertex 0.593103 0.634676 0.735356
vertex 0.600000 0.635356 0.735356
endloop
endfacet
facet normal -0.075944 0.770885 0.632431
outer loop
vertex 0.591890 0.640774 0.727778
vertex 0.600000 0.635356 0.735356
vertex 0.600000 0.641573 0.727778
endloop
endfacet
facet normal -0.062432 0.633147 -0.771510
outer loop
vertex 0.594581 0.627245 0.658427
vertex 0.593103 0.634676 0.664645
vertex 0.600000 0.635356 0.664645
endloop
endfacet
facet normal -0.062259 0.633094 -0.771567
outer loop
vertex 0.594581 0.627245 0.658427
vertex 0.600000 0.635356 0.664645
vertex 0.600000 0.627778 0.658427
endloop
endfacet
facet normal -0.086551 0.878545 0.469753
outer loop
vertex 0.590988 0.645307 0.719134
vertex 0.591890 0.640774 0.727778
vertex 0.600000 0.641573 0.727778
endloop
endfacet
facet normal -0.086478 0.878588 0.469686
outer loop
vertex 0.590988 0.645307 0.719134
vertex 0.600000 0.641573 0.727778
vertex 0.600000 0.646194 0.719134
endloop
endfacet
facet normal -0.046324 0.470912 -0.880963
outer loop
vertex 0.596267 0.618766 0.653806
vertex 0.594581 0.627245 0.658427
vertex 0.600000 0.627778 0.658427
endloop
endfacet
facet normal -0.046402 0.470944 -0.880942
outer loop
vertex 0.596267 0.618766 0.653806
vertex 0.600000 0.627778 0.658427
vertex 0.600000 0.619134 0.653806
endloop
endfacet
facet normal -0.093775 0.952745 0.288936
outer loop
vertex 0.590433 0.648097 0.709754
vertex 0.590988 0.645307 0.719134
vertex 0.600000 0.646194 0.719134
endloop
endfacet
facet normal -0.093809 0.952729 0.288975
outer loop
vertex 0.590433 0.648097 0.709754
vertex 0.600000 0.646194 0.719134
vertex 0.600000 0.649039 0.709754
endloop
endfacet
facet normal -0.028612 0.290231 -0.956529
outer loop
vertex 0.598097 0.609567 0.650960
vertex 0.596267 0.618766 0.653806
vertex 0.600000 0.619134 0.653806
endloop
endfacet
facet normal -0.028496 0.290221 -0.956535
outer loop
vertex 0.598097 0.609567 0.650960
vertex 0.600000 0.619134 0.653806
vertex 0.600000 0.609754 0.650960
endloop
endfacet
facet normal -0.097522 0.990444 0.097524
outer loop
vertex 0.590245 0.649039 0.700000
vertex 0.590433 0.648097 0.709754
vertex 0.600000 0.649039 0.709754
endloop
endfacet
facet normal -0.097573 0.990432 0.097592
outer loop
vertex 0.590245 0.649039 0.700000
vertex 0.600000 0.649039 0.709754
vertex 0.600000 0.650000 0.700000
endloop
endfacet
facet normal -0.009636 0.098048 0.995135
outer loop
vertex 0.598097 0.609567 0.749039
vertex 0.600000 0.600000 0.750000
vertex 0.600000 0.609754 0.749039
endloop
endfacet
facet normal -0.009631 0.097949 -0.995145
outer loop
vertex 0.600000 0.600000 0.650000
vertex 0.598097 0.609567 0.650960
vertex 0.600000 0.609754 0.650960
endloop
endfacet
facet normal -0.097571 0.990439 -0.097524
outer loop
vertex 0.590433 0.648097 0.690245
vertex 0.590245 0.649039 0.700000
vertex 0.600000 0.650000 0.700000
endloop
endfacet
facet normal -0.097521 0.990439 -0.097573
outer loop
vertex 0.590433 0.648097 0.690245
vertex 0.600000 0.650000 0.700000
vertex 0.600000 0.649039 0.690245
endloop
endfacet
facet normal -0.028506 0.290152 0.956556
outer loop
vertex 0.596267 0.618766 0.746194
vertex 0.598097 0.609567 0.749039
vertex 0.600000 0.609754 0.749039
endloop
endfacet
facet normal -0.028622 0.290131 0.956559
outer loop
vertex 0.596267 0.618766 0.746194
vertex 0.600000 0.609754 0.749039
vertex 0.600000 0.619134 0.746194
endloop
endfacet
facet normal -0.093810 0.952732 -0.288966
outer loop
vertex 0.590988 0.645307 0.680866
vertex 0.590433 0.648097 0.690245
vertex 0.600000 0.649039 0.690245
endloop
endfacet
facet normal -0.093773 0.952725 -0.289000
outer loop
vertex 0.590988 0.645307 0.680866
vertex 0.600000 0.649039 0.690245
vertex 0.600000 0.646194 0.680866
endloop
endfacet
facet normal -0.046429 0.470895 0.880966
outer loop
vertex 0.594581 0.627245 0.741573
vertex 0.596267 0.618766 0.746194
vertex 0.600000 0.619134 0.746194
endloop
endfacet
facet normal -0.046328 0.470948 0.880944
outer loop
vertex 0.594581 0.627245 0.741573
vertex 0.600000 0.619134 0.746194
vertex 0.600000 0.627778 0.741573
endloop
endfacet
facet normal -0.086476 0.878578 -0.469704
outer loop
vertex 0.591890 0.640774 0.672221
vertex 0.590988 0.645307 0.680866
vertex 0.600000 0.646194 0.680866
endloop
endfacet
facet normal -0.086562 0.878601 -0.469645
outer loop
vertex 0.591890 0.640774 0.672221
vertex 0.600000 0.646194 0.680866
vertex 0.600000 0.641573 0.672221
endloop
endfacet
endsolid Exported from Blender-2.82 (sub 7)
