solid Exported from Blender-2.82 (sub 7)
facet normal 0.086481 0.878613 -0.469639
outer loop
vertex 0.750000 0.541573 0.472221
vertex 0.750000 0.546194 0.480866
vertex 0.759012 0.545307 0.480866
endloop
endfacet
facet normal 0.086554 0.878568 -0.469709
outer loop
vertex 0.750000 0.541573 0.472221
vertex 0.759012 0.545307 0.480866
vertex 0.758110 0.540774 0.472221
endloop
endfacet
facet normal 0.062260 0.633031 0.771619
outer loop
vertex 0.750000 0.535356 0.535356
vertex 0.750000 0.527778 0.541573
vertex 0.755419 0.527245 0.541573
endloop
endfacet
facet normal 0.062405 0.633086 0.771562
outer loop
vertex 0.750000 0.535356 0.535356
vertex 0.755419 0.527245 0.541573
vertex 0.756898 0.534676 0.535356
endloop
endfacet
facet normal 0.075941 0.770800 -0.632535
outer loop
vertex 0.750000 0.535356 0.464645
vertex 0.750000 0.541573 0.472221
vertex 0.758110 0.540774 0.472221
endloop
endfacet
facet normal 0.075975 0.770780 -0.632556
outer loop
vertex 0.750000 0.535356 0.464645
vertex 0.758110 0.540774 0.472221
vertex 0.756898 0.534676 0.464645
endloop
endfacet
facet normal 0.075990 0.770878 0.632434
outer loop
vertex 0.750000 0.541573 0.527778
vertex 0.750000 0.535356 0.535356
vertex 0.756898 0.534676 0.535356
endloop
endfacet
facet normal 0.075948 0.770866 0.632454
outer loop
vertex 0.750000 0.541573 0.527778
vertex 0.756898 0.534676 0.535356
vertex 0.758110 0.540774 0.527778
endloop
endfacet
facet normal 0.062407 0.633082 -0.771565
outer loop
vertex 0.750000 0.527778 0.458427
vertex 0.750000 0.535356 0.464645
vertex 0.756898 0.534676 0.464645
endloop
endfacet
facet normal 0.062284 0.633180 -0.771494
outer loop
vertex 0.750000 0.527778 0.458427
vertex 0.756898 0.534676 0.464645
vertex 0.755419 0.527245 0.458427
endloop
endfacet
facet normal 0.086555 0.878584 0.469680
outer loop
vertex 0.750000 0.546194 0.519134
vertex 0.750000 0.541573 0.527778
vertex 0.758110 0.540774 0.527778
endloop
endfacet
facet normal 0.086476 0.878557 0.469744
outer loop
vertex 0.750000 0.546194 0.519134
vertex 0.758110 0.540774 0.527778
vertex 0.759012 0.545307 0.519134
endloop
endfacet
facet normal 0.046323 0.470948 -0.880944
outer loop
vertex 0.750000 0.519134 0.453806
vertex 0.750000 0.527778 0.458427
vertex 0.755419 0.527245 0.458427
endloop
endfacet
facet normal 0.046422 0.470886 -0.880972
outer loop
vertex 0.750000 0.519134 0.453806
vertex 0.755419 0.527245 0.458427
vertex 0.753733 0.518766 0.453806
endloop
endfacet
facet normal 0.093777 0.952732 0.288978
outer loop
vertex 0.750000 0.549039 0.509754
vertex 0.750000 0.546194 0.519134
vertex 0.759012 0.545307 0.519134
endloop
endfacet
facet normal 0.093809 0.952743 0.288929
outer loop
vertex 0.750000 0.549039 0.509754
vertex 0.759012 0.545307 0.519134
vertex 0.759567 0.548097 0.509754
endloop
endfacet
facet normal 0.028626 0.290224 -0.956531
outer loop
vertex 0.750000 0.509754 0.450960
vertex 0.750000 0.519134 0.453806
vertex 0.753733 0.518766 0.453806
endloop
endfacet
facet normal 0.028500 0.290264 -0.956522
outer loop
vertex 0.750000 0.509754 0.450960
vertex 0.753733 0.518766 0.453806
vertex 0.751903 0.509567 0.450960
endloop
endfacet
facet normal 0.097521 0.990438 0.097584
outer loop
vertex 0.750000 0.550000 0.500000
vertex 0.750000 0.549039 0.509754
vertex 0.759567 0.548097 0.509754
endloop
endfacet
facet normal 0.097582 0.990437 0.097527
outer loop
vertex 0.750000 0.550000 0.500000
vertex 0.759567 0.548097 0.509754
vertex 0.759754 0.549039 0.500000
endloop
endfacet
facet normal 0.009637 0.098044 0.995135
outer loop
vertex 0.750000 0.509754 0.549039
vertex 0.750000 0.500000 0.550000
vertex 0.751903 0.509567 0.549039
endloop
endfacet
facet normal 0.009620 0.097945 -0.995145
outer loop
vertex 0.750000 0.500000 0.450000
vertex 0.750000 0.509754 0.450960
vertex 0.751903 0.509567 0.450960
endloop
endfacet
facet normal 0.097583 0.990432 -0.097583
outer loop
vertex 0.750000 0.549039 0.490245
vertex 0.750000 0.550000 0.500000
vertex 0.759754 0.549039 0.500000
endloop
endfacet
facet normal 0.097522 0.990445 -0.097506
outer loop
vertex 0.750000 0.549039 0.490245
vertex 0.759754 0.549039 0.500000
vertex 0.759567 0.548097 0.490245
endloop
endfacet
facet normal 0.028493 0.290138 0.956561
outer loop
vertex 0.750000 0.519134 0.546194
vertex 0.750000 0.509754 0.549039
vertex 0.751903 0.509567 0.549039
endloop
endfacet
facet normal 0.028599 0.290149 0.956554
outer loop
vertex 0.750000 0.519134 0.546194
vertex 0.751903 0.509567 0.549039
vertex 0.753733 0.518766 0.546194
endloop
endfacet
facet normal 0.093807 0.952721 -0.289002
outer loop
vertex 0.750000 0.546194 0.480866
vertex 0.750000 0.549039 0.490245
vertex 0.759567 0.548097 0.490245
endloop
endfacet
facet normal 0.093777 0.952736 -0.288964
outer loop
vertex 0.750000 0.546194 0.480866
vertex 0.759567 0.548097 0.490245
vertex 0.759012 0.545307 0.480866
endloop
endfacet
facet normal 0.046422 0.470926 0.880951
outer loop
vertex 0.750000 0.527778 0.541573
vertex 0.750000 0.519134 0.546194
vertex 0.753733 0.518766 0.546194
endloop
endfacet
facet normal 0.046324 0.470907 0.880966
outer loop
vertex 0.750000 0.527778 0.541573
vertex 0.753733 0.518766 0.546194
vertex 0.755419 0.527245 0.541573
endloop
endfacet
facet normal 0.277861 0.916123 -0.288984
outer loop
vertex 0.759012 0.545307 0.480866
vertex 0.759567 0.548097 0.490245
vertex 0.768766 0.545307 0.490245
endloop
endfacet
facet normal 0.278026 0.916024 -0.289138
outer loop
vertex 0.759012 0.545307 0.480866
vertex 0.768766 0.545307 0.490245
vertex 0.767677 0.542677 0.480866
endloop
endfacet
facet normal 0.137391 0.452803 0.880961
outer loop
vertex 0.755419 0.527245 0.541573
vertex 0.753733 0.518766 0.546194
vertex 0.757322 0.517677 0.546194
endloop
endfacet
facet normal 0.137371 0.452785 0.880974
outer loop
vertex 0.755419 0.527245 0.541573
vertex 0.757322 0.517677 0.546194
vertex 0.760630 0.525664 0.541573
endloop
endfacet
facet normal 0.256408 0.844772 -0.469696
outer loop
vertex 0.758110 0.540774 0.472221
vertex 0.759012 0.545307 0.480866
vertex 0.767677 0.542677 0.480866
endloop
endfacet
facet normal 0.256215 0.844917 -0.469541
outer loop
vertex 0.758110 0.540774 0.472221
vertex 0.767677 0.542677 0.480866
vertex 0.765909 0.538409 0.472221
endloop
endfacet
facet normal 0.184688 0.608764 0.771555
outer loop
vertex 0.756898 0.534676 0.535356
vertex 0.755419 0.527245 0.541573
vertex 0.760630 0.525664 0.541573
endloop
endfacet
facet normal 0.184687 0.608740 0.771574
outer loop
vertex 0.756898 0.534676 0.535356
vertex 0.760630 0.525664 0.541573
vertex 0.763530 0.532664 0.535356
endloop
endfacet
facet normal 0.224762 0.741190 -0.632550
outer loop
vertex 0.756898 0.534676 0.464645
vertex 0.758110 0.540774 0.472221
vertex 0.765909 0.538409 0.472221
endloop
endfacet
facet normal 0.224838 0.741113 -0.632613
outer loop
vertex 0.756898 0.534676 0.464645
vertex 0.765909 0.538409 0.472221
vertex 0.763530 0.532664 0.464645
endloop
endfacet
facet normal 0.224868 0.741260 0.632430
outer loop
vertex 0.758110 0.540774 0.527778
vertex 0.756898 0.534676 0.535356
vertex 0.763530 0.532664 0.535356
endloop
endfacet
facet normal 0.224779 0.741218 0.632511
outer loop
vertex 0.758110 0.540774 0.527778
vertex 0.763530 0.532664 0.535356
vertex 0.765909 0.538409 0.527778
endloop
endfacet
facet normal 0.184703 0.608817 -0.771509
outer loop
vertex 0.755419 0.527245 0.458427
vertex 0.756898 0.534676 0.464645
vertex 0.763530 0.532664 0.464645
endloop
endfacet
facet normal 0.184705 0.608790 -0.771530
outer loop
vertex 0.755419 0.527245 0.458427
vertex 0.763530 0.532664 0.464645
vertex 0.760630 0.525664 0.458427
endloop
endfacet
facet normal 0.256187 0.844803 0.469763
outer loop
vertex 0.759012 0.545307 0.519134
vertex 0.758110 0.540774 0.527778
vertex 0.765909 0.538409 0.527778
endloop
endfacet
facet normal 0.256417 0.844832 0.469583
outer loop
vertex 0.759012 0.545307 0.519134
vertex 0.765909 0.538409 0.527778
vertex 0.767677 0.542677 0.519134
endloop
endfacet
facet normal 0.137387 0.452823 -0.880952
outer loop
vertex 0.753733 0.518766 0.453806
vertex 0.755419 0.527245 0.458427
vertex 0.760630 0.525664 0.458427
endloop
endfacet
facet normal 0.137391 0.452780 -0.880973
outer loop
vertex 0.753733 0.518766 0.453806
vertex 0.760630 0.525664 0.458427
vertex 0.757322 0.517677 0.453806
endloop
endfacet
facet normal 0.278046 0.916083 0.288934
outer loop
vertex 0.759567 0.548097 0.509754
vertex 0.759012 0.545307 0.519134
vertex 0.767677 0.542677 0.519134
endloop
endfacet
facet normal 0.277851 0.916085 0.289114
outer loop
vertex 0.759567 0.548097 0.509754
vertex 0.767677 0.542677 0.519134
vertex 0.768766 0.545307 0.509754
endloop
endfacet
facet normal 0.084674 0.279086 -0.956526
outer loop
vertex 0.751903 0.509567 0.450960
vertex 0.753733 0.518766 0.453806
vertex 0.757322 0.517677 0.453806
endloop
endfacet
facet normal 0.084697 0.279095 -0.956521
outer loop
vertex 0.751903 0.509567 0.450960
vertex 0.757322 0.517677 0.453806
vertex 0.753733 0.509012 0.450960
endloop
endfacet
facet normal 0.288860 0.952392 0.097520
outer loop
vertex 0.759754 0.549039 0.500000
vertex 0.759567 0.548097 0.509754
vertex 0.768766 0.545307 0.509754
endloop
endfacet
facet normal 0.288863 0.952393 0.097496
outer loop
vertex 0.759754 0.549039 0.500000
vertex 0.768766 0.545307 0.509754
vertex 0.769134 0.546194 0.500000
endloop
endfacet
facet normal 0.028607 0.094258 0.995137
outer loop
vertex 0.751903 0.509567 0.549039
vertex 0.750000 0.500000 0.550000
vertex 0.753733 0.509012 0.549039
endloop
endfacet
facet normal 0.028579 0.094171 -0.995146
outer loop
vertex 0.750000 0.500000 0.450000
vertex 0.751903 0.509567 0.450960
vertex 0.753733 0.509012 0.450960
endloop
endfacet
facet normal 0.288860 0.952393 -0.097507
outer loop
vertex 0.759567 0.548097 0.490245
vertex 0.759754 0.549039 0.500000
vertex 0.769134 0.546194 0.500000
endloop
endfacet
facet normal 0.288864 0.952394 -0.097488
outer loop
vertex 0.759567 0.548097 0.490245
vertex 0.769134 0.546194 0.500000
vertex 0.768766 0.545307 0.490245
endloop
endfacet
facet normal 0.084664 0.279016 0.956547
outer loop
vertex 0.753733 0.518766 0.546194
vertex 0.751903 0.509567 0.549039
vertex 0.753733 0.509012 0.549039
endloop
endfacet
facet normal 0.084665 0.279009 0.956549
outer loop
vertex 0.753733 0.518766 0.546194
vertex 0.753733 0.509012 0.549039
vertex 0.757322 0.517677 0.546194
endloop
endfacet
facet normal 0.223042 0.417329 -0.880959
outer loop
vertex 0.757322 0.517677 0.453806
vertex 0.760630 0.525664 0.458427
vertex 0.765433 0.523097 0.458427
endloop
endfacet
facet normal 0.223041 0.417314 -0.880966
outer loop
vertex 0.757322 0.517677 0.453806
vertex 0.765433 0.523097 0.458427
vertex 0.760630 0.515909 0.453806
endloop
endfacet
facet normal 0.451167 0.844315 0.289104
outer loop
vertex 0.768766 0.545307 0.509754
vertex 0.767677 0.542677 0.519134
vertex 0.775664 0.538409 0.519134
endloop
endfacet
facet normal 0.451364 0.844260 0.288957
outer loop
vertex 0.768766 0.545307 0.509754
vertex 0.775664 0.538409 0.519134
vertex 0.777245 0.540774 0.509754
endloop
endfacet
facet normal 0.137468 0.257226 -0.956524
outer loop
vertex 0.753733 0.509012 0.450960
vertex 0.757322 0.517677 0.453806
vertex 0.760630 0.515909 0.453806
endloop
endfacet
facet normal 0.137546 0.257150 -0.956533
outer loop
vertex 0.753733 0.509012 0.450960
vertex 0.760630 0.515909 0.453806
vertex 0.755419 0.508110 0.450960
endloop
endfacet
facet normal 0.469223 0.877681 0.097501
outer loop
vertex 0.769134 0.546194 0.500000
vertex 0.768766 0.545307 0.509754
vertex 0.777245 0.540774 0.509754
endloop
endfacet
facet normal 0.469206 0.877685 0.097546
outer loop
vertex 0.769134 0.546194 0.500000
vertex 0.777245 0.540774 0.509754
vertex 0.777778 0.541573 0.500000
endloop
endfacet
facet normal 0.046486 0.086868 0.995135
outer loop
vertex 0.753733 0.509012 0.549039
vertex 0.750000 0.500000 0.550000
vertex 0.755419 0.508110 0.549039
endloop
endfacet
facet normal 0.046403 0.086782 -0.995146
outer loop
vertex 0.750000 0.500000 0.450000
vertex 0.753733 0.509012 0.450960
vertex 0.755419 0.508110 0.450960
endloop
endfacet
facet normal 0.469202 0.877691 -0.097509
outer loop
vertex 0.768766 0.545307 0.490245
vertex 0.769134 0.546194 0.500000
vertex 0.777778 0.541573 0.500000
endloop
endfacet
facet normal 0.469225 0.877678 -0.097517
outer loop
vertex 0.768766 0.545307 0.490245
vertex 0.777778 0.541573 0.500000
vertex 0.777245 0.540774 0.490245
endloop
endfacet
facet normal 0.137507 0.257094 0.956553
outer loop
vertex 0.757322 0.517677 0.546194
vertex 0.753733 0.509012 0.549039
vertex 0.755419 0.508110 0.549039
endloop
endfacet
facet normal 0.137423 0.257125 0.956557
outer loop
vertex 0.757322 0.517677 0.546194
vertex 0.755419 0.508110 0.549039
vertex 0.760630 0.515909 0.546194
endloop
endfacet
facet normal 0.451332 0.844214 -0.289139
outer loop
vertex 0.767677 0.542677 0.480866
vertex 0.768766 0.545307 0.490245
vertex 0.777245 0.540774 0.490245
endloop
endfacet
facet normal 0.451195 0.844344 -0.288975
outer loop
vertex 0.767677 0.542677 0.480866
vertex 0.777245 0.540774 0.490245
vertex 0.775664 0.538409 0.480866
endloop
endfacet
facet normal 0.223039 0.417322 0.880963
outer loop
vertex 0.760630 0.525664 0.541573
vertex 0.757322 0.517677 0.546194
vertex 0.760630 0.515909 0.546194
endloop
endfacet
facet normal 0.223044 0.417308 0.880969
outer loop
vertex 0.760630 0.525664 0.541573
vertex 0.760630 0.515909 0.546194
vertex 0.765433 0.523097 0.541573
endloop
endfacet
facet normal 0.416111 0.778709 -0.469536
outer loop
vertex 0.765909 0.538409 0.472221
vertex 0.767677 0.542677 0.480866
vertex 0.775664 0.538409 0.480866
endloop
endfacet
facet normal 0.416183 0.778620 -0.469619
outer loop
vertex 0.765909 0.538409 0.472221
vertex 0.775664 0.538409 0.480866
vertex 0.773097 0.534567 0.472221
endloop
endfacet
facet normal 0.299850 0.561046 0.771568
outer loop
vertex 0.763530 0.532664 0.535356
vertex 0.760630 0.525664 0.541573
vertex 0.765433 0.523097 0.541573
endloop
endfacet
facet normal 0.299895 0.561025 0.771566
outer loop
vertex 0.763530 0.532664 0.535356
vertex 0.765433 0.523097 0.541573
vertex 0.769642 0.529397 0.535356
endloop
endfacet
facet normal 0.365077 0.683031 -0.632603
outer loop
vertex 0.763530 0.532664 0.464645
vertex 0.765909 0.538409 0.472221
vertex 0.773097 0.534567 0.472221
endloop
endfacet
facet normal 0.365100 0.683024 -0.632598
outer loop
vertex 0.763530 0.532664 0.464645
vertex 0.773097 0.534567 0.472221
vertex 0.769642 0.529397 0.464645
endloop
endfacet
facet normal 0.365129 0.683110 0.632488
outer loop
vertex 0.765909 0.538409 0.527778
vertex 0.763530 0.532664 0.535356
vertex 0.769642 0.529397 0.535356
endloop
endfacet
facet normal 0.365127 0.683092 0.632508
outer loop
vertex 0.765909 0.538409 0.527778
vertex 0.769642 0.529397 0.535356
vertex 0.773097 0.534567 0.527778
endloop
endfacet
facet normal 0.299909 0.561078 -0.771522
outer loop
vertex 0.760630 0.525664 0.458427
vertex 0.763530 0.532664 0.464645
vertex 0.769642 0.529397 0.464645
endloop
endfacet
facet normal 0.299888 0.561106 -0.771510
outer loop
vertex 0.760630 0.525664 0.458427
vertex 0.769642 0.529397 0.464645
vertex 0.765433 0.523097 0.458427
endloop
endfacet
facet normal 0.416187 0.778640 0.469583
outer loop
vertex 0.767677 0.542677 0.519134
vertex 0.765909 0.538409 0.527778
vertex 0.773097 0.534567 0.527778
endloop
endfacet
facet normal 0.416089 0.778651 0.469651
outer loop
vertex 0.767677 0.542677 0.519134
vertex 0.773097 0.534567 0.527778
vertex 0.775664 0.538409 0.519134
endloop
endfacet
facet normal 0.300097 0.365837 0.880968
outer loop
vertex 0.765433 0.523097 0.541573
vertex 0.760630 0.515909 0.546194
vertex 0.763530 0.513530 0.546194
endloop
endfacet
facet normal 0.300253 0.365777 0.880940
outer loop
vertex 0.765433 0.523097 0.541573
vertex 0.763530 0.513530 0.546194
vertex 0.769642 0.519642 0.541573
endloop
endfacet
facet normal 0.560099 0.682458 -0.469617
outer loop
vertex 0.773097 0.534567 0.472221
vertex 0.775664 0.538409 0.480866
vertex 0.782664 0.532664 0.480866
endloop
endfacet
facet normal 0.560076 0.682509 -0.469570
outer loop
vertex 0.773097 0.534567 0.472221
vertex 0.782664 0.532664 0.480866
vertex 0.779397 0.529397 0.472221
endloop
endfacet
facet normal 0.403618 0.491733 0.771551
outer loop
vertex 0.769642 0.529397 0.535356
vertex 0.765433 0.523097 0.541573
vertex 0.769642 0.519642 0.541573
endloop
endfacet
facet normal 0.403551 0.491740 0.771582
outer loop
vertex 0.769642 0.529397 0.535356
vertex 0.769642 0.519642 0.541573
vertex 0.775000 0.525000 0.535356
endloop
endfacet
facet normal 0.491298 0.598691 -0.632610
outer loop
vertex 0.769642 0.529397 0.464645
vertex 0.773097 0.534567 0.472221
vertex 0.779397 0.529397 0.472221
endloop
endfacet
facet normal 0.491305 0.598684 -0.632611
outer loop
vertex 0.769642 0.529397 0.464645
vertex 0.779397 0.529397 0.472221
vertex 0.775000 0.525000 0.464645
endloop
endfacet
facet normal 0.491357 0.598747 0.632511
outer loop
vertex 0.773097 0.534567 0.527778
vertex 0.769642 0.529397 0.535356
vertex 0.775000 0.525000 0.535356
endloop
endfacet
facet normal 0.491353 0.598750 0.632511
outer loop
vertex 0.773097 0.534567 0.527778
vertex 0.775000 0.525000 0.535356
vertex 0.779397 0.529397 0.527778
endloop
endfacet
facet normal 0.403605 0.491814 -0.771506
outer loop
vertex 0.765433 0.523097 0.458427
vertex 0.769642 0.529397 0.464645
vertex 0.775000 0.525000 0.464645
endloop
endfacet
facet normal 0.403638 0.491743 -0.771535
outer loop
vertex 0.765433 0.523097 0.458427
vertex 0.775000 0.525000 0.464645
vertex 0.769642 0.519642 0.458427
endloop
endfacet
facet normal 0.560052 0.682469 0.469656
outer loop
vertex 0.775664 0.538409 0.519134
vertex 0.773097 0.534567 0.527778
vertex 0.779397 0.529397 0.527778
endloop
endfacet
facet normal 0.560096 0.682457 0.469622
outer loop
vertex 0.775664 0.538409 0.519134
vertex 0.779397 0.529397 0.527778
vertex 0.782664 0.532664 0.519134
endloop
endfacet
facet normal 0.300233 0.365760 -0.880954
outer loop
vertex 0.760630 0.515909 0.453806
vertex 0.765433 0.523097 0.458427
vertex 0.769642 0.519642 0.458427
endloop
endfacet
facet normal 0.300143 0.365872 -0.880938
outer loop
vertex 0.760630 0.515909 0.453806
vertex 0.769642 0.519642 0.458427
vertex 0.763530 0.513530 0.453806
endloop
endfacet
facet normal 0.607340 0.740035 0.288939
outer loop
vertex 0.777245 0.540774 0.509754
vertex 0.775664 0.538409 0.519134
vertex 0.782664 0.532664 0.519134
endloop
endfacet
facet normal 0.607292 0.740049 0.289006
outer loop
vertex 0.777245 0.540774 0.509754
vertex 0.782664 0.532664 0.519134
vertex 0.784676 0.534676 0.509754
endloop
endfacet
facet normal 0.184969 0.225474 -0.956529
outer loop
vertex 0.755419 0.508110 0.450960
vertex 0.760630 0.515909 0.453806
vertex 0.763530 0.513530 0.453806
endloop
endfacet
facet normal 0.184853 0.225557 -0.956532
outer loop
vertex 0.755419 0.508110 0.450960
vertex 0.763530 0.513530 0.453806
vertex 0.756898 0.506898 0.450960
endloop
endfacet
facet normal 0.631337 0.769352 0.097520
outer loop
vertex 0.777778 0.541573 0.500000
vertex 0.777245 0.540774 0.509754
vertex 0.784676 0.534676 0.509754
endloop
endfacet
facet normal 0.631234 0.769421 0.097642
outer loop
vertex 0.777778 0.541573 0.500000
vertex 0.784676 0.534676 0.509754
vertex 0.785356 0.535356 0.500000
endloop
endfacet
facet normal 0.062408 0.076188 0.995138
outer loop
vertex 0.755419 0.508110 0.549039
vertex 0.750000 0.500000 0.550000
vertex 0.756898 0.506898 0.549039
endloop
endfacet
facet normal 0.062383 0.076107 -0.995146
outer loop
vertex 0.750000 0.500000 0.450000
vertex 0.755419 0.508110 0.450960
vertex 0.756898 0.506898 0.450960
endloop
endfacet
facet normal 0.631241 0.769433 -0.097508
outer loop
vertex 0.777245 0.540774 0.490245
vertex 0.777778 0.541573 0.500000
vertex 0.785356 0.535356 0.500000
endloop
endfacet
facet normal 0.631334 0.769340 -0.097635
outer loop
vertex 0.777245 0.540774 0.490245
vertex 0.785356 0.535356 0.500000
vertex 0.784676 0.534676 0.490245
endloop
endfacet
facet normal 0.184828 0.225484 0.956554
outer loop
vertex 0.760630 0.515909 0.546194
vertex 0.755419 0.508110 0.549039
vertex 0.756898 0.506898 0.549039
endloop
endfacet
facet normal 0.184897 0.225418 0.956556
outer loop
vertex 0.760630 0.515909 0.546194
vertex 0.756898 0.506898 0.549039
vertex 0.763530 0.513530 0.546194
endloop
endfacet
facet normal 0.607296 0.740059 -0.288972
outer loop
vertex 0.775664 0.538409 0.480866
vertex 0.777245 0.540774 0.490245
vertex 0.784676 0.534676 0.490245
endloop
endfacet
facet normal 0.607328 0.740006 -0.289040
outer loop
vertex 0.775664 0.538409 0.480866
vertex 0.784676 0.534676 0.490245
vertex 0.782664 0.532664 0.480866
endloop
endfacet
facet normal 0.740009 0.607342 0.289003
outer loop
vertex 0.784676 0.534676 0.509754
vertex 0.782664 0.532664 0.519134
vertex 0.788409 0.525664 0.519134
endloop
endfacet
facet normal 0.740066 0.607296 0.288954
outer loop
vertex 0.784676 0.534676 0.509754
vertex 0.788409 0.525664 0.519134
vertex 0.790774 0.527245 0.509754
endloop
endfacet
facet normal 0.225496 0.185000 -0.956518
outer loop
vertex 0.756898 0.506898 0.450960
vertex 0.763530 0.513530 0.453806
vertex 0.765909 0.510630 0.453806
endloop
endfacet
facet normal 0.225548 0.184825 -0.956539
outer loop
vertex 0.756898 0.506898 0.450960
vertex 0.765909 0.510630 0.453806
vertex 0.758110 0.505419 0.450960
endloop
endfacet
facet normal 0.769346 0.631327 0.097642
outer loop
vertex 0.785356 0.535356 0.500000
vertex 0.784676 0.534676 0.509754
vertex 0.790774 0.527245 0.509754
endloop
endfacet
facet normal 0.769428 0.631245 0.097521
outer loop
vertex 0.785356 0.535356 0.500000
vertex 0.790774 0.527245 0.509754
vertex 0.791573 0.527778 0.500000
endloop
endfacet
facet normal 0.076192 0.062443 0.995136
outer loop
vertex 0.756898 0.506898 0.549039
vertex 0.750000 0.500000 0.550000
vertex 0.758110 0.505419 0.549039
endloop
endfacet
facet normal 0.076132 0.062388 -0.995144
outer loop
vertex 0.750000 0.500000 0.450000
vertex 0.756898 0.506898 0.450960
vertex 0.758110 0.505419 0.450960
endloop
endfacet
facet normal 0.769420 0.631238 -0.097634
outer loop
vertex 0.784676 0.534676 0.490245
vertex 0.785356 0.535356 0.500000
vertex 0.791573 0.527778 0.500000
endloop
endfacet
facet normal 0.769355 0.631337 -0.097507
outer loop
vertex 0.784676 0.534676 0.490245
vertex 0.791573 0.527778 0.500000
vertex 0.790774 0.527245 0.490245
endloop
endfacet
facet normal 0.225557 0.184823 0.956538
outer loop
vertex 0.763530 0.513530 0.546194
vertex 0.756898 0.506898 0.549039
vertex 0.758110 0.505419 0.549039
endloop
endfacet
facet normal 0.225388 0.184908 0.956561
outer loop
vertex 0.763530 0.513530 0.546194
vertex 0.758110 0.505419 0.549039
vertex 0.765909 0.510630 0.546194
endloop
endfacet
facet normal 0.740046 0.607280 -0.289039
outer loop
vertex 0.782664 0.532664 0.480866
vertex 0.784676 0.534676 0.490245
vertex 0.790774 0.527245 0.490245
endloop
endfacet
facet normal 0.740012 0.607350 -0.288979
outer loop
vertex 0.782664 0.532664 0.480866
vertex 0.790774 0.527245 0.490245
vertex 0.788409 0.525664 0.480866
endloop
endfacet
facet normal 0.365888 0.300150 0.880929
outer loop
vertex 0.769642 0.519642 0.541573
vertex 0.763530 0.513530 0.546194
vertex 0.765909 0.510630 0.546194
endloop
endfacet
facet normal 0.365736 0.300210 0.880972
outer loop
vertex 0.769642 0.519642 0.541573
vertex 0.765909 0.510630 0.546194
vertex 0.773097 0.515433 0.541573
endloop
endfacet
facet normal 0.682479 0.560106 -0.469579
outer loop
vertex 0.779397 0.529397 0.472221
vertex 0.782664 0.532664 0.480866
vertex 0.788409 0.525664 0.480866
endloop
endfacet
facet normal 0.682488 0.560065 -0.469613
outer loop
vertex 0.779397 0.529397 0.472221
vertex 0.788409 0.525664 0.480866
vertex 0.784567 0.523097 0.472221
endloop
endfacet
facet normal 0.491690 0.403596 0.771590
outer loop
vertex 0.775000 0.525000 0.535356
vertex 0.769642 0.519642 0.541573
vertex 0.773097 0.515433 0.541573
endloop
endfacet
facet normal 0.491759 0.403579 0.771555
outer loop
vertex 0.775000 0.525000 0.535356
vertex 0.773097 0.515433 0.541573
vertex 0.779397 0.519642 0.535356
endloop
endfacet
facet normal 0.598681 0.491295 -0.632622
outer loop
vertex 0.775000 0.525000 0.464645
vertex 0.779397 0.529397 0.472221
vertex 0.784567 0.523097 0.472221
endloop
endfacet
facet normal 0.598682 0.491305 -0.632613
outer loop
vertex 0.775000 0.525000 0.464645
vertex 0.784567 0.523097 0.472221
vertex 0.779397 0.519642 0.464645
endloop
endfacet
facet normal 0.598735 0.491360 0.632520
outer loop
vertex 0.779397 0.529397 0.527778
vertex 0.775000 0.525000 0.535356
vertex 0.779397 0.519642 0.535356
endloop
endfacet
facet normal 0.598754 0.491347 0.632512
outer loop
vertex 0.779397 0.529397 0.527778
vertex 0.779397 0.519642 0.535356
vertex 0.784567 0.523097 0.527778
endloop
endfacet
facet normal 0.491793 0.403588 -0.771529
outer loop
vertex 0.769642 0.519642 0.458427
vertex 0.775000 0.525000 0.464645
vertex 0.779397 0.519642 0.464645
endloop
endfacet
facet normal 0.491762 0.403682 -0.771499
outer loop
vertex 0.769642 0.519642 0.458427
vertex 0.779397 0.519642 0.464645
vertex 0.773097 0.515433 0.458427
endloop
endfacet
facet normal 0.682486 0.560061 0.469622
outer loop
vertex 0.782664 0.532664 0.519134
vertex 0.779397 0.529397 0.527778
vertex 0.784567 0.523097 0.527778
endloop
endfacet
facet normal 0.682442 0.560090 0.469651
outer loop
vertex 0.782664 0.532664 0.519134
vertex 0.784567 0.523097 0.527778
vertex 0.788409 0.525664 0.519134
endloop
endfacet
facet normal 0.365791 0.300271 -0.880928
outer loop
vertex 0.763530 0.513530 0.453806
vertex 0.769642 0.519642 0.458427
vertex 0.773097 0.515433 0.458427
endloop
endfacet
facet normal 0.365827 0.300083 -0.880977
outer loop
vertex 0.763530 0.513530 0.453806
vertex 0.773097 0.515433 0.458427
vertex 0.765909 0.510630 0.453806
endloop
endfacet
facet normal 0.778669 0.416109 -0.469604
outer loop
vertex 0.784567 0.523097 0.472221
vertex 0.788409 0.525664 0.480866
vertex 0.792677 0.517677 0.480866
endloop
endfacet
facet normal 0.778669 0.416186 -0.469536
outer loop
vertex 0.784567 0.523097 0.472221
vertex 0.792677 0.517677 0.480866
vertex 0.788409 0.515909 0.472221
endloop
endfacet
facet normal 0.561056 0.299847 0.771562
outer loop
vertex 0.779397 0.519642 0.535356
vertex 0.773097 0.515433 0.541573
vertex 0.775664 0.510630 0.541573
endloop
endfacet
facet normal 0.561030 0.299872 0.771571
outer loop
vertex 0.779397 0.519642 0.535356
vertex 0.775664 0.510630 0.541573
vertex 0.782664 0.513530 0.535356
endloop
endfacet
facet normal 0.683033 0.365093 -0.632592
outer loop
vertex 0.779397 0.519642 0.464645
vertex 0.784567 0.523097 0.472221
vertex 0.788409 0.515909 0.472221
endloop
endfacet
facet normal 0.683019 0.365090 -0.632609
outer loop
vertex 0.779397 0.519642 0.464645
vertex 0.788409 0.515909 0.472221
vertex 0.782664 0.513530 0.464645
endloop
endfacet
facet normal 0.683101 0.365131 0.632496
outer loop
vertex 0.784567 0.523097 0.527778
vertex 0.779397 0.519642 0.535356
vertex 0.782664 0.513530 0.535356
endloop
endfacet
facet normal 0.683097 0.365137 0.632498
outer loop
vertex 0.784567 0.523097 0.527778
vertex 0.782664 0.513530 0.535356
vertex 0.788409 0.515909 0.527778
endloop
endfacet
facet normal 0.561096 0.299919 -0.771505
outer loop
vertex 0.773097 0.515433 0.458427
vertex 0.779397 0.519642 0.464645
vertex 0.782664 0.513530 0.464645
endloop
endfacet
facet normal 0.561087 0.299865 -0.771533
outer loop
vertex 0.773097 0.515433 0.458427
vertex 0.782664 0.513530 0.464645
vertex 0.775664 0.510630 0.458427
endloop
endfacet
facet normal 0.778608 0.416167 0.469654
outer loop
vertex 0.788409 0.525664 0.519134
vertex 0.784567 0.523097 0.527778
vertex 0.788409 0.515909 0.527778
endloop
endfacet
facet normal 0.778681 0.416108 0.469585
outer loop
vertex 0.788409 0.525664 0.519134
vertex 0.788409 0.515909 0.527778
vertex 0.792677 0.517677 0.519134
endloop
endfacet
facet normal 0.417325 0.223052 -0.880958
outer loop
vertex 0.765909 0.510630 0.453806
vertex 0.773097 0.515433 0.458427
vertex 0.775664 0.510630 0.458427
endloop
endfacet
facet normal 0.417317 0.223014 -0.880971
outer loop
vertex 0.765909 0.510630 0.453806
vertex 0.775664 0.510630 0.458427
vertex 0.767677 0.507322 0.453806
endloop
endfacet
facet normal 0.844352 0.451204 0.288936
outer loop
vertex 0.790774 0.527245 0.509754
vertex 0.788409 0.525664 0.519134
vertex 0.792677 0.517677 0.519134
endloop
endfacet
facet normal 0.844227 0.451331 0.289102
outer loop
vertex 0.790774 0.527245 0.509754
vertex 0.792677 0.517677 0.519134
vertex 0.795307 0.518766 0.509754
endloop
endfacet
facet normal 0.257202 0.137474 -0.956529
outer loop
vertex 0.758110 0.505419 0.450960
vertex 0.765909 0.510630 0.453806
vertex 0.767677 0.507322 0.453806
endloop
endfacet
facet normal 0.257186 0.137590 -0.956517
outer loop
vertex 0.758110 0.505419 0.450960
vertex 0.767677 0.507322 0.453806
vertex 0.759012 0.503733 0.450960
endloop
endfacet
facet normal 0.877676 0.469224 0.097539
outer loop
vertex 0.791573 0.527778 0.500000
vertex 0.790774 0.527245 0.509754
vertex 0.795307 0.518766 0.509754
endloop
endfacet
facet normal 0.877689 0.469205 0.097519
outer loop
vertex 0.791573 0.527778 0.500000
vertex 0.795307 0.518766 0.509754
vertex 0.796194 0.519134 0.500000
endloop
endfacet
facet normal 0.086852 0.046465 0.995137
outer loop
vertex 0.758110 0.505419 0.549039
vertex 0.750000 0.500000 0.550000
vertex 0.759012 0.503733 0.549039
endloop
endfacet
facet normal 0.086766 0.046416 -0.995147
outer loop
vertex 0.750000 0.500000 0.450000
vertex 0.758110 0.505419 0.450960
vertex 0.759012 0.503733 0.450960
endloop
endfacet
facet normal 0.877689 0.469201 -0.097530
outer loop
vertex 0.790774 0.527245 0.490245
vertex 0.791573 0.527778 0.500000
vertex 0.796194 0.519134 0.500000
endloop
endfacet
facet normal 0.877676 0.469230 -0.097508
outer loop
vertex 0.790774 0.527245 0.490245
vertex 0.796194 0.519134 0.500000
vertex 0.795307 0.518766 0.490245
endloop
endfacet
facet normal 0.257050 0.137503 0.956566
outer loop
vertex 0.765909 0.510630 0.546194
vertex 0.758110 0.505419 0.549039
vertex 0.759012 0.503733 0.549039
endloop
endfacet
facet normal 0.257147 0.137448 0.956548
outer loop
vertex 0.765909 0.510630 0.546194
vertex 0.759012 0.503733 0.549039
vertex 0.767677 0.507322 0.546194
endloop
endfacet
facet normal 0.844267 0.451345 -0.288966
outer loop
vertex 0.788409 0.525664 0.480866
vertex 0.790774 0.527245 0.490245
vertex 0.795307 0.518766 0.490245
endloop
endfacet
facet normal 0.844296 0.451176 -0.289144
outer loop
vertex 0.788409 0.525664 0.480866
vertex 0.795307 0.518766 0.490245
vertex 0.792677 0.517677 0.480866
endloop
endfacet
facet normal 0.417318 0.223043 0.880964
outer loop
vertex 0.773097 0.515433 0.541573
vertex 0.765909 0.510630 0.546194
vertex 0.767677 0.507322 0.546194
endloop
endfacet
facet normal 0.417313 0.223027 0.880970
outer loop
vertex 0.773097 0.515433 0.541573
vertex 0.767677 0.507322 0.546194
vertex 0.775664 0.510630 0.541573
endloop
endfacet
facet normal 0.279087 0.084661 -0.956526
outer loop
vertex 0.759012 0.503733 0.450960
vertex 0.767677 0.507322 0.453806
vertex 0.768766 0.503733 0.453806
endloop
endfacet
facet normal 0.279094 0.084668 -0.956524
outer loop
vertex 0.759012 0.503733 0.450960
vertex 0.768766 0.503733 0.453806
vertex 0.759567 0.501903 0.450960
endloop
endfacet
facet normal 0.952394 0.288856 0.097514
outer loop
vertex 0.796194 0.519134 0.500000
vertex 0.795307 0.518766 0.509754
vertex 0.798097 0.509567 0.509754
endloop
endfacet
facet normal 0.952389 0.288871 0.097513
outer loop
vertex 0.796194 0.519134 0.500000
vertex 0.798097 0.509567 0.509754
vertex 0.799039 0.509754 0.500000
endloop
endfacet
facet normal 0.094274 0.028595 0.995136
outer loop
vertex 0.759012 0.503733 0.549039
vertex 0.750000 0.500000 0.550000
vertex 0.759567 0.501903 0.549039
endloop
endfacet
facet normal 0.094175 0.028565 -0.995146
outer loop
vertex 0.750000 0.500000 0.450000
vertex 0.759012 0.503733 0.450960
vertex 0.759567 0.501903 0.450960
endloop
endfacet
facet normal 0.952391 0.288868 -0.097498
outer loop
vertex 0.795307 0.518766 0.490245
vertex 0.796194 0.519134 0.500000
vertex 0.799039 0.509754 0.500000
endloop
endfacet
facet normal 0.952395 0.288851 -0.097506
outer loop
vertex 0.795307 0.518766 0.490245
vertex 0.799039 0.509754 0.500000
vertex 0.798097 0.509567 0.490245
endloop
endfacet
facet normal 0.279015 0.084624 0.956551
outer loop
vertex 0.767677 0.507322 0.546194
vertex 0.759012 0.503733 0.549039
vertex 0.759567 0.501903 0.549039
endloop
endfacet
facet normal 0.279001 0.084649 0.956553
outer loop
vertex 0.767677 0.507322 0.546194
vertex 0.759567 0.501903 0.549039
vertex 0.768766 0.503733 0.546194
endloop
endfacet
facet normal 0.916076 0.277855 -0.289138
outer loop
vertex 0.792677 0.517677 0.480866
vertex 0.795307 0.518766 0.490245
vertex 0.798097 0.509567 0.490245
endloop
endfacet
facet normal 0.916074 0.278039 -0.288970
outer loop
vertex 0.792677 0.517677 0.480866
vertex 0.798097 0.509567 0.490245
vertex 0.795307 0.509012 0.480866
endloop
endfacet
facet normal 0.452798 0.137408 0.880961
outer loop
vertex 0.775664 0.510630 0.541573
vertex 0.767677 0.507322 0.546194
vertex 0.768766 0.503733 0.546194
endloop
endfacet
facet normal 0.452787 0.137369 0.880973
outer loop
vertex 0.775664 0.510630 0.541573
vertex 0.768766 0.503733 0.546194
vertex 0.777245 0.505419 0.541573
endloop
endfacet
facet normal 0.844849 0.256428 -0.469547
outer loop
vertex 0.788409 0.515909 0.472221
vertex 0.792677 0.517677 0.480866
vertex 0.795307 0.509012 0.480866
endloop
endfacet
facet normal 0.844832 0.256199 -0.469703
outer loop
vertex 0.788409 0.515909 0.472221
vertex 0.795307 0.509012 0.480866
vertex 0.790774 0.508110 0.472221
endloop
endfacet
facet normal 0.608744 0.184712 0.771565
outer loop
vertex 0.782664 0.513530 0.535356
vertex 0.775664 0.510630 0.541573
vertex 0.777245 0.505419 0.541573
endloop
endfacet
facet normal 0.608752 0.184679 0.771567
outer loop
vertex 0.782664 0.513530 0.535356
vertex 0.777245 0.505419 0.541573
vertex 0.784676 0.506898 0.535356
endloop
endfacet
facet normal 0.741156 0.224733 -0.632601
outer loop
vertex 0.782664 0.513530 0.464645
vertex 0.788409 0.515909 0.472221
vertex 0.790774 0.508110 0.472221
endloop
endfacet
facet normal 0.741163 0.224853 -0.632549
outer loop
vertex 0.782664 0.513530 0.464645
vertex 0.790774 0.508110 0.472221
vertex 0.784676 0.506898 0.464645
endloop
endfacet
facet normal 0.741202 0.224858 0.632502
outer loop
vertex 0.788409 0.515909 0.527778
vertex 0.782664 0.513530 0.535356
vertex 0.784676 0.506898 0.535356
endloop
endfacet
facet normal 0.741275 0.224778 0.632445
outer loop
vertex 0.788409 0.515909 0.527778
vertex 0.784676 0.506898 0.535356
vertex 0.790774 0.508110 0.527778
endloop
endfacet
facet normal 0.608817 0.184696 -0.771511
outer loop
vertex 0.775664 0.510630 0.458427
vertex 0.782664 0.513530 0.464645
vertex 0.784676 0.506898 0.464645
endloop
endfacet
facet normal 0.608802 0.184716 -0.771518
outer loop
vertex 0.775664 0.510630 0.458427
vertex 0.784676 0.506898 0.464645
vertex 0.777245 0.505419 0.458427
endloop
endfacet
facet normal 0.844895 0.256217 0.469580
outer loop
vertex 0.792677 0.517677 0.519134
vertex 0.788409 0.515909 0.527778
vertex 0.790774 0.508110 0.527778
endloop
endfacet
facet normal 0.844749 0.256395 0.469746
outer loop
vertex 0.792677 0.517677 0.519134
vertex 0.790774 0.508110 0.527778
vertex 0.795307 0.509012 0.519134
endloop
endfacet
facet normal 0.452809 0.137387 -0.880959
outer loop
vertex 0.767677 0.507322 0.453806
vertex 0.775664 0.510630 0.458427
vertex 0.777245 0.505419 0.458427
endloop
endfacet
facet normal 0.452793 0.137390 -0.880967
outer loop
vertex 0.767677 0.507322 0.453806
vertex 0.777245 0.505419 0.458427
vertex 0.768766 0.503733 0.453806
endloop
endfacet
facet normal 0.916032 0.278026 0.289115
outer loop
vertex 0.795307 0.518766 0.509754
vertex 0.792677 0.517677 0.519134
vertex 0.795307 0.509012 0.519134
endloop
endfacet
facet normal 0.916134 0.277874 0.288936
outer loop
vertex 0.795307 0.518766 0.509754
vertex 0.795307 0.509012 0.519134
vertex 0.798097 0.509567 0.509754
endloop
endfacet
facet normal 0.770779 0.075942 -0.632561
outer loop
vertex 0.784676 0.506898 0.464645
vertex 0.790774 0.508110 0.472221
vertex 0.791573 0.500000 0.472221
endloop
endfacet
facet normal 0.770798 0.075991 -0.632532
outer loop
vertex 0.784676 0.506898 0.464645
vertex 0.791573 0.500000 0.472221
vertex 0.785356 0.500000 0.464645
endloop
endfacet
facet normal 0.770857 0.075977 0.632461
outer loop
vertex 0.790774 0.508110 0.527778
vertex 0.784676 0.506898 0.535356
vertex 0.785356 0.500000 0.535356
endloop
endfacet
facet normal 0.770884 0.075955 0.632431
outer loop
vertex 0.790774 0.508110 0.527778
vertex 0.785356 0.500000 0.535356
vertex 0.791573 0.500000 0.527778
endloop
endfacet
facet normal 0.633156 0.062415 -0.771504
outer loop
vertex 0.777245 0.505419 0.458427
vertex 0.784676 0.506898 0.464645
vertex 0.785356 0.500000 0.464645
endloop
endfacet
facet normal 0.633093 0.062277 -0.771567
outer loop
vertex 0.777245 0.505419 0.458427
vertex 0.785356 0.500000 0.464645
vertex 0.777778 0.500000 0.458427
endloop
endfacet
facet normal 0.878545 0.086545 0.469753
outer loop
vertex 0.795307 0.509012 0.519134
vertex 0.790774 0.508110 0.527778
vertex 0.791573 0.500000 0.527778
endloop
endfacet
facet normal 0.878587 0.086479 0.469687
outer loop
vertex 0.795307 0.509012 0.519134
vertex 0.791573 0.500000 0.527778
vertex 0.796194 0.500000 0.519134
endloop
endfacet
facet normal 0.470908 0.046324 -0.880965
outer loop
vertex 0.768766 0.503733 0.453806
vertex 0.777245 0.505419 0.458427
vertex 0.777778 0.500000 0.458427
endloop
endfacet
facet normal 0.470954 0.046415 -0.880936
outer loop
vertex 0.768766 0.503733 0.453806
vertex 0.777778 0.500000 0.458427
vertex 0.769134 0.500000 0.453806
endloop
endfacet
facet normal 0.952746 0.093766 0.288934
outer loop
vertex 0.798097 0.509567 0.509754
vertex 0.795307 0.509012 0.519134
vertex 0.796194 0.500000 0.519134
endloop
endfacet
facet normal 0.952733 0.093803 0.288966
outer loop
vertex 0.798097 0.509567 0.509754
vertex 0.796194 0.500000 0.519134
vertex 0.799039 0.500000 0.509754
endloop
endfacet
facet normal 0.290247 0.028624 -0.956524
outer loop
vertex 0.759567 0.501903 0.450960
vertex 0.768766 0.503733 0.453806
vertex 0.769134 0.500000 0.453806
endloop
endfacet
facet normal 0.290218 0.028496 -0.956536
outer loop
vertex 0.759567 0.501903 0.450960
vertex 0.769134 0.500000 0.453806
vertex 0.759754 0.500000 0.450960
endloop
endfacet
facet normal 0.990444 0.097515 0.097522
outer loop
vertex 0.799039 0.509754 0.500000
vertex 0.798097 0.509567 0.509754
vertex 0.799039 0.500000 0.509754
endloop
endfacet
facet normal 0.990431 0.097593 0.097581
outer loop
vertex 0.799039 0.509754 0.500000
vertex 0.799039 0.500000 0.509754
vertex 0.800000 0.500000 0.500000
endloop
endfacet
facet normal 0.098036 0.009630 0.995136
outer loop
vertex 0.759567 0.501903 0.549039
vertex 0.750000 0.500000 0.550000
vertex 0.759754 0.500000 0.549039
endloop
endfacet
facet normal 0.097936 0.009624 -0.995146
outer loop
vertex 0.750000 0.500000 0.450000
vertex 0.759567 0.501903 0.450960
vertex 0.759754 0.500000 0.450960
endloop
endfacet
facet normal 0.990438 0.097592 -0.097509
outer loop
vertex 0.798097 0.509567 0.490245
vertex 0.799039 0.509754 0.500000
vertex 0.800000 0.500000 0.500000
endloop
endfacet
facet normal 0.990439 0.097524 -0.097573
outer loop
vertex 0.798097 0.509567 0.490245
vertex 0.800000 0.500000 0.500000
vertex 0.799039 0.500000 0.490245
endloop
endfacet
facet normal 0.290175 0.028501 0.956549
outer loop
vertex 0.768766 0.503733 0.546194
vertex 0.759567 0.501903 0.549039
vertex 0.759754 0.500000 0.549039
endloop
endfacet
facet normal 0.290133 0.028610 0.956559
outer loop
vertex 0.768766 0.503733 0.546194
vertex 0.759754 0.500000 0.549039
vertex 0.769134 0.500000 0.546194
endloop
endfacet
facet normal 0.952731 0.093814 -0.288967
outer loop
vertex 0.795307 0.509012 0.480866
vertex 0.798097 0.509567 0.490245
vertex 0.799039 0.500000 0.490245
endloop
endfacet
facet normal 0.952728 0.093755 -0.288996
outer loop
vertex 0.795307 0.509012 0.480866
vertex 0.799039 0.500000 0.490245
vertex 0.796194 0.500000 0.480866
endloop
endfacet
facet normal 0.470891 0.046423 0.880969
outer loop
vertex 0.777245 0.505419 0.541573
vertex 0.768766 0.503733 0.546194
vertex 0.769134 0.500000 0.546194
endloop
endfacet
facet normal 0.470928 0.046319 0.880955
outer loop
vertex 0.777245 0.505419 0.541573
vertex 0.769134 0.500000 0.546194
vertex 0.777778 0.500000 0.541573
endloop
endfacet
facet normal 0.878577 0.086468 -0.469709
outer loop
vertex 0.790774 0.508110 0.472221
vertex 0.795307 0.509012 0.480866
vertex 0.796194 0.500000 0.480866
endloop
endfacet
facet normal 0.878604 0.086564 -0.469641
outer loop
vertex 0.790774 0.508110 0.472221
vertex 0.796194 0.500000 0.480866
vertex 0.791573 0.500000 0.472221
endloop
endfacet
facet normal 0.633109 0.062270 0.771554
outer loop
vertex 0.784676 0.506898 0.535356
vertex 0.777245 0.505419 0.541573
vertex 0.777778 0.500000 0.541573
endloop
endfacet
facet normal 0.633036 0.062400 0.771603
outer loop
vertex 0.784676 0.506898 0.535356
vertex 0.777778 0.500000 0.541573
vertex 0.785356 0.500000 0.535356
endloop
endfacet
facet normal 0.098036 -0.009630 0.995136
outer loop
vertex 0.759754 0.500000 0.549039
vertex 0.750000 0.500000 0.550000
vertex 0.759567 0.498097 0.549039
endloop
endfacet
facet normal 0.097937 -0.009624 -0.995146
outer loop
vertex 0.750000 0.500000 0.450000
vertex 0.759754 0.500000 0.450960
vertex 0.759567 0.498097 0.450960
endloop
endfacet
facet normal 0.990433 -0.097583 -0.097572
outer loop
vertex 0.799039 0.500000 0.490245
vertex 0.800000 0.500000 0.500000
vertex 0.799039 0.490245 0.500000
endloop
endfacet
facet normal 0.990444 -0.097524 -0.097521
outer loop
vertex 0.799039 0.500000 0.490245
vertex 0.799039 0.490245 0.500000
vertex 0.798097 0.490433 0.490245
endloop
endfacet
facet normal 0.290136 -0.028498 0.956561
outer loop
vertex 0.769134 0.500000 0.546194
vertex 0.759754 0.500000 0.549039
vertex 0.759567 0.498097 0.549039
endloop
endfacet
facet normal 0.290153 -0.028611 0.956553
outer loop
vertex 0.769134 0.500000 0.546194
vertex 0.759567 0.498097 0.549039
vertex 0.768766 0.496267 0.546194
endloop
endfacet
facet normal 0.952724 -0.093803 -0.288996
outer loop
vertex 0.796194 0.500000 0.480866
vertex 0.799039 0.500000 0.490245
vertex 0.798097 0.490433 0.490245
endloop
endfacet
facet normal 0.952736 -0.093766 -0.288967
outer loop
vertex 0.796194 0.500000 0.480866
vertex 0.798097 0.490433 0.490245
vertex 0.795307 0.490988 0.480866
endloop
endfacet
facet normal 0.470934 -0.046415 0.880947
outer loop
vertex 0.777778 0.500000 0.541573
vertex 0.769134 0.500000 0.546194
vertex 0.768766 0.496267 0.546194
endloop
endfacet
facet normal 0.470905 -0.046324 0.880967
outer loop
vertex 0.777778 0.500000 0.541573
vertex 0.768766 0.496267 0.546194
vertex 0.777245 0.494581 0.541573
endloop
endfacet
facet normal 0.878610 -0.086481 -0.469644
outer loop
vertex 0.791573 0.500000 0.472221
vertex 0.796194 0.500000 0.480866
vertex 0.795307 0.490988 0.480866
endloop
endfacet
facet normal 0.878568 -0.086549 -0.469710
outer loop
vertex 0.791573 0.500000 0.472221
vertex 0.795307 0.490988 0.480866
vertex 0.790774 0.491890 0.472221
endloop
endfacet
facet normal 0.633031 -0.062264 0.771618
outer loop
vertex 0.785356 0.500000 0.535356
vertex 0.777778 0.500000 0.541573
vertex 0.777245 0.494581 0.541573
endloop
endfacet
facet normal 0.633093 -0.062415 0.771555
outer loop
vertex 0.785356 0.500000 0.535356
vertex 0.777245 0.494581 0.541573
vertex 0.784676 0.493103 0.535356
endloop
endfacet
facet normal 0.770801 -0.075944 -0.632533
outer loop
vertex 0.785356 0.500000 0.464645
vertex 0.791573 0.500000 0.472221
vertex 0.790774 0.491890 0.472221
endloop
endfacet
facet normal 0.770767 -0.075999 -0.632568
outer loop
vertex 0.785356 0.500000 0.464645
vertex 0.790774 0.491890 0.472221
vertex 0.784676 0.493103 0.464645
endloop
endfacet
facet normal 0.770883 -0.076003 0.632427
outer loop
vertex 0.791573 0.500000 0.527778
vertex 0.785356 0.500000 0.535356
vertex 0.784676 0.493103 0.535356
endloop
endfacet
facet normal 0.770856 -0.075942 0.632467
outer loop
vertex 0.791573 0.500000 0.527778
vertex 0.784676 0.493103 0.535356
vertex 0.790774 0.491890 0.527778
endloop
endfacet
facet normal 0.633093 -0.062418 -0.771555
outer loop
vertex 0.777778 0.500000 0.458427
vertex 0.785356 0.500000 0.464645
vertex 0.784676 0.493103 0.464645
endloop
endfacet
facet normal 0.633172 -0.062284 -0.771501
outer loop
vertex 0.777778 0.500000 0.458427
vertex 0.784676 0.493103 0.464645
vertex 0.777245 0.494581 0.458427
endloop
endfacet
facet normal 0.878579 -0.086560 0.469687
outer loop
vertex 0.796194 0.500000 0.519134
vertex 0.791573 0.500000 0.527778
vertex 0.790774 0.491890 0.527778
endloop
endfacet
facet normal 0.878557 -0.086465 0.469747
outer loop
vertex 0.796194 0.500000 0.519134
vertex 0.790774 0.491890 0.527778
vertex 0.795307 0.490988 0.519134
endloop
endfacet
facet normal 0.470944 -0.046319 -0.880946
outer loop
vertex 0.769134 0.500000 0.453806
vertex 0.777778 0.500000 0.458427
vertex 0.777245 0.494581 0.458427
endloop
endfacet
facet normal 0.470896 -0.046423 -0.880967
outer loop
vertex 0.769134 0.500000 0.453806
vertex 0.777245 0.494581 0.458427
vertex 0.768766 0.496267 0.453806
endloop
endfacet
facet normal 0.952737 -0.093765 0.288964
outer loop
vertex 0.799039 0.500000 0.509754
vertex 0.796194 0.500000 0.519134
vertex 0.795307 0.490988 0.519134
endloop
endfacet
facet normal 0.952742 -0.093803 0.288935
outer loop
vertex 0.799039 0.500000 0.509754
vertex 0.795307 0.490988 0.519134
vertex 0.798097 0.490433 0.509754
endloop
endfacet
facet normal 0.290224 -0.028608 -0.956531
outer loop
vertex 0.759754 0.500000 0.450960
vertex 0.769134 0.500000 0.453806
vertex 0.768766 0.496267 0.453806
endloop
endfacet
facet normal 0.290274 -0.028526 -0.956518
outer loop
vertex 0.759754 0.500000 0.450960
vertex 0.768766 0.496267 0.453806
vertex 0.759567 0.498097 0.450960
endloop
endfacet
facet normal 0.990438 -0.097524 0.097584
outer loop
vertex 0.800000 0.500000 0.500000
vertex 0.799039 0.500000 0.509754
vertex 0.798097 0.490433 0.509754
endloop
endfacet
facet normal 0.990438 -0.097574 0.097532
outer loop
vertex 0.800000 0.500000 0.500000
vertex 0.798097 0.490433 0.509754
vertex 0.799039 0.490245 0.500000
endloop
endfacet
facet normal 0.741244 -0.224853 0.632454
outer loop
vertex 0.790774 0.491890 0.527778
vertex 0.784676 0.493103 0.535356
vertex 0.782664 0.486470 0.535356
endloop
endfacet
facet normal 0.741225 -0.224755 0.632512
outer loop
vertex 0.790774 0.491890 0.527778
vertex 0.782664 0.486470 0.535356
vertex 0.788409 0.484091 0.527778
endloop
endfacet
facet normal 0.608838 -0.184675 -0.771499
outer loop
vertex 0.777245 0.494581 0.458427
vertex 0.784676 0.493103 0.464645
vertex 0.782664 0.486470 0.464645
endloop
endfacet
facet normal 0.608827 -0.184688 -0.771505
outer loop
vertex 0.777245 0.494581 0.458427
vertex 0.782664 0.486470 0.464645
vertex 0.775664 0.489369 0.458427
endloop
endfacet
facet normal 0.844807 -0.256187 0.469755
outer loop
vertex 0.795307 0.490988 0.519134
vertex 0.790774 0.491890 0.527778
vertex 0.788409 0.484091 0.527778
endloop
endfacet
facet normal 0.844832 -0.256392 0.469598
outer loop
vertex 0.795307 0.490988 0.519134
vertex 0.788409 0.484091 0.527778
vertex 0.792677 0.482322 0.519134
endloop
endfacet
facet normal 0.452812 -0.137353 -0.880963
outer loop
vertex 0.768766 0.496267 0.453806
vertex 0.777245 0.494581 0.458427
vertex 0.775664 0.489369 0.458427
endloop
endfacet
facet normal 0.452815 -0.137374 -0.880958
outer loop
vertex 0.768766 0.496267 0.453806
vertex 0.775664 0.489369 0.458427
vertex 0.767677 0.492677 0.453806
endloop
endfacet
facet normal 0.916090 -0.278022 0.288935
outer loop
vertex 0.798097 0.490433 0.509754
vertex 0.795307 0.490988 0.519134
vertex 0.792677 0.482322 0.519134
endloop
endfacet
facet normal 0.916095 -0.277852 0.289082
outer loop
vertex 0.798097 0.490433 0.509754
vertex 0.792677 0.482322 0.519134
vertex 0.795307 0.481234 0.509754
endloop
endfacet
facet normal 0.279087 -0.084651 -0.956527
outer loop
vertex 0.759567 0.498097 0.450960
vertex 0.768766 0.496267 0.453806
vertex 0.767677 0.492677 0.453806
endloop
endfacet
facet normal 0.279106 -0.084643 -0.956522
outer loop
vertex 0.759567 0.498097 0.450960
vertex 0.767677 0.492677 0.453806
vertex 0.759012 0.496267 0.450960
endloop
endfacet
facet normal 0.952392 -0.288852 0.097544
outer loop
vertex 0.799039 0.490245 0.500000
vertex 0.798097 0.490433 0.509754
vertex 0.795307 0.481234 0.509754
endloop
endfacet
facet normal 0.952380 -0.288899 0.097513
outer loop
vertex 0.799039 0.490245 0.500000
vertex 0.795307 0.481234 0.509754
vertex 0.796194 0.480866 0.500000
endloop
endfacet
facet normal 0.094281 -0.028594 0.995135
outer loop
vertex 0.759567 0.498097 0.549039
vertex 0.750000 0.500000 0.550000
vertex 0.759012 0.496267 0.549039
endloop
endfacet
facet normal 0.094177 -0.028563 -0.995146
outer loop
vertex 0.750000 0.500000 0.450000
vertex 0.759567 0.498097 0.450960
vertex 0.759012 0.496267 0.450960
endloop
endfacet
facet normal 0.952380 -0.288894 -0.097533
outer loop
vertex 0.798097 0.490433 0.490245
vertex 0.799039 0.490245 0.500000
vertex 0.796194 0.480866 0.500000
endloop
endfacet
facet normal 0.952396 -0.288853 -0.097501
outer loop
vertex 0.798097 0.490433 0.490245
vertex 0.796194 0.480866 0.500000
vertex 0.795307 0.481234 0.490245
endloop
endfacet
facet normal 0.278988 -0.084616 0.956559
outer loop
vertex 0.768766 0.496267 0.546194
vertex 0.759567 0.498097 0.549039
vertex 0.759012 0.496267 0.549039
endloop
endfacet
facet normal 0.279010 -0.084629 0.956552
outer loop
vertex 0.768766 0.496267 0.546194
vertex 0.759012 0.496267 0.549039
vertex 0.767677 0.492677 0.546194
endloop
endfacet
facet normal 0.916127 -0.277864 -0.288967
outer loop
vertex 0.795307 0.490988 0.480866
vertex 0.798097 0.490433 0.490245
vertex 0.795307 0.481234 0.490245
endloop
endfacet
facet normal 0.916037 -0.277999 -0.289123
outer loop
vertex 0.795307 0.490988 0.480866
vertex 0.795307 0.481234 0.490245
vertex 0.792677 0.482322 0.480866
endloop
endfacet
facet normal 0.452802 -0.137349 0.880968
outer loop
vertex 0.777245 0.494581 0.541573
vertex 0.768766 0.496267 0.546194
vertex 0.767677 0.492677 0.546194
endloop
endfacet
facet normal 0.452794 -0.137362 0.880971
outer loop
vertex 0.777245 0.494581 0.541573
vertex 0.767677 0.492677 0.546194
vertex 0.775664 0.489369 0.541573
endloop
endfacet
facet normal 0.844780 -0.256376 -0.469700
outer loop
vertex 0.790774 0.491890 0.472221
vertex 0.795307 0.490988 0.480866
vertex 0.792677 0.482322 0.480866
endloop
endfacet
facet normal 0.844907 -0.256225 -0.469554
outer loop
vertex 0.790774 0.491890 0.472221
vertex 0.792677 0.482322 0.480866
vertex 0.788409 0.484091 0.472221
endloop
endfacet
facet normal 0.608776 -0.184664 0.771551
outer loop
vertex 0.784676 0.493103 0.535356
vertex 0.777245 0.494581 0.541573
vertex 0.775664 0.489369 0.541573
endloop
endfacet
facet normal 0.608772 -0.184675 0.771552
outer loop
vertex 0.784676 0.493103 0.535356
vertex 0.775664 0.489369 0.541573
vertex 0.782664 0.486470 0.535356
endloop
endfacet
facet normal 0.741179 -0.224742 -0.632570
outer loop
vertex 0.784676 0.493103 0.464645
vertex 0.790774 0.491890 0.472221
vertex 0.788409 0.484091 0.472221
endloop
endfacet
facet normal 0.741132 -0.224809 -0.632601
outer loop
vertex 0.784676 0.493103 0.464645
vertex 0.788409 0.484091 0.472221
vertex 0.782664 0.486470 0.464645
endloop
endfacet
facet normal 0.877713 -0.469162 -0.097507
outer loop
vertex 0.795307 0.481234 0.490245
vertex 0.796194 0.480866 0.500000
vertex 0.791573 0.472221 0.500000
endloop
endfacet
facet normal 0.877671 -0.469226 -0.097576
outer loop
vertex 0.795307 0.481234 0.490245
vertex 0.791573 0.472221 0.500000
vertex 0.790774 0.472755 0.490245
endloop
endfacet
facet normal 0.257080 -0.137544 0.956552
outer loop
vertex 0.767677 0.492677 0.546194
vertex 0.759012 0.496267 0.549039
vertex 0.758110 0.494581 0.549039
endloop
endfacet
facet normal 0.257104 -0.137419 0.956564
outer loop
vertex 0.767677 0.492677 0.546194
vertex 0.758110 0.494581 0.549039
vertex 0.765909 0.489369 0.546194
endloop
endfacet
facet normal 0.844230 -0.451336 -0.289087
outer loop
vertex 0.792677 0.482322 0.480866
vertex 0.795307 0.481234 0.490245
vertex 0.790774 0.472755 0.490245
endloop
endfacet
facet normal 0.844323 -0.451235 -0.288973
outer loop
vertex 0.792677 0.482322 0.480866
vertex 0.790774 0.472755 0.490245
vertex 0.788409 0.474336 0.480866
endloop
endfacet
facet normal 0.417309 -0.223017 0.880975
outer loop
vertex 0.775664 0.489369 0.541573
vertex 0.767677 0.492677 0.546194
vertex 0.765909 0.489369 0.546194
endloop
endfacet
facet normal 0.417310 -0.223087 0.880956
outer loop
vertex 0.775664 0.489369 0.541573
vertex 0.765909 0.489369 0.546194
vertex 0.773097 0.484567 0.541573
endloop
endfacet
facet normal 0.778669 -0.416138 -0.469578
outer loop
vertex 0.788409 0.484091 0.472221
vertex 0.792677 0.482322 0.480866
vertex 0.788409 0.474336 0.480866
endloop
endfacet
facet normal 0.778625 -0.416183 -0.469612
outer loop
vertex 0.788409 0.484091 0.472221
vertex 0.788409 0.474336 0.480866
vertex 0.784567 0.476903 0.472221
endloop
endfacet
facet normal 0.561053 -0.299901 0.771543
outer loop
vertex 0.782664 0.486470 0.535356
vertex 0.775664 0.489369 0.541573
vertex 0.773097 0.484567 0.541573
endloop
endfacet
facet normal 0.561037 -0.299829 0.771583
outer loop
vertex 0.782664 0.486470 0.535356
vertex 0.773097 0.484567 0.541573
vertex 0.779397 0.480357 0.535356
endloop
endfacet
facet normal 0.683028 -0.365090 -0.632599
outer loop
vertex 0.782664 0.486470 0.464645
vertex 0.788409 0.484091 0.472221
vertex 0.784567 0.476903 0.472221
endloop
endfacet
facet normal 0.683074 -0.365055 -0.632569
outer loop
vertex 0.782664 0.486470 0.464645
vertex 0.784567 0.476903 0.472221
vertex 0.779397 0.480357 0.464645
endloop
endfacet
facet normal 0.683117 -0.365094 0.632501
outer loop
vertex 0.788409 0.484091 0.527778
vertex 0.782664 0.486470 0.535356
vertex 0.779397 0.480357 0.535356
endloop
endfacet
facet normal 0.683125 -0.365135 0.632469
outer loop
vertex 0.788409 0.484091 0.527778
vertex 0.779397 0.480357 0.535356
vertex 0.784567 0.476903 0.527778
endloop
endfacet
facet normal 0.561119 -0.299879 -0.771504
outer loop
vertex 0.775664 0.489369 0.458427
vertex 0.782664 0.486470 0.464645
vertex 0.779397 0.480357 0.464645
endloop
endfacet
facet normal 0.561069 -0.299913 -0.771527
outer loop
vertex 0.775664 0.489369 0.458427
vertex 0.779397 0.480357 0.464645
vertex 0.773097 0.484567 0.458427
endloop
endfacet
facet normal 0.778625 -0.416173 0.469620
outer loop
vertex 0.792677 0.482322 0.519134
vertex 0.788409 0.484091 0.527778
vertex 0.784567 0.476903 0.527778
endloop
endfacet
facet normal 0.778631 -0.416125 0.469652
outer loop
vertex 0.792677 0.482322 0.519134
vertex 0.784567 0.476903 0.527778
vertex 0.788409 0.474336 0.519134
endloop
endfacet
facet normal 0.417302 -0.223070 -0.880965
outer loop
vertex 0.767677 0.492677 0.453806
vertex 0.775664 0.489369 0.458427
vertex 0.773097 0.484567 0.458427
endloop
endfacet
facet normal 0.417344 -0.223050 -0.880950
outer loop
vertex 0.767677 0.492677 0.453806
vertex 0.773097 0.484567 0.458427
vertex 0.765909 0.489369 0.453806
endloop
endfacet
facet normal 0.844294 -0.451229 0.289068
outer loop
vertex 0.795307 0.481234 0.509754
vertex 0.792677 0.482322 0.519134
vertex 0.788409 0.474336 0.519134
endloop
endfacet
facet normal 0.844271 -0.451355 0.288937
outer loop
vertex 0.795307 0.481234 0.509754
vertex 0.788409 0.474336 0.519134
vertex 0.790774 0.472755 0.509754
endloop
endfacet
facet normal 0.257205 -0.137489 -0.956526
outer loop
vertex 0.759012 0.496267 0.450960
vertex 0.767677 0.492677 0.453806
vertex 0.765909 0.489369 0.453806
endloop
endfacet
facet normal 0.257120 -0.137543 -0.956541
outer loop
vertex 0.759012 0.496267 0.450960
vertex 0.765909 0.489369 0.453806
vertex 0.758110 0.494581 0.450960
endloop
endfacet
facet normal 0.877678 -0.469225 0.097515
outer loop
vertex 0.796194 0.480866 0.500000
vertex 0.795307 0.481234 0.509754
vertex 0.790774 0.472755 0.509754
endloop
endfacet
facet normal 0.877705 -0.469161 0.097586
outer loop
vertex 0.796194 0.480866 0.500000
vertex 0.790774 0.472755 0.509754
vertex 0.791573 0.472221 0.500000
endloop
endfacet
facet normal 0.086881 -0.046467 0.995134
outer loop
vertex 0.759012 0.496267 0.549039
vertex 0.750000 0.500000 0.550000
vertex 0.758110 0.494581 0.549039
endloop
endfacet
facet normal 0.086776 -0.046419 -0.995146
outer loop
vertex 0.750000 0.500000 0.450000
vertex 0.759012 0.496267 0.450960
vertex 0.758110 0.494581 0.450960
endloop
endfacet
facet normal 0.491748 -0.403644 -0.771528
outer loop
vertex 0.773097 0.484567 0.458427
vertex 0.779397 0.480357 0.464645
vertex 0.775000 0.475000 0.464645
endloop
endfacet
facet normal 0.491806 -0.403603 -0.771513
outer loop
vertex 0.773097 0.484567 0.458427
vertex 0.775000 0.475000 0.464645
vertex 0.769642 0.480357 0.458427
endloop
endfacet
facet normal 0.682469 -0.560058 0.469650
outer loop
vertex 0.788409 0.474336 0.519134
vertex 0.784567 0.476903 0.527778
vertex 0.779397 0.470603 0.527778
endloop
endfacet
facet normal 0.682454 -0.560095 0.469628
outer loop
vertex 0.788409 0.474336 0.519134
vertex 0.779397 0.470603 0.527778
vertex 0.782664 0.467336 0.519134
endloop
endfacet
facet normal 0.365798 -0.300191 -0.880952
outer loop
vertex 0.765909 0.489369 0.453806
vertex 0.773097 0.484567 0.458427
vertex 0.769642 0.480357 0.458427
endloop
endfacet
facet normal 0.365812 -0.300200 -0.880943
outer loop
vertex 0.765909 0.489369 0.453806
vertex 0.769642 0.480357 0.458427
vertex 0.763530 0.486470 0.453806
endloop
endfacet
facet normal 0.740021 -0.607352 0.288950
outer loop
vertex 0.790774 0.472755 0.509754
vertex 0.788409 0.474336 0.519134
vertex 0.782664 0.467336 0.519134
endloop
endfacet
facet normal 0.740052 -0.607289 0.289003
outer loop
vertex 0.790774 0.472755 0.509754
vertex 0.782664 0.467336 0.519134
vertex 0.784676 0.465324 0.509754
endloop
endfacet
facet normal 0.225431 -0.184984 -0.956536
outer loop
vertex 0.758110 0.494581 0.450960
vertex 0.765909 0.489369 0.453806
vertex 0.763530 0.486470 0.453806
endloop
endfacet
facet normal 0.225506 -0.184963 -0.956523
outer loop
vertex 0.758110 0.494581 0.450960
vertex 0.763530 0.486470 0.453806
vertex 0.756898 0.493103 0.450960
endloop
endfacet
facet normal 0.769348 -0.631333 0.097584
outer loop
vertex 0.791573 0.472221 0.500000
vertex 0.790774 0.472755 0.509754
vertex 0.784676 0.465324 0.509754
endloop
endfacet
facet normal 0.769344 -0.631338 0.097587
outer loop
vertex 0.791573 0.472221 0.500000
vertex 0.784676 0.465324 0.509754
vertex 0.785356 0.464645 0.500000
endloop
endfacet
facet normal 0.076174 -0.062469 0.995136
outer loop
vertex 0.758110 0.494581 0.549039
vertex 0.750000 0.500000 0.550000
vertex 0.756898 0.493103 0.549039
endloop
endfacet
facet normal 0.076113 -0.062414 -0.995144
outer loop
vertex 0.750000 0.500000 0.450000
vertex 0.758110 0.494581 0.450960
vertex 0.756898 0.493103 0.450960
endloop
endfacet
facet normal 0.769344 -0.631339 -0.097577
outer loop
vertex 0.790774 0.472755 0.490245
vertex 0.791573 0.472221 0.500000
vertex 0.785356 0.464645 0.500000
endloop
endfacet
facet normal 0.769350 -0.631332 -0.097573
outer loop
vertex 0.790774 0.472755 0.490245
vertex 0.785356 0.464645 0.500000
vertex 0.784676 0.465324 0.490245
endloop
endfacet
facet normal 0.225426 -0.184854 0.956563
outer loop
vertex 0.765909 0.489369 0.546194
vertex 0.758110 0.494581 0.549039
vertex 0.756898 0.493103 0.549039
endloop
endfacet
facet normal 0.225372 -0.184947 0.956557
outer loop
vertex 0.765909 0.489369 0.546194
vertex 0.756898 0.493103 0.549039
vertex 0.763530 0.486470 0.546194
endloop
endfacet
facet normal 0.740056 -0.607294 -0.288981
outer loop
vertex 0.788409 0.474336 0.480866
vertex 0.790774 0.472755 0.490245
vertex 0.784676 0.465324 0.490245
endloop
endfacet
facet normal 0.740002 -0.607336 -0.289032
outer loop
vertex 0.788409 0.474336 0.480866
vertex 0.784676 0.465324 0.490245
vertex 0.782664 0.467336 0.480866
endloop
endfacet
facet normal 0.365795 -0.300176 0.880959
outer loop
vertex 0.773097 0.484567 0.541573
vertex 0.765909 0.489369 0.546194
vertex 0.763530 0.486470 0.546194
endloop
endfacet
facet normal 0.365801 -0.300194 0.880950
outer loop
vertex 0.773097 0.484567 0.541573
vertex 0.763530 0.486470 0.546194
vertex 0.769642 0.480357 0.541573
endloop
endfacet
facet normal 0.682459 -0.560104 -0.469610
outer loop
vertex 0.784567 0.476903 0.472221
vertex 0.788409 0.474336 0.480866
vertex 0.782664 0.467336 0.480866
endloop
endfacet
facet normal 0.682503 -0.560073 -0.469583
outer loop
vertex 0.784567 0.476903 0.472221
vertex 0.782664 0.467336 0.480866
vertex 0.779397 0.470603 0.472221
endloop
endfacet
facet normal 0.491736 -0.403559 0.771580
outer loop
vertex 0.779397 0.480357 0.535356
vertex 0.773097 0.484567 0.541573
vertex 0.769642 0.480357 0.541573
endloop
endfacet
facet normal 0.491723 -0.403603 0.771565
outer loop
vertex 0.779397 0.480357 0.535356
vertex 0.769642 0.480357 0.541573
vertex 0.775000 0.475000 0.535356
endloop
endfacet
facet normal 0.598715 -0.491318 -0.632571
outer loop
vertex 0.779397 0.480357 0.464645
vertex 0.784567 0.476903 0.472221
vertex 0.779397 0.470603 0.472221
endloop
endfacet
facet normal 0.598633 -0.491358 -0.632619
outer loop
vertex 0.779397 0.480357 0.464645
vertex 0.779397 0.470603 0.472221
vertex 0.775000 0.475000 0.464645
endloop
endfacet
facet normal 0.598729 -0.491439 0.632464
outer loop
vertex 0.784567 0.476903 0.527778
vertex 0.779397 0.480357 0.535356
vertex 0.775000 0.475000 0.535356
endloop
endfacet
facet normal 0.598748 -0.491349 0.632516
outer loop
vertex 0.784567 0.476903 0.527778
vertex 0.775000 0.475000 0.535356
vertex 0.779397 0.470603 0.527778
endloop
endfacet
facet normal 0.184890 -0.225431 0.956554
outer loop
vertex 0.763530 0.486470 0.546194
vertex 0.756898 0.493103 0.549039
vertex 0.755419 0.491890 0.549039
endloop
endfacet
facet normal 0.184918 -0.225397 0.956557
outer loop
vertex 0.763530 0.486470 0.546194
vertex 0.755419 0.491890 0.549039
vertex 0.760630 0.484091 0.546194
endloop
endfacet
facet normal 0.607285 -0.740045 -0.289031
outer loop
vertex 0.782664 0.467336 0.480866
vertex 0.784676 0.465324 0.490245
vertex 0.777245 0.459226 0.490245
endloop
endfacet
facet normal 0.607341 -0.740019 -0.288979
outer loop
vertex 0.782664 0.467336 0.480866
vertex 0.777245 0.459226 0.490245
vertex 0.775664 0.461591 0.480866
endloop
endfacet
facet normal 0.300118 -0.365850 0.880955
outer loop
vertex 0.769642 0.480357 0.541573
vertex 0.763530 0.486470 0.546194
vertex 0.760630 0.484091 0.546194
endloop
endfacet
facet normal 0.300173 -0.365785 0.880964
outer loop
vertex 0.769642 0.480357 0.541573
vertex 0.760630 0.484091 0.546194
vertex 0.765433 0.476903 0.541573
endloop
endfacet
facet normal 0.560104 -0.682481 -0.469578
outer loop
vertex 0.779397 0.470603 0.472221
vertex 0.782664 0.467336 0.480866
vertex 0.775664 0.461591 0.480866
endloop
endfacet
facet normal 0.560071 -0.682485 -0.469611
outer loop
vertex 0.779397 0.470603 0.472221
vertex 0.775664 0.461591 0.480866
vertex 0.773097 0.465433 0.472221
endloop
endfacet
facet normal 0.403562 -0.491794 0.771541
outer loop
vertex 0.775000 0.475000 0.535356
vertex 0.769642 0.480357 0.541573
vertex 0.765433 0.476903 0.541573
endloop
endfacet
facet normal 0.403563 -0.491771 0.771556
outer loop
vertex 0.775000 0.475000 0.535356
vertex 0.765433 0.476903 0.541573
vertex 0.769642 0.470603 0.535356
endloop
endfacet
facet normal 0.491297 -0.598689 -0.632613
outer loop
vertex 0.775000 0.475000 0.464645
vertex 0.779397 0.470603 0.472221
vertex 0.773097 0.465433 0.472221
endloop
endfacet
facet normal 0.491302 -0.598689 -0.632609
outer loop
vertex 0.775000 0.475000 0.464645
vertex 0.773097 0.465433 0.472221
vertex 0.769642 0.470603 0.464645
endloop
endfacet
facet normal 0.491360 -0.598742 0.632513
outer loop
vertex 0.779397 0.470603 0.527778
vertex 0.775000 0.475000 0.535356
vertex 0.769642 0.470603 0.535356
endloop
endfacet
facet normal 0.491352 -0.598756 0.632506
outer loop
vertex 0.779397 0.470603 0.527778
vertex 0.769642 0.470603 0.535356
vertex 0.773097 0.465433 0.527778
endloop
endfacet
facet normal 0.403614 -0.491824 -0.771495
outer loop
vertex 0.769642 0.480357 0.458427
vertex 0.775000 0.475000 0.464645
vertex 0.769642 0.470603 0.464645
endloop
endfacet
facet normal 0.403602 -0.491827 -0.771500
outer loop
vertex 0.769642 0.480357 0.458427
vertex 0.769642 0.470603 0.464645
vertex 0.765433 0.476903 0.458427
endloop
endfacet
facet normal 0.560060 -0.682490 0.469616
outer loop
vertex 0.782664 0.467336 0.519134
vertex 0.779397 0.470603 0.527778
vertex 0.773097 0.465433 0.527778
endloop
endfacet
facet normal 0.560090 -0.682440 0.469654
outer loop
vertex 0.782664 0.467336 0.519134
vertex 0.773097 0.465433 0.527778
vertex 0.775664 0.461591 0.519134
endloop
endfacet
facet normal 0.300192 -0.365793 -0.880954
outer loop
vertex 0.763530 0.486470 0.453806
vertex 0.769642 0.480357 0.458427
vertex 0.765433 0.476903 0.458427
endloop
endfacet
facet normal 0.300103 -0.365849 -0.880961
outer loop
vertex 0.763530 0.486470 0.453806
vertex 0.765433 0.476903 0.458427
vertex 0.760630 0.484091 0.453806
endloop
endfacet
facet normal 0.607333 -0.740020 0.288995
outer loop
vertex 0.784676 0.465324 0.509754
vertex 0.782664 0.467336 0.519134
vertex 0.775664 0.461591 0.519134
endloop
endfacet
facet normal 0.607302 -0.740061 0.288954
outer loop
vertex 0.784676 0.465324 0.509754
vertex 0.775664 0.461591 0.519134
vertex 0.777245 0.459226 0.509754
endloop
endfacet
facet normal 0.184958 -0.225463 -0.956534
outer loop
vertex 0.756898 0.493103 0.450960
vertex 0.763530 0.486470 0.453806
vertex 0.760630 0.484091 0.453806
endloop
endfacet
facet normal 0.184950 -0.225487 -0.956530
outer loop
vertex 0.756898 0.493103 0.450960
vertex 0.760630 0.484091 0.453806
vertex 0.755419 0.491890 0.450960
endloop
endfacet
facet normal 0.631337 -0.769346 0.097568
outer loop
vertex 0.785356 0.464645 0.500000
vertex 0.784676 0.465324 0.509754
vertex 0.777245 0.459226 0.509754
endloop
endfacet
facet normal 0.631300 -0.769382 0.097532
outer loop
vertex 0.785356 0.464645 0.500000
vertex 0.777245 0.459226 0.509754
vertex 0.777778 0.458427 0.500000
endloop
endfacet
facet normal 0.062443 -0.076169 0.995138
outer loop
vertex 0.756898 0.493103 0.549039
vertex 0.750000 0.500000 0.550000
vertex 0.755419 0.491890 0.549039
endloop
endfacet
facet normal 0.062411 -0.076088 -0.995146
outer loop
vertex 0.750000 0.500000 0.450000
vertex 0.756898 0.493103 0.450960
vertex 0.755419 0.491890 0.450960
endloop
endfacet
facet normal 0.631295 -0.769382 -0.097560
outer loop
vertex 0.784676 0.465324 0.490245
vertex 0.785356 0.464645 0.500000
vertex 0.777778 0.458427 0.500000
endloop
endfacet
facet normal 0.631343 -0.769348 -0.097518
outer loop
vertex 0.784676 0.465324 0.490245
vertex 0.777778 0.458427 0.500000
vertex 0.777245 0.459226 0.490245
endloop
endfacet
facet normal 0.416169 -0.778605 0.469656
outer loop
vertex 0.775664 0.461591 0.519134
vertex 0.773097 0.465433 0.527778
vertex 0.765909 0.461591 0.527778
endloop
endfacet
facet normal 0.416106 -0.778683 0.469584
outer loop
vertex 0.775664 0.461591 0.519134
vertex 0.765909 0.461591 0.527778
vertex 0.767677 0.457323 0.519134
endloop
endfacet
facet normal 0.223037 -0.417312 -0.880968
outer loop
vertex 0.760630 0.484091 0.453806
vertex 0.765433 0.476903 0.458427
vertex 0.760630 0.474336 0.458427
endloop
endfacet
facet normal 0.223162 -0.417315 -0.880935
outer loop
vertex 0.760630 0.484091 0.453806
vertex 0.760630 0.474336 0.458427
vertex 0.757322 0.482322 0.453806
endloop
endfacet
facet normal 0.451199 -0.844352 0.288945
outer loop
vertex 0.777245 0.459226 0.509754
vertex 0.775664 0.461591 0.519134
vertex 0.767677 0.457323 0.519134
endloop
endfacet
facet normal 0.451339 -0.844224 0.289099
outer loop
vertex 0.777245 0.459226 0.509754
vertex 0.767677 0.457323 0.519134
vertex 0.768766 0.454693 0.509754
endloop
endfacet
facet normal 0.137516 -0.257173 -0.956531
outer loop
vertex 0.755419 0.491890 0.450960
vertex 0.760630 0.484091 0.453806
vertex 0.757322 0.482322 0.453806
endloop
endfacet
facet normal 0.137603 -0.257163 -0.956521
outer loop
vertex 0.755419 0.491890 0.450960
vertex 0.757322 0.482322 0.453806
vertex 0.753733 0.490988 0.450960
endloop
endfacet
facet normal 0.469225 -0.877676 0.097532
outer loop
vertex 0.777778 0.458427 0.500000
vertex 0.777245 0.459226 0.509754
vertex 0.768766 0.454693 0.509754
endloop
endfacet
facet normal 0.469202 -0.877689 0.097524
outer loop
vertex 0.777778 0.458427 0.500000
vertex 0.768766 0.454693 0.509754
vertex 0.769134 0.453806 0.500000
endloop
endfacet
facet normal 0.046486 -0.086867 0.995135
outer loop
vertex 0.755419 0.491890 0.549039
vertex 0.750000 0.500000 0.550000
vertex 0.753733 0.490988 0.549039
endloop
endfacet
facet normal 0.046395 -0.086780 -0.995147
outer loop
vertex 0.750000 0.500000 0.450000
vertex 0.755419 0.491890 0.450960
vertex 0.753733 0.490988 0.450960
endloop
endfacet
facet normal 0.469201 -0.877689 -0.097530
outer loop
vertex 0.777245 0.459226 0.490245
vertex 0.777778 0.458427 0.500000
vertex 0.769134 0.453806 0.500000
endloop
endfacet
facet normal 0.469224 -0.877680 -0.097504
outer loop
vertex 0.777245 0.459226 0.490245
vertex 0.769134 0.453806 0.500000
vertex 0.768766 0.454693 0.490245
endloop
endfacet
facet normal 0.137492 -0.257054 0.956566
outer loop
vertex 0.760630 0.484091 0.546194
vertex 0.755419 0.491890 0.549039
vertex 0.753733 0.490988 0.549039
endloop
endfacet
facet normal 0.137487 -0.257100 0.956555
outer loop
vertex 0.760630 0.484091 0.546194
vertex 0.753733 0.490988 0.549039
vertex 0.757322 0.482322 0.546194
endloop
endfacet
facet normal 0.451364 -0.844254 -0.288974
outer loop
vertex 0.775664 0.461591 0.480866
vertex 0.777245 0.459226 0.490245
vertex 0.768766 0.454693 0.490245
endloop
endfacet
facet normal 0.451164 -0.844302 -0.289144
outer loop
vertex 0.775664 0.461591 0.480866
vertex 0.768766 0.454693 0.490245
vertex 0.767677 0.457323 0.480866
endloop
endfacet
facet normal 0.223120 -0.417234 0.880984
outer loop
vertex 0.765433 0.476903 0.541573
vertex 0.760630 0.484091 0.546194
vertex 0.757322 0.482322 0.546194
endloop
endfacet
facet normal 0.223043 -0.417356 0.880946
outer loop
vertex 0.765433 0.476903 0.541573
vertex 0.757322 0.482322 0.546194
vertex 0.760630 0.474336 0.541573
endloop
endfacet
facet normal 0.416098 -0.778674 -0.469605
outer loop
vertex 0.773097 0.465433 0.472221
vertex 0.775664 0.461591 0.480866
vertex 0.767677 0.457323 0.480866
endloop
endfacet
facet normal 0.416200 -0.778659 -0.469539
outer loop
vertex 0.773097 0.465433 0.472221
vertex 0.767677 0.457323 0.480866
vertex 0.765909 0.461591 0.472221
endloop
endfacet
facet normal 0.299865 -0.561057 0.771554
outer loop
vertex 0.769642 0.470603 0.535356
vertex 0.765433 0.476903 0.541573
vertex 0.760630 0.474336 0.541573
endloop
endfacet
facet normal 0.299886 -0.561023 0.771571
outer loop
vertex 0.769642 0.470603 0.535356
vertex 0.760630 0.474336 0.541573
vertex 0.763530 0.467336 0.535356
endloop
endfacet
facet normal 0.365083 -0.683019 -0.632613
outer loop
vertex 0.769642 0.470603 0.464645
vertex 0.773097 0.465433 0.472221
vertex 0.765909 0.461591 0.472221
endloop
endfacet
facet normal 0.365097 -0.683034 -0.632589
outer loop
vertex 0.769642 0.470603 0.464645
vertex 0.765909 0.461591 0.472221
vertex 0.763530 0.467336 0.464645
endloop
endfacet
facet normal 0.365131 -0.683087 0.632512
outer loop
vertex 0.773097 0.465433 0.527778
vertex 0.769642 0.470603 0.535356
vertex 0.763530 0.467336 0.535356
endloop
endfacet
facet normal 0.365124 -0.683109 0.632493
outer loop
vertex 0.773097 0.465433 0.527778
vertex 0.763530 0.467336 0.535356
vertex 0.765909 0.461591 0.527778
endloop
endfacet
facet normal 0.299921 -0.561087 -0.771511
outer loop
vertex 0.765433 0.476903 0.458427
vertex 0.769642 0.470603 0.464645
vertex 0.763530 0.467336 0.464645
endloop
endfacet
facet normal 0.299877 -0.561103 -0.771516
outer loop
vertex 0.765433 0.476903 0.458427
vertex 0.763530 0.467336 0.464645
vertex 0.760630 0.474336 0.458427
endloop
endfacet
facet normal 0.277842 -0.916078 -0.289145
outer loop
vertex 0.767677 0.457323 0.480866
vertex 0.768766 0.454693 0.490245
vertex 0.759567 0.451903 0.490245
endloop
endfacet
facet normal 0.278049 -0.916072 -0.288965
outer loop
vertex 0.767677 0.457323 0.480866
vertex 0.759567 0.451903 0.490245
vertex 0.759012 0.454693 0.480866
endloop
endfacet
facet normal 0.137297 -0.452854 0.880950
outer loop
vertex 0.760630 0.474336 0.541573
vertex 0.757322 0.482322 0.546194
vertex 0.753733 0.481234 0.546194
endloop
endfacet
facet normal 0.137370 -0.452801 0.880966
outer loop
vertex 0.760630 0.474336 0.541573
vertex 0.753733 0.481234 0.546194
vertex 0.755419 0.472755 0.541573
endloop
endfacet
facet normal 0.256429 -0.844852 -0.469541
outer loop
vertex 0.765909 0.461591 0.472221
vertex 0.767677 0.457323 0.480866
vertex 0.759012 0.454693 0.480866
endloop
endfacet
facet normal 0.256193 -0.844824 -0.469721
outer loop
vertex 0.765909 0.461591 0.472221
vertex 0.759012 0.454693 0.480866
vertex 0.758110 0.459226 0.472221
endloop
endfacet
facet normal 0.184688 -0.608753 0.771564
outer loop
vertex 0.763530 0.467336 0.535356
vertex 0.760630 0.474336 0.541573
vertex 0.755419 0.472755 0.541573
endloop
endfacet
facet normal 0.184681 -0.608757 0.771562
outer loop
vertex 0.763530 0.467336 0.535356
vertex 0.755419 0.472755 0.541573
vertex 0.756898 0.465324 0.535356
endloop
endfacet
facet normal 0.224750 -0.741149 -0.632603
outer loop
vertex 0.763530 0.467336 0.464645
vertex 0.765909 0.461591 0.472221
vertex 0.758110 0.459226 0.472221
endloop
endfacet
facet normal 0.224854 -0.741165 -0.632547
outer loop
vertex 0.763530 0.467336 0.464645
vertex 0.758110 0.459226 0.472221
vertex 0.756898 0.465324 0.464645
endloop
endfacet
facet normal 0.224860 -0.741196 0.632509
outer loop
vertex 0.765909 0.461591 0.527778
vertex 0.763530 0.467336 0.535356
vertex 0.756898 0.465324 0.535356
endloop
endfacet
facet normal 0.224782 -0.741273 0.632445
outer loop
vertex 0.765909 0.461591 0.527778
vertex 0.756898 0.465324 0.535356
vertex 0.758110 0.459226 0.527778
endloop
endfacet
facet normal 0.184698 -0.608799 -0.771524
outer loop
vertex 0.760630 0.474336 0.458427
vertex 0.763530 0.467336 0.464645
vertex 0.756898 0.465324 0.464645
endloop
endfacet
facet normal 0.184710 -0.608821 -0.771504
outer loop
vertex 0.760630 0.474336 0.458427
vertex 0.756898 0.465324 0.464645
vertex 0.755419 0.472755 0.458427
endloop
endfacet
facet normal 0.256207 -0.844900 0.469576
outer loop
vertex 0.767677 0.457323 0.519134
vertex 0.765909 0.461591 0.527778
vertex 0.758110 0.459226 0.527778
endloop
endfacet
facet normal 0.256402 -0.844742 0.469754
outer loop
vertex 0.767677 0.457323 0.519134
vertex 0.758110 0.459226 0.527778
vertex 0.759012 0.454693 0.519134
endloop
endfacet
facet normal 0.137389 -0.452834 -0.880946
outer loop
vertex 0.757322 0.482322 0.453806
vertex 0.760630 0.474336 0.458427
vertex 0.755419 0.472755 0.458427
endloop
endfacet
facet normal 0.137274 -0.452837 -0.880962
outer loop
vertex 0.757322 0.482322 0.453806
vertex 0.755419 0.472755 0.458427
vertex 0.753733 0.481234 0.453806
endloop
endfacet
facet normal 0.278032 -0.916029 0.289116
outer loop
vertex 0.768766 0.454693 0.509754
vertex 0.767677 0.457323 0.519134
vertex 0.759012 0.454693 0.519134
endloop
endfacet
facet normal 0.277860 -0.916137 0.288940
outer loop
vertex 0.768766 0.454693 0.509754
vertex 0.759012 0.454693 0.519134
vertex 0.759567 0.451903 0.509754
endloop
endfacet
facet normal 0.084615 -0.279092 -0.956529
outer loop
vertex 0.753733 0.490988 0.450960
vertex 0.757322 0.482322 0.453806
vertex 0.753733 0.481234 0.453806
endloop
endfacet
facet normal 0.084594 -0.279086 -0.956533
outer loop
vertex 0.753733 0.490988 0.450960
vertex 0.753733 0.481234 0.453806
vertex 0.751903 0.490433 0.450960
endloop
endfacet
facet normal 0.288856 -0.952395 0.097500
outer loop
vertex 0.769134 0.453806 0.500000
vertex 0.768766 0.454693 0.509754
vertex 0.759567 0.451903 0.509754
endloop
endfacet
facet normal 0.288955 -0.952353 0.097611
outer loop
vertex 0.769134 0.453806 0.500000
vertex 0.759567 0.451903 0.509754
vertex 0.759754 0.450960 0.500000
endloop
endfacet
facet normal 0.028607 -0.094258 0.995137
outer loop
vertex 0.753733 0.490988 0.549039
vertex 0.750000 0.500000 0.550000
vertex 0.751903 0.490433 0.549039
endloop
endfacet
facet normal 0.028592 -0.094171 -0.995145
outer loop
vertex 0.750000 0.500000 0.450000
vertex 0.753733 0.490988 0.450960
vertex 0.751903 0.490433 0.450960
endloop
endfacet
facet normal 0.288959 -0.952364 -0.097496
outer loop
vertex 0.768766 0.454693 0.490245
vertex 0.769134 0.453806 0.500000
vertex 0.759754 0.450960 0.500000
endloop
endfacet
facet normal 0.288853 -0.952386 -0.097597
outer loop
vertex 0.768766 0.454693 0.490245
vertex 0.759754 0.450960 0.500000
vertex 0.759567 0.451903 0.490245
endloop
endfacet
facet normal 0.084595 -0.279004 0.956557
outer loop
vertex 0.757322 0.482322 0.546194
vertex 0.753733 0.490988 0.549039
vertex 0.751903 0.490433 0.549039
endloop
endfacet
facet normal 0.084591 -0.279018 0.956553
outer loop
vertex 0.757322 0.482322 0.546194
vertex 0.751903 0.490433 0.549039
vertex 0.753733 0.481234 0.546194
endloop
endfacet
facet normal 0.046409 -0.470895 -0.880967
outer loop
vertex 0.753733 0.481234 0.453806
vertex 0.755419 0.472755 0.458427
vertex 0.750000 0.472221 0.458427
endloop
endfacet
facet normal 0.046423 -0.470894 -0.880968
outer loop
vertex 0.753733 0.481234 0.453806
vertex 0.750000 0.472221 0.458427
vertex 0.750000 0.480866 0.453806
endloop
endfacet
facet normal 0.093771 -0.952747 0.288930
outer loop
vertex 0.759567 0.451903 0.509754
vertex 0.759012 0.454693 0.519134
vertex 0.750000 0.453806 0.519134
endloop
endfacet
facet normal 0.093903 -0.952694 0.289060
outer loop
vertex 0.759567 0.451903 0.509754
vertex 0.750000 0.453806 0.519134
vertex 0.750000 0.450960 0.509754
endloop
endfacet
facet normal 0.028629 -0.290242 -0.956525
outer loop
vertex 0.751903 0.490433 0.450960
vertex 0.753733 0.481234 0.453806
vertex 0.750000 0.480866 0.453806
endloop
endfacet
facet normal 0.028649 -0.290258 -0.956520
outer loop
vertex 0.751903 0.490433 0.450960
vertex 0.750000 0.480866 0.453806
vertex 0.750000 0.490245 0.450960
endloop
endfacet
facet normal 0.097620 -0.990424 0.097621
outer loop
vertex 0.759754 0.450960 0.500000
vertex 0.759567 0.451903 0.509754
vertex 0.750000 0.450960 0.509754
endloop
endfacet
facet normal 0.097484 -0.990451 0.097489
outer loop
vertex 0.759754 0.450960 0.500000
vertex 0.750000 0.450960 0.509754
vertex 0.750000 0.450000 0.500000
endloop
endfacet
facet normal 0.009636 -0.098035 0.995136
outer loop
vertex 0.751903 0.490433 0.549039
vertex 0.750000 0.500000 0.550000
vertex 0.750000 0.490245 0.549039
endloop
endfacet
facet normal 0.009683 -0.097936 -0.995146
outer loop
vertex 0.750000 0.500000 0.450000
vertex 0.751903 0.490433 0.450960
vertex 0.750000 0.490245 0.450960
endloop
endfacet
facet normal 0.097484 -0.990439 -0.097613
outer loop
vertex 0.759567 0.451903 0.490245
vertex 0.759754 0.450960 0.500000
vertex 0.750000 0.450000 0.500000
endloop
endfacet
facet normal 0.097622 -0.990439 -0.097473
outer loop
vertex 0.759567 0.451903 0.490245
vertex 0.750000 0.450000 0.500000
vertex 0.750000 0.450960 0.490245
endloop
endfacet
facet normal 0.028630 -0.290147 0.956554
outer loop
vertex 0.753733 0.481234 0.546194
vertex 0.751903 0.490433 0.549039
vertex 0.750000 0.490245 0.549039
endloop
endfacet
facet normal 0.028600 -0.290157 0.956551
outer loop
vertex 0.753733 0.481234 0.546194
vertex 0.750000 0.490245 0.549039
vertex 0.750000 0.480866 0.546194
endloop
endfacet
facet normal 0.093905 -0.952723 -0.288964
outer loop
vertex 0.759012 0.454693 0.480866
vertex 0.759567 0.451903 0.490245
vertex 0.750000 0.450960 0.490245
endloop
endfacet
facet normal 0.093765 -0.952697 -0.289097
outer loop
vertex 0.759012 0.454693 0.480866
vertex 0.750000 0.450960 0.490245
vertex 0.750000 0.453806 0.480866
endloop
endfacet
facet normal 0.046442 -0.470875 0.880977
outer loop
vertex 0.755419 0.472755 0.541573
vertex 0.753733 0.481234 0.546194
vertex 0.750000 0.480866 0.546194
endloop
endfacet
facet normal 0.046393 -0.470896 0.880968
outer loop
vertex 0.755419 0.472755 0.541573
vertex 0.750000 0.480866 0.546194
vertex 0.750000 0.472221 0.541573
endloop
endfacet
facet normal 0.086469 -0.878579 -0.469705
outer loop
vertex 0.758110 0.459226 0.472221
vertex 0.759012 0.454693 0.480866
vertex 0.750000 0.453806 0.480866
endloop
endfacet
facet normal 0.086564 -0.878606 -0.469636
outer loop
vertex 0.758110 0.459226 0.472221
vertex 0.750000 0.453806 0.480866
vertex 0.750000 0.458427 0.472221
endloop
endfacet
facet normal 0.062394 -0.633090 0.771560
outer loop
vertex 0.756898 0.465324 0.535356
vertex 0.755419 0.472755 0.541573
vertex 0.750000 0.472221 0.541573
endloop
endfacet
facet normal 0.062327 -0.633129 0.771533
outer loop
vertex 0.756898 0.465324 0.535356
vertex 0.750000 0.472221 0.541573
vertex 0.750000 0.464645 0.535356
endloop
endfacet
facet normal 0.075938 -0.770788 -0.632550
outer loop
vertex 0.756898 0.465324 0.464645
vertex 0.758110 0.459226 0.472221
vertex 0.750000 0.458427 0.472221
endloop
endfacet
facet normal 0.075871 -0.770752 -0.632602
outer loop
vertex 0.756898 0.465324 0.464645
vertex 0.750000 0.458427 0.472221
vertex 0.750000 0.464645 0.464645
endloop
endfacet
facet normal 0.075887 -0.770867 0.632459
outer loop
vertex 0.758110 0.459226 0.527778
vertex 0.756898 0.465324 0.535356
vertex 0.750000 0.464645 0.535356
endloop
endfacet
facet normal 0.075945 -0.770836 0.632491
outer loop
vertex 0.758110 0.459226 0.527778
vertex 0.750000 0.464645 0.535356
vertex 0.750000 0.458427 0.527778
endloop
endfacet
facet normal 0.062323 -0.633168 -0.771501
outer loop
vertex 0.755419 0.472755 0.458427
vertex 0.756898 0.465324 0.464645
vertex 0.750000 0.464645 0.464645
endloop
endfacet
facet normal 0.062400 -0.633187 -0.771480
outer loop
vertex 0.755419 0.472755 0.458427
vertex 0.750000 0.464645 0.464645
vertex 0.750000 0.472221 0.458427
endloop
endfacet
facet normal 0.086551 -0.878548 0.469748
outer loop
vertex 0.759012 0.454693 0.519134
vertex 0.758110 0.459226 0.527778
vertex 0.750000 0.458427 0.527778
endloop
endfacet
facet normal 0.086474 -0.878590 0.469683
outer loop
vertex 0.759012 0.454693 0.519134
vertex 0.750000 0.458427 0.527778
vertex 0.750000 0.453806 0.519134
endloop
endfacet
facet normal -0.086475 -0.878613 -0.469639
outer loop
vertex 0.750000 0.458427 0.472221
vertex 0.750000 0.453806 0.480866
vertex 0.740988 0.454693 0.480866
endloop
endfacet
facet normal -0.086554 -0.878568 -0.469709
outer loop
vertex 0.750000 0.458427 0.472221
vertex 0.740988 0.454693 0.480866
vertex 0.741890 0.459226 0.472221
endloop
endfacet
facet normal -0.062406 -0.633124 0.771531
outer loop
vertex 0.750000 0.464645 0.535356
vertex 0.750000 0.472221 0.541573
vertex 0.744581 0.472755 0.541573
endloop
endfacet
facet normal -0.062334 -0.633114 0.771545
outer loop
vertex 0.750000 0.464645 0.535356
vertex 0.744581 0.472755 0.541573
vertex 0.743103 0.465324 0.535356
endloop
endfacet
facet normal -0.075936 -0.770752 -0.632594
outer loop
vertex 0.750000 0.464645 0.464645
vertex 0.750000 0.458427 0.472221
vertex 0.741890 0.459226 0.472221
endloop
endfacet
facet normal -0.075876 -0.770786 -0.632560
outer loop
vertex 0.750000 0.464645 0.464645
vertex 0.741890 0.459226 0.472221
vertex 0.743103 0.465324 0.464645
endloop
endfacet
facet normal -0.075893 -0.770838 0.632494
outer loop
vertex 0.750000 0.458427 0.527778
vertex 0.750000 0.464645 0.535356
vertex 0.743103 0.465324 0.535356
endloop
endfacet
facet normal -0.075947 -0.770861 0.632460
outer loop
vertex 0.750000 0.458427 0.527778
vertex 0.743103 0.465324 0.535356
vertex 0.741890 0.459226 0.527778
endloop
endfacet
facet normal -0.062342 -0.633194 -0.771478
outer loop
vertex 0.750000 0.472221 0.458427
vertex 0.750000 0.464645 0.464645
vertex 0.743103 0.465324 0.464645
endloop
endfacet
facet normal -0.062388 -0.633158 -0.771504
outer loop
vertex 0.750000 0.472221 0.458427
vertex 0.743103 0.465324 0.464645
vertex 0.744581 0.472755 0.458427
endloop
endfacet
facet normal -0.086555 -0.878586 0.469675
outer loop
vertex 0.750000 0.453806 0.519134
vertex 0.750000 0.458427 0.527778
vertex 0.741890 0.459226 0.527778
endloop
endfacet
facet normal -0.086470 -0.878555 0.469748
outer loop
vertex 0.750000 0.453806 0.519134
vertex 0.741890 0.459226 0.527778
vertex 0.740988 0.454693 0.519134
endloop
endfacet
facet normal -0.046410 -0.470903 -0.880964
outer loop
vertex 0.750000 0.480866 0.453806
vertex 0.750000 0.472221 0.458427
vertex 0.744581 0.472755 0.458427
endloop
endfacet
facet normal -0.046422 -0.470886 -0.880972
outer loop
vertex 0.750000 0.480866 0.453806
vertex 0.744581 0.472755 0.458427
vertex 0.746267 0.481234 0.453806
endloop
endfacet
facet normal -0.093767 -0.952706 0.289065
outer loop
vertex 0.750000 0.450960 0.509754
vertex 0.750000 0.453806 0.519134
vertex 0.740988 0.454693 0.519134
endloop
endfacet
facet normal -0.093907 -0.952732 0.288935
outer loop
vertex 0.750000 0.450960 0.509754
vertex 0.740988 0.454693 0.519134
vertex 0.740433 0.451903 0.509754
endloop
endfacet
facet normal -0.028604 -0.290251 -0.956523
outer loop
vertex 0.750000 0.490245 0.450960
vertex 0.750000 0.480866 0.453806
vertex 0.746267 0.481234 0.453806
endloop
endfacet
facet normal -0.028697 -0.290238 -0.956524
outer loop
vertex 0.750000 0.490245 0.450960
vertex 0.746267 0.481234 0.453806
vertex 0.748097 0.490433 0.450960
endloop
endfacet
facet normal -0.097623 -0.990438 0.097485
outer loop
vertex 0.750000 0.450000 0.500000
vertex 0.750000 0.450960 0.509754
vertex 0.740433 0.451903 0.509754
endloop
endfacet
facet normal -0.097471 -0.990438 0.097634
outer loop
vertex 0.750000 0.450000 0.500000
vertex 0.740433 0.451903 0.509754
vertex 0.740245 0.450960 0.500000
endloop
endfacet
facet normal -0.009636 -0.098035 0.995136
outer loop
vertex 0.750000 0.490245 0.549039
vertex 0.750000 0.500000 0.550000
vertex 0.748097 0.490433 0.549039
endloop
endfacet
facet normal -0.009683 -0.097936 -0.995146
outer loop
vertex 0.750000 0.500000 0.450000
vertex 0.750000 0.490245 0.450960
vertex 0.748097 0.490433 0.450960
endloop
endfacet
facet normal -0.097473 -0.990453 -0.097477
outer loop
vertex 0.750000 0.450960 0.490245
vertex 0.750000 0.450000 0.500000
vertex 0.740245 0.450960 0.500000
endloop
endfacet
facet normal -0.097622 -0.990424 -0.097624
outer loop
vertex 0.750000 0.450960 0.490245
vertex 0.740245 0.450960 0.500000
vertex 0.740433 0.451903 0.490245
endloop
endfacet
facet normal -0.028632 -0.290166 0.956548
outer loop
vertex 0.750000 0.480866 0.546194
vertex 0.750000 0.490245 0.549039
vertex 0.748097 0.490433 0.549039
endloop
endfacet
facet normal -0.028599 -0.290148 0.956554
outer loop
vertex 0.750000 0.480866 0.546194
vertex 0.748097 0.490433 0.549039
vertex 0.746267 0.481234 0.546194
endloop
endfacet
facet normal -0.093901 -0.952685 -0.289090
outer loop
vertex 0.750000 0.453806 0.480866
vertex 0.750000 0.450960 0.490245
vertex 0.740433 0.451903 0.490245
endloop
endfacet
facet normal -0.093771 -0.952736 -0.288964
outer loop
vertex 0.750000 0.453806 0.480866
vertex 0.740433 0.451903 0.490245
vertex 0.740988 0.454693 0.480866
endloop
endfacet
facet normal -0.046417 -0.470884 0.880973
outer loop
vertex 0.750000 0.472221 0.541573
vertex 0.750000 0.480866 0.546194
vertex 0.746267 0.481234 0.546194
endloop
endfacet
facet normal -0.046410 -0.470890 0.880970
outer loop
vertex 0.750000 0.472221 0.541573
vertex 0.746267 0.481234 0.546194
vertex 0.744581 0.472755 0.541573
endloop
endfacet
facet normal -0.084582 -0.279102 -0.956529
outer loop
vertex 0.748097 0.490433 0.450960
vertex 0.746267 0.481234 0.453806
vertex 0.742677 0.482322 0.453806
endloop
endfacet
facet normal -0.084638 -0.279067 -0.956534
outer loop
vertex 0.748097 0.490433 0.450960
vertex 0.742677 0.482322 0.453806
vertex 0.746267 0.490988 0.450960
endloop
endfacet
facet normal -0.288854 -0.952381 0.097637
outer loop
vertex 0.740245 0.450960 0.500000
vertex 0.740433 0.451903 0.509754
vertex 0.731234 0.454693 0.509754
endloop
endfacet
facet normal -0.288987 -0.952354 0.097512
outer loop
vertex 0.740245 0.450960 0.500000
vertex 0.731234 0.454693 0.509754
vertex 0.730866 0.453806 0.500000
endloop
endfacet
facet normal -0.028607 -0.094258 0.995137
outer loop
vertex 0.748097 0.490433 0.549039
vertex 0.750000 0.500000 0.550000
vertex 0.746267 0.490988 0.549039
endloop
endfacet
facet normal -0.028592 -0.094171 -0.995145
outer loop
vertex 0.750000 0.500000 0.450000
vertex 0.748097 0.490433 0.450960
vertex 0.746267 0.490988 0.450960
endloop
endfacet
facet normal -0.288980 -0.952343 -0.097638
outer loop
vertex 0.740433 0.451903 0.490245
vertex 0.740245 0.450960 0.500000
vertex 0.730866 0.453806 0.500000
endloop
endfacet
facet normal -0.288861 -0.952395 -0.097488
outer loop
vertex 0.740433 0.451903 0.490245
vertex 0.730866 0.453806 0.500000
vertex 0.731234 0.454693 0.490245
endloop
endfacet
facet normal -0.084649 -0.279016 0.956548
outer loop
vertex 0.746267 0.481234 0.546194
vertex 0.748097 0.490433 0.549039
vertex 0.746267 0.490988 0.549039
endloop
endfacet
facet normal -0.084540 -0.278999 0.956563
outer loop
vertex 0.746267 0.481234 0.546194
vertex 0.746267 0.490988 0.549039
vertex 0.742677 0.482322 0.546194
endloop
endfacet
facet normal -0.277860 -0.916126 -0.288976
outer loop
vertex 0.740988 0.454693 0.480866
vertex 0.740433 0.451903 0.490245
vertex 0.731234 0.454693 0.490245
endloop
endfacet
facet normal -0.278006 -0.916036 -0.289120
outer loop
vertex 0.740988 0.454693 0.480866
vertex 0.731234 0.454693 0.490245
vertex 0.732322 0.457323 0.480866
endloop
endfacet
facet normal -0.137220 -0.452824 0.880977
outer loop
vertex 0.744581 0.472755 0.541573
vertex 0.746267 0.481234 0.546194
vertex 0.742677 0.482322 0.546194
endloop
endfacet
facet normal -0.137373 -0.452848 0.880941
outer loop
vertex 0.744581 0.472755 0.541573
vertex 0.742677 0.482322 0.546194
vertex 0.739369 0.474336 0.541573
endloop
endfacet
facet normal -0.256380 -0.844777 -0.469703
outer loop
vertex 0.741890 0.459226 0.472221
vertex 0.740988 0.454693 0.480866
vertex 0.732322 0.457323 0.480866
endloop
endfacet
facet normal -0.256215 -0.844904 -0.469565
outer loop
vertex 0.741890 0.459226 0.472221
vertex 0.732322 0.457323 0.480866
vertex 0.734091 0.461591 0.472221
endloop
endfacet
facet normal -0.184651 -0.608782 0.771550
outer loop
vertex 0.743103 0.465324 0.535356
vertex 0.744581 0.472755 0.541573
vertex 0.739369 0.474336 0.541573
endloop
endfacet
facet normal -0.184660 -0.608770 0.771556
outer loop
vertex 0.743103 0.465324 0.535356
vertex 0.739369 0.474336 0.541573
vertex 0.736470 0.467336 0.535356
endloop
endfacet
facet normal -0.224759 -0.741165 -0.632580
outer loop
vertex 0.743103 0.465324 0.464645
vertex 0.741890 0.459226 0.472221
vertex 0.734091 0.461591 0.472221
endloop
endfacet
facet normal -0.224809 -0.741140 -0.632592
outer loop
vertex 0.743103 0.465324 0.464645
vertex 0.734091 0.461591 0.472221
vertex 0.736470 0.467336 0.464645
endloop
endfacet
facet normal -0.224830 -0.741243 0.632464
outer loop
vertex 0.741890 0.459226 0.527778
vertex 0.743103 0.465324 0.535356
vertex 0.736470 0.467336 0.535356
endloop
endfacet
facet normal -0.224780 -0.741224 0.632504
outer loop
vertex 0.741890 0.459226 0.527778
vertex 0.736470 0.467336 0.535356
vertex 0.734091 0.461591 0.527778
endloop
endfacet
facet normal -0.184676 -0.608836 -0.771501
outer loop
vertex 0.744581 0.472755 0.458427
vertex 0.743103 0.465324 0.464645
vertex 0.736470 0.467336 0.464645
endloop
endfacet
facet normal -0.184680 -0.608845 -0.771493
outer loop
vertex 0.744581 0.472755 0.458427
vertex 0.736470 0.467336 0.464645
vertex 0.739369 0.474336 0.458427
endloop
endfacet
facet normal -0.256186 -0.844798 0.469772
outer loop
vertex 0.740988 0.454693 0.519134
vertex 0.741890 0.459226 0.527778
vertex 0.734091 0.461591 0.527778
endloop
endfacet
facet normal -0.256390 -0.844827 0.469608
outer loop
vertex 0.740988 0.454693 0.519134
vertex 0.734091 0.461591 0.527778
vertex 0.732322 0.457323 0.519134
endloop
endfacet
facet normal -0.137353 -0.452812 -0.880963
outer loop
vertex 0.746267 0.481234 0.453806
vertex 0.744581 0.472755 0.458427
vertex 0.739369 0.474336 0.458427
endloop
endfacet
facet normal -0.137254 -0.452899 -0.880933
outer loop
vertex 0.746267 0.481234 0.453806
vertex 0.739369 0.474336 0.458427
vertex 0.742677 0.482322 0.453806
endloop
endfacet
facet normal -0.278017 -0.916094 0.288925
outer loop
vertex 0.740433 0.451903 0.509754
vertex 0.740988 0.454693 0.519134
vertex 0.732322 0.457323 0.519134
endloop
endfacet
facet normal -0.277851 -0.916092 0.289092
outer loop
vertex 0.740433 0.451903 0.509754
vertex 0.732322 0.457323 0.519134
vertex 0.731234 0.454693 0.509754
endloop
endfacet
facet normal -0.299905 -0.561043 0.771549
outer loop
vertex 0.736470 0.467336 0.535356
vertex 0.739369 0.474336 0.541573
vertex 0.734567 0.476903 0.541573
endloop
endfacet
facet normal -0.299853 -0.561030 0.771578
outer loop
vertex 0.736470 0.467336 0.535356
vertex 0.734567 0.476903 0.541573
vertex 0.730357 0.470603 0.535356
endloop
endfacet
facet normal -0.365080 -0.683037 -0.632596
outer loop
vertex 0.736470 0.467336 0.464645
vertex 0.734091 0.461591 0.472221
vertex 0.726903 0.465433 0.472221
endloop
endfacet
facet normal -0.365058 -0.683069 -0.632574
outer loop
vertex 0.736470 0.467336 0.464645
vertex 0.726903 0.465433 0.472221
vertex 0.730357 0.470603 0.464645
endloop
endfacet
facet normal -0.365079 -0.683127 0.632498
outer loop
vertex 0.734091 0.461591 0.527778
vertex 0.736470 0.467336 0.535356
vertex 0.730357 0.470603 0.535356
endloop
endfacet
facet normal -0.365135 -0.683119 0.632475
outer loop
vertex 0.734091 0.461591 0.527778
vertex 0.730357 0.470603 0.535356
vertex 0.726903 0.465433 0.527778
endloop
endfacet
facet normal -0.299882 -0.561111 -0.771508
outer loop
vertex 0.739369 0.474336 0.458427
vertex 0.736470 0.467336 0.464645
vertex 0.730357 0.470603 0.464645
endloop
endfacet
facet normal -0.299932 -0.561067 -0.771521
outer loop
vertex 0.739369 0.474336 0.458427
vertex 0.730357 0.470603 0.464645
vertex 0.734567 0.476903 0.458427
endloop
endfacet
facet normal -0.416170 -0.778632 0.469611
outer loop
vertex 0.732322 0.457323 0.519134
vertex 0.734091 0.461591 0.527778
vertex 0.726903 0.465433 0.527778
endloop
endfacet
facet normal -0.416132 -0.778625 0.469657
outer loop
vertex 0.732322 0.457323 0.519134
vertex 0.726903 0.465433 0.527778
vertex 0.724336 0.461591 0.519134
endloop
endfacet
facet normal -0.223101 -0.417336 -0.880940
outer loop
vertex 0.742677 0.482322 0.453806
vertex 0.739369 0.474336 0.458427
vertex 0.734567 0.476903 0.458427
endloop
endfacet
facet normal -0.223135 -0.417276 -0.880961
outer loop
vertex 0.742677 0.482322 0.453806
vertex 0.734567 0.476903 0.458427
vertex 0.739369 0.484091 0.453806
endloop
endfacet
facet normal -0.451213 -0.844305 0.289059
outer loop
vertex 0.731234 0.454693 0.509754
vertex 0.732322 0.457323 0.519134
vertex 0.724336 0.461591 0.519134
endloop
endfacet
facet normal -0.451370 -0.844262 0.288942
outer loop
vertex 0.731234 0.454693 0.509754
vertex 0.724336 0.461591 0.519134
vertex 0.722755 0.459226 0.509754
endloop
endfacet
facet normal -0.137527 -0.257169 -0.956530
outer loop
vertex 0.746267 0.490988 0.450960
vertex 0.742677 0.482322 0.453806
vertex 0.739369 0.484091 0.453806
endloop
endfacet
facet normal -0.137564 -0.257137 -0.956534
outer loop
vertex 0.746267 0.490988 0.450960
vertex 0.739369 0.484091 0.453806
vertex 0.744581 0.491890 0.450960
endloop
endfacet
facet normal -0.469222 -0.877680 0.097516
outer loop
vertex 0.730866 0.453806 0.500000
vertex 0.731234 0.454693 0.509754
vertex 0.722755 0.459226 0.509754
endloop
endfacet
facet normal -0.469164 -0.877703 0.097588
outer loop
vertex 0.730866 0.453806 0.500000
vertex 0.722755 0.459226 0.509754
vertex 0.722221 0.458427 0.500000
endloop
endfacet
facet normal -0.046485 -0.086866 0.995135
outer loop
vertex 0.746267 0.490988 0.549039
vertex 0.750000 0.500000 0.550000
vertex 0.744581 0.491890 0.549039
endloop
endfacet
facet normal -0.046395 -0.086780 -0.995147
outer loop
vertex 0.750000 0.500000 0.450000
vertex 0.746267 0.490988 0.450960
vertex 0.744581 0.491890 0.450960
endloop
endfacet
facet normal -0.469157 -0.877715 -0.097511
outer loop
vertex 0.731234 0.454693 0.490245
vertex 0.730866 0.453806 0.500000
vertex 0.722221 0.458427 0.500000
endloop
endfacet
facet normal -0.469225 -0.877672 -0.097567
outer loop
vertex 0.731234 0.454693 0.490245
vertex 0.722221 0.458427 0.500000
vertex 0.722755 0.459226 0.490245
endloop
endfacet
facet normal -0.137543 -0.257082 0.956551
outer loop
vertex 0.742677 0.482322 0.546194
vertex 0.746267 0.490988 0.549039
vertex 0.744581 0.491890 0.549039
endloop
endfacet
facet normal -0.137452 -0.257083 0.956565
outer loop
vertex 0.742677 0.482322 0.546194
vertex 0.744581 0.491890 0.549039
vertex 0.739369 0.484091 0.546194
endloop
endfacet
facet normal -0.451332 -0.844233 -0.289085
outer loop
vertex 0.732322 0.457323 0.480866
vertex 0.731234 0.454693 0.490245
vertex 0.722755 0.459226 0.490245
endloop
endfacet
facet normal -0.451243 -0.844319 -0.288974
outer loop
vertex 0.732322 0.457323 0.480866
vertex 0.722755 0.459226 0.490245
vertex 0.724336 0.461591 0.480866
endloop
endfacet
facet normal -0.223148 -0.417286 0.880953
outer loop
vertex 0.739369 0.474336 0.541573
vertex 0.742677 0.482322 0.546194
vertex 0.739369 0.484091 0.546194
endloop
endfacet
facet normal -0.223086 -0.417307 0.880958
outer loop
vertex 0.739369 0.474336 0.541573
vertex 0.739369 0.484091 0.546194
vertex 0.734567 0.476903 0.541573
endloop
endfacet
facet normal -0.416142 -0.778672 -0.469571
outer loop
vertex 0.734091 0.461591 0.472221
vertex 0.732322 0.457323 0.480866
vertex 0.724336 0.461591 0.480866
endloop
endfacet
facet normal -0.416183 -0.778620 -0.469619
outer loop
vertex 0.734091 0.461591 0.472221
vertex 0.724336 0.461591 0.480866
vertex 0.726903 0.465433 0.472221
endloop
endfacet
facet normal -0.631333 -0.769347 0.097593
outer loop
vertex 0.722221 0.458427 0.500000
vertex 0.722755 0.459226 0.509754
vertex 0.715324 0.465324 0.509754
endloop
endfacet
facet normal -0.631404 -0.769300 0.097507
outer loop
vertex 0.722221 0.458427 0.500000
vertex 0.715324 0.465324 0.509754
vertex 0.714645 0.464645 0.500000
endloop
endfacet
facet normal -0.062471 -0.076153 0.995137
outer loop
vertex 0.744581 0.491890 0.549039
vertex 0.750000 0.500000 0.550000
vertex 0.743103 0.493103 0.549039
endloop
endfacet
facet normal -0.062439 -0.076072 -0.995145
outer loop
vertex 0.750000 0.500000 0.450000
vertex 0.744581 0.491890 0.450960
vertex 0.743103 0.493103 0.450960
endloop
endfacet
facet normal -0.631402 -0.769292 -0.097576
outer loop
vertex 0.722755 0.459226 0.490245
vertex 0.722221 0.458427 0.500000
vertex 0.714645 0.464645 0.500000
endloop
endfacet
facet normal -0.631338 -0.769355 -0.097496
outer loop
vertex 0.722755 0.459226 0.490245
vertex 0.714645 0.464645 0.500000
vertex 0.715324 0.465324 0.490245
endloop
endfacet
facet normal -0.184970 -0.225349 0.956558
outer loop
vertex 0.739369 0.484091 0.546194
vertex 0.744581 0.491890 0.549039
vertex 0.743103 0.493103 0.549039
endloop
endfacet
facet normal -0.184923 -0.225359 0.956565
outer loop
vertex 0.739369 0.484091 0.546194
vertex 0.743103 0.493103 0.549039
vertex 0.736470 0.486470 0.546194
endloop
endfacet
facet normal -0.607297 -0.740053 -0.288985
outer loop
vertex 0.724336 0.461591 0.480866
vertex 0.722755 0.459226 0.490245
vertex 0.715324 0.465324 0.490245
endloop
endfacet
facet normal -0.607329 -0.740010 -0.289026
outer loop
vertex 0.724336 0.461591 0.480866
vertex 0.715324 0.465324 0.490245
vertex 0.717336 0.467336 0.480866
endloop
endfacet
facet normal -0.300183 -0.365802 0.880954
outer loop
vertex 0.734567 0.476903 0.541573
vertex 0.739369 0.484091 0.546194
vertex 0.736470 0.486470 0.546194
endloop
endfacet
facet normal -0.300130 -0.365811 0.880968
outer loop
vertex 0.734567 0.476903 0.541573
vertex 0.736470 0.486470 0.546194
vertex 0.730357 0.480357 0.541573
endloop
endfacet
facet normal -0.560101 -0.682460 -0.469613
outer loop
vertex 0.726903 0.465433 0.472221
vertex 0.724336 0.461591 0.480866
vertex 0.717336 0.467336 0.480866
endloop
endfacet
facet normal -0.560075 -0.682508 -0.469572
outer loop
vertex 0.726903 0.465433 0.472221
vertex 0.717336 0.467336 0.480866
vertex 0.720603 0.470603 0.472221
endloop
endfacet
facet normal -0.403475 -0.491798 0.771584
outer loop
vertex 0.730357 0.470603 0.535356
vertex 0.734567 0.476903 0.541573
vertex 0.730357 0.480357 0.541573
endloop
endfacet
facet normal -0.403637 -0.491757 0.771526
outer loop
vertex 0.730357 0.470603 0.535356
vertex 0.730357 0.480357 0.541573
vertex 0.725000 0.475000 0.535356
endloop
endfacet
facet normal -0.491318 -0.598715 -0.632571
outer loop
vertex 0.730357 0.470603 0.464645
vertex 0.726903 0.465433 0.472221
vertex 0.720603 0.470603 0.472221
endloop
endfacet
facet normal -0.491358 -0.598633 -0.632619
outer loop
vertex 0.730357 0.470603 0.464645
vertex 0.720603 0.470603 0.472221
vertex 0.725000 0.475000 0.464645
endloop
endfacet
facet normal -0.491438 -0.598722 0.632472
outer loop
vertex 0.726903 0.465433 0.527778
vertex 0.730357 0.470603 0.535356
vertex 0.725000 0.475000 0.535356
endloop
endfacet
facet normal -0.491355 -0.598752 0.632508
outer loop
vertex 0.726903 0.465433 0.527778
vertex 0.725000 0.475000 0.535356
vertex 0.720603 0.470603 0.527778
endloop
endfacet
facet normal -0.403640 -0.491746 -0.771532
outer loop
vertex 0.734567 0.476903 0.458427
vertex 0.730357 0.470603 0.464645
vertex 0.725000 0.475000 0.464645
endloop
endfacet
facet normal -0.403575 -0.491899 -0.771467
outer loop
vertex 0.734567 0.476903 0.458427
vertex 0.725000 0.475000 0.464645
vertex 0.730357 0.480357 0.458427
endloop
endfacet
facet normal -0.560052 -0.682469 0.469656
outer loop
vertex 0.724336 0.461591 0.519134
vertex 0.726903 0.465433 0.527778
vertex 0.720603 0.470603 0.527778
endloop
endfacet
facet normal -0.560097 -0.682459 0.469618
outer loop
vertex 0.724336 0.461591 0.519134
vertex 0.720603 0.470603 0.527778
vertex 0.717336 0.467336 0.519134
endloop
endfacet
facet normal -0.300149 -0.365837 -0.880950
outer loop
vertex 0.739369 0.484091 0.453806
vertex 0.734567 0.476903 0.458427
vertex 0.730357 0.480357 0.458427
endloop
endfacet
facet normal -0.300165 -0.365785 -0.880966
outer loop
vertex 0.739369 0.484091 0.453806
vertex 0.730357 0.480357 0.458427
vertex 0.736470 0.486470 0.453806
endloop
endfacet
facet normal -0.607339 -0.740033 0.288948
outer loop
vertex 0.722755 0.459226 0.509754
vertex 0.724336 0.461591 0.519134
vertex 0.717336 0.467336 0.519134
endloop
endfacet
facet normal -0.607297 -0.740049 0.288996
outer loop
vertex 0.722755 0.459226 0.509754
vertex 0.717336 0.467336 0.519134
vertex 0.715324 0.465324 0.509754
endloop
endfacet
facet normal -0.184993 -0.225426 -0.956536
outer loop
vertex 0.744581 0.491890 0.450960
vertex 0.739369 0.484091 0.453806
vertex 0.736470 0.486470 0.453806
endloop
endfacet
facet normal -0.184989 -0.225416 -0.956539
outer loop
vertex 0.744581 0.491890 0.450960
vertex 0.736470 0.486470 0.453806
vertex 0.743103 0.493103 0.450960
endloop
endfacet
facet normal -0.598685 -0.491298 -0.632615
outer loop
vertex 0.725000 0.475000 0.464645
vertex 0.720603 0.470603 0.472221
vertex 0.715433 0.476903 0.472221
endloop
endfacet
facet normal -0.598666 -0.491382 -0.632568
outer loop
vertex 0.725000 0.475000 0.464645
vertex 0.715433 0.476903 0.472221
vertex 0.720603 0.480357 0.464645
endloop
endfacet
facet normal -0.598694 -0.491415 0.632516
outer loop
vertex 0.720603 0.470603 0.527778
vertex 0.725000 0.475000 0.535356
vertex 0.720603 0.480357 0.535356
endloop
endfacet
facet normal -0.598779 -0.491369 0.632472
outer loop
vertex 0.720603 0.470603 0.527778
vertex 0.720603 0.480357 0.535356
vertex 0.715433 0.476903 0.527778
endloop
endfacet
facet normal -0.491793 -0.403681 -0.771480
outer loop
vertex 0.730357 0.480357 0.458427
vertex 0.725000 0.475000 0.464645
vertex 0.720603 0.480357 0.464645
endloop
endfacet
facet normal -0.491843 -0.403525 -0.771529
outer loop
vertex 0.730357 0.480357 0.458427
vertex 0.720603 0.480357 0.464645
vertex 0.726903 0.484567 0.458427
endloop
endfacet
facet normal -0.682486 -0.560061 0.469622
outer loop
vertex 0.717336 0.467336 0.519134
vertex 0.720603 0.470603 0.527778
vertex 0.715433 0.476903 0.527778
endloop
endfacet
facet normal -0.682437 -0.560094 0.469655
outer loop
vertex 0.717336 0.467336 0.519134
vertex 0.715433 0.476903 0.527778
vertex 0.711591 0.474336 0.519134
endloop
endfacet
facet normal -0.365829 -0.300130 -0.880960
outer loop
vertex 0.736470 0.486470 0.453806
vertex 0.730357 0.480357 0.458427
vertex 0.726903 0.484567 0.458427
endloop
endfacet
facet normal -0.365800 -0.300175 -0.880957
outer loop
vertex 0.736470 0.486470 0.453806
vertex 0.726903 0.484567 0.458427
vertex 0.734091 0.489369 0.453806
endloop
endfacet
facet normal -0.740010 -0.607343 0.288998
outer loop
vertex 0.715324 0.465324 0.509754
vertex 0.717336 0.467336 0.519134
vertex 0.711591 0.474336 0.519134
endloop
endfacet
facet normal -0.740063 -0.607299 0.288953
outer loop
vertex 0.715324 0.465324 0.509754
vertex 0.711591 0.474336 0.519134
vertex 0.709226 0.472755 0.509754
endloop
endfacet
facet normal -0.225431 -0.184984 -0.956536
outer loop
vertex 0.743103 0.493103 0.450960
vertex 0.736470 0.486470 0.453806
vertex 0.734091 0.489369 0.453806
endloop
endfacet
facet normal -0.225433 -0.185008 -0.956531
outer loop
vertex 0.743103 0.493103 0.450960
vertex 0.734091 0.489369 0.453806
vertex 0.741890 0.494581 0.450960
endloop
endfacet
facet normal -0.769350 -0.631344 0.097500
outer loop
vertex 0.714645 0.464645 0.500000
vertex 0.715324 0.465324 0.509754
vertex 0.709226 0.472755 0.509754
endloop
endfacet
facet normal -0.769296 -0.631396 0.097584
outer loop
vertex 0.714645 0.464645 0.500000
vertex 0.709226 0.472755 0.509754
vertex 0.708427 0.472221 0.500000
endloop
endfacet
facet normal -0.076153 -0.062502 0.995135
outer loop
vertex 0.743103 0.493103 0.549039
vertex 0.750000 0.500000 0.550000
vertex 0.741890 0.494581 0.549039
endloop
endfacet
facet normal -0.076091 -0.062446 -0.995144
outer loop
vertex 0.750000 0.500000 0.450000
vertex 0.743103 0.493103 0.450960
vertex 0.741890 0.494581 0.450960
endloop
endfacet
facet normal -0.769300 -0.631405 -0.097498
outer loop
vertex 0.715324 0.465324 0.490245
vertex 0.714645 0.464645 0.500000
vertex 0.708427 0.472221 0.500000
endloop
endfacet
facet normal -0.769348 -0.631334 -0.097572
outer loop
vertex 0.715324 0.465324 0.490245
vertex 0.708427 0.472221 0.500000
vertex 0.709226 0.472755 0.490245
endloop
endfacet
facet normal -0.225372 -0.184940 0.956559
outer loop
vertex 0.736470 0.486470 0.546194
vertex 0.743103 0.493103 0.549039
vertex 0.741890 0.494581 0.549039
endloop
endfacet
facet normal -0.225361 -0.184938 0.956562
outer loop
vertex 0.736470 0.486470 0.546194
vertex 0.741890 0.494581 0.549039
vertex 0.734091 0.489369 0.546194
endloop
endfacet
facet normal -0.740046 -0.607280 -0.289039
outer loop
vertex 0.717336 0.467336 0.480866
vertex 0.715324 0.465324 0.490245
vertex 0.709226 0.472755 0.490245
endloop
endfacet
facet normal -0.740012 -0.607351 -0.288976
outer loop
vertex 0.717336 0.467336 0.480866
vertex 0.709226 0.472755 0.490245
vertex 0.711591 0.474336 0.480866
endloop
endfacet
facet normal -0.365785 -0.300158 0.880969
outer loop
vertex 0.730357 0.480357 0.541573
vertex 0.736470 0.486470 0.546194
vertex 0.734091 0.489369 0.546194
endloop
endfacet
facet normal -0.365828 -0.300136 0.880959
outer loop
vertex 0.730357 0.480357 0.541573
vertex 0.734091 0.489369 0.546194
vertex 0.726903 0.484567 0.541573
endloop
endfacet
facet normal -0.682474 -0.560106 -0.469584
outer loop
vertex 0.720603 0.470603 0.472221
vertex 0.717336 0.467336 0.480866
vertex 0.711591 0.474336 0.480866
endloop
endfacet
facet normal -0.682487 -0.560069 -0.469611
outer loop
vertex 0.720603 0.470603 0.472221
vertex 0.711591 0.474336 0.480866
vertex 0.715433 0.476903 0.472221
endloop
endfacet
facet normal -0.491844 -0.403531 0.771526
outer loop
vertex 0.725000 0.475000 0.535356
vertex 0.730357 0.480357 0.541573
vertex 0.726903 0.484567 0.541573
endloop
endfacet
facet normal -0.491710 -0.403601 0.771575
outer loop
vertex 0.725000 0.475000 0.535356
vertex 0.726903 0.484567 0.541573
vertex 0.720603 0.480357 0.535356
endloop
endfacet
facet normal -0.086881 -0.046467 0.995134
outer loop
vertex 0.741890 0.494581 0.549039
vertex 0.750000 0.500000 0.550000
vertex 0.740988 0.496267 0.549039
endloop
endfacet
facet normal -0.086776 -0.046419 -0.995146
outer loop
vertex 0.750000 0.500000 0.450000
vertex 0.741890 0.494581 0.450960
vertex 0.740988 0.496267 0.450960
endloop
endfacet
facet normal -0.877707 -0.469159 -0.097574
outer loop
vertex 0.709226 0.472755 0.490245
vertex 0.708427 0.472221 0.500000
vertex 0.703806 0.480866 0.500000
endloop
endfacet
facet normal -0.877678 -0.469227 -0.097507
outer loop
vertex 0.709226 0.472755 0.490245
vertex 0.703806 0.480866 0.500000
vertex 0.704693 0.481234 0.490245
endloop
endfacet
facet normal -0.257027 -0.137497 0.956573
outer loop
vertex 0.734091 0.489369 0.546194
vertex 0.741890 0.494581 0.549039
vertex 0.740988 0.496267 0.549039
endloop
endfacet
facet normal -0.257087 -0.137492 0.956557
outer loop
vertex 0.734091 0.489369 0.546194
vertex 0.740988 0.496267 0.549039
vertex 0.732322 0.492677 0.546194
endloop
endfacet
facet normal -0.844265 -0.451345 -0.288971
outer loop
vertex 0.711591 0.474336 0.480866
vertex 0.709226 0.472755 0.490245
vertex 0.704693 0.481234 0.490245
endloop
endfacet
facet normal -0.844286 -0.451224 -0.289099
outer loop
vertex 0.711591 0.474336 0.480866
vertex 0.704693 0.481234 0.490245
vertex 0.707323 0.482322 0.480866
endloop
endfacet
facet normal -0.417263 -0.223148 0.880964
outer loop
vertex 0.726903 0.484567 0.541573
vertex 0.734091 0.489369 0.546194
vertex 0.732322 0.492677 0.546194
endloop
endfacet
facet normal -0.417337 -0.223091 0.880943
outer loop
vertex 0.726903 0.484567 0.541573
vertex 0.732322 0.492677 0.546194
vertex 0.724336 0.489369 0.541573
endloop
endfacet
facet normal -0.778647 -0.416147 -0.469606
outer loop
vertex 0.715433 0.476903 0.472221
vertex 0.711591 0.474336 0.480866
vertex 0.707323 0.482322 0.480866
endloop
endfacet
facet normal -0.778650 -0.416172 -0.469580
outer loop
vertex 0.715433 0.476903 0.472221
vertex 0.707323 0.482322 0.480866
vertex 0.711591 0.484091 0.472221
endloop
endfacet
facet normal -0.561015 -0.299881 0.771579
outer loop
vertex 0.720603 0.480357 0.535356
vertex 0.726903 0.484567 0.541573
vertex 0.724336 0.489369 0.541573
endloop
endfacet
facet normal -0.561067 -0.299844 0.771555
outer loop
vertex 0.720603 0.480357 0.535356
vertex 0.724336 0.489369 0.541573
vertex 0.717336 0.486470 0.535356
endloop
endfacet
facet normal -0.683051 -0.365099 -0.632569
outer loop
vertex 0.720603 0.480357 0.464645
vertex 0.715433 0.476903 0.472221
vertex 0.711591 0.484091 0.472221
endloop
endfacet
facet normal -0.683047 -0.365044 -0.632605
outer loop
vertex 0.720603 0.480357 0.464645
vertex 0.711591 0.484091 0.472221
vertex 0.717336 0.486470 0.464645
endloop
endfacet
facet normal -0.683140 -0.365097 0.632474
outer loop
vertex 0.715433 0.476903 0.527778
vertex 0.720603 0.480357 0.535356
vertex 0.717336 0.486470 0.535356
endloop
endfacet
facet normal -0.683106 -0.365132 0.632491
outer loop
vertex 0.715433 0.476903 0.527778
vertex 0.717336 0.486470 0.535356
vertex 0.711591 0.484091 0.527778
endloop
endfacet
facet normal -0.561089 -0.299864 -0.771531
outer loop
vertex 0.726903 0.484567 0.458427
vertex 0.720603 0.480357 0.464645
vertex 0.717336 0.486470 0.464645
endloop
endfacet
facet normal -0.561104 -0.299934 -0.771493
outer loop
vertex 0.726903 0.484567 0.458427
vertex 0.717336 0.486470 0.464645
vertex 0.724336 0.489369 0.458427
endloop
endfacet
facet normal -0.778608 -0.416164 0.469656
outer loop
vertex 0.711591 0.474336 0.519134
vertex 0.715433 0.476903 0.527778
vertex 0.711591 0.484091 0.527778
endloop
endfacet
facet normal -0.778646 -0.416134 0.469620
outer loop
vertex 0.711591 0.474336 0.519134
vertex 0.711591 0.484091 0.527778
vertex 0.707323 0.482322 0.519134
endloop
endfacet
facet normal -0.417317 -0.223095 -0.880951
outer loop
vertex 0.734091 0.489369 0.453806
vertex 0.726903 0.484567 0.458427
vertex 0.724336 0.489369 0.458427
endloop
endfacet
facet normal -0.417314 -0.223152 -0.880938
outer loop
vertex 0.734091 0.489369 0.453806
vertex 0.724336 0.489369 0.458427
vertex 0.732322 0.492677 0.453806
endloop
endfacet
facet normal -0.844329 -0.451247 0.288938
outer loop
vertex 0.709226 0.472755 0.509754
vertex 0.711591 0.474336 0.519134
vertex 0.707323 0.482322 0.519134
endloop
endfacet
facet normal -0.844238 -0.451340 0.289058
outer loop
vertex 0.709226 0.472755 0.509754
vertex 0.707323 0.482322 0.519134
vertex 0.704693 0.481234 0.509754
endloop
endfacet
facet normal -0.257146 -0.137521 -0.956538
outer loop
vertex 0.741890 0.494581 0.450960
vertex 0.734091 0.489369 0.453806
vertex 0.732322 0.492677 0.453806
endloop
endfacet
facet normal -0.257139 -0.137553 -0.956535
outer loop
vertex 0.741890 0.494581 0.450960
vertex 0.732322 0.492677 0.453806
vertex 0.740988 0.496267 0.450960
endloop
endfacet
facet normal -0.877672 -0.469222 0.097583
outer loop
vertex 0.708427 0.472221 0.500000
vertex 0.709226 0.472755 0.509754
vertex 0.704693 0.481234 0.509754
endloop
endfacet
facet normal -0.877709 -0.469165 0.097520
outer loop
vertex 0.708427 0.472221 0.500000
vertex 0.704693 0.481234 0.509754
vertex 0.703806 0.480866 0.500000
endloop
endfacet
facet normal -0.741210 -0.224829 0.632503
outer loop
vertex 0.711591 0.484091 0.527778
vertex 0.717336 0.486470 0.535356
vertex 0.715324 0.493103 0.535356
endloop
endfacet
facet normal -0.741258 -0.224775 0.632466
outer loop
vertex 0.711591 0.484091 0.527778
vertex 0.715324 0.493103 0.535356
vertex 0.709226 0.491890 0.527778
endloop
endfacet
facet normal -0.608838 -0.184675 -0.771499
outer loop
vertex 0.724336 0.489369 0.458427
vertex 0.717336 0.486470 0.464645
vertex 0.715324 0.493103 0.464645
endloop
endfacet
facet normal -0.608827 -0.184688 -0.771505
outer loop
vertex 0.724336 0.489369 0.458427
vertex 0.715324 0.493103 0.464645
vertex 0.722755 0.494581 0.458427
endloop
endfacet
facet normal -0.844889 -0.256212 0.469593
outer loop
vertex 0.707323 0.482322 0.519134
vertex 0.711591 0.484091 0.527778
vertex 0.709226 0.491890 0.527778
endloop
endfacet
facet normal -0.844756 -0.256370 0.469747
outer loop
vertex 0.707323 0.482322 0.519134
vertex 0.709226 0.491890 0.527778
vertex 0.704693 0.490988 0.519134
endloop
endfacet
facet normal -0.452847 -0.137372 -0.880942
outer loop
vertex 0.732322 0.492677 0.453806
vertex 0.724336 0.489369 0.458427
vertex 0.722755 0.494581 0.458427
endloop
endfacet
facet normal -0.452834 -0.137227 -0.880971
outer loop
vertex 0.732322 0.492677 0.453806
vertex 0.722755 0.494581 0.458427
vertex 0.731234 0.496267 0.453806
endloop
endfacet
facet normal -0.916048 -0.277999 0.289090
outer loop
vertex 0.704693 0.481234 0.509754
vertex 0.707323 0.482322 0.519134
vertex 0.704693 0.490988 0.519134
endloop
endfacet
facet normal -0.916134 -0.277874 0.288936
outer loop
vertex 0.704693 0.481234 0.509754
vertex 0.704693 0.490988 0.519134
vertex 0.701903 0.490433 0.509754
endloop
endfacet
facet normal -0.279097 -0.084578 -0.956531
outer loop
vertex 0.740988 0.496267 0.450960
vertex 0.732322 0.492677 0.453806
vertex 0.731234 0.496267 0.453806
endloop
endfacet
facet normal -0.279081 -0.084664 -0.956528
outer loop
vertex 0.740988 0.496267 0.450960
vertex 0.731234 0.496267 0.453806
vertex 0.740433 0.498097 0.450960
endloop
endfacet
facet normal -0.952394 -0.288853 0.097513
outer loop
vertex 0.703806 0.480866 0.500000
vertex 0.704693 0.481234 0.509754
vertex 0.701903 0.490433 0.509754
endloop
endfacet
facet normal -0.952341 -0.288985 0.097640
outer loop
vertex 0.703806 0.480866 0.500000
vertex 0.701903 0.490433 0.509754
vertex 0.700960 0.490245 0.500000
endloop
endfacet
facet normal -0.094269 -0.028594 0.995136
outer loop
vertex 0.740988 0.496267 0.549039
vertex 0.750000 0.500000 0.550000
vertex 0.740433 0.498097 0.549039
endloop
endfacet
facet normal -0.094177 -0.028563 -0.995146
outer loop
vertex 0.750000 0.500000 0.450000
vertex 0.740988 0.496267 0.450960
vertex 0.740433 0.498097 0.450960
endloop
endfacet
facet normal -0.952356 -0.288983 -0.097502
outer loop
vertex 0.704693 0.481234 0.490245
vertex 0.703806 0.480866 0.500000
vertex 0.700960 0.490245 0.500000
endloop
endfacet
facet normal -0.952383 -0.288850 -0.097631
outer loop
vertex 0.704693 0.481234 0.490245
vertex 0.700960 0.490245 0.500000
vertex 0.701903 0.490433 0.490245
endloop
endfacet
facet normal -0.278975 -0.084612 0.956563
outer loop
vertex 0.732322 0.492677 0.546194
vertex 0.740988 0.496267 0.549039
vertex 0.740433 0.498097 0.549039
endloop
endfacet
facet normal -0.279019 -0.084555 0.956556
outer loop
vertex 0.732322 0.492677 0.546194
vertex 0.740433 0.498097 0.549039
vertex 0.731234 0.496267 0.546194
endloop
endfacet
facet normal -0.916085 -0.277852 -0.289112
outer loop
vertex 0.707323 0.482322 0.480866
vertex 0.704693 0.481234 0.490245
vertex 0.701903 0.490433 0.490245
endloop
endfacet
facet normal -0.916082 -0.278013 -0.288969
outer loop
vertex 0.707323 0.482322 0.480866
vertex 0.701903 0.490433 0.490245
vertex 0.704693 0.490988 0.480866
endloop
endfacet
facet normal -0.452879 -0.137258 0.880943
outer loop
vertex 0.724336 0.489369 0.541573
vertex 0.732322 0.492677 0.546194
vertex 0.731234 0.496267 0.546194
endloop
endfacet
facet normal -0.452796 -0.137344 0.880973
outer loop
vertex 0.724336 0.489369 0.541573
vertex 0.731234 0.496267 0.546194
vertex 0.722755 0.494581 0.541573
endloop
endfacet
facet normal -0.844851 -0.256400 -0.469559
outer loop
vertex 0.711591 0.484091 0.472221
vertex 0.707323 0.482322 0.480866
vertex 0.704693 0.490988 0.480866
endloop
endfacet
facet normal -0.844826 -0.256199 -0.469715
outer loop
vertex 0.711591 0.484091 0.472221
vertex 0.704693 0.490988 0.480866
vertex 0.709226 0.491890 0.472221
endloop
endfacet
facet normal -0.608768 -0.184682 0.771553
outer loop
vertex 0.717336 0.486470 0.535356
vertex 0.724336 0.489369 0.541573
vertex 0.722755 0.494581 0.541573
endloop
endfacet
facet normal -0.608777 -0.184661 0.771551
outer loop
vertex 0.717336 0.486470 0.535356
vertex 0.722755 0.494581 0.541573
vertex 0.715324 0.493103 0.535356
endloop
endfacet
facet normal -0.741150 -0.224731 -0.632608
outer loop
vertex 0.717336 0.486470 0.464645
vertex 0.711591 0.484091 0.472221
vertex 0.709226 0.491890 0.472221
endloop
endfacet
facet normal -0.741164 -0.224821 -0.632560
outer loop
vertex 0.717336 0.486470 0.464645
vertex 0.709226 0.491890 0.472221
vertex 0.715324 0.493103 0.464645
endloop
endfacet
facet normal -0.990437 -0.097486 -0.097622
outer loop
vertex 0.701903 0.490433 0.490245
vertex 0.700960 0.490245 0.500000
vertex 0.700000 0.500000 0.500000
endloop
endfacet
facet normal -0.990439 -0.097524 -0.097573
outer loop
vertex 0.701903 0.490433 0.490245
vertex 0.700000 0.500000 0.500000
vertex 0.700961 0.500000 0.490245
endloop
endfacet
facet normal -0.290161 -0.028674 0.956548
outer loop
vertex 0.731234 0.496267 0.546194
vertex 0.740433 0.498097 0.549039
vertex 0.740245 0.500000 0.549039
endloop
endfacet
facet normal -0.290154 -0.028599 0.956553
outer loop
vertex 0.731234 0.496267 0.546194
vertex 0.740245 0.500000 0.549039
vertex 0.730866 0.500000 0.546194
endloop
endfacet
facet normal -0.952731 -0.093814 -0.288967
outer loop
vertex 0.704693 0.490988 0.480866
vertex 0.701903 0.490433 0.490245
vertex 0.700961 0.500000 0.490245
endloop
endfacet
facet normal -0.952728 -0.093755 -0.288996
outer loop
vertex 0.704693 0.490988 0.480866
vertex 0.700961 0.500000 0.490245
vertex 0.703806 0.500000 0.480866
endloop
endfacet
facet normal -0.470892 -0.046423 0.880969
outer loop
vertex 0.722755 0.494581 0.541573
vertex 0.731234 0.496267 0.546194
vertex 0.730866 0.500000 0.546194
endloop
endfacet
facet normal -0.470896 -0.046393 0.880968
outer loop
vertex 0.722755 0.494581 0.541573
vertex 0.730866 0.500000 0.546194
vertex 0.722221 0.500000 0.541573
endloop
endfacet
facet normal -0.878579 -0.086467 -0.469704
outer loop
vertex 0.709226 0.491890 0.472221
vertex 0.704693 0.490988 0.480866
vertex 0.703806 0.500000 0.480866
endloop
endfacet
facet normal -0.878604 -0.086564 -0.469641
outer loop
vertex 0.709226 0.491890 0.472221
vertex 0.703806 0.500000 0.480866
vertex 0.708427 0.500000 0.472221
endloop
endfacet
facet normal -0.633092 -0.062375 0.771560
outer loop
vertex 0.715324 0.493103 0.535356
vertex 0.722755 0.494581 0.541573
vertex 0.722221 0.500000 0.541573
endloop
endfacet
facet normal -0.633133 -0.062336 0.771529
outer loop
vertex 0.715324 0.493103 0.535356
vertex 0.722221 0.500000 0.541573
vertex 0.714645 0.500000 0.535356
endloop
endfacet
facet normal -0.770776 -0.075942 -0.632564
outer loop
vertex 0.715324 0.493103 0.464645
vertex 0.709226 0.491890 0.472221
vertex 0.708427 0.500000 0.472221
endloop
endfacet
facet normal -0.770754 -0.075874 -0.632599
outer loop
vertex 0.715324 0.493103 0.464645
vertex 0.708427 0.500000 0.472221
vertex 0.714645 0.500000 0.464645
endloop
endfacet
facet normal -0.770866 -0.075892 0.632460
outer loop
vertex 0.709226 0.491890 0.527778
vertex 0.715324 0.493103 0.535356
vertex 0.714645 0.500000 0.535356
endloop
endfacet
facet normal -0.770834 -0.075927 0.632495
outer loop
vertex 0.709226 0.491890 0.527778
vertex 0.714645 0.500000 0.535356
vertex 0.708427 0.500000 0.527778
endloop
endfacet
facet normal -0.633171 -0.062329 -0.771498
outer loop
vertex 0.722755 0.494581 0.458427
vertex 0.715324 0.493103 0.464645
vertex 0.714645 0.500000 0.464645
endloop
endfacet
facet normal -0.633186 -0.062409 -0.771479
outer loop
vertex 0.722755 0.494581 0.458427
vertex 0.714645 0.500000 0.464645
vertex 0.722221 0.500000 0.458427
endloop
endfacet
facet normal -0.878545 -0.086545 0.469753
outer loop
vertex 0.704693 0.490988 0.519134
vertex 0.709226 0.491890 0.527778
vertex 0.708427 0.500000 0.527778
endloop
endfacet
facet normal -0.878587 -0.086479 0.469687
outer loop
vertex 0.704693 0.490988 0.519134
vertex 0.708427 0.500000 0.527778
vertex 0.703806 0.500000 0.519134
endloop
endfacet
facet normal -0.470902 -0.046411 -0.880964
outer loop
vertex 0.731234 0.496267 0.453806
vertex 0.722755 0.494581 0.458427
vertex 0.722221 0.500000 0.458427
endloop
endfacet
facet normal -0.470896 -0.046397 -0.880968
outer loop
vertex 0.731234 0.496267 0.453806
vertex 0.722221 0.500000 0.458427
vertex 0.730866 0.500000 0.453806
endloop
endfacet
facet normal -0.952746 -0.093766 0.288934
outer loop
vertex 0.701903 0.490433 0.509754
vertex 0.704693 0.490988 0.519134
vertex 0.703806 0.500000 0.519134
endloop
endfacet
facet normal -0.952733 -0.093803 0.288966
outer loop
vertex 0.701903 0.490433 0.509754
vertex 0.703806 0.500000 0.519134
vertex 0.700961 0.500000 0.509754
endloop
endfacet
facet normal -0.290245 -0.028623 -0.956524
outer loop
vertex 0.740433 0.498097 0.450960
vertex 0.731234 0.496267 0.453806
vertex 0.730866 0.500000 0.453806
endloop
endfacet
facet normal -0.290259 -0.028650 -0.956519
outer loop
vertex 0.740433 0.498097 0.450960
vertex 0.730866 0.500000 0.453806
vertex 0.740245 0.500000 0.450960
endloop
endfacet
facet normal -0.990434 -0.097514 0.097634
outer loop
vertex 0.700960 0.490245 0.500000
vertex 0.701903 0.490433 0.509754
vertex 0.700961 0.500000 0.509754
endloop
endfacet
facet normal -0.990441 -0.097487 0.097584
outer loop
vertex 0.700960 0.490245 0.500000
vertex 0.700961 0.500000 0.509754
vertex 0.700000 0.500000 0.500000
endloop
endfacet
facet normal -0.098026 -0.009679 0.995137
outer loop
vertex 0.740433 0.498097 0.549039
vertex 0.750000 0.500000 0.550000
vertex 0.740245 0.500000 0.549039
endloop
endfacet
facet normal -0.097926 -0.009679 -0.995147
outer loop
vertex 0.750000 0.500000 0.450000
vertex 0.740433 0.498097 0.450960
vertex 0.740245 0.500000 0.450960
endloop
endfacet
facet normal -0.633199 0.062337 -0.771474
outer loop
vertex 0.722221 0.500000 0.458427
vertex 0.714645 0.500000 0.464645
vertex 0.715324 0.506898 0.464645
endloop
endfacet
facet normal -0.633149 0.062387 -0.771512
outer loop
vertex 0.722221 0.500000 0.458427
vertex 0.715324 0.506898 0.464645
vertex 0.722755 0.505419 0.458427
endloop
endfacet
facet normal -0.878579 0.086560 0.469687
outer loop
vertex 0.703806 0.500000 0.519134
vertex 0.708427 0.500000 0.527778
vertex 0.709226 0.508110 0.527778
endloop
endfacet
facet normal -0.878556 0.086465 0.469749
outer loop
vertex 0.703806 0.500000 0.519134
vertex 0.709226 0.508110 0.527778
vertex 0.704693 0.509012 0.519134
endloop
endfacet
facet normal -0.470902 0.046393 -0.880965
outer loop
vertex 0.730866 0.500000 0.453806
vertex 0.722221 0.500000 0.458427
vertex 0.722755 0.505419 0.458427
endloop
endfacet
facet normal -0.470903 0.046423 -0.880963
outer loop
vertex 0.730866 0.500000 0.453806
vertex 0.722755 0.505419 0.458427
vertex 0.731234 0.503733 0.453806
endloop
endfacet
facet normal -0.952737 0.093765 0.288964
outer loop
vertex 0.700961 0.500000 0.509754
vertex 0.703806 0.500000 0.519134
vertex 0.704693 0.509012 0.519134
endloop
endfacet
facet normal -0.952742 0.093804 0.288935
outer loop
vertex 0.700961 0.500000 0.509754
vertex 0.704693 0.509012 0.519134
vertex 0.701903 0.509567 0.509754
endloop
endfacet
facet normal -0.290254 0.028612 -0.956522
outer loop
vertex 0.740245 0.500000 0.450960
vertex 0.730866 0.500000 0.453806
vertex 0.731234 0.503733 0.453806
endloop
endfacet
facet normal -0.290225 0.028672 -0.956529
outer loop
vertex 0.740245 0.500000 0.450960
vertex 0.731234 0.503733 0.453806
vertex 0.740433 0.501903 0.450960
endloop
endfacet
facet normal -0.990438 0.097523 0.097583
outer loop
vertex 0.700000 0.500000 0.500000
vertex 0.700961 0.500000 0.509754
vertex 0.701903 0.509567 0.509754
endloop
endfacet
facet normal -0.990438 0.097584 0.097521
outer loop
vertex 0.700000 0.500000 0.500000
vertex 0.701903 0.509567 0.509754
vertex 0.700961 0.509754 0.500000
endloop
endfacet
facet normal -0.098026 0.009679 0.995137
outer loop
vertex 0.740245 0.500000 0.549039
vertex 0.750000 0.500000 0.550000
vertex 0.740433 0.501903 0.549039
endloop
endfacet
facet normal -0.097926 0.009679 -0.995147
outer loop
vertex 0.750000 0.500000 0.450000
vertex 0.740245 0.500000 0.450960
vertex 0.740433 0.501903 0.450960
endloop
endfacet
facet normal -0.990432 0.097592 -0.097571
outer loop
vertex 0.700961 0.500000 0.490245
vertex 0.700000 0.500000 0.500000
vertex 0.700961 0.509754 0.500000
endloop
endfacet
facet normal -0.990445 0.097524 -0.097511
outer loop
vertex 0.700961 0.500000 0.490245
vertex 0.700961 0.509754 0.500000
vertex 0.701903 0.509567 0.490245
endloop
endfacet
facet normal -0.290150 0.028649 0.956552
outer loop
vertex 0.730866 0.500000 0.546194
vertex 0.740245 0.500000 0.549039
vertex 0.740433 0.501903 0.549039
endloop
endfacet
facet normal -0.290160 0.028612 0.956550
outer loop
vertex 0.730866 0.500000 0.546194
vertex 0.740433 0.501903 0.549039
vertex 0.731234 0.503733 0.546194
endloop
endfacet
facet normal -0.952724 0.093803 -0.288996
outer loop
vertex 0.703806 0.500000 0.480866
vertex 0.700961 0.500000 0.490245
vertex 0.701903 0.509567 0.490245
endloop
endfacet
facet normal -0.952736 0.093766 -0.288967
outer loop
vertex 0.703806 0.500000 0.480866
vertex 0.701903 0.509567 0.490245
vertex 0.704693 0.509012 0.480866
endloop
endfacet
facet normal -0.470902 0.046399 0.880964
outer loop
vertex 0.722221 0.500000 0.541573
vertex 0.730866 0.500000 0.546194
vertex 0.731234 0.503733 0.546194
endloop
endfacet
facet normal -0.470883 0.046410 0.880974
outer loop
vertex 0.722221 0.500000 0.541573
vertex 0.731234 0.503733 0.546194
vertex 0.722755 0.505419 0.541573
endloop
endfacet
facet normal -0.878607 0.086482 -0.469649
outer loop
vertex 0.708427 0.500000 0.472221
vertex 0.703806 0.500000 0.480866
vertex 0.704693 0.509012 0.480866
endloop
endfacet
facet normal -0.878569 0.086548 -0.469708
outer loop
vertex 0.708427 0.500000 0.472221
vertex 0.704693 0.509012 0.480866
vertex 0.709226 0.508110 0.472221
endloop
endfacet
facet normal -0.633130 0.062395 0.771526
outer loop
vertex 0.714645 0.500000 0.535356
vertex 0.722221 0.500000 0.541573
vertex 0.722755 0.505419 0.541573
endloop
endfacet
facet normal -0.633106 0.062311 0.771553
outer loop
vertex 0.714645 0.500000 0.535356
vertex 0.722755 0.505419 0.541573
vertex 0.715324 0.506898 0.535356
endloop
endfacet
facet normal -0.770748 0.075928 -0.632600
outer loop
vertex 0.714645 0.500000 0.464645
vertex 0.708427 0.500000 0.472221
vertex 0.709226 0.508110 0.472221
endloop
endfacet
facet normal -0.770791 0.075881 -0.632553
outer loop
vertex 0.714645 0.500000 0.464645
vertex 0.709226 0.508110 0.472221
vertex 0.715324 0.506898 0.464645
endloop
endfacet
facet normal -0.770839 0.075865 0.632496
outer loop
vertex 0.708427 0.500000 0.527778
vertex 0.714645 0.500000 0.535356
vertex 0.715324 0.506898 0.535356
endloop
endfacet
facet normal -0.770860 0.075942 0.632462
outer loop
vertex 0.708427 0.500000 0.527778
vertex 0.715324 0.506898 0.535356
vertex 0.709226 0.508110 0.527778
endloop
endfacet
facet normal -0.916126 0.277867 -0.288970
outer loop
vertex 0.704693 0.509012 0.480866
vertex 0.701903 0.509567 0.490245
vertex 0.704693 0.518766 0.490245
endloop
endfacet
facet normal -0.916022 0.278025 -0.289147
outer loop
vertex 0.704693 0.509012 0.480866
vertex 0.704693 0.518766 0.490245
vertex 0.707323 0.517677 0.480866
endloop
endfacet
facet normal -0.452813 0.137262 0.880976
outer loop
vertex 0.722755 0.505419 0.541573
vertex 0.731234 0.503733 0.546194
vertex 0.732322 0.507322 0.546194
endloop
endfacet
facet normal -0.452837 0.137392 0.880944
outer loop
vertex 0.722755 0.505419 0.541573
vertex 0.732322 0.507322 0.546194
vertex 0.724336 0.510630 0.541573
endloop
endfacet
facet normal -0.844769 0.256404 -0.469705
outer loop
vertex 0.709226 0.508110 0.472221
vertex 0.704693 0.509012 0.480866
vertex 0.707323 0.517677 0.480866
endloop
endfacet
facet normal -0.844919 0.256226 -0.469531
outer loop
vertex 0.709226 0.508110 0.472221
vertex 0.707323 0.517677 0.480866
vertex 0.711591 0.515909 0.472221
endloop
endfacet
facet normal -0.608747 0.184693 0.771567
outer loop
vertex 0.715324 0.506898 0.535356
vertex 0.722755 0.505419 0.541573
vertex 0.724336 0.510630 0.541573
endloop
endfacet
facet normal -0.608751 0.184696 0.771563
outer loop
vertex 0.715324 0.506898 0.535356
vertex 0.724336 0.510630 0.541573
vertex 0.717336 0.513530 0.535356
endloop
endfacet
facet normal -0.741195 0.224745 -0.632550
outer loop
vertex 0.715324 0.506898 0.464645
vertex 0.709226 0.508110 0.472221
vertex 0.711591 0.515909 0.472221
endloop
endfacet
facet normal -0.741118 0.224840 -0.632607
outer loop
vertex 0.715324 0.506898 0.464645
vertex 0.711591 0.515909 0.472221
vertex 0.717336 0.513530 0.464645
endloop
endfacet
facet normal -0.741246 0.224885 0.632440
outer loop
vertex 0.709226 0.508110 0.527778
vertex 0.715324 0.506898 0.535356
vertex 0.717336 0.513530 0.535356
endloop
endfacet
facet normal -0.741235 0.224754 0.632500
outer loop
vertex 0.709226 0.508110 0.527778
vertex 0.717336 0.513530 0.535356
vertex 0.711591 0.515909 0.527778
endloop
endfacet
facet normal -0.608814 0.184695 -0.771514
outer loop
vertex 0.722755 0.505419 0.458427
vertex 0.715324 0.506898 0.464645
vertex 0.717336 0.513530 0.464645
endloop
endfacet
facet normal -0.608803 0.184718 -0.771517
outer loop
vertex 0.722755 0.505419 0.458427
vertex 0.717336 0.513530 0.464645
vertex 0.724336 0.510630 0.458427
endloop
endfacet
facet normal -0.844809 0.256188 0.469750
outer loop
vertex 0.704693 0.509012 0.519134
vertex 0.709226 0.508110 0.527778
vertex 0.711591 0.515909 0.527778
endloop
endfacet
facet normal -0.844830 0.256420 0.469587
outer loop
vertex 0.704693 0.509012 0.519134
vertex 0.711591 0.515909 0.527778
vertex 0.707323 0.517677 0.519134
endloop
endfacet
facet normal -0.452803 0.137377 -0.880964
outer loop
vertex 0.731234 0.503733 0.453806
vertex 0.722755 0.505419 0.458427
vertex 0.724336 0.510630 0.458427
endloop
endfacet
facet normal -0.452895 0.137293 -0.880930
outer loop
vertex 0.731234 0.503733 0.453806
vertex 0.724336 0.510630 0.458427
vertex 0.732322 0.507322 0.453806
endloop
endfacet
facet normal -0.916080 0.278051 0.288939
outer loop
vertex 0.701903 0.509567 0.509754
vertex 0.704693 0.509012 0.519134
vertex 0.707323 0.517677 0.519134
endloop
endfacet
facet normal -0.916090 0.277849 0.289101
outer loop
vertex 0.701903 0.509567 0.509754
vertex 0.707323 0.517677 0.519134
vertex 0.704693 0.518766 0.509754
endloop
endfacet
facet normal -0.279095 0.084600 -0.956530
outer loop
vertex 0.740433 0.501903 0.450960
vertex 0.731234 0.503733 0.453806
vertex 0.732322 0.507322 0.453806
endloop
endfacet
facet normal -0.279081 0.084664 -0.956528
outer loop
vertex 0.740433 0.501903 0.450960
vertex 0.732322 0.507322 0.453806
vertex 0.740988 0.503733 0.450960
endloop
endfacet
facet normal -0.952394 0.288853 0.097517
outer loop
vertex 0.700961 0.509754 0.500000
vertex 0.701903 0.509567 0.509754
vertex 0.704693 0.518766 0.509754
endloop
endfacet
facet normal -0.952389 0.288873 0.097509
outer loop
vertex 0.700961 0.509754 0.500000
vertex 0.704693 0.518766 0.509754
vertex 0.703806 0.519134 0.500000
endloop
endfacet
facet normal -0.094286 0.028595 0.995134
outer loop
vertex 0.740433 0.501903 0.549039
vertex 0.750000 0.500000 0.550000
vertex 0.740988 0.503733 0.549039
endloop
endfacet
facet normal -0.094175 0.028565 -0.995146
outer loop
vertex 0.750000 0.500000 0.450000
vertex 0.740433 0.501903 0.450960
vertex 0.740988 0.503733 0.450960
endloop
endfacet
facet normal -0.952391 0.288868 -0.097503
outer loop
vertex 0.701903 0.509567 0.490245
vertex 0.700961 0.509754 0.500000
vertex 0.703806 0.519134 0.500000
endloop
endfacet
facet normal -0.952396 0.288851 -0.097502
outer loop
vertex 0.701903 0.509567 0.490245
vertex 0.703806 0.519134 0.500000
vertex 0.704693 0.518766 0.490245
endloop
endfacet
facet normal -0.279002 0.084620 0.956555
outer loop
vertex 0.731234 0.503733 0.546194
vertex 0.740433 0.501903 0.549039
vertex 0.740988 0.503733 0.549039
endloop
endfacet
facet normal -0.279009 0.084576 0.956557
outer loop
vertex 0.731234 0.503733 0.546194
vertex 0.740988 0.503733 0.549039
vertex 0.732322 0.507322 0.546194
endloop
endfacet
facet normal -0.417359 0.223049 -0.880943
outer loop
vertex 0.732322 0.507322 0.453806
vertex 0.724336 0.510630 0.458427
vertex 0.726903 0.515433 0.458427
endloop
endfacet
facet normal -0.417259 0.223152 -0.880964
outer loop
vertex 0.732322 0.507322 0.453806
vertex 0.726903 0.515433 0.458427
vertex 0.734091 0.510630 0.453806
endloop
endfacet
facet normal -0.844306 0.451179 0.289110
outer loop
vertex 0.704693 0.518766 0.509754
vertex 0.707323 0.517677 0.519134
vertex 0.711591 0.525664 0.519134
endloop
endfacet
facet normal -0.844272 0.451356 0.288935
outer loop
vertex 0.704693 0.518766 0.509754
vertex 0.711591 0.525664 0.519134
vertex 0.709226 0.527245 0.509754
endloop
endfacet
facet normal -0.257167 0.137532 -0.956530
outer loop
vertex 0.740988 0.503733 0.450960
vertex 0.732322 0.507322 0.453806
vertex 0.734091 0.510630 0.453806
endloop
endfacet
facet normal -0.257150 0.137546 -0.956533
outer loop
vertex 0.740988 0.503733 0.450960
vertex 0.734091 0.510630 0.453806
vertex 0.741890 0.505419 0.450960
endloop
endfacet
facet normal -0.877678 0.469225 0.097515
outer loop
vertex 0.703806 0.519134 0.500000
vertex 0.704693 0.518766 0.509754
vertex 0.709226 0.527245 0.509754
endloop
endfacet
facet normal -0.877686 0.469204 0.097539
outer loop
vertex 0.703806 0.519134 0.500000
vertex 0.709226 0.527245 0.509754
vertex 0.708427 0.527778 0.500000
endloop
endfacet
facet normal -0.086852 0.046465 0.995137
outer loop
vertex 0.740988 0.503733 0.549039
vertex 0.750000 0.500000 0.550000
vertex 0.741890 0.505419 0.549039
endloop
endfacet
facet normal -0.086766 0.046416 -0.995147
outer loop
vertex 0.750000 0.500000 0.450000
vertex 0.740988 0.503733 0.450960
vertex 0.741890 0.505419 0.450960
endloop
endfacet
facet normal -0.877689 0.469206 -0.097506
outer loop
vertex 0.704693 0.518766 0.490245
vertex 0.703806 0.519134 0.500000
vertex 0.708427 0.527778 0.500000
endloop
endfacet
facet normal -0.877677 0.469225 -0.097527
outer loop
vertex 0.704693 0.518766 0.490245
vertex 0.708427 0.527778 0.500000
vertex 0.709226 0.527245 0.490245
endloop
endfacet
facet normal -0.257067 0.137530 0.956557
outer loop
vertex 0.732322 0.507322 0.546194
vertex 0.740988 0.503733 0.549039
vertex 0.741890 0.505419 0.549039
endloop
endfacet
facet normal -0.257094 0.137483 0.956557
outer loop
vertex 0.732322 0.507322 0.546194
vertex 0.741890 0.505419 0.549039
vertex 0.734091 0.510630 0.546194
endloop
endfacet
facet normal -0.844218 0.451329 -0.289133
outer loop
vertex 0.707323 0.517677 0.480866
vertex 0.704693 0.518766 0.490245
vertex 0.709226 0.527245 0.490245
endloop
endfacet
facet normal -0.844348 0.451192 -0.288967
outer loop
vertex 0.707323 0.517677 0.480866
vertex 0.709226 0.527245 0.490245
vertex 0.711591 0.525664 0.480866
endloop
endfacet
facet normal -0.417294 0.223148 0.880949
outer loop
vertex 0.724336 0.510630 0.541573
vertex 0.732322 0.507322 0.546194
vertex 0.734091 0.510630 0.546194
endloop
endfacet
facet normal -0.417318 0.223045 0.880963
outer loop
vertex 0.724336 0.510630 0.541573
vertex 0.734091 0.510630 0.546194
vertex 0.726903 0.515433 0.541573
endloop
endfacet
facet normal -0.778708 0.416109 -0.469539
outer loop
vertex 0.711591 0.515909 0.472221
vertex 0.707323 0.517677 0.480866
vertex 0.711591 0.525664 0.480866
endloop
endfacet
facet normal -0.778625 0.416186 -0.469610
outer loop
vertex 0.711591 0.515909 0.472221
vertex 0.711591 0.525664 0.480866
vertex 0.715433 0.523097 0.472221
endloop
endfacet
facet normal -0.561036 0.299832 0.771583
outer loop
vertex 0.717336 0.513530 0.535356
vertex 0.724336 0.510630 0.541573
vertex 0.726903 0.515433 0.541573
endloop
endfacet
facet normal -0.561051 0.299883 0.771552
outer loop
vertex 0.717336 0.513530 0.535356
vertex 0.726903 0.515433 0.541573
vertex 0.720603 0.519642 0.535356
endloop
endfacet
facet normal -0.683025 0.365091 -0.632602
outer loop
vertex 0.717336 0.513530 0.464645
vertex 0.711591 0.515909 0.472221
vertex 0.715433 0.523097 0.472221
endloop
endfacet
facet normal -0.683027 0.365092 -0.632599
outer loop
vertex 0.717336 0.513530 0.464645
vertex 0.715433 0.523097 0.472221
vertex 0.720603 0.519642 0.464645
endloop
endfacet
facet normal -0.683092 0.365140 0.632501
outer loop
vertex 0.711591 0.515909 0.527778
vertex 0.717336 0.513530 0.535356
vertex 0.720603 0.519642 0.535356
endloop
endfacet
facet normal -0.683108 0.365128 0.632491
outer loop
vertex 0.711591 0.515909 0.527778
vertex 0.720603 0.519642 0.535356
vertex 0.715433 0.523097 0.527778
endloop
endfacet
facet normal -0.561080 0.299906 -0.771521
outer loop
vertex 0.724336 0.510630 0.458427
vertex 0.717336 0.513530 0.464645
vertex 0.720603 0.519642 0.464645
endloop
endfacet
facet normal -0.561110 0.299879 -0.771510
outer loop
vertex 0.724336 0.510630 0.458427
vertex 0.720603 0.519642 0.464645
vertex 0.726903 0.515433 0.458427
endloop
endfacet
facet normal -0.778642 0.416188 0.469579
outer loop
vertex 0.707323 0.517677 0.519134
vertex 0.711591 0.515909 0.527778
vertex 0.715433 0.523097 0.527778
endloop
endfacet
facet normal -0.778651 0.416088 0.469652
outer loop
vertex 0.707323 0.517677 0.519134
vertex 0.715433 0.523097 0.527778
vertex 0.711591 0.525664 0.519134
endloop
endfacet
facet normal -0.365818 0.300086 0.880980
outer loop
vertex 0.726903 0.515433 0.541573
vertex 0.734091 0.510630 0.546194
vertex 0.736470 0.513530 0.546194
endloop
endfacet
facet normal -0.365803 0.300187 0.880952
outer loop
vertex 0.726903 0.515433 0.541573
vertex 0.736470 0.513530 0.546194
vertex 0.730357 0.519642 0.541573
endloop
endfacet
facet normal -0.682459 0.560104 -0.469610
outer loop
vertex 0.715433 0.523097 0.472221
vertex 0.711591 0.525664 0.480866
vertex 0.717336 0.532664 0.480866
endloop
endfacet
facet normal -0.682508 0.560068 -0.469581
outer loop
vertex 0.715433 0.523097 0.472221
vertex 0.717336 0.532664 0.480866
vertex 0.720603 0.529397 0.472221
endloop
endfacet
facet normal -0.491767 0.403562 0.771558
outer loop
vertex 0.720603 0.519642 0.535356
vertex 0.726903 0.515433 0.541573
vertex 0.730357 0.519642 0.541573
endloop
endfacet
facet normal -0.491770 0.403582 0.771547
outer loop
vertex 0.720603 0.519642 0.535356
vertex 0.730357 0.519642 0.541573
vertex 0.725000 0.525000 0.535356
endloop
endfacet
facet normal -0.598681 0.491300 -0.632618
outer loop
vertex 0.720603 0.519642 0.464645
vertex 0.715433 0.523097 0.472221
vertex 0.720603 0.529397 0.472221
endloop
endfacet
facet normal -0.598679 0.491300 -0.632620
outer loop
vertex 0.720603 0.519642 0.464645
vertex 0.720603 0.529397 0.472221
vertex 0.725000 0.525000 0.464645
endloop
endfacet
facet normal -0.598745 0.491362 0.632509
outer loop
vertex 0.715433 0.523097 0.527778
vertex 0.720603 0.519642 0.535356
vertex 0.725000 0.525000 0.535356
endloop
endfacet
facet normal -0.598744 0.491346 0.632523
outer loop
vertex 0.715433 0.523097 0.527778
vertex 0.725000 0.525000 0.535356
vertex 0.720603 0.529397 0.527778
endloop
endfacet
facet normal -0.491811 0.403622 -0.771499
outer loop
vertex 0.726903 0.515433 0.458427
vertex 0.720603 0.519642 0.464645
vertex 0.725000 0.525000 0.464645
endloop
endfacet
facet normal -0.491830 0.403604 -0.771497
outer loop
vertex 0.726903 0.515433 0.458427
vertex 0.725000 0.525000 0.464645
vertex 0.730357 0.519642 0.458427
endloop
endfacet
facet normal -0.682467 0.560056 0.469655
outer loop
vertex 0.711591 0.525664 0.519134
vertex 0.715433 0.523097 0.527778
vertex 0.720603 0.529397 0.527778
endloop
endfacet
facet normal -0.682457 0.560094 0.469624
outer loop
vertex 0.711591 0.525664 0.519134
vertex 0.720603 0.529397 0.527778
vertex 0.717336 0.532664 0.519134
endloop
endfacet
facet normal -0.365783 0.300163 -0.880968
outer loop
vertex 0.734091 0.510630 0.453806
vertex 0.726903 0.515433 0.458427
vertex 0.730357 0.519642 0.458427
endloop
endfacet
facet normal -0.365867 0.300128 -0.880946
outer loop
vertex 0.734091 0.510630 0.453806
vertex 0.730357 0.519642 0.458427
vertex 0.736470 0.513530 0.453806
endloop
endfacet
facet normal -0.740021 0.607352 0.288950
outer loop
vertex 0.709226 0.527245 0.509754
vertex 0.711591 0.525664 0.519134
vertex 0.717336 0.532664 0.519134
endloop
endfacet
facet normal -0.740053 0.607286 0.289006
outer loop
vertex 0.709226 0.527245 0.509754
vertex 0.717336 0.532664 0.519134
vertex 0.715324 0.534676 0.509754
endloop
endfacet
facet normal -0.225469 0.184952 -0.956533
outer loop
vertex 0.741890 0.505419 0.450960
vertex 0.734091 0.510630 0.453806
vertex 0.736470 0.513530 0.453806
endloop
endfacet
facet normal -0.225521 0.184958 -0.956520
outer loop
vertex 0.741890 0.505419 0.450960
vertex 0.736470 0.513530 0.453806
vertex 0.743103 0.506898 0.450960
endloop
endfacet
facet normal -0.769355 0.631334 0.097515
outer loop
vertex 0.708427 0.527778 0.500000
vertex 0.709226 0.527245 0.509754
vertex 0.715324 0.534676 0.509754
endloop
endfacet
facet normal -0.769373 0.631305 0.097566
outer loop
vertex 0.708427 0.527778 0.500000
vertex 0.715324 0.534676 0.509754
vertex 0.714645 0.535356 0.500000
endloop
endfacet
facet normal -0.076171 0.062475 0.995136
outer loop
vertex 0.741890 0.505419 0.549039
vertex 0.750000 0.500000 0.550000
vertex 0.743103 0.506898 0.549039
endloop
endfacet
facet normal -0.076109 0.062420 -0.995144
outer loop
vertex 0.750000 0.500000 0.450000
vertex 0.741890 0.505419 0.450960
vertex 0.743103 0.506898 0.450960
endloop
endfacet
facet normal -0.769384 0.631301 -0.097508
outer loop
vertex 0.709226 0.527245 0.490245
vertex 0.708427 0.527778 0.500000
vertex 0.714645 0.535356 0.500000
endloop
endfacet
facet normal -0.769344 0.631342 -0.097553
outer loop
vertex 0.709226 0.527245 0.490245
vertex 0.714645 0.535356 0.500000
vertex 0.715324 0.534676 0.490245
endloop
endfacet
facet normal -0.225411 0.184899 0.956557
outer loop
vertex 0.734091 0.510630 0.546194
vertex 0.741890 0.505419 0.549039
vertex 0.743103 0.506898 0.549039
endloop
endfacet
facet normal -0.225421 0.184902 0.956555
outer loop
vertex 0.734091 0.510630 0.546194
vertex 0.743103 0.506898 0.549039
vertex 0.736470 0.513530 0.546194
endloop
endfacet
facet normal -0.740058 0.607291 -0.288985
outer loop
vertex 0.711591 0.525664 0.480866
vertex 0.709226 0.527245 0.490245
vertex 0.715324 0.534676 0.490245
endloop
endfacet
facet normal -0.740000 0.607337 -0.289038
outer loop
vertex 0.711591 0.525664 0.480866
vertex 0.715324 0.534676 0.490245
vertex 0.717336 0.532664 0.480866
endloop
endfacet
facet normal -0.607327 0.740018 0.289011
outer loop
vertex 0.715324 0.534676 0.509754
vertex 0.717336 0.532664 0.519134
vertex 0.724336 0.538409 0.519134
endloop
endfacet
facet normal -0.607270 0.740114 0.288884
outer loop
vertex 0.715324 0.534676 0.509754
vertex 0.724336 0.538409 0.519134
vertex 0.722756 0.540774 0.509754
endloop
endfacet
facet normal -0.185006 0.225443 -0.956529
outer loop
vertex 0.743103 0.506898 0.450960
vertex 0.736470 0.513530 0.453806
vertex 0.739369 0.515909 0.453806
endloop
endfacet
facet normal -0.184893 0.225481 -0.956542
outer loop
vertex 0.743103 0.506898 0.450960
vertex 0.739369 0.515909 0.453806
vertex 0.744581 0.508110 0.450960
endloop
endfacet
facet normal -0.631285 0.769388 0.097581
outer loop
vertex 0.714645 0.535356 0.500000
vertex 0.715324 0.534676 0.509754
vertex 0.722756 0.540774 0.509754
endloop
endfacet
facet normal -0.631334 0.769338 0.097653
outer loop
vertex 0.714645 0.535356 0.500000
vertex 0.722756 0.540774 0.509754
vertex 0.722221 0.541573 0.500000
endloop
endfacet
facet normal -0.062435 0.076171 0.995138
outer loop
vertex 0.743103 0.506898 0.549039
vertex 0.750000 0.500000 0.550000
vertex 0.744581 0.508110 0.549039
endloop
endfacet
facet normal -0.062411 0.076091 -0.995146
outer loop
vertex 0.750000 0.500000 0.450000
vertex 0.743103 0.506898 0.450960
vertex 0.744581 0.508110 0.450960
endloop
endfacet
facet normal -0.631337 0.769347 -0.097572
outer loop
vertex 0.715324 0.534676 0.490245
vertex 0.714645 0.535356 0.500000
vertex 0.722221 0.541573 0.500000
endloop
endfacet
facet normal -0.631284 0.769381 -0.097642
outer loop
vertex 0.715324 0.534676 0.490245
vertex 0.722221 0.541573 0.500000
vertex 0.722756 0.540774 0.490245
endloop
endfacet
facet normal -0.184862 0.225437 0.956559
outer loop
vertex 0.736470 0.513530 0.546194
vertex 0.743103 0.506898 0.549039
vertex 0.744581 0.508110 0.549039
endloop
endfacet
facet normal -0.184950 0.225360 0.956560
outer loop
vertex 0.736470 0.513530 0.546194
vertex 0.744581 0.508110 0.549039
vertex 0.739369 0.515909 0.546194
endloop
endfacet
facet normal -0.607231 0.740089 -0.289031
outer loop
vertex 0.717336 0.532664 0.480866
vertex 0.715324 0.534676 0.490245
vertex 0.722756 0.540774 0.490245
endloop
endfacet
facet normal -0.607359 0.740030 -0.288913
outer loop
vertex 0.717336 0.532664 0.480866
vertex 0.722756 0.540774 0.490245
vertex 0.724336 0.538409 0.480866
endloop
endfacet
facet normal -0.300176 0.365793 0.880959
outer loop
vertex 0.730357 0.519642 0.541573
vertex 0.736470 0.513530 0.546194
vertex 0.739369 0.515909 0.546194
endloop
endfacet
facet normal -0.300199 0.365799 0.880949
outer loop
vertex 0.730357 0.519642 0.541573
vertex 0.739369 0.515909 0.546194
vertex 0.734567 0.523097 0.541573
endloop
endfacet
facet normal -0.560103 0.682479 -0.469582
outer loop
vertex 0.720603 0.529397 0.472221
vertex 0.717336 0.532664 0.480866
vertex 0.724336 0.538409 0.480866
endloop
endfacet
facet normal -0.560072 0.682486 -0.469609
outer loop
vertex 0.720603 0.529397 0.472221
vertex 0.724336 0.538409 0.480866
vertex 0.726903 0.534567 0.472221
endloop
endfacet
facet normal -0.403565 0.491769 0.771556
outer loop
vertex 0.725000 0.525000 0.535356
vertex 0.730357 0.519642 0.541573
vertex 0.734567 0.523097 0.541573
endloop
endfacet
facet normal -0.403592 0.491702 0.771585
outer loop
vertex 0.725000 0.525000 0.535356
vertex 0.734567 0.523097 0.541573
vertex 0.730357 0.529397 0.535356
endloop
endfacet
facet normal -0.491295 0.598687 -0.632617
outer loop
vertex 0.725000 0.525000 0.464645
vertex 0.720603 0.529397 0.472221
vertex 0.726903 0.534567 0.472221
endloop
endfacet
facet normal -0.491390 0.598663 -0.632565
outer loop
vertex 0.725000 0.525000 0.464645
vertex 0.726903 0.534567 0.472221
vertex 0.730357 0.529397 0.464645
endloop
endfacet
facet normal -0.491417 0.598689 0.632519
outer loop
vertex 0.720603 0.529397 0.527778
vertex 0.725000 0.525000 0.535356
vertex 0.730357 0.529397 0.535356
endloop
endfacet
facet normal -0.491372 0.598781 0.632467
outer loop
vertex 0.720603 0.529397 0.527778
vertex 0.730357 0.529397 0.535356
vertex 0.726903 0.534567 0.527778
endloop
endfacet
facet normal -0.403653 0.491761 -0.771515
outer loop
vertex 0.730357 0.519642 0.458427
vertex 0.725000 0.525000 0.464645
vertex 0.730357 0.529397 0.464645
endloop
endfacet
facet normal -0.403584 0.491782 -0.771537
outer loop
vertex 0.730357 0.519642 0.458427
vertex 0.730357 0.529397 0.464645
vertex 0.734567 0.523097 0.458427
endloop
endfacet
facet normal -0.560060 0.682490 0.469616
outer loop
vertex 0.717336 0.532664 0.519134
vertex 0.720603 0.529397 0.527778
vertex 0.726903 0.534567 0.527778
endloop
endfacet
facet normal -0.560089 0.682438 0.469658
outer loop
vertex 0.717336 0.532664 0.519134
vertex 0.726903 0.534567 0.527778
vertex 0.724336 0.538409 0.519134
endloop
endfacet
facet normal -0.300202 0.365800 -0.880948
outer loop
vertex 0.736470 0.513530 0.453806
vertex 0.730357 0.519642 0.458427
vertex 0.734567 0.523097 0.458427
endloop
endfacet
facet normal -0.300189 0.365814 -0.880947
outer loop
vertex 0.736470 0.513530 0.453806
vertex 0.734567 0.523097 0.458427
vertex 0.739369 0.515909 0.453806
endloop
endfacet
facet normal -0.416143 0.778652 -0.469603
outer loop
vertex 0.726903 0.534567 0.472221
vertex 0.724336 0.538409 0.480866
vertex 0.732322 0.542677 0.480866
endloop
endfacet
facet normal -0.416187 0.778646 -0.469572
outer loop
vertex 0.726903 0.534567 0.472221
vertex 0.732322 0.542677 0.480866
vertex 0.734091 0.538409 0.472221
endloop
endfacet
facet normal -0.299900 0.561000 0.771582
outer loop
vertex 0.730357 0.529397 0.535356
vertex 0.734567 0.523097 0.541573
vertex 0.739369 0.525664 0.541573
endloop
endfacet
facet normal -0.299850 0.561064 0.771555
outer loop
vertex 0.730357 0.529397 0.535356
vertex 0.739369 0.525664 0.541573
vertex 0.736470 0.532664 0.535356
endloop
endfacet
facet normal -0.365088 0.683052 -0.632575
outer loop
vertex 0.730357 0.529397 0.464645
vertex 0.726903 0.534567 0.472221
vertex 0.734091 0.538409 0.472221
endloop
endfacet
facet normal -0.365055 0.683051 -0.632595
outer loop
vertex 0.730357 0.529397 0.464645
vertex 0.734091 0.538409 0.472221
vertex 0.736470 0.532664 0.464645
endloop
endfacet
facet normal -0.365099 0.683150 0.632463
outer loop
vertex 0.726903 0.534567 0.527778
vertex 0.730357 0.529397 0.535356
vertex 0.736470 0.532664 0.535356
endloop
endfacet
facet normal -0.365121 0.683104 0.632500
outer loop
vertex 0.726903 0.534567 0.527778
vertex 0.736470 0.532664 0.535356
vertex 0.734091 0.538409 0.527778
endloop
endfacet
facet normal -0.299861 0.561098 -0.771526
outer loop
vertex 0.734567 0.523097 0.458427
vertex 0.730357 0.529397 0.464645
vertex 0.736470 0.532664 0.464645
endloop
endfacet
facet normal -0.299950 0.561083 -0.771502
outer loop
vertex 0.734567 0.523097 0.458427
vertex 0.736470 0.532664 0.464645
vertex 0.739369 0.525664 0.458427
endloop
endfacet
facet normal -0.416169 0.778605 0.469656
outer loop
vertex 0.724336 0.538409 0.519134
vertex 0.726903 0.534567 0.527778
vertex 0.734091 0.538409 0.527778
endloop
endfacet
facet normal -0.416135 0.778653 0.469607
outer loop
vertex 0.724336 0.538409 0.519134
vertex 0.734091 0.538409 0.527778
vertex 0.732322 0.542677 0.519134
endloop
endfacet
facet normal -0.223082 0.417318 -0.880954
outer loop
vertex 0.739369 0.515909 0.453806
vertex 0.734567 0.523097 0.458427
vertex 0.739369 0.525664 0.458427
endloop
endfacet
facet normal -0.223045 0.417321 -0.880962
outer loop
vertex 0.739369 0.515909 0.453806
vertex 0.739369 0.525664 0.458427
vertex 0.742677 0.517677 0.453806
endloop
endfacet
facet normal -0.451243 0.844340 0.288910
outer loop
vertex 0.722756 0.540774 0.509754
vertex 0.724336 0.538409 0.519134
vertex 0.732322 0.542677 0.519134
endloop
endfacet
facet normal -0.451380 0.844220 0.289047
outer loop
vertex 0.722756 0.540774 0.509754
vertex 0.732322 0.542677 0.519134
vertex 0.731234 0.545307 0.509754
endloop
endfacet
facet normal -0.137465 0.257197 -0.956532
outer loop
vertex 0.744581 0.508110 0.450960
vertex 0.739369 0.515909 0.453806
vertex 0.742677 0.517677 0.453806
endloop
endfacet
facet normal -0.137559 0.257174 -0.956524
outer loop
vertex 0.744581 0.508110 0.450960
vertex 0.742677 0.517677 0.453806
vertex 0.746267 0.509012 0.450960
endloop
endfacet
facet normal -0.469262 0.877646 0.097628
outer loop
vertex 0.722221 0.541573 0.500000
vertex 0.722756 0.540774 0.509754
vertex 0.731234 0.545307 0.509754
endloop
endfacet
facet normal -0.469164 0.877709 0.097526
outer loop
vertex 0.722221 0.541573 0.500000
vertex 0.731234 0.545307 0.509754
vertex 0.730866 0.546194 0.500000
endloop
endfacet
facet normal -0.046487 0.086869 0.995134
outer loop
vertex 0.744581 0.508110 0.549039
vertex 0.750000 0.500000 0.550000
vertex 0.746267 0.509012 0.549039
endloop
endfacet
facet normal -0.046403 0.086782 -0.995146
outer loop
vertex 0.750000 0.500000 0.450000
vertex 0.744581 0.508110 0.450960
vertex 0.746267 0.509012 0.450960
endloop
endfacet
facet normal -0.469156 0.877703 -0.097626
outer loop
vertex 0.722756 0.540774 0.490245
vertex 0.722221 0.541573 0.500000
vertex 0.730866 0.546194 0.500000
endloop
endfacet
facet normal -0.469266 0.877657 -0.097503
outer loop
vertex 0.722756 0.540774 0.490245
vertex 0.730866 0.546194 0.500000
vertex 0.731234 0.545307 0.490245
endloop
endfacet
facet normal -0.137510 0.257053 0.956564
outer loop
vertex 0.739369 0.515909 0.546194
vertex 0.744581 0.508110 0.549039
vertex 0.746267 0.509012 0.549039
endloop
endfacet
facet normal -0.137401 0.257144 0.956555
outer loop
vertex 0.739369 0.515909 0.546194
vertex 0.746267 0.509012 0.549039
vertex 0.742677 0.517677 0.546194
endloop
endfacet
facet normal -0.451406 0.844243 -0.288939
outer loop
vertex 0.724336 0.538409 0.480866
vertex 0.722756 0.540774 0.490245
vertex 0.731234 0.545307 0.490245
endloop
endfacet
facet normal -0.451213 0.844294 -0.289093
outer loop
vertex 0.724336 0.538409 0.480866
vertex 0.731234 0.545307 0.490245
vertex 0.732322 0.542677 0.480866
endloop
endfacet
facet normal -0.223049 0.417328 0.880958
outer loop
vertex 0.734567 0.523097 0.541573
vertex 0.739369 0.515909 0.546194
vertex 0.742677 0.517677 0.546194
endloop
endfacet
facet normal -0.223066 0.417293 0.880970
outer loop
vertex 0.734567 0.523097 0.541573
vertex 0.742677 0.517677 0.546194
vertex 0.739369 0.525664 0.541573
endloop
endfacet
facet normal -0.084677 0.279089 -0.956524
outer loop
vertex 0.746267 0.509012 0.450960
vertex 0.742677 0.517677 0.453806
vertex 0.746267 0.518766 0.453806
endloop
endfacet
facet normal -0.084644 0.279085 -0.956529
outer loop
vertex 0.746267 0.509012 0.450960
vertex 0.746267 0.518766 0.453806
vertex 0.748097 0.509567 0.450960
endloop
endfacet
facet normal -0.288860 0.952394 0.097500
outer loop
vertex 0.730866 0.546194 0.500000
vertex 0.731234 0.545307 0.509754
vertex 0.740433 0.548097 0.509754
endloop
endfacet
facet normal -0.288892 0.952380 0.097542
outer loop
vertex 0.730866 0.546194 0.500000
vertex 0.740433 0.548097 0.509754
vertex 0.740245 0.549039 0.500000
endloop
endfacet
facet normal -0.028607 0.094258 0.995137
outer loop
vertex 0.746267 0.509012 0.549039
vertex 0.750000 0.500000 0.550000
vertex 0.748097 0.509567 0.549039
endloop
endfacet
facet normal -0.028579 0.094171 -0.995146
outer loop
vertex 0.750000 0.500000 0.450000
vertex 0.746267 0.509012 0.450960
vertex 0.748097 0.509567 0.450960
endloop
endfacet
facet normal -0.288896 0.952384 -0.097489
outer loop
vertex 0.731234 0.545307 0.490245
vertex 0.730866 0.546194 0.500000
vertex 0.740245 0.549039 0.500000
endloop
endfacet
facet normal -0.288858 0.952391 -0.097533
outer loop
vertex 0.731234 0.545307 0.490245
vertex 0.740245 0.549039 0.500000
vertex 0.740433 0.548097 0.490245
endloop
endfacet
facet normal -0.084664 0.278966 0.956561
outer loop
vertex 0.742677 0.517677 0.546194
vertex 0.746267 0.509012 0.549039
vertex 0.748097 0.509567 0.549039
endloop
endfacet
facet normal -0.084641 0.279022 0.956547
outer loop
vertex 0.742677 0.517677 0.546194
vertex 0.748097 0.509567 0.549039
vertex 0.746267 0.518766 0.546194
endloop
endfacet
facet normal -0.277847 0.916084 -0.289121
outer loop
vertex 0.732322 0.542677 0.480866
vertex 0.731234 0.545307 0.490245
vertex 0.740433 0.548097 0.490245
endloop
endfacet
facet normal -0.278017 0.916081 -0.288966
outer loop
vertex 0.732322 0.542677 0.480866
vertex 0.740433 0.548097 0.490245
vertex 0.740988 0.545307 0.480866
endloop
endfacet
facet normal -0.137353 0.452805 0.880966
outer loop
vertex 0.739369 0.525664 0.541573
vertex 0.742677 0.517677 0.546194
vertex 0.746267 0.518766 0.546194
endloop
endfacet
facet normal -0.137345 0.452808 0.880966
outer loop
vertex 0.739369 0.525664 0.541573
vertex 0.746267 0.518766 0.546194
vertex 0.744581 0.527245 0.541573
endloop
endfacet
facet normal -0.256396 0.844847 -0.469569
outer loop
vertex 0.734091 0.538409 0.472221
vertex 0.732322 0.542677 0.480866
vertex 0.740988 0.545307 0.480866
endloop
endfacet
facet normal -0.256194 0.844828 -0.469712
outer loop
vertex 0.734091 0.538409 0.472221
vertex 0.740988 0.545307 0.480866
vertex 0.741890 0.540774 0.472221
endloop
endfacet
facet normal -0.184657 0.608768 0.771559
outer loop
vertex 0.736470 0.532664 0.535356
vertex 0.739369 0.525664 0.541573
vertex 0.744581 0.527245 0.541573
endloop
endfacet
facet normal -0.184661 0.608773 0.771554
outer loop
vertex 0.736470 0.532664 0.535356
vertex 0.744581 0.527245 0.541573
vertex 0.743103 0.534676 0.535356
endloop
endfacet
facet normal -0.224749 0.741146 -0.632606
outer loop
vertex 0.736470 0.532664 0.464645
vertex 0.734091 0.538409 0.472221
vertex 0.741890 0.540774 0.472221
endloop
endfacet
facet normal -0.224820 0.741162 -0.632562
outer loop
vertex 0.736470 0.532664 0.464645
vertex 0.741890 0.540774 0.472221
vertex 0.743103 0.534676 0.464645
endloop
endfacet
facet normal -0.224828 0.741202 0.632512
outer loop
vertex 0.734091 0.538409 0.527778
vertex 0.736470 0.532664 0.535356
vertex 0.743103 0.534676 0.535356
endloop
endfacet
facet normal -0.224784 0.741254 0.632467
outer loop
vertex 0.734091 0.538409 0.527778
vertex 0.743103 0.534676 0.535356
vertex 0.741890 0.540774 0.527778
endloop
endfacet
facet normal -0.184679 0.608833 -0.771503
outer loop
vertex 0.739369 0.525664 0.458427
vertex 0.736470 0.532664 0.464645
vertex 0.743103 0.534676 0.464645
endloop
endfacet
facet normal -0.184679 0.608842 -0.771495
outer loop
vertex 0.739369 0.525664 0.458427
vertex 0.743103 0.534676 0.464645
vertex 0.744581 0.527245 0.458427
endloop
endfacet
facet normal -0.256207 0.844877 0.469617
outer loop
vertex 0.732322 0.542677 0.519134
vertex 0.734091 0.538409 0.527778
vertex 0.741890 0.540774 0.527778
endloop
endfacet
facet normal -0.256369 0.844757 0.469745
outer loop
vertex 0.732322 0.542677 0.519134
vertex 0.741890 0.540774 0.527778
vertex 0.740988 0.545307 0.519134
endloop
endfacet
facet normal -0.137351 0.452812 -0.880963
outer loop
vertex 0.742677 0.517677 0.453806
vertex 0.739369 0.525664 0.458427
vertex 0.744581 0.527245 0.458427
endloop
endfacet
facet normal -0.137369 0.452817 -0.880958
outer loop
vertex 0.742677 0.517677 0.453806
vertex 0.744581 0.527245 0.458427
vertex 0.746267 0.518766 0.453806
endloop
endfacet
facet normal -0.278009 0.916047 0.289081
outer loop
vertex 0.731234 0.545307 0.509754
vertex 0.732322 0.542677 0.519134
vertex 0.740988 0.545307 0.519134
endloop
endfacet
facet normal -0.277863 0.916133 0.288949
outer loop
vertex 0.731234 0.545307 0.509754
vertex 0.740988 0.545307 0.519134
vertex 0.740433 0.548097 0.509754
endloop
endfacet
facet normal -0.062276 0.633122 0.771543
outer loop
vertex 0.743103 0.534676 0.535356
vertex 0.744581 0.527245 0.541573
vertex 0.750000 0.527778 0.541573
endloop
endfacet
facet normal -0.062409 0.633025 0.771612
outer loop
vertex 0.743103 0.534676 0.535356
vertex 0.750000 0.527778 0.541573
vertex 0.750000 0.535356 0.535356
endloop
endfacet
facet normal -0.075938 0.770782 -0.632557
outer loop
vertex 0.743103 0.534676 0.464645
vertex 0.741890 0.540774 0.472221
vertex 0.750000 0.541573 0.472221
endloop
endfacet
facet normal -0.075989 0.770795 -0.632536
outer loop
vertex 0.743103 0.534676 0.464645
vertex 0.750000 0.541573 0.472221
vertex 0.750000 0.535356 0.464645
endloop
endfacet
facet normal -0.075997 0.770856 0.632460
outer loop
vertex 0.741890 0.540774 0.527778
vertex 0.743103 0.534676 0.535356
vertex 0.750000 0.535356 0.535356
endloop
endfacet
facet normal -0.075949 0.770884 0.632431
outer loop
vertex 0.741890 0.540774 0.527778
vertex 0.750000 0.535356 0.535356
vertex 0.750000 0.541573 0.527778
endloop
endfacet
facet normal -0.062422 0.633154 -0.771505
outer loop
vertex 0.744581 0.527245 0.458427
vertex 0.743103 0.534676 0.464645
vertex 0.750000 0.535356 0.464645
endloop
endfacet
facet normal -0.062277 0.633093 -0.771567
outer loop
vertex 0.744581 0.527245 0.458427
vertex 0.750000 0.535356 0.464645
vertex 0.750000 0.527778 0.458427
endloop
endfacet
facet normal -0.086551 0.878545 0.469753
outer loop
vertex 0.740988 0.545307 0.519134
vertex 0.741890 0.540774 0.527778
vertex 0.750000 0.541573 0.527778
endloop
endfacet
facet normal -0.086479 0.878590 0.469683
outer loop
vertex 0.740988 0.545307 0.519134
vertex 0.750000 0.541573 0.527778
vertex 0.750000 0.546194 0.519134
endloop
endfacet
facet normal -0.046320 0.470912 -0.880963
outer loop
vertex 0.746267 0.518766 0.453806
vertex 0.744581 0.527245 0.458427
vertex 0.750000 0.527778 0.458427
endloop
endfacet
facet normal -0.046427 0.470936 -0.880945
outer loop
vertex 0.746267 0.518766 0.453806
vertex 0.750000 0.527778 0.458427
vertex 0.750000 0.519134 0.453806
endloop
endfacet
facet normal -0.093778 0.952746 0.288930
outer loop
vertex 0.740433 0.548097 0.509754
vertex 0.740988 0.545307 0.519134
vertex 0.750000 0.546194 0.519134
endloop
endfacet
facet normal -0.093808 0.952730 0.288972
outer loop
vertex 0.740433 0.548097 0.509754
vertex 0.750000 0.546194 0.519134
vertex 0.750000 0.549039 0.509754
endloop
endfacet
facet normal -0.028627 0.290242 -0.956525
outer loop
vertex 0.748097 0.509567 0.450960
vertex 0.746267 0.518766 0.453806
vertex 0.750000 0.519134 0.453806
endloop
endfacet
facet normal -0.028496 0.290229 -0.956533
outer loop
vertex 0.748097 0.509567 0.450960
vertex 0.750000 0.519134 0.453806
vertex 0.750000 0.509754 0.450960
endloop
endfacet
facet normal -0.097521 0.990443 0.097534
outer loop
vertex 0.740245 0.549039 0.500000
vertex 0.740433 0.548097 0.509754
vertex 0.750000 0.549039 0.509754
endloop
endfacet
facet normal -0.097572 0.990432 0.097593
outer loop
vertex 0.740245 0.549039 0.500000
vertex 0.750000 0.549039 0.509754
vertex 0.750000 0.550000 0.500000
endloop
endfacet
facet normal -0.009637 0.098044 0.995135
outer loop
vertex 0.748097 0.509567 0.549039
vertex 0.750000 0.500000 0.550000
vertex 0.750000 0.509754 0.549039
endloop
endfacet
facet normal -0.009620 0.097945 -0.995145
outer loop
vertex 0.750000 0.500000 0.450000
vertex 0.748097 0.509567 0.450960
vertex 0.750000 0.509754 0.450960
endloop
endfacet
facet normal -0.097573 0.990438 -0.097535
outer loop
vertex 0.740433 0.548097 0.490245
vertex 0.740245 0.549039 0.500000
vertex 0.750000 0.550000 0.500000
endloop
endfacet
facet normal -0.097520 0.990439 -0.097572
outer loop
vertex 0.740433 0.548097 0.490245
vertex 0.750000 0.550000 0.500000
vertex 0.750000 0.549039 0.490245
endloop
endfacet
facet normal -0.028497 0.290173 0.956550
outer loop
vertex 0.746267 0.518766 0.546194
vertex 0.748097 0.509567 0.549039
vertex 0.750000 0.509754 0.549039
endloop
endfacet
facet normal -0.028597 0.290131 0.956560
outer loop
vertex 0.746267 0.518766 0.546194
vertex 0.750000 0.509754 0.549039
vertex 0.750000 0.519134 0.546194
endloop
endfacet
facet normal -0.093808 0.952735 -0.288957
outer loop
vertex 0.740988 0.545307 0.480866
vertex 0.740433 0.548097 0.490245
vertex 0.750000 0.549039 0.490245
endloop
endfacet
facet normal -0.093775 0.952722 -0.289010
outer loop
vertex 0.740988 0.545307 0.480866
vertex 0.750000 0.549039 0.490245
vertex 0.750000 0.546194 0.480866
endloop
endfacet
facet normal -0.046417 0.470878 0.880976
outer loop
vertex 0.744581 0.527245 0.541573
vertex 0.746267 0.518766 0.546194
vertex 0.750000 0.519134 0.546194
endloop
endfacet
facet normal -0.046328 0.470941 0.880947
outer loop
vertex 0.744581 0.527245 0.541573
vertex 0.750000 0.519134 0.546194
vertex 0.750000 0.527778 0.541573
endloop
endfacet
facet normal -0.086475 0.878578 -0.469704
outer loop
vertex 0.741890 0.540774 0.472221
vertex 0.740988 0.545307 0.480866
vertex 0.750000 0.546194 0.480866
endloop
endfacet
facet normal -0.086564 0.878604 -0.469641
outer loop
vertex 0.741890 0.540774 0.472221
vertex 0.750000 0.546194 0.480866
vertex 0.750000 0.541573 0.472221
endloop
endfacet
endsolid Exported from Blender-2.82 (sub 7)
