solid Exported from Blender-2.82 (sub 7)
facet normal 0.086492 0.878605 -0.469651
outer loop
vertex 0.850000 1.041573 0.572221
vertex 0.850000 1.046194 0.580866
vertex 0.859012 1.045307 0.580866
endloop
endfacet
facet normal 0.086560 0.878565 -0.469713
outer loop
vertex 0.850000 1.041573 0.572221
vertex 0.859012 1.045307 0.580866
vertex 0.858110 1.040774 0.572221
endloop
endfacet
facet normal 0.062265 0.633035 0.771615
outer loop
vertex 0.850000 1.035356 0.635356
vertex 0.850000 1.027778 0.641573
vertex 0.855419 1.027245 0.641573
endloop
endfacet
facet normal 0.062406 0.633091 0.771558
outer loop
vertex 0.850000 1.035356 0.635356
vertex 0.855419 1.027245 0.641573
vertex 0.856898 1.034676 0.635356
endloop
endfacet
facet normal 0.075944 0.770795 -0.632540
outer loop
vertex 0.850000 1.035356 0.564645
vertex 0.850000 1.041573 0.572221
vertex 0.858110 1.040774 0.572221
endloop
endfacet
facet normal 0.075984 0.770787 -0.632545
outer loop
vertex 0.850000 1.035356 0.564645
vertex 0.858110 1.040774 0.572221
vertex 0.856898 1.034676 0.564645
endloop
endfacet
facet normal 0.075980 0.770879 0.632434
outer loop
vertex 0.850000 1.041573 0.627778
vertex 0.850000 1.035356 0.635356
vertex 0.856898 1.034676 0.635356
endloop
endfacet
facet normal 0.075956 0.770867 0.632451
outer loop
vertex 0.850000 1.041573 0.627778
vertex 0.856898 1.034676 0.635356
vertex 0.858110 1.040774 0.627778
endloop
endfacet
facet normal 0.062413 0.633096 -0.771553
outer loop
vertex 0.850000 1.027778 0.558427
vertex 0.850000 1.035356 0.564645
vertex 0.856898 1.034676 0.564645
endloop
endfacet
facet normal 0.062284 0.633163 -0.771508
outer loop
vertex 0.850000 1.027778 0.558427
vertex 0.856898 1.034676 0.564645
vertex 0.855419 1.027245 0.558427
endloop
endfacet
facet normal 0.086566 0.878580 0.469684
outer loop
vertex 0.850000 1.046194 0.619134
vertex 0.850000 1.041573 0.627778
vertex 0.858110 1.040774 0.627778
endloop
endfacet
facet normal 0.086485 0.878550 0.469756
outer loop
vertex 0.850000 1.046194 0.619134
vertex 0.858110 1.040774 0.627778
vertex 0.859012 1.045307 0.619134
endloop
endfacet
facet normal 0.046313 0.470941 -0.880948
outer loop
vertex 0.850000 1.019134 0.553806
vertex 0.850000 1.027778 0.558427
vertex 0.855419 1.027245 0.558427
endloop
endfacet
facet normal 0.046449 0.470893 -0.880967
outer loop
vertex 0.850000 1.019134 0.553806
vertex 0.855419 1.027245 0.558427
vertex 0.853733 1.018766 0.553806
endloop
endfacet
facet normal 0.093788 0.952733 0.288971
outer loop
vertex 0.850000 1.049039 0.609754
vertex 0.850000 1.046194 0.619134
vertex 0.859012 1.045307 0.619134
endloop
endfacet
facet normal 0.093808 0.952745 0.288924
outer loop
vertex 0.850000 1.049039 0.609754
vertex 0.859012 1.045307 0.619134
vertex 0.859567 1.048097 0.609754
endloop
endfacet
facet normal 0.028625 0.290222 -0.956531
outer loop
vertex 0.850000 1.009754 0.550960
vertex 0.850000 1.019134 0.553806
vertex 0.853733 1.018766 0.553806
endloop
endfacet
facet normal 0.028502 0.290257 -0.956524
outer loop
vertex 0.850000 1.009754 0.550960
vertex 0.853733 1.018766 0.553806
vertex 0.851903 1.009567 0.550960
endloop
endfacet
facet normal 0.097522 0.990438 0.097583
outer loop
vertex 0.850000 1.050000 0.600000
vertex 0.850000 1.049039 0.609754
vertex 0.859567 1.048097 0.609754
endloop
endfacet
facet normal 0.097576 0.990437 0.097539
outer loop
vertex 0.850000 1.050000 0.600000
vertex 0.859567 1.048097 0.609754
vertex 0.859754 1.049039 0.600000
endloop
endfacet
facet normal 0.009637 0.098042 0.995136
outer loop
vertex 0.850000 1.009754 0.649039
vertex 0.850000 1.000000 0.650000
vertex 0.851903 1.009567 0.649039
endloop
endfacet
facet normal 0.009625 0.097943 -0.995145
outer loop
vertex 0.850000 1.000000 0.550000
vertex 0.850000 1.009754 0.550960
vertex 0.851903 1.009567 0.550960
endloop
endfacet
facet normal 0.097576 0.990432 -0.097583
outer loop
vertex 0.850000 1.049039 0.590245
vertex 0.850000 1.050000 0.600000
vertex 0.859754 1.049039 0.600000
endloop
endfacet
facet normal 0.097522 0.990444 -0.097518
outer loop
vertex 0.850000 1.049039 0.590245
vertex 0.859754 1.049039 0.600000
vertex 0.859567 1.048097 0.590245
endloop
endfacet
facet normal 0.028471 0.290124 0.956565
outer loop
vertex 0.850000 1.019134 0.646194
vertex 0.850000 1.009754 0.649039
vertex 0.851903 1.009567 0.649039
endloop
endfacet
facet normal 0.028624 0.290150 0.956553
outer loop
vertex 0.850000 1.019134 0.646194
vertex 0.851903 1.009567 0.649039
vertex 0.853733 1.018766 0.646194
endloop
endfacet
facet normal 0.093809 0.952732 -0.288966
outer loop
vertex 0.850000 1.046194 0.580866
vertex 0.850000 1.049039 0.590245
vertex 0.859567 1.048097 0.590245
endloop
endfacet
facet normal 0.093789 0.952729 -0.288984
outer loop
vertex 0.850000 1.046194 0.580866
vertex 0.859567 1.048097 0.590245
vertex 0.859012 1.045307 0.580866
endloop
endfacet
facet normal 0.046440 0.470943 0.880940
outer loop
vertex 0.850000 1.027778 0.641573
vertex 0.850000 1.019134 0.646194
vertex 0.853733 1.018766 0.646194
endloop
endfacet
facet normal 0.046306 0.470907 0.880967
outer loop
vertex 0.850000 1.027778 0.641573
vertex 0.853733 1.018766 0.646194
vertex 0.855419 1.027245 0.641573
endloop
endfacet
facet normal 0.277865 0.916129 -0.288960
outer loop
vertex 0.859012 1.045307 0.580866
vertex 0.859567 1.048097 0.590245
vertex 0.868766 1.045307 0.590245
endloop
endfacet
facet normal 0.278031 0.916022 -0.289142
outer loop
vertex 0.859012 1.045307 0.580866
vertex 0.868766 1.045307 0.590245
vertex 0.867677 1.042677 0.580866
endloop
endfacet
facet normal 0.137383 0.452796 0.880966
outer loop
vertex 0.855419 1.027245 0.641573
vertex 0.853733 1.018766 0.646194
vertex 0.857322 1.017677 0.646194
endloop
endfacet
facet normal 0.137389 0.452816 0.880955
outer loop
vertex 0.855419 1.027245 0.641573
vertex 0.857322 1.017677 0.646194
vertex 0.860630 1.025664 0.641573
endloop
endfacet
facet normal 0.256409 0.844765 -0.469709
outer loop
vertex 0.858110 1.040774 0.572221
vertex 0.859012 1.045307 0.580866
vertex 0.867677 1.042677 0.580866
endloop
endfacet
facet normal 0.256210 0.844931 -0.469518
outer loop
vertex 0.858110 1.040774 0.572221
vertex 0.867677 1.042677 0.580866
vertex 0.865909 1.038409 0.572221
endloop
endfacet
facet normal 0.184708 0.608736 0.771573
outer loop
vertex 0.856898 1.034676 0.635356
vertex 0.855419 1.027245 0.641573
vertex 0.860630 1.025664 0.641573
endloop
endfacet
facet normal 0.184677 0.608756 0.771564
outer loop
vertex 0.856898 1.034676 0.635356
vertex 0.860630 1.025664 0.641573
vertex 0.863530 1.032664 0.635356
endloop
endfacet
facet normal 0.224759 0.741201 -0.632538
outer loop
vertex 0.856898 1.034676 0.564645
vertex 0.858110 1.040774 0.572221
vertex 0.865909 1.038409 0.572221
endloop
endfacet
facet normal 0.224836 0.741121 -0.632604
outer loop
vertex 0.856898 1.034676 0.564645
vertex 0.865909 1.038409 0.572221
vertex 0.863530 1.032664 0.564645
endloop
endfacet
facet normal 0.224882 0.741238 0.632451
outer loop
vertex 0.858110 1.040774 0.627778
vertex 0.856898 1.034676 0.635356
vertex 0.863530 1.032664 0.635356
endloop
endfacet
facet normal 0.224768 0.741235 0.632495
outer loop
vertex 0.858110 1.040774 0.627778
vertex 0.863530 1.032664 0.635356
vertex 0.865909 1.038409 0.627778
endloop
endfacet
facet normal 0.184697 0.608815 -0.771513
outer loop
vertex 0.855419 1.027245 0.558427
vertex 0.856898 1.034676 0.564645
vertex 0.863530 1.032664 0.564645
endloop
endfacet
facet normal 0.184713 0.608787 -0.771531
outer loop
vertex 0.855419 1.027245 0.558427
vertex 0.863530 1.032664 0.564645
vertex 0.860630 1.025664 0.558427
endloop
endfacet
facet normal 0.256188 0.844811 0.469748
outer loop
vertex 0.859012 1.045307 0.619134
vertex 0.858110 1.040774 0.627778
vertex 0.865909 1.038409 0.627778
endloop
endfacet
facet normal 0.256414 0.844835 0.469579
outer loop
vertex 0.859012 1.045307 0.619134
vertex 0.865909 1.038409 0.627778
vertex 0.867677 1.042677 0.619134
endloop
endfacet
facet normal 0.137374 0.452795 -0.880968
outer loop
vertex 0.853733 1.018766 0.553806
vertex 0.855419 1.027245 0.558427
vertex 0.860630 1.025664 0.558427
endloop
endfacet
facet normal 0.137387 0.452822 -0.880952
outer loop
vertex 0.853733 1.018766 0.553806
vertex 0.860630 1.025664 0.558427
vertex 0.857322 1.017677 0.553806
endloop
endfacet
facet normal 0.278047 0.916076 0.288956
outer loop
vertex 0.859567 1.048097 0.609754
vertex 0.859012 1.045307 0.619134
vertex 0.867677 1.042677 0.619134
endloop
endfacet
facet normal 0.277857 0.916093 0.289085
outer loop
vertex 0.859567 1.048097 0.609754
vertex 0.867677 1.042677 0.619134
vertex 0.868766 1.045307 0.609754
endloop
endfacet
facet normal 0.084656 0.279090 -0.956526
outer loop
vertex 0.851903 1.009567 0.550960
vertex 0.853733 1.018766 0.553806
vertex 0.857322 1.017677 0.553806
endloop
endfacet
facet normal 0.084696 0.279118 -0.956514
outer loop
vertex 0.851903 1.009567 0.550960
vertex 0.857322 1.017677 0.553806
vertex 0.853733 1.009012 0.550960
endloop
endfacet
facet normal 0.288863 0.952388 0.097548
outer loop
vertex 0.859754 1.049039 0.600000
vertex 0.859567 1.048097 0.609754
vertex 0.868766 1.045307 0.609754
endloop
endfacet
facet normal 0.288861 0.952394 0.097497
outer loop
vertex 0.859754 1.049039 0.600000
vertex 0.868766 1.045307 0.609754
vertex 0.869134 1.046194 0.600000
endloop
endfacet
facet normal 0.028607 0.094278 0.995135
outer loop
vertex 0.851903 1.009567 0.649039
vertex 0.850000 1.000000 0.650000
vertex 0.853733 1.009012 0.649039
endloop
endfacet
facet normal 0.028561 0.094173 -0.995146
outer loop
vertex 0.850000 1.000000 0.550000
vertex 0.851903 1.009567 0.550960
vertex 0.853733 1.009012 0.550960
endloop
endfacet
facet normal 0.288860 0.952396 -0.097479
outer loop
vertex 0.859567 1.048097 0.590245
vertex 0.859754 1.049039 0.600000
vertex 0.869134 1.046194 0.600000
endloop
endfacet
facet normal 0.288862 0.952389 -0.097545
outer loop
vertex 0.859567 1.048097 0.590245
vertex 0.869134 1.046194 0.600000
vertex 0.868766 1.045307 0.590245
endloop
endfacet
facet normal 0.084647 0.278995 0.956555
outer loop
vertex 0.853733 1.018766 0.646194
vertex 0.851903 1.009567 0.649039
vertex 0.853733 1.009012 0.649039
endloop
endfacet
facet normal 0.084640 0.279000 0.956554
outer loop
vertex 0.853733 1.018766 0.646194
vertex 0.853733 1.009012 0.649039
vertex 0.857322 1.017677 0.646194
endloop
endfacet
facet normal 0.223043 0.417315 -0.880965
outer loop
vertex 0.857322 1.017677 0.553806
vertex 0.860630 1.025664 0.558427
vertex 0.865433 1.023097 0.558427
endloop
endfacet
facet normal 0.223055 0.417328 -0.880956
outer loop
vertex 0.857322 1.017677 0.553806
vertex 0.865433 1.023097 0.558427
vertex 0.860630 1.015909 0.553806
endloop
endfacet
facet normal 0.451170 0.844308 0.289119
outer loop
vertex 0.868766 1.045307 0.609754
vertex 0.867677 1.042677 0.619134
vertex 0.875664 1.038409 0.619134
endloop
endfacet
facet normal 0.451348 0.844269 0.288954
outer loop
vertex 0.868766 1.045307 0.609754
vertex 0.875664 1.038409 0.619134
vertex 0.877245 1.040774 0.609754
endloop
endfacet
facet normal 0.137479 0.257222 -0.956523
outer loop
vertex 0.853733 1.009012 0.550960
vertex 0.857322 1.017677 0.553806
vertex 0.860630 1.015909 0.553806
endloop
endfacet
facet normal 0.137546 0.257150 -0.956533
outer loop
vertex 0.853733 1.009012 0.550960
vertex 0.860630 1.015909 0.553806
vertex 0.855419 1.008110 0.550960
endloop
endfacet
facet normal 0.469214 0.877684 0.097510
outer loop
vertex 0.869134 1.046194 0.600000
vertex 0.868766 1.045307 0.609754
vertex 0.877245 1.040774 0.609754
endloop
endfacet
facet normal 0.469198 0.877688 0.097561
outer loop
vertex 0.869134 1.046194 0.600000
vertex 0.877245 1.040774 0.609754
vertex 0.877778 1.041573 0.600000
endloop
endfacet
facet normal 0.046484 0.086864 0.995135
outer loop
vertex 0.853733 1.009012 0.649039
vertex 0.850000 1.000000 0.650000
vertex 0.855419 1.008110 0.649039
endloop
endfacet
facet normal 0.046446 0.086776 -0.995145
outer loop
vertex 0.850000 1.000000 0.550000
vertex 0.853733 1.009012 0.550960
vertex 0.855419 1.008110 0.550960
endloop
endfacet
facet normal 0.469204 0.877686 -0.097540
outer loop
vertex 0.868766 1.045307 0.590245
vertex 0.869134 1.046194 0.600000
vertex 0.877778 1.041573 0.600000
endloop
endfacet
facet normal 0.469217 0.877683 -0.097513
outer loop
vertex 0.868766 1.045307 0.590245
vertex 0.877778 1.041573 0.600000
vertex 0.877245 1.040774 0.590245
endloop
endfacet
facet normal 0.137524 0.257115 0.956545
outer loop
vertex 0.857322 1.017677 0.646194
vertex 0.853733 1.009012 0.649039
vertex 0.855419 1.008110 0.649039
endloop
endfacet
facet normal 0.137447 0.257121 0.956555
outer loop
vertex 0.857322 1.017677 0.646194
vertex 0.855419 1.008110 0.649039
vertex 0.860630 1.015909 0.646194
endloop
endfacet
facet normal 0.451325 0.844209 -0.289167
outer loop
vertex 0.867677 1.042677 0.580866
vertex 0.868766 1.045307 0.590245
vertex 0.877245 1.040774 0.590245
endloop
endfacet
facet normal 0.451190 0.844355 -0.288951
outer loop
vertex 0.867677 1.042677 0.580866
vertex 0.877245 1.040774 0.590245
vertex 0.875664 1.038409 0.580866
endloop
endfacet
facet normal 0.223038 0.417295 0.880976
outer loop
vertex 0.860630 1.025664 0.641573
vertex 0.857322 1.017677 0.646194
vertex 0.860630 1.015909 0.646194
endloop
endfacet
facet normal 0.223028 0.417338 0.880958
outer loop
vertex 0.860630 1.025664 0.641573
vertex 0.860630 1.015909 0.646194
vertex 0.865433 1.023097 0.641573
endloop
endfacet
facet normal 0.416115 0.778705 -0.469540
outer loop
vertex 0.865909 1.038409 0.572221
vertex 0.867677 1.042677 0.580866
vertex 0.875664 1.038409 0.580866
endloop
endfacet
facet normal 0.416180 0.778631 -0.469604
outer loop
vertex 0.865909 1.038409 0.572221
vertex 0.875664 1.038409 0.580866
vertex 0.873097 1.034567 0.572221
endloop
endfacet
facet normal 0.299833 0.561038 0.771580
outer loop
vertex 0.863530 1.032664 0.635356
vertex 0.860630 1.025664 0.641573
vertex 0.865433 1.023097 0.641573
endloop
endfacet
facet normal 0.299895 0.561040 0.771554
outer loop
vertex 0.863530 1.032664 0.635356
vertex 0.865433 1.023097 0.641573
vertex 0.869642 1.029397 0.635356
endloop
endfacet
facet normal 0.365085 0.683035 -0.632594
outer loop
vertex 0.863530 1.032664 0.564645
vertex 0.865909 1.038409 0.572221
vertex 0.873097 1.034567 0.572221
endloop
endfacet
facet normal 0.365093 0.683011 -0.632616
outer loop
vertex 0.863530 1.032664 0.564645
vertex 0.873097 1.034567 0.572221
vertex 0.869642 1.029397 0.564645
endloop
endfacet
facet normal 0.365137 0.683105 0.632489
outer loop
vertex 0.865909 1.038409 0.627778
vertex 0.863530 1.032664 0.635356
vertex 0.869642 1.029397 0.635356
endloop
endfacet
facet normal 0.365115 0.683093 0.632515
outer loop
vertex 0.865909 1.038409 0.627778
vertex 0.869642 1.029397 0.635356
vertex 0.873097 1.034567 0.627778
endloop
endfacet
facet normal 0.299901 0.561063 -0.771536
outer loop
vertex 0.860630 1.025664 0.558427
vertex 0.863530 1.032664 0.564645
vertex 0.869642 1.029397 0.564645
endloop
endfacet
facet normal 0.299890 0.561126 -0.771494
outer loop
vertex 0.860630 1.025664 0.558427
vertex 0.869642 1.029397 0.564645
vertex 0.865433 1.023097 0.558427
endloop
endfacet
facet normal 0.416193 0.778651 0.469560
outer loop
vertex 0.867677 1.042677 0.619134
vertex 0.865909 1.038409 0.627778
vertex 0.873097 1.034567 0.627778
endloop
endfacet
facet normal 0.416079 0.778662 0.469642
outer loop
vertex 0.867677 1.042677 0.619134
vertex 0.873097 1.034567 0.627778
vertex 0.875664 1.038409 0.619134
endloop
endfacet
facet normal 0.300097 0.365824 0.880974
outer loop
vertex 0.865433 1.023097 0.641573
vertex 0.860630 1.015909 0.646194
vertex 0.863530 1.013530 0.646194
endloop
endfacet
facet normal 0.300276 0.365782 0.880930
outer loop
vertex 0.865433 1.023097 0.641573
vertex 0.863530 1.013530 0.646194
vertex 0.869642 1.019642 0.641573
endloop
endfacet
facet normal 0.560107 0.682468 -0.469592
outer loop
vertex 0.873097 1.034567 0.572221
vertex 0.875664 1.038409 0.580866
vertex 0.882664 1.032664 0.580866
endloop
endfacet
facet normal 0.560068 0.682492 -0.469604
outer loop
vertex 0.873097 1.034567 0.572221
vertex 0.882664 1.032664 0.580866
vertex 0.879397 1.029397 0.572221
endloop
endfacet
facet normal 0.403645 0.491706 0.771554
outer loop
vertex 0.869642 1.029397 0.635356
vertex 0.865433 1.023097 0.641573
vertex 0.869642 1.019642 0.641573
endloop
endfacet
facet normal 0.403543 0.491739 0.771587
outer loop
vertex 0.869642 1.029397 0.635356
vertex 0.869642 1.019642 0.641573
vertex 0.875000 1.025000 0.635356
endloop
endfacet
facet normal 0.491304 0.598698 -0.632599
outer loop
vertex 0.869642 1.029397 0.564645
vertex 0.873097 1.034567 0.572221
vertex 0.879397 1.029397 0.572221
endloop
endfacet
facet normal 0.491313 0.598680 -0.632608
outer loop
vertex 0.869642 1.029397 0.564645
vertex 0.879397 1.029397 0.572221
vertex 0.875000 1.025000 0.564645
endloop
endfacet
facet normal 0.491372 0.598744 0.632502
outer loop
vertex 0.873097 1.034567 0.627778
vertex 0.869642 1.029397 0.635356
vertex 0.875000 1.025000 0.635356
endloop
endfacet
facet normal 0.491345 0.598762 0.632506
outer loop
vertex 0.873097 1.034567 0.627778
vertex 0.875000 1.025000 0.635356
vertex 0.879397 1.029397 0.627778
endloop
endfacet
facet normal 0.403612 0.491808 -0.771506
outer loop
vertex 0.865433 1.023097 0.558427
vertex 0.869642 1.029397 0.564645
vertex 0.875000 1.025000 0.564645
endloop
endfacet
facet normal 0.403624 0.491726 -0.771552
outer loop
vertex 0.865433 1.023097 0.558427
vertex 0.875000 1.025000 0.564645
vertex 0.869642 1.019642 0.558427
endloop
endfacet
facet normal 0.560047 0.682468 0.469665
outer loop
vertex 0.875664 1.038409 0.619134
vertex 0.873097 1.034567 0.627778
vertex 0.879397 1.029397 0.627778
endloop
endfacet
facet normal 0.560096 0.682460 0.469618
outer loop
vertex 0.875664 1.038409 0.619134
vertex 0.879397 1.029397 0.627778
vertex 0.882664 1.032664 0.619134
endloop
endfacet
facet normal 0.300232 0.365750 -0.880959
outer loop
vertex 0.860630 1.015909 0.553806
vertex 0.865433 1.023097 0.558427
vertex 0.869642 1.019642 0.558427
endloop
endfacet
facet normal 0.300128 0.365869 -0.880944
outer loop
vertex 0.860630 1.015909 0.553806
vertex 0.869642 1.019642 0.558427
vertex 0.863530 1.013530 0.553806
endloop
endfacet
facet normal 0.607340 0.740027 0.288959
outer loop
vertex 0.877245 1.040774 0.609754
vertex 0.875664 1.038409 0.619134
vertex 0.882664 1.032664 0.619134
endloop
endfacet
facet normal 0.607296 0.740049 0.288996
outer loop
vertex 0.877245 1.040774 0.609754
vertex 0.882664 1.032664 0.619134
vertex 0.884676 1.034676 0.609754
endloop
endfacet
facet normal 0.184974 0.225473 -0.956528
outer loop
vertex 0.855419 1.008110 0.550960
vertex 0.860630 1.015909 0.553806
vertex 0.863530 1.013530 0.553806
endloop
endfacet
facet normal 0.184853 0.225557 -0.956532
outer loop
vertex 0.855419 1.008110 0.550960
vertex 0.863530 1.013530 0.553806
vertex 0.856898 1.006898 0.550960
endloop
endfacet
facet normal 0.631344 0.769345 0.097540
outer loop
vertex 0.877778 1.041573 0.600000
vertex 0.877245 1.040774 0.609754
vertex 0.884676 1.034676 0.609754
endloop
endfacet
facet normal 0.631232 0.769422 0.097651
outer loop
vertex 0.877778 1.041573 0.600000
vertex 0.884676 1.034676 0.609754
vertex 0.885356 1.035356 0.600000
endloop
endfacet
facet normal 0.062411 0.076198 0.995137
outer loop
vertex 0.855419 1.008110 0.649039
vertex 0.850000 1.000000 0.650000
vertex 0.856898 1.006898 0.649039
endloop
endfacet
facet normal 0.062349 0.076117 -0.995148
outer loop
vertex 0.850000 1.000000 0.550000
vertex 0.855419 1.008110 0.550960
vertex 0.856898 1.006898 0.550960
endloop
endfacet
facet normal 0.631246 0.769425 -0.097538
outer loop
vertex 0.877245 1.040774 0.590245
vertex 0.877778 1.041573 0.600000
vertex 0.885356 1.035356 0.600000
endloop
endfacet
facet normal 0.631324 0.769350 -0.097624
outer loop
vertex 0.877245 1.040774 0.590245
vertex 0.885356 1.035356 0.600000
vertex 0.884676 1.034676 0.590245
endloop
endfacet
facet normal 0.184795 0.225458 0.956567
outer loop
vertex 0.860630 1.015909 0.646194
vertex 0.855419 1.008110 0.649039
vertex 0.856898 1.006898 0.649039
endloop
endfacet
facet normal 0.184913 0.225423 0.956552
outer loop
vertex 0.860630 1.015909 0.646194
vertex 0.856898 1.006898 0.649039
vertex 0.863530 1.013530 0.646194
endloop
endfacet
facet normal 0.607293 0.740059 -0.288978
outer loop
vertex 0.875664 1.038409 0.580866
vertex 0.877245 1.040774 0.590245
vertex 0.884676 1.034676 0.590245
endloop
endfacet
facet normal 0.607330 0.740007 -0.289032
outer loop
vertex 0.875664 1.038409 0.580866
vertex 0.884676 1.034676 0.590245
vertex 0.882664 1.032664 0.580866
endloop
endfacet
facet normal 0.740018 0.607335 0.288994
outer loop
vertex 0.884676 1.034676 0.609754
vertex 0.882664 1.032664 0.619134
vertex 0.888409 1.025664 0.619134
endloop
endfacet
facet normal 0.740048 0.607310 0.288971
outer loop
vertex 0.884676 1.034676 0.609754
vertex 0.888409 1.025664 0.619134
vertex 0.890774 1.027245 0.609754
endloop
endfacet
facet normal 0.225512 0.184995 -0.956515
outer loop
vertex 0.856898 1.006898 0.550960
vertex 0.863530 1.013530 0.553806
vertex 0.865909 1.010630 0.553806
endloop
endfacet
facet normal 0.225537 0.184816 -0.956544
outer loop
vertex 0.856898 1.006898 0.550960
vertex 0.865909 1.010630 0.553806
vertex 0.858110 1.005419 0.550960
endloop
endfacet
facet normal 0.769345 0.631328 0.097636
outer loop
vertex 0.885356 1.035356 0.600000
vertex 0.884676 1.034676 0.609754
vertex 0.890774 1.027245 0.609754
endloop
endfacet
facet normal 0.769431 0.631240 0.097528
outer loop
vertex 0.885356 1.035356 0.600000
vertex 0.890774 1.027245 0.609754
vertex 0.891573 1.027778 0.600000
endloop
endfacet
facet normal 0.076213 0.062439 0.995135
outer loop
vertex 0.856898 1.006898 0.649039
vertex 0.850000 1.000000 0.650000
vertex 0.858110 1.005419 0.649039
endloop
endfacet
facet normal 0.076130 0.062374 -0.995145
outer loop
vertex 0.850000 1.000000 0.550000
vertex 0.856898 1.006898 0.550960
vertex 0.858110 1.005419 0.550960
endloop
endfacet
facet normal 0.769428 0.631227 -0.097634
outer loop
vertex 0.884676 1.034676 0.590245
vertex 0.885356 1.035356 0.600000
vertex 0.891573 1.027778 0.600000
endloop
endfacet
facet normal 0.769348 0.631345 -0.097508
outer loop
vertex 0.884676 1.034676 0.590245
vertex 0.891573 1.027778 0.600000
vertex 0.890774 1.027245 0.590245
endloop
endfacet
facet normal 0.225503 0.184826 0.956550
outer loop
vertex 0.863530 1.013530 0.646194
vertex 0.856898 1.006898 0.649039
vertex 0.858110 1.005419 0.649039
endloop
endfacet
facet normal 0.225401 0.184895 0.956561
outer loop
vertex 0.863530 1.013530 0.646194
vertex 0.858110 1.005419 0.649039
vertex 0.865909 1.010630 0.646194
endloop
endfacet
facet normal 0.740035 0.607296 -0.289032
outer loop
vertex 0.882664 1.032664 0.580866
vertex 0.884676 1.034676 0.590245
vertex 0.890774 1.027245 0.590245
endloop
endfacet
facet normal 0.740021 0.607339 -0.288978
outer loop
vertex 0.882664 1.032664 0.580866
vertex 0.890774 1.027245 0.590245
vertex 0.888409 1.025664 0.580866
endloop
endfacet
facet normal 0.365869 0.300151 0.880937
outer loop
vertex 0.869642 1.019642 0.641573
vertex 0.863530 1.013530 0.646194
vertex 0.865909 1.010630 0.646194
endloop
endfacet
facet normal 0.365746 0.300222 0.880964
outer loop
vertex 0.869642 1.019642 0.641573
vertex 0.865909 1.010630 0.646194
vertex 0.873097 1.015433 0.641573
endloop
endfacet
facet normal 0.682461 0.560112 -0.469597
outer loop
vertex 0.879397 1.029397 0.572221
vertex 0.882664 1.032664 0.580866
vertex 0.888409 1.025664 0.580866
endloop
endfacet
facet normal 0.682493 0.560076 -0.469593
outer loop
vertex 0.879397 1.029397 0.572221
vertex 0.888409 1.025664 0.580866
vertex 0.884567 1.023097 0.572221
endloop
endfacet
facet normal 0.491690 0.403604 0.771586
outer loop
vertex 0.875000 1.025000 0.635356
vertex 0.869642 1.019642 0.641573
vertex 0.873097 1.015433 0.641573
endloop
endfacet
facet normal 0.491775 0.403573 0.771548
outer loop
vertex 0.875000 1.025000 0.635356
vertex 0.873097 1.015433 0.641573
vertex 0.879397 1.019642 0.635356
endloop
endfacet
facet normal 0.598681 0.491300 -0.632618
outer loop
vertex 0.875000 1.025000 0.564645
vertex 0.879397 1.029397 0.572221
vertex 0.884567 1.023097 0.572221
endloop
endfacet
facet normal 0.598670 0.491309 -0.632621
outer loop
vertex 0.875000 1.025000 0.564645
vertex 0.884567 1.023097 0.572221
vertex 0.879397 1.019642 0.564645
endloop
endfacet
facet normal 0.598746 0.491343 0.632523
outer loop
vertex 0.879397 1.029397 0.627778
vertex 0.875000 1.025000 0.635356
vertex 0.879397 1.019642 0.635356
endloop
endfacet
facet normal 0.598733 0.491356 0.632525
outer loop
vertex 0.879397 1.029397 0.627778
vertex 0.879397 1.019642 0.635356
vertex 0.884567 1.023097 0.627778
endloop
endfacet
facet normal 0.491785 0.403574 -0.771541
outer loop
vertex 0.869642 1.019642 0.558427
vertex 0.875000 1.025000 0.564645
vertex 0.879397 1.019642 0.564645
endloop
endfacet
facet normal 0.491779 0.403682 -0.771488
outer loop
vertex 0.869642 1.019642 0.558427
vertex 0.879397 1.019642 0.564645
vertex 0.873097 1.015433 0.558427
endloop
endfacet
facet normal 0.682484 0.560070 0.469614
outer loop
vertex 0.882664 1.032664 0.619134
vertex 0.879397 1.029397 0.627778
vertex 0.884567 1.023097 0.627778
endloop
endfacet
facet normal 0.682444 0.560083 0.469656
outer loop
vertex 0.882664 1.032664 0.619134
vertex 0.884567 1.023097 0.627778
vertex 0.888409 1.025664 0.619134
endloop
endfacet
facet normal 0.365773 0.300258 -0.880940
outer loop
vertex 0.863530 1.013530 0.553806
vertex 0.869642 1.019642 0.558427
vertex 0.873097 1.015433 0.558427
endloop
endfacet
facet normal 0.365830 0.300098 -0.880971
outer loop
vertex 0.863530 1.013530 0.553806
vertex 0.873097 1.015433 0.558427
vertex 0.865909 1.010630 0.553806
endloop
endfacet
facet normal 0.778676 0.416094 -0.469606
outer loop
vertex 0.884567 1.023097 0.572221
vertex 0.888409 1.025664 0.580866
vertex 0.892677 1.017677 0.580866
endloop
endfacet
facet normal 0.778660 0.416190 -0.469546
outer loop
vertex 0.884567 1.023097 0.572221
vertex 0.892677 1.017677 0.580866
vertex 0.888409 1.015909 0.572221
endloop
endfacet
facet normal 0.561041 0.299869 0.771564
outer loop
vertex 0.879397 1.019642 0.635356
vertex 0.873097 1.015433 0.641573
vertex 0.875664 1.010630 0.641573
endloop
endfacet
facet normal 0.561030 0.299872 0.771571
outer loop
vertex 0.879397 1.019642 0.635356
vertex 0.875664 1.010630 0.641573
vertex 0.882664 1.013530 0.635356
endloop
endfacet
facet normal 0.683043 0.365077 -0.632591
outer loop
vertex 0.879397 1.019642 0.564645
vertex 0.884567 1.023097 0.572221
vertex 0.888409 1.015909 0.572221
endloop
endfacet
facet normal 0.683016 0.365078 -0.632619
outer loop
vertex 0.879397 1.019642 0.564645
vertex 0.888409 1.015909 0.572221
vertex 0.882664 1.013530 0.564645
endloop
endfacet
facet normal 0.683103 0.365132 0.632494
outer loop
vertex 0.884567 1.023097 0.627778
vertex 0.879397 1.019642 0.635356
vertex 0.882664 1.013530 0.635356
endloop
endfacet
facet normal 0.683097 0.365112 0.632513
outer loop
vertex 0.884567 1.023097 0.627778
vertex 0.882664 1.013530 0.635356
vertex 0.888409 1.015909 0.627778
endloop
endfacet
facet normal 0.561086 0.299913 -0.771515
outer loop
vertex 0.873097 1.015433 0.558427
vertex 0.879397 1.019642 0.564645
vertex 0.882664 1.013530 0.564645
endloop
endfacet
facet normal 0.561079 0.299861 -0.771540
outer loop
vertex 0.873097 1.015433 0.558427
vertex 0.882664 1.013530 0.564645
vertex 0.875664 1.010630 0.558427
endloop
endfacet
facet normal 0.778615 0.416167 0.469641
outer loop
vertex 0.888409 1.025664 0.619134
vertex 0.884567 1.023097 0.627778
vertex 0.888409 1.015909 0.627778
endloop
endfacet
facet normal 0.778677 0.416106 0.469594
outer loop
vertex 0.888409 1.025664 0.619134
vertex 0.888409 1.015909 0.627778
vertex 0.892677 1.017677 0.619134
endloop
endfacet
facet normal 0.417339 0.223047 -0.880953
outer loop
vertex 0.865909 1.010630 0.553806
vertex 0.873097 1.015433 0.558427
vertex 0.875664 1.010630 0.558427
endloop
endfacet
facet normal 0.417311 0.223027 -0.880971
outer loop
vertex 0.865909 1.010630 0.553806
vertex 0.875664 1.010630 0.558427
vertex 0.867677 1.007322 0.553806
endloop
endfacet
facet normal 0.844357 0.451201 0.288926
outer loop
vertex 0.890774 1.027245 0.609754
vertex 0.888409 1.025664 0.619134
vertex 0.892677 1.017677 0.619134
endloop
endfacet
facet normal 0.844229 0.451326 0.289105
outer loop
vertex 0.890774 1.027245 0.609754
vertex 0.892677 1.017677 0.619134
vertex 0.895307 1.018766 0.609754
endloop
endfacet
facet normal 0.257201 0.137474 -0.956529
outer loop
vertex 0.858110 1.005419 0.550960
vertex 0.865909 1.010630 0.553806
vertex 0.867677 1.007322 0.553806
endloop
endfacet
facet normal 0.257197 0.137583 -0.956515
outer loop
vertex 0.858110 1.005419 0.550960
vertex 0.867677 1.007322 0.553806
vertex 0.859012 1.003733 0.550960
endloop
endfacet
facet normal 0.877681 0.469217 0.097528
outer loop
vertex 0.891573 1.027778 0.600000
vertex 0.890774 1.027245 0.609754
vertex 0.895307 1.018766 0.609754
endloop
endfacet
facet normal 0.877691 0.469197 0.097534
outer loop
vertex 0.891573 1.027778 0.600000
vertex 0.895307 1.018766 0.609754
vertex 0.896194 1.019134 0.600000
endloop
endfacet
facet normal 0.086881 0.046474 0.995134
outer loop
vertex 0.858110 1.005419 0.649039
vertex 0.850000 1.000000 0.650000
vertex 0.859012 1.003733 0.649039
endloop
endfacet
facet normal 0.086768 0.046430 -0.995146
outer loop
vertex 0.850000 1.000000 0.550000
vertex 0.858110 1.005419 0.550960
vertex 0.859012 1.003733 0.550960
endloop
endfacet
facet normal 0.877687 0.469205 -0.097530
outer loop
vertex 0.890774 1.027245 0.590245
vertex 0.891573 1.027778 0.600000
vertex 0.896194 1.019134 0.600000
endloop
endfacet
facet normal 0.877686 0.469211 -0.097511
outer loop
vertex 0.890774 1.027245 0.590245
vertex 0.896194 1.019134 0.600000
vertex 0.895307 1.018766 0.590245
endloop
endfacet
facet normal 0.257050 0.137521 0.956563
outer loop
vertex 0.865909 1.010630 0.646194
vertex 0.858110 1.005419 0.649039
vertex 0.859012 1.003733 0.649039
endloop
endfacet
facet normal 0.257141 0.137439 0.956551
outer loop
vertex 0.865909 1.010630 0.646194
vertex 0.859012 1.003733 0.649039
vertex 0.867677 1.007322 0.646194
endloop
endfacet
facet normal 0.844258 0.451346 -0.288990
outer loop
vertex 0.888409 1.025664 0.580866
vertex 0.890774 1.027245 0.590245
vertex 0.895307 1.018766 0.590245
endloop
endfacet
facet normal 0.844311 0.451166 -0.289117
outer loop
vertex 0.888409 1.025664 0.580866
vertex 0.895307 1.018766 0.590245
vertex 0.892677 1.017677 0.580866
endloop
endfacet
facet normal 0.417324 0.223041 0.880962
outer loop
vertex 0.873097 1.015433 0.641573
vertex 0.865909 1.010630 0.646194
vertex 0.867677 1.007322 0.646194
endloop
endfacet
facet normal 0.417317 0.223035 0.880967
outer loop
vertex 0.873097 1.015433 0.641573
vertex 0.867677 1.007322 0.646194
vertex 0.875664 1.010630 0.641573
endloop
endfacet
facet normal 0.279104 0.084688 -0.956519
outer loop
vertex 0.859012 1.003733 0.550960
vertex 0.867677 1.007322 0.553806
vertex 0.868766 1.003733 0.553806
endloop
endfacet
facet normal 0.279072 0.084644 -0.956532
outer loop
vertex 0.859012 1.003733 0.550960
vertex 0.868766 1.003733 0.553806
vertex 0.859567 1.001903 0.550960
endloop
endfacet
facet normal 0.952389 0.288871 0.097510
outer loop
vertex 0.896194 1.019134 0.600000
vertex 0.895307 1.018766 0.609754
vertex 0.898097 1.009567 0.609754
endloop
endfacet
facet normal 0.952387 0.288878 0.097515
outer loop
vertex 0.896194 1.019134 0.600000
vertex 0.898097 1.009567 0.609754
vertex 0.899039 1.009754 0.600000
endloop
endfacet
facet normal 0.094271 0.028598 0.995136
outer loop
vertex 0.859012 1.003733 0.649039
vertex 0.850000 1.000000 0.650000
vertex 0.859567 1.001903 0.649039
endloop
endfacet
facet normal 0.094193 0.028566 -0.995144
outer loop
vertex 0.850000 1.000000 0.550000
vertex 0.859012 1.003733 0.550960
vertex 0.859567 1.001903 0.550960
endloop
endfacet
facet normal 0.952392 0.288865 -0.097502
outer loop
vertex 0.895307 1.018766 0.590245
vertex 0.896194 1.019134 0.600000
vertex 0.899039 1.009754 0.600000
endloop
endfacet
facet normal 0.952392 0.288865 -0.097503
outer loop
vertex 0.895307 1.018766 0.590245
vertex 0.899039 1.009754 0.600000
vertex 0.898097 1.009567 0.590245
endloop
endfacet
facet normal 0.279019 0.084633 0.956549
outer loop
vertex 0.867677 1.007322 0.646194
vertex 0.859012 1.003733 0.649039
vertex 0.859567 1.001903 0.649039
endloop
endfacet
facet normal 0.279007 0.084649 0.956551
outer loop
vertex 0.867677 1.007322 0.646194
vertex 0.859567 1.001903 0.649039
vertex 0.868766 1.003733 0.646194
endloop
endfacet
facet normal 0.916079 0.277853 -0.289131
outer loop
vertex 0.892677 1.017677 0.580866
vertex 0.895307 1.018766 0.590245
vertex 0.898097 1.009567 0.590245
endloop
endfacet
facet normal 0.916070 0.278043 -0.288976
outer loop
vertex 0.892677 1.017677 0.580866
vertex 0.898097 1.009567 0.590245
vertex 0.895307 1.009012 0.580866
endloop
endfacet
facet normal 0.452795 0.137401 0.880964
outer loop
vertex 0.875664 1.010630 0.641573
vertex 0.867677 1.007322 0.646194
vertex 0.868766 1.003733 0.646194
endloop
endfacet
facet normal 0.452813 0.137375 0.880959
outer loop
vertex 0.875664 1.010630 0.641573
vertex 0.868766 1.003733 0.646194
vertex 0.877245 1.005419 0.641573
endloop
endfacet
facet normal 0.844855 0.256427 -0.469537
outer loop
vertex 0.888409 1.015909 0.572221
vertex 0.892677 1.017677 0.580866
vertex 0.895307 1.009012 0.580866
endloop
endfacet
facet normal 0.844825 0.256192 -0.469719
outer loop
vertex 0.888409 1.015909 0.572221
vertex 0.895307 1.009012 0.580866
vertex 0.890774 1.008110 0.572221
endloop
endfacet
facet normal 0.608752 0.184694 0.771563
outer loop
vertex 0.882664 1.013530 0.635356
vertex 0.875664 1.010630 0.641573
vertex 0.877245 1.005419 0.641573
endloop
endfacet
facet normal 0.608763 0.184680 0.771558
outer loop
vertex 0.882664 1.013530 0.635356
vertex 0.877245 1.005419 0.641573
vertex 0.884676 1.006898 0.635356
endloop
endfacet
facet normal 0.741148 0.224759 -0.632600
outer loop
vertex 0.882664 1.013530 0.564645
vertex 0.888409 1.015909 0.572221
vertex 0.890774 1.008110 0.572221
endloop
endfacet
facet normal 0.741164 0.224849 -0.632550
outer loop
vertex 0.882664 1.013530 0.564645
vertex 0.890774 1.008110 0.572221
vertex 0.884676 1.006898 0.564645
endloop
endfacet
facet normal 0.741199 0.224857 0.632506
outer loop
vertex 0.888409 1.015909 0.627778
vertex 0.882664 1.013530 0.635356
vertex 0.884676 1.006898 0.635356
endloop
endfacet
facet normal 0.741258 0.224794 0.632459
outer loop
vertex 0.888409 1.015909 0.627778
vertex 0.884676 1.006898 0.635356
vertex 0.890774 1.008110 0.627778
endloop
endfacet
facet normal 0.608826 0.184714 -0.771500
outer loop
vertex 0.875664 1.010630 0.558427
vertex 0.882664 1.013530 0.564645
vertex 0.884676 1.006898 0.564645
endloop
endfacet
facet normal 0.608793 0.184697 -0.771530
outer loop
vertex 0.875664 1.010630 0.558427
vertex 0.884676 1.006898 0.564645
vertex 0.877245 1.005419 0.558427
endloop
endfacet
facet normal 0.844902 0.256208 0.469572
outer loop
vertex 0.892677 1.017677 0.619134
vertex 0.888409 1.015909 0.627778
vertex 0.890774 1.008110 0.627778
endloop
endfacet
facet normal 0.844751 0.256394 0.469743
outer loop
vertex 0.892677 1.017677 0.619134
vertex 0.890774 1.008110 0.627778
vertex 0.895307 1.009012 0.619134
endloop
endfacet
facet normal 0.452812 0.137388 -0.880957
outer loop
vertex 0.867677 1.007322 0.553806
vertex 0.875664 1.010630 0.558427
vertex 0.877245 1.005419 0.558427
endloop
endfacet
facet normal 0.452796 0.137378 -0.880967
outer loop
vertex 0.867677 1.007322 0.553806
vertex 0.877245 1.005419 0.558427
vertex 0.868766 1.003733 0.553806
endloop
endfacet
facet normal 0.916032 0.278026 0.289115
outer loop
vertex 0.895307 1.018766 0.609754
vertex 0.892677 1.017677 0.619134
vertex 0.895307 1.009012 0.619134
endloop
endfacet
facet normal 0.916130 0.277877 0.288947
outer loop
vertex 0.895307 1.018766 0.609754
vertex 0.895307 1.009012 0.619134
vertex 0.898097 1.009567 0.609754
endloop
endfacet
facet normal 0.770776 0.075930 -0.632565
outer loop
vertex 0.884676 1.006898 0.564645
vertex 0.890774 1.008110 0.572221
vertex 0.891573 1.000000 0.572221
endloop
endfacet
facet normal 0.770796 0.075978 -0.632536
outer loop
vertex 0.884676 1.006898 0.564645
vertex 0.891573 1.000000 0.572221
vertex 0.885356 1.000000 0.564645
endloop
endfacet
facet normal 0.770854 0.075977 0.632465
outer loop
vertex 0.890774 1.008110 0.627778
vertex 0.884676 1.006898 0.635356
vertex 0.885356 1.000000 0.635356
endloop
endfacet
facet normal 0.770880 0.075944 0.632437
outer loop
vertex 0.890774 1.008110 0.627778
vertex 0.885356 1.000000 0.635356
vertex 0.891573 1.000000 0.627778
endloop
endfacet
facet normal 0.633137 0.062415 -0.771519
outer loop
vertex 0.877245 1.005419 0.558427
vertex 0.884676 1.006898 0.564645
vertex 0.885356 1.000000 0.564645
endloop
endfacet
facet normal 0.633106 0.062278 -0.771556
outer loop
vertex 0.877245 1.005419 0.558427
vertex 0.885356 1.000000 0.564645
vertex 0.877778 1.000000 0.558427
endloop
endfacet
facet normal 0.878551 0.086556 0.469741
outer loop
vertex 0.895307 1.009012 0.619134
vertex 0.890774 1.008110 0.627778
vertex 0.891573 1.000000 0.627778
endloop
endfacet
facet normal 0.878585 0.086478 0.469691
outer loop
vertex 0.895307 1.009012 0.619134
vertex 0.891573 1.000000 0.627778
vertex 0.896194 1.000000 0.619134
endloop
endfacet
facet normal 0.470906 0.046323 -0.880967
outer loop
vertex 0.868766 1.003733 0.553806
vertex 0.877245 1.005419 0.558427
vertex 0.877778 1.000000 0.558427
endloop
endfacet
facet normal 0.470933 0.046427 -0.880946
outer loop
vertex 0.868766 1.003733 0.553806
vertex 0.877778 1.000000 0.558427
vertex 0.869134 1.000000 0.553806
endloop
endfacet
facet normal 0.952745 0.093757 0.288940
outer loop
vertex 0.898097 1.009567 0.609754
vertex 0.895307 1.009012 0.619134
vertex 0.896194 1.000000 0.619134
endloop
endfacet
facet normal 0.952729 0.093813 0.288975
outer loop
vertex 0.898097 1.009567 0.609754
vertex 0.896194 1.000000 0.619134
vertex 0.899039 1.000000 0.609754
endloop
endfacet
facet normal 0.290240 0.028611 -0.956526
outer loop
vertex 0.859567 1.001903 0.550960
vertex 0.868766 1.003733 0.553806
vertex 0.869134 1.000000 0.553806
endloop
endfacet
facet normal 0.290238 0.028497 -0.956530
outer loop
vertex 0.859567 1.001903 0.550960
vertex 0.869134 1.000000 0.553806
vertex 0.859754 1.000000 0.550960
endloop
endfacet
facet normal 0.990446 0.097505 0.097521
outer loop
vertex 0.899039 1.009754 0.600000
vertex 0.898097 1.009567 0.609754
vertex 0.899039 1.000000 0.609754
endloop
endfacet
facet normal 0.990431 0.097594 0.097577
outer loop
vertex 0.899039 1.009754 0.600000
vertex 0.899039 1.000000 0.609754
vertex 0.900000 1.000000 0.600000
endloop
endfacet
facet normal 0.098056 0.009630 0.995134
outer loop
vertex 0.859567 1.001903 0.649039
vertex 0.850000 1.000000 0.650000
vertex 0.859754 1.000000 0.649039
endloop
endfacet
facet normal 0.097932 0.009617 -0.995147
outer loop
vertex 0.850000 1.000000 0.550000
vertex 0.859567 1.001903 0.550960
vertex 0.859754 1.000000 0.550960
endloop
endfacet
facet normal 0.990439 0.097583 -0.097510
outer loop
vertex 0.898097 1.009567 0.590245
vertex 0.899039 1.009754 0.600000
vertex 0.900000 1.000000 0.600000
endloop
endfacet
facet normal 0.990440 0.097514 -0.097567
outer loop
vertex 0.898097 1.009567 0.590245
vertex 0.900000 1.000000 0.600000
vertex 0.899039 1.000000 0.590245
endloop
endfacet
facet normal 0.290173 0.028501 0.956550
outer loop
vertex 0.868766 1.003733 0.646194
vertex 0.859567 1.001903 0.649039
vertex 0.859754 1.000000 0.649039
endloop
endfacet
facet normal 0.290128 0.028598 0.956560
outer loop
vertex 0.868766 1.003733 0.646194
vertex 0.859754 1.000000 0.649039
vertex 0.869134 1.000000 0.646194
endloop
endfacet
facet normal 0.952729 0.093823 -0.288971
outer loop
vertex 0.895307 1.009012 0.580866
vertex 0.898097 1.009567 0.590245
vertex 0.899039 1.000000 0.590245
endloop
endfacet
facet normal 0.952727 0.093764 -0.288998
outer loop
vertex 0.895307 1.009012 0.580866
vertex 0.899039 1.000000 0.590245
vertex 0.896194 1.000000 0.580866
endloop
endfacet
facet normal 0.470870 0.046422 0.880980
outer loop
vertex 0.877245 1.005419 0.641573
vertex 0.868766 1.003733 0.646194
vertex 0.869134 1.000000 0.646194
endloop
endfacet
facet normal 0.470955 0.046327 0.880940
outer loop
vertex 0.877245 1.005419 0.641573
vertex 0.869134 1.000000 0.646194
vertex 0.877778 1.000000 0.641573
endloop
endfacet
facet normal 0.878585 0.086478 -0.469692
outer loop
vertex 0.890774 1.008110 0.572221
vertex 0.895307 1.009012 0.580866
vertex 0.896194 1.000000 0.580866
endloop
endfacet
facet normal 0.878600 0.086552 -0.469650
outer loop
vertex 0.890774 1.008110 0.572221
vertex 0.896194 1.000000 0.580866
vertex 0.891573 1.000000 0.572221
endloop
endfacet
facet normal 0.633107 0.062270 0.771555
outer loop
vertex 0.884676 1.006898 0.635356
vertex 0.877245 1.005419 0.641573
vertex 0.877778 1.000000 0.641573
endloop
endfacet
facet normal 0.633039 0.062401 0.771601
outer loop
vertex 0.884676 1.006898 0.635356
vertex 0.877778 1.000000 0.641573
vertex 0.885356 1.000000 0.635356
endloop
endfacet
facet normal 0.098043 -0.009630 0.995136
outer loop
vertex 0.859754 1.000000 0.649039
vertex 0.850000 1.000000 0.650000
vertex 0.859567 0.998097 0.649039
endloop
endfacet
facet normal 0.097932 -0.009617 -0.995147
outer loop
vertex 0.850000 1.000000 0.550000
vertex 0.859754 1.000000 0.550960
vertex 0.859567 0.998097 0.550960
endloop
endfacet
facet normal 0.990436 -0.097553 -0.097565
outer loop
vertex 0.899039 1.000000 0.590245
vertex 0.900000 1.000000 0.600000
vertex 0.899039 0.990245 0.600000
endloop
endfacet
facet normal 0.990443 -0.097534 -0.097522
outer loop
vertex 0.899039 1.000000 0.590245
vertex 0.899039 0.990245 0.600000
vertex 0.898097 0.990433 0.590245
endloop
endfacet
facet normal 0.290134 -0.028498 0.956562
outer loop
vertex 0.869134 1.000000 0.646194
vertex 0.859754 1.000000 0.649039
vertex 0.859567 0.998097 0.649039
endloop
endfacet
facet normal 0.290128 -0.028598 0.956560
outer loop
vertex 0.869134 1.000000 0.646194
vertex 0.859567 0.998097 0.649039
vertex 0.868766 0.996267 0.646194
endloop
endfacet
facet normal 0.952722 -0.093803 -0.289001
outer loop
vertex 0.896194 1.000000 0.580866
vertex 0.899039 1.000000 0.590245
vertex 0.898097 0.990433 0.590245
endloop
endfacet
facet normal 0.952735 -0.093786 -0.288963
outer loop
vertex 0.896194 1.000000 0.580866
vertex 0.898097 0.990433 0.590245
vertex 0.895307 0.990988 0.580866
endloop
endfacet
facet normal 0.470954 -0.046428 0.880935
outer loop
vertex 0.877778 1.000000 0.641573
vertex 0.869134 1.000000 0.646194
vertex 0.868766 0.996267 0.646194
endloop
endfacet
facet normal 0.470908 -0.046323 0.880965
outer loop
vertex 0.877778 1.000000 0.641573
vertex 0.868766 0.996267 0.646194
vertex 0.877245 0.994581 0.641573
endloop
endfacet
facet normal 0.878611 -0.086481 -0.469643
outer loop
vertex 0.891573 1.000000 0.572221
vertex 0.896194 1.000000 0.580866
vertex 0.895307 0.990988 0.580866
endloop
endfacet
facet normal 0.878570 -0.086549 -0.469707
outer loop
vertex 0.891573 1.000000 0.572221
vertex 0.895307 0.990988 0.580866
vertex 0.890774 0.991890 0.572221
endloop
endfacet
facet normal 0.633042 -0.062265 0.771609
outer loop
vertex 0.885356 1.000000 0.635356
vertex 0.877778 1.000000 0.641573
vertex 0.877245 0.994581 0.641573
endloop
endfacet
facet normal 0.633089 -0.062414 0.771559
outer loop
vertex 0.885356 1.000000 0.635356
vertex 0.877245 0.994581 0.641573
vertex 0.884676 0.993103 0.635356
endloop
endfacet
facet normal 0.770799 -0.075933 -0.632537
outer loop
vertex 0.885356 1.000000 0.564645
vertex 0.891573 1.000000 0.572221
vertex 0.890774 0.991890 0.572221
endloop
endfacet
facet normal 0.770758 -0.075985 -0.632581
outer loop
vertex 0.885356 1.000000 0.564645
vertex 0.890774 0.991890 0.572221
vertex 0.884676 0.993103 0.564645
endloop
endfacet
facet normal 0.770877 -0.076004 0.632434
outer loop
vertex 0.891573 1.000000 0.627778
vertex 0.885356 1.000000 0.635356
vertex 0.884676 0.993103 0.635356
endloop
endfacet
facet normal 0.770850 -0.075930 0.632475
outer loop
vertex 0.891573 1.000000 0.627778
vertex 0.884676 0.993103 0.635356
vertex 0.890774 0.991890 0.627778
endloop
endfacet
facet normal 0.633092 -0.062419 -0.771555
outer loop
vertex 0.877778 1.000000 0.558427
vertex 0.885356 1.000000 0.564645
vertex 0.884676 0.993103 0.564645
endloop
endfacet
facet normal 0.633175 -0.062285 -0.771498
outer loop
vertex 0.877778 1.000000 0.558427
vertex 0.884676 0.993103 0.564645
vertex 0.877245 0.994581 0.558427
endloop
endfacet
facet normal 0.878580 -0.086559 0.469686
outer loop
vertex 0.896194 1.000000 0.619134
vertex 0.891573 1.000000 0.627778
vertex 0.890774 0.991890 0.627778
endloop
endfacet
facet normal 0.878560 -0.086476 0.469739
outer loop
vertex 0.896194 1.000000 0.619134
vertex 0.890774 0.991890 0.627778
vertex 0.895307 0.990988 0.619134
endloop
endfacet
facet normal 0.470949 -0.046328 -0.880943
outer loop
vertex 0.869134 1.000000 0.553806
vertex 0.877778 1.000000 0.558427
vertex 0.877245 0.994581 0.558427
endloop
endfacet
facet normal 0.470877 -0.046421 -0.880977
outer loop
vertex 0.869134 1.000000 0.553806
vertex 0.877245 0.994581 0.558427
vertex 0.868766 0.996267 0.553806
endloop
endfacet
facet normal 0.952734 -0.093777 0.288971
outer loop
vertex 0.899039 1.000000 0.609754
vertex 0.896194 1.000000 0.619134
vertex 0.895307 0.990988 0.619134
endloop
endfacet
facet normal 0.952740 -0.093795 0.288944
outer loop
vertex 0.899039 1.000000 0.609754
vertex 0.895307 0.990988 0.619134
vertex 0.898097 0.990433 0.609754
endloop
endfacet
facet normal 0.290226 -0.028609 -0.956530
outer loop
vertex 0.859754 1.000000 0.550960
vertex 0.869134 1.000000 0.553806
vertex 0.868766 0.996267 0.553806
endloop
endfacet
facet normal 0.290254 -0.028500 -0.956525
outer loop
vertex 0.859754 1.000000 0.550960
vertex 0.868766 0.996267 0.553806
vertex 0.859567 0.998097 0.550960
endloop
endfacet
facet normal 0.990438 -0.097523 0.097576
outer loop
vertex 0.900000 1.000000 0.600000
vertex 0.899039 1.000000 0.609754
vertex 0.898097 0.990433 0.609754
endloop
endfacet
facet normal 0.990439 -0.097564 0.097532
outer loop
vertex 0.900000 1.000000 0.600000
vertex 0.898097 0.990433 0.609754
vertex 0.899039 0.990245 0.600000
endloop
endfacet
facet normal 0.741236 -0.224848 0.632465
outer loop
vertex 0.890774 0.991890 0.627778
vertex 0.884676 0.993103 0.635356
vertex 0.882664 0.986470 0.635356
endloop
endfacet
facet normal 0.741227 -0.224770 0.632504
outer loop
vertex 0.890774 0.991890 0.627778
vertex 0.882664 0.986470 0.635356
vertex 0.888409 0.984091 0.627778
endloop
endfacet
facet normal 0.608832 -0.184675 -0.771504
outer loop
vertex 0.877245 0.994581 0.558427
vertex 0.884676 0.993103 0.564645
vertex 0.882664 0.986470 0.564645
endloop
endfacet
facet normal 0.608816 -0.184686 -0.771514
outer loop
vertex 0.877245 0.994581 0.558427
vertex 0.882664 0.986470 0.564645
vertex 0.875664 0.989369 0.558427
endloop
endfacet
facet normal 0.844819 -0.256172 0.469740
outer loop
vertex 0.895307 0.990988 0.619134
vertex 0.890774 0.991890 0.627778
vertex 0.888409 0.984091 0.627778
endloop
endfacet
facet normal 0.844824 -0.256391 0.469612
outer loop
vertex 0.895307 0.990988 0.619134
vertex 0.888409 0.984091 0.627778
vertex 0.892677 0.982322 0.619134
endloop
endfacet
facet normal 0.452813 -0.137344 -0.880964
outer loop
vertex 0.868766 0.996267 0.553806
vertex 0.877245 0.994581 0.558427
vertex 0.875664 0.989369 0.558427
endloop
endfacet
facet normal 0.452809 -0.137371 -0.880961
outer loop
vertex 0.868766 0.996267 0.553806
vertex 0.875664 0.989369 0.558427
vertex 0.867677 0.992677 0.553806
endloop
endfacet
facet normal 0.916085 -0.278031 0.288941
outer loop
vertex 0.898097 0.990433 0.609754
vertex 0.895307 0.990988 0.619134
vertex 0.892677 0.982322 0.619134
endloop
endfacet
facet normal 0.916094 -0.277850 0.289087
outer loop
vertex 0.898097 0.990433 0.609754
vertex 0.892677 0.982322 0.619134
vertex 0.895307 0.981234 0.609754
endloop
endfacet
facet normal 0.279100 -0.084664 -0.956523
outer loop
vertex 0.859567 0.998097 0.550960
vertex 0.868766 0.996267 0.553806
vertex 0.867677 0.992677 0.553806
endloop
endfacet
facet normal 0.279083 -0.084643 -0.956529
outer loop
vertex 0.859567 0.998097 0.550960
vertex 0.867677 0.992677 0.553806
vertex 0.859012 0.996267 0.550960
endloop
endfacet
facet normal 0.952386 -0.288867 0.097548
outer loop
vertex 0.899039 0.990245 0.600000
vertex 0.898097 0.990433 0.609754
vertex 0.895307 0.981234 0.609754
endloop
endfacet
facet normal 0.952378 -0.288908 0.097506
outer loop
vertex 0.899039 0.990245 0.600000
vertex 0.895307 0.981234 0.609754
vertex 0.896194 0.980866 0.600000
endloop
endfacet
facet normal 0.094296 -0.028598 0.995133
outer loop
vertex 0.859567 0.998097 0.649039
vertex 0.850000 1.000000 0.650000
vertex 0.859012 0.996267 0.649039
endloop
endfacet
facet normal 0.094193 -0.028566 -0.995144
outer loop
vertex 0.850000 1.000000 0.550000
vertex 0.859567 0.998097 0.550960
vertex 0.859012 0.996267 0.550960
endloop
endfacet
facet normal 0.952379 -0.288897 -0.097532
outer loop
vertex 0.898097 0.990433 0.590245
vertex 0.899039 0.990245 0.600000
vertex 0.896194 0.980866 0.600000
endloop
endfacet
facet normal 0.952393 -0.288861 -0.097502
outer loop
vertex 0.898097 0.990433 0.590245
vertex 0.896194 0.980866 0.600000
vertex 0.895307 0.981234 0.590245
endloop
endfacet
facet normal 0.279027 -0.084624 0.956547
outer loop
vertex 0.868766 0.996267 0.646194
vertex 0.859567 0.998097 0.649039
vertex 0.859012 0.996267 0.649039
endloop
endfacet
facet normal 0.278992 -0.084627 0.956557
outer loop
vertex 0.868766 0.996267 0.646194
vertex 0.859012 0.996267 0.649039
vertex 0.867677 0.992677 0.646194
endloop
endfacet
facet normal 0.916125 -0.277864 -0.288974
outer loop
vertex 0.895307 0.990988 0.580866
vertex 0.898097 0.990433 0.590245
vertex 0.895307 0.981234 0.590245
endloop
endfacet
facet normal 0.916038 -0.278005 -0.289115
outer loop
vertex 0.895307 0.990988 0.580866
vertex 0.895307 0.981234 0.590245
vertex 0.892677 0.982322 0.580866
endloop
endfacet
facet normal 0.452806 -0.137344 0.880967
outer loop
vertex 0.877245 0.994581 0.641573
vertex 0.868766 0.996267 0.646194
vertex 0.867677 0.992677 0.646194
endloop
endfacet
facet normal 0.452801 -0.137361 0.880967
outer loop
vertex 0.877245 0.994581 0.641573
vertex 0.867677 0.992677 0.646194
vertex 0.875664 0.989369 0.641573
endloop
endfacet
facet normal 0.844775 -0.256377 -0.469708
outer loop
vertex 0.890774 0.991890 0.572221
vertex 0.895307 0.990988 0.580866
vertex 0.892677 0.982322 0.580866
endloop
endfacet
facet normal 0.844909 -0.256212 -0.469557
outer loop
vertex 0.890774 0.991890 0.572221
vertex 0.892677 0.982322 0.580866
vertex 0.888409 0.984091 0.572221
endloop
endfacet
facet normal 0.608758 -0.184661 0.771566
outer loop
vertex 0.884676 0.993103 0.635356
vertex 0.877245 0.994581 0.641573
vertex 0.875664 0.989369 0.641573
endloop
endfacet
facet normal 0.608779 -0.184662 0.771549
outer loop
vertex 0.884676 0.993103 0.635356
vertex 0.875664 0.989369 0.641573
vertex 0.882664 0.986470 0.635356
endloop
endfacet
facet normal 0.741185 -0.224752 -0.632559
outer loop
vertex 0.884676 0.993103 0.564645
vertex 0.890774 0.991890 0.572221
vertex 0.888409 0.984091 0.572221
endloop
endfacet
facet normal 0.741128 -0.224822 -0.632601
outer loop
vertex 0.884676 0.993103 0.564645
vertex 0.888409 0.984091 0.572221
vertex 0.882664 0.986470 0.564645
endloop
endfacet
facet normal 0.877715 -0.469158 -0.097501
outer loop
vertex 0.895307 0.981234 0.590245
vertex 0.896194 0.980866 0.600000
vertex 0.891573 0.972221 0.600000
endloop
endfacet
facet normal 0.877677 -0.469217 -0.097565
outer loop
vertex 0.895307 0.981234 0.590245
vertex 0.891573 0.972221 0.600000
vertex 0.890774 0.972755 0.590245
endloop
endfacet
facet normal 0.257087 -0.137541 0.956551
outer loop
vertex 0.867677 0.992677 0.646194
vertex 0.859012 0.996267 0.649039
vertex 0.858110 0.994581 0.649039
endloop
endfacet
facet normal 0.257091 -0.137412 0.956568
outer loop
vertex 0.867677 0.992677 0.646194
vertex 0.858110 0.994581 0.649039
vertex 0.865909 0.989369 0.646194
endloop
endfacet
facet normal 0.844237 -0.451319 -0.289094
outer loop
vertex 0.892677 0.982322 0.580866
vertex 0.895307 0.981234 0.590245
vertex 0.890774 0.972755 0.590245
endloop
endfacet
facet normal 0.844320 -0.451241 -0.288973
outer loop
vertex 0.892677 0.982322 0.580866
vertex 0.890774 0.972755 0.590245
vertex 0.888409 0.974336 0.580866
endloop
endfacet
facet normal 0.417335 -0.223033 0.880958
outer loop
vertex 0.875664 0.989369 0.641573
vertex 0.867677 0.992677 0.646194
vertex 0.865909 0.989369 0.646194
endloop
endfacet
facet normal 0.417308 -0.223081 0.880959
outer loop
vertex 0.875664 0.989369 0.641573
vertex 0.865909 0.989369 0.646194
vertex 0.873097 0.984567 0.641573
endloop
endfacet
facet normal 0.778673 -0.416143 -0.469567
outer loop
vertex 0.888409 0.984091 0.572221
vertex 0.892677 0.982322 0.580866
vertex 0.888409 0.974336 0.580866
endloop
endfacet
facet normal 0.778629 -0.416175 -0.469611
outer loop
vertex 0.888409 0.984091 0.572221
vertex 0.888409 0.974336 0.580866
vertex 0.884567 0.976903 0.572221
endloop
endfacet
facet normal 0.561036 -0.299915 0.771550
outer loop
vertex 0.882664 0.986470 0.635356
vertex 0.875664 0.989369 0.641573
vertex 0.873097 0.984567 0.641573
endloop
endfacet
facet normal 0.561041 -0.299844 0.771574
outer loop
vertex 0.882664 0.986470 0.635356
vertex 0.873097 0.984567 0.641573
vertex 0.879397 0.980357 0.635356
endloop
endfacet
facet normal 0.683023 -0.365079 -0.632612
outer loop
vertex 0.882664 0.986470 0.564645
vertex 0.888409 0.984091 0.572221
vertex 0.884567 0.976903 0.572221
endloop
endfacet
facet normal 0.683082 -0.365047 -0.632566
outer loop
vertex 0.882664 0.986470 0.564645
vertex 0.884567 0.976903 0.572221
vertex 0.879397 0.980357 0.564645
endloop
endfacet
facet normal 0.683129 -0.365074 0.632499
outer loop
vertex 0.888409 0.984091 0.627778
vertex 0.882664 0.986470 0.635356
vertex 0.879397 0.980357 0.635356
endloop
endfacet
facet normal 0.683108 -0.365135 0.632487
outer loop
vertex 0.888409 0.984091 0.627778
vertex 0.879397 0.980357 0.635356
vertex 0.884567 0.976903 0.627778
endloop
endfacet
facet normal 0.561127 -0.299870 -0.771501
outer loop
vertex 0.875664 0.989369 0.558427
vertex 0.882664 0.986470 0.564645
vertex 0.879397 0.980357 0.564645
endloop
endfacet
facet normal 0.561053 -0.299929 -0.771532
outer loop
vertex 0.875664 0.989369 0.558427
vertex 0.879397 0.980357 0.564645
vertex 0.873097 0.984567 0.558427
endloop
endfacet
facet normal 0.778623 -0.416184 0.469613
outer loop
vertex 0.892677 0.982322 0.619134
vertex 0.888409 0.984091 0.627778
vertex 0.884567 0.976903 0.627778
endloop
endfacet
facet normal 0.778634 -0.416131 0.469643
outer loop
vertex 0.892677 0.982322 0.619134
vertex 0.884567 0.976903 0.627778
vertex 0.888409 0.974336 0.619134
endloop
endfacet
facet normal 0.417305 -0.223080 -0.880961
outer loop
vertex 0.867677 0.992677 0.553806
vertex 0.875664 0.989369 0.558427
vertex 0.873097 0.984567 0.558427
endloop
endfacet
facet normal 0.417339 -0.223042 -0.880954
outer loop
vertex 0.867677 0.992677 0.553806
vertex 0.873097 0.984567 0.558427
vertex 0.865909 0.989369 0.553806
endloop
endfacet
facet normal 0.844294 -0.451224 0.289077
outer loop
vertex 0.895307 0.981234 0.609754
vertex 0.892677 0.982322 0.619134
vertex 0.888409 0.974336 0.619134
endloop
endfacet
facet normal 0.844273 -0.451349 0.288942
outer loop
vertex 0.895307 0.981234 0.609754
vertex 0.888409 0.974336 0.619134
vertex 0.890774 0.972755 0.609754
endloop
endfacet
facet normal 0.257213 -0.137474 -0.956526
outer loop
vertex 0.859012 0.996267 0.550960
vertex 0.867677 0.992677 0.553806
vertex 0.865909 0.989369 0.553806
endloop
endfacet
facet normal 0.257124 -0.137557 -0.956538
outer loop
vertex 0.859012 0.996267 0.550960
vertex 0.865909 0.989369 0.553806
vertex 0.858110 0.994581 0.550960
endloop
endfacet
facet normal 0.877686 -0.469210 0.097511
outer loop
vertex 0.896194 0.980866 0.600000
vertex 0.895307 0.981234 0.609754
vertex 0.890774 0.972755 0.609754
endloop
endfacet
facet normal 0.877701 -0.469169 0.097576
outer loop
vertex 0.896194 0.980866 0.600000
vertex 0.890774 0.972755 0.609754
vertex 0.891573 0.972221 0.600000
endloop
endfacet
facet normal 0.086856 -0.046474 0.995136
outer loop
vertex 0.859012 0.996267 0.649039
vertex 0.850000 1.000000 0.650000
vertex 0.858110 0.994581 0.649039
endloop
endfacet
facet normal 0.086768 -0.046430 -0.995146
outer loop
vertex 0.850000 1.000000 0.550000
vertex 0.859012 0.996267 0.550960
vertex 0.858110 0.994581 0.550960
endloop
endfacet
facet normal 0.491751 -0.403639 -0.771529
outer loop
vertex 0.873097 0.984567 0.558427
vertex 0.879397 0.980357 0.564645
vertex 0.875000 0.975000 0.564645
endloop
endfacet
facet normal 0.491809 -0.403596 -0.771514
outer loop
vertex 0.873097 0.984567 0.558427
vertex 0.875000 0.975000 0.564645
vertex 0.869642 0.980357 0.558427
endloop
endfacet
facet normal 0.682475 -0.560053 0.469647
outer loop
vertex 0.888409 0.974336 0.619134
vertex 0.884567 0.976903 0.627778
vertex 0.879397 0.970603 0.627778
endloop
endfacet
facet normal 0.682452 -0.560101 0.469623
outer loop
vertex 0.888409 0.974336 0.619134
vertex 0.879397 0.970603 0.627778
vertex 0.882664 0.967336 0.619134
endloop
endfacet
facet normal 0.365808 -0.300201 -0.880945
outer loop
vertex 0.865909 0.989369 0.553806
vertex 0.873097 0.984567 0.558427
vertex 0.869642 0.980357 0.558427
endloop
endfacet
facet normal 0.365810 -0.300186 -0.880949
outer loop
vertex 0.865909 0.989369 0.553806
vertex 0.869642 0.980357 0.558427
vertex 0.863530 0.986470 0.553806
endloop
endfacet
facet normal 0.740020 -0.607345 0.288967
outer loop
vertex 0.890774 0.972755 0.609754
vertex 0.888409 0.974336 0.619134
vertex 0.882664 0.967336 0.619134
endloop
endfacet
facet normal 0.740043 -0.607302 0.288999
outer loop
vertex 0.890774 0.972755 0.609754
vertex 0.882664 0.967336 0.619134
vertex 0.884676 0.965324 0.609754
endloop
endfacet
facet normal 0.225428 -0.184986 -0.956537
outer loop
vertex 0.858110 0.994581 0.550960
vertex 0.865909 0.989369 0.553806
vertex 0.863530 0.986470 0.553806
endloop
endfacet
facet normal 0.225513 -0.184944 -0.956525
outer loop
vertex 0.858110 0.994581 0.550960
vertex 0.863530 0.986470 0.553806
vertex 0.856898 0.993103 0.550960
endloop
endfacet
facet normal 0.769350 -0.631332 0.097568
outer loop
vertex 0.891573 0.972221 0.600000
vertex 0.890774 0.972755 0.609754
vertex 0.884676 0.965324 0.609754
endloop
endfacet
facet normal 0.769342 -0.631339 0.097586
outer loop
vertex 0.891573 0.972221 0.600000
vertex 0.884676 0.965324 0.609754
vertex 0.885356 0.964645 0.600000
endloop
endfacet
facet normal 0.076222 -0.062467 0.995132
outer loop
vertex 0.858110 0.994581 0.649039
vertex 0.850000 1.000000 0.650000
vertex 0.856898 0.993103 0.649039
endloop
endfacet
facet normal 0.076093 -0.062400 -0.995146
outer loop
vertex 0.850000 1.000000 0.550000
vertex 0.858110 0.994581 0.550960
vertex 0.856898 0.993103 0.550960
endloop
endfacet
facet normal 0.769342 -0.631342 -0.097571
outer loop
vertex 0.890774 0.972755 0.590245
vertex 0.891573 0.972221 0.600000
vertex 0.885356 0.964645 0.600000
endloop
endfacet
facet normal 0.769353 -0.631330 -0.097562
outer loop
vertex 0.890774 0.972755 0.590245
vertex 0.885356 0.964645 0.600000
vertex 0.884676 0.965324 0.590245
endloop
endfacet
facet normal 0.225398 -0.184846 0.956571
outer loop
vertex 0.865909 0.989369 0.646194
vertex 0.858110 0.994581 0.649039
vertex 0.856898 0.993103 0.649039
endloop
endfacet
facet normal 0.225359 -0.184945 0.956561
outer loop
vertex 0.865909 0.989369 0.646194
vertex 0.856898 0.993103 0.649039
vertex 0.863530 0.986470 0.646194
endloop
endfacet
facet normal 0.740054 -0.607293 -0.288991
outer loop
vertex 0.888409 0.974336 0.580866
vertex 0.890774 0.972755 0.590245
vertex 0.884676 0.965324 0.590245
endloop
endfacet
facet normal 0.739995 -0.607347 -0.289027
outer loop
vertex 0.888409 0.974336 0.580866
vertex 0.884676 0.965324 0.590245
vertex 0.882664 0.967336 0.580866
endloop
endfacet
facet normal 0.365808 -0.300190 0.880949
outer loop
vertex 0.873097 0.984567 0.641573
vertex 0.865909 0.989369 0.646194
vertex 0.863530 0.986470 0.646194
endloop
endfacet
facet normal 0.365782 -0.300201 0.880956
outer loop
vertex 0.873097 0.984567 0.641573
vertex 0.863530 0.986470 0.646194
vertex 0.869642 0.980357 0.641573
endloop
endfacet
facet normal 0.682462 -0.560102 -0.469608
outer loop
vertex 0.884567 0.976903 0.572221
vertex 0.888409 0.974336 0.580866
vertex 0.882664 0.967336 0.580866
endloop
endfacet
facet normal 0.682496 -0.560090 -0.469572
outer loop
vertex 0.884567 0.976903 0.572221
vertex 0.882664 0.967336 0.580866
vertex 0.879397 0.970603 0.572221
endloop
endfacet
facet normal 0.491750 -0.403545 0.771579
outer loop
vertex 0.879397 0.980357 0.635356
vertex 0.873097 0.984567 0.641573
vertex 0.869642 0.980357 0.641573
endloop
endfacet
facet normal 0.491723 -0.403609 0.771562
outer loop
vertex 0.879397 0.980357 0.635356
vertex 0.869642 0.980357 0.641573
vertex 0.875000 0.975000 0.635356
endloop
endfacet
facet normal 0.598712 -0.491320 -0.632573
outer loop
vertex 0.879397 0.980357 0.564645
vertex 0.884567 0.976903 0.572221
vertex 0.879397 0.970603 0.572221
endloop
endfacet
facet normal 0.598633 -0.491366 -0.632612
outer loop
vertex 0.879397 0.980357 0.564645
vertex 0.879397 0.970603 0.572221
vertex 0.875000 0.975000 0.564645
endloop
endfacet
facet normal 0.598738 -0.491433 0.632460
outer loop
vertex 0.884567 0.976903 0.627778
vertex 0.879397 0.980357 0.635356
vertex 0.875000 0.975000 0.635356
endloop
endfacet
facet normal 0.598740 -0.491347 0.632525
outer loop
vertex 0.884567 0.976903 0.627778
vertex 0.875000 0.975000 0.635356
vertex 0.879397 0.970603 0.627778
endloop
endfacet
facet normal 0.184911 -0.225426 0.956552
outer loop
vertex 0.863530 0.986470 0.646194
vertex 0.856898 0.993103 0.649039
vertex 0.855419 0.991890 0.649039
endloop
endfacet
facet normal 0.184925 -0.225393 0.956557
outer loop
vertex 0.863530 0.986470 0.646194
vertex 0.855419 0.991890 0.649039
vertex 0.860630 0.984091 0.646194
endloop
endfacet
facet normal 0.607291 -0.740037 -0.289037
outer loop
vertex 0.882664 0.967336 0.580866
vertex 0.884676 0.965324 0.590245
vertex 0.877245 0.959226 0.590245
endloop
endfacet
facet normal 0.607339 -0.740023 -0.288972
outer loop
vertex 0.882664 0.967336 0.580866
vertex 0.877245 0.959226 0.590245
vertex 0.875664 0.961591 0.580866
endloop
endfacet
facet normal 0.300148 -0.365862 0.880941
outer loop
vertex 0.869642 0.980357 0.641573
vertex 0.863530 0.986470 0.646194
vertex 0.860630 0.984091 0.646194
endloop
endfacet
facet normal 0.300182 -0.365774 0.880965
outer loop
vertex 0.869642 0.980357 0.641573
vertex 0.860630 0.984091 0.646194
vertex 0.865433 0.976903 0.641573
endloop
endfacet
facet normal 0.560117 -0.682469 -0.469579
outer loop
vertex 0.879397 0.970603 0.572221
vertex 0.882664 0.967336 0.580866
vertex 0.875664 0.961591 0.580866
endloop
endfacet
facet normal 0.560061 -0.682495 -0.469610
outer loop
vertex 0.879397 0.970603 0.572221
vertex 0.875664 0.961591 0.580866
vertex 0.873097 0.965433 0.572221
endloop
endfacet
facet normal 0.403558 -0.491782 0.771551
outer loop
vertex 0.875000 0.975000 0.635356
vertex 0.869642 0.980357 0.641573
vertex 0.865433 0.976903 0.641573
endloop
endfacet
facet normal 0.403560 -0.491759 0.771565
outer loop
vertex 0.875000 0.975000 0.635356
vertex 0.865433 0.976903 0.641573
vertex 0.869642 0.970603 0.635356
endloop
endfacet
facet normal 0.491297 -0.598683 -0.632618
outer loop
vertex 0.875000 0.975000 0.564645
vertex 0.879397 0.970603 0.572221
vertex 0.873097 0.965433 0.572221
endloop
endfacet
facet normal 0.491308 -0.598682 -0.632610
outer loop
vertex 0.875000 0.975000 0.564645
vertex 0.873097 0.965433 0.572221
vertex 0.869642 0.970603 0.564645
endloop
endfacet
facet normal 0.491354 -0.598744 0.632515
outer loop
vertex 0.879397 0.970603 0.627778
vertex 0.875000 0.975000 0.635356
vertex 0.869642 0.970603 0.635356
endloop
endfacet
facet normal 0.491349 -0.598748 0.632516
outer loop
vertex 0.879397 0.970603 0.627778
vertex 0.869642 0.970603 0.635356
vertex 0.873097 0.965433 0.627778
endloop
endfacet
facet normal 0.403604 -0.491820 -0.771503
outer loop
vertex 0.869642 0.980357 0.558427
vertex 0.875000 0.975000 0.564645
vertex 0.869642 0.970603 0.564645
endloop
endfacet
facet normal 0.403592 -0.491808 -0.771517
outer loop
vertex 0.869642 0.980357 0.558427
vertex 0.869642 0.970603 0.564645
vertex 0.865433 0.976903 0.558427
endloop
endfacet
facet normal 0.560069 -0.682494 0.469601
outer loop
vertex 0.882664 0.967336 0.619134
vertex 0.879397 0.970603 0.627778
vertex 0.873097 0.965433 0.627778
endloop
endfacet
facet normal 0.560087 -0.682436 0.469664
outer loop
vertex 0.882664 0.967336 0.619134
vertex 0.873097 0.965433 0.627778
vertex 0.875664 0.961591 0.619134
endloop
endfacet
facet normal 0.300189 -0.365804 -0.880950
outer loop
vertex 0.863530 0.986470 0.553806
vertex 0.869642 0.980357 0.558427
vertex 0.865433 0.976903 0.558427
endloop
endfacet
facet normal 0.300099 -0.365819 -0.880975
outer loop
vertex 0.863530 0.986470 0.553806
vertex 0.865433 0.976903 0.558427
vertex 0.860630 0.984091 0.553806
endloop
endfacet
facet normal 0.607334 -0.740014 0.289006
outer loop
vertex 0.884676 0.965324 0.609754
vertex 0.882664 0.967336 0.619134
vertex 0.875664 0.961591 0.619134
endloop
endfacet
facet normal 0.607307 -0.740057 0.288955
outer loop
vertex 0.884676 0.965324 0.609754
vertex 0.875664 0.961591 0.619134
vertex 0.877245 0.959226 0.609754
endloop
endfacet
facet normal 0.184960 -0.225479 -0.956530
outer loop
vertex 0.856898 0.993103 0.550960
vertex 0.863530 0.986470 0.553806
vertex 0.860630 0.984091 0.553806
endloop
endfacet
facet normal 0.184951 -0.225463 -0.956535
outer loop
vertex 0.856898 0.993103 0.550960
vertex 0.860630 0.984091 0.553806
vertex 0.855419 0.991890 0.550960
endloop
endfacet
facet normal 0.631335 -0.769348 0.097567
outer loop
vertex 0.885356 0.964645 0.600000
vertex 0.884676 0.965324 0.609754
vertex 0.877245 0.959226 0.609754
endloop
endfacet
facet normal 0.631312 -0.769371 0.097531
outer loop
vertex 0.885356 0.964645 0.600000
vertex 0.877245 0.959226 0.609754
vertex 0.877778 0.958427 0.600000
endloop
endfacet
facet normal 0.062443 -0.076175 0.995137
outer loop
vertex 0.856898 0.993103 0.649039
vertex 0.850000 1.000000 0.650000
vertex 0.855419 0.991890 0.649039
endloop
endfacet
facet normal 0.062425 -0.076096 -0.995144
outer loop
vertex 0.850000 1.000000 0.550000
vertex 0.856898 0.993103 0.550960
vertex 0.855419 0.991890 0.550960
endloop
endfacet
facet normal 0.631300 -0.769378 -0.097561
outer loop
vertex 0.884676 0.965324 0.590245
vertex 0.885356 0.964645 0.600000
vertex 0.877778 0.958427 0.600000
endloop
endfacet
facet normal 0.631338 -0.769352 -0.097516
outer loop
vertex 0.884676 0.965324 0.590245
vertex 0.877778 0.958427 0.600000
vertex 0.877245 0.959226 0.590245
endloop
endfacet
facet normal 0.416170 -0.778608 0.469651
outer loop
vertex 0.875664 0.961591 0.619134
vertex 0.873097 0.965433 0.627778
vertex 0.865909 0.961591 0.627778
endloop
endfacet
facet normal 0.416099 -0.778691 0.469576
outer loop
vertex 0.875664 0.961591 0.619134
vertex 0.865909 0.961591 0.627778
vertex 0.867677 0.957323 0.619134
endloop
endfacet
facet normal 0.223037 -0.417337 -0.880957
outer loop
vertex 0.860630 0.984091 0.553806
vertex 0.865433 0.976903 0.558427
vertex 0.860630 0.974336 0.558427
endloop
endfacet
facet normal 0.223173 -0.417286 -0.880946
outer loop
vertex 0.860630 0.984091 0.553806
vertex 0.860630 0.974336 0.558427
vertex 0.857322 0.982322 0.553806
endloop
endfacet
facet normal 0.451193 -0.844352 0.288955
outer loop
vertex 0.877245 0.959226 0.609754
vertex 0.875664 0.961591 0.619134
vertex 0.867677 0.957323 0.619134
endloop
endfacet
facet normal 0.451335 -0.844226 0.289100
outer loop
vertex 0.877245 0.959226 0.609754
vertex 0.867677 0.957323 0.619134
vertex 0.868766 0.954693 0.609754
endloop
endfacet
facet normal 0.137533 -0.257169 -0.956530
outer loop
vertex 0.855419 0.991890 0.550960
vertex 0.860630 0.984091 0.553806
vertex 0.857322 0.982322 0.553806
endloop
endfacet
facet normal 0.137552 -0.257162 -0.956529
outer loop
vertex 0.855419 0.991890 0.550960
vertex 0.857322 0.982322 0.553806
vertex 0.853733 0.990988 0.550960
endloop
endfacet
facet normal 0.469217 -0.877681 0.097529
outer loop
vertex 0.877778 0.958427 0.600000
vertex 0.877245 0.959226 0.609754
vertex 0.868766 0.954693 0.609754
endloop
endfacet
facet normal 0.469202 -0.877690 0.097523
outer loop
vertex 0.877778 0.958427 0.600000
vertex 0.868766 0.954693 0.609754
vertex 0.869134 0.953806 0.600000
endloop
endfacet
facet normal 0.046484 -0.086864 0.995135
outer loop
vertex 0.855419 0.991890 0.649039
vertex 0.850000 1.000000 0.650000
vertex 0.853733 0.990988 0.649039
endloop
endfacet
facet normal 0.046421 -0.086776 -0.995146
outer loop
vertex 0.850000 1.000000 0.550000
vertex 0.855419 0.991890 0.550960
vertex 0.853733 0.990988 0.550960
endloop
endfacet
facet normal 0.469204 -0.877686 -0.097540
outer loop
vertex 0.877245 0.959226 0.590245
vertex 0.877778 0.958427 0.600000
vertex 0.869134 0.953806 0.600000
endloop
endfacet
facet normal 0.469224 -0.877681 -0.097494
outer loop
vertex 0.877245 0.959226 0.590245
vertex 0.869134 0.953806 0.600000
vertex 0.868766 0.954693 0.590245
endloop
endfacet
facet normal 0.137507 -0.257085 0.956556
outer loop
vertex 0.860630 0.984091 0.646194
vertex 0.855419 0.991890 0.649039
vertex 0.853733 0.990988 0.649039
endloop
endfacet
facet normal 0.137483 -0.257094 0.956557
outer loop
vertex 0.860630 0.984091 0.646194
vertex 0.853733 0.990988 0.649039
vertex 0.857322 0.982322 0.646194
endloop
endfacet
facet normal 0.451358 -0.844253 -0.288985
outer loop
vertex 0.875664 0.961591 0.580866
vertex 0.877245 0.959226 0.590245
vertex 0.868766 0.954693 0.590245
endloop
endfacet
facet normal 0.451166 -0.844304 -0.289136
outer loop
vertex 0.875664 0.961591 0.580866
vertex 0.868766 0.954693 0.590245
vertex 0.867677 0.957323 0.580866
endloop
endfacet
facet normal 0.223133 -0.417272 0.880963
outer loop
vertex 0.865433 0.976903 0.641573
vertex 0.860630 0.984091 0.646194
vertex 0.857322 0.982322 0.646194
endloop
endfacet
facet normal 0.223060 -0.417347 0.880946
outer loop
vertex 0.865433 0.976903 0.641573
vertex 0.857322 0.982322 0.646194
vertex 0.860630 0.974336 0.641573
endloop
endfacet
facet normal 0.416096 -0.778670 -0.469613
outer loop
vertex 0.873097 0.965433 0.572221
vertex 0.875664 0.961591 0.580866
vertex 0.867677 0.957323 0.580866
endloop
endfacet
facet normal 0.416200 -0.778659 -0.469539
outer loop
vertex 0.873097 0.965433 0.572221
vertex 0.867677 0.957323 0.580866
vertex 0.865909 0.961591 0.572221
endloop
endfacet
facet normal 0.299865 -0.561057 0.771554
outer loop
vertex 0.869642 0.970603 0.635356
vertex 0.865433 0.976903 0.641573
vertex 0.860630 0.974336 0.641573
endloop
endfacet
facet normal 0.299887 -0.561026 0.771568
outer loop
vertex 0.869642 0.970603 0.635356
vertex 0.860630 0.974336 0.641573
vertex 0.863530 0.967336 0.635356
endloop
endfacet
facet normal 0.365077 -0.683031 -0.632603
outer loop
vertex 0.869642 0.970603 0.564645
vertex 0.873097 0.965433 0.572221
vertex 0.865909 0.961591 0.572221
endloop
endfacet
facet normal 0.365100 -0.683024 -0.632598
outer loop
vertex 0.869642 0.970603 0.564645
vertex 0.865909 0.961591 0.572221
vertex 0.863530 0.967336 0.564645
endloop
endfacet
facet normal 0.365134 -0.683099 0.632497
outer loop
vertex 0.873097 0.965433 0.627778
vertex 0.869642 0.970603 0.635356
vertex 0.863530 0.967336 0.635356
endloop
endfacet
facet normal 0.365121 -0.683103 0.632501
outer loop
vertex 0.873097 0.965433 0.627778
vertex 0.863530 0.967336 0.635356
vertex 0.865909 0.961591 0.627778
endloop
endfacet
facet normal 0.299914 -0.561100 -0.771504
outer loop
vertex 0.865433 0.976903 0.558427
vertex 0.869642 0.970603 0.564645
vertex 0.863530 0.967336 0.564645
endloop
endfacet
facet normal 0.299890 -0.561093 -0.771518
outer loop
vertex 0.865433 0.976903 0.558427
vertex 0.863530 0.967336 0.564645
vertex 0.860630 0.974336 0.558427
endloop
endfacet
facet normal 0.277847 -0.916078 -0.289142
outer loop
vertex 0.867677 0.957323 0.580866
vertex 0.868766 0.954693 0.590245
vertex 0.859567 0.951903 0.590245
endloop
endfacet
facet normal 0.278044 -0.916073 -0.288966
outer loop
vertex 0.867677 0.957323 0.580866
vertex 0.859567 0.951903 0.590245
vertex 0.859012 0.954693 0.580866
endloop
endfacet
facet normal 0.137287 -0.452880 0.880938
outer loop
vertex 0.860630 0.974336 0.641573
vertex 0.857322 0.982322 0.646194
vertex 0.853733 0.981234 0.646194
endloop
endfacet
facet normal 0.137371 -0.452811 0.880960
outer loop
vertex 0.860630 0.974336 0.641573
vertex 0.853733 0.981234 0.646194
vertex 0.855419 0.972755 0.641573
endloop
endfacet
facet normal 0.256432 -0.844852 -0.469541
outer loop
vertex 0.865909 0.961591 0.572221
vertex 0.867677 0.957323 0.580866
vertex 0.859012 0.954693 0.580866
endloop
endfacet
facet normal 0.256184 -0.844831 -0.469714
outer loop
vertex 0.865909 0.961591 0.572221
vertex 0.859012 0.954693 0.580866
vertex 0.858110 0.959226 0.572221
endloop
endfacet
facet normal 0.184686 -0.608740 0.771574
outer loop
vertex 0.863530 0.967336 0.635356
vertex 0.860630 0.974336 0.641573
vertex 0.855419 0.972755 0.641573
endloop
endfacet
facet normal 0.184680 -0.608754 0.771565
outer loop
vertex 0.863530 0.967336 0.635356
vertex 0.855419 0.972755 0.641573
vertex 0.856898 0.965324 0.635356
endloop
endfacet
facet normal 0.224748 -0.741145 -0.632607
outer loop
vertex 0.863530 0.967336 0.564645
vertex 0.865909 0.961591 0.572221
vertex 0.858110 0.959226 0.572221
endloop
endfacet
facet normal 0.224852 -0.741171 -0.632540
outer loop
vertex 0.863530 0.967336 0.564645
vertex 0.858110 0.959226 0.572221
vertex 0.856898 0.965324 0.564645
endloop
endfacet
facet normal 0.224860 -0.741188 0.632518
outer loop
vertex 0.865909 0.961591 0.627778
vertex 0.863530 0.967336 0.635356
vertex 0.856898 0.965324 0.635356
endloop
endfacet
facet normal 0.224780 -0.741272 0.632448
outer loop
vertex 0.865909 0.961591 0.627778
vertex 0.856898 0.965324 0.635356
vertex 0.858110 0.959226 0.627778
endloop
endfacet
facet normal 0.184693 -0.608802 -0.771524
outer loop
vertex 0.860630 0.974336 0.558427
vertex 0.863530 0.967336 0.564645
vertex 0.856898 0.965324 0.564645
endloop
endfacet
facet normal 0.184701 -0.608805 -0.771519
outer loop
vertex 0.860630 0.974336 0.558427
vertex 0.856898 0.965324 0.564645
vertex 0.855419 0.972755 0.558427
endloop
endfacet
facet normal 0.256214 -0.844896 0.469580
outer loop
vertex 0.867677 0.957323 0.619134
vertex 0.865909 0.961591 0.627778
vertex 0.858110 0.959226 0.627778
endloop
endfacet
facet normal 0.256395 -0.844749 0.469746
outer loop
vertex 0.867677 0.957323 0.619134
vertex 0.858110 0.959226 0.627778
vertex 0.859012 0.954693 0.619134
endloop
endfacet
facet normal 0.137391 -0.452851 -0.880937
outer loop
vertex 0.857322 0.982322 0.553806
vertex 0.860630 0.974336 0.558427
vertex 0.855419 0.972755 0.558427
endloop
endfacet
facet normal 0.137261 -0.452824 -0.880971
outer loop
vertex 0.857322 0.982322 0.553806
vertex 0.855419 0.972755 0.558427
vertex 0.853733 0.981234 0.553806
endloop
endfacet
facet normal 0.278031 -0.916032 0.289110
outer loop
vertex 0.868766 0.954693 0.609754
vertex 0.867677 0.957323 0.619134
vertex 0.859012 0.954693 0.619134
endloop
endfacet
facet normal 0.277864 -0.916131 0.288955
outer loop
vertex 0.868766 0.954693 0.609754
vertex 0.859012 0.954693 0.619134
vertex 0.859567 0.951903 0.609754
endloop
endfacet
facet normal 0.084599 -0.279103 -0.956527
outer loop
vertex 0.853733 0.990988 0.550960
vertex 0.857322 0.982322 0.553806
vertex 0.853733 0.981234 0.553806
endloop
endfacet
facet normal 0.084644 -0.279087 -0.956528
outer loop
vertex 0.853733 0.990988 0.550960
vertex 0.853733 0.981234 0.553806
vertex 0.851903 0.990433 0.550960
endloop
endfacet
facet normal 0.288865 -0.952393 0.097491
outer loop
vertex 0.869134 0.953806 0.600000
vertex 0.868766 0.954693 0.609754
vertex 0.859567 0.951903 0.609754
endloop
endfacet
facet normal 0.288953 -0.952355 0.097599
outer loop
vertex 0.869134 0.953806 0.600000
vertex 0.859567 0.951903 0.609754
vertex 0.859754 0.950960 0.600000
endloop
endfacet
facet normal 0.028607 -0.094278 0.995135
outer loop
vertex 0.853733 0.990988 0.649039
vertex 0.850000 1.000000 0.650000
vertex 0.851903 0.990433 0.649039
endloop
endfacet
facet normal 0.028561 -0.094173 -0.995146
outer loop
vertex 0.850000 1.000000 0.550000
vertex 0.853733 0.990988 0.550960
vertex 0.851903 0.990433 0.550960
endloop
endfacet
facet normal 0.288957 -0.952365 -0.097495
outer loop
vertex 0.868766 0.954693 0.590245
vertex 0.869134 0.953806 0.600000
vertex 0.859754 0.950960 0.600000
endloop
endfacet
facet normal 0.288855 -0.952387 -0.097575
outer loop
vertex 0.868766 0.954693 0.590245
vertex 0.859754 0.950960 0.600000
vertex 0.859567 0.951903 0.590245
endloop
endfacet
facet normal 0.084640 -0.278971 0.956562
outer loop
vertex 0.857322 0.982322 0.646194
vertex 0.853733 0.990988 0.649039
vertex 0.851903 0.990433 0.649039
endloop
endfacet
facet normal 0.084592 -0.279009 0.956555
outer loop
vertex 0.857322 0.982322 0.646194
vertex 0.851903 0.990433 0.649039
vertex 0.853733 0.981234 0.646194
endloop
endfacet
facet normal 0.046399 -0.470903 -0.880964
outer loop
vertex 0.853733 0.981234 0.553806
vertex 0.855419 0.972755 0.558427
vertex 0.850000 0.972221 0.558427
endloop
endfacet
facet normal 0.046424 -0.470901 -0.880964
outer loop
vertex 0.853733 0.981234 0.553806
vertex 0.850000 0.972221 0.558427
vertex 0.850000 0.980866 0.553806
endloop
endfacet
facet normal 0.093776 -0.952745 0.288933
outer loop
vertex 0.859567 0.951903 0.609754
vertex 0.859012 0.954693 0.619134
vertex 0.850000 0.953806 0.619134
endloop
endfacet
facet normal 0.093907 -0.952699 0.289045
outer loop
vertex 0.859567 0.951903 0.609754
vertex 0.850000 0.953806 0.619134
vertex 0.850000 0.950960 0.609754
endloop
endfacet
facet normal 0.028633 -0.290243 -0.956524
outer loop
vertex 0.851903 0.990433 0.550960
vertex 0.853733 0.981234 0.553806
vertex 0.850000 0.980866 0.553806
endloop
endfacet
facet normal 0.028650 -0.290245 -0.956523
outer loop
vertex 0.851903 0.990433 0.550960
vertex 0.850000 0.980866 0.553806
vertex 0.850000 0.990245 0.550960
endloop
endfacet
facet normal 0.097624 -0.990422 0.097641
outer loop
vertex 0.859754 0.950960 0.600000
vertex 0.859567 0.951903 0.609754
vertex 0.850000 0.950960 0.609754
endloop
endfacet
facet normal 0.097480 -0.990452 0.097478
outer loop
vertex 0.859754 0.950960 0.600000
vertex 0.850000 0.950960 0.609754
vertex 0.850000 0.950000 0.600000
endloop
endfacet
facet normal 0.009686 -0.098031 0.995136
outer loop
vertex 0.851903 0.990433 0.649039
vertex 0.850000 1.000000 0.650000
vertex 0.850000 0.990245 0.649039
endloop
endfacet
facet normal 0.009694 -0.097932 -0.995146
outer loop
vertex 0.850000 1.000000 0.550000
vertex 0.851903 0.990433 0.550960
vertex 0.850000 0.990245 0.550960
endloop
endfacet
facet normal 0.097481 -0.990440 -0.097603
outer loop
vertex 0.859567 0.951903 0.590245
vertex 0.859754 0.950960 0.600000
vertex 0.850000 0.950000 0.600000
endloop
endfacet
facet normal 0.097626 -0.990436 -0.097494
outer loop
vertex 0.859567 0.951903 0.590245
vertex 0.850000 0.950000 0.600000
vertex 0.850000 0.950960 0.590245
endloop
endfacet
facet normal 0.028640 -0.290149 0.956553
outer loop
vertex 0.853733 0.981234 0.646194
vertex 0.851903 0.990433 0.649039
vertex 0.850000 0.990245 0.649039
endloop
endfacet
facet normal 0.028601 -0.290153 0.956553
outer loop
vertex 0.853733 0.981234 0.646194
vertex 0.850000 0.990245 0.649039
vertex 0.850000 0.980866 0.646194
endloop
endfacet
facet normal 0.093910 -0.952723 -0.288963
outer loop
vertex 0.859012 0.954693 0.580866
vertex 0.859567 0.951903 0.590245
vertex 0.850000 0.950960 0.590245
endloop
endfacet
facet normal 0.093773 -0.952702 -0.289077
outer loop
vertex 0.859012 0.954693 0.580866
vertex 0.850000 0.950960 0.590245
vertex 0.850000 0.953806 0.580866
endloop
endfacet
facet normal 0.046425 -0.470896 0.880966
outer loop
vertex 0.855419 0.972755 0.641573
vertex 0.853733 0.981234 0.646194
vertex 0.850000 0.980866 0.646194
endloop
endfacet
facet normal 0.046411 -0.470910 0.880960
outer loop
vertex 0.855419 0.972755 0.641573
vertex 0.850000 0.980866 0.646194
vertex 0.850000 0.972221 0.641573
endloop
endfacet
facet normal 0.086480 -0.878573 -0.469712
outer loop
vertex 0.858110 0.959226 0.572221
vertex 0.859012 0.954693 0.580866
vertex 0.850000 0.953806 0.580866
endloop
endfacet
facet normal 0.086559 -0.878601 -0.469646
outer loop
vertex 0.858110 0.959226 0.572221
vertex 0.850000 0.953806 0.580866
vertex 0.850000 0.958427 0.572221
endloop
endfacet
facet normal 0.062375 -0.633092 0.771559
outer loop
vertex 0.856898 0.965324 0.635356
vertex 0.855419 0.972755 0.641573
vertex 0.850000 0.972221 0.641573
endloop
endfacet
facet normal 0.062314 -0.633121 0.771540
outer loop
vertex 0.856898 0.965324 0.635356
vertex 0.850000 0.972221 0.641573
vertex 0.850000 0.964645 0.635356
endloop
endfacet
facet normal 0.075940 -0.770784 -0.632554
outer loop
vertex 0.856898 0.965324 0.564645
vertex 0.858110 0.959226 0.572221
vertex 0.850000 0.958427 0.572221
endloop
endfacet
facet normal 0.075864 -0.770755 -0.632598
outer loop
vertex 0.856898 0.965324 0.564645
vertex 0.850000 0.958427 0.572221
vertex 0.850000 0.964645 0.564645
endloop
endfacet
facet normal 0.075877 -0.770866 0.632463
outer loop
vertex 0.858110 0.959226 0.627778
vertex 0.856898 0.965324 0.635356
vertex 0.850000 0.964645 0.635356
endloop
endfacet
facet normal 0.075940 -0.770840 0.632486
outer loop
vertex 0.858110 0.959226 0.627778
vertex 0.850000 0.964645 0.635356
vertex 0.850000 0.958427 0.627778
endloop
endfacet
facet normal 0.062327 -0.633160 -0.771508
outer loop
vertex 0.855419 0.972755 0.558427
vertex 0.856898 0.965324 0.564645
vertex 0.850000 0.964645 0.564645
endloop
endfacet
facet normal 0.062391 -0.633187 -0.771480
outer loop
vertex 0.855419 0.972755 0.558427
vertex 0.850000 0.964645 0.564645
vertex 0.850000 0.972221 0.558427
endloop
endfacet
facet normal 0.086553 -0.878542 0.469757
outer loop
vertex 0.859012 0.954693 0.619134
vertex 0.858110 0.959226 0.627778
vertex 0.850000 0.958427 0.627778
endloop
endfacet
facet normal 0.086478 -0.878585 0.469691
outer loop
vertex 0.859012 0.954693 0.619134
vertex 0.850000 0.958427 0.627778
vertex 0.850000 0.953806 0.619134
endloop
endfacet
facet normal -0.086478 -0.878609 -0.469647
outer loop
vertex 0.850000 0.958427 0.572221
vertex 0.850000 0.953806 0.580866
vertex 0.840988 0.954693 0.580866
endloop
endfacet
facet normal -0.086559 -0.878565 -0.469713
outer loop
vertex 0.850000 0.958427 0.572221
vertex 0.840988 0.954693 0.580866
vertex 0.841890 0.959226 0.572221
endloop
endfacet
facet normal -0.062379 -0.633135 0.771524
outer loop
vertex 0.850000 0.964645 0.635356
vertex 0.850000 0.972221 0.641573
vertex 0.844581 0.972755 0.641573
endloop
endfacet
facet normal -0.062320 -0.633099 0.771558
outer loop
vertex 0.850000 0.964645 0.635356
vertex 0.844581 0.972755 0.641573
vertex 0.843103 0.965324 0.635356
endloop
endfacet
facet normal -0.075934 -0.770754 -0.632592
outer loop
vertex 0.850000 0.964645 0.564645
vertex 0.850000 0.958427 0.572221
vertex 0.841890 0.959226 0.572221
endloop
endfacet
facet normal -0.075877 -0.770776 -0.632572
outer loop
vertex 0.850000 0.964645 0.564645
vertex 0.841890 0.959226 0.572221
vertex 0.843103 0.965324 0.564645
endloop
endfacet
facet normal -0.075883 -0.770827 0.632509
outer loop
vertex 0.850000 0.958427 0.627778
vertex 0.850000 0.964645 0.635356
vertex 0.843103 0.965324 0.635356
endloop
endfacet
facet normal -0.075941 -0.770860 0.632461
outer loop
vertex 0.850000 0.958427 0.627778
vertex 0.843103 0.965324 0.635356
vertex 0.841890 0.959226 0.627778
endloop
endfacet
facet normal -0.062325 -0.633183 -0.771489
outer loop
vertex 0.850000 0.972221 0.558427
vertex 0.850000 0.964645 0.564645
vertex 0.843103 0.965324 0.564645
endloop
endfacet
facet normal -0.062405 -0.633152 -0.771508
outer loop
vertex 0.850000 0.972221 0.558427
vertex 0.843103 0.965324 0.564645
vertex 0.844581 0.972755 0.558427
endloop
endfacet
facet normal -0.086562 -0.878583 0.469679
outer loop
vertex 0.850000 0.953806 0.619134
vertex 0.850000 0.958427 0.627778
vertex 0.841890 0.959226 0.627778
endloop
endfacet
facet normal -0.086469 -0.878551 0.469756
outer loop
vertex 0.850000 0.953806 0.619134
vertex 0.841890 0.959226 0.627778
vertex 0.840988 0.954693 0.619134
endloop
endfacet
facet normal -0.046399 -0.470910 -0.880960
outer loop
vertex 0.850000 0.980866 0.553806
vertex 0.850000 0.972221 0.558427
vertex 0.844581 0.972755 0.558427
endloop
endfacet
facet normal -0.046421 -0.470897 -0.880966
outer loop
vertex 0.850000 0.980866 0.553806
vertex 0.844581 0.972755 0.558427
vertex 0.846267 0.981234 0.553806
endloop
endfacet
facet normal -0.093773 -0.952711 0.289048
outer loop
vertex 0.850000 0.950960 0.609754
vertex 0.850000 0.953806 0.619134
vertex 0.840988 0.954693 0.619134
endloop
endfacet
facet normal -0.093910 -0.952731 0.288937
outer loop
vertex 0.850000 0.950960 0.609754
vertex 0.840988 0.954693 0.619134
vertex 0.840433 0.951903 0.609754
endloop
endfacet
facet normal -0.028608 -0.290251 -0.956523
outer loop
vertex 0.850000 0.990245 0.550960
vertex 0.850000 0.980866 0.553806
vertex 0.846267 0.981234 0.553806
endloop
endfacet
facet normal -0.028696 -0.290226 -0.956528
outer loop
vertex 0.850000 0.990245 0.550960
vertex 0.846267 0.981234 0.553806
vertex 0.848097 0.990433 0.550960
endloop
endfacet
facet normal -0.097625 -0.990435 0.097503
outer loop
vertex 0.850000 0.950000 0.600000
vertex 0.850000 0.950960 0.609754
vertex 0.840433 0.951903 0.609754
endloop
endfacet
facet normal -0.097470 -0.990439 0.097626
outer loop
vertex 0.850000 0.950000 0.600000
vertex 0.840433 0.951903 0.609754
vertex 0.840245 0.950960 0.600000
endloop
endfacet
facet normal -0.009685 -0.098037 0.995136
outer loop
vertex 0.850000 0.990245 0.649039
vertex 0.850000 1.000000 0.650000
vertex 0.848097 0.990433 0.649039
endloop
endfacet
facet normal -0.009694 -0.097932 -0.995146
outer loop
vertex 0.850000 1.000000 0.550000
vertex 0.850000 0.990245 0.550960
vertex 0.848097 0.990433 0.550960
endloop
endfacet
facet normal -0.097471 -0.990453 -0.097477
outer loop
vertex 0.850000 0.950960 0.590245
vertex 0.850000 0.950000 0.600000
vertex 0.840245 0.950960 0.600000
endloop
endfacet
facet normal -0.097625 -0.990423 -0.097634
outer loop
vertex 0.850000 0.950960 0.590245
vertex 0.840245 0.950960 0.600000
vertex 0.840433 0.951903 0.590245
endloop
endfacet
facet normal -0.028641 -0.290159 0.956550
outer loop
vertex 0.850000 0.980866 0.646194
vertex 0.850000 0.990245 0.649039
vertex 0.848097 0.990433 0.649039
endloop
endfacet
facet normal -0.028599 -0.290145 0.956555
outer loop
vertex 0.850000 0.980866 0.646194
vertex 0.848097 0.990433 0.649039
vertex 0.846267 0.981234 0.646194
endloop
endfacet
facet normal -0.093905 -0.952691 -0.289072
outer loop
vertex 0.850000 0.953806 0.580866
vertex 0.850000 0.950960 0.590245
vertex 0.840433 0.951903 0.590245
endloop
endfacet
facet normal -0.093777 -0.952738 -0.288957
outer loop
vertex 0.850000 0.953806 0.580866
vertex 0.840433 0.951903 0.590245
vertex 0.840988 0.954693 0.580866
endloop
endfacet
facet normal -0.046424 -0.470905 0.880961
outer loop
vertex 0.850000 0.972221 0.641573
vertex 0.850000 0.980866 0.646194
vertex 0.846267 0.981234 0.646194
endloop
endfacet
facet normal -0.046411 -0.470905 0.880963
outer loop
vertex 0.850000 0.972221 0.641573
vertex 0.846267 0.981234 0.646194
vertex 0.844581 0.972755 0.641573
endloop
endfacet
facet normal -0.084583 -0.279114 -0.956526
outer loop
vertex 0.848097 0.990433 0.550960
vertex 0.846267 0.981234 0.553806
vertex 0.842677 0.982322 0.553806
endloop
endfacet
facet normal -0.084635 -0.279080 -0.956531
outer loop
vertex 0.848097 0.990433 0.550960
vertex 0.842677 0.982322 0.553806
vertex 0.846267 0.990988 0.550960
endloop
endfacet
facet normal -0.288856 -0.952380 0.097646
outer loop
vertex 0.840245 0.950960 0.600000
vertex 0.840433 0.951903 0.609754
vertex 0.831234 0.954693 0.609754
endloop
endfacet
facet normal -0.288981 -0.952355 0.097521
outer loop
vertex 0.840245 0.950960 0.600000
vertex 0.831234 0.954693 0.609754
vertex 0.830866 0.953806 0.600000
endloop
endfacet
facet normal -0.028606 -0.094275 0.995135
outer loop
vertex 0.848097 0.990433 0.649039
vertex 0.850000 1.000000 0.650000
vertex 0.846267 0.990988 0.649039
endloop
endfacet
facet normal -0.028560 -0.094178 -0.995146
outer loop
vertex 0.850000 1.000000 0.550000
vertex 0.848097 0.990433 0.550960
vertex 0.846267 0.990988 0.550960
endloop
endfacet
facet normal -0.288980 -0.952343 -0.097638
outer loop
vertex 0.840433 0.951903 0.590245
vertex 0.840245 0.950960 0.600000
vertex 0.830866 0.953806 0.600000
endloop
endfacet
facet normal -0.288857 -0.952394 -0.097506
outer loop
vertex 0.840433 0.951903 0.590245
vertex 0.830866 0.953806 0.600000
vertex 0.831234 0.954693 0.590245
endloop
endfacet
facet normal -0.084646 -0.279018 0.956548
outer loop
vertex 0.846267 0.981234 0.646194
vertex 0.848097 0.990433 0.649039
vertex 0.846267 0.990988 0.649039
endloop
endfacet
facet normal -0.084567 -0.279003 0.956559
outer loop
vertex 0.846267 0.981234 0.646194
vertex 0.846267 0.990988 0.649039
vertex 0.842677 0.982322 0.646194
endloop
endfacet
facet normal -0.277860 -0.916131 -0.288961
outer loop
vertex 0.840988 0.954693 0.580866
vertex 0.840433 0.951903 0.590245
vertex 0.831234 0.954693 0.590245
endloop
endfacet
facet normal -0.278002 -0.916033 -0.289134
outer loop
vertex 0.840988 0.954693 0.580866
vertex 0.831234 0.954693 0.590245
vertex 0.832322 0.957323 0.580866
endloop
endfacet
facet normal -0.137237 -0.452829 0.880972
outer loop
vertex 0.844581 0.972755 0.641573
vertex 0.846267 0.981234 0.646194
vertex 0.842677 0.982322 0.646194
endloop
endfacet
facet normal -0.137357 -0.452862 0.880937
outer loop
vertex 0.844581 0.972755 0.641573
vertex 0.842677 0.982322 0.646194
vertex 0.839369 0.974336 0.641573
endloop
endfacet
facet normal -0.256381 -0.844788 -0.469684
outer loop
vertex 0.841890 0.959226 0.572221
vertex 0.840988 0.954693 0.580866
vertex 0.832322 0.957323 0.580866
endloop
endfacet
facet normal -0.256214 -0.844901 -0.469570
outer loop
vertex 0.841890 0.959226 0.572221
vertex 0.832322 0.957323 0.580866
vertex 0.834091 0.961591 0.572221
endloop
endfacet
facet normal -0.184662 -0.608785 0.771545
outer loop
vertex 0.843103 0.965324 0.635356
vertex 0.844581 0.972755 0.641573
vertex 0.839369 0.974336 0.641573
endloop
endfacet
facet normal -0.184659 -0.608779 0.771550
outer loop
vertex 0.843103 0.965324 0.635356
vertex 0.839369 0.974336 0.641573
vertex 0.836470 0.967336 0.635356
endloop
endfacet
facet normal -0.224758 -0.741178 -0.632565
outer loop
vertex 0.843103 0.965324 0.564645
vertex 0.841890 0.959226 0.572221
vertex 0.834091 0.961591 0.572221
endloop
endfacet
facet normal -0.224813 -0.741126 -0.632607
outer loop
vertex 0.843103 0.965324 0.564645
vertex 0.834091 0.961591 0.572221
vertex 0.836470 0.967336 0.564645
endloop
endfacet
facet normal -0.224853 -0.741236 0.632463
outer loop
vertex 0.841890 0.959226 0.627778
vertex 0.843103 0.965324 0.635356
vertex 0.836470 0.967336 0.635356
endloop
endfacet
facet normal -0.224769 -0.741224 0.632507
outer loop
vertex 0.841890 0.959226 0.627778
vertex 0.836470 0.967336 0.635356
vertex 0.834091 0.961591 0.627778
endloop
endfacet
facet normal -0.184675 -0.608836 -0.771501
outer loop
vertex 0.844581 0.972755 0.558427
vertex 0.843103 0.965324 0.564645
vertex 0.836470 0.967336 0.564645
endloop
endfacet
facet normal -0.184672 -0.608833 -0.771504
outer loop
vertex 0.844581 0.972755 0.558427
vertex 0.836470 0.967336 0.564645
vertex 0.839369 0.974336 0.558427
endloop
endfacet
facet normal -0.256191 -0.844812 0.469743
outer loop
vertex 0.840988 0.954693 0.619134
vertex 0.841890 0.959226 0.627778
vertex 0.834091 0.961591 0.627778
endloop
endfacet
facet normal -0.256386 -0.844832 0.469601
outer loop
vertex 0.840988 0.954693 0.619134
vertex 0.834091 0.961591 0.627778
vertex 0.832322 0.957323 0.619134
endloop
endfacet
facet normal -0.137363 -0.452808 -0.880963
outer loop
vertex 0.846267 0.981234 0.553806
vertex 0.844581 0.972755 0.558427
vertex 0.839369 0.974336 0.558427
endloop
endfacet
facet normal -0.137242 -0.452900 -0.880935
outer loop
vertex 0.846267 0.981234 0.553806
vertex 0.839369 0.974336 0.558427
vertex 0.842677 0.982322 0.553806
endloop
endfacet
facet normal -0.278021 -0.916084 0.288953
outer loop
vertex 0.840433 0.951903 0.609754
vertex 0.840988 0.954693 0.619134
vertex 0.832322 0.957323 0.619134
endloop
endfacet
facet normal -0.277845 -0.916099 0.289077
outer loop
vertex 0.840433 0.951903 0.609754
vertex 0.832322 0.957323 0.619134
vertex 0.831234 0.954693 0.609754
endloop
endfacet
facet normal -0.299914 -0.561026 0.771558
outer loop
vertex 0.836470 0.967336 0.635356
vertex 0.839369 0.974336 0.641573
vertex 0.834567 0.976903 0.641573
endloop
endfacet
facet normal -0.299839 -0.561045 0.771574
outer loop
vertex 0.836470 0.967336 0.635356
vertex 0.834567 0.976903 0.641573
vertex 0.830357 0.970603 0.635356
endloop
endfacet
facet normal -0.365069 -0.683028 -0.632612
outer loop
vertex 0.836470 0.967336 0.564645
vertex 0.834091 0.961591 0.572221
vertex 0.826903 0.965433 0.572221
endloop
endfacet
facet normal -0.365063 -0.683078 -0.632562
outer loop
vertex 0.836470 0.967336 0.564645
vertex 0.826903 0.965433 0.572221
vertex 0.830357 0.970603 0.564645
endloop
endfacet
facet normal -0.365081 -0.683124 0.632502
outer loop
vertex 0.834091 0.961591 0.627778
vertex 0.836470 0.967336 0.635356
vertex 0.830357 0.970603 0.635356
endloop
endfacet
facet normal -0.365129 -0.683118 0.632480
outer loop
vertex 0.834091 0.961591 0.627778
vertex 0.830357 0.970603 0.635356
vertex 0.826903 0.965433 0.627778
endloop
endfacet
facet normal -0.299874 -0.561109 -0.771513
outer loop
vertex 0.839369 0.974336 0.558427
vertex 0.836470 0.967336 0.564645
vertex 0.830357 0.970603 0.564645
endloop
endfacet
facet normal -0.299920 -0.561060 -0.771530
outer loop
vertex 0.839369 0.974336 0.558427
vertex 0.830357 0.970603 0.564645
vertex 0.834567 0.976903 0.558427
endloop
endfacet
facet normal -0.416170 -0.778632 0.469611
outer loop
vertex 0.832322 0.957323 0.619134
vertex 0.834091 0.961591 0.627778
vertex 0.826903 0.965433 0.627778
endloop
endfacet
facet normal -0.416130 -0.778633 0.469646
outer loop
vertex 0.832322 0.957323 0.619134
vertex 0.826903 0.965433 0.627778
vertex 0.824336 0.961591 0.619134
endloop
endfacet
facet normal -0.223102 -0.417347 -0.880935
outer loop
vertex 0.842677 0.982322 0.553806
vertex 0.839369 0.974336 0.558427
vertex 0.834567 0.976903 0.558427
endloop
endfacet
facet normal -0.223126 -0.417272 -0.880964
outer loop
vertex 0.842677 0.982322 0.553806
vertex 0.834567 0.976903 0.558427
vertex 0.839369 0.984091 0.553806
endloop
endfacet
facet normal -0.451225 -0.844295 0.289070
outer loop
vertex 0.831234 0.954693 0.609754
vertex 0.832322 0.957323 0.619134
vertex 0.824336 0.961591 0.619134
endloop
endfacet
facet normal -0.451352 -0.844267 0.288952
outer loop
vertex 0.831234 0.954693 0.609754
vertex 0.824336 0.961591 0.619134
vertex 0.822755 0.959226 0.609754
endloop
endfacet
facet normal -0.137519 -0.257155 -0.956535
outer loop
vertex 0.846267 0.990988 0.550960
vertex 0.842677 0.982322 0.553806
vertex 0.839369 0.984091 0.553806
endloop
endfacet
facet normal -0.137595 -0.257148 -0.956526
outer loop
vertex 0.846267 0.990988 0.550960
vertex 0.839369 0.984091 0.553806
vertex 0.844581 0.991890 0.550960
endloop
endfacet
facet normal -0.469226 -0.877678 0.097511
outer loop
vertex 0.830866 0.953806 0.600000
vertex 0.831234 0.954693 0.609754
vertex 0.822755 0.959226 0.609754
endloop
endfacet
facet normal -0.469160 -0.877706 0.097581
outer loop
vertex 0.830866 0.953806 0.600000
vertex 0.822755 0.959226 0.609754
vertex 0.822221 0.958427 0.600000
endloop
endfacet
facet normal -0.046486 -0.086862 0.995135
outer loop
vertex 0.846267 0.990988 0.649039
vertex 0.850000 1.000000 0.650000
vertex 0.844581 0.991890 0.649039
endloop
endfacet
facet normal -0.046424 -0.086776 -0.995146
outer loop
vertex 0.850000 1.000000 0.550000
vertex 0.846267 0.990988 0.550960
vertex 0.844581 0.991890 0.550960
endloop
endfacet
facet normal -0.469165 -0.877710 -0.097513
outer loop
vertex 0.831234 0.954693 0.590245
vertex 0.830866 0.953806 0.600000
vertex 0.822221 0.958427 0.600000
endloop
endfacet
facet normal -0.469213 -0.877680 -0.097560
outer loop
vertex 0.831234 0.954693 0.590245
vertex 0.822221 0.958427 0.600000
vertex 0.822755 0.959226 0.590245
endloop
endfacet
facet normal -0.137514 -0.257047 0.956565
outer loop
vertex 0.842677 0.982322 0.646194
vertex 0.846267 0.990988 0.649039
vertex 0.844581 0.991890 0.649039
endloop
endfacet
facet normal -0.137477 -0.257082 0.956561
outer loop
vertex 0.842677 0.982322 0.646194
vertex 0.844581 0.991890 0.649039
vertex 0.839369 0.984091 0.646194
endloop
endfacet
facet normal -0.451339 -0.844227 -0.289091
outer loop
vertex 0.832322 0.957323 0.580866
vertex 0.831234 0.954693 0.590245
vertex 0.822755 0.959226 0.590245
endloop
endfacet
facet normal -0.451228 -0.844326 -0.288976
outer loop
vertex 0.832322 0.957323 0.580866
vertex 0.822755 0.959226 0.590245
vertex 0.824336 0.961591 0.580866
endloop
endfacet
facet normal -0.223160 -0.417297 0.880944
outer loop
vertex 0.839369 0.974336 0.641573
vertex 0.842677 0.982322 0.646194
vertex 0.839369 0.984091 0.646194
endloop
endfacet
facet normal -0.223083 -0.417329 0.880949
outer loop
vertex 0.839369 0.974336 0.641573
vertex 0.839369 0.984091 0.646194
vertex 0.834567 0.976903 0.641573
endloop
endfacet
facet normal -0.416146 -0.778670 -0.469570
outer loop
vertex 0.834091 0.961591 0.572221
vertex 0.832322 0.957323 0.580866
vertex 0.824336 0.961591 0.580866
endloop
endfacet
facet normal -0.416173 -0.778632 -0.469609
outer loop
vertex 0.834091 0.961591 0.572221
vertex 0.824336 0.961591 0.580866
vertex 0.826903 0.965433 0.572221
endloop
endfacet
facet normal -0.631344 -0.769338 0.097588
outer loop
vertex 0.822221 0.958427 0.600000
vertex 0.822755 0.959226 0.609754
vertex 0.815324 0.965324 0.609754
endloop
endfacet
facet normal -0.631398 -0.769305 0.097501
outer loop
vertex 0.822221 0.958427 0.600000
vertex 0.815324 0.965324 0.609754
vertex 0.814645 0.964645 0.600000
endloop
endfacet
facet normal -0.062468 -0.076156 0.995137
outer loop
vertex 0.844581 0.991890 0.649039
vertex 0.850000 1.000000 0.650000
vertex 0.843103 0.993103 0.649039
endloop
endfacet
facet normal -0.062449 -0.076074 -0.995145
outer loop
vertex 0.850000 1.000000 0.550000
vertex 0.844581 0.991890 0.550960
vertex 0.843103 0.993103 0.550960
endloop
endfacet
facet normal -0.631407 -0.769288 -0.097576
outer loop
vertex 0.822755 0.959226 0.590245
vertex 0.822221 0.958427 0.600000
vertex 0.814645 0.964645 0.600000
endloop
endfacet
facet normal -0.631347 -0.769347 -0.097493
outer loop
vertex 0.822755 0.959226 0.590245
vertex 0.814645 0.964645 0.600000
vertex 0.815324 0.965324 0.590245
endloop
endfacet
facet normal -0.184966 -0.225343 0.956561
outer loop
vertex 0.839369 0.984091 0.646194
vertex 0.844581 0.991890 0.649039
vertex 0.843103 0.993103 0.649039
endloop
endfacet
facet normal -0.184922 -0.225344 0.956569
outer loop
vertex 0.839369 0.984091 0.646194
vertex 0.843103 0.993103 0.649039
vertex 0.836470 0.986470 0.646194
endloop
endfacet
facet normal -0.607305 -0.740047 -0.288982
outer loop
vertex 0.824336 0.961591 0.580866
vertex 0.822755 0.959226 0.590245
vertex 0.815324 0.965324 0.590245
endloop
endfacet
facet normal -0.607328 -0.740013 -0.289020
outer loop
vertex 0.824336 0.961591 0.580866
vertex 0.815324 0.965324 0.590245
vertex 0.817336 0.967336 0.580866
endloop
endfacet
facet normal -0.300200 -0.365786 0.880954
outer loop
vertex 0.834567 0.976903 0.641573
vertex 0.839369 0.984091 0.646194
vertex 0.836470 0.986470 0.646194
endloop
endfacet
facet normal -0.300128 -0.365826 0.880962
outer loop
vertex 0.834567 0.976903 0.641573
vertex 0.836470 0.986470 0.646194
vertex 0.830357 0.980357 0.641573
endloop
endfacet
facet normal -0.560096 -0.682455 -0.469625
outer loop
vertex 0.826903 0.965433 0.572221
vertex 0.824336 0.961591 0.580866
vertex 0.817336 0.967336 0.580866
endloop
endfacet
facet normal -0.560085 -0.682501 -0.469572
outer loop
vertex 0.826903 0.965433 0.572221
vertex 0.817336 0.967336 0.580866
vertex 0.820603 0.970603 0.572221
endloop
endfacet
facet normal -0.403472 -0.491782 0.771596
outer loop
vertex 0.830357 0.970603 0.635356
vertex 0.834567 0.976903 0.641573
vertex 0.830357 0.980357 0.641573
endloop
endfacet
facet normal -0.403638 -0.491763 0.771522
outer loop
vertex 0.830357 0.970603 0.635356
vertex 0.830357 0.980357 0.641573
vertex 0.825000 0.975000 0.635356
endloop
endfacet
facet normal -0.491318 -0.598715 -0.632571
outer loop
vertex 0.830357 0.970603 0.564645
vertex 0.826903 0.965433 0.572221
vertex 0.820603 0.970603 0.572221
endloop
endfacet
facet normal -0.491363 -0.598631 -0.632617
outer loop
vertex 0.830357 0.970603 0.564645
vertex 0.820603 0.970603 0.572221
vertex 0.825000 0.975000 0.564645
endloop
endfacet
facet normal -0.491439 -0.598729 0.632464
outer loop
vertex 0.826903 0.965433 0.627778
vertex 0.830357 0.970603 0.635356
vertex 0.825000 0.975000 0.635356
endloop
endfacet
facet normal -0.491349 -0.598755 0.632511
outer loop
vertex 0.826903 0.965433 0.627778
vertex 0.825000 0.975000 0.635356
vertex 0.820603 0.970603 0.627778
endloop
endfacet
facet normal -0.403623 -0.491747 -0.771540
outer loop
vertex 0.834567 0.976903 0.558427
vertex 0.830357 0.970603 0.564645
vertex 0.825000 0.975000 0.564645
endloop
endfacet
facet normal -0.403573 -0.491908 -0.771463
outer loop
vertex 0.834567 0.976903 0.558427
vertex 0.825000 0.975000 0.564645
vertex 0.830357 0.980357 0.558427
endloop
endfacet
facet normal -0.560055 -0.682465 0.469659
outer loop
vertex 0.824336 0.961591 0.619134
vertex 0.826903 0.965433 0.627778
vertex 0.820603 0.970603 0.627778
endloop
endfacet
facet normal -0.560101 -0.682452 0.469623
outer loop
vertex 0.824336 0.961591 0.619134
vertex 0.820603 0.970603 0.627778
vertex 0.817336 0.967336 0.619134
endloop
endfacet
facet normal -0.300155 -0.365840 -0.880947
outer loop
vertex 0.839369 0.984091 0.553806
vertex 0.834567 0.976903 0.558427
vertex 0.830357 0.980357 0.558427
endloop
endfacet
facet normal -0.300160 -0.365766 -0.880976
outer loop
vertex 0.839369 0.984091 0.553806
vertex 0.830357 0.980357 0.558427
vertex 0.836470 0.986470 0.553806
endloop
endfacet
facet normal -0.607349 -0.740025 0.288948
outer loop
vertex 0.822755 0.959226 0.609754
vertex 0.824336 0.961591 0.619134
vertex 0.817336 0.967336 0.619134
endloop
endfacet
facet normal -0.607291 -0.740053 0.288999
outer loop
vertex 0.822755 0.959226 0.609754
vertex 0.817336 0.967336 0.619134
vertex 0.815324 0.965324 0.609754
endloop
endfacet
facet normal -0.184986 -0.225434 -0.956535
outer loop
vertex 0.844581 0.991890 0.550960
vertex 0.839369 0.984091 0.553806
vertex 0.836470 0.986470 0.553806
endloop
endfacet
facet normal -0.185001 -0.225375 -0.956546
outer loop
vertex 0.844581 0.991890 0.550960
vertex 0.836470 0.986470 0.553806
vertex 0.843103 0.993103 0.550960
endloop
endfacet
facet normal -0.598683 -0.491280 -0.632631
outer loop
vertex 0.825000 0.975000 0.564645
vertex 0.820603 0.970603 0.572221
vertex 0.815433 0.976903 0.572221
endloop
endfacet
facet normal -0.598670 -0.491402 -0.632549
outer loop
vertex 0.825000 0.975000 0.564645
vertex 0.815433 0.976903 0.572221
vertex 0.820603 0.980357 0.564645
endloop
endfacet
facet normal -0.598706 -0.491392 0.632522
outer loop
vertex 0.820603 0.970603 0.627778
vertex 0.825000 0.975000 0.635356
vertex 0.820603 0.980357 0.635356
endloop
endfacet
facet normal -0.598771 -0.491373 0.632476
outer loop
vertex 0.820603 0.970603 0.627778
vertex 0.820603 0.980357 0.635356
vertex 0.815433 0.976903 0.627778
endloop
endfacet
facet normal -0.491801 -0.403666 -0.771483
outer loop
vertex 0.830357 0.980357 0.558427
vertex 0.825000 0.975000 0.564645
vertex 0.820603 0.980357 0.564645
endloop
endfacet
facet normal -0.491843 -0.403519 -0.771533
outer loop
vertex 0.830357 0.980357 0.558427
vertex 0.820603 0.980357 0.564645
vertex 0.826903 0.984567 0.558427
endloop
endfacet
facet normal -0.682480 -0.560067 0.469623
outer loop
vertex 0.817336 0.967336 0.619134
vertex 0.820603 0.970603 0.627778
vertex 0.815433 0.976903 0.627778
endloop
endfacet
facet normal -0.682445 -0.560090 0.469646
outer loop
vertex 0.817336 0.967336 0.619134
vertex 0.815433 0.976903 0.627778
vertex 0.811591 0.974336 0.619134
endloop
endfacet
facet normal -0.365829 -0.300122 -0.880963
outer loop
vertex 0.836470 0.986470 0.553806
vertex 0.830357 0.980357 0.558427
vertex 0.826903 0.984567 0.558427
endloop
endfacet
facet normal -0.365802 -0.300179 -0.880955
outer loop
vertex 0.836470 0.986470 0.553806
vertex 0.826903 0.984567 0.558427
vertex 0.834091 0.989369 0.553806
endloop
endfacet
facet normal -0.740016 -0.607331 0.289007
outer loop
vertex 0.815324 0.965324 0.609754
vertex 0.817336 0.967336 0.619134
vertex 0.811591 0.974336 0.619134
endloop
endfacet
facet normal -0.740063 -0.607297 0.288959
outer loop
vertex 0.815324 0.965324 0.609754
vertex 0.811591 0.974336 0.619134
vertex 0.809226 0.972755 0.609754
endloop
endfacet
facet normal -0.225430 -0.185013 -0.956531
outer loop
vertex 0.843103 0.993103 0.550960
vertex 0.836470 0.986470 0.553806
vertex 0.834091 0.989369 0.553806
endloop
endfacet
facet normal -0.225411 -0.184985 -0.956541
outer loop
vertex 0.843103 0.993103 0.550960
vertex 0.834091 0.989369 0.553806
vertex 0.841890 0.994581 0.550960
endloop
endfacet
facet normal -0.769360 -0.631332 0.097498
outer loop
vertex 0.814645 0.964645 0.600000
vertex 0.815324 0.965324 0.609754
vertex 0.809226 0.972755 0.609754
endloop
endfacet
facet normal -0.769282 -0.631411 0.097599
outer loop
vertex 0.814645 0.964645 0.600000
vertex 0.809226 0.972755 0.609754
vertex 0.808427 0.972221 0.600000
endloop
endfacet
facet normal -0.076203 -0.062508 0.995131
outer loop
vertex 0.843103 0.993103 0.649039
vertex 0.850000 1.000000 0.650000
vertex 0.841890 0.994581 0.649039
endloop
endfacet
facet normal -0.076076 -0.062442 -0.995145
outer loop
vertex 0.850000 1.000000 0.550000
vertex 0.843103 0.993103 0.550960
vertex 0.841890 0.994581 0.550960
endloop
endfacet
facet normal -0.769290 -0.631416 -0.097506
outer loop
vertex 0.815324 0.965324 0.590245
vertex 0.814645 0.964645 0.600000
vertex 0.808427 0.972221 0.600000
endloop
endfacet
facet normal -0.769353 -0.631329 -0.097571
outer loop
vertex 0.815324 0.965324 0.590245
vertex 0.808427 0.972221 0.600000
vertex 0.809226 0.972755 0.590245
endloop
endfacet
facet normal -0.225318 -0.184976 0.956564
outer loop
vertex 0.836470 0.986470 0.646194
vertex 0.843103 0.993103 0.649039
vertex 0.841890 0.994581 0.649039
endloop
endfacet
facet normal -0.225361 -0.184926 0.956564
outer loop
vertex 0.836470 0.986470 0.646194
vertex 0.841890 0.994581 0.649039
vertex 0.834091 0.989369 0.646194
endloop
endfacet
facet normal -0.740046 -0.607285 -0.289027
outer loop
vertex 0.817336 0.967336 0.580866
vertex 0.815324 0.965324 0.590245
vertex 0.809226 0.972755 0.590245
endloop
endfacet
facet normal -0.740019 -0.607335 -0.288992
outer loop
vertex 0.817336 0.967336 0.580866
vertex 0.809226 0.972755 0.590245
vertex 0.811591 0.974336 0.580866
endloop
endfacet
facet normal -0.365759 -0.300157 0.880980
outer loop
vertex 0.830357 0.980357 0.641573
vertex 0.836470 0.986470 0.646194
vertex 0.834091 0.989369 0.646194
endloop
endfacet
facet normal -0.365843 -0.300142 0.880951
outer loop
vertex 0.830357 0.980357 0.641573
vertex 0.834091 0.989369 0.646194
vertex 0.826903 0.984567 0.641573
endloop
endfacet
facet normal -0.682479 -0.560106 -0.469579
outer loop
vertex 0.820603 0.970603 0.572221
vertex 0.817336 0.967336 0.580866
vertex 0.811591 0.974336 0.580866
endloop
endfacet
facet normal -0.682483 -0.560077 -0.469608
outer loop
vertex 0.820603 0.970603 0.572221
vertex 0.811591 0.974336 0.580866
vertex 0.815433 0.976903 0.572221
endloop
endfacet
facet normal -0.491857 -0.403535 0.771516
outer loop
vertex 0.825000 0.975000 0.635356
vertex 0.830357 0.980357 0.641573
vertex 0.826903 0.984567 0.641573
endloop
endfacet
facet normal -0.491715 -0.403583 0.771581
outer loop
vertex 0.825000 0.975000 0.635356
vertex 0.826903 0.984567 0.641573
vertex 0.820603 0.980357 0.635356
endloop
endfacet
facet normal -0.086847 -0.046463 0.995138
outer loop
vertex 0.841890 0.994581 0.649039
vertex 0.850000 1.000000 0.650000
vertex 0.840988 0.996267 0.649039
endloop
endfacet
facet normal -0.086762 -0.046414 -0.995147
outer loop
vertex 0.850000 1.000000 0.550000
vertex 0.841890 0.994581 0.550960
vertex 0.840988 0.996267 0.550960
endloop
endfacet
facet normal -0.877715 -0.469143 -0.097580
outer loop
vertex 0.809226 0.972755 0.590245
vertex 0.808427 0.972221 0.600000
vertex 0.803806 0.980866 0.600000
endloop
endfacet
facet normal -0.877675 -0.469232 -0.097505
outer loop
vertex 0.809226 0.972755 0.590245
vertex 0.803806 0.980866 0.600000
vertex 0.804693 0.981234 0.590245
endloop
endfacet
facet normal -0.257066 -0.137516 0.956560
outer loop
vertex 0.834091 0.989369 0.646194
vertex 0.841890 0.994581 0.649039
vertex 0.840988 0.996267 0.649039
endloop
endfacet
facet normal -0.257064 -0.137481 0.956565
outer loop
vertex 0.834091 0.989369 0.646194
vertex 0.840988 0.996267 0.649039
vertex 0.832322 0.992677 0.646194
endloop
endfacet
facet normal -0.844259 -0.451361 -0.288964
outer loop
vertex 0.811591 0.974336 0.580866
vertex 0.809226 0.972755 0.590245
vertex 0.804693 0.981234 0.590245
endloop
endfacet
facet normal -0.844285 -0.451225 -0.289099
outer loop
vertex 0.811591 0.974336 0.580866
vertex 0.804693 0.981234 0.590245
vertex 0.807323 0.982322 0.580866
endloop
endfacet
facet normal -0.417279 -0.223150 0.880955
outer loop
vertex 0.826903 0.984567 0.641573
vertex 0.834091 0.989369 0.646194
vertex 0.832322 0.992677 0.646194
endloop
endfacet
facet normal -0.417347 -0.223106 0.880934
outer loop
vertex 0.826903 0.984567 0.641573
vertex 0.832322 0.992677 0.646194
vertex 0.824336 0.989369 0.641573
endloop
endfacet
facet normal -0.778654 -0.416144 -0.469598
outer loop
vertex 0.815433 0.976903 0.572221
vertex 0.811591 0.974336 0.580866
vertex 0.807323 0.982322 0.580866
endloop
endfacet
facet normal -0.778637 -0.416181 -0.469594
outer loop
vertex 0.815433 0.976903 0.572221
vertex 0.807323 0.982322 0.580866
vertex 0.811591 0.984091 0.572221
endloop
endfacet
facet normal -0.561003 -0.299902 0.771579
outer loop
vertex 0.820603 0.980357 0.635356
vertex 0.826903 0.984567 0.641573
vertex 0.824336 0.989369 0.641573
endloop
endfacet
facet normal -0.561067 -0.299856 0.771550
outer loop
vertex 0.820603 0.980357 0.635356
vertex 0.824336 0.989369 0.641573
vertex 0.817336 0.986470 0.635356
endloop
endfacet
facet normal -0.683040 -0.365088 -0.632587
outer loop
vertex 0.820603 0.980357 0.564645
vertex 0.815433 0.976903 0.572221
vertex 0.811591 0.984091 0.572221
endloop
endfacet
facet normal -0.683059 -0.365051 -0.632589
outer loop
vertex 0.820603 0.980357 0.564645
vertex 0.811591 0.984091 0.572221
vertex 0.817336 0.986470 0.564645
endloop
endfacet
facet normal -0.683140 -0.365107 0.632468
outer loop
vertex 0.815433 0.976903 0.627778
vertex 0.820603 0.980357 0.635356
vertex 0.817336 0.986470 0.635356
endloop
endfacet
facet normal -0.683100 -0.365120 0.632504
outer loop
vertex 0.815433 0.976903 0.627778
vertex 0.817336 0.986470 0.635356
vertex 0.811591 0.984091 0.627778
endloop
endfacet
facet normal -0.561099 -0.299882 -0.771517
outer loop
vertex 0.826903 0.984567 0.558427
vertex 0.820603 0.980357 0.564645
vertex 0.817336 0.986470 0.564645
endloop
endfacet
facet normal -0.561083 -0.299930 -0.771510
outer loop
vertex 0.826903 0.984567 0.558427
vertex 0.817336 0.986470 0.564645
vertex 0.824336 0.989369 0.558427
endloop
endfacet
facet normal -0.778615 -0.416161 0.469648
outer loop
vertex 0.811591 0.974336 0.619134
vertex 0.815433 0.976903 0.627778
vertex 0.811591 0.984091 0.627778
endloop
endfacet
facet normal -0.778636 -0.416145 0.469626
outer loop
vertex 0.811591 0.974336 0.619134
vertex 0.811591 0.984091 0.627778
vertex 0.807323 0.982322 0.619134
endloop
endfacet
facet normal -0.417314 -0.223085 -0.880955
outer loop
vertex 0.834091 0.989369 0.553806
vertex 0.826903 0.984567 0.558427
vertex 0.824336 0.989369 0.558427
endloop
endfacet
facet normal -0.417297 -0.223172 -0.880941
outer loop
vertex 0.834091 0.989369 0.553806
vertex 0.824336 0.989369 0.558427
vertex 0.832322 0.992677 0.553806
endloop
endfacet
facet normal -0.844326 -0.451251 0.288941
outer loop
vertex 0.809226 0.972755 0.609754
vertex 0.811591 0.974336 0.619134
vertex 0.807323 0.982322 0.619134
endloop
endfacet
facet normal -0.844238 -0.451342 0.289055
outer loop
vertex 0.809226 0.972755 0.609754
vertex 0.807323 0.982322 0.619134
vertex 0.804693 0.981234 0.609754
endloop
endfacet
facet normal -0.257151 -0.137520 -0.956536
outer loop
vertex 0.841890 0.994581 0.550960
vertex 0.834091 0.989369 0.553806
vertex 0.832322 0.992677 0.553806
endloop
endfacet
facet normal -0.257150 -0.137546 -0.956533
outer loop
vertex 0.841890 0.994581 0.550960
vertex 0.832322 0.992677 0.553806
vertex 0.840988 0.996267 0.550960
endloop
endfacet
facet normal -0.877679 -0.469206 0.097599
outer loop
vertex 0.808427 0.972221 0.600000
vertex 0.809226 0.972755 0.609754
vertex 0.804693 0.981234 0.609754
endloop
endfacet
facet normal -0.877706 -0.469173 0.097509
outer loop
vertex 0.808427 0.972221 0.600000
vertex 0.804693 0.981234 0.609754
vertex 0.803806 0.980866 0.600000
endloop
endfacet
facet normal -0.741213 -0.224828 0.632500
outer loop
vertex 0.811591 0.984091 0.627778
vertex 0.817336 0.986470 0.635356
vertex 0.815324 0.993103 0.635356
endloop
endfacet
facet normal -0.741256 -0.224777 0.632467
outer loop
vertex 0.811591 0.984091 0.627778
vertex 0.815324 0.993103 0.635356
vertex 0.809226 0.991890 0.627778
endloop
endfacet
facet normal -0.608834 -0.184678 -0.771502
outer loop
vertex 0.824336 0.989369 0.558427
vertex 0.817336 0.986470 0.564645
vertex 0.815324 0.993103 0.564645
endloop
endfacet
facet normal -0.608826 -0.184688 -0.771506
outer loop
vertex 0.824336 0.989369 0.558427
vertex 0.815324 0.993103 0.564645
vertex 0.822755 0.994581 0.558427
endloop
endfacet
facet normal -0.844891 -0.256205 0.469593
outer loop
vertex 0.807323 0.982322 0.619134
vertex 0.811591 0.984091 0.627778
vertex 0.809226 0.991890 0.627778
endloop
endfacet
facet normal -0.844754 -0.256369 0.469750
outer loop
vertex 0.807323 0.982322 0.619134
vertex 0.809226 0.991890 0.627778
vertex 0.804693 0.990988 0.619134
endloop
endfacet
facet normal -0.452846 -0.137363 -0.880944
outer loop
vertex 0.832322 0.992677 0.553806
vertex 0.824336 0.989369 0.558427
vertex 0.822755 0.994581 0.558427
endloop
endfacet
facet normal -0.452841 -0.137239 -0.880966
outer loop
vertex 0.832322 0.992677 0.553806
vertex 0.822755 0.994581 0.558427
vertex 0.831234 0.996267 0.553806
endloop
endfacet
facet normal -0.916046 -0.278009 0.289086
outer loop
vertex 0.804693 0.981234 0.609754
vertex 0.807323 0.982322 0.619134
vertex 0.804693 0.990988 0.619134
endloop
endfacet
facet normal -0.916140 -0.277854 0.288939
outer loop
vertex 0.804693 0.981234 0.609754
vertex 0.804693 0.990988 0.619134
vertex 0.801903 0.990433 0.609754
endloop
endfacet
facet normal -0.279098 -0.084603 -0.956528
outer loop
vertex 0.840988 0.996267 0.550960
vertex 0.832322 0.992677 0.553806
vertex 0.831234 0.996267 0.553806
endloop
endfacet
facet normal -0.279069 -0.084610 -0.956536
outer loop
vertex 0.840988 0.996267 0.550960
vertex 0.831234 0.996267 0.553806
vertex 0.840433 0.998097 0.550960
endloop
endfacet
facet normal -0.952396 -0.288851 0.097504
outer loop
vertex 0.803806 0.980866 0.600000
vertex 0.804693 0.981234 0.609754
vertex 0.801903 0.990433 0.609754
endloop
endfacet
facet normal -0.952344 -0.288977 0.097640
outer loop
vertex 0.803806 0.980866 0.600000
vertex 0.801903 0.990433 0.609754
vertex 0.800960 0.990245 0.600000
endloop
endfacet
facet normal -0.094296 -0.028598 0.995133
outer loop
vertex 0.840988 0.996267 0.649039
vertex 0.850000 1.000000 0.650000
vertex 0.840433 0.998097 0.649039
endloop
endfacet
facet normal -0.094194 -0.028567 -0.995144
outer loop
vertex 0.850000 1.000000 0.550000
vertex 0.840988 0.996267 0.550960
vertex 0.840433 0.998097 0.550960
endloop
endfacet
facet normal -0.952356 -0.288986 -0.097495
outer loop
vertex 0.804693 0.981234 0.590245
vertex 0.803806 0.980866 0.600000
vertex 0.800960 0.990245 0.600000
endloop
endfacet
facet normal -0.952386 -0.288840 -0.097634
outer loop
vertex 0.804693 0.981234 0.590245
vertex 0.800960 0.990245 0.600000
vertex 0.801903 0.990433 0.590245
endloop
endfacet
facet normal -0.279022 -0.084622 0.956549
outer loop
vertex 0.832322 0.992677 0.646194
vertex 0.840988 0.996267 0.649039
vertex 0.840433 0.998097 0.649039
endloop
endfacet
facet normal -0.278993 -0.084552 0.956563
outer loop
vertex 0.832322 0.992677 0.646194
vertex 0.840433 0.998097 0.649039
vertex 0.831234 0.996267 0.646194
endloop
endfacet
facet normal -0.916090 -0.277843 -0.289106
outer loop
vertex 0.807323 0.982322 0.580866
vertex 0.804693 0.981234 0.590245
vertex 0.801903 0.990433 0.590245
endloop
endfacet
facet normal -0.916085 -0.278008 -0.288962
outer loop
vertex 0.807323 0.982322 0.580866
vertex 0.801903 0.990433 0.590245
vertex 0.804693 0.990988 0.580866
endloop
endfacet
facet normal -0.452892 -0.137243 0.880939
outer loop
vertex 0.824336 0.989369 0.641573
vertex 0.832322 0.992677 0.646194
vertex 0.831234 0.996267 0.646194
endloop
endfacet
facet normal -0.452805 -0.137361 0.880965
outer loop
vertex 0.824336 0.989369 0.641573
vertex 0.831234 0.996267 0.646194
vertex 0.822755 0.994581 0.641573
endloop
endfacet
facet normal -0.844845 -0.256395 -0.469573
outer loop
vertex 0.811591 0.984091 0.572221
vertex 0.807323 0.982322 0.580866
vertex 0.804693 0.990988 0.580866
endloop
endfacet
facet normal -0.844833 -0.256192 -0.469706
outer loop
vertex 0.811591 0.984091 0.572221
vertex 0.804693 0.990988 0.580866
vertex 0.809226 0.991890 0.572221
endloop
endfacet
facet normal -0.608774 -0.184664 0.771553
outer loop
vertex 0.817336 0.986470 0.635356
vertex 0.824336 0.989369 0.641573
vertex 0.822755 0.994581 0.641573
endloop
endfacet
facet normal -0.608778 -0.184662 0.771550
outer loop
vertex 0.817336 0.986470 0.635356
vertex 0.822755 0.994581 0.641573
vertex 0.815324 0.993103 0.635356
endloop
endfacet
facet normal -0.741153 -0.224754 -0.632596
outer loop
vertex 0.817336 0.986470 0.564645
vertex 0.811591 0.984091 0.572221
vertex 0.809226 0.991890 0.572221
endloop
endfacet
facet normal -0.741173 -0.224807 -0.632554
outer loop
vertex 0.817336 0.986470 0.564645
vertex 0.809226 0.991890 0.572221
vertex 0.815324 0.993103 0.564645
endloop
endfacet
facet normal -0.990439 -0.097475 -0.097622
outer loop
vertex 0.801903 0.990433 0.590245
vertex 0.800960 0.990245 0.600000
vertex 0.800000 1.000000 0.600000
endloop
endfacet
facet normal -0.990437 -0.097533 -0.097579
outer loop
vertex 0.801903 0.990433 0.590245
vertex 0.800000 1.000000 0.600000
vertex 0.800961 1.000000 0.590245
endloop
endfacet
facet normal -0.290136 -0.028648 0.956556
outer loop
vertex 0.831234 0.996267 0.646194
vertex 0.840433 0.998097 0.649039
vertex 0.840245 1.000000 0.649039
endloop
endfacet
facet normal -0.290156 -0.028614 0.956551
outer loop
vertex 0.831234 0.996267 0.646194
vertex 0.840245 1.000000 0.649039
vertex 0.830866 1.000000 0.646194
endloop
endfacet
facet normal -0.952733 -0.093814 -0.288963
outer loop
vertex 0.804693 0.990988 0.580866
vertex 0.801903 0.990433 0.590245
vertex 0.800961 1.000000 0.590245
endloop
endfacet
facet normal -0.952728 -0.093764 -0.288993
outer loop
vertex 0.804693 0.990988 0.580866
vertex 0.800961 1.000000 0.590245
vertex 0.803806 1.000000 0.580866
endloop
endfacet
facet normal -0.470890 -0.046422 0.880970
outer loop
vertex 0.822755 0.994581 0.641573
vertex 0.831234 0.996267 0.646194
vertex 0.830866 1.000000 0.646194
endloop
endfacet
facet normal -0.470910 -0.046402 0.880960
outer loop
vertex 0.822755 0.994581 0.641573
vertex 0.830866 1.000000 0.646194
vertex 0.822221 1.000000 0.641573
endloop
endfacet
facet normal -0.878575 -0.086467 -0.469712
outer loop
vertex 0.809226 0.991890 0.572221
vertex 0.804693 0.990988 0.580866
vertex 0.803806 1.000000 0.580866
endloop
endfacet
facet normal -0.878603 -0.086575 -0.469640
outer loop
vertex 0.809226 0.991890 0.572221
vertex 0.803806 1.000000 0.580866
vertex 0.808427 1.000000 0.572221
endloop
endfacet
facet normal -0.633092 -0.062375 0.771560
outer loop
vertex 0.815324 0.993103 0.635356
vertex 0.822755 0.994581 0.641573
vertex 0.822221 1.000000 0.641573
endloop
endfacet
facet normal -0.633140 -0.062336 0.771523
outer loop
vertex 0.815324 0.993103 0.635356
vertex 0.822221 1.000000 0.641573
vertex 0.814645 1.000000 0.635356
endloop
endfacet
facet normal -0.770769 -0.075953 -0.632571
outer loop
vertex 0.815324 0.993103 0.564645
vertex 0.809226 0.991890 0.572221
vertex 0.808427 1.000000 0.572221
endloop
endfacet
facet normal -0.770751 -0.075874 -0.632603
outer loop
vertex 0.815324 0.993103 0.564645
vertex 0.808427 1.000000 0.572221
vertex 0.814645 1.000000 0.564645
endloop
endfacet
facet normal -0.770869 -0.075892 0.632457
outer loop
vertex 0.809226 0.991890 0.627778
vertex 0.815324 0.993103 0.635356
vertex 0.814645 1.000000 0.635356
endloop
endfacet
facet normal -0.770823 -0.075952 0.632505
outer loop
vertex 0.809226 0.991890 0.627778
vertex 0.814645 1.000000 0.635356
vertex 0.808427 1.000000 0.627778
endloop
endfacet
facet normal -0.633157 -0.062329 -0.771510
outer loop
vertex 0.822755 0.994581 0.558427
vertex 0.815324 0.993103 0.564645
vertex 0.814645 1.000000 0.564645
endloop
endfacet
facet normal -0.633196 -0.062392 -0.771473
outer loop
vertex 0.822755 0.994581 0.558427
vertex 0.814645 1.000000 0.564645
vertex 0.822221 1.000000 0.558427
endloop
endfacet
facet normal -0.878541 -0.086555 0.469759
outer loop
vertex 0.804693 0.990988 0.619134
vertex 0.809226 0.991890 0.627778
vertex 0.808427 1.000000 0.627778
endloop
endfacet
facet normal -0.878590 -0.086479 0.469683
outer loop
vertex 0.804693 0.990988 0.619134
vertex 0.808427 1.000000 0.627778
vertex 0.803806 1.000000 0.619134
endloop
endfacet
facet normal -0.470895 -0.046392 -0.880969
outer loop
vertex 0.831234 0.996267 0.553806
vertex 0.822755 0.994581 0.558427
vertex 0.822221 1.000000 0.558427
endloop
endfacet
facet normal -0.470901 -0.046435 -0.880963
outer loop
vertex 0.831234 0.996267 0.553806
vertex 0.822221 1.000000 0.558427
vertex 0.830866 1.000000 0.553806
endloop
endfacet
facet normal -0.952746 -0.093767 0.288934
outer loop
vertex 0.801903 0.990433 0.609754
vertex 0.804693 0.990988 0.619134
vertex 0.803806 1.000000 0.619134
endloop
endfacet
facet normal -0.952733 -0.093804 0.288966
outer loop
vertex 0.801903 0.990433 0.609754
vertex 0.803806 1.000000 0.619134
vertex 0.800961 1.000000 0.609754
endloop
endfacet
facet normal -0.290254 -0.028612 -0.956522
outer loop
vertex 0.840433 0.998097 0.550960
vertex 0.831234 0.996267 0.553806
vertex 0.830866 1.000000 0.553806
endloop
endfacet
facet normal -0.290225 -0.028672 -0.956529
outer loop
vertex 0.840433 0.998097 0.550960
vertex 0.830866 1.000000 0.553806
vertex 0.840245 1.000000 0.550960
endloop
endfacet
facet normal -0.990433 -0.097522 0.097632
outer loop
vertex 0.800960 0.990245 0.600000
vertex 0.801903 0.990433 0.609754
vertex 0.800961 1.000000 0.609754
endloop
endfacet
facet normal -0.990442 -0.097478 0.097590
outer loop
vertex 0.800960 0.990245 0.600000
vertex 0.800961 1.000000 0.609754
vertex 0.800000 1.000000 0.600000
endloop
endfacet
facet normal -0.098033 -0.009685 0.995136
outer loop
vertex 0.840433 0.998097 0.649039
vertex 0.850000 1.000000 0.650000
vertex 0.840245 1.000000 0.649039
endloop
endfacet
facet normal -0.097921 -0.009679 -0.995147
outer loop
vertex 0.850000 1.000000 0.550000
vertex 0.840433 0.998097 0.550960
vertex 0.840245 1.000000 0.550960
endloop
endfacet
facet normal -0.633188 0.062324 -0.771485
outer loop
vertex 0.822221 1.000000 0.558427
vertex 0.814645 1.000000 0.564645
vertex 0.815324 1.006898 0.564645
endloop
endfacet
facet normal -0.633153 0.062388 -0.771508
outer loop
vertex 0.822221 1.000000 0.558427
vertex 0.815324 1.006898 0.564645
vertex 0.822755 1.005419 0.558427
endloop
endfacet
facet normal -0.878586 0.086570 0.469672
outer loop
vertex 0.803806 1.000000 0.619134
vertex 0.808427 1.000000 0.627778
vertex 0.809226 1.008110 0.627778
endloop
endfacet
facet normal -0.878550 0.086465 0.469759
outer loop
vertex 0.803806 1.000000 0.619134
vertex 0.809226 1.008110 0.627778
vertex 0.804693 1.009012 0.619134
endloop
endfacet
facet normal -0.470909 0.046403 -0.880960
outer loop
vertex 0.830866 1.000000 0.553806
vertex 0.822221 1.000000 0.558427
vertex 0.822755 1.005419 0.558427
endloop
endfacet
facet normal -0.470875 0.046421 -0.880978
outer loop
vertex 0.830866 1.000000 0.553806
vertex 0.822755 1.005419 0.558427
vertex 0.831234 1.003733 0.553806
endloop
endfacet
facet normal -0.952737 0.093756 0.288968
outer loop
vertex 0.800961 1.000000 0.609754
vertex 0.803806 1.000000 0.619134
vertex 0.804693 1.009012 0.619134
endloop
endfacet
facet normal -0.952741 0.093815 0.288934
outer loop
vertex 0.800961 1.000000 0.609754
vertex 0.804693 1.009012 0.619134
vertex 0.801903 1.009567 0.609754
endloop
endfacet
facet normal -0.290242 0.028612 -0.956525
outer loop
vertex 0.840245 1.000000 0.550960
vertex 0.830866 1.000000 0.553806
vertex 0.831234 1.003733 0.553806
endloop
endfacet
facet normal -0.290248 0.028672 -0.956522
outer loop
vertex 0.840245 1.000000 0.550960
vertex 0.831234 1.003733 0.553806
vertex 0.840433 1.001903 0.550960
endloop
endfacet
facet normal -0.990438 0.097513 0.097588
outer loop
vertex 0.800000 1.000000 0.600000
vertex 0.800961 1.000000 0.609754
vertex 0.801903 1.009567 0.609754
endloop
endfacet
facet normal -0.990437 0.097595 0.097522
outer loop
vertex 0.800000 1.000000 0.600000
vertex 0.801903 1.009567 0.609754
vertex 0.800961 1.009754 0.600000
endloop
endfacet
facet normal -0.098046 0.009685 0.995135
outer loop
vertex 0.840245 1.000000 0.649039
vertex 0.850000 1.000000 0.650000
vertex 0.840433 1.001903 0.649039
endloop
endfacet
facet normal -0.097921 0.009679 -0.995147
outer loop
vertex 0.850000 1.000000 0.550000
vertex 0.840245 1.000000 0.550960
vertex 0.840433 1.001903 0.550960
endloop
endfacet
facet normal -0.990432 0.097582 -0.097577
outer loop
vertex 0.800961 1.000000 0.590245
vertex 0.800000 1.000000 0.600000
vertex 0.800961 1.009754 0.600000
endloop
endfacet
facet normal -0.990444 0.097534 -0.097511
outer loop
vertex 0.800961 1.000000 0.590245
vertex 0.800961 1.009754 0.600000
vertex 0.801903 1.009567 0.590245
endloop
endfacet
facet normal -0.290147 0.028673 0.956552
outer loop
vertex 0.830866 1.000000 0.646194
vertex 0.840245 1.000000 0.649039
vertex 0.840433 1.001903 0.649039
endloop
endfacet
facet normal -0.290156 0.028601 0.956552
outer loop
vertex 0.830866 1.000000 0.646194
vertex 0.840433 1.001903 0.649039
vertex 0.831234 1.003733 0.646194
endloop
endfacet
facet normal -0.952723 0.093813 -0.288994
outer loop
vertex 0.803806 1.000000 0.580866
vertex 0.800961 1.000000 0.590245
vertex 0.801903 1.009567 0.590245
endloop
endfacet
facet normal -0.952739 0.093765 -0.288958
outer loop
vertex 0.803806 1.000000 0.580866
vertex 0.801903 1.009567 0.590245
vertex 0.804693 1.009012 0.580866
endloop
endfacet
facet normal -0.470901 0.046437 0.880963
outer loop
vertex 0.822221 1.000000 0.641573
vertex 0.830866 1.000000 0.646194
vertex 0.831234 1.003733 0.646194
endloop
endfacet
facet normal -0.470892 0.046392 0.880970
outer loop
vertex 0.822221 1.000000 0.641573
vertex 0.831234 1.003733 0.646194
vertex 0.822755 1.005419 0.641573
endloop
endfacet
facet normal -0.878613 0.086481 -0.469638
outer loop
vertex 0.808427 1.000000 0.572221
vertex 0.803806 1.000000 0.580866
vertex 0.804693 1.009012 0.580866
endloop
endfacet
facet normal -0.878561 0.086559 -0.469721
outer loop
vertex 0.808427 1.000000 0.572221
vertex 0.804693 1.009012 0.580866
vertex 0.809226 1.008110 0.572221
endloop
endfacet
facet normal -0.633134 0.062379 0.771524
outer loop
vertex 0.814645 1.000000 0.635356
vertex 0.822221 1.000000 0.641573
vertex 0.822755 1.005419 0.641573
endloop
endfacet
facet normal -0.633105 0.062324 0.771553
outer loop
vertex 0.814645 1.000000 0.635356
vertex 0.822755 1.005419 0.641573
vertex 0.815324 1.006898 0.635356
endloop
endfacet
facet normal -0.770747 0.075951 -0.632599
outer loop
vertex 0.814645 1.000000 0.564645
vertex 0.808427 1.000000 0.572221
vertex 0.809226 1.008110 0.572221
endloop
endfacet
facet normal -0.770791 0.075867 -0.632555
outer loop
vertex 0.814645 1.000000 0.564645
vertex 0.809226 1.008110 0.572221
vertex 0.815324 1.006898 0.564645
endloop
endfacet
facet normal -0.770832 0.075879 0.632503
outer loop
vertex 0.808427 1.000000 0.627778
vertex 0.814645 1.000000 0.635356
vertex 0.815324 1.006898 0.635356
endloop
endfacet
facet normal -0.770862 0.075954 0.632458
outer loop
vertex 0.808427 1.000000 0.627778
vertex 0.815324 1.006898 0.635356
vertex 0.809226 1.008110 0.627778
endloop
endfacet
facet normal -0.916134 0.277847 -0.288962
outer loop
vertex 0.804693 1.009012 0.580866
vertex 0.801903 1.009567 0.590245
vertex 0.804693 1.018766 0.590245
endloop
endfacet
facet normal -0.916022 0.278030 -0.289141
outer loop
vertex 0.804693 1.009012 0.580866
vertex 0.804693 1.018766 0.590245
vertex 0.807323 1.017677 0.580866
endloop
endfacet
facet normal -0.452829 0.137275 0.880966
outer loop
vertex 0.822755 1.005419 0.641573
vertex 0.831234 1.003733 0.646194
vertex 0.832322 1.007322 0.646194
endloop
endfacet
facet normal -0.452844 0.137392 0.880940
outer loop
vertex 0.822755 1.005419 0.641573
vertex 0.832322 1.007322 0.646194
vertex 0.824336 1.010630 0.641573
endloop
endfacet
facet normal -0.844772 0.256402 -0.469700
outer loop
vertex 0.809226 1.008110 0.572221
vertex 0.804693 1.009012 0.580866
vertex 0.807323 1.017677 0.580866
endloop
endfacet
facet normal -0.844920 0.256219 -0.469534
outer loop
vertex 0.809226 1.008110 0.572221
vertex 0.807323 1.017677 0.580866
vertex 0.811591 1.015909 0.572221
endloop
endfacet
facet normal -0.608738 0.184690 0.771575
outer loop
vertex 0.815324 1.006898 0.635356
vertex 0.822755 1.005419 0.641573
vertex 0.824336 1.010630 0.641573
endloop
endfacet
facet normal -0.608774 0.184685 0.771547
outer loop
vertex 0.815324 1.006898 0.635356
vertex 0.824336 1.010630 0.641573
vertex 0.817336 1.013530 0.635356
endloop
endfacet
facet normal -0.741193 0.224758 -0.632547
outer loop
vertex 0.815324 1.006898 0.564645
vertex 0.809226 1.008110 0.572221
vertex 0.811591 1.015909 0.572221
endloop
endfacet
facet normal -0.741121 0.224839 -0.632603
outer loop
vertex 0.815324 1.006898 0.564645
vertex 0.811591 1.015909 0.572221
vertex 0.817336 1.013530 0.564645
endloop
endfacet
facet normal -0.741247 0.224875 0.632443
outer loop
vertex 0.809226 1.008110 0.627778
vertex 0.815324 1.006898 0.635356
vertex 0.817336 1.013530 0.635356
endloop
endfacet
facet normal -0.741219 0.224769 0.632514
outer loop
vertex 0.809226 1.008110 0.627778
vertex 0.817336 1.013530 0.635356
vertex 0.811591 1.015909 0.627778
endloop
endfacet
facet normal -0.608815 0.184697 -0.771513
outer loop
vertex 0.822755 1.005419 0.558427
vertex 0.815324 1.006898 0.564645
vertex 0.817336 1.013530 0.564645
endloop
endfacet
facet normal -0.608807 0.184719 -0.771513
outer loop
vertex 0.822755 1.005419 0.558427
vertex 0.817336 1.013530 0.564645
vertex 0.824336 1.010630 0.558427
endloop
endfacet
facet normal -0.844810 0.256188 0.469748
outer loop
vertex 0.804693 1.009012 0.619134
vertex 0.809226 1.008110 0.627778
vertex 0.811591 1.015909 0.627778
endloop
endfacet
facet normal -0.844829 0.256418 0.469588
outer loop
vertex 0.804693 1.009012 0.619134
vertex 0.811591 1.015909 0.627778
vertex 0.807323 1.017677 0.619134
endloop
endfacet
facet normal -0.452810 0.137390 -0.880958
outer loop
vertex 0.831234 1.003733 0.553806
vertex 0.822755 1.005419 0.558427
vertex 0.824336 1.010630 0.558427
endloop
endfacet
facet normal -0.452890 0.137277 -0.880934
outer loop
vertex 0.831234 1.003733 0.553806
vertex 0.824336 1.010630 0.558427
vertex 0.832322 1.007322 0.553806
endloop
endfacet
facet normal -0.916085 0.278042 0.288932
outer loop
vertex 0.801903 1.009567 0.609754
vertex 0.804693 1.009012 0.619134
vertex 0.807323 1.017677 0.619134
endloop
endfacet
facet normal -0.916089 0.277846 0.289108
outer loop
vertex 0.801903 1.009567 0.609754
vertex 0.807323 1.017677 0.619134
vertex 0.804693 1.018766 0.609754
endloop
endfacet
facet normal -0.279103 0.084599 -0.956527
outer loop
vertex 0.840433 1.001903 0.550960
vertex 0.831234 1.003733 0.553806
vertex 0.832322 1.007322 0.553806
endloop
endfacet
facet normal -0.279060 0.084669 -0.956534
outer loop
vertex 0.840433 1.001903 0.550960
vertex 0.832322 1.007322 0.553806
vertex 0.840988 1.003733 0.550960
endloop
endfacet
facet normal -0.952394 0.288853 0.097515
outer loop
vertex 0.800961 1.009754 0.600000
vertex 0.801903 1.009567 0.609754
vertex 0.804693 1.018766 0.609754
endloop
endfacet
facet normal -0.952393 0.288859 0.097506
outer loop
vertex 0.800961 1.009754 0.600000
vertex 0.804693 1.018766 0.609754
vertex 0.803806 1.019134 0.600000
endloop
endfacet
facet normal -0.094271 0.028598 0.995136
outer loop
vertex 0.840433 1.001903 0.649039
vertex 0.850000 1.000000 0.650000
vertex 0.840988 1.003733 0.649039
endloop
endfacet
facet normal -0.094194 0.028567 -0.995144
outer loop
vertex 0.850000 1.000000 0.550000
vertex 0.840433 1.001903 0.550960
vertex 0.840988 1.003733 0.550960
endloop
endfacet
facet normal -0.952392 0.288865 -0.097502
outer loop
vertex 0.801903 1.009567 0.590245
vertex 0.800961 1.009754 0.600000
vertex 0.803806 1.019134 0.600000
endloop
endfacet
facet normal -0.952398 0.288847 -0.097498
outer loop
vertex 0.801903 1.009567 0.590245
vertex 0.803806 1.019134 0.600000
vertex 0.804693 1.018766 0.590245
endloop
endfacet
facet normal -0.278999 0.084598 0.956558
outer loop
vertex 0.831234 1.003733 0.646194
vertex 0.840433 1.001903 0.649039
vertex 0.840988 1.003733 0.649039
endloop
endfacet
facet normal -0.279002 0.084586 0.956558
outer loop
vertex 0.831234 1.003733 0.646194
vertex 0.840988 1.003733 0.649039
vertex 0.832322 1.007322 0.646194
endloop
endfacet
facet normal -0.417348 0.223060 -0.880945
outer loop
vertex 0.832322 1.007322 0.553806
vertex 0.824336 1.010630 0.558427
vertex 0.826903 1.015433 0.558427
endloop
endfacet
facet normal -0.417270 0.223145 -0.880961
outer loop
vertex 0.832322 1.007322 0.553806
vertex 0.826903 1.015433 0.558427
vertex 0.834091 1.010630 0.553806
endloop
endfacet
facet normal -0.844311 0.451182 0.289092
outer loop
vertex 0.804693 1.018766 0.609754
vertex 0.807323 1.017677 0.619134
vertex 0.811591 1.025664 0.619134
endloop
endfacet
facet normal -0.844265 0.451361 0.288947
outer loop
vertex 0.804693 1.018766 0.609754
vertex 0.811591 1.025664 0.619134
vertex 0.809226 1.027245 0.609754
endloop
endfacet
facet normal -0.257182 0.137521 -0.956528
outer loop
vertex 0.840988 1.003733 0.550960
vertex 0.832322 1.007322 0.553806
vertex 0.834091 1.010630 0.553806
endloop
endfacet
facet normal -0.257149 0.137570 -0.956530
outer loop
vertex 0.840988 1.003733 0.550960
vertex 0.834091 1.010630 0.553806
vertex 0.841890 1.005419 0.550960
endloop
endfacet
facet normal -0.877681 0.469217 0.097528
outer loop
vertex 0.803806 1.019134 0.600000
vertex 0.804693 1.018766 0.609754
vertex 0.809226 1.027245 0.609754
endloop
endfacet
facet normal -0.877689 0.469196 0.097550
outer loop
vertex 0.803806 1.019134 0.600000
vertex 0.809226 1.027245 0.609754
vertex 0.808427 1.027778 0.600000
endloop
endfacet
facet normal -0.086872 0.046463 0.995135
outer loop
vertex 0.840988 1.003733 0.649039
vertex 0.850000 1.000000 0.650000
vertex 0.841890 1.005419 0.649039
endloop
endfacet
facet normal -0.086762 0.046414 -0.995147
outer loop
vertex 0.850000 1.000000 0.550000
vertex 0.840988 1.003733 0.550960
vertex 0.841890 1.005419 0.550960
endloop
endfacet
facet normal -0.877688 0.469205 -0.097521
outer loop
vertex 0.804693 1.018766 0.590245
vertex 0.803806 1.019134 0.600000
vertex 0.808427 1.027778 0.600000
endloop
endfacet
facet normal -0.877684 0.469210 -0.097538
outer loop
vertex 0.804693 1.018766 0.590245
vertex 0.808427 1.027778 0.600000
vertex 0.809226 1.027245 0.590245
endloop
endfacet
facet normal -0.257066 0.137523 0.956559
outer loop
vertex 0.832322 1.007322 0.646194
vertex 0.840988 1.003733 0.649039
vertex 0.841890 1.005419 0.649039
endloop
endfacet
facet normal -0.257077 0.137488 0.956561
outer loop
vertex 0.832322 1.007322 0.646194
vertex 0.841890 1.005419 0.649039
vertex 0.834091 1.010630 0.646194
endloop
endfacet
facet normal -0.844218 0.451334 -0.289124
outer loop
vertex 0.807323 1.017677 0.580866
vertex 0.804693 1.018766 0.590245
vertex 0.809226 1.027245 0.590245
endloop
endfacet
facet normal -0.844344 0.451203 -0.288964
outer loop
vertex 0.807323 1.017677 0.580866
vertex 0.809226 1.027245 0.590245
vertex 0.811591 1.025664 0.580866
endloop
endfacet
facet normal -0.417287 0.223167 0.880947
outer loop
vertex 0.824336 1.010630 0.641573
vertex 0.832322 1.007322 0.646194
vertex 0.834091 1.010630 0.646194
endloop
endfacet
facet normal -0.417329 0.223046 0.880958
outer loop
vertex 0.824336 1.010630 0.641573
vertex 0.834091 1.010630 0.646194
vertex 0.826903 1.015433 0.641573
endloop
endfacet
facet normal -0.778695 0.416115 -0.469555
outer loop
vertex 0.811591 1.015909 0.572221
vertex 0.807323 1.017677 0.580866
vertex 0.811591 1.025664 0.580866
endloop
endfacet
facet normal -0.778633 0.416173 -0.469608
outer loop
vertex 0.811591 1.015909 0.572221
vertex 0.811591 1.025664 0.580866
vertex 0.815433 1.023097 0.572221
endloop
endfacet
facet normal -0.561031 0.299842 0.771582
outer loop
vertex 0.817336 1.013530 0.635356
vertex 0.824336 1.010630 0.641573
vertex 0.826903 1.015433 0.641573
endloop
endfacet
facet normal -0.561029 0.299889 0.771566
outer loop
vertex 0.817336 1.013530 0.635356
vertex 0.826903 1.015433 0.641573
vertex 0.820603 1.019642 0.635356
endloop
endfacet
facet normal -0.683043 0.365077 -0.632591
outer loop
vertex 0.817336 1.013530 0.564645
vertex 0.811591 1.015909 0.572221
vertex 0.815433 1.023097 0.572221
endloop
endfacet
facet normal -0.683024 0.365097 -0.632600
outer loop
vertex 0.817336 1.013530 0.564645
vertex 0.815433 1.023097 0.572221
vertex 0.820603 1.019642 0.564645
endloop
endfacet
facet normal -0.683099 0.365134 0.632497
outer loop
vertex 0.811591 1.015909 0.627778
vertex 0.817336 1.013530 0.635356
vertex 0.820603 1.019642 0.635356
endloop
endfacet
facet normal -0.683107 0.365126 0.632494
outer loop
vertex 0.811591 1.015909 0.627778
vertex 0.820603 1.019642 0.635356
vertex 0.815433 1.023097 0.627778
endloop
endfacet
facet normal -0.561065 0.299902 -0.771534
outer loop
vertex 0.824336 1.010630 0.558427
vertex 0.817336 1.013530 0.564645
vertex 0.820603 1.019642 0.564645
endloop
endfacet
facet normal -0.561099 0.299889 -0.771515
outer loop
vertex 0.824336 1.010630 0.558427
vertex 0.820603 1.019642 0.564645
vertex 0.826903 1.015433 0.558427
endloop
endfacet
facet normal -0.778649 0.416174 0.469580
outer loop
vertex 0.807323 1.017677 0.619134
vertex 0.811591 1.015909 0.627778
vertex 0.815433 1.023097 0.627778
endloop
endfacet
facet normal -0.778644 0.416097 0.469656
outer loop
vertex 0.807323 1.017677 0.619134
vertex 0.815433 1.023097 0.627778
vertex 0.811591 1.025664 0.619134
endloop
endfacet
facet normal -0.365822 0.300091 0.880977
outer loop
vertex 0.826903 1.015433 0.641573
vertex 0.834091 1.010630 0.646194
vertex 0.836470 1.013530 0.646194
endloop
endfacet
facet normal -0.365785 0.300179 0.880962
outer loop
vertex 0.826903 1.015433 0.641573
vertex 0.836470 1.013530 0.646194
vertex 0.830357 1.019642 0.641573
endloop
endfacet
facet normal -0.682460 0.560092 -0.469621
outer loop
vertex 0.815433 1.023097 0.572221
vertex 0.811591 1.025664 0.580866
vertex 0.817336 1.032664 0.580866
endloop
endfacet
facet normal -0.682495 0.560080 -0.469585
outer loop
vertex 0.815433 1.023097 0.572221
vertex 0.817336 1.032664 0.580866
vertex 0.820603 1.029397 0.572221
endloop
endfacet
facet normal -0.491784 0.403576 0.771541
outer loop
vertex 0.820603 1.019642 0.635356
vertex 0.826903 1.015433 0.641573
vertex 0.830357 1.019642 0.641573
endloop
endfacet
facet normal -0.491778 0.403561 0.771552
outer loop
vertex 0.820603 1.019642 0.635356
vertex 0.830357 1.019642 0.641573
vertex 0.825000 1.025000 0.635356
endloop
endfacet
facet normal -0.598678 0.491302 -0.632620
outer loop
vertex 0.820603 1.019642 0.564645
vertex 0.815433 1.023097 0.572221
vertex 0.820603 1.029397 0.572221
endloop
endfacet
facet normal -0.598686 0.491300 -0.632613
outer loop
vertex 0.820603 1.019642 0.564645
vertex 0.820603 1.029397 0.572221
vertex 0.825000 1.025000 0.564645
endloop
endfacet
facet normal -0.598736 0.491341 0.632534
outer loop
vertex 0.815433 1.023097 0.627778
vertex 0.820603 1.019642 0.635356
vertex 0.825000 1.025000 0.635356
endloop
endfacet
facet normal -0.598749 0.491353 0.632512
outer loop
vertex 0.815433 1.023097 0.627778
vertex 0.825000 1.025000 0.635356
vertex 0.820603 1.029397 0.627778
endloop
endfacet
facet normal -0.491827 0.403608 -0.771497
outer loop
vertex 0.826903 1.015433 0.558427
vertex 0.820603 1.019642 0.564645
vertex 0.825000 1.025000 0.564645
endloop
endfacet
facet normal -0.491823 0.403596 -0.771505
outer loop
vertex 0.826903 1.015433 0.558427
vertex 0.825000 1.025000 0.564645
vertex 0.830357 1.019642 0.558427
endloop
endfacet
facet normal -0.682483 0.560060 0.469628
outer loop
vertex 0.811591 1.025664 0.619134
vertex 0.815433 1.023097 0.627778
vertex 0.820603 1.029397 0.627778
endloop
endfacet
facet normal -0.682445 0.560085 0.469653
outer loop
vertex 0.811591 1.025664 0.619134
vertex 0.820603 1.029397 0.627778
vertex 0.817336 1.032664 0.619134
endloop
endfacet
facet normal -0.365766 0.300165 -0.880975
outer loop
vertex 0.834091 1.010630 0.553806
vertex 0.826903 1.015433 0.558427
vertex 0.830357 1.019642 0.558427
endloop
endfacet
facet normal -0.365856 0.300106 -0.880957
outer loop
vertex 0.834091 1.010630 0.553806
vertex 0.830357 1.019642 0.558427
vertex 0.836470 1.013530 0.553806
endloop
endfacet
facet normal -0.740034 0.607337 0.288947
outer loop
vertex 0.809226 1.027245 0.609754
vertex 0.811591 1.025664 0.619134
vertex 0.817336 1.032664 0.619134
endloop
endfacet
facet normal -0.740051 0.607288 0.289010
outer loop
vertex 0.809226 1.027245 0.609754
vertex 0.817336 1.032664 0.619134
vertex 0.815324 1.034676 0.609754
endloop
endfacet
facet normal -0.225453 0.184957 -0.956536
outer loop
vertex 0.841890 1.005419 0.550960
vertex 0.834091 1.010630 0.553806
vertex 0.836470 1.013530 0.553806
endloop
endfacet
facet normal -0.225498 0.184959 -0.956526
outer loop
vertex 0.841890 1.005419 0.550960
vertex 0.836470 1.013530 0.553806
vertex 0.843103 1.006898 0.550960
endloop
endfacet
facet normal -0.769353 0.631335 0.097528
outer loop
vertex 0.808427 1.027778 0.600000
vertex 0.809226 1.027245 0.609754
vertex 0.815324 1.034676 0.609754
endloop
endfacet
facet normal -0.769369 0.631309 0.097566
outer loop
vertex 0.808427 1.027778 0.600000
vertex 0.815324 1.034676 0.609754
vertex 0.814645 1.035356 0.600000
endloop
endfacet
facet normal -0.076222 0.062483 0.995131
outer loop
vertex 0.841890 1.005419 0.649039
vertex 0.850000 1.000000 0.650000
vertex 0.843103 1.006898 0.649039
endloop
endfacet
facet normal -0.076110 0.062414 -0.995144
outer loop
vertex 0.850000 1.000000 0.550000
vertex 0.841890 1.005419 0.550960
vertex 0.843103 1.006898 0.550960
endloop
endfacet
facet normal -0.769371 0.631315 -0.097520
outer loop
vertex 0.809226 1.027245 0.590245
vertex 0.808427 1.027778 0.600000
vertex 0.814645 1.035356 0.600000
endloop
endfacet
facet normal -0.769353 0.631331 -0.097554
outer loop
vertex 0.809226 1.027245 0.590245
vertex 0.814645 1.035356 0.600000
vertex 0.815324 1.034676 0.590245
endloop
endfacet
facet normal -0.225373 0.184848 0.956576
outer loop
vertex 0.834091 1.010630 0.646194
vertex 0.841890 1.005419 0.649039
vertex 0.843103 1.006898 0.649039
endloop
endfacet
facet normal -0.225417 0.184921 0.956552
outer loop
vertex 0.834091 1.010630 0.646194
vertex 0.843103 1.006898 0.649039
vertex 0.836470 1.013530 0.646194
endloop
endfacet
facet normal -0.740052 0.607291 -0.289000
outer loop
vertex 0.811591 1.025664 0.580866
vertex 0.809226 1.027245 0.590245
vertex 0.815324 1.034676 0.590245
endloop
endfacet
facet normal -0.740018 0.607326 -0.289014
outer loop
vertex 0.811591 1.025664 0.580866
vertex 0.815324 1.034676 0.590245
vertex 0.817336 1.032664 0.580866
endloop
endfacet
facet normal -0.607332 0.740021 0.288995
outer loop
vertex 0.815324 1.034676 0.609754
vertex 0.817336 1.032664 0.619134
vertex 0.824336 1.038409 0.619134
endloop
endfacet
facet normal -0.607263 0.740114 0.288899
outer loop
vertex 0.815324 1.034676 0.609754
vertex 0.824336 1.038409 0.619134
vertex 0.822756 1.040774 0.609754
endloop
endfacet
facet normal -0.184992 0.225436 -0.956534
outer loop
vertex 0.843103 1.006898 0.550960
vertex 0.836470 1.013530 0.553806
vertex 0.839369 1.015909 0.553806
endloop
endfacet
facet normal -0.184957 0.225467 -0.956533
outer loop
vertex 0.843103 1.006898 0.550960
vertex 0.839369 1.015909 0.553806
vertex 0.844581 1.008110 0.550960
endloop
endfacet
facet normal -0.631290 0.769384 0.097572
outer loop
vertex 0.814645 1.035356 0.600000
vertex 0.815324 1.034676 0.609754
vertex 0.822756 1.040774 0.609754
endloop
endfacet
facet normal -0.631328 0.769341 0.097672
outer loop
vertex 0.814645 1.035356 0.600000
vertex 0.822756 1.040774 0.609754
vertex 0.822221 1.041573 0.600000
endloop
endfacet
facet normal -0.062436 0.076179 0.995137
outer loop
vertex 0.843103 1.006898 0.649039
vertex 0.850000 1.000000 0.650000
vertex 0.844581 1.008110 0.649039
endloop
endfacet
facet normal -0.062375 0.076099 -0.995147
outer loop
vertex 0.850000 1.000000 0.550000
vertex 0.843103 1.006898 0.550960
vertex 0.844581 1.008110 0.550960
endloop
endfacet
facet normal -0.631343 0.769341 -0.097573
outer loop
vertex 0.815324 1.034676 0.590245
vertex 0.814645 1.035356 0.600000
vertex 0.822221 1.041573 0.600000
endloop
endfacet
facet normal -0.631277 0.769385 -0.097652
outer loop
vertex 0.815324 1.034676 0.590245
vertex 0.822221 1.041573 0.600000
vertex 0.822756 1.040774 0.590245
endloop
endfacet
facet normal -0.184877 0.225407 0.956563
outer loop
vertex 0.836470 1.013530 0.646194
vertex 0.843103 1.006898 0.649039
vertex 0.844581 1.008110 0.649039
endloop
endfacet
facet normal -0.184930 0.225367 0.956562
outer loop
vertex 0.836470 1.013530 0.646194
vertex 0.844581 1.008110 0.649039
vertex 0.839369 1.015909 0.646194
endloop
endfacet
facet normal -0.607239 0.740088 -0.289015
outer loop
vertex 0.817336 1.032664 0.580866
vertex 0.815324 1.034676 0.590245
vertex 0.822756 1.040774 0.590245
endloop
endfacet
facet normal -0.607342 0.740039 -0.288926
outer loop
vertex 0.817336 1.032664 0.580866
vertex 0.822756 1.040774 0.590245
vertex 0.824336 1.038409 0.580866
endloop
endfacet
facet normal -0.300196 0.365802 0.880949
outer loop
vertex 0.830357 1.019642 0.641573
vertex 0.836470 1.013530 0.646194
vertex 0.839369 1.015909 0.646194
endloop
endfacet
facet normal -0.300220 0.365801 0.880941
outer loop
vertex 0.830357 1.019642 0.641573
vertex 0.839369 1.015909 0.646194
vertex 0.834567 1.023097 0.641573
endloop
endfacet
facet normal -0.560114 0.682466 -0.469587
outer loop
vertex 0.820603 1.029397 0.572221
vertex 0.817336 1.032664 0.580866
vertex 0.824336 1.038409 0.580866
endloop
endfacet
facet normal -0.560064 0.682486 -0.469618
outer loop
vertex 0.820603 1.029397 0.572221
vertex 0.824336 1.038409 0.580866
vertex 0.826903 1.034567 0.572221
endloop
endfacet
facet normal -0.403562 0.491750 0.771570
outer loop
vertex 0.825000 1.025000 0.635356
vertex 0.830357 1.019642 0.641573
vertex 0.834567 1.023097 0.641573
endloop
endfacet
facet normal -0.403612 0.491710 0.771569
outer loop
vertex 0.825000 1.025000 0.635356
vertex 0.834567 1.023097 0.641573
vertex 0.830357 1.029397 0.635356
endloop
endfacet
facet normal -0.491308 0.598684 -0.632609
outer loop
vertex 0.825000 1.025000 0.564645
vertex 0.820603 1.029397 0.572221
vertex 0.826903 1.034567 0.572221
endloop
endfacet
facet normal -0.491383 0.598678 -0.632556
outer loop
vertex 0.825000 1.025000 0.564645
vertex 0.826903 1.034567 0.572221
vertex 0.830357 1.029397 0.564645
endloop
endfacet
facet normal -0.491412 0.598705 0.632508
outer loop
vertex 0.820603 1.029397 0.627778
vertex 0.825000 1.025000 0.635356
vertex 0.830357 1.029397 0.635356
endloop
endfacet
facet normal -0.491375 0.598779 0.632467
outer loop
vertex 0.820603 1.029397 0.627778
vertex 0.830357 1.029397 0.635356
vertex 0.826903 1.034567 0.627778
endloop
endfacet
facet normal -0.403639 0.491775 -0.771514
outer loop
vertex 0.830357 1.019642 0.558427
vertex 0.825000 1.025000 0.564645
vertex 0.830357 1.029397 0.564645
endloop
endfacet
facet normal -0.403596 0.491776 -0.771536
outer loop
vertex 0.830357 1.019642 0.558427
vertex 0.830357 1.029397 0.564645
vertex 0.834567 1.023097 0.558427
endloop
endfacet
facet normal -0.560058 0.682469 0.469650
outer loop
vertex 0.817336 1.032664 0.619134
vertex 0.820603 1.029397 0.627778
vertex 0.826903 1.034567 0.627778
endloop
endfacet
facet normal -0.560089 0.682451 0.469638
outer loop
vertex 0.817336 1.032664 0.619134
vertex 0.826903 1.034567 0.627778
vertex 0.824336 1.038409 0.619134
endloop
endfacet
facet normal -0.300216 0.365815 -0.880937
outer loop
vertex 0.836470 1.013530 0.553806
vertex 0.830357 1.019642 0.558427
vertex 0.834567 1.023097 0.558427
endloop
endfacet
facet normal -0.300165 0.365791 -0.880964
outer loop
vertex 0.836470 1.013530 0.553806
vertex 0.834567 1.023097 0.558427
vertex 0.839369 1.015909 0.553806
endloop
endfacet
facet normal -0.416133 0.778654 -0.469608
outer loop
vertex 0.826903 1.034567 0.572221
vertex 0.824336 1.038409 0.580866
vertex 0.832322 1.042677 0.580866
endloop
endfacet
facet normal -0.416185 0.778655 -0.469560
outer loop
vertex 0.826903 1.034567 0.572221
vertex 0.832322 1.042677 0.580866
vertex 0.834091 1.038409 0.572221
endloop
endfacet
facet normal -0.299883 0.561027 0.771569
outer loop
vertex 0.830357 1.029397 0.635356
vertex 0.834567 1.023097 0.641573
vertex 0.839369 1.025664 0.641573
endloop
endfacet
facet normal -0.299847 0.561047 0.771568
outer loop
vertex 0.830357 1.029397 0.635356
vertex 0.839369 1.025664 0.641573
vertex 0.836470 1.032664 0.635356
endloop
endfacet
facet normal -0.365085 0.683047 -0.632582
outer loop
vertex 0.830357 1.029397 0.564645
vertex 0.826903 1.034567 0.572221
vertex 0.834091 1.038409 0.572221
endloop
endfacet
facet normal -0.365055 0.683052 -0.632594
outer loop
vertex 0.830357 1.029397 0.564645
vertex 0.834091 1.038409 0.572221
vertex 0.836470 1.032664 0.564645
endloop
endfacet
facet normal -0.365087 0.683122 0.632499
outer loop
vertex 0.826903 1.034567 0.627778
vertex 0.830357 1.029397 0.635356
vertex 0.836470 1.032664 0.635356
endloop
endfacet
facet normal -0.365118 0.683121 0.632483
outer loop
vertex 0.826903 1.034567 0.627778
vertex 0.836470 1.032664 0.635356
vertex 0.834091 1.038409 0.627778
endloop
endfacet
facet normal -0.299869 0.561099 -0.771522
outer loop
vertex 0.834567 1.023097 0.558427
vertex 0.830357 1.029397 0.564645
vertex 0.836470 1.032664 0.564645
endloop
endfacet
facet normal -0.299927 0.561073 -0.771519
outer loop
vertex 0.834567 1.023097 0.558427
vertex 0.836470 1.032664 0.564645
vertex 0.839369 1.025664 0.558427
endloop
endfacet
facet normal -0.416166 0.778613 0.469646
outer loop
vertex 0.824336 1.038409 0.619134
vertex 0.826903 1.034567 0.627778
vertex 0.834091 1.038409 0.627778
endloop
endfacet
facet normal -0.416131 0.778654 0.469609
outer loop
vertex 0.824336 1.038409 0.619134
vertex 0.834091 1.038409 0.627778
vertex 0.832322 1.042677 0.619134
endloop
endfacet
facet normal -0.223083 0.417329 -0.880949
outer loop
vertex 0.839369 1.015909 0.553806
vertex 0.834567 1.023097 0.558427
vertex 0.839369 1.025664 0.558427
endloop
endfacet
facet normal -0.223055 0.417303 -0.880968
outer loop
vertex 0.839369 1.015909 0.553806
vertex 0.839369 1.025664 0.558427
vertex 0.842677 1.017677 0.553806
endloop
endfacet
facet normal -0.451245 0.844344 0.288894
outer loop
vertex 0.822756 1.040774 0.609754
vertex 0.824336 1.038409 0.619134
vertex 0.832322 1.042677 0.619134
endloop
endfacet
facet normal -0.451375 0.844210 0.289086
outer loop
vertex 0.822756 1.040774 0.609754
vertex 0.832322 1.042677 0.619134
vertex 0.831234 1.045307 0.609754
endloop
endfacet
facet normal -0.137465 0.257197 -0.956532
outer loop
vertex 0.844581 1.008110 0.550960
vertex 0.839369 1.015909 0.553806
vertex 0.842677 1.017677 0.553806
endloop
endfacet
facet normal -0.137563 0.257157 -0.956528
outer loop
vertex 0.844581 1.008110 0.550960
vertex 0.842677 1.017677 0.553806
vertex 0.846267 1.009012 0.550960
endloop
endfacet
facet normal -0.469250 0.877653 0.097616
outer loop
vertex 0.822221 1.041573 0.600000
vertex 0.822756 1.040774 0.609754
vertex 0.831234 1.045307 0.609754
endloop
endfacet
facet normal -0.469168 0.877706 0.097536
outer loop
vertex 0.822221 1.041573 0.600000
vertex 0.831234 1.045307 0.609754
vertex 0.830866 1.046194 0.600000
endloop
endfacet
facet normal -0.046486 0.086862 0.995135
outer loop
vertex 0.844581 1.008110 0.649039
vertex 0.850000 1.000000 0.650000
vertex 0.846267 1.009012 0.649039
endloop
endfacet
facet normal -0.046449 0.086776 -0.995144
outer loop
vertex 0.850000 1.000000 0.550000
vertex 0.844581 1.008110 0.550960
vertex 0.846267 1.009012 0.550960
endloop
endfacet
facet normal -0.469160 0.877700 -0.097628
outer loop
vertex 0.822756 1.040774 0.590245
vertex 0.822221 1.041573 0.600000
vertex 0.830866 1.046194 0.600000
endloop
endfacet
facet normal -0.469258 0.877662 -0.097502
outer loop
vertex 0.822756 1.040774 0.590245
vertex 0.830866 1.046194 0.600000
vertex 0.831234 1.045307 0.590245
endloop
endfacet
facet normal -0.137507 0.257058 0.956563
outer loop
vertex 0.839369 1.015909 0.646194
vertex 0.844581 1.008110 0.649039
vertex 0.846267 1.009012 0.649039
endloop
endfacet
facet normal -0.137427 0.257119 0.956558
outer loop
vertex 0.839369 1.015909 0.646194
vertex 0.846267 1.009012 0.649039
vertex 0.842677 1.017677 0.646194
endloop
endfacet
facet normal -0.451399 0.844249 -0.288935
outer loop
vertex 0.824336 1.038409 0.580866
vertex 0.822756 1.040774 0.590245
vertex 0.831234 1.045307 0.590245
endloop
endfacet
facet normal -0.451210 0.844292 -0.289102
outer loop
vertex 0.824336 1.038409 0.580866
vertex 0.831234 1.045307 0.590245
vertex 0.832322 1.042677 0.580866
endloop
endfacet
facet normal -0.223050 0.417344 0.880950
outer loop
vertex 0.834567 1.023097 0.641573
vertex 0.839369 1.015909 0.646194
vertex 0.842677 1.017677 0.646194
endloop
endfacet
facet normal -0.223061 0.417303 0.880966
outer loop
vertex 0.834567 1.023097 0.641573
vertex 0.842677 1.017677 0.646194
vertex 0.839369 1.025664 0.641573
endloop
endfacet
facet normal -0.084660 0.279095 -0.956524
outer loop
vertex 0.846267 1.009012 0.550960
vertex 0.842677 1.017677 0.553806
vertex 0.846267 1.018766 0.553806
endloop
endfacet
facet normal -0.084644 0.279110 -0.956521
outer loop
vertex 0.846267 1.009012 0.550960
vertex 0.846267 1.018766 0.553806
vertex 0.848097 1.009567 0.550960
endloop
endfacet
facet normal -0.288863 0.952388 0.097548
outer loop
vertex 0.830866 1.046194 0.600000
vertex 0.831234 1.045307 0.609754
vertex 0.840433 1.048097 0.609754
endloop
endfacet
facet normal -0.288880 0.952386 0.097512
outer loop
vertex 0.830866 1.046194 0.600000
vertex 0.840433 1.048097 0.609754
vertex 0.840245 1.049039 0.600000
endloop
endfacet
facet normal -0.028607 0.094276 0.995135
outer loop
vertex 0.846267 1.009012 0.649039
vertex 0.850000 1.000000 0.650000
vertex 0.848097 1.009567 0.649039
endloop
endfacet
facet normal -0.028560 0.094178 -0.995146
outer loop
vertex 0.850000 1.000000 0.550000
vertex 0.846267 1.009012 0.550960
vertex 0.848097 1.009567 0.550960
endloop
endfacet
facet normal -0.288889 0.952388 -0.097469
outer loop
vertex 0.831234 1.045307 0.590245
vertex 0.830866 1.046194 0.600000
vertex 0.840245 1.049039 0.600000
endloop
endfacet
facet normal -0.288860 0.952386 -0.097572
outer loop
vertex 0.831234 1.045307 0.590245
vertex 0.840245 1.049039 0.600000
vertex 0.840433 1.048097 0.590245
endloop
endfacet
facet normal -0.084598 0.279022 0.956551
outer loop
vertex 0.842677 1.017677 0.646194
vertex 0.846267 1.009012 0.649039
vertex 0.848097 1.009567 0.649039
endloop
endfacet
facet normal -0.084643 0.279000 0.956554
outer loop
vertex 0.842677 1.017677 0.646194
vertex 0.848097 1.009567 0.649039
vertex 0.846267 1.018766 0.646194
endloop
endfacet
facet normal -0.277856 0.916092 -0.289087
outer loop
vertex 0.832322 1.042677 0.580866
vertex 0.831234 1.045307 0.590245
vertex 0.840433 1.048097 0.590245
endloop
endfacet
facet normal -0.278014 0.916080 -0.288975
outer loop
vertex 0.832322 1.042677 0.580866
vertex 0.840433 1.048097 0.590245
vertex 0.840988 1.045307 0.580866
endloop
endfacet
facet normal -0.137356 0.452846 0.880945
outer loop
vertex 0.839369 1.025664 0.641573
vertex 0.842677 1.017677 0.646194
vertex 0.846267 1.018766 0.646194
endloop
endfacet
facet normal -0.137360 0.452796 0.880970
outer loop
vertex 0.839369 1.025664 0.641573
vertex 0.846267 1.018766 0.646194
vertex 0.844581 1.027245 0.641573
endloop
endfacet
facet normal -0.256406 0.844851 -0.469556
outer loop
vertex 0.834091 1.038409 0.572221
vertex 0.832322 1.042677 0.580866
vertex 0.840988 1.045307 0.580866
endloop
endfacet
facet normal -0.256186 0.844838 -0.469700
outer loop
vertex 0.834091 1.038409 0.572221
vertex 0.840988 1.045307 0.580866
vertex 0.841890 1.040774 0.572221
endloop
endfacet
facet normal -0.184674 0.608766 0.771556
outer loop
vertex 0.836470 1.032664 0.635356
vertex 0.839369 1.025664 0.641573
vertex 0.844581 1.027245 0.641573
endloop
endfacet
facet normal -0.184660 0.608784 0.771546
outer loop
vertex 0.836470 1.032664 0.635356
vertex 0.844581 1.027245 0.641573
vertex 0.843103 1.034676 0.635356
endloop
endfacet
facet normal -0.224744 0.741148 -0.632606
outer loop
vertex 0.836470 1.032664 0.564645
vertex 0.834091 1.038409 0.572221
vertex 0.841890 1.040774 0.572221
endloop
endfacet
facet normal -0.224824 0.741168 -0.632554
outer loop
vertex 0.836470 1.032664 0.564645
vertex 0.841890 1.040774 0.572221
vertex 0.843103 1.034676 0.564645
endloop
endfacet
facet normal -0.224843 0.741212 0.632495
outer loop
vertex 0.834091 1.038409 0.627778
vertex 0.836470 1.032664 0.635356
vertex 0.843103 1.034676 0.635356
endloop
endfacet
facet normal -0.224773 0.741250 0.632476
outer loop
vertex 0.834091 1.038409 0.627778
vertex 0.843103 1.034676 0.635356
vertex 0.841890 1.040774 0.627778
endloop
endfacet
facet normal -0.184675 0.608836 -0.771501
outer loop
vertex 0.839369 1.025664 0.558427
vertex 0.836470 1.032664 0.564645
vertex 0.843103 1.034676 0.564645
endloop
endfacet
facet normal -0.184689 0.608829 -0.771503
outer loop
vertex 0.839369 1.025664 0.558427
vertex 0.843103 1.034676 0.564645
vertex 0.844581 1.027245 0.558427
endloop
endfacet
facet normal -0.256216 0.844910 0.469553
outer loop
vertex 0.832322 1.042677 0.619134
vertex 0.834091 1.038409 0.627778
vertex 0.841890 1.040774 0.627778
endloop
endfacet
facet normal -0.256366 0.844749 0.469762
outer loop
vertex 0.832322 1.042677 0.619134
vertex 0.841890 1.040774 0.627778
vertex 0.840988 1.045307 0.619134
endloop
endfacet
facet normal -0.137362 0.452822 -0.880956
outer loop
vertex 0.842677 1.017677 0.553806
vertex 0.839369 1.025664 0.558427
vertex 0.844581 1.027245 0.558427
endloop
endfacet
facet normal -0.137322 0.452805 -0.880971
outer loop
vertex 0.842677 1.017677 0.553806
vertex 0.844581 1.027245 0.558427
vertex 0.846267 1.018766 0.553806
endloop
endfacet
facet normal -0.278007 0.916047 0.289085
outer loop
vertex 0.831234 1.045307 0.609754
vertex 0.832322 1.042677 0.619134
vertex 0.840988 1.045307 0.619134
endloop
endfacet
facet normal -0.277867 0.916138 0.288930
outer loop
vertex 0.831234 1.045307 0.609754
vertex 0.840988 1.045307 0.619134
vertex 0.840433 1.048097 0.609754
endloop
endfacet
facet normal -0.062272 0.633103 0.771558
outer loop
vertex 0.843103 1.034676 0.635356
vertex 0.844581 1.027245 0.641573
vertex 0.850000 1.027778 0.641573
endloop
endfacet
facet normal -0.062409 0.633036 0.771603
outer loop
vertex 0.843103 1.034676 0.635356
vertex 0.850000 1.027778 0.641573
vertex 0.850000 1.035356 0.635356
endloop
endfacet
facet normal -0.075948 0.770788 -0.632548
outer loop
vertex 0.843103 1.034676 0.564645
vertex 0.841890 1.040774 0.572221
vertex 0.850000 1.041573 0.572221
endloop
endfacet
facet normal -0.075987 0.770797 -0.632533
outer loop
vertex 0.843103 1.034676 0.564645
vertex 0.850000 1.041573 0.572221
vertex 0.850000 1.035356 0.564645
endloop
endfacet
facet normal -0.075996 0.770860 0.632455
outer loop
vertex 0.841890 1.040774 0.627778
vertex 0.843103 1.034676 0.635356
vertex 0.850000 1.035356 0.635356
endloop
endfacet
facet normal -0.075944 0.770885 0.632431
outer loop
vertex 0.841890 1.040774 0.627778
vertex 0.850000 1.035356 0.635356
vertex 0.850000 1.041573 0.627778
endloop
endfacet
facet normal -0.062427 0.633139 -0.771517
outer loop
vertex 0.844581 1.027245 0.558427
vertex 0.843103 1.034676 0.564645
vertex 0.850000 1.035356 0.564645
endloop
endfacet
facet normal -0.062277 0.633097 -0.771563
outer loop
vertex 0.844581 1.027245 0.558427
vertex 0.850000 1.035356 0.564645
vertex 0.850000 1.027778 0.558427
endloop
endfacet
facet normal -0.086560 0.878535 0.469770
outer loop
vertex 0.840988 1.045307 0.619134
vertex 0.841890 1.040774 0.627778
vertex 0.850000 1.041573 0.627778
endloop
endfacet
facet normal -0.086488 0.878587 0.469686
outer loop
vertex 0.840988 1.045307 0.619134
vertex 0.850000 1.041573 0.627778
vertex 0.850000 1.046194 0.619134
endloop
endfacet
facet normal -0.046327 0.470905 -0.880967
outer loop
vertex 0.846267 1.018766 0.553806
vertex 0.844581 1.027245 0.558427
vertex 0.850000 1.027778 0.558427
endloop
endfacet
facet normal -0.046426 0.470948 -0.880939
outer loop
vertex 0.846267 1.018766 0.553806
vertex 0.850000 1.027778 0.558427
vertex 0.850000 1.019134 0.553806
endloop
endfacet
facet normal -0.093789 0.952738 0.288952
outer loop
vertex 0.840433 1.048097 0.609754
vertex 0.840988 1.045307 0.619134
vertex 0.850000 1.046194 0.619134
endloop
endfacet
facet normal -0.093807 0.952741 0.288939
outer loop
vertex 0.840433 1.048097 0.609754
vertex 0.850000 1.046194 0.619134
vertex 0.850000 1.049039 0.609754
endloop
endfacet
facet normal -0.028627 0.290240 -0.956526
outer loop
vertex 0.848097 1.009567 0.550960
vertex 0.846267 1.018766 0.553806
vertex 0.850000 1.019134 0.553806
endloop
endfacet
facet normal -0.028496 0.290221 -0.956535
outer loop
vertex 0.848097 1.009567 0.550960
vertex 0.850000 1.019134 0.553806
vertex 0.850000 1.009754 0.550960
endloop
endfacet
facet normal -0.097523 0.990442 0.097544
outer loop
vertex 0.840245 1.049039 0.600000
vertex 0.840433 1.048097 0.609754
vertex 0.850000 1.049039 0.609754
endloop
endfacet
facet normal -0.097566 0.990433 0.097583
outer loop
vertex 0.840245 1.049039 0.600000
vertex 0.850000 1.049039 0.609754
vertex 0.850000 1.050000 0.600000
endloop
endfacet
facet normal -0.009636 0.098048 0.995135
outer loop
vertex 0.848097 1.009567 0.649039
vertex 0.850000 1.000000 0.650000
vertex 0.850000 1.009754 0.649039
endloop
endfacet
facet normal -0.009624 0.097943 -0.995146
outer loop
vertex 0.850000 1.000000 0.550000
vertex 0.848097 1.009567 0.550960
vertex 0.850000 1.009754 0.550960
endloop
endfacet
facet normal -0.097566 0.990438 -0.097534
outer loop
vertex 0.840433 1.048097 0.590245
vertex 0.840245 1.049039 0.600000
vertex 0.850000 1.050000 0.600000
endloop
endfacet
facet normal -0.097520 0.990439 -0.097573
outer loop
vertex 0.840433 1.048097 0.590245
vertex 0.850000 1.050000 0.600000
vertex 0.850000 1.049039 0.590245
endloop
endfacet
facet normal -0.028473 0.290168 0.956552
outer loop
vertex 0.846267 1.018766 0.646194
vertex 0.848097 1.009567 0.649039
vertex 0.850000 1.009754 0.649039
endloop
endfacet
facet normal -0.028622 0.290125 0.956560
outer loop
vertex 0.846267 1.018766 0.646194
vertex 0.850000 1.009754 0.649039
vertex 0.850000 1.019134 0.646194
endloop
endfacet
facet normal -0.093807 0.952739 -0.288943
outer loop
vertex 0.840988 1.045307 0.580866
vertex 0.840433 1.048097 0.590245
vertex 0.850000 1.049039 0.590245
endloop
endfacet
facet normal -0.093789 0.952724 -0.289000
outer loop
vertex 0.840988 1.045307 0.580866
vertex 0.850000 1.049039 0.590245
vertex 0.850000 1.046194 0.580866
endloop
endfacet
facet normal -0.046433 0.470900 0.880964
outer loop
vertex 0.844581 1.027245 0.641573
vertex 0.846267 1.018766 0.646194
vertex 0.850000 1.019134 0.646194
endloop
endfacet
facet normal -0.046309 0.470941 0.880948
outer loop
vertex 0.844581 1.027245 0.641573
vertex 0.850000 1.019134 0.646194
vertex 0.850000 1.027778 0.641573
endloop
endfacet
facet normal -0.086488 0.878573 -0.469712
outer loop
vertex 0.841890 1.040774 0.572221
vertex 0.840988 1.045307 0.580866
vertex 0.850000 1.046194 0.580866
endloop
endfacet
facet normal -0.086562 0.878597 -0.469654
outer loop
vertex 0.841890 1.040774 0.572221
vertex 0.850000 1.046194 0.580866
vertex 0.850000 1.041573 0.572221
endloop
endfacet
endsolid Exported from Blender-2.82 (sub 7)
