solid Exported from Blender-2.82 (sub 7)
facet normal 0.086467 0.878618 -0.469631
outer loop
vertex 1.000000 1.541573 0.672221
vertex 1.000000 1.546194 0.680866
vertex 1.009012 1.545307 0.680866
endloop
endfacet
facet normal 0.086558 0.878553 -0.469736
outer loop
vertex 1.000000 1.541573 0.672221
vertex 1.009012 1.545307 0.680866
vertex 1.008110 1.540774 0.672221
endloop
endfacet
facet normal 0.062277 0.633043 0.771608
outer loop
vertex 1.000000 1.535356 0.735356
vertex 1.000000 1.527778 0.741573
vertex 1.005419 1.527245 0.741573
endloop
endfacet
facet normal 0.062405 0.633086 0.771562
outer loop
vertex 1.000000 1.535356 0.735356
vertex 1.005419 1.527245 0.741573
vertex 1.006898 1.534676 0.735356
endloop
endfacet
facet normal 0.075947 0.770800 -0.632534
outer loop
vertex 1.000000 1.535356 0.664645
vertex 1.000000 1.541573 0.672221
vertex 1.008110 1.540774 0.672221
endloop
endfacet
facet normal 0.076004 0.770796 -0.632532
outer loop
vertex 1.000000 1.535356 0.664645
vertex 1.008110 1.540774 0.672221
vertex 1.006898 1.534676 0.664645
endloop
endfacet
facet normal 0.076004 0.770884 0.632425
outer loop
vertex 1.000000 1.541573 0.727778
vertex 1.000000 1.535356 0.735356
vertex 1.006898 1.534676 0.735356
endloop
endfacet
facet normal 0.075954 0.770875 0.632441
outer loop
vertex 1.000000 1.541573 0.727778
vertex 1.006898 1.534676 0.735356
vertex 1.008110 1.540774 0.727778
endloop
endfacet
facet normal 0.062419 0.633082 -0.771564
outer loop
vertex 1.000000 1.527778 0.658427
vertex 1.000000 1.535356 0.664645
vertex 1.006898 1.534676 0.664645
endloop
endfacet
facet normal 0.062268 0.633194 -0.771484
outer loop
vertex 1.000000 1.527778 0.658427
vertex 1.006898 1.534676 0.664645
vertex 1.005419 1.527245 0.658427
endloop
endfacet
facet normal 0.086562 0.878571 0.469703
outer loop
vertex 1.000000 1.546194 0.719134
vertex 1.000000 1.541573 0.727778
vertex 1.008110 1.540774 0.727778
endloop
endfacet
facet normal 0.086465 0.878556 0.469749
outer loop
vertex 1.000000 1.546194 0.719134
vertex 1.008110 1.540774 0.727778
vertex 1.009012 1.545307 0.719134
endloop
endfacet
facet normal 0.046304 0.470934 -0.880952
outer loop
vertex 1.000000 1.519134 0.653806
vertex 1.000000 1.527778 0.658427
vertex 1.005419 1.527245 0.658427
endloop
endfacet
facet normal 0.046422 0.470886 -0.880972
outer loop
vertex 1.000000 1.519134 0.653806
vertex 1.005419 1.527245 0.658427
vertex 1.003733 1.518766 0.653806
endloop
endfacet
facet normal 0.093766 0.952735 0.288971
outer loop
vertex 1.000000 1.549039 0.709754
vertex 1.000000 1.546194 0.719134
vertex 1.009012 1.545307 0.719134
endloop
endfacet
facet normal 0.093803 0.952748 0.288916
outer loop
vertex 1.000000 1.549039 0.709754
vertex 1.009012 1.545307 0.719134
vertex 1.009567 1.548097 0.709754
endloop
endfacet
facet normal 0.028611 0.290233 -0.956528
outer loop
vertex 1.000000 1.509754 0.650960
vertex 1.000000 1.519134 0.653806
vertex 1.003733 1.518766 0.653806
endloop
endfacet
facet normal 0.028499 0.290259 -0.956524
outer loop
vertex 1.000000 1.509754 0.650960
vertex 1.003733 1.518766 0.653806
vertex 1.001903 1.509567 0.650960
endloop
endfacet
facet normal 0.097520 0.990438 0.097583
outer loop
vertex 1.000000 1.550000 0.700000
vertex 1.000000 1.549039 0.709754
vertex 1.009567 1.548097 0.709754
endloop
endfacet
facet normal 0.097579 0.990436 0.097541
outer loop
vertex 1.000000 1.550000 0.700000
vertex 1.009567 1.548097 0.709754
vertex 1.009754 1.549039 0.700000
endloop
endfacet
facet normal 0.009686 0.098039 0.995135
outer loop
vertex 1.000000 1.509754 0.749039
vertex 1.000000 1.500000 0.750000
vertex 1.001903 1.509567 0.749039
endloop
endfacet
facet normal 0.009613 0.097941 -0.995146
outer loop
vertex 1.000000 1.500000 0.650000
vertex 1.000000 1.509754 0.650960
vertex 1.001903 1.509567 0.650960
endloop
endfacet
facet normal 0.097576 0.990432 -0.097583
outer loop
vertex 1.000000 1.549039 0.690245
vertex 1.000000 1.550000 0.700000
vertex 1.009754 1.549039 0.700000
endloop
endfacet
facet normal 0.097522 0.990444 -0.097519
outer loop
vertex 1.000000 1.549039 0.690245
vertex 1.009754 1.549039 0.700000
vertex 1.009567 1.548097 0.690245
endloop
endfacet
facet normal 0.028509 0.290133 0.956562
outer loop
vertex 1.000000 1.519134 0.746194
vertex 1.000000 1.509754 0.749039
vertex 1.001903 1.509567 0.749039
endloop
endfacet
facet normal 0.028600 0.290157 0.956551
outer loop
vertex 1.000000 1.519134 0.746194
vertex 1.001903 1.509567 0.749039
vertex 1.003733 1.518766 0.746194
endloop
endfacet
facet normal 0.093807 0.952727 -0.288984
outer loop
vertex 1.000000 1.546194 0.680866
vertex 1.000000 1.549039 0.690245
vertex 1.009567 1.548097 0.690245
endloop
endfacet
facet normal 0.093766 0.952737 -0.288963
outer loop
vertex 1.000000 1.546194 0.680866
vertex 1.009567 1.548097 0.690245
vertex 1.009012 1.545307 0.680866
endloop
endfacet
facet normal 0.046407 0.470914 0.880958
outer loop
vertex 1.000000 1.527778 0.741573
vertex 1.000000 1.519134 0.746194
vertex 1.003733 1.518766 0.746194
endloop
endfacet
facet normal 0.046323 0.470901 0.880969
outer loop
vertex 1.000000 1.527778 0.741573
vertex 1.003733 1.518766 0.746194
vertex 1.005419 1.527245 0.741573
endloop
endfacet
facet normal 0.277857 0.916124 -0.288985
outer loop
vertex 1.009012 1.545307 0.680866
vertex 1.009567 1.548097 0.690245
vertex 1.018766 1.545307 0.690245
endloop
endfacet
facet normal 0.278029 0.916025 -0.289133
outer loop
vertex 1.009012 1.545307 0.680866
vertex 1.018766 1.545307 0.690245
vertex 1.017677 1.542677 0.680866
endloop
endfacet
facet normal 0.137391 0.452801 0.880963
outer loop
vertex 1.005419 1.527245 0.741573
vertex 1.003733 1.518766 0.746194
vertex 1.007322 1.517677 0.746194
endloop
endfacet
facet normal 0.137367 0.452782 0.880976
outer loop
vertex 1.005419 1.527245 0.741573
vertex 1.007322 1.517677 0.746194
vertex 1.010630 1.525664 0.741573
endloop
endfacet
facet normal 0.256406 0.844766 -0.469709
outer loop
vertex 1.008110 1.540774 0.672221
vertex 1.009012 1.545307 0.680866
vertex 1.017677 1.542677 0.680866
endloop
endfacet
facet normal 0.256216 0.844920 -0.469535
outer loop
vertex 1.008110 1.540774 0.672221
vertex 1.017677 1.542677 0.680866
vertex 1.015909 1.538409 0.672221
endloop
endfacet
facet normal 0.184709 0.608774 0.771542
outer loop
vertex 1.006898 1.534676 0.735356
vertex 1.005419 1.527245 0.741573
vertex 1.010630 1.525664 0.741573
endloop
endfacet
facet normal 0.184683 0.608733 0.771580
outer loop
vertex 1.006898 1.534676 0.735356
vertex 1.010630 1.525664 0.741573
vertex 1.013530 1.532664 0.735356
endloop
endfacet
facet normal 0.224760 0.741180 -0.632563
outer loop
vertex 1.006898 1.534676 0.664645
vertex 1.008110 1.540774 0.672221
vertex 1.015909 1.538409 0.672221
endloop
endfacet
facet normal 0.224838 0.741127 -0.632596
outer loop
vertex 1.006898 1.534676 0.664645
vertex 1.015909 1.538409 0.672221
vertex 1.013530 1.532664 0.664645
endloop
endfacet
facet normal 0.224868 0.741260 0.632430
outer loop
vertex 1.008110 1.540774 0.727778
vertex 1.006898 1.534676 0.735356
vertex 1.013530 1.532664 0.735356
endloop
endfacet
facet normal 0.224778 0.741217 0.632513
outer loop
vertex 1.008110 1.540774 0.727778
vertex 1.013530 1.532664 0.735356
vertex 1.015909 1.538409 0.727778
endloop
endfacet
facet normal 0.184707 0.608800 -0.771522
outer loop
vertex 1.005419 1.527245 0.658427
vertex 1.006898 1.534676 0.664645
vertex 1.013530 1.532664 0.664645
endloop
endfacet
facet normal 0.184719 0.608807 -0.771513
outer loop
vertex 1.005419 1.527245 0.658427
vertex 1.013530 1.532664 0.664645
vertex 1.010630 1.525664 0.658427
endloop
endfacet
facet normal 0.256187 0.844818 0.469735
outer loop
vertex 1.009012 1.545307 0.719134
vertex 1.008110 1.540774 0.727778
vertex 1.015909 1.538409 0.727778
endloop
endfacet
facet normal 0.256412 0.844823 0.469603
outer loop
vertex 1.009012 1.545307 0.719134
vertex 1.015909 1.538409 0.727778
vertex 1.017677 1.542677 0.719134
endloop
endfacet
facet normal 0.137384 0.452795 -0.880967
outer loop
vertex 1.003733 1.518766 0.653806
vertex 1.005419 1.527245 0.658427
vertex 1.010630 1.525664 0.658427
endloop
endfacet
facet normal 0.137395 0.452789 -0.880968
outer loop
vertex 1.003733 1.518766 0.653806
vertex 1.010630 1.525664 0.658427
vertex 1.007322 1.517677 0.653806
endloop
endfacet
facet normal 0.278046 0.916084 0.288931
outer loop
vertex 1.009567 1.548097 0.709754
vertex 1.009012 1.545307 0.719134
vertex 1.017677 1.542677 0.719134
endloop
endfacet
facet normal 0.277850 0.916086 0.289112
outer loop
vertex 1.009567 1.548097 0.709754
vertex 1.017677 1.542677 0.719134
vertex 1.018766 1.545307 0.709754
endloop
endfacet
facet normal 0.084682 0.279094 -0.956523
outer loop
vertex 1.001903 1.509567 0.650960
vertex 1.003733 1.518766 0.653806
vertex 1.007322 1.517677 0.653806
endloop
endfacet
facet normal 0.084648 0.279074 -0.956532
outer loop
vertex 1.001903 1.509567 0.650960
vertex 1.007322 1.517677 0.653806
vertex 1.003733 1.509012 0.650960
endloop
endfacet
facet normal 0.288851 0.952395 0.097511
outer loop
vertex 1.009754 1.549039 0.700000
vertex 1.009567 1.548097 0.709754
vertex 1.018766 1.545307 0.709754
endloop
endfacet
facet normal 0.288869 0.952391 0.097498
outer loop
vertex 1.009754 1.549039 0.700000
vertex 1.018766 1.545307 0.709754
vertex 1.019134 1.546194 0.700000
endloop
endfacet
facet normal 0.028559 0.094266 0.995137
outer loop
vertex 1.001903 1.509567 0.749039
vertex 1.000000 1.500000 0.750000
vertex 1.003733 1.509012 0.749039
endloop
endfacet
facet normal 0.028541 0.094180 -0.995146
outer loop
vertex 1.000000 1.500000 0.650000
vertex 1.001903 1.509567 0.650960
vertex 1.003733 1.509012 0.650960
endloop
endfacet
facet normal 0.288862 0.952393 -0.097496
outer loop
vertex 1.009567 1.548097 0.690245
vertex 1.009754 1.549039 0.700000
vertex 1.019134 1.546194 0.700000
endloop
endfacet
facet normal 0.288859 0.952395 -0.097491
outer loop
vertex 1.009567 1.548097 0.690245
vertex 1.019134 1.546194 0.700000
vertex 1.018766 1.545307 0.690245
endloop
endfacet
facet normal 0.084628 0.279005 0.956553
outer loop
vertex 1.003733 1.518766 0.746194
vertex 1.001903 1.509567 0.749039
vertex 1.003733 1.509012 0.749039
endloop
endfacet
facet normal 0.084662 0.279012 0.956548
outer loop
vertex 1.003733 1.518766 0.746194
vertex 1.003733 1.509012 0.749039
vertex 1.007322 1.517677 0.746194
endloop
endfacet
facet normal 0.223030 0.417324 -0.880965
outer loop
vertex 1.007322 1.517677 0.653806
vertex 1.010630 1.525664 0.658427
vertex 1.015433 1.523097 0.658427
endloop
endfacet
facet normal 0.223043 0.417329 -0.880959
outer loop
vertex 1.007322 1.517677 0.653806
vertex 1.015433 1.523097 0.658427
vertex 1.010630 1.515909 0.653806
endloop
endfacet
facet normal 0.451188 0.844312 0.289078
outer loop
vertex 1.018766 1.545307 0.709754
vertex 1.017677 1.542677 0.719134
vertex 1.025664 1.538409 0.719134
endloop
endfacet
facet normal 0.451355 0.844269 0.288945
outer loop
vertex 1.018766 1.545307 0.709754
vertex 1.025664 1.538409 0.719134
vertex 1.027245 1.540774 0.709754
endloop
endfacet
facet normal 0.137473 0.257210 -0.956527
outer loop
vertex 1.003733 1.509012 0.650960
vertex 1.007322 1.517677 0.653806
vertex 1.010630 1.515909 0.653806
endloop
endfacet
facet normal 0.137546 0.257150 -0.956533
outer loop
vertex 1.003733 1.509012 0.650960
vertex 1.010630 1.515909 0.653806
vertex 1.005419 1.508110 0.650960
endloop
endfacet
facet normal 0.469222 0.877680 0.097509
outer loop
vertex 1.019134 1.546194 0.700000
vertex 1.018766 1.545307 0.709754
vertex 1.027245 1.540774 0.709754
endloop
endfacet
facet normal 0.469189 0.877693 0.097548
outer loop
vertex 1.019134 1.546194 0.700000
vertex 1.027245 1.540774 0.709754
vertex 1.027778 1.541573 0.700000
endloop
endfacet
facet normal 0.046436 0.086869 0.995137
outer loop
vertex 1.003733 1.509012 0.749039
vertex 1.000000 1.500000 0.750000
vertex 1.005419 1.508110 0.749039
endloop
endfacet
facet normal 0.046423 0.086780 -0.995145
outer loop
vertex 1.000000 1.500000 0.650000
vertex 1.003733 1.509012 0.650960
vertex 1.005419 1.508110 0.650960
endloop
endfacet
facet normal 0.469191 0.877698 -0.097500
outer loop
vertex 1.018766 1.545307 0.690245
vertex 1.019134 1.546194 0.700000
vertex 1.027778 1.541573 0.700000
endloop
endfacet
facet normal 0.469216 0.877678 -0.097556
outer loop
vertex 1.018766 1.545307 0.690245
vertex 1.027778 1.541573 0.700000
vertex 1.027245 1.540774 0.690245
endloop
endfacet
facet normal 0.137544 0.257082 0.956551
outer loop
vertex 1.007322 1.517677 0.746194
vertex 1.003733 1.509012 0.749039
vertex 1.005419 1.508110 0.749039
endloop
endfacet
facet normal 0.137426 0.257116 0.956559
outer loop
vertex 1.007322 1.517677 0.746194
vertex 1.005419 1.508110 0.749039
vertex 1.010630 1.515909 0.746194
endloop
endfacet
facet normal 0.451337 0.844223 -0.289106
outer loop
vertex 1.017677 1.542677 0.680866
vertex 1.018766 1.545307 0.690245
vertex 1.027245 1.540774 0.690245
endloop
endfacet
facet normal 0.451202 0.844341 -0.288972
outer loop
vertex 1.017677 1.542677 0.680866
vertex 1.027245 1.540774 0.690245
vertex 1.025664 1.538409 0.680866
endloop
endfacet
facet normal 0.223050 0.417318 0.880962
outer loop
vertex 1.010630 1.525664 0.741573
vertex 1.007322 1.517677 0.746194
vertex 1.010630 1.515909 0.746194
endloop
endfacet
facet normal 0.223027 0.417317 0.880969
outer loop
vertex 1.010630 1.525664 0.741573
vertex 1.010630 1.515909 0.746194
vertex 1.015433 1.523097 0.741573
endloop
endfacet
facet normal 0.416116 0.778698 -0.469550
outer loop
vertex 1.015909 1.538409 0.672221
vertex 1.017677 1.542677 0.680866
vertex 1.025664 1.538409 0.680866
endloop
endfacet
facet normal 0.416187 0.778622 -0.469612
outer loop
vertex 1.015909 1.538409 0.672221
vertex 1.025664 1.538409 0.680866
vertex 1.023097 1.534567 0.672221
endloop
endfacet
facet normal 0.299827 0.561062 0.771565
outer loop
vertex 1.013530 1.532664 0.735356
vertex 1.010630 1.525664 0.741573
vertex 1.015433 1.523097 0.741573
endloop
endfacet
facet normal 0.299884 0.561058 0.771546
outer loop
vertex 1.013530 1.532664 0.735356
vertex 1.015433 1.523097 0.741573
vertex 1.019642 1.529397 0.735356
endloop
endfacet
facet normal 0.365074 0.683026 -0.632610
outer loop
vertex 1.013530 1.532664 0.664645
vertex 1.015909 1.538409 0.672221
vertex 1.023097 1.534567 0.672221
endloop
endfacet
facet normal 0.365089 0.683016 -0.632612
outer loop
vertex 1.013530 1.532664 0.664645
vertex 1.023097 1.534567 0.672221
vertex 1.019642 1.529397 0.664645
endloop
endfacet
facet normal 0.365124 0.683108 0.632493
outer loop
vertex 1.015909 1.538409 0.727778
vertex 1.013530 1.532664 0.735356
vertex 1.019642 1.529397 0.735356
endloop
endfacet
facet normal 0.365117 0.683084 0.632524
outer loop
vertex 1.015909 1.538409 0.727778
vertex 1.019642 1.529397 0.735356
vertex 1.023097 1.534567 0.727778
endloop
endfacet
facet normal 0.299895 0.561071 -0.771533
outer loop
vertex 1.010630 1.525664 0.658427
vertex 1.013530 1.532664 0.664645
vertex 1.019642 1.529397 0.664645
endloop
endfacet
facet normal 0.299880 0.561143 -0.771486
outer loop
vertex 1.010630 1.525664 0.658427
vertex 1.019642 1.529397 0.664645
vertex 1.015433 1.523097 0.658427
endloop
endfacet
facet normal 0.416180 0.778638 0.469592
outer loop
vertex 1.017677 1.542677 0.719134
vertex 1.015909 1.538409 0.727778
vertex 1.023097 1.534567 0.727778
endloop
endfacet
facet normal 0.416103 0.778646 0.469648
outer loop
vertex 1.017677 1.542677 0.719134
vertex 1.023097 1.534567 0.727778
vertex 1.025664 1.538409 0.719134
endloop
endfacet
facet normal 0.300100 0.365828 0.880971
outer loop
vertex 1.015433 1.523097 0.741573
vertex 1.010630 1.515909 0.746194
vertex 1.013530 1.513530 0.746194
endloop
endfacet
facet normal 0.300244 0.365785 0.880940
outer loop
vertex 1.015433 1.523097 0.741573
vertex 1.013530 1.513530 0.746194
vertex 1.019642 1.519642 0.741573
endloop
endfacet
facet normal 0.560096 0.682462 -0.469615
outer loop
vertex 1.023097 1.534567 0.672221
vertex 1.025664 1.538409 0.680866
vertex 1.032664 1.532664 0.680866
endloop
endfacet
facet normal 0.560073 0.682498 -0.469591
outer loop
vertex 1.023097 1.534567 0.672221
vertex 1.032664 1.532664 0.680866
vertex 1.029397 1.529397 0.672221
endloop
endfacet
facet normal 0.403645 0.491710 0.771552
outer loop
vertex 1.019642 1.529397 0.735356
vertex 1.015433 1.523097 0.741573
vertex 1.019642 1.519642 0.741573
endloop
endfacet
facet normal 0.403554 0.491736 0.771583
outer loop
vertex 1.019642 1.529397 0.735356
vertex 1.019642 1.519642 0.741573
vertex 1.025000 1.525000 0.735356
endloop
endfacet
facet normal 0.491311 0.598695 -0.632597
outer loop
vertex 1.019642 1.529397 0.664645
vertex 1.023097 1.534567 0.672221
vertex 1.029397 1.529397 0.672221
endloop
endfacet
facet normal 0.491306 0.598712 -0.632584
outer loop
vertex 1.019642 1.529397 0.664645
vertex 1.029397 1.529397 0.672221
vertex 1.025000 1.525000 0.664645
endloop
endfacet
facet normal 0.491360 0.598770 0.632486
outer loop
vertex 1.023097 1.534567 0.727778
vertex 1.019642 1.529397 0.735356
vertex 1.025000 1.525000 0.735356
endloop
endfacet
facet normal 0.491361 0.598755 0.632500
outer loop
vertex 1.023097 1.534567 0.727778
vertex 1.025000 1.525000 0.735356
vertex 1.029397 1.529397 0.727778
endloop
endfacet
facet normal 0.403621 0.491797 -0.771509
outer loop
vertex 1.015433 1.523097 0.658427
vertex 1.019642 1.529397 0.664645
vertex 1.025000 1.525000 0.664645
endloop
endfacet
facet normal 0.403642 0.491738 -0.771536
outer loop
vertex 1.015433 1.523097 0.658427
vertex 1.025000 1.525000 0.664645
vertex 1.019642 1.519642 0.658427
endloop
endfacet
facet normal 0.560049 0.682454 0.469683
outer loop
vertex 1.025664 1.538409 0.719134
vertex 1.023097 1.534567 0.727778
vertex 1.029397 1.529397 0.727778
endloop
endfacet
facet normal 0.560086 0.682455 0.469637
outer loop
vertex 1.025664 1.538409 0.719134
vertex 1.029397 1.529397 0.727778
vertex 1.032664 1.532664 0.719134
endloop
endfacet
facet normal 0.300232 0.365750 -0.880959
outer loop
vertex 1.010630 1.515909 0.653806
vertex 1.015433 1.523097 0.658427
vertex 1.019642 1.519642 0.658427
endloop
endfacet
facet normal 0.300137 0.365890 -0.880933
outer loop
vertex 1.010630 1.515909 0.653806
vertex 1.019642 1.519642 0.658427
vertex 1.013530 1.513530 0.653806
endloop
endfacet
facet normal 0.607337 0.740039 0.288937
outer loop
vertex 1.027245 1.540774 0.709754
vertex 1.025664 1.538409 0.719134
vertex 1.032664 1.532664 0.719134
endloop
endfacet
facet normal 0.607304 0.740038 0.289007
outer loop
vertex 1.027245 1.540774 0.709754
vertex 1.032664 1.532664 0.719134
vertex 1.034676 1.534676 0.709754
endloop
endfacet
facet normal 0.184958 0.225488 -0.956528
outer loop
vertex 1.005419 1.508110 0.650960
vertex 1.010630 1.515909 0.653806
vertex 1.013530 1.513530 0.653806
endloop
endfacet
facet normal 0.184894 0.225577 -0.956519
outer loop
vertex 1.005419 1.508110 0.650960
vertex 1.013530 1.513530 0.653806
vertex 1.006898 1.506898 0.650960
endloop
endfacet
facet normal 0.631344 0.769345 0.097530
outer loop
vertex 1.027778 1.541573 0.700000
vertex 1.027245 1.540774 0.709754
vertex 1.034676 1.534676 0.709754
endloop
endfacet
facet normal 0.631236 0.769419 0.097651
outer loop
vertex 1.027778 1.541573 0.700000
vertex 1.034676 1.534676 0.709754
vertex 1.035356 1.535356 0.700000
endloop
endfacet
facet normal 0.062408 0.076188 0.995138
outer loop
vertex 1.005419 1.508110 0.749039
vertex 1.000000 1.500000 0.750000
vertex 1.006898 1.506898 0.749039
endloop
endfacet
facet normal 0.062378 0.076108 -0.995147
outer loop
vertex 1.000000 1.500000 0.650000
vertex 1.005419 1.508110 0.650960
vertex 1.006898 1.506898 0.650960
endloop
endfacet
facet normal 0.631253 0.769419 -0.097539
outer loop
vertex 1.027245 1.540774 0.690245
vertex 1.027778 1.541573 0.700000
vertex 1.035356 1.535356 0.700000
endloop
endfacet
facet normal 0.631329 0.769347 -0.097624
outer loop
vertex 1.027245 1.540774 0.690245
vertex 1.035356 1.535356 0.700000
vertex 1.034676 1.534676 0.690245
endloop
endfacet
facet normal 0.184809 0.225524 0.956548
outer loop
vertex 1.010630 1.515909 0.746194
vertex 1.005419 1.508110 0.749039
vertex 1.006898 1.506898 0.749039
endloop
endfacet
facet normal 0.184913 0.225423 0.956552
outer loop
vertex 1.010630 1.515909 0.746194
vertex 1.006898 1.506898 0.749039
vertex 1.013530 1.513530 0.746194
endloop
endfacet
facet normal 0.607301 0.740043 -0.289000
outer loop
vertex 1.025664 1.538409 0.680866
vertex 1.027245 1.540774 0.690245
vertex 1.034676 1.534676 0.690245
endloop
endfacet
facet normal 0.607317 0.740027 -0.289007
outer loop
vertex 1.025664 1.538409 0.680866
vertex 1.034676 1.534676 0.690245
vertex 1.032664 1.532664 0.680866
endloop
endfacet
facet normal 0.740016 0.607333 0.289003
outer loop
vertex 1.034676 1.534676 0.709754
vertex 1.032664 1.532664 0.719134
vertex 1.038409 1.525664 0.719134
endloop
endfacet
facet normal 0.740050 0.607309 0.288966
outer loop
vertex 1.034676 1.534676 0.709754
vertex 1.038409 1.525664 0.719134
vertex 1.040774 1.527245 0.709754
endloop
endfacet
facet normal 0.225489 0.184986 -0.956522
outer loop
vertex 1.006898 1.506898 0.650960
vertex 1.013530 1.513530 0.653806
vertex 1.015909 1.510630 0.653806
endloop
endfacet
facet normal 0.225515 0.184823 -0.956548
outer loop
vertex 1.006898 1.506898 0.650960
vertex 1.015909 1.510630 0.653806
vertex 1.008110 1.505419 0.650960
endloop
endfacet
facet normal 0.769346 0.631325 0.097649
outer loop
vertex 1.035356 1.535356 0.700000
vertex 1.034676 1.534676 0.709754
vertex 1.040774 1.527245 0.709754
endloop
endfacet
facet normal 0.769428 0.631242 0.097539
outer loop
vertex 1.035356 1.535356 0.700000
vertex 1.040774 1.527245 0.709754
vertex 1.041573 1.527778 0.700000
endloop
endfacet
facet normal 0.076196 0.062446 0.995136
outer loop
vertex 1.006898 1.506898 0.749039
vertex 1.000000 1.500000 0.750000
vertex 1.008110 1.505419 0.749039
endloop
endfacet
facet normal 0.076137 0.062388 -0.995144
outer loop
vertex 1.000000 1.500000 0.650000
vertex 1.006898 1.506898 0.650960
vertex 1.008110 1.505419 0.650960
endloop
endfacet
facet normal 0.769418 0.631237 -0.097652
outer loop
vertex 1.034676 1.534676 0.690245
vertex 1.035356 1.535356 0.700000
vertex 1.041573 1.527778 0.700000
endloop
endfacet
facet normal 0.769357 0.631333 -0.097512
outer loop
vertex 1.034676 1.534676 0.690245
vertex 1.041573 1.527778 0.700000
vertex 1.040774 1.527245 0.690245
endloop
endfacet
facet normal 0.225533 0.184794 0.956549
outer loop
vertex 1.013530 1.513530 0.746194
vertex 1.006898 1.506898 0.749039
vertex 1.008110 1.505419 0.749039
endloop
endfacet
facet normal 0.225400 0.184908 0.956558
outer loop
vertex 1.013530 1.513530 0.746194
vertex 1.008110 1.505419 0.749039
vertex 1.015909 1.510630 0.746194
endloop
endfacet
facet normal 0.740035 0.607285 -0.289056
outer loop
vertex 1.032664 1.532664 0.680866
vertex 1.034676 1.534676 0.690245
vertex 1.040774 1.527245 0.690245
endloop
endfacet
facet normal 0.740022 0.607338 -0.288977
outer loop
vertex 1.032664 1.532664 0.680866
vertex 1.040774 1.527245 0.690245
vertex 1.038409 1.525664 0.680866
endloop
endfacet
facet normal 0.365883 0.300126 0.880939
outer loop
vertex 1.019642 1.519642 0.741573
vertex 1.013530 1.513530 0.746194
vertex 1.015909 1.510630 0.746194
endloop
endfacet
facet normal 0.365738 0.300223 0.880966
outer loop
vertex 1.019642 1.519642 0.741573
vertex 1.015909 1.510630 0.746194
vertex 1.023097 1.515433 0.741573
endloop
endfacet
facet normal 0.682483 0.560099 -0.469581
outer loop
vertex 1.029397 1.529397 0.672221
vertex 1.032664 1.532664 0.680866
vertex 1.038409 1.525664 0.680866
endloop
endfacet
facet normal 0.682480 0.560089 -0.469596
outer loop
vertex 1.029397 1.529397 0.672221
vertex 1.038409 1.525664 0.680866
vertex 1.034567 1.523097 0.672221
endloop
endfacet
facet normal 0.491677 0.403603 0.771595
outer loop
vertex 1.025000 1.525000 0.735356
vertex 1.019642 1.519642 0.741573
vertex 1.023097 1.515433 0.741573
endloop
endfacet
facet normal 0.491775 0.403567 0.771551
outer loop
vertex 1.025000 1.525000 0.735356
vertex 1.023097 1.515433 0.741573
vertex 1.029397 1.519642 0.735356
endloop
endfacet
facet normal 0.598689 0.491295 -0.632614
outer loop
vertex 1.025000 1.525000 0.664645
vertex 1.029397 1.529397 0.672221
vertex 1.034567 1.523097 0.672221
endloop
endfacet
facet normal 0.598675 0.491283 -0.632637
outer loop
vertex 1.025000 1.525000 0.664645
vertex 1.034567 1.523097 0.672221
vertex 1.029397 1.519642 0.664645
endloop
endfacet
facet normal 0.598750 0.491341 0.632521
outer loop
vertex 1.029397 1.529397 0.727778
vertex 1.025000 1.525000 0.735356
vertex 1.029397 1.519642 0.735356
endloop
endfacet
facet normal 0.598745 0.491356 0.632513
outer loop
vertex 1.029397 1.529397 0.727778
vertex 1.029397 1.519642 0.735356
vertex 1.034567 1.523097 0.727778
endloop
endfacet
facet normal 0.491785 0.403568 -0.771544
outer loop
vertex 1.019642 1.519642 0.658427
vertex 1.025000 1.525000 0.664645
vertex 1.029397 1.519642 0.664645
endloop
endfacet
facet normal 0.491766 0.403699 -0.771488
outer loop
vertex 1.019642 1.519642 0.658427
vertex 1.029397 1.519642 0.664645
vertex 1.023097 1.515433 0.658427
endloop
endfacet
facet normal 0.682483 0.560081 0.469602
outer loop
vertex 1.032664 1.532664 0.719134
vertex 1.029397 1.529397 0.727778
vertex 1.034567 1.523097 0.727778
endloop
endfacet
facet normal 0.682437 0.560094 0.469655
outer loop
vertex 1.032664 1.532664 0.719134
vertex 1.034567 1.523097 0.727778
vertex 1.038409 1.525664 0.719134
endloop
endfacet
facet normal 0.365783 0.300260 -0.880935
outer loop
vertex 1.013530 1.513530 0.653806
vertex 1.019642 1.519642 0.658427
vertex 1.023097 1.515433 0.658427
endloop
endfacet
facet normal 0.365819 0.300099 -0.880975
outer loop
vertex 1.013530 1.513530 0.653806
vertex 1.023097 1.515433 0.658427
vertex 1.015909 1.510630 0.653806
endloop
endfacet
facet normal 0.778679 0.416080 -0.469613
outer loop
vertex 1.034567 1.523097 0.672221
vertex 1.038409 1.525664 0.680866
vertex 1.042677 1.517677 0.680866
endloop
endfacet
facet normal 0.778666 0.416204 -0.469525
outer loop
vertex 1.034567 1.523097 0.672221
vertex 1.042677 1.517677 0.680866
vertex 1.038409 1.515909 0.672221
endloop
endfacet
facet normal 0.561067 0.299835 0.771559
outer loop
vertex 1.029397 1.519642 0.735356
vertex 1.023097 1.515433 0.741573
vertex 1.025664 1.510630 0.741573
endloop
endfacet
facet normal 0.560999 0.299897 0.771584
outer loop
vertex 1.029397 1.519642 0.735356
vertex 1.025664 1.510630 0.741573
vertex 1.032664 1.513530 0.735356
endloop
endfacet
facet normal 0.683040 0.365087 -0.632588
outer loop
vertex 1.029397 1.519642 0.664645
vertex 1.034567 1.523097 0.672221
vertex 1.038409 1.515909 0.672221
endloop
endfacet
facet normal 0.683026 0.365096 -0.632598
outer loop
vertex 1.029397 1.519642 0.664645
vertex 1.038409 1.515909 0.672221
vertex 1.032664 1.513530 0.664645
endloop
endfacet
facet normal 0.683090 0.365142 0.632502
outer loop
vertex 1.034567 1.523097 0.727778
vertex 1.029397 1.519642 0.735356
vertex 1.032664 1.513530 0.735356
endloop
endfacet
facet normal 0.683112 0.365124 0.632490
outer loop
vertex 1.034567 1.523097 0.727778
vertex 1.032664 1.513530 0.735356
vertex 1.038409 1.515909 0.727778
endloop
endfacet
facet normal 0.561109 0.299914 -0.771497
outer loop
vertex 1.023097 1.515433 0.658427
vertex 1.029397 1.519642 0.664645
vertex 1.032664 1.513530 0.664645
endloop
endfacet
facet normal 0.561067 0.299879 -0.771541
outer loop
vertex 1.023097 1.515433 0.658427
vertex 1.032664 1.513530 0.664645
vertex 1.025664 1.510630 0.658427
endloop
endfacet
facet normal 0.778618 0.416152 0.469650
outer loop
vertex 1.038409 1.525664 0.719134
vertex 1.034567 1.523097 0.727778
vertex 1.038409 1.515909 0.727778
endloop
endfacet
facet normal 0.778688 0.416096 0.469584
outer loop
vertex 1.038409 1.525664 0.719134
vertex 1.038409 1.515909 0.727778
vertex 1.042677 1.517677 0.719134
endloop
endfacet
facet normal 0.417318 0.223045 -0.880963
outer loop
vertex 1.015909 1.510630 0.653806
vertex 1.023097 1.515433 0.658427
vertex 1.025664 1.510630 0.658427
endloop
endfacet
facet normal 0.417319 0.223050 -0.880962
outer loop
vertex 1.015909 1.510630 0.653806
vertex 1.025664 1.510630 0.658427
vertex 1.017677 1.507322 0.653806
endloop
endfacet
facet normal 0.844369 0.451175 0.288933
outer loop
vertex 1.040774 1.527245 0.709754
vertex 1.038409 1.525664 0.719134
vertex 1.042677 1.517677 0.719134
endloop
endfacet
facet normal 0.844223 0.451338 0.289105
outer loop
vertex 1.040774 1.527245 0.709754
vertex 1.042677 1.517677 0.719134
vertex 1.045307 1.518766 0.709754
endloop
endfacet
facet normal 0.257201 0.137474 -0.956529
outer loop
vertex 1.008110 1.505419 0.650960
vertex 1.015909 1.510630 0.653806
vertex 1.017677 1.507322 0.653806
endloop
endfacet
facet normal 0.257198 0.137597 -0.956513
outer loop
vertex 1.008110 1.505419 0.650960
vertex 1.017677 1.507322 0.653806
vertex 1.009012 1.503733 0.650960
endloop
endfacet
facet normal 0.877681 0.469213 0.097541
outer loop
vertex 1.041573 1.527778 0.700000
vertex 1.040774 1.527245 0.709754
vertex 1.045307 1.518766 0.709754
endloop
endfacet
facet normal 0.877681 0.469212 0.097545
outer loop
vertex 1.041573 1.527778 0.700000
vertex 1.045307 1.518766 0.709754
vertex 1.046194 1.519134 0.700000
endloop
endfacet
facet normal 0.086881 0.046467 0.995134
outer loop
vertex 1.008110 1.505419 0.749039
vertex 1.000000 1.500000 0.750000
vertex 1.009012 1.503733 0.749039
endloop
endfacet
facet normal 0.086773 0.046420 -0.995146
outer loop
vertex 1.000000 1.500000 0.650000
vertex 1.008110 1.505419 0.650960
vertex 1.009012 1.503733 0.650960
endloop
endfacet
facet normal 0.877689 0.469200 -0.097539
outer loop
vertex 1.040774 1.527245 0.690245
vertex 1.041573 1.527778 0.700000
vertex 1.046194 1.519134 0.700000
endloop
endfacet
facet normal 0.877672 0.469235 -0.097524
outer loop
vertex 1.040774 1.527245 0.690245
vertex 1.046194 1.519134 0.700000
vertex 1.045307 1.518766 0.690245
endloop
endfacet
facet normal 0.257074 0.137509 0.956559
outer loop
vertex 1.015909 1.510630 0.746194
vertex 1.008110 1.505419 0.749039
vertex 1.009012 1.503733 0.749039
endloop
endfacet
facet normal 0.257128 0.137445 0.956553
outer loop
vertex 1.015909 1.510630 0.746194
vertex 1.009012 1.503733 0.749039
vertex 1.017677 1.507322 0.746194
endloop
endfacet
facet normal 0.844273 0.451339 -0.288958
outer loop
vertex 1.038409 1.525664 0.680866
vertex 1.040774 1.527245 0.690245
vertex 1.045307 1.518766 0.690245
endloop
endfacet
facet normal 0.844295 0.451176 -0.289146
outer loop
vertex 1.038409 1.525664 0.680866
vertex 1.045307 1.518766 0.690245
vertex 1.042677 1.517677 0.680866
endloop
endfacet
facet normal 0.417317 0.223023 0.880970
outer loop
vertex 1.023097 1.515433 0.741573
vertex 1.015909 1.510630 0.746194
vertex 1.017677 1.507322 0.746194
endloop
endfacet
facet normal 0.417301 0.223045 0.880972
outer loop
vertex 1.023097 1.515433 0.741573
vertex 1.017677 1.507322 0.746194
vertex 1.025664 1.510630 0.741573
endloop
endfacet
facet normal 0.279091 0.084666 -0.956525
outer loop
vertex 1.009012 1.503733 0.650960
vertex 1.017677 1.507322 0.653806
vertex 1.018766 1.503733 0.653806
endloop
endfacet
facet normal 0.279094 0.084668 -0.956524
outer loop
vertex 1.009012 1.503733 0.650960
vertex 1.018766 1.503733 0.653806
vertex 1.009567 1.501903 0.650960
endloop
endfacet
facet normal 0.952389 0.288871 0.097510
outer loop
vertex 1.046194 1.519134 0.700000
vertex 1.045307 1.518766 0.709754
vertex 1.048097 1.509567 0.709754
endloop
endfacet
facet normal 0.952398 0.288842 0.097516
outer loop
vertex 1.046194 1.519134 0.700000
vertex 1.048097 1.509567 0.709754
vertex 1.049039 1.509754 0.700000
endloop
endfacet
facet normal 0.094240 0.028593 0.995139
outer loop
vertex 1.009012 1.503733 0.749039
vertex 1.000000 1.500000 0.750000
vertex 1.009567 1.501903 0.749039
endloop
endfacet
facet normal 0.094170 0.028563 -0.995146
outer loop
vertex 1.000000 1.500000 0.650000
vertex 1.009012 1.503733 0.650960
vertex 1.009567 1.501903 0.650960
endloop
endfacet
facet normal 0.952391 0.288865 -0.097506
outer loop
vertex 1.045307 1.518766 0.690245
vertex 1.046194 1.519134 0.700000
vertex 1.049039 1.509754 0.700000
endloop
endfacet
facet normal 0.952398 0.288842 -0.097507
outer loop
vertex 1.045307 1.518766 0.690245
vertex 1.049039 1.509754 0.700000
vertex 1.048097 1.509567 0.690245
endloop
endfacet
facet normal 0.279028 0.084624 0.956547
outer loop
vertex 1.017677 1.507322 0.746194
vertex 1.009012 1.503733 0.749039
vertex 1.009567 1.501903 0.749039
endloop
endfacet
facet normal 0.279028 0.084658 0.956544
outer loop
vertex 1.017677 1.507322 0.746194
vertex 1.009567 1.501903 0.749039
vertex 1.018766 1.503733 0.746194
endloop
endfacet
facet normal 0.916074 0.277848 -0.289151
outer loop
vertex 1.042677 1.517677 0.680866
vertex 1.045307 1.518766 0.690245
vertex 1.048097 1.509567 0.690245
endloop
endfacet
facet normal 0.916076 0.278031 -0.288970
outer loop
vertex 1.042677 1.517677 0.680866
vertex 1.048097 1.509567 0.690245
vertex 1.045307 1.509012 0.680866
endloop
endfacet
facet normal 0.452793 0.137365 0.880971
outer loop
vertex 1.025664 1.510630 0.741573
vertex 1.017677 1.507322 0.746194
vertex 1.018766 1.503733 0.746194
endloop
endfacet
facet normal 0.452774 0.137379 0.880978
outer loop
vertex 1.025664 1.510630 0.741573
vertex 1.018766 1.503733 0.746194
vertex 1.027245 1.505419 0.741573
endloop
endfacet
facet normal 0.844859 0.256421 -0.469534
outer loop
vertex 1.038409 1.515909 0.672221
vertex 1.042677 1.517677 0.680866
vertex 1.045307 1.509012 0.680866
endloop
endfacet
facet normal 0.844822 0.256204 -0.469719
outer loop
vertex 1.038409 1.515909 0.672221
vertex 1.045307 1.509012 0.680866
vertex 1.040774 1.508110 0.672221
endloop
endfacet
facet normal 0.608766 0.184696 0.771551
outer loop
vertex 1.032664 1.513530 0.735356
vertex 1.025664 1.510630 0.741573
vertex 1.027245 1.505419 0.741573
endloop
endfacet
facet normal 0.608746 0.184683 0.771570
outer loop
vertex 1.032664 1.513530 0.735356
vertex 1.027245 1.505419 0.741573
vertex 1.034676 1.506898 0.735356
endloop
endfacet
facet normal 0.741151 0.224768 -0.632593
outer loop
vertex 1.032664 1.513530 0.664645
vertex 1.038409 1.515909 0.672221
vertex 1.040774 1.508110 0.672221
endloop
endfacet
facet normal 0.741171 0.224843 -0.632543
outer loop
vertex 1.032664 1.513530 0.664645
vertex 1.040774 1.508110 0.672221
vertex 1.034676 1.506898 0.664645
endloop
endfacet
facet normal 0.741214 0.224847 0.632492
outer loop
vertex 1.038409 1.515909 0.727778
vertex 1.032664 1.513530 0.735356
vertex 1.034676 1.506898 0.735356
endloop
endfacet
facet normal 0.741266 0.224795 0.632449
outer loop
vertex 1.038409 1.515909 0.727778
vertex 1.034676 1.506898 0.735356
vertex 1.040774 1.508110 0.727778
endloop
endfacet
facet normal 0.608826 0.184687 -0.771506
outer loop
vertex 1.025664 1.510630 0.658427
vertex 1.032664 1.513530 0.664645
vertex 1.034676 1.506898 0.664645
endloop
endfacet
facet normal 0.608794 0.184734 -0.771520
outer loop
vertex 1.025664 1.510630 0.658427
vertex 1.034676 1.506898 0.664645
vertex 1.027245 1.505419 0.658427
endloop
endfacet
facet normal 0.844908 0.256183 0.469575
outer loop
vertex 1.042677 1.517677 0.719134
vertex 1.038409 1.515909 0.727778
vertex 1.040774 1.508110 0.727778
endloop
endfacet
facet normal 0.844736 0.256437 0.469746
outer loop
vertex 1.042677 1.517677 0.719134
vertex 1.040774 1.508110 0.727778
vertex 1.045307 1.509012 0.719134
endloop
endfacet
facet normal 0.452813 0.137371 -0.880959
outer loop
vertex 1.017677 1.507322 0.653806
vertex 1.025664 1.510630 0.658427
vertex 1.027245 1.505419 0.658427
endloop
endfacet
facet normal 0.452761 0.137373 -0.880986
outer loop
vertex 1.017677 1.507322 0.653806
vertex 1.027245 1.505419 0.658427
vertex 1.018766 1.503733 0.653806
endloop
endfacet
facet normal 0.916025 0.278045 0.289118
outer loop
vertex 1.045307 1.518766 0.709754
vertex 1.042677 1.517677 0.719134
vertex 1.045307 1.509012 0.719134
endloop
endfacet
facet normal 0.916136 0.277855 0.288950
outer loop
vertex 1.045307 1.518766 0.709754
vertex 1.045307 1.509012 0.719134
vertex 1.048097 1.509567 0.709754
endloop
endfacet
facet normal 0.770792 0.075942 -0.632545
outer loop
vertex 1.034676 1.506898 0.664645
vertex 1.040774 1.508110 0.672221
vertex 1.041573 1.500000 0.672221
endloop
endfacet
facet normal 0.770794 0.075990 -0.632536
outer loop
vertex 1.034676 1.506898 0.664645
vertex 1.041573 1.500000 0.672221
vertex 1.035356 1.500000 0.664645
endloop
endfacet
facet normal 0.770866 0.075977 0.632450
outer loop
vertex 1.040774 1.508110 0.727778
vertex 1.034676 1.506898 0.735356
vertex 1.035356 1.500000 0.735356
endloop
endfacet
facet normal 0.770883 0.075978 0.632430
outer loop
vertex 1.040774 1.508110 0.727778
vertex 1.035356 1.500000 0.735356
vertex 1.041573 1.500000 0.727778
endloop
endfacet
facet normal 0.633151 0.062413 -0.771508
outer loop
vertex 1.027245 1.505419 0.658427
vertex 1.034676 1.506898 0.664645
vertex 1.035356 1.500000 0.664645
endloop
endfacet
facet normal 0.633100 0.062278 -0.771560
outer loop
vertex 1.027245 1.505419 0.658427
vertex 1.035356 1.500000 0.664645
vertex 1.027778 1.500000 0.658427
endloop
endfacet
facet normal 0.878552 0.086533 0.469742
outer loop
vertex 1.045307 1.509012 0.719134
vertex 1.040774 1.508110 0.727778
vertex 1.041573 1.500000 0.727778
endloop
endfacet
facet normal 0.878584 0.086489 0.469690
outer loop
vertex 1.045307 1.509012 0.719134
vertex 1.041573 1.500000 0.727778
vertex 1.046194 1.500000 0.719134
endloop
endfacet
facet normal 0.470931 0.046325 -0.880953
outer loop
vertex 1.018766 1.503733 0.653806
vertex 1.027245 1.505419 0.658427
vertex 1.027778 1.500000 0.658427
endloop
endfacet
facet normal 0.470942 0.046452 -0.880940
outer loop
vertex 1.018766 1.503733 0.653806
vertex 1.027778 1.500000 0.658427
vertex 1.019134 1.500000 0.653806
endloop
endfacet
facet normal 0.952739 0.093798 0.288947
outer loop
vertex 1.048097 1.509567 0.709754
vertex 1.045307 1.509012 0.719134
vertex 1.046194 1.500000 0.719134
endloop
endfacet
facet normal 0.952737 0.093794 0.288955
outer loop
vertex 1.048097 1.509567 0.709754
vertex 1.046194 1.500000 0.719134
vertex 1.049039 1.500000 0.709754
endloop
endfacet
facet normal 0.290235 0.028623 -0.956527
outer loop
vertex 1.009567 1.501903 0.650960
vertex 1.018766 1.503733 0.653806
vertex 1.019134 1.500000 0.653806
endloop
endfacet
facet normal 0.290210 0.028495 -0.956539
outer loop
vertex 1.009567 1.501903 0.650960
vertex 1.019134 1.500000 0.653806
vertex 1.009754 1.500000 0.650960
endloop
endfacet
facet normal 0.990444 0.097524 0.097522
outer loop
vertex 1.049039 1.509754 0.700000
vertex 1.048097 1.509567 0.709754
vertex 1.049039 1.500000 0.709754
endloop
endfacet
facet normal 0.990431 0.097594 0.097577
outer loop
vertex 1.049039 1.509754 0.700000
vertex 1.049039 1.500000 0.709754
vertex 1.050000 1.500000 0.700000
endloop
endfacet
facet normal 0.098043 0.009630 0.995136
outer loop
vertex 1.009567 1.501903 0.749039
vertex 1.000000 1.500000 0.750000
vertex 1.009754 1.500000 0.749039
endloop
endfacet
facet normal 0.097932 0.009623 -0.995147
outer loop
vertex 1.000000 1.500000 0.650000
vertex 1.009567 1.501903 0.650960
vertex 1.009754 1.500000 0.650960
endloop
endfacet
facet normal 0.990441 0.097565 -0.097511
outer loop
vertex 1.048097 1.509567 0.690245
vertex 1.049039 1.509754 0.700000
vertex 1.050000 1.500000 0.700000
endloop
endfacet
facet normal 0.990436 0.097553 -0.097568
outer loop
vertex 1.048097 1.509567 0.690245
vertex 1.050000 1.500000 0.700000
vertex 1.049039 1.500000 0.690245
endloop
endfacet
facet normal 0.290173 0.028501 0.956550
outer loop
vertex 1.018766 1.503733 0.746194
vertex 1.009567 1.501903 0.749039
vertex 1.009754 1.500000 0.749039
endloop
endfacet
facet normal 0.290123 0.028608 0.956562
outer loop
vertex 1.018766 1.503733 0.746194
vertex 1.009754 1.500000 0.749039
vertex 1.019134 1.500000 0.746194
endloop
endfacet
facet normal 0.952730 0.093822 -0.288968
outer loop
vertex 1.045307 1.509012 0.680866
vertex 1.048097 1.509567 0.690245
vertex 1.049039 1.500000 0.690245
endloop
endfacet
facet normal 0.952725 0.093766 -0.289004
outer loop
vertex 1.045307 1.509012 0.680866
vertex 1.049039 1.500000 0.690245
vertex 1.046194 1.500000 0.680866
endloop
endfacet
facet normal 0.470877 0.046423 0.880977
outer loop
vertex 1.027245 1.505419 0.741573
vertex 1.018766 1.503733 0.746194
vertex 1.019134 1.500000 0.746194
endloop
endfacet
facet normal 0.470948 0.046345 0.880943
outer loop
vertex 1.027245 1.505419 0.741573
vertex 1.019134 1.500000 0.746194
vertex 1.027778 1.500000 0.741573
endloop
endfacet
facet normal 0.878583 0.086477 -0.469696
outer loop
vertex 1.040774 1.508110 0.672221
vertex 1.045307 1.509012 0.680866
vertex 1.046194 1.500000 0.680866
endloop
endfacet
facet normal 0.878603 0.086575 -0.469640
outer loop
vertex 1.040774 1.508110 0.672221
vertex 1.046194 1.500000 0.680866
vertex 1.041573 1.500000 0.672221
endloop
endfacet
facet normal 0.633105 0.062271 0.771557
outer loop
vertex 1.034676 1.506898 0.735356
vertex 1.027245 1.505419 0.741573
vertex 1.027778 1.500000 0.741573
endloop
endfacet
facet normal 0.633033 0.062412 0.771605
outer loop
vertex 1.034676 1.506898 0.735356
vertex 1.027778 1.500000 0.741573
vertex 1.035356 1.500000 0.735356
endloop
endfacet
facet normal 0.098043 -0.009630 0.995136
outer loop
vertex 1.009754 1.500000 0.749039
vertex 1.000000 1.500000 0.750000
vertex 1.009567 1.498097 0.749039
endloop
endfacet
facet normal 0.097932 -0.009623 -0.995147
outer loop
vertex 1.000000 1.500000 0.650000
vertex 1.009754 1.500000 0.650960
vertex 1.009567 1.498097 0.650960
endloop
endfacet
facet normal 0.990434 -0.097572 -0.097567
outer loop
vertex 1.049039 1.500000 0.690245
vertex 1.050000 1.500000 0.700000
vertex 1.049039 1.490245 0.700000
endloop
endfacet
facet normal 0.990443 -0.097534 -0.097522
outer loop
vertex 1.049039 1.500000 0.690245
vertex 1.049039 1.490245 0.700000
vertex 1.048097 1.490433 0.690245
endloop
endfacet
facet normal 0.290118 -0.028495 0.956567
outer loop
vertex 1.019134 1.500000 0.746194
vertex 1.009754 1.500000 0.749039
vertex 1.009567 1.498097 0.749039
endloop
endfacet
facet normal 0.290160 -0.028612 0.956550
outer loop
vertex 1.019134 1.500000 0.746194
vertex 1.009567 1.498097 0.749039
vertex 1.018766 1.496267 0.746194
endloop
endfacet
facet normal 0.952728 -0.093783 -0.288987
outer loop
vertex 1.046194 1.500000 0.680866
vertex 1.049039 1.500000 0.690245
vertex 1.048097 1.490433 0.690245
endloop
endfacet
facet normal 0.952727 -0.093808 -0.288984
outer loop
vertex 1.046194 1.500000 0.680866
vertex 1.048097 1.490433 0.690245
vertex 1.045307 1.490988 0.680866
endloop
endfacet
facet normal 0.470938 -0.046454 0.880942
outer loop
vertex 1.027778 1.500000 0.741573
vertex 1.019134 1.500000 0.746194
vertex 1.018766 1.496267 0.746194
endloop
endfacet
facet normal 0.470898 -0.046324 0.880971
outer loop
vertex 1.027778 1.500000 0.741573
vertex 1.018766 1.496267 0.746194
vertex 1.027245 1.494581 0.741573
endloop
endfacet
facet normal 0.878611 -0.086501 -0.469638
outer loop
vertex 1.041573 1.500000 0.672221
vertex 1.046194 1.500000 0.680866
vertex 1.045307 1.490988 0.680866
endloop
endfacet
facet normal 0.878570 -0.086549 -0.469707
outer loop
vertex 1.041573 1.500000 0.672221
vertex 1.045307 1.490988 0.680866
vertex 1.040774 1.491890 0.672221
endloop
endfacet
facet normal 0.633036 -0.062282 0.771613
outer loop
vertex 1.035356 1.500000 0.735356
vertex 1.027778 1.500000 0.741573
vertex 1.027245 1.494581 0.741573
endloop
endfacet
facet normal 0.633081 -0.062413 0.771565
outer loop
vertex 1.035356 1.500000 0.735356
vertex 1.027245 1.494581 0.741573
vertex 1.034676 1.493103 0.735356
endloop
endfacet
facet normal 0.770797 -0.075967 -0.632535
outer loop
vertex 1.035356 1.500000 0.664645
vertex 1.041573 1.500000 0.672221
vertex 1.040774 1.491890 0.672221
endloop
endfacet
facet normal 0.770776 -0.075972 -0.632561
outer loop
vertex 1.035356 1.500000 0.664645
vertex 1.040774 1.491890 0.672221
vertex 1.034676 1.493103 0.664645
endloop
endfacet
facet normal 0.770876 -0.076018 0.632433
outer loop
vertex 1.041573 1.500000 0.727778
vertex 1.035356 1.500000 0.735356
vertex 1.034676 1.493103 0.735356
endloop
endfacet
facet normal 0.770862 -0.075953 0.632458
outer loop
vertex 1.041573 1.500000 0.727778
vertex 1.034676 1.493103 0.735356
vertex 1.040774 1.491890 0.727778
endloop
endfacet
facet normal 0.633098 -0.062418 -0.771551
outer loop
vertex 1.027778 1.500000 0.658427
vertex 1.035356 1.500000 0.664645
vertex 1.034676 1.493103 0.664645
endloop
endfacet
facet normal 0.633169 -0.062285 -0.771504
outer loop
vertex 1.027778 1.500000 0.658427
vertex 1.034676 1.493103 0.664645
vertex 1.027245 1.494581 0.658427
endloop
endfacet
facet normal 0.878583 -0.086583 0.469676
outer loop
vertex 1.046194 1.500000 0.719134
vertex 1.041573 1.500000 0.727778
vertex 1.040774 1.491890 0.727778
endloop
endfacet
facet normal 0.878562 -0.086444 0.469741
outer loop
vertex 1.046194 1.500000 0.719134
vertex 1.040774 1.491890 0.727778
vertex 1.045307 1.490988 0.719134
endloop
endfacet
facet normal 0.470953 -0.046346 -0.880940
outer loop
vertex 1.019134 1.500000 0.653806
vertex 1.027778 1.500000 0.658427
vertex 1.027245 1.494581 0.658427
endloop
endfacet
facet normal 0.470901 -0.046423 -0.880964
outer loop
vertex 1.019134 1.500000 0.653806
vertex 1.027245 1.494581 0.658427
vertex 1.018766 1.496267 0.653806
endloop
endfacet
facet normal 0.952738 -0.093755 0.288964
outer loop
vertex 1.049039 1.500000 0.709754
vertex 1.046194 1.500000 0.719134
vertex 1.045307 1.490988 0.719134
endloop
endfacet
facet normal 0.952739 -0.093834 0.288937
outer loop
vertex 1.049039 1.500000 0.709754
vertex 1.045307 1.490988 0.719134
vertex 1.048097 1.490433 0.709754
endloop
endfacet
facet normal 0.290211 -0.028622 -0.956535
outer loop
vertex 1.009754 1.500000 0.650960
vertex 1.019134 1.500000 0.653806
vertex 1.018766 1.496267 0.653806
endloop
endfacet
facet normal 0.290277 -0.028500 -0.956518
outer loop
vertex 1.009754 1.500000 0.650960
vertex 1.018766 1.496267 0.653806
vertex 1.009567 1.498097 0.650960
endloop
endfacet
facet normal 0.990436 -0.097543 0.097578
outer loop
vertex 1.050000 1.500000 0.700000
vertex 1.049039 1.500000 0.709754
vertex 1.048097 1.490433 0.709754
endloop
endfacet
facet normal 0.990439 -0.097564 0.097533
outer loop
vertex 1.050000 1.500000 0.700000
vertex 1.048097 1.490433 0.709754
vertex 1.049039 1.490245 0.700000
endloop
endfacet
facet normal 0.741254 -0.224826 0.632452
outer loop
vertex 1.040774 1.491890 0.727778
vertex 1.034676 1.493103 0.735356
vertex 1.032664 1.486470 0.735356
endloop
endfacet
facet normal 0.741224 -0.224781 0.632504
outer loop
vertex 1.040774 1.491890 0.727778
vertex 1.032664 1.486470 0.735356
vertex 1.038409 1.484091 0.727778
endloop
endfacet
facet normal 0.608845 -0.184673 -0.771494
outer loop
vertex 1.027245 1.494581 0.658427
vertex 1.034676 1.493103 0.664645
vertex 1.032664 1.486470 0.664645
endloop
endfacet
facet normal 0.608824 -0.184689 -0.771507
outer loop
vertex 1.027245 1.494581 0.658427
vertex 1.032664 1.486470 0.664645
vertex 1.025664 1.489369 0.658427
endloop
endfacet
facet normal 0.844800 -0.256200 0.469760
outer loop
vertex 1.045307 1.490988 0.719134
vertex 1.040774 1.491890 0.727778
vertex 1.038409 1.484091 0.727778
endloop
endfacet
facet normal 0.844831 -0.256390 0.469600
outer loop
vertex 1.045307 1.490988 0.719134
vertex 1.038409 1.484091 0.727778
vertex 1.042677 1.482322 0.719134
endloop
endfacet
facet normal 0.452804 -0.137374 -0.880964
outer loop
vertex 1.018766 1.496267 0.653806
vertex 1.027245 1.494581 0.658427
vertex 1.025664 1.489369 0.658427
endloop
endfacet
facet normal 0.452814 -0.137296 -0.880971
outer loop
vertex 1.018766 1.496267 0.653806
vertex 1.025664 1.489369 0.658427
vertex 1.017677 1.492677 0.653806
endloop
endfacet
facet normal 0.916094 -0.278009 0.288935
outer loop
vertex 1.048097 1.490433 0.709754
vertex 1.045307 1.490988 0.719134
vertex 1.042677 1.482322 0.719134
endloop
endfacet
facet normal 0.916092 -0.277863 0.289081
outer loop
vertex 1.048097 1.490433 0.709754
vertex 1.042677 1.482322 0.719134
vertex 1.045307 1.481234 0.709754
endloop
endfacet
facet normal 0.279097 -0.084650 -0.956525
outer loop
vertex 1.009567 1.498097 0.650960
vertex 1.018766 1.496267 0.653806
vertex 1.017677 1.492677 0.653806
endloop
endfacet
facet normal 0.279060 -0.084644 -0.956536
outer loop
vertex 1.009567 1.498097 0.650960
vertex 1.017677 1.492677 0.653806
vertex 1.009012 1.496267 0.650960
endloop
endfacet
facet normal 0.952390 -0.288855 0.097550
outer loop
vertex 1.049039 1.490245 0.700000
vertex 1.048097 1.490433 0.709754
vertex 1.045307 1.481234 0.709754
endloop
endfacet
facet normal 0.952383 -0.288888 0.097523
outer loop
vertex 1.049039 1.490245 0.700000
vertex 1.045307 1.481234 0.709754
vertex 1.046194 1.480866 0.700000
endloop
endfacet
facet normal 0.094271 -0.028598 0.995136
outer loop
vertex 1.009567 1.498097 0.749039
vertex 1.000000 1.500000 0.750000
vertex 1.009012 1.496267 0.749039
endloop
endfacet
facet normal 0.094193 -0.028566 -0.995144
outer loop
vertex 1.000000 1.500000 0.650000
vertex 1.009567 1.498097 0.650960
vertex 1.009012 1.496267 0.650960
endloop
endfacet
facet normal 0.952384 -0.288879 -0.097537
outer loop
vertex 1.048097 1.490433 0.690245
vertex 1.049039 1.490245 0.700000
vertex 1.046194 1.480866 0.700000
endloop
endfacet
facet normal 0.952391 -0.288864 -0.097515
outer loop
vertex 1.048097 1.490433 0.690245
vertex 1.046194 1.480866 0.700000
vertex 1.045307 1.481234 0.690245
endloop
endfacet
facet normal 0.279004 -0.084624 0.956554
outer loop
vertex 1.018766 1.496267 0.746194
vertex 1.009567 1.498097 0.749039
vertex 1.009012 1.496267 0.749039
endloop
endfacet
facet normal 0.279003 -0.084627 0.956554
outer loop
vertex 1.018766 1.496267 0.746194
vertex 1.009012 1.496267 0.749039
vertex 1.017677 1.492677 0.746194
endloop
endfacet
facet normal 0.916130 -0.277848 -0.288974
outer loop
vertex 1.045307 1.490988 0.680866
vertex 1.048097 1.490433 0.690245
vertex 1.045307 1.481234 0.690245
endloop
endfacet
facet normal 0.916037 -0.278006 -0.289117
outer loop
vertex 1.045307 1.490988 0.680866
vertex 1.045307 1.481234 0.690245
vertex 1.042677 1.482322 0.680866
endloop
endfacet
facet normal 0.452791 -0.137340 0.880976
outer loop
vertex 1.027245 1.494581 0.741573
vertex 1.018766 1.496267 0.746194
vertex 1.017677 1.492677 0.746194
endloop
endfacet
facet normal 0.452802 -0.137344 0.880969
outer loop
vertex 1.027245 1.494581 0.741573
vertex 1.017677 1.492677 0.746194
vertex 1.025664 1.489369 0.741573
endloop
endfacet
facet normal 0.844776 -0.256385 -0.469703
outer loop
vertex 1.040774 1.491890 0.672221
vertex 1.045307 1.490988 0.680866
vertex 1.042677 1.482322 0.680866
endloop
endfacet
facet normal 0.844910 -0.256208 -0.469559
outer loop
vertex 1.040774 1.491890 0.672221
vertex 1.042677 1.482322 0.680866
vertex 1.038409 1.484091 0.672221
endloop
endfacet
facet normal 0.608775 -0.184679 0.771548
outer loop
vertex 1.034676 1.493103 0.735356
vertex 1.027245 1.494581 0.741573
vertex 1.025664 1.489369 0.741573
endloop
endfacet
facet normal 0.608776 -0.184646 0.771555
outer loop
vertex 1.034676 1.493103 0.735356
vertex 1.025664 1.489369 0.741573
vertex 1.032664 1.486470 0.735356
endloop
endfacet
facet normal 0.741177 -0.224756 -0.632567
outer loop
vertex 1.034676 1.493103 0.664645
vertex 1.040774 1.491890 0.672221
vertex 1.038409 1.484091 0.672221
endloop
endfacet
facet normal 0.741128 -0.224822 -0.632601
outer loop
vertex 1.034676 1.493103 0.664645
vertex 1.038409 1.484091 0.672221
vertex 1.032664 1.486470 0.664645
endloop
endfacet
facet normal 0.877704 -0.469176 -0.097520
outer loop
vertex 1.045307 1.481234 0.690245
vertex 1.046194 1.480866 0.700000
vertex 1.041573 1.472221 0.700000
endloop
endfacet
facet normal 0.877678 -0.469213 -0.097576
outer loop
vertex 1.045307 1.481234 0.690245
vertex 1.041573 1.472221 0.700000
vertex 1.040774 1.472755 0.690245
endloop
endfacet
facet normal 0.257121 -0.137545 0.956541
outer loop
vertex 1.017677 1.492677 0.746194
vertex 1.009012 1.496267 0.749039
vertex 1.008110 1.494581 0.749039
endloop
endfacet
facet normal 0.257103 -0.137412 0.956565
outer loop
vertex 1.017677 1.492677 0.746194
vertex 1.008110 1.494581 0.749039
vertex 1.015909 1.489369 0.746194
endloop
endfacet
facet normal 0.844227 -0.451343 -0.289084
outer loop
vertex 1.042677 1.482322 0.680866
vertex 1.045307 1.481234 0.690245
vertex 1.040774 1.472755 0.690245
endloop
endfacet
facet normal 0.844335 -0.451216 -0.288968
outer loop
vertex 1.042677 1.482322 0.680866
vertex 1.040774 1.472755 0.690245
vertex 1.038409 1.474336 0.680866
endloop
endfacet
facet normal 0.417309 -0.223051 0.880966
outer loop
vertex 1.025664 1.489369 0.741573
vertex 1.017677 1.492677 0.746194
vertex 1.015909 1.489369 0.746194
endloop
endfacet
facet normal 0.417322 -0.223076 0.880954
outer loop
vertex 1.025664 1.489369 0.741573
vertex 1.015909 1.489369 0.746194
vertex 1.023097 1.484567 0.741573
endloop
endfacet
facet normal 0.778666 -0.416150 -0.469573
outer loop
vertex 1.038409 1.484091 0.672221
vertex 1.042677 1.482322 0.680866
vertex 1.038409 1.474336 0.680866
endloop
endfacet
facet normal 0.778637 -0.416163 -0.469610
outer loop
vertex 1.038409 1.484091 0.672221
vertex 1.038409 1.474336 0.680866
vertex 1.034567 1.476903 0.672221
endloop
endfacet
facet normal 0.561036 -0.299915 0.771550
outer loop
vertex 1.032664 1.486470 0.735356
vertex 1.025664 1.489369 0.741573
vertex 1.023097 1.484567 0.741573
endloop
endfacet
facet normal 0.561041 -0.299844 0.771574
outer loop
vertex 1.032664 1.486470 0.735356
vertex 1.023097 1.484567 0.741573
vertex 1.029397 1.480357 0.735356
endloop
endfacet
facet normal 0.683046 -0.365067 -0.632594
outer loop
vertex 1.032664 1.486470 0.664645
vertex 1.038409 1.484091 0.672221
vertex 1.034567 1.476903 0.672221
endloop
endfacet
facet normal 0.683060 -0.365077 -0.632573
outer loop
vertex 1.032664 1.486470 0.664645
vertex 1.034567 1.476903 0.672221
vertex 1.029397 1.480357 0.664645
endloop
endfacet
facet normal 0.683126 -0.365096 0.632490
outer loop
vertex 1.038409 1.484091 0.727778
vertex 1.032664 1.486470 0.735356
vertex 1.029397 1.480357 0.735356
endloop
endfacet
facet normal 0.683123 -0.365128 0.632475
outer loop
vertex 1.038409 1.484091 0.727778
vertex 1.029397 1.480357 0.735356
vertex 1.034567 1.476903 0.727778
endloop
endfacet
facet normal 0.561119 -0.299903 -0.771494
outer loop
vertex 1.025664 1.489369 0.658427
vertex 1.032664 1.486470 0.664645
vertex 1.029397 1.480357 0.664645
endloop
endfacet
facet normal 0.561059 -0.299898 -0.771540
outer loop
vertex 1.025664 1.489369 0.658427
vertex 1.029397 1.480357 0.664645
vertex 1.023097 1.484567 0.658427
endloop
endfacet
facet normal 0.778623 -0.416184 0.469613
outer loop
vertex 1.042677 1.482322 0.719134
vertex 1.038409 1.484091 0.727778
vertex 1.034567 1.476903 0.727778
endloop
endfacet
facet normal 0.778639 -0.416104 0.469658
outer loop
vertex 1.042677 1.482322 0.719134
vertex 1.034567 1.476903 0.727778
vertex 1.038409 1.474336 0.719134
endloop
endfacet
facet normal 0.417304 -0.223084 -0.880960
outer loop
vertex 1.017677 1.492677 0.653806
vertex 1.025664 1.489369 0.658427
vertex 1.023097 1.484567 0.658427
endloop
endfacet
facet normal 0.417348 -0.223059 -0.880946
outer loop
vertex 1.017677 1.492677 0.653806
vertex 1.023097 1.484567 0.658427
vertex 1.015909 1.489369 0.653806
endloop
endfacet
facet normal 0.844305 -0.451224 0.289045
outer loop
vertex 1.045307 1.481234 0.709754
vertex 1.042677 1.482322 0.719134
vertex 1.038409 1.474336 0.719134
endloop
endfacet
facet normal 0.844275 -0.451342 0.288947
outer loop
vertex 1.045307 1.481234 0.709754
vertex 1.038409 1.474336 0.719134
vertex 1.040774 1.472755 0.709754
endloop
endfacet
facet normal 0.257209 -0.137484 -0.956526
outer loop
vertex 1.009012 1.496267 0.650960
vertex 1.017677 1.492677 0.653806
vertex 1.015909 1.489369 0.653806
endloop
endfacet
facet normal 0.257150 -0.137546 -0.956533
outer loop
vertex 1.009012 1.496267 0.650960
vertex 1.015909 1.489369 0.653806
vertex 1.008110 1.494581 0.650960
endloop
endfacet
facet normal 0.877678 -0.469220 0.097538
outer loop
vertex 1.046194 1.480866 0.700000
vertex 1.045307 1.481234 0.709754
vertex 1.040774 1.472755 0.709754
endloop
endfacet
facet normal 0.877706 -0.469158 0.097589
outer loop
vertex 1.046194 1.480866 0.700000
vertex 1.040774 1.472755 0.709754
vertex 1.041573 1.472221 0.700000
endloop
endfacet
facet normal 0.086872 -0.046463 0.995135
outer loop
vertex 1.009012 1.496267 0.749039
vertex 1.000000 1.500000 0.750000
vertex 1.008110 1.494581 0.749039
endloop
endfacet
facet normal 0.086752 -0.046415 -0.995148
outer loop
vertex 1.000000 1.500000 0.650000
vertex 1.009012 1.496267 0.650960
vertex 1.008110 1.494581 0.650960
endloop
endfacet
facet normal 0.491764 -0.403630 -0.771525
outer loop
vertex 1.023097 1.484567 0.658427
vertex 1.029397 1.480357 0.664645
vertex 1.025000 1.475000 0.664645
endloop
endfacet
facet normal 0.491799 -0.403633 -0.771502
outer loop
vertex 1.023097 1.484567 0.658427
vertex 1.025000 1.475000 0.664645
vertex 1.019642 1.480357 0.658427
endloop
endfacet
facet normal 0.682472 -0.560072 0.469629
outer loop
vertex 1.038409 1.474336 0.719134
vertex 1.034567 1.476903 0.727778
vertex 1.029397 1.470603 0.727778
endloop
endfacet
facet normal 0.682443 -0.560089 0.469650
outer loop
vertex 1.038409 1.474336 0.719134
vertex 1.029397 1.470603 0.727778
vertex 1.032664 1.467336 0.719134
endloop
endfacet
facet normal 0.365792 -0.300195 -0.880954
outer loop
vertex 1.015909 1.489369 0.653806
vertex 1.023097 1.484567 0.658427
vertex 1.019642 1.480357 0.658427
endloop
endfacet
facet normal 0.365807 -0.300194 -0.880948
outer loop
vertex 1.015909 1.489369 0.653806
vertex 1.019642 1.480357 0.658427
vertex 1.013530 1.486470 0.653806
endloop
endfacet
facet normal 0.740039 -0.607331 0.288949
outer loop
vertex 1.040774 1.472755 0.709754
vertex 1.038409 1.474336 0.719134
vertex 1.032664 1.467336 0.719134
endloop
endfacet
facet normal 0.740037 -0.607306 0.289005
outer loop
vertex 1.040774 1.472755 0.709754
vertex 1.032664 1.467336 0.719134
vertex 1.034676 1.465324 0.709754
endloop
endfacet
facet normal 0.225439 -0.184991 -0.956533
outer loop
vertex 1.008110 1.494581 0.650960
vertex 1.015909 1.489369 0.653806
vertex 1.013530 1.486470 0.653806
endloop
endfacet
facet normal 0.225477 -0.184960 -0.956530
outer loop
vertex 1.008110 1.494581 0.650960
vertex 1.013530 1.486470 0.653806
vertex 1.006898 1.493103 0.650960
endloop
endfacet
facet normal 0.769354 -0.631324 0.097589
outer loop
vertex 1.041573 1.472221 0.700000
vertex 1.040774 1.472755 0.709754
vertex 1.034676 1.465324 0.709754
endloop
endfacet
facet normal 0.769346 -0.631338 0.097568
outer loop
vertex 1.041573 1.472221 0.700000
vertex 1.034676 1.465324 0.709754
vertex 1.035356 1.464645 0.700000
endloop
endfacet
facet normal 0.076169 -0.062464 0.995136
outer loop
vertex 1.008110 1.494581 0.749039
vertex 1.000000 1.500000 0.750000
vertex 1.006898 1.493103 0.749039
endloop
endfacet
facet normal 0.076122 -0.062411 -0.995143
outer loop
vertex 1.000000 1.500000 0.650000
vertex 1.008110 1.494581 0.650960
vertex 1.006898 1.493103 0.650960
endloop
endfacet
facet normal 0.769338 -0.631347 -0.097572
outer loop
vertex 1.040774 1.472755 0.690245
vertex 1.041573 1.472221 0.700000
vertex 1.035356 1.464645 0.700000
endloop
endfacet
facet normal 0.769363 -0.631317 -0.097564
outer loop
vertex 1.040774 1.472755 0.690245
vertex 1.035356 1.464645 0.700000
vertex 1.034676 1.465324 0.690245
endloop
endfacet
facet normal 0.225403 -0.184866 0.956566
outer loop
vertex 1.015909 1.489369 0.746194
vertex 1.008110 1.494581 0.749039
vertex 1.006898 1.493103 0.749039
endloop
endfacet
facet normal 0.225383 -0.184944 0.956555
outer loop
vertex 1.015909 1.489369 0.746194
vertex 1.006898 1.493103 0.749039
vertex 1.013530 1.486470 0.746194
endloop
endfacet
facet normal 0.740052 -0.607291 -0.289000
outer loop
vertex 1.038409 1.474336 0.680866
vertex 1.040774 1.472755 0.690245
vertex 1.034676 1.465324 0.690245
endloop
endfacet
facet normal 0.740019 -0.607321 -0.289022
outer loop
vertex 1.038409 1.474336 0.680866
vertex 1.034676 1.465324 0.690245
vertex 1.032664 1.467336 0.680866
endloop
endfacet
facet normal 0.365795 -0.300184 0.880956
outer loop
vertex 1.023097 1.484567 0.741573
vertex 1.015909 1.489369 0.746194
vertex 1.013530 1.486470 0.746194
endloop
endfacet
facet normal 0.365790 -0.300190 0.880956
outer loop
vertex 1.023097 1.484567 0.741573
vertex 1.013530 1.486470 0.746194
vertex 1.019642 1.480357 0.741573
endloop
endfacet
facet normal 0.682468 -0.560078 -0.469627
outer loop
vertex 1.034567 1.476903 0.672221
vertex 1.038409 1.474336 0.680866
vertex 1.032664 1.467336 0.680866
endloop
endfacet
facet normal 0.682489 -0.560094 -0.469577
outer loop
vertex 1.034567 1.476903 0.672221
vertex 1.032664 1.467336 0.680866
vertex 1.029397 1.470603 0.672221
endloop
endfacet
facet normal 0.491726 -0.403568 0.771582
outer loop
vertex 1.029397 1.480357 0.735356
vertex 1.023097 1.484567 0.741573
vertex 1.019642 1.480357 0.741573
endloop
endfacet
facet normal 0.491731 -0.403613 0.771555
outer loop
vertex 1.029397 1.480357 0.735356
vertex 1.019642 1.480357 0.741573
vertex 1.025000 1.475000 0.735356
endloop
endfacet
facet normal 0.598704 -0.491316 -0.632584
outer loop
vertex 1.029397 1.480357 0.664645
vertex 1.034567 1.476903 0.672221
vertex 1.029397 1.470603 0.672221
endloop
endfacet
facet normal 0.598631 -0.491343 -0.632631
outer loop
vertex 1.029397 1.480357 0.664645
vertex 1.029397 1.470603 0.672221
vertex 1.025000 1.475000 0.664645
endloop
endfacet
facet normal 0.598715 -0.491439 0.632478
outer loop
vertex 1.034567 1.476903 0.727778
vertex 1.029397 1.480357 0.735356
vertex 1.025000 1.475000 0.735356
endloop
endfacet
facet normal 0.598748 -0.491342 0.632522
outer loop
vertex 1.034567 1.476903 0.727778
vertex 1.025000 1.475000 0.735356
vertex 1.029397 1.470603 0.727778
endloop
endfacet
facet normal 0.184885 -0.225424 0.956557
outer loop
vertex 1.013530 1.486470 0.746194
vertex 1.006898 1.493103 0.749039
vertex 1.005419 1.491890 0.749039
endloop
endfacet
facet normal 0.184919 -0.225412 0.956553
outer loop
vertex 1.013530 1.486470 0.746194
vertex 1.005419 1.491890 0.749039
vertex 1.010630 1.484091 0.746194
endloop
endfacet
facet normal 0.607283 -0.740052 -0.289016
outer loop
vertex 1.032664 1.467336 0.680866
vertex 1.034676 1.465324 0.690245
vertex 1.027245 1.459226 0.690245
endloop
endfacet
facet normal 0.607326 -0.740024 -0.288998
outer loop
vertex 1.032664 1.467336 0.680866
vertex 1.027245 1.459226 0.690245
vertex 1.025664 1.461591 0.680866
endloop
endfacet
facet normal 0.300127 -0.365860 0.880948
outer loop
vertex 1.019642 1.480357 0.741573
vertex 1.013530 1.486470 0.746194
vertex 1.010630 1.484091 0.746194
endloop
endfacet
facet normal 0.300166 -0.365776 0.880970
outer loop
vertex 1.019642 1.480357 0.741573
vertex 1.010630 1.484091 0.746194
vertex 1.015433 1.476903 0.741573
endloop
endfacet
facet normal 0.560096 -0.682481 -0.469587
outer loop
vertex 1.029397 1.470603 0.672221
vertex 1.032664 1.467336 0.680866
vertex 1.025664 1.461591 0.680866
endloop
endfacet
facet normal 0.560058 -0.682487 -0.469624
outer loop
vertex 1.029397 1.470603 0.672221
vertex 1.025664 1.461591 0.680866
vertex 1.023097 1.465433 0.672221
endloop
endfacet
facet normal 0.403559 -0.491779 0.771553
outer loop
vertex 1.025000 1.475000 0.735356
vertex 1.019642 1.480357 0.741573
vertex 1.015433 1.476903 0.741573
endloop
endfacet
facet normal 0.403574 -0.491749 0.771564
outer loop
vertex 1.025000 1.475000 0.735356
vertex 1.015433 1.476903 0.741573
vertex 1.019642 1.470603 0.735356
endloop
endfacet
facet normal 0.491315 -0.598693 -0.632595
outer loop
vertex 1.025000 1.475000 0.664645
vertex 1.029397 1.470603 0.672221
vertex 1.023097 1.465433 0.672221
endloop
endfacet
facet normal 0.491300 -0.598714 -0.632586
outer loop
vertex 1.025000 1.475000 0.664645
vertex 1.023097 1.465433 0.672221
vertex 1.019642 1.470603 0.664645
endloop
endfacet
facet normal 0.491360 -0.598770 0.632486
outer loop
vertex 1.029397 1.470603 0.727778
vertex 1.025000 1.475000 0.735356
vertex 1.019642 1.470603 0.735356
endloop
endfacet
facet normal 0.491361 -0.598755 0.632500
outer loop
vertex 1.029397 1.470603 0.727778
vertex 1.019642 1.470603 0.735356
vertex 1.023097 1.465433 0.727778
endloop
endfacet
facet normal 0.403607 -0.491807 -0.771510
outer loop
vertex 1.019642 1.480357 0.658427
vertex 1.025000 1.475000 0.664645
vertex 1.019642 1.470603 0.664645
endloop
endfacet
facet normal 0.403599 -0.491810 -0.771512
outer loop
vertex 1.019642 1.480357 0.658427
vertex 1.019642 1.470603 0.664645
vertex 1.015433 1.476903 0.658427
endloop
endfacet
facet normal 0.560059 -0.682459 0.469663
outer loop
vertex 1.032664 1.467336 0.719134
vertex 1.029397 1.470603 0.727778
vertex 1.023097 1.465433 0.727778
endloop
endfacet
facet normal 0.560076 -0.682463 0.469637
outer loop
vertex 1.032664 1.467336 0.719134
vertex 1.023097 1.465433 0.727778
vertex 1.025664 1.461591 0.719134
endloop
endfacet
facet normal 0.300177 -0.365800 -0.880957
outer loop
vertex 1.013530 1.486470 0.653806
vertex 1.019642 1.480357 0.658427
vertex 1.015433 1.476903 0.658427
endloop
endfacet
facet normal 0.300096 -0.365841 -0.880967
outer loop
vertex 1.013530 1.486470 0.653806
vertex 1.015433 1.476903 0.658427
vertex 1.010630 1.484091 0.653806
endloop
endfacet
facet normal 0.607328 -0.740021 0.289001
outer loop
vertex 1.034676 1.465324 0.709754
vertex 1.032664 1.467336 0.719134
vertex 1.025664 1.461591 0.719134
endloop
endfacet
facet normal 0.607299 -0.740063 0.288954
outer loop
vertex 1.034676 1.465324 0.709754
vertex 1.025664 1.461591 0.719134
vertex 1.027245 1.459226 0.709754
endloop
endfacet
facet normal 0.184971 -0.225464 -0.956531
outer loop
vertex 1.006898 1.493103 0.650960
vertex 1.013530 1.486470 0.653806
vertex 1.010630 1.484091 0.653806
endloop
endfacet
facet normal 0.184940 -0.225500 -0.956529
outer loop
vertex 1.006898 1.493103 0.650960
vertex 1.010630 1.484091 0.653806
vertex 1.005419 1.491890 0.650960
endloop
endfacet
facet normal 0.631326 -0.769355 0.097568
outer loop
vertex 1.035356 1.464645 0.700000
vertex 1.034676 1.465324 0.709754
vertex 1.027245 1.459226 0.709754
endloop
endfacet
facet normal 0.631315 -0.769367 0.097544
outer loop
vertex 1.035356 1.464645 0.700000
vertex 1.027245 1.459226 0.709754
vertex 1.027778 1.458427 0.700000
endloop
endfacet
facet normal 0.062446 -0.076173 0.995137
outer loop
vertex 1.006898 1.493103 0.749039
vertex 1.000000 1.500000 0.750000
vertex 1.005419 1.491890 0.749039
endloop
endfacet
facet normal 0.062401 -0.076090 -0.995146
outer loop
vertex 1.000000 1.500000 0.650000
vertex 1.006898 1.493103 0.650960
vertex 1.005419 1.491890 0.650960
endloop
endfacet
facet normal 0.631305 -0.769372 -0.097570
outer loop
vertex 1.034676 1.465324 0.690245
vertex 1.035356 1.464645 0.700000
vertex 1.027778 1.458427 0.700000
endloop
endfacet
facet normal 0.631342 -0.769348 -0.097521
outer loop
vertex 1.034676 1.465324 0.690245
vertex 1.027778 1.458427 0.700000
vertex 1.027245 1.459226 0.690245
endloop
endfacet
facet normal 0.416174 -0.778604 0.469655
outer loop
vertex 1.025664 1.461591 0.719134
vertex 1.023097 1.465433 0.727778
vertex 1.015909 1.461591 0.727778
endloop
endfacet
facet normal 0.416099 -0.778688 0.469582
outer loop
vertex 1.025664 1.461591 0.719134
vertex 1.015909 1.461591 0.727778
vertex 1.017677 1.457323 0.719134
endloop
endfacet
facet normal 0.223035 -0.417316 -0.880967
outer loop
vertex 1.010630 1.484091 0.653806
vertex 1.015433 1.476903 0.658427
vertex 1.010630 1.474336 0.658427
endloop
endfacet
facet normal 0.223176 -0.417317 -0.880931
outer loop
vertex 1.010630 1.484091 0.653806
vertex 1.010630 1.474336 0.658427
vertex 1.007322 1.482322 0.653806
endloop
endfacet
facet normal 0.451201 -0.844357 0.288926
outer loop
vertex 1.027245 1.459226 0.709754
vertex 1.025664 1.461591 0.719134
vertex 1.017677 1.457323 0.719134
endloop
endfacet
facet normal 0.451325 -0.844226 0.289118
outer loop
vertex 1.027245 1.459226 0.709754
vertex 1.017677 1.457323 0.719134
vertex 1.018766 1.454693 0.709754
endloop
endfacet
facet normal 0.137530 -0.257164 -0.956531
outer loop
vertex 1.005419 1.491890 0.650960
vertex 1.010630 1.484091 0.653806
vertex 1.007322 1.482322 0.653806
endloop
endfacet
facet normal 0.137552 -0.257162 -0.956529
outer loop
vertex 1.005419 1.491890 0.650960
vertex 1.007322 1.482322 0.653806
vertex 1.003733 1.490988 0.650960
endloop
endfacet
facet normal 0.469209 -0.877685 0.097529
outer loop
vertex 1.027778 1.458427 0.700000
vertex 1.027245 1.459226 0.709754
vertex 1.018766 1.454693 0.709754
endloop
endfacet
facet normal 0.469201 -0.877688 0.097539
outer loop
vertex 1.027778 1.458427 0.700000
vertex 1.018766 1.454693 0.709754
vertex 1.019134 1.453806 0.700000
endloop
endfacet
facet normal 0.046436 -0.086869 0.995137
outer loop
vertex 1.005419 1.491890 0.749039
vertex 1.000000 1.500000 0.750000
vertex 1.003733 1.490988 0.749039
endloop
endfacet
facet normal 0.046423 -0.086780 -0.995145
outer loop
vertex 1.000000 1.500000 0.650000
vertex 1.005419 1.491890 0.650960
vertex 1.003733 1.490988 0.650960
endloop
endfacet
facet normal 0.469196 -0.877691 -0.097538
outer loop
vertex 1.027245 1.459226 0.690245
vertex 1.027778 1.458427 0.700000
vertex 1.019134 1.453806 0.700000
endloop
endfacet
facet normal 0.469211 -0.877686 -0.097509
outer loop
vertex 1.027245 1.459226 0.690245
vertex 1.019134 1.453806 0.700000
vertex 1.018766 1.454693 0.690245
endloop
endfacet
facet normal 0.137491 -0.257101 0.956554
outer loop
vertex 1.010630 1.484091 0.746194
vertex 1.005419 1.491890 0.749039
vertex 1.003733 1.490988 0.749039
endloop
endfacet
facet normal 0.137481 -0.257064 0.956565
outer loop
vertex 1.010630 1.484091 0.746194
vertex 1.003733 1.490988 0.749039
vertex 1.007322 1.482322 0.746194
endloop
endfacet
facet normal 0.451343 -0.844263 -0.288981
outer loop
vertex 1.025664 1.461591 0.680866
vertex 1.027245 1.459226 0.690245
vertex 1.018766 1.454693 0.690245
endloop
endfacet
facet normal 0.451166 -0.844304 -0.289138
outer loop
vertex 1.025664 1.461591 0.680866
vertex 1.018766 1.454693 0.690245
vertex 1.017677 1.457323 0.680866
endloop
endfacet
facet normal 0.223152 -0.417259 0.880964
outer loop
vertex 1.015433 1.476903 0.741573
vertex 1.010630 1.484091 0.746194
vertex 1.007322 1.482322 0.746194
endloop
endfacet
facet normal 0.223040 -0.417342 0.880953
outer loop
vertex 1.015433 1.476903 0.741573
vertex 1.007322 1.482322 0.746194
vertex 1.010630 1.474336 0.741573
endloop
endfacet
facet normal 0.416109 -0.778662 -0.469617
outer loop
vertex 1.023097 1.465433 0.672221
vertex 1.025664 1.461591 0.680866
vertex 1.017677 1.457323 0.680866
endloop
endfacet
facet normal 0.416189 -0.778673 -0.469527
outer loop
vertex 1.023097 1.465433 0.672221
vertex 1.017677 1.457323 0.680866
vertex 1.015909 1.461591 0.672221
endloop
endfacet
facet normal 0.299851 -0.561091 0.771535
outer loop
vertex 1.019642 1.470603 0.735356
vertex 1.015433 1.476903 0.741573
vertex 1.010630 1.474336 0.741573
endloop
endfacet
facet normal 0.299861 -0.561016 0.771585
outer loop
vertex 1.019642 1.470603 0.735356
vertex 1.010630 1.474336 0.741573
vertex 1.013530 1.467336 0.735356
endloop
endfacet
facet normal 0.365085 -0.683013 -0.632619
outer loop
vertex 1.019642 1.470603 0.664645
vertex 1.023097 1.465433 0.672221
vertex 1.015909 1.461591 0.672221
endloop
endfacet
facet normal 0.365102 -0.683042 -0.632577
outer loop
vertex 1.019642 1.470603 0.664645
vertex 1.015909 1.461591 0.672221
vertex 1.013530 1.467336 0.664645
endloop
endfacet
facet normal 0.365136 -0.683065 0.632533
outer loop
vertex 1.023097 1.465433 0.727778
vertex 1.019642 1.470603 0.735356
vertex 1.013530 1.467336 0.735356
endloop
endfacet
facet normal 0.365128 -0.683118 0.632481
outer loop
vertex 1.023097 1.465433 0.727778
vertex 1.013530 1.467336 0.735356
vertex 1.015909 1.461591 0.727778
endloop
endfacet
facet normal 0.299911 -0.561103 -0.771503
outer loop
vertex 1.015433 1.476903 0.658427
vertex 1.019642 1.470603 0.664645
vertex 1.013530 1.467336 0.664645
endloop
endfacet
facet normal 0.299863 -0.561093 -0.771529
outer loop
vertex 1.015433 1.476903 0.658427
vertex 1.013530 1.467336 0.664645
vertex 1.010630 1.474336 0.658427
endloop
endfacet
facet normal 0.277857 -0.916084 -0.289111
outer loop
vertex 1.017677 1.457323 0.680866
vertex 1.018766 1.454693 0.690245
vertex 1.009567 1.451903 0.690245
endloop
endfacet
facet normal 0.278042 -0.916068 -0.288982
outer loop
vertex 1.017677 1.457323 0.680866
vertex 1.009567 1.451903 0.690245
vertex 1.009012 1.454693 0.680866
endloop
endfacet
facet normal 0.137258 -0.452912 0.880926
outer loop
vertex 1.010630 1.474336 0.741573
vertex 1.007322 1.482322 0.746194
vertex 1.003733 1.481234 0.746194
endloop
endfacet
facet normal 0.137388 -0.452777 0.880975
outer loop
vertex 1.010630 1.474336 0.741573
vertex 1.003733 1.481234 0.746194
vertex 1.005419 1.472755 0.741573
endloop
endfacet
facet normal 0.256427 -0.844855 -0.469537
outer loop
vertex 1.015909 1.461591 0.672221
vertex 1.017677 1.457323 0.680866
vertex 1.009012 1.454693 0.680866
endloop
endfacet
facet normal 0.256195 -0.844828 -0.469713
outer loop
vertex 1.015909 1.461591 0.672221
vertex 1.009012 1.454693 0.680866
vertex 1.008110 1.459226 0.672221
endloop
endfacet
facet normal 0.184703 -0.608719 0.771587
outer loop
vertex 1.013530 1.467336 0.735356
vertex 1.010630 1.474336 0.741573
vertex 1.005419 1.472755 0.741573
endloop
endfacet
facet normal 0.184679 -0.608751 0.771567
outer loop
vertex 1.013530 1.467336 0.735356
vertex 1.005419 1.472755 0.741573
vertex 1.006898 1.465324 0.735356
endloop
endfacet
facet normal 0.224743 -0.741153 -0.632600
outer loop
vertex 1.013530 1.467336 0.664645
vertex 1.015909 1.461591 0.672221
vertex 1.008110 1.459226 0.672221
endloop
endfacet
facet normal 0.224854 -0.741166 -0.632545
outer loop
vertex 1.013530 1.467336 0.664645
vertex 1.008110 1.459226 0.672221
vertex 1.006898 1.465324 0.664645
endloop
endfacet
facet normal 0.224854 -0.741202 0.632503
outer loop
vertex 1.015909 1.461591 0.727778
vertex 1.013530 1.467336 0.735356
vertex 1.006898 1.465324 0.735356
endloop
endfacet
facet normal 0.224791 -0.741271 0.632444
outer loop
vertex 1.015909 1.461591 0.727778
vertex 1.006898 1.465324 0.735356
vertex 1.008110 1.459226 0.727778
endloop
endfacet
facet normal 0.184704 -0.608779 -0.771539
outer loop
vertex 1.010630 1.474336 0.658427
vertex 1.013530 1.467336 0.664645
vertex 1.006898 1.465324 0.664645
endloop
endfacet
facet normal 0.184698 -0.608812 -0.771514
outer loop
vertex 1.010630 1.474336 0.658427
vertex 1.006898 1.465324 0.664645
vertex 1.005419 1.472755 0.658427
endloop
endfacet
facet normal 0.256213 -0.844911 0.469553
outer loop
vertex 1.017677 1.457323 0.719134
vertex 1.015909 1.461591 0.727778
vertex 1.008110 1.459226 0.727778
endloop
endfacet
facet normal 0.256399 -0.844743 0.469754
outer loop
vertex 1.017677 1.457323 0.719134
vertex 1.008110 1.459226 0.727778
vertex 1.009012 1.454693 0.719134
endloop
endfacet
facet normal 0.137399 -0.452844 -0.880939
outer loop
vertex 1.007322 1.482322 0.653806
vertex 1.010630 1.474336 0.658427
vertex 1.005419 1.472755 0.658427
endloop
endfacet
facet normal 0.137258 -0.452840 -0.880963
outer loop
vertex 1.007322 1.482322 0.653806
vertex 1.005419 1.472755 0.658427
vertex 1.003733 1.481234 0.653806
endloop
endfacet
facet normal 0.278033 -0.916031 0.289110
outer loop
vertex 1.018766 1.454693 0.709754
vertex 1.017677 1.457323 0.719134
vertex 1.009012 1.454693 0.719134
endloop
endfacet
facet normal 0.277867 -0.916139 0.288929
outer loop
vertex 1.018766 1.454693 0.709754
vertex 1.009012 1.454693 0.719134
vertex 1.009567 1.451903 0.709754
endloop
endfacet
facet normal 0.084587 -0.279096 -0.956530
outer loop
vertex 1.003733 1.490988 0.650960
vertex 1.007322 1.482322 0.653806
vertex 1.003733 1.481234 0.653806
endloop
endfacet
facet normal 0.084650 -0.279080 -0.956529
outer loop
vertex 1.003733 1.490988 0.650960
vertex 1.003733 1.481234 0.653806
vertex 1.001903 1.490433 0.650960
endloop
endfacet
facet normal 0.288868 -0.952386 0.097550
outer loop
vertex 1.019134 1.453806 0.700000
vertex 1.018766 1.454693 0.709754
vertex 1.009567 1.451903 0.709754
endloop
endfacet
facet normal 0.288955 -0.952355 0.097598
outer loop
vertex 1.019134 1.453806 0.700000
vertex 1.009567 1.451903 0.709754
vertex 1.009754 1.450960 0.700000
endloop
endfacet
facet normal 0.028559 -0.094266 0.995137
outer loop
vertex 1.003733 1.490988 0.749039
vertex 1.000000 1.500000 0.750000
vertex 1.001903 1.490433 0.749039
endloop
endfacet
facet normal 0.028541 -0.094180 -0.995146
outer loop
vertex 1.000000 1.500000 0.650000
vertex 1.003733 1.490988 0.650960
vertex 1.001903 1.490433 0.650960
endloop
endfacet
facet normal 0.288956 -0.952363 -0.097514
outer loop
vertex 1.018766 1.454693 0.690245
vertex 1.019134 1.453806 0.700000
vertex 1.009754 1.450960 0.700000
endloop
endfacet
facet normal 0.288860 -0.952382 -0.097614
outer loop
vertex 1.018766 1.454693 0.690245
vertex 1.009754 1.450960 0.700000
vertex 1.009567 1.451903 0.690245
endloop
endfacet
facet normal 0.084628 -0.279005 0.956553
outer loop
vertex 1.007322 1.482322 0.746194
vertex 1.003733 1.490988 0.749039
vertex 1.001903 1.490433 0.749039
endloop
endfacet
facet normal 0.084587 -0.279018 0.956553
outer loop
vertex 1.007322 1.482322 0.746194
vertex 1.001903 1.490433 0.749039
vertex 1.003733 1.481234 0.746194
endloop
endfacet
facet normal 0.046395 -0.470888 -0.880972
outer loop
vertex 1.003733 1.481234 0.653806
vertex 1.005419 1.472755 0.658427
vertex 1.000000 1.472221 0.658427
endloop
endfacet
facet normal 0.046449 -0.470901 -0.880962
outer loop
vertex 1.003733 1.481234 0.653806
vertex 1.000000 1.472221 0.658427
vertex 1.000000 1.480866 0.653806
endloop
endfacet
facet normal 0.093791 -0.952738 0.288952
outer loop
vertex 1.009567 1.451903 0.709754
vertex 1.009012 1.454693 0.719134
vertex 1.000000 1.453806 0.719134
endloop
endfacet
facet normal 0.093913 -0.952705 0.289021
outer loop
vertex 1.009567 1.451903 0.709754
vertex 1.000000 1.453806 0.719134
vertex 1.000000 1.450960 0.709754
endloop
endfacet
facet normal 0.028622 -0.290247 -0.956524
outer loop
vertex 1.001903 1.490433 0.650960
vertex 1.003733 1.481234 0.653806
vertex 1.000000 1.480866 0.653806
endloop
endfacet
facet normal 0.028698 -0.290250 -0.956520
outer loop
vertex 1.001903 1.490433 0.650960
vertex 1.000000 1.480866 0.653806
vertex 1.000000 1.490245 0.650960
endloop
endfacet
facet normal 0.097631 -0.990421 0.097642
outer loop
vertex 1.009754 1.450960 0.700000
vertex 1.009567 1.451903 0.709754
vertex 1.000000 1.450960 0.709754
endloop
endfacet
facet normal 0.097469 -0.990453 0.097479
outer loop
vertex 1.009754 1.450960 0.700000
vertex 1.000000 1.450960 0.709754
vertex 1.000000 1.450000 0.700000
endloop
endfacet
facet normal 0.009685 -0.098030 0.995136
outer loop
vertex 1.001903 1.490433 0.749039
vertex 1.000000 1.500000 0.750000
vertex 1.000000 1.490245 0.749039
endloop
endfacet
facet normal 0.009702 -0.097931 -0.995146
outer loop
vertex 1.000000 1.500000 0.650000
vertex 1.001903 1.490433 0.650960
vertex 1.000000 1.490245 0.650960
endloop
endfacet
facet normal 0.097468 -0.990439 -0.097623
outer loop
vertex 1.009567 1.451903 0.690245
vertex 1.009754 1.450960 0.700000
vertex 1.000000 1.450000 0.700000
endloop
endfacet
facet normal 0.097634 -0.990437 -0.097474
outer loop
vertex 1.009567 1.451903 0.690245
vertex 1.000000 1.450000 0.700000
vertex 1.000000 1.450960 0.690245
endloop
endfacet
facet normal 0.028648 -0.290131 0.956558
outer loop
vertex 1.003733 1.481234 0.746194
vertex 1.001903 1.490433 0.749039
vertex 1.000000 1.490245 0.749039
endloop
endfacet
facet normal 0.028626 -0.290168 0.956548
outer loop
vertex 1.003733 1.481234 0.746194
vertex 1.000000 1.490245 0.749039
vertex 1.000000 1.480866 0.746194
endloop
endfacet
facet normal 0.093913 -0.952723 -0.288963
outer loop
vertex 1.009012 1.454693 0.680866
vertex 1.009567 1.451903 0.690245
vertex 1.000000 1.450960 0.690245
endloop
endfacet
facet normal 0.093789 -0.952700 -0.289077
outer loop
vertex 1.009012 1.454693 0.680866
vertex 1.000000 1.450960 0.690245
vertex 1.000000 1.453806 0.680866
endloop
endfacet
facet normal 0.046428 -0.470891 0.880969
outer loop
vertex 1.005419 1.472755 0.741573
vertex 1.003733 1.481234 0.746194
vertex 1.000000 1.480866 0.746194
endloop
endfacet
facet normal 0.046411 -0.470889 0.880971
outer loop
vertex 1.005419 1.472755 0.741573
vertex 1.000000 1.480866 0.746194
vertex 1.000000 1.472221 0.741573
endloop
endfacet
facet normal 0.086491 -0.878581 -0.469696
outer loop
vertex 1.008110 1.459226 0.672221
vertex 1.009012 1.454693 0.680866
vertex 1.000000 1.453806 0.680866
endloop
endfacet
facet normal 0.086562 -0.878597 -0.469654
outer loop
vertex 1.008110 1.459226 0.672221
vertex 1.000000 1.453806 0.680866
vertex 1.000000 1.458427 0.672221
endloop
endfacet
facet normal 0.062380 -0.633073 0.771574
outer loop
vertex 1.006898 1.465324 0.735356
vertex 1.005419 1.472755 0.741573
vertex 1.000000 1.472221 0.741573
endloop
endfacet
facet normal 0.062314 -0.633136 0.771528
outer loop
vertex 1.006898 1.465324 0.735356
vertex 1.000000 1.472221 0.741573
vertex 1.000000 1.464645 0.735356
endloop
endfacet
facet normal 0.075951 -0.770793 -0.632542
outer loop
vertex 1.006898 1.465324 0.664645
vertex 1.008110 1.459226 0.672221
vertex 1.000000 1.458427 0.672221
endloop
endfacet
facet normal 0.075864 -0.770755 -0.632598
outer loop
vertex 1.006898 1.465324 0.664645
vertex 1.000000 1.458427 0.672221
vertex 1.000000 1.464645 0.664645
endloop
endfacet
facet normal 0.075873 -0.770878 0.632448
outer loop
vertex 1.008110 1.459226 0.727778
vertex 1.006898 1.465324 0.735356
vertex 1.000000 1.464645 0.735356
endloop
endfacet
facet normal 0.075951 -0.770838 0.632487
outer loop
vertex 1.008110 1.459226 0.727778
vertex 1.000000 1.464645 0.735356
vertex 1.000000 1.458427 0.727778
endloop
endfacet
facet normal 0.062324 -0.633175 -0.771496
outer loop
vertex 1.005419 1.472755 0.658427
vertex 1.006898 1.465324 0.664645
vertex 1.000000 1.464645 0.664645
endloop
endfacet
facet normal 0.062391 -0.633187 -0.771480
outer loop
vertex 1.005419 1.472755 0.658427
vertex 1.000000 1.464645 0.664645
vertex 1.000000 1.472221 0.658427
endloop
endfacet
facet normal 0.086559 -0.878542 0.469757
outer loop
vertex 1.009012 1.454693 0.719134
vertex 1.008110 1.459226 0.727778
vertex 1.000000 1.458427 0.727778
endloop
endfacet
facet normal 0.086489 -0.878584 0.469690
outer loop
vertex 1.009012 1.454693 0.719134
vertex 1.000000 1.458427 0.727778
vertex 1.000000 1.453806 0.719134
endloop
endfacet
facet normal -0.086494 -0.878607 -0.469647
outer loop
vertex 1.000000 1.458427 0.672221
vertex 1.000000 1.453806 0.680866
vertex 0.990988 1.454693 0.680866
endloop
endfacet
facet normal -0.086559 -0.878570 -0.469704
outer loop
vertex 1.000000 1.458427 0.672221
vertex 0.990988 1.454693 0.680866
vertex 0.991890 1.459226 0.672221
endloop
endfacet
facet normal -0.062385 -0.633125 0.771532
outer loop
vertex 1.000000 1.464645 0.735356
vertex 1.000000 1.472221 0.741573
vertex 0.994581 1.472755 0.741573
endloop
endfacet
facet normal -0.062320 -0.633110 0.771549
outer loop
vertex 1.000000 1.464645 0.735356
vertex 0.994581 1.472755 0.741573
vertex 0.993103 1.465324 0.735356
endloop
endfacet
facet normal -0.075943 -0.770754 -0.632590
outer loop
vertex 1.000000 1.464645 0.664645
vertex 1.000000 1.458427 0.672221
vertex 0.991890 1.459226 0.672221
endloop
endfacet
facet normal -0.075877 -0.770788 -0.632557
outer loop
vertex 1.000000 1.464645 0.664645
vertex 0.991890 1.459226 0.672221
vertex 0.993103 1.465324 0.664645
endloop
endfacet
facet normal -0.075879 -0.770839 0.632495
outer loop
vertex 1.000000 1.458427 0.727778
vertex 1.000000 1.464645 0.735356
vertex 0.993103 1.465324 0.735356
endloop
endfacet
facet normal -0.075953 -0.770865 0.632454
outer loop
vertex 1.000000 1.458427 0.727778
vertex 0.993103 1.465324 0.735356
vertex 0.991890 1.459226 0.727778
endloop
endfacet
facet normal -0.062336 -0.633198 -0.771476
outer loop
vertex 1.000000 1.472221 0.658427
vertex 1.000000 1.464645 0.664645
vertex 0.993103 1.465324 0.664645
endloop
endfacet
facet normal -0.062387 -0.633149 -0.771512
outer loop
vertex 1.000000 1.472221 0.658427
vertex 0.993103 1.465324 0.664645
vertex 0.994581 1.472755 0.658427
endloop
endfacet
facet normal -0.086563 -0.878580 0.469684
outer loop
vertex 1.000000 1.453806 0.719134
vertex 1.000000 1.458427 0.727778
vertex 0.991890 1.459226 0.727778
endloop
endfacet
facet normal -0.086486 -0.878552 0.469752
outer loop
vertex 1.000000 1.453806 0.719134
vertex 0.991890 1.459226 0.727778
vertex 0.990988 1.454693 0.719134
endloop
endfacet
facet normal -0.046397 -0.470903 -0.880964
outer loop
vertex 1.000000 1.480866 0.653806
vertex 1.000000 1.472221 0.658427
vertex 0.994581 1.472755 0.658427
endloop
endfacet
facet normal -0.046448 -0.470890 -0.880968
outer loop
vertex 1.000000 1.480866 0.653806
vertex 0.994581 1.472755 0.658427
vertex 0.996267 1.481234 0.653806
endloop
endfacet
facet normal -0.093786 -0.952710 0.289048
outer loop
vertex 1.000000 1.450960 0.709754
vertex 1.000000 1.453806 0.719134
vertex 0.990988 1.454693 0.719134
endloop
endfacet
facet normal -0.093916 -0.952731 0.288934
outer loop
vertex 1.000000 1.450960 0.709754
vertex 0.990988 1.454693 0.719134
vertex 0.990433 1.451903 0.709754
endloop
endfacet
facet normal -0.028623 -0.290254 -0.956521
outer loop
vertex 1.000000 1.490245 0.650960
vertex 1.000000 1.480866 0.653806
vertex 0.996267 1.481234 0.653806
endloop
endfacet
facet normal -0.028695 -0.290222 -0.956529
outer loop
vertex 1.000000 1.490245 0.650960
vertex 0.996267 1.481234 0.653806
vertex 0.998097 1.490433 0.650960
endloop
endfacet
facet normal -0.097631 -0.990437 0.097484
outer loop
vertex 1.000000 1.450000 0.700000
vertex 1.000000 1.450960 0.709754
vertex 0.990433 1.451903 0.709754
endloop
endfacet
facet normal -0.097458 -0.990438 0.097645
outer loop
vertex 1.000000 1.450000 0.700000
vertex 0.990433 1.451903 0.709754
vertex 0.990245 1.450960 0.700000
endloop
endfacet
facet normal -0.009686 -0.098035 0.995136
outer loop
vertex 1.000000 1.490245 0.749039
vertex 1.000000 1.500000 0.750000
vertex 0.998097 1.490433 0.749039
endloop
endfacet
facet normal -0.009703 -0.097936 -0.995145
outer loop
vertex 1.000000 1.500000 0.650000
vertex 1.000000 1.490245 0.650960
vertex 0.998097 1.490433 0.650960
endloop
endfacet
facet normal -0.097459 -0.990456 -0.097458
outer loop
vertex 1.000000 1.450960 0.690245
vertex 1.000000 1.450000 0.700000
vertex 0.990245 1.450960 0.700000
endloop
endfacet
facet normal -0.097631 -0.990420 -0.097653
outer loop
vertex 1.000000 1.450960 0.690245
vertex 0.990245 1.450960 0.700000
vertex 0.990433 1.451903 0.690245
endloop
endfacet
facet normal -0.028701 -0.290166 0.956546
outer loop
vertex 1.000000 1.480866 0.746194
vertex 1.000000 1.490245 0.749039
vertex 0.998097 1.490433 0.749039
endloop
endfacet
facet normal -0.028598 -0.290143 0.956556
outer loop
vertex 1.000000 1.480866 0.746194
vertex 0.998097 1.490433 0.749039
vertex 0.996267 1.481234 0.746194
endloop
endfacet
facet normal -0.093910 -0.952696 -0.289054
outer loop
vertex 1.000000 1.453806 0.680866
vertex 1.000000 1.450960 0.690245
vertex 0.990433 1.451903 0.690245
endloop
endfacet
facet normal -0.093789 -0.952729 -0.288984
outer loop
vertex 1.000000 1.453806 0.680866
vertex 0.990433 1.451903 0.690245
vertex 0.990988 1.454693 0.680866
endloop
endfacet
facet normal -0.046429 -0.470882 0.880974
outer loop
vertex 1.000000 1.472221 0.741573
vertex 1.000000 1.480866 0.746194
vertex 0.996267 1.481234 0.746194
endloop
endfacet
facet normal -0.046410 -0.470895 0.880967
outer loop
vertex 1.000000 1.472221 0.741573
vertex 0.996267 1.481234 0.746194
vertex 0.994581 1.472755 0.741573
endloop
endfacet
facet normal -0.084569 -0.279100 -0.956531
outer loop
vertex 0.998097 1.490433 0.650960
vertex 0.996267 1.481234 0.653806
vertex 0.992677 1.482322 0.653806
endloop
endfacet
facet normal -0.084635 -0.279057 -0.956538
outer loop
vertex 0.998097 1.490433 0.650960
vertex 0.992677 1.482322 0.653806
vertex 0.996267 1.490988 0.650960
endloop
endfacet
facet normal -0.288855 -0.952378 0.097666
outer loop
vertex 0.990245 1.450960 0.700000
vertex 0.990433 1.451903 0.709754
vertex 0.981234 1.454693 0.709754
endloop
endfacet
facet normal -0.288996 -0.952350 0.097523
outer loop
vertex 0.990245 1.450960 0.700000
vertex 0.981234 1.454693 0.709754
vertex 0.980866 1.453806 0.700000
endloop
endfacet
facet normal -0.028557 -0.094257 0.995138
outer loop
vertex 0.998097 1.490433 0.749039
vertex 1.000000 1.500000 0.750000
vertex 0.996267 1.490988 0.749039
endloop
endfacet
facet normal -0.028538 -0.094170 -0.995147
outer loop
vertex 1.000000 1.500000 0.650000
vertex 0.998097 1.490433 0.650960
vertex 0.996267 1.490988 0.650960
endloop
endfacet
facet normal -0.288980 -0.952345 -0.097619
outer loop
vertex 0.990433 1.451903 0.690245
vertex 0.990245 1.450960 0.700000
vertex 0.980866 1.453806 0.700000
endloop
endfacet
facet normal -0.288868 -0.952387 -0.097546
outer loop
vertex 0.990433 1.451903 0.690245
vertex 0.980866 1.453806 0.700000
vertex 0.981234 1.454693 0.690245
endloop
endfacet
facet normal -0.084625 -0.279021 0.956549
outer loop
vertex 0.996267 1.481234 0.746194
vertex 0.998097 1.490433 0.749039
vertex 0.996267 1.490988 0.749039
endloop
endfacet
facet normal -0.084564 -0.278993 0.956562
outer loop
vertex 0.996267 1.481234 0.746194
vertex 0.996267 1.490988 0.749039
vertex 0.992677 1.482322 0.746194
endloop
endfacet
facet normal -0.277870 -0.916126 -0.288966
outer loop
vertex 0.990988 1.454693 0.680866
vertex 0.990433 1.451903 0.690245
vertex 0.981234 1.454693 0.690245
endloop
endfacet
facet normal -0.278002 -0.916040 -0.289112
outer loop
vertex 0.990988 1.454693 0.680866
vertex 0.981234 1.454693 0.690245
vertex 0.982322 1.457323 0.680866
endloop
endfacet
facet normal -0.137230 -0.452839 0.880968
outer loop
vertex 0.994581 1.472755 0.741573
vertex 0.996267 1.481234 0.746194
vertex 0.992677 1.482322 0.746194
endloop
endfacet
facet normal -0.137357 -0.452837 0.880949
outer loop
vertex 0.994581 1.472755 0.741573
vertex 0.992677 1.482322 0.746194
vertex 0.989369 1.474336 0.741573
endloop
endfacet
facet normal -0.256373 -0.844772 -0.469717
outer loop
vertex 0.991890 1.459226 0.672221
vertex 0.990988 1.454693 0.680866
vertex 0.982322 1.457323 0.680866
endloop
endfacet
facet normal -0.256221 -0.844911 -0.469549
outer loop
vertex 0.991890 1.459226 0.672221
vertex 0.982322 1.457323 0.680866
vertex 0.984091 1.461591 0.672221
endloop
endfacet
facet normal -0.184679 -0.608783 0.771542
outer loop
vertex 0.993103 1.465324 0.735356
vertex 0.994581 1.472755 0.741573
vertex 0.989369 1.474336 0.741573
endloop
endfacet
facet normal -0.184658 -0.608764 0.771562
outer loop
vertex 0.993103 1.465324 0.735356
vertex 0.989369 1.474336 0.741573
vertex 0.986470 1.467336 0.735356
endloop
endfacet
facet normal -0.224754 -0.741180 -0.632564
outer loop
vertex 0.993103 1.465324 0.664645
vertex 0.991890 1.459226 0.672221
vertex 0.984091 1.461591 0.672221
endloop
endfacet
facet normal -0.224806 -0.741132 -0.632602
outer loop
vertex 0.993103 1.465324 0.664645
vertex 0.984091 1.461591 0.672221
vertex 0.986470 1.467336 0.664645
endloop
endfacet
facet normal -0.224849 -0.741250 0.632449
outer loop
vertex 0.991890 1.459226 0.727778
vertex 0.993103 1.465324 0.735356
vertex 0.986470 1.467336 0.735356
endloop
endfacet
facet normal -0.224769 -0.741224 0.632507
outer loop
vertex 0.991890 1.459226 0.727778
vertex 0.986470 1.467336 0.735356
vertex 0.984091 1.461591 0.727778
endloop
endfacet
facet normal -0.184675 -0.608836 -0.771501
outer loop
vertex 0.994581 1.472755 0.658427
vertex 0.993103 1.465324 0.664645
vertex 0.986470 1.467336 0.664645
endloop
endfacet
facet normal -0.184684 -0.608830 -0.771504
outer loop
vertex 0.994581 1.472755 0.658427
vertex 0.986470 1.467336 0.664645
vertex 0.989369 1.474336 0.658427
endloop
endfacet
facet normal -0.256185 -0.844809 0.469753
outer loop
vertex 0.990988 1.454693 0.719134
vertex 0.991890 1.459226 0.727778
vertex 0.984091 1.461591 0.727778
endloop
endfacet
facet normal -0.256393 -0.844827 0.469606
outer loop
vertex 0.990988 1.454693 0.719134
vertex 0.984091 1.461591 0.727778
vertex 0.982322 1.457323 0.719134
endloop
endfacet
facet normal -0.137352 -0.452795 -0.880972
outer loop
vertex 0.996267 1.481234 0.653806
vertex 0.994581 1.472755 0.658427
vertex 0.989369 1.474336 0.658427
endloop
endfacet
facet normal -0.137250 -0.452941 -0.880913
outer loop
vertex 0.996267 1.481234 0.653806
vertex 0.989369 1.474336 0.658427
vertex 0.992677 1.482322 0.653806
endloop
endfacet
facet normal -0.278016 -0.916088 0.288947
outer loop
vertex 0.990433 1.451903 0.709754
vertex 0.990988 1.454693 0.719134
vertex 0.982322 1.457323 0.719134
endloop
endfacet
facet normal -0.277858 -0.916100 0.289059
outer loop
vertex 0.990433 1.451903 0.709754
vertex 0.982322 1.457323 0.719134
vertex 0.981234 1.454693 0.709754
endloop
endfacet
facet normal -0.299891 -0.561042 0.771555
outer loop
vertex 0.986470 1.467336 0.735356
vertex 0.989369 1.474336 0.741573
vertex 0.984567 1.476903 0.741573
endloop
endfacet
facet normal -0.299850 -0.561038 0.771574
outer loop
vertex 0.986470 1.467336 0.735356
vertex 0.984567 1.476903 0.741573
vertex 0.980357 1.470603 0.735356
endloop
endfacet
facet normal -0.365090 -0.683034 -0.632593
outer loop
vertex 0.986470 1.467336 0.664645
vertex 0.984091 1.461591 0.672221
vertex 0.976903 1.465433 0.672221
endloop
endfacet
facet normal -0.365058 -0.683055 -0.632589
outer loop
vertex 0.986470 1.467336 0.664645
vertex 0.976903 1.465433 0.672221
vertex 0.980357 1.470603 0.664645
endloop
endfacet
facet normal -0.365089 -0.683114 0.632507
outer loop
vertex 0.984091 1.461591 0.727778
vertex 0.986470 1.467336 0.735356
vertex 0.980357 1.470603 0.735356
endloop
endfacet
facet normal -0.365130 -0.683120 0.632477
outer loop
vertex 0.984091 1.461591 0.727778
vertex 0.980357 1.470603 0.735356
vertex 0.976903 1.465433 0.727778
endloop
endfacet
facet normal -0.299887 -0.561100 -0.771514
outer loop
vertex 0.989369 1.474336 0.658427
vertex 0.986470 1.467336 0.664645
vertex 0.980357 1.470603 0.664645
endloop
endfacet
facet normal -0.299924 -0.561085 -0.771511
outer loop
vertex 0.989369 1.474336 0.658427
vertex 0.980357 1.470603 0.664645
vertex 0.984567 1.476903 0.658427
endloop
endfacet
facet normal -0.416170 -0.778632 0.469611
outer loop
vertex 0.982322 1.457323 0.719134
vertex 0.984091 1.461591 0.727778
vertex 0.976903 1.465433 0.727778
endloop
endfacet
facet normal -0.416126 -0.778624 0.469664
outer loop
vertex 0.982322 1.457323 0.719134
vertex 0.976903 1.465433 0.727778
vertex 0.974336 1.461591 0.719134
endloop
endfacet
facet normal -0.223100 -0.417333 -0.880943
outer loop
vertex 0.992677 1.482322 0.653806
vertex 0.989369 1.474336 0.658427
vertex 0.984567 1.476903 0.658427
endloop
endfacet
facet normal -0.223139 -0.417270 -0.880962
outer loop
vertex 0.992677 1.482322 0.653806
vertex 0.984567 1.476903 0.658427
vertex 0.989369 1.484091 0.653806
endloop
endfacet
facet normal -0.451220 -0.844308 0.289043
outer loop
vertex 0.981234 1.454693 0.709754
vertex 0.982322 1.457323 0.719134
vertex 0.974336 1.461591 0.719134
endloop
endfacet
facet normal -0.451353 -0.844263 0.288964
outer loop
vertex 0.981234 1.454693 0.709754
vertex 0.974336 1.461591 0.719134
vertex 0.972755 1.459226 0.709754
endloop
endfacet
facet normal -0.137523 -0.257163 -0.956533
outer loop
vertex 0.996267 1.490988 0.650960
vertex 0.992677 1.482322 0.653806
vertex 0.989369 1.484091 0.653806
endloop
endfacet
facet normal -0.137546 -0.257150 -0.956533
outer loop
vertex 0.996267 1.490988 0.650960
vertex 0.989369 1.484091 0.653806
vertex 0.994581 1.491890 0.650960
endloop
endfacet
facet normal -0.469218 -0.877682 0.097511
outer loop
vertex 0.980866 1.453806 0.700000
vertex 0.981234 1.454693 0.709754
vertex 0.972755 1.459226 0.709754
endloop
endfacet
facet normal -0.469158 -0.877704 0.097601
outer loop
vertex 0.980866 1.453806 0.700000
vertex 0.972755 1.459226 0.709754
vertex 0.972221 1.458427 0.700000
endloop
endfacet
facet normal -0.046436 -0.086869 0.995137
outer loop
vertex 0.996267 1.490988 0.749039
vertex 1.000000 1.500000 0.750000
vertex 0.994581 1.491890 0.749039
endloop
endfacet
facet normal -0.046427 -0.086786 -0.995145
outer loop
vertex 1.000000 1.500000 0.650000
vertex 0.996267 1.490988 0.650960
vertex 0.994581 1.491890 0.650960
endloop
endfacet
facet normal -0.469157 -0.877713 -0.097530
outer loop
vertex 0.981234 1.454693 0.690245
vertex 0.980866 1.453806 0.700000
vertex 0.972221 1.458427 0.700000
endloop
endfacet
facet normal -0.469224 -0.877673 -0.097563
outer loop
vertex 0.981234 1.454693 0.690245
vertex 0.972221 1.458427 0.700000
vertex 0.972755 1.459226 0.690245
endloop
endfacet
facet normal -0.137533 -0.257087 0.956552
outer loop
vertex 0.992677 1.482322 0.746194
vertex 0.996267 1.490988 0.749039
vertex 0.994581 1.491890 0.749039
endloop
endfacet
facet normal -0.137452 -0.257083 0.956565
outer loop
vertex 0.992677 1.482322 0.746194
vertex 0.994581 1.491890 0.749039
vertex 0.989369 1.484091 0.746194
endloop
endfacet
facet normal -0.451325 -0.844229 -0.289108
outer loop
vertex 0.982322 1.457323 0.680866
vertex 0.981234 1.454693 0.690245
vertex 0.972755 1.459226 0.690245
endloop
endfacet
facet normal -0.451235 -0.844329 -0.288956
outer loop
vertex 0.982322 1.457323 0.680866
vertex 0.972755 1.459226 0.690245
vertex 0.974336 1.461591 0.680866
endloop
endfacet
facet normal -0.223172 -0.417296 0.880942
outer loop
vertex 0.989369 1.474336 0.741573
vertex 0.992677 1.482322 0.746194
vertex 0.989369 1.484091 0.746194
endloop
endfacet
facet normal -0.223073 -0.417315 0.880958
outer loop
vertex 0.989369 1.474336 0.741573
vertex 0.989369 1.484091 0.746194
vertex 0.984567 1.476903 0.741573
endloop
endfacet
facet normal -0.416139 -0.778676 -0.469567
outer loop
vertex 0.984091 1.461591 0.672221
vertex 0.982322 1.457323 0.680866
vertex 0.974336 1.461591 0.680866
endloop
endfacet
facet normal -0.416187 -0.778622 -0.469612
outer loop
vertex 0.984091 1.461591 0.672221
vertex 0.974336 1.461591 0.680866
vertex 0.976903 1.465433 0.672221
endloop
endfacet
facet normal -0.631329 -0.769350 0.097590
outer loop
vertex 0.972221 1.458427 0.700000
vertex 0.972755 1.459226 0.709754
vertex 0.965324 1.465324 0.709754
endloop
endfacet
facet normal -0.631406 -0.769297 0.097512
outer loop
vertex 0.972221 1.458427 0.700000
vertex 0.965324 1.465324 0.709754
vertex 0.964645 1.464645 0.700000
endloop
endfacet
facet normal -0.062465 -0.076146 0.995138
outer loop
vertex 0.994581 1.491890 0.749039
vertex 1.000000 1.500000 0.750000
vertex 0.993103 1.493103 0.749039
endloop
endfacet
facet normal -0.062423 -0.076067 -0.995147
outer loop
vertex 1.000000 1.500000 0.650000
vertex 0.994581 1.491890 0.650960
vertex 0.993103 1.493103 0.650960
endloop
endfacet
facet normal -0.631405 -0.769289 -0.097584
outer loop
vertex 0.972755 1.459226 0.690245
vertex 0.972221 1.458427 0.700000
vertex 0.964645 1.464645 0.700000
endloop
endfacet
facet normal -0.631330 -0.769361 -0.097495
outer loop
vertex 0.972755 1.459226 0.690245
vertex 0.964645 1.464645 0.700000
vertex 0.965324 1.465324 0.690245
endloop
endfacet
facet normal -0.184992 -0.225345 0.956555
outer loop
vertex 0.989369 1.484091 0.746194
vertex 0.994581 1.491890 0.749039
vertex 0.993103 1.493103 0.749039
endloop
endfacet
facet normal -0.184917 -0.225350 0.956568
outer loop
vertex 0.989369 1.484091 0.746194
vertex 0.993103 1.493103 0.749039
vertex 0.986470 1.486470 0.746194
endloop
endfacet
facet normal -0.607302 -0.740056 -0.288965
outer loop
vertex 0.974336 1.461591 0.680866
vertex 0.972755 1.459226 0.690245
vertex 0.965324 1.465324 0.690245
endloop
endfacet
facet normal -0.607321 -0.740017 -0.289027
outer loop
vertex 0.974336 1.461591 0.680866
vertex 0.965324 1.465324 0.690245
vertex 0.967336 1.467336 0.680866
endloop
endfacet
facet normal -0.300181 -0.365799 0.880955
outer loop
vertex 0.984567 1.476903 0.741573
vertex 0.989369 1.484091 0.746194
vertex 0.986470 1.486470 0.746194
endloop
endfacet
facet normal -0.300133 -0.365824 0.880961
outer loop
vertex 0.984567 1.476903 0.741573
vertex 0.986470 1.486470 0.746194
vertex 0.980357 1.480357 0.741573
endloop
endfacet
facet normal -0.560092 -0.682483 -0.469588
outer loop
vertex 0.976903 1.465433 0.672221
vertex 0.974336 1.461591 0.680866
vertex 0.967336 1.467336 0.680866
endloop
endfacet
facet normal -0.560060 -0.682489 -0.469619
outer loop
vertex 0.976903 1.465433 0.672221
vertex 0.967336 1.467336 0.680866
vertex 0.970603 1.470603 0.672221
endloop
endfacet
facet normal -0.403483 -0.491792 0.771584
outer loop
vertex 0.980357 1.470603 0.735356
vertex 0.984567 1.476903 0.741573
vertex 0.980357 1.480357 0.741573
endloop
endfacet
facet normal -0.403642 -0.491746 0.771530
outer loop
vertex 0.980357 1.470603 0.735356
vertex 0.980357 1.480357 0.741573
vertex 0.975000 1.475000 0.735356
endloop
endfacet
facet normal -0.491322 -0.598720 -0.632564
outer loop
vertex 0.980357 1.470603 0.664645
vertex 0.976903 1.465433 0.672221
vertex 0.970603 1.470603 0.672221
endloop
endfacet
facet normal -0.491367 -0.598636 -0.632609
outer loop
vertex 0.980357 1.470603 0.664645
vertex 0.970603 1.470603 0.672221
vertex 0.975000 1.475000 0.664645
endloop
endfacet
facet normal -0.491447 -0.598726 0.632461
outer loop
vertex 0.976903 1.465433 0.727778
vertex 0.980357 1.470603 0.735356
vertex 0.975000 1.475000 0.735356
endloop
endfacet
facet normal -0.491358 -0.598763 0.632496
outer loop
vertex 0.976903 1.465433 0.727778
vertex 0.975000 1.475000 0.735356
vertex 0.970603 1.470603 0.727778
endloop
endfacet
facet normal -0.403654 -0.491755 -0.771518
outer loop
vertex 0.984567 1.476903 0.658427
vertex 0.980357 1.470603 0.664645
vertex 0.975000 1.475000 0.664645
endloop
endfacet
facet normal -0.403544 -0.491883 -0.771494
outer loop
vertex 0.984567 1.476903 0.658427
vertex 0.975000 1.475000 0.664645
vertex 0.980357 1.480357 0.658427
endloop
endfacet
facet normal -0.560040 -0.682466 0.469675
outer loop
vertex 0.974336 1.461591 0.719134
vertex 0.976903 1.465433 0.727778
vertex 0.970603 1.470603 0.727778
endloop
endfacet
facet normal -0.560089 -0.682451 0.469638
outer loop
vertex 0.974336 1.461591 0.719134
vertex 0.970603 1.470603 0.727778
vertex 0.967336 1.467336 0.719134
endloop
endfacet
facet normal -0.300138 -0.365829 -0.880957
outer loop
vertex 0.989369 1.484091 0.653806
vertex 0.984567 1.476903 0.658427
vertex 0.980357 1.480357 0.658427
endloop
endfacet
facet normal -0.300141 -0.365799 -0.880969
outer loop
vertex 0.989369 1.484091 0.653806
vertex 0.980357 1.480357 0.658427
vertex 0.986470 1.486470 0.653806
endloop
endfacet
facet normal -0.607336 -0.740030 0.288963
outer loop
vertex 0.972755 1.459226 0.709754
vertex 0.974336 1.461591 0.719134
vertex 0.967336 1.467336 0.719134
endloop
endfacet
facet normal -0.607293 -0.740057 0.288982
outer loop
vertex 0.972755 1.459226 0.709754
vertex 0.967336 1.467336 0.719134
vertex 0.965324 1.465324 0.709754
endloop
endfacet
facet normal -0.184984 -0.225431 -0.956536
outer loop
vertex 0.994581 1.491890 0.650960
vertex 0.989369 1.484091 0.653806
vertex 0.986470 1.486470 0.653806
endloop
endfacet
facet normal -0.185009 -0.225409 -0.956537
outer loop
vertex 0.994581 1.491890 0.650960
vertex 0.986470 1.486470 0.653806
vertex 0.993103 1.493103 0.650960
endloop
endfacet
facet normal -0.598681 -0.491300 -0.632618
outer loop
vertex 0.975000 1.475000 0.664645
vertex 0.970603 1.470603 0.672221
vertex 0.965433 1.476903 0.672221
endloop
endfacet
facet normal -0.598654 -0.491381 -0.632580
outer loop
vertex 0.975000 1.475000 0.664645
vertex 0.965433 1.476903 0.672221
vertex 0.970603 1.480357 0.664645
endloop
endfacet
facet normal -0.598684 -0.491413 0.632527
outer loop
vertex 0.970603 1.470603 0.727778
vertex 0.975000 1.475000 0.735356
vertex 0.970603 1.480357 0.735356
endloop
endfacet
facet normal -0.598771 -0.491373 0.632476
outer loop
vertex 0.970603 1.470603 0.727778
vertex 0.970603 1.480357 0.735356
vertex 0.965433 1.476903 0.727778
endloop
endfacet
facet normal -0.491806 -0.403692 -0.771466
outer loop
vertex 0.980357 1.480357 0.658427
vertex 0.975000 1.475000 0.664645
vertex 0.970603 1.480357 0.664645
endloop
endfacet
facet normal -0.491840 -0.403526 -0.771531
outer loop
vertex 0.980357 1.480357 0.658427
vertex 0.970603 1.480357 0.664645
vertex 0.976903 1.484567 0.658427
endloop
endfacet
facet normal -0.682488 -0.560062 0.469617
outer loop
vertex 0.967336 1.467336 0.719134
vertex 0.970603 1.470603 0.727778
vertex 0.965433 1.476903 0.727778
endloop
endfacet
facet normal -0.682435 -0.560084 0.469667
outer loop
vertex 0.967336 1.467336 0.719134
vertex 0.965433 1.476903 0.727778
vertex 0.961591 1.474336 0.719134
endloop
endfacet
facet normal -0.365824 -0.300133 -0.880961
outer loop
vertex 0.986470 1.486470 0.653806
vertex 0.980357 1.480357 0.658427
vertex 0.976903 1.484567 0.658427
endloop
endfacet
facet normal -0.365807 -0.300194 -0.880948
outer loop
vertex 0.986470 1.486470 0.653806
vertex 0.976903 1.484567 0.658427
vertex 0.984091 1.489369 0.653806
endloop
endfacet
facet normal -0.740025 -0.607332 0.288982
outer loop
vertex 0.965324 1.465324 0.709754
vertex 0.967336 1.467336 0.719134
vertex 0.961591 1.474336 0.719134
endloop
endfacet
facet normal -0.740055 -0.607305 0.288964
outer loop
vertex 0.965324 1.465324 0.709754
vertex 0.961591 1.474336 0.719134
vertex 0.959226 1.472755 0.709754
endloop
endfacet
facet normal -0.225419 -0.184984 -0.956539
outer loop
vertex 0.993103 1.493103 0.650960
vertex 0.986470 1.486470 0.653806
vertex 0.984091 1.489369 0.653806
endloop
endfacet
facet normal -0.225431 -0.185027 -0.956528
outer loop
vertex 0.993103 1.493103 0.650960
vertex 0.984091 1.489369 0.653806
vertex 0.991890 1.494581 0.650960
endloop
endfacet
facet normal -0.769352 -0.631342 0.097490
outer loop
vertex 0.964645 1.464645 0.700000
vertex 0.965324 1.465324 0.709754
vertex 0.959226 1.472755 0.709754
endloop
endfacet
facet normal -0.769298 -0.631396 0.097574
outer loop
vertex 0.964645 1.464645 0.700000
vertex 0.959226 1.472755 0.709754
vertex 0.958427 1.472221 0.700000
endloop
endfacet
facet normal -0.076146 -0.062496 0.995136
outer loop
vertex 0.993103 1.493103 0.749039
vertex 1.000000 1.500000 0.750000
vertex 0.991890 1.494581 0.749039
endloop
endfacet
facet normal -0.076099 -0.062442 -0.995143
outer loop
vertex 1.000000 1.500000 0.650000
vertex 0.993103 1.493103 0.650960
vertex 0.991890 1.494581 0.650960
endloop
endfacet
facet normal -0.769298 -0.631411 -0.097470
outer loop
vertex 0.965324 1.465324 0.690245
vertex 0.964645 1.464645 0.700000
vertex 0.958427 1.472221 0.700000
endloop
endfacet
facet normal -0.769353 -0.631328 -0.097575
outer loop
vertex 0.965324 1.465324 0.690245
vertex 0.958427 1.472221 0.700000
vertex 0.959226 1.472755 0.690245
endloop
endfacet
facet normal -0.225355 -0.184951 0.956561
outer loop
vertex 0.986470 1.486470 0.746194
vertex 0.993103 1.493103 0.749039
vertex 0.991890 1.494581 0.749039
endloop
endfacet
facet normal -0.225349 -0.184938 0.956565
outer loop
vertex 0.986470 1.486470 0.746194
vertex 0.991890 1.494581 0.749039
vertex 0.984091 1.489369 0.746194
endloop
endfacet
facet normal -0.740044 -0.607284 -0.289036
outer loop
vertex 0.967336 1.467336 0.680866
vertex 0.965324 1.465324 0.690245
vertex 0.959226 1.472755 0.690245
endloop
endfacet
facet normal -0.740020 -0.607344 -0.288970
outer loop
vertex 0.967336 1.467336 0.680866
vertex 0.959226 1.472755 0.690245
vertex 0.961591 1.474336 0.680866
endloop
endfacet
facet normal -0.365763 -0.300153 0.880980
outer loop
vertex 0.980357 1.480357 0.741573
vertex 0.986470 1.486470 0.746194
vertex 0.984091 1.489369 0.746194
endloop
endfacet
facet normal -0.365846 -0.300152 0.880946
outer loop
vertex 0.980357 1.480357 0.741573
vertex 0.984091 1.489369 0.746194
vertex 0.976903 1.484567 0.741573
endloop
endfacet
facet normal -0.682475 -0.560084 -0.469611
outer loop
vertex 0.970603 1.470603 0.672221
vertex 0.967336 1.467336 0.680866
vertex 0.961591 1.474336 0.680866
endloop
endfacet
facet normal -0.682484 -0.560092 -0.469587
outer loop
vertex 0.970603 1.470603 0.672221
vertex 0.961591 1.474336 0.680866
vertex 0.965433 1.476903 0.672221
endloop
endfacet
facet normal -0.491847 -0.403541 0.771519
outer loop
vertex 0.975000 1.475000 0.735356
vertex 0.980357 1.480357 0.741573
vertex 0.976903 1.484567 0.741573
endloop
endfacet
facet normal -0.491705 -0.403608 0.771575
outer loop
vertex 0.975000 1.475000 0.735356
vertex 0.976903 1.484567 0.741573
vertex 0.970603 1.480357 0.735356
endloop
endfacet
facet normal -0.086881 -0.046467 0.995134
outer loop
vertex 0.991890 1.494581 0.749039
vertex 1.000000 1.500000 0.750000
vertex 0.990988 1.496267 0.749039
endloop
endfacet
facet normal -0.086758 -0.046419 -0.995147
outer loop
vertex 1.000000 1.500000 0.650000
vertex 0.991890 1.494581 0.650960
vertex 0.990988 1.496267 0.650960
endloop
endfacet
facet normal -0.877707 -0.469158 -0.097579
outer loop
vertex 0.959226 1.472755 0.690245
vertex 0.958427 1.472221 0.700000
vertex 0.953806 1.480866 0.700000
endloop
endfacet
facet normal -0.877676 -0.469232 -0.097501
outer loop
vertex 0.959226 1.472755 0.690245
vertex 0.953806 1.480866 0.700000
vertex 0.954693 1.481234 0.690245
endloop
endfacet
facet normal -0.257042 -0.137485 0.956570
outer loop
vertex 0.984091 1.489369 0.746194
vertex 0.991890 1.494581 0.749039
vertex 0.990988 1.496267 0.749039
endloop
endfacet
facet normal -0.257087 -0.137492 0.956557
outer loop
vertex 0.984091 1.489369 0.746194
vertex 0.990988 1.496267 0.749039
vertex 0.982322 1.492677 0.746194
endloop
endfacet
facet normal -0.844268 -0.451331 -0.288983
outer loop
vertex 0.961591 1.474336 0.680866
vertex 0.959226 1.472755 0.690245
vertex 0.954693 1.481234 0.690245
endloop
endfacet
facet normal -0.844292 -0.451231 -0.289071
outer loop
vertex 0.961591 1.474336 0.680866
vertex 0.954693 1.481234 0.690245
vertex 0.957323 1.482322 0.680866
endloop
endfacet
facet normal -0.417271 -0.223133 0.880963
outer loop
vertex 0.976903 1.484567 0.741573
vertex 0.984091 1.489369 0.746194
vertex 0.982322 1.492677 0.746194
endloop
endfacet
facet normal -0.417334 -0.223083 0.880946
outer loop
vertex 0.976903 1.484567 0.741573
vertex 0.982322 1.492677 0.746194
vertex 0.974336 1.489369 0.741573
endloop
endfacet
facet normal -0.778646 -0.416139 -0.469614
outer loop
vertex 0.965433 1.476903 0.672221
vertex 0.961591 1.474336 0.680866
vertex 0.957323 1.482322 0.680866
endloop
endfacet
facet normal -0.778651 -0.416174 -0.469576
outer loop
vertex 0.965433 1.476903 0.672221
vertex 0.957323 1.482322 0.680866
vertex 0.961591 1.484091 0.672221
endloop
endfacet
facet normal -0.561009 -0.299883 0.771583
outer loop
vertex 0.970603 1.480357 0.735356
vertex 0.976903 1.484567 0.741573
vertex 0.974336 1.489369 0.741573
endloop
endfacet
facet normal -0.561067 -0.299844 0.771555
outer loop
vertex 0.970603 1.480357 0.735356
vertex 0.974336 1.489369 0.741573
vertex 0.967336 1.486470 0.735356
endloop
endfacet
facet normal -0.683050 -0.365092 -0.632574
outer loop
vertex 0.970603 1.480357 0.664645
vertex 0.965433 1.476903 0.672221
vertex 0.961591 1.484091 0.672221
endloop
endfacet
facet normal -0.683056 -0.365046 -0.632594
outer loop
vertex 0.970603 1.480357 0.664645
vertex 0.961591 1.484091 0.672221
vertex 0.967336 1.486470 0.664645
endloop
endfacet
facet normal -0.683147 -0.365093 0.632469
outer loop
vertex 0.965433 1.476903 0.727778
vertex 0.970603 1.480357 0.735356
vertex 0.967336 1.486470 0.735356
endloop
endfacet
facet normal -0.683109 -0.365134 0.632487
outer loop
vertex 0.965433 1.476903 0.727778
vertex 0.967336 1.486470 0.735356
vertex 0.961591 1.484091 0.727778
endloop
endfacet
facet normal -0.561100 -0.299866 -0.771523
outer loop
vertex 0.976903 1.484567 0.658427
vertex 0.970603 1.480357 0.664645
vertex 0.967336 1.486470 0.664645
endloop
endfacet
facet normal -0.561086 -0.299930 -0.771508
outer loop
vertex 0.976903 1.484567 0.658427
vertex 0.967336 1.486470 0.664645
vertex 0.974336 1.489369 0.658427
endloop
endfacet
facet normal -0.778611 -0.416171 0.469645
outer loop
vertex 0.961591 1.474336 0.719134
vertex 0.965433 1.476903 0.727778
vertex 0.961591 1.484091 0.727778
endloop
endfacet
facet normal -0.778643 -0.416128 0.469630
outer loop
vertex 0.961591 1.474336 0.719134
vertex 0.961591 1.484091 0.727778
vertex 0.957323 1.482322 0.719134
endloop
endfacet
facet normal -0.417311 -0.223083 -0.880957
outer loop
vertex 0.984091 1.489369 0.653806
vertex 0.976903 1.484567 0.658427
vertex 0.974336 1.489369 0.658427
endloop
endfacet
facet normal -0.417310 -0.223146 -0.880942
outer loop
vertex 0.984091 1.489369 0.653806
vertex 0.974336 1.489369 0.658427
vertex 0.982322 1.492677 0.653806
endloop
endfacet
facet normal -0.844335 -0.451240 0.288930
outer loop
vertex 0.959226 1.472755 0.709754
vertex 0.961591 1.474336 0.719134
vertex 0.957323 1.482322 0.719134
endloop
endfacet
facet normal -0.844238 -0.451341 0.289057
outer loop
vertex 0.959226 1.472755 0.709754
vertex 0.957323 1.482322 0.719134
vertex 0.954693 1.481234 0.709754
endloop
endfacet
facet normal -0.257139 -0.137517 -0.956540
outer loop
vertex 0.991890 1.494581 0.650960
vertex 0.984091 1.489369 0.653806
vertex 0.982322 1.492677 0.653806
endloop
endfacet
facet normal -0.257150 -0.137546 -0.956533
outer loop
vertex 0.991890 1.494581 0.650960
vertex 0.982322 1.492677 0.653806
vertex 0.990988 1.496267 0.650960
endloop
endfacet
facet normal -0.877683 -0.469203 0.097579
outer loop
vertex 0.958427 1.472221 0.700000
vertex 0.959226 1.472755 0.709754
vertex 0.954693 1.481234 0.709754
endloop
endfacet
facet normal -0.877704 -0.469175 0.097525
outer loop
vertex 0.958427 1.472221 0.700000
vertex 0.954693 1.481234 0.709754
vertex 0.953806 1.480866 0.700000
endloop
endfacet
facet normal -0.741213 -0.224828 0.632500
outer loop
vertex 0.961591 1.484091 0.727778
vertex 0.967336 1.486470 0.735356
vertex 0.965324 1.493103 0.735356
endloop
endfacet
facet normal -0.741248 -0.224776 0.632477
outer loop
vertex 0.961591 1.484091 0.727778
vertex 0.965324 1.493103 0.735356
vertex 0.959226 1.491890 0.727778
endloop
endfacet
facet normal -0.608845 -0.184673 -0.771494
outer loop
vertex 0.974336 1.489369 0.658427
vertex 0.967336 1.486470 0.664645
vertex 0.965324 1.493103 0.664645
endloop
endfacet
facet normal -0.608827 -0.184688 -0.771505
outer loop
vertex 0.974336 1.489369 0.658427
vertex 0.965324 1.493103 0.664645
vertex 0.972755 1.494581 0.658427
endloop
endfacet
facet normal -0.844884 -0.256222 0.469597
outer loop
vertex 0.957323 1.482322 0.719134
vertex 0.961591 1.484091 0.727778
vertex 0.959226 1.491890 0.727778
endloop
endfacet
facet normal -0.844755 -0.256369 0.469750
outer loop
vertex 0.957323 1.482322 0.719134
vertex 0.959226 1.491890 0.727778
vertex 0.954693 1.490988 0.719134
endloop
endfacet
facet normal -0.452854 -0.137372 -0.880939
outer loop
vertex 0.982322 1.492677 0.653806
vertex 0.974336 1.489369 0.658427
vertex 0.972755 1.494581 0.658427
endloop
endfacet
facet normal -0.452839 -0.137227 -0.880968
outer loop
vertex 0.982322 1.492677 0.653806
vertex 0.972755 1.494581 0.658427
vertex 0.981234 1.496267 0.653806
endloop
endfacet
facet normal -0.916050 -0.277996 0.289084
outer loop
vertex 0.954693 1.481234 0.709754
vertex 0.957323 1.482322 0.719134
vertex 0.954693 1.490988 0.719134
endloop
endfacet
facet normal -0.916134 -0.277877 0.288932
outer loop
vertex 0.954693 1.481234 0.709754
vertex 0.954693 1.490988 0.719134
vertex 0.951903 1.490433 0.709754
endloop
endfacet
facet normal -0.279102 -0.084575 -0.956530
outer loop
vertex 0.990988 1.496267 0.650960
vertex 0.982322 1.492677 0.653806
vertex 0.981234 1.496267 0.653806
endloop
endfacet
facet normal -0.279071 -0.084668 -0.956530
outer loop
vertex 0.990988 1.496267 0.650960
vertex 0.981234 1.496267 0.653806
vertex 0.990433 1.498097 0.650960
endloop
endfacet
facet normal -0.952394 -0.288856 0.097511
outer loop
vertex 0.953806 1.480866 0.700000
vertex 0.954693 1.481234 0.709754
vertex 0.951903 1.490433 0.709754
endloop
endfacet
facet normal -0.952343 -0.288974 0.097652
outer loop
vertex 0.953806 1.480866 0.700000
vertex 0.951903 1.490433 0.709754
vertex 0.950960 1.490245 0.700000
endloop
endfacet
facet normal -0.094271 -0.028598 0.995136
outer loop
vertex 0.990988 1.496267 0.749039
vertex 1.000000 1.500000 0.750000
vertex 0.990433 1.498097 0.749039
endloop
endfacet
facet normal -0.094193 -0.028566 -0.995144
outer loop
vertex 1.000000 1.500000 0.650000
vertex 0.990988 1.496267 0.650960
vertex 0.990433 1.498097 0.650960
endloop
endfacet
facet normal -0.952355 -0.288986 -0.097505
outer loop
vertex 0.954693 1.481234 0.690245
vertex 0.953806 1.480866 0.700000
vertex 0.950960 1.490245 0.700000
endloop
endfacet
facet normal -0.952384 -0.288842 -0.097645
outer loop
vertex 0.954693 1.481234 0.690245
vertex 0.950960 1.490245 0.700000
vertex 0.951903 1.490433 0.690245
endloop
endfacet
facet normal -0.279015 -0.084624 0.956551
outer loop
vertex 0.982322 1.492677 0.746194
vertex 0.990988 1.496267 0.749039
vertex 0.990433 1.498097 0.749039
endloop
endfacet
facet normal -0.278999 -0.084551 0.956562
outer loop
vertex 0.982322 1.492677 0.746194
vertex 0.990433 1.498097 0.749039
vertex 0.981234 1.496267 0.746194
endloop
endfacet
facet normal -0.916083 -0.277854 -0.289117
outer loop
vertex 0.957323 1.482322 0.680866
vertex 0.954693 1.481234 0.690245
vertex 0.951903 1.490433 0.690245
endloop
endfacet
facet normal -0.916083 -0.278019 -0.288957
outer loop
vertex 0.957323 1.482322 0.680866
vertex 0.951903 1.490433 0.690245
vertex 0.954693 1.490988 0.680866
endloop
endfacet
facet normal -0.452893 -0.137269 0.880934
outer loop
vertex 0.974336 1.489369 0.741573
vertex 0.982322 1.492677 0.746194
vertex 0.981234 1.496267 0.746194
endloop
endfacet
facet normal -0.452802 -0.137344 0.880969
outer loop
vertex 0.974336 1.489369 0.741573
vertex 0.981234 1.496267 0.746194
vertex 0.972755 1.494581 0.741573
endloop
endfacet
facet normal -0.844847 -0.256385 -0.469574
outer loop
vertex 0.961591 1.484091 0.672221
vertex 0.957323 1.482322 0.680866
vertex 0.954693 1.490988 0.680866
endloop
endfacet
facet normal -0.844826 -0.256205 -0.469710
outer loop
vertex 0.961591 1.484091 0.672221
vertex 0.954693 1.490988 0.680866
vertex 0.959226 1.491890 0.672221
endloop
endfacet
facet normal -0.608783 -0.184681 0.771541
outer loop
vertex 0.967336 1.486470 0.735356
vertex 0.974336 1.489369 0.741573
vertex 0.972755 1.494581 0.741573
endloop
endfacet
facet normal -0.608773 -0.184660 0.771555
outer loop
vertex 0.967336 1.486470 0.735356
vertex 0.972755 1.494581 0.741573
vertex 0.965324 1.493103 0.735356
endloop
endfacet
facet normal -0.741157 -0.224735 -0.632598
outer loop
vertex 0.967336 1.486470 0.664645
vertex 0.961591 1.484091 0.672221
vertex 0.959226 1.491890 0.672221
endloop
endfacet
facet normal -0.741154 -0.224818 -0.632572
outer loop
vertex 0.967336 1.486470 0.664645
vertex 0.959226 1.491890 0.672221
vertex 0.965324 1.493103 0.664645
endloop
endfacet
facet normal -0.990438 -0.097475 -0.097623
outer loop
vertex 0.951903 1.490433 0.690245
vertex 0.950960 1.490245 0.700000
vertex 0.950000 1.500000 0.700000
endloop
endfacet
facet normal -0.990438 -0.097534 -0.097573
outer loop
vertex 0.951903 1.490433 0.690245
vertex 0.950000 1.500000 0.700000
vertex 0.950961 1.500000 0.690245
endloop
endfacet
facet normal -0.290158 -0.028673 0.956549
outer loop
vertex 0.981234 1.496267 0.746194
vertex 0.990433 1.498097 0.749039
vertex 0.990245 1.500000 0.749039
endloop
endfacet
facet normal -0.290168 -0.028601 0.956548
outer loop
vertex 0.981234 1.496267 0.746194
vertex 0.990245 1.500000 0.749039
vertex 0.980866 1.500000 0.746194
endloop
endfacet
facet normal -0.952732 -0.093803 -0.288968
outer loop
vertex 0.954693 1.490988 0.680866
vertex 0.951903 1.490433 0.690245
vertex 0.950961 1.500000 0.690245
endloop
endfacet
facet normal -0.952725 -0.093766 -0.289004
outer loop
vertex 0.954693 1.490988 0.680866
vertex 0.950961 1.500000 0.690245
vertex 0.953806 1.500000 0.680866
endloop
endfacet
facet normal -0.470861 -0.046423 0.880985
outer loop
vertex 0.972755 1.494581 0.741573
vertex 0.981234 1.496267 0.746194
vertex 0.980866 1.500000 0.746194
endloop
endfacet
facet normal -0.470903 -0.046393 0.880964
outer loop
vertex 0.972755 1.494581 0.741573
vertex 0.980866 1.500000 0.746194
vertex 0.972221 1.500000 0.741573
endloop
endfacet
facet normal -0.878583 -0.086477 -0.469696
outer loop
vertex 0.959226 1.491890 0.672221
vertex 0.954693 1.490988 0.680866
vertex 0.953806 1.500000 0.680866
endloop
endfacet
facet normal -0.878605 -0.086552 -0.469641
outer loop
vertex 0.959226 1.491890 0.672221
vertex 0.953806 1.500000 0.680866
vertex 0.958427 1.500000 0.672221
endloop
endfacet
facet normal -0.633083 -0.062374 0.771567
outer loop
vertex 0.965324 1.493103 0.735356
vertex 0.972755 1.494581 0.741573
vertex 0.972221 1.500000 0.741573
endloop
endfacet
facet normal -0.633140 -0.062336 0.771523
outer loop
vertex 0.965324 1.493103 0.735356
vertex 0.972221 1.500000 0.741573
vertex 0.964645 1.500000 0.735356
endloop
endfacet
facet normal -0.770783 -0.075942 -0.632555
outer loop
vertex 0.965324 1.493103 0.664645
vertex 0.959226 1.491890 0.672221
vertex 0.958427 1.500000 0.672221
endloop
endfacet
facet normal -0.770751 -0.075874 -0.632603
outer loop
vertex 0.965324 1.493103 0.664645
vertex 0.958427 1.500000 0.672221
vertex 0.964645 1.500000 0.664645
endloop
endfacet
facet normal -0.770873 -0.075894 0.632451
outer loop
vertex 0.959226 1.491890 0.727778
vertex 0.965324 1.493103 0.735356
vertex 0.964645 1.500000 0.735356
endloop
endfacet
facet normal -0.770828 -0.075926 0.632502
outer loop
vertex 0.959226 1.491890 0.727778
vertex 0.964645 1.500000 0.735356
vertex 0.958427 1.500000 0.727778
endloop
endfacet
facet normal -0.633166 -0.062328 -0.771503
outer loop
vertex 0.972755 1.494581 0.658427
vertex 0.965324 1.493103 0.664645
vertex 0.964645 1.500000 0.664645
endloop
endfacet
facet normal -0.633198 -0.062411 -0.771469
outer loop
vertex 0.972755 1.494581 0.658427
vertex 0.964645 1.500000 0.664645
vertex 0.972221 1.500000 0.658427
endloop
endfacet
facet normal -0.878550 -0.086533 0.469747
outer loop
vertex 0.954693 1.490988 0.719134
vertex 0.959226 1.491890 0.727778
vertex 0.958427 1.500000 0.727778
endloop
endfacet
facet normal -0.878584 -0.086489 0.469690
outer loop
vertex 0.954693 1.490988 0.719134
vertex 0.958427 1.500000 0.727778
vertex 0.953806 1.500000 0.719134
endloop
endfacet
facet normal -0.470901 -0.046410 -0.880964
outer loop
vertex 0.981234 1.496267 0.653806
vertex 0.972755 1.494581 0.658427
vertex 0.972221 1.500000 0.658427
endloop
endfacet
facet normal -0.470891 -0.046398 -0.880970
outer loop
vertex 0.981234 1.496267 0.653806
vertex 0.972221 1.500000 0.658427
vertex 0.980866 1.500000 0.653806
endloop
endfacet
facet normal -0.952744 -0.093757 0.288943
outer loop
vertex 0.951903 1.490433 0.709754
vertex 0.954693 1.490988 0.719134
vertex 0.953806 1.500000 0.719134
endloop
endfacet
facet normal -0.952733 -0.093813 0.288963
outer loop
vertex 0.951903 1.490433 0.709754
vertex 0.953806 1.500000 0.719134
vertex 0.950961 1.500000 0.709754
endloop
endfacet
facet normal -0.290254 -0.028625 -0.956521
outer loop
vertex 0.990433 1.498097 0.650960
vertex 0.981234 1.496267 0.653806
vertex 0.980866 1.500000 0.653806
endloop
endfacet
facet normal -0.290237 -0.028647 -0.956526
outer loop
vertex 0.990433 1.498097 0.650960
vertex 0.980866 1.500000 0.653806
vertex 0.990245 1.500000 0.650960
endloop
endfacet
facet normal -0.990433 -0.097523 0.097634
outer loop
vertex 0.950960 1.490245 0.700000
vertex 0.951903 1.490433 0.709754
vertex 0.950961 1.500000 0.709754
endloop
endfacet
facet normal -0.990441 -0.097487 0.097584
outer loop
vertex 0.950960 1.490245 0.700000
vertex 0.950961 1.500000 0.709754
vertex 0.950000 1.500000 0.700000
endloop
endfacet
facet normal -0.098033 -0.009679 0.995136
outer loop
vertex 0.990433 1.498097 0.749039
vertex 1.000000 1.500000 0.750000
vertex 0.990245 1.500000 0.749039
endloop
endfacet
facet normal -0.097922 -0.009679 -0.995147
outer loop
vertex 1.000000 1.500000 0.650000
vertex 0.990433 1.498097 0.650960
vertex 0.990245 1.500000 0.650960
endloop
endfacet
facet normal -0.633196 0.062337 -0.771477
outer loop
vertex 0.972221 1.500000 0.658427
vertex 0.964645 1.500000 0.664645
vertex 0.965324 1.506898 0.664645
endloop
endfacet
facet normal -0.633155 0.062388 -0.771506
outer loop
vertex 0.972221 1.500000 0.658427
vertex 0.965324 1.506898 0.664645
vertex 0.972755 1.505419 0.658427
endloop
endfacet
facet normal -0.878580 0.086582 0.469681
outer loop
vertex 0.953806 1.500000 0.719134
vertex 0.958427 1.500000 0.727778
vertex 0.959226 1.508110 0.727778
endloop
endfacet
facet normal -0.878558 0.086444 0.469749
outer loop
vertex 0.953806 1.500000 0.719134
vertex 0.959226 1.508110 0.727778
vertex 0.954693 1.509012 0.719134
endloop
endfacet
facet normal -0.470909 0.046394 -0.880961
outer loop
vertex 0.980866 1.500000 0.653806
vertex 0.972221 1.500000 0.658427
vertex 0.972755 1.505419 0.658427
endloop
endfacet
facet normal -0.470911 0.046422 -0.880959
outer loop
vertex 0.980866 1.500000 0.653806
vertex 0.972755 1.505419 0.658427
vertex 0.981234 1.503733 0.653806
endloop
endfacet
facet normal -0.952738 0.093755 0.288964
outer loop
vertex 0.950961 1.500000 0.709754
vertex 0.953806 1.500000 0.719134
vertex 0.954693 1.509012 0.719134
endloop
endfacet
facet normal -0.952738 0.093814 0.288946
outer loop
vertex 0.950961 1.500000 0.709754
vertex 0.954693 1.509012 0.719134
vertex 0.951903 1.509567 0.709754
endloop
endfacet
facet normal -0.290239 0.028610 -0.956526
outer loop
vertex 0.990245 1.500000 0.650960
vertex 0.980866 1.500000 0.653806
vertex 0.981234 1.503733 0.653806
endloop
endfacet
facet normal -0.290237 0.028672 -0.956525
outer loop
vertex 0.990245 1.500000 0.650960
vertex 0.981234 1.503733 0.653806
vertex 0.990433 1.501903 0.650960
endloop
endfacet
facet normal -0.990438 0.097523 0.097583
outer loop
vertex 0.950000 1.500000 0.700000
vertex 0.950961 1.500000 0.709754
vertex 0.951903 1.509567 0.709754
endloop
endfacet
facet normal -0.990437 0.097594 0.097521
outer loop
vertex 0.950000 1.500000 0.700000
vertex 0.951903 1.509567 0.709754
vertex 0.950961 1.509754 0.700000
endloop
endfacet
facet normal -0.098033 0.009679 0.995136
outer loop
vertex 0.990245 1.500000 0.749039
vertex 1.000000 1.500000 0.750000
vertex 0.990433 1.501903 0.749039
endloop
endfacet
facet normal -0.097922 0.009679 -0.995147
outer loop
vertex 1.000000 1.500000 0.650000
vertex 0.990245 1.500000 0.650960
vertex 0.990433 1.501903 0.650960
endloop
endfacet
facet normal -0.990433 0.097583 -0.097571
outer loop
vertex 0.950961 1.500000 0.690245
vertex 0.950000 1.500000 0.700000
vertex 0.950961 1.509754 0.700000
endloop
endfacet
facet normal -0.990444 0.097534 -0.097512
outer loop
vertex 0.950961 1.500000 0.690245
vertex 0.950961 1.509754 0.700000
vertex 0.951903 1.509567 0.690245
endloop
endfacet
facet normal -0.290147 0.028648 0.956553
outer loop
vertex 0.980866 1.500000 0.746194
vertex 0.990245 1.500000 0.749039
vertex 0.990433 1.501903 0.749039
endloop
endfacet
facet normal -0.290151 0.028611 0.956553
outer loop
vertex 0.980866 1.500000 0.746194
vertex 0.990433 1.501903 0.749039
vertex 0.981234 1.503733 0.746194
endloop
endfacet
facet normal -0.952725 0.093802 -0.288991
outer loop
vertex 0.953806 1.500000 0.680866
vertex 0.950961 1.500000 0.690245
vertex 0.951903 1.509567 0.690245
endloop
endfacet
facet normal -0.952733 0.093767 -0.288975
outer loop
vertex 0.953806 1.500000 0.680866
vertex 0.951903 1.509567 0.690245
vertex 0.954693 1.509012 0.680866
endloop
endfacet
facet normal -0.470882 0.046397 0.880975
outer loop
vertex 0.972221 1.500000 0.741573
vertex 0.980866 1.500000 0.746194
vertex 0.981234 1.503733 0.746194
endloop
endfacet
facet normal -0.470896 0.046411 0.880967
outer loop
vertex 0.972221 1.500000 0.741573
vertex 0.981234 1.503733 0.746194
vertex 0.972755 1.505419 0.741573
endloop
endfacet
facet normal -0.878613 0.086480 -0.469639
outer loop
vertex 0.958427 1.500000 0.672221
vertex 0.953806 1.500000 0.680866
vertex 0.954693 1.509012 0.680866
endloop
endfacet
facet normal -0.878570 0.086549 -0.469707
outer loop
vertex 0.958427 1.500000 0.672221
vertex 0.954693 1.509012 0.680866
vertex 0.959226 1.508110 0.672221
endloop
endfacet
facet normal -0.633134 0.062396 0.771523
outer loop
vertex 0.964645 1.500000 0.735356
vertex 0.972221 1.500000 0.741573
vertex 0.972755 1.505419 0.741573
endloop
endfacet
facet normal -0.633106 0.062309 0.771553
outer loop
vertex 0.964645 1.500000 0.735356
vertex 0.972755 1.505419 0.741573
vertex 0.965324 1.506898 0.735356
endloop
endfacet
facet normal -0.770745 0.075927 -0.632603
outer loop
vertex 0.964645 1.500000 0.664645
vertex 0.958427 1.500000 0.672221
vertex 0.959226 1.508110 0.672221
endloop
endfacet
facet normal -0.770804 0.075880 -0.632538
outer loop
vertex 0.964645 1.500000 0.664645
vertex 0.959226 1.508110 0.672221
vertex 0.965324 1.506898 0.664645
endloop
endfacet
facet normal -0.770835 0.075864 0.632501
outer loop
vertex 0.958427 1.500000 0.727778
vertex 0.964645 1.500000 0.735356
vertex 0.965324 1.506898 0.735356
endloop
endfacet
facet normal -0.770871 0.075943 0.632448
outer loop
vertex 0.958427 1.500000 0.727778
vertex 0.965324 1.506898 0.735356
vertex 0.959226 1.508110 0.727778
endloop
endfacet
facet normal -0.916127 0.277864 -0.288970
outer loop
vertex 0.954693 1.509012 0.680866
vertex 0.951903 1.509567 0.690245
vertex 0.954693 1.518766 0.690245
endloop
endfacet
facet normal -0.916017 0.278036 -0.289152
outer loop
vertex 0.954693 1.509012 0.680866
vertex 0.954693 1.518766 0.690245
vertex 0.957323 1.517677 0.680866
endloop
endfacet
facet normal -0.452802 0.137262 0.880982
outer loop
vertex 0.972755 1.505419 0.741573
vertex 0.981234 1.503733 0.746194
vertex 0.982322 1.507322 0.746194
endloop
endfacet
facet normal -0.452844 0.137400 0.880939
outer loop
vertex 0.972755 1.505419 0.741573
vertex 0.982322 1.507322 0.746194
vertex 0.974336 1.510630 0.741573
endloop
endfacet
facet normal -0.844768 0.256397 -0.469710
outer loop
vertex 0.959226 1.508110 0.672221
vertex 0.954693 1.509012 0.680866
vertex 0.957323 1.517677 0.680866
endloop
endfacet
facet normal -0.844912 0.256229 -0.469543
outer loop
vertex 0.959226 1.508110 0.672221
vertex 0.957323 1.517677 0.680866
vertex 0.961591 1.515909 0.672221
endloop
endfacet
facet normal -0.608752 0.184694 0.771563
outer loop
vertex 0.965324 1.506898 0.735356
vertex 0.972755 1.505419 0.741573
vertex 0.974336 1.510630 0.741573
endloop
endfacet
facet normal -0.608751 0.184696 0.771563
outer loop
vertex 0.965324 1.506898 0.735356
vertex 0.974336 1.510630 0.741573
vertex 0.967336 1.513530 0.735356
endloop
endfacet
facet normal -0.741179 0.224745 -0.632568
outer loop
vertex 0.965324 1.506898 0.664645
vertex 0.959226 1.508110 0.672221
vertex 0.961591 1.515909 0.672221
endloop
endfacet
facet normal -0.741133 0.224843 -0.632588
outer loop
vertex 0.965324 1.506898 0.664645
vertex 0.961591 1.515909 0.672221
vertex 0.967336 1.513530 0.664645
endloop
endfacet
facet normal -0.741241 0.224883 0.632447
outer loop
vertex 0.959226 1.508110 0.727778
vertex 0.965324 1.506898 0.735356
vertex 0.967336 1.513530 0.735356
endloop
endfacet
facet normal -0.741228 0.224759 0.632507
outer loop
vertex 0.959226 1.508110 0.727778
vertex 0.967336 1.513530 0.735356
vertex 0.961591 1.515909 0.727778
endloop
endfacet
facet normal -0.608811 0.184696 -0.771515
outer loop
vertex 0.972755 1.505419 0.658427
vertex 0.965324 1.506898 0.664645
vertex 0.967336 1.513530 0.664645
endloop
endfacet
facet normal -0.608794 0.184718 -0.771524
outer loop
vertex 0.972755 1.505419 0.658427
vertex 0.967336 1.513530 0.664645
vertex 0.974336 1.510630 0.658427
endloop
endfacet
facet normal -0.844804 0.256201 0.469751
outer loop
vertex 0.954693 1.509012 0.719134
vertex 0.959226 1.508110 0.727778
vertex 0.961591 1.515909 0.727778
endloop
endfacet
facet normal -0.844826 0.256420 0.469593
outer loop
vertex 0.954693 1.509012 0.719134
vertex 0.961591 1.515909 0.727778
vertex 0.957323 1.517677 0.719134
endloop
endfacet
facet normal -0.452813 0.137368 -0.880960
outer loop
vertex 0.981234 1.503733 0.653806
vertex 0.972755 1.505419 0.658427
vertex 0.974336 1.510630 0.658427
endloop
endfacet
facet normal -0.452858 0.137305 -0.880946
outer loop
vertex 0.981234 1.503733 0.653806
vertex 0.974336 1.510630 0.658427
vertex 0.982322 1.507322 0.653806
endloop
endfacet
facet normal -0.916081 0.278061 0.288926
outer loop
vertex 0.951903 1.509567 0.709754
vertex 0.954693 1.509012 0.719134
vertex 0.957323 1.517677 0.719134
endloop
endfacet
facet normal -0.916087 0.277839 0.289120
outer loop
vertex 0.951903 1.509567 0.709754
vertex 0.957323 1.517677 0.719134
vertex 0.954693 1.518766 0.709754
endloop
endfacet
facet normal -0.279123 0.084609 -0.956520
outer loop
vertex 0.990433 1.501903 0.650960
vertex 0.981234 1.503733 0.653806
vertex 0.982322 1.507322 0.653806
endloop
endfacet
facet normal -0.279056 0.084660 -0.956536
outer loop
vertex 0.990433 1.501903 0.650960
vertex 0.982322 1.507322 0.653806
vertex 0.990988 1.503733 0.650960
endloop
endfacet
facet normal -0.952395 0.288850 0.097519
outer loop
vertex 0.950961 1.509754 0.700000
vertex 0.951903 1.509567 0.709754
vertex 0.954693 1.518766 0.709754
endloop
endfacet
facet normal -0.952393 0.288860 0.097506
outer loop
vertex 0.950961 1.509754 0.700000
vertex 0.954693 1.518766 0.709754
vertex 0.953806 1.519134 0.700000
endloop
endfacet
facet normal -0.094237 0.028596 0.995139
outer loop
vertex 0.990433 1.501903 0.749039
vertex 1.000000 1.500000 0.750000
vertex 0.990988 1.503733 0.749039
endloop
endfacet
facet normal -0.094170 0.028563 -0.995146
outer loop
vertex 1.000000 1.500000 0.650000
vertex 0.990433 1.501903 0.650960
vertex 0.990988 1.503733 0.650960
endloop
endfacet
facet normal -0.952391 0.288865 -0.097506
outer loop
vertex 0.951903 1.509567 0.690245
vertex 0.950961 1.509754 0.700000
vertex 0.953806 1.519134 0.700000
endloop
endfacet
facet normal -0.952400 0.288841 -0.097492
outer loop
vertex 0.951903 1.509567 0.690245
vertex 0.953806 1.519134 0.700000
vertex 0.954693 1.518766 0.690245
endloop
endfacet
facet normal -0.279028 0.084624 0.956547
outer loop
vertex 0.981234 1.503733 0.746194
vertex 0.990433 1.501903 0.749039
vertex 0.990988 1.503733 0.749039
endloop
endfacet
facet normal -0.279016 0.084578 0.956555
outer loop
vertex 0.981234 1.503733 0.746194
vertex 0.990988 1.503733 0.749039
vertex 0.982322 1.507322 0.746194
endloop
endfacet
facet normal -0.417367 0.223066 -0.880935
outer loop
vertex 0.982322 1.507322 0.653806
vertex 0.974336 1.510630 0.658427
vertex 0.976903 1.515433 0.658427
endloop
endfacet
facet normal -0.417262 0.223128 -0.880969
outer loop
vertex 0.982322 1.507322 0.653806
vertex 0.976903 1.515433 0.658427
vertex 0.984091 1.510630 0.653806
endloop
endfacet
facet normal -0.844304 0.451183 0.289110
outer loop
vertex 0.954693 1.518766 0.709754
vertex 0.957323 1.517677 0.719134
vertex 0.961591 1.525664 0.719134
endloop
endfacet
facet normal -0.844274 0.451347 0.288941
outer loop
vertex 0.954693 1.518766 0.709754
vertex 0.961591 1.525664 0.719134
vertex 0.959226 1.527245 0.709754
endloop
endfacet
facet normal -0.257176 0.137530 -0.956528
outer loop
vertex 0.990988 1.503733 0.650960
vertex 0.982322 1.507322 0.653806
vertex 0.984091 1.510630 0.653806
endloop
endfacet
facet normal -0.257151 0.137560 -0.956531
outer loop
vertex 0.990988 1.503733 0.650960
vertex 0.984091 1.510630 0.653806
vertex 0.991890 1.505419 0.650960
endloop
endfacet
facet normal -0.877678 0.469226 0.097510
outer loop
vertex 0.953806 1.519134 0.700000
vertex 0.954693 1.518766 0.709754
vertex 0.959226 1.527245 0.709754
endloop
endfacet
facet normal -0.877688 0.469198 0.097556
outer loop
vertex 0.953806 1.519134 0.700000
vertex 0.959226 1.527245 0.709754
vertex 0.958427 1.527778 0.700000
endloop
endfacet
facet normal -0.086889 0.046472 0.995133
outer loop
vertex 0.990988 1.503733 0.749039
vertex 1.000000 1.500000 0.750000
vertex 0.991890 1.505419 0.749039
endloop
endfacet
facet normal -0.086779 0.046423 -0.995145
outer loop
vertex 1.000000 1.500000 0.650000
vertex 0.990988 1.503733 0.650960
vertex 0.991890 1.505419 0.650960
endloop
endfacet
facet normal -0.877680 0.469220 -0.097520
outer loop
vertex 0.954693 1.518766 0.690245
vertex 0.953806 1.519134 0.700000
vertex 0.958427 1.527778 0.700000
endloop
endfacet
facet normal -0.877681 0.469217 -0.097525
outer loop
vertex 0.954693 1.518766 0.690245
vertex 0.958427 1.527778 0.700000
vertex 0.959226 1.527245 0.690245
endloop
endfacet
facet normal -0.257067 0.137537 0.956556
outer loop
vertex 0.982322 1.507322 0.746194
vertex 0.990988 1.503733 0.749039
vertex 0.991890 1.505419 0.749039
endloop
endfacet
facet normal -0.257076 0.137480 0.956562
outer loop
vertex 0.982322 1.507322 0.746194
vertex 0.991890 1.505419 0.749039
vertex 0.984091 1.510630 0.746194
endloop
endfacet
facet normal -0.844224 0.451313 -0.289140
outer loop
vertex 0.957323 1.517677 0.680866
vertex 0.954693 1.518766 0.690245
vertex 0.959226 1.527245 0.690245
endloop
endfacet
facet normal -0.844343 0.451201 -0.288968
outer loop
vertex 0.957323 1.517677 0.680866
vertex 0.959226 1.527245 0.690245
vertex 0.961591 1.525664 0.680866
endloop
endfacet
facet normal -0.417308 0.223153 0.880941
outer loop
vertex 0.974336 1.510630 0.741573
vertex 0.982322 1.507322 0.746194
vertex 0.984091 1.510630 0.746194
endloop
endfacet
facet normal -0.417322 0.223034 0.880964
outer loop
vertex 0.974336 1.510630 0.741573
vertex 0.984091 1.510630 0.746194
vertex 0.976903 1.515433 0.741573
endloop
endfacet
facet normal -0.778707 0.416116 -0.469535
outer loop
vertex 0.961591 1.515909 0.672221
vertex 0.957323 1.517677 0.680866
vertex 0.961591 1.525664 0.680866
endloop
endfacet
facet normal -0.778637 0.416163 -0.469610
outer loop
vertex 0.961591 1.515909 0.672221
vertex 0.961591 1.525664 0.680866
vertex 0.965433 1.523097 0.672221
endloop
endfacet
facet normal -0.561030 0.299833 0.771586
outer loop
vertex 0.967336 1.513530 0.735356
vertex 0.974336 1.510630 0.741573
vertex 0.976903 1.515433 0.741573
endloop
endfacet
facet normal -0.561054 0.299885 0.771549
outer loop
vertex 0.967336 1.513530 0.735356
vertex 0.976903 1.515433 0.741573
vertex 0.970603 1.519642 0.735356
endloop
endfacet
facet normal -0.683035 0.365084 -0.632595
outer loop
vertex 0.967336 1.513530 0.664645
vertex 0.961591 1.515909 0.672221
vertex 0.965433 1.523097 0.672221
endloop
endfacet
facet normal -0.683024 0.365097 -0.632600
outer loop
vertex 0.967336 1.513530 0.664645
vertex 0.965433 1.523097 0.672221
vertex 0.970603 1.519642 0.664645
endloop
endfacet
facet normal -0.683090 0.365142 0.632502
outer loop
vertex 0.961591 1.515909 0.727778
vertex 0.967336 1.513530 0.735356
vertex 0.970603 1.519642 0.735356
endloop
endfacet
facet normal -0.683113 0.365123 0.632489
outer loop
vertex 0.961591 1.515909 0.727778
vertex 0.970603 1.519642 0.735356
vertex 0.965433 1.523097 0.727778
endloop
endfacet
facet normal -0.561085 0.299902 -0.771520
outer loop
vertex 0.974336 1.510630 0.658427
vertex 0.967336 1.513530 0.664645
vertex 0.970603 1.519642 0.664645
endloop
endfacet
facet normal -0.561104 0.299878 -0.771515
outer loop
vertex 0.974336 1.510630 0.658427
vertex 0.970603 1.519642 0.664645
vertex 0.976903 1.515433 0.658427
endloop
endfacet
facet normal -0.778652 0.416176 0.469572
outer loop
vertex 0.957323 1.517677 0.719134
vertex 0.961591 1.515909 0.727778
vertex 0.965433 1.523097 0.727778
endloop
endfacet
facet normal -0.778648 0.416094 0.469652
outer loop
vertex 0.957323 1.517677 0.719134
vertex 0.965433 1.523097 0.727778
vertex 0.961591 1.525664 0.719134
endloop
endfacet
facet normal -0.365811 0.300092 0.880981
outer loop
vertex 0.976903 1.515433 0.741573
vertex 0.984091 1.510630 0.746194
vertex 0.986470 1.513530 0.746194
endloop
endfacet
facet normal -0.365806 0.300173 0.880955
outer loop
vertex 0.976903 1.515433 0.741573
vertex 0.986470 1.513530 0.746194
vertex 0.980357 1.519642 0.741573
endloop
endfacet
facet normal -0.682454 0.560116 -0.469603
outer loop
vertex 0.965433 1.523097 0.672221
vertex 0.961591 1.525664 0.680866
vertex 0.967336 1.532664 0.680866
endloop
endfacet
facet normal -0.682511 0.560065 -0.469580
outer loop
vertex 0.965433 1.523097 0.672221
vertex 0.967336 1.532664 0.680866
vertex 0.970603 1.529397 0.672221
endloop
endfacet
facet normal -0.491774 0.403553 0.771559
outer loop
vertex 0.970603 1.519642 0.735356
vertex 0.976903 1.515433 0.741573
vertex 0.980357 1.519642 0.741573
endloop
endfacet
facet normal -0.491767 0.403580 0.771549
outer loop
vertex 0.970603 1.519642 0.735356
vertex 0.980357 1.519642 0.741573
vertex 0.975000 1.525000 0.735356
endloop
endfacet
facet normal -0.598678 0.491307 -0.632615
outer loop
vertex 0.970603 1.519642 0.664645
vertex 0.965433 1.523097 0.672221
vertex 0.970603 1.529397 0.672221
endloop
endfacet
facet normal -0.598676 0.491298 -0.632624
outer loop
vertex 0.970603 1.519642 0.664645
vertex 0.970603 1.529397 0.672221
vertex 0.975000 1.525000 0.664645
endloop
endfacet
facet normal -0.598737 0.491355 0.632522
outer loop
vertex 0.965433 1.523097 0.727778
vertex 0.970603 1.519642 0.735356
vertex 0.975000 1.525000 0.735356
endloop
endfacet
facet normal -0.598749 0.491355 0.632511
outer loop
vertex 0.965433 1.523097 0.727778
vertex 0.975000 1.525000 0.735356
vertex 0.970603 1.529397 0.727778
endloop
endfacet
facet normal -0.491806 0.403618 -0.771505
outer loop
vertex 0.976903 1.515433 0.658427
vertex 0.970603 1.519642 0.664645
vertex 0.975000 1.525000 0.664645
endloop
endfacet
facet normal -0.491827 0.403602 -0.771500
outer loop
vertex 0.976903 1.515433 0.658427
vertex 0.975000 1.525000 0.664645
vertex 0.980357 1.519642 0.658427
endloop
endfacet
facet normal -0.682477 0.560053 0.469644
outer loop
vertex 0.961591 1.525664 0.719134
vertex 0.965433 1.523097 0.727778
vertex 0.970603 1.529397 0.727778
endloop
endfacet
facet normal -0.682448 0.560101 0.469629
outer loop
vertex 0.961591 1.525664 0.719134
vertex 0.970603 1.529397 0.727778
vertex 0.967336 1.532664 0.719134
endloop
endfacet
facet normal -0.365789 0.300170 -0.880963
outer loop
vertex 0.984091 1.510630 0.653806
vertex 0.976903 1.515433 0.658427
vertex 0.980357 1.519642 0.658427
endloop
endfacet
facet normal -0.365852 0.300126 -0.880952
outer loop
vertex 0.984091 1.510630 0.653806
vertex 0.980357 1.519642 0.658427
vertex 0.986470 1.513530 0.653806
endloop
endfacet
facet normal -0.740015 0.607362 0.288944
outer loop
vertex 0.959226 1.527245 0.709754
vertex 0.961591 1.525664 0.719134
vertex 0.967336 1.532664 0.719134
endloop
endfacet
facet normal -0.740047 0.607283 0.289027
outer loop
vertex 0.959226 1.527245 0.709754
vertex 0.967336 1.532664 0.719134
vertex 0.965324 1.534676 0.709754
endloop
endfacet
facet normal -0.225471 0.184949 -0.956534
outer loop
vertex 0.991890 1.505419 0.650960
vertex 0.984091 1.510630 0.653806
vertex 0.986470 1.513530 0.653806
endloop
endfacet
facet normal -0.225442 0.184933 -0.956544
outer loop
vertex 0.991890 1.505419 0.650960
vertex 0.986470 1.513530 0.653806
vertex 0.993103 1.506898 0.650960
endloop
endfacet
facet normal -0.769347 0.631346 0.097510
outer loop
vertex 0.958427 1.527778 0.700000
vertex 0.959226 1.527245 0.709754
vertex 0.965324 1.534676 0.709754
endloop
endfacet
facet normal -0.769378 0.631298 0.097571
outer loop
vertex 0.958427 1.527778 0.700000
vertex 0.965324 1.534676 0.709754
vertex 0.964645 1.535356 0.700000
endloop
endfacet
facet normal -0.076165 0.062471 0.995136
outer loop
vertex 0.991890 1.505419 0.749039
vertex 1.000000 1.500000 0.750000
vertex 0.993103 1.506898 0.749039
endloop
endfacet
facet normal -0.076107 0.062413 -0.995144
outer loop
vertex 1.000000 1.500000 0.650000
vertex 0.991890 1.505419 0.650960
vertex 0.993103 1.506898 0.650960
endloop
endfacet
facet normal -0.769381 0.631304 -0.097511
outer loop
vertex 0.959226 1.527245 0.690245
vertex 0.958427 1.527778 0.700000
vertex 0.964645 1.535356 0.700000
endloop
endfacet
facet normal -0.769345 0.631342 -0.097550
outer loop
vertex 0.959226 1.527245 0.690245
vertex 0.964645 1.535356 0.700000
vertex 0.965324 1.534676 0.690245
endloop
endfacet
facet normal -0.225416 0.184893 0.956557
outer loop
vertex 0.984091 1.510630 0.746194
vertex 0.991890 1.505419 0.749039
vertex 0.993103 1.506898 0.749039
endloop
endfacet
facet normal -0.225414 0.184885 0.956559
outer loop
vertex 0.984091 1.510630 0.746194
vertex 0.993103 1.506898 0.749039
vertex 0.986470 1.513530 0.746194
endloop
endfacet
facet normal -0.740052 0.607291 -0.289000
outer loop
vertex 0.961591 1.525664 0.680866
vertex 0.959226 1.527245 0.690245
vertex 0.965324 1.534676 0.690245
endloop
endfacet
facet normal -0.739997 0.607341 -0.289037
outer loop
vertex 0.961591 1.525664 0.680866
vertex 0.965324 1.534676 0.690245
vertex 0.967336 1.532664 0.680866
endloop
endfacet
facet normal -0.607339 0.740021 0.288980
outer loop
vertex 0.965324 1.534676 0.709754
vertex 0.967336 1.532664 0.719134
vertex 0.974336 1.538409 0.719134
endloop
endfacet
facet normal -0.607263 0.740113 0.288901
outer loop
vertex 0.965324 1.534676 0.709754
vertex 0.974336 1.538409 0.719134
vertex 0.972756 1.540774 0.709754
endloop
endfacet
facet normal -0.185014 0.225453 -0.956525
outer loop
vertex 0.993103 1.506898 0.650960
vertex 0.986470 1.513530 0.653806
vertex 0.989369 1.515909 0.653806
endloop
endfacet
facet normal -0.184935 0.225502 -0.956529
outer loop
vertex 0.993103 1.506898 0.650960
vertex 0.989369 1.515909 0.653806
vertex 0.994581 1.508110 0.650960
endloop
endfacet
facet normal -0.631284 0.769391 0.097560
outer loop
vertex 0.964645 1.535356 0.700000
vertex 0.965324 1.534676 0.709754
vertex 0.972756 1.540774 0.709754
endloop
endfacet
facet normal -0.631339 0.769332 0.097673
outer loop
vertex 0.964645 1.535356 0.700000
vertex 0.972756 1.540774 0.709754
vertex 0.972221 1.541573 0.700000
endloop
endfacet
facet normal -0.062440 0.076176 0.995137
outer loop
vertex 0.993103 1.506898 0.749039
vertex 1.000000 1.500000 0.750000
vertex 0.994581 1.508110 0.749039
endloop
endfacet
facet normal -0.062406 0.076092 -0.995146
outer loop
vertex 1.000000 1.500000 0.650000
vertex 0.993103 1.506898 0.650960
vertex 0.994581 1.508110 0.650960
endloop
endfacet
facet normal -0.631331 0.769351 -0.097572
outer loop
vertex 0.965324 1.534676 0.690245
vertex 0.964645 1.535356 0.700000
vertex 0.972221 1.541573 0.700000
endloop
endfacet
facet normal -0.631283 0.769382 -0.097642
outer loop
vertex 0.965324 1.534676 0.690245
vertex 0.972221 1.541573 0.700000
vertex 0.972756 1.540774 0.690245
endloop
endfacet
facet normal -0.184856 0.225468 0.956552
outer loop
vertex 0.986470 1.513530 0.746194
vertex 0.993103 1.506898 0.749039
vertex 0.994581 1.508110 0.749039
endloop
endfacet
facet normal -0.184950 0.225360 0.956560
outer loop
vertex 0.986470 1.513530 0.746194
vertex 0.994581 1.508110 0.749039
vertex 0.989369 1.515909 0.746194
endloop
endfacet
facet normal -0.607244 0.740080 -0.289027
outer loop
vertex 0.967336 1.532664 0.680866
vertex 0.965324 1.534676 0.690245
vertex 0.972756 1.540774 0.690245
endloop
endfacet
facet normal -0.607353 0.740035 -0.288911
outer loop
vertex 0.967336 1.532664 0.680866
vertex 0.972756 1.540774 0.690245
vertex 0.974336 1.538409 0.680866
endloop
endfacet
facet normal -0.300158 0.365802 0.880962
outer loop
vertex 0.980357 1.519642 0.741573
vertex 0.986470 1.513530 0.746194
vertex 0.989369 1.515909 0.746194
endloop
endfacet
facet normal -0.300204 0.365803 0.880946
outer loop
vertex 0.980357 1.519642 0.741573
vertex 0.989369 1.515909 0.746194
vertex 0.984567 1.523097 0.741573
endloop
endfacet
facet normal -0.560118 0.682462 -0.469588
outer loop
vertex 0.970603 1.529397 0.672221
vertex 0.967336 1.532664 0.680866
vertex 0.974336 1.538409 0.680866
endloop
endfacet
facet normal -0.560048 0.682497 -0.469621
outer loop
vertex 0.970603 1.529397 0.672221
vertex 0.974336 1.538409 0.680866
vertex 0.976903 1.534567 0.672221
endloop
endfacet
facet normal -0.403557 0.491743 0.771577
outer loop
vertex 0.975000 1.525000 0.735356
vertex 0.980357 1.519642 0.741573
vertex 0.984567 1.523097 0.741573
endloop
endfacet
facet normal -0.403600 0.491713 0.771573
outer loop
vertex 0.975000 1.525000 0.735356
vertex 0.984567 1.523097 0.741573
vertex 0.980357 1.529397 0.735356
endloop
endfacet
facet normal -0.491312 0.598700 -0.632590
outer loop
vertex 0.975000 1.525000 0.664645
vertex 0.970603 1.529397 0.672221
vertex 0.976903 1.534567 0.672221
endloop
endfacet
facet normal -0.491388 0.598669 -0.632561
outer loop
vertex 0.975000 1.525000 0.664645
vertex 0.976903 1.534567 0.672221
vertex 0.980357 1.529397 0.664645
endloop
endfacet
facet normal -0.491422 0.598694 0.632511
outer loop
vertex 0.970603 1.529397 0.727778
vertex 0.975000 1.525000 0.735356
vertex 0.980357 1.529397 0.735356
endloop
endfacet
facet normal -0.491379 0.598790 0.632453
outer loop
vertex 0.970603 1.529397 0.727778
vertex 0.980357 1.529397 0.735356
vertex 0.976903 1.534567 0.727778
endloop
endfacet
facet normal -0.403648 0.491756 -0.771520
outer loop
vertex 0.980357 1.519642 0.658427
vertex 0.975000 1.525000 0.664645
vertex 0.980357 1.529397 0.664645
endloop
endfacet
facet normal -0.403596 0.491776 -0.771536
outer loop
vertex 0.980357 1.519642 0.658427
vertex 0.980357 1.529397 0.664645
vertex 0.984567 1.523097 0.658427
endloop
endfacet
facet normal -0.560053 0.682481 0.469639
outer loop
vertex 0.967336 1.532664 0.719134
vertex 0.970603 1.529397 0.727778
vertex 0.976903 1.534567 0.727778
endloop
endfacet
facet normal -0.560083 0.682431 0.469677
outer loop
vertex 0.967336 1.532664 0.719134
vertex 0.976903 1.534567 0.727778
vertex 0.974336 1.538409 0.719134
endloop
endfacet
facet normal -0.300212 0.365802 -0.880944
outer loop
vertex 0.986470 1.513530 0.653806
vertex 0.980357 1.519642 0.658427
vertex 0.984567 1.523097 0.658427
endloop
endfacet
facet normal -0.300184 0.365821 -0.880945
outer loop
vertex 0.986470 1.513530 0.653806
vertex 0.984567 1.523097 0.658427
vertex 0.989369 1.515909 0.653806
endloop
endfacet
facet normal -0.416149 0.778633 -0.469629
outer loop
vertex 0.976903 1.534567 0.672221
vertex 0.974336 1.538409 0.680866
vertex 0.982322 1.542677 0.680866
endloop
endfacet
facet normal -0.416175 0.778647 -0.469582
outer loop
vertex 0.976903 1.534567 0.672221
vertex 0.982322 1.542677 0.680866
vertex 0.984091 1.538409 0.672221
endloop
endfacet
facet normal -0.299898 0.561021 0.771568
outer loop
vertex 0.980357 1.529397 0.735356
vertex 0.984567 1.523097 0.741573
vertex 0.989369 1.525664 0.741573
endloop
endfacet
facet normal -0.299841 0.561061 0.771561
outer loop
vertex 0.980357 1.529397 0.735356
vertex 0.989369 1.525664 0.741573
vertex 0.986470 1.532664 0.735356
endloop
endfacet
facet normal -0.365096 0.683055 -0.632567
outer loop
vertex 0.980357 1.529397 0.664645
vertex 0.976903 1.534567 0.672221
vertex 0.984091 1.538409 0.672221
endloop
endfacet
facet normal -0.365038 0.683044 -0.632612
outer loop
vertex 0.980357 1.529397 0.664645
vertex 0.984091 1.538409 0.672221
vertex 0.986470 1.532664 0.664645
endloop
endfacet
facet normal -0.365094 0.683148 0.632468
outer loop
vertex 0.976903 1.534567 0.727778
vertex 0.980357 1.529397 0.735356
vertex 0.986470 1.532664 0.735356
endloop
endfacet
facet normal -0.365110 0.683105 0.632504
outer loop
vertex 0.976903 1.534567 0.727778
vertex 0.986470 1.532664 0.735356
vertex 0.984091 1.538409 0.727778
endloop
endfacet
facet normal -0.299859 0.561101 -0.771524
outer loop
vertex 0.984567 1.523097 0.658427
vertex 0.980357 1.529397 0.664645
vertex 0.986470 1.532664 0.664645
endloop
endfacet
facet normal -0.299919 0.561091 -0.771509
outer loop
vertex 0.984567 1.523097 0.658427
vertex 0.986470 1.532664 0.664645
vertex 0.989369 1.525664 0.658427
endloop
endfacet
facet normal -0.416174 0.778604 0.469655
outer loop
vertex 0.974336 1.538409 0.719134
vertex 0.976903 1.534567 0.727778
vertex 0.984091 1.538409 0.727778
endloop
endfacet
facet normal -0.416131 0.778634 0.469642
outer loop
vertex 0.974336 1.538409 0.719134
vertex 0.984091 1.538409 0.727778
vertex 0.982322 1.542677 0.719134
endloop
endfacet
facet normal -0.223081 0.417314 -0.880956
outer loop
vertex 0.989369 1.515909 0.653806
vertex 0.984567 1.523097 0.658427
vertex 0.989369 1.525664 0.658427
endloop
endfacet
facet normal -0.223033 0.417310 -0.880970
outer loop
vertex 0.989369 1.515909 0.653806
vertex 0.989369 1.525664 0.658427
vertex 0.992677 1.517677 0.653806
endloop
endfacet
facet normal -0.451261 0.844344 0.288873
outer loop
vertex 0.972756 1.540774 0.709754
vertex 0.974336 1.538409 0.719134
vertex 0.982322 1.542677 0.719134
endloop
endfacet
facet normal -0.451383 0.844218 0.289048
outer loop
vertex 0.972756 1.540774 0.709754
vertex 0.982322 1.542677 0.719134
vertex 0.981234 1.545307 0.709754
endloop
endfacet
facet normal -0.137459 0.257197 -0.956533
outer loop
vertex 0.994581 1.508110 0.650960
vertex 0.989369 1.515909 0.653806
vertex 0.992677 1.517677 0.653806
endloop
endfacet
facet normal -0.137552 0.257162 -0.956529
outer loop
vertex 0.994581 1.508110 0.650960
vertex 0.992677 1.517677 0.653806
vertex 0.996267 1.509012 0.650960
endloop
endfacet
facet normal -0.469261 0.877645 0.097637
outer loop
vertex 0.972221 1.541573 0.700000
vertex 0.972756 1.540774 0.709754
vertex 0.981234 1.545307 0.709754
endloop
endfacet
facet normal -0.469151 0.877717 0.097516
outer loop
vertex 0.972221 1.541573 0.700000
vertex 0.981234 1.545307 0.709754
vertex 0.980866 1.546194 0.700000
endloop
endfacet
facet normal -0.046439 0.086873 0.995136
outer loop
vertex 0.994581 1.508110 0.749039
vertex 1.000000 1.500000 0.750000
vertex 0.996267 1.509012 0.749039
endloop
endfacet
facet normal -0.046427 0.086786 -0.995145
outer loop
vertex 1.000000 1.500000 0.650000
vertex 0.994581 1.508110 0.650960
vertex 0.996267 1.509012 0.650960
endloop
endfacet
facet normal -0.469153 0.877704 -0.097628
outer loop
vertex 0.972756 1.540774 0.690245
vertex 0.972221 1.541573 0.700000
vertex 0.980866 1.546194 0.700000
endloop
endfacet
facet normal -0.469268 0.877657 -0.097502
outer loop
vertex 0.972756 1.540774 0.690245
vertex 0.980866 1.546194 0.700000
vertex 0.981234 1.545307 0.690245
endloop
endfacet
facet normal -0.137476 0.257047 0.956571
outer loop
vertex 0.989369 1.515909 0.746194
vertex 0.994581 1.508110 0.749039
vertex 0.996267 1.509012 0.749039
endloop
endfacet
facet normal -0.137450 0.257139 0.956550
outer loop
vertex 0.989369 1.515909 0.746194
vertex 0.996267 1.509012 0.749039
vertex 0.992677 1.517677 0.746194
endloop
endfacet
facet normal -0.451404 0.844239 -0.288955
outer loop
vertex 0.974336 1.538409 0.680866
vertex 0.972756 1.540774 0.690245
vertex 0.981234 1.545307 0.690245
endloop
endfacet
facet normal -0.451229 0.844298 -0.289057
outer loop
vertex 0.974336 1.538409 0.680866
vertex 0.981234 1.545307 0.690245
vertex 0.982322 1.542677 0.680866
endloop
endfacet
facet normal -0.223060 0.417337 0.880951
outer loop
vertex 0.984567 1.523097 0.741573
vertex 0.989369 1.515909 0.746194
vertex 0.992677 1.517677 0.746194
endloop
endfacet
facet normal -0.223062 0.417296 0.880970
outer loop
vertex 0.984567 1.523097 0.741573
vertex 0.992677 1.517677 0.746194
vertex 0.989369 1.525664 0.741573
endloop
endfacet
facet normal -0.084662 0.279091 -0.956525
outer loop
vertex 0.996267 1.509012 0.650960
vertex 0.992677 1.517677 0.653806
vertex 0.996267 1.518766 0.653806
endloop
endfacet
facet normal -0.084643 0.279083 -0.956529
outer loop
vertex 0.996267 1.509012 0.650960
vertex 0.996267 1.518766 0.653806
vertex 0.998097 1.509567 0.650960
endloop
endfacet
facet normal -0.288851 0.952395 0.097511
outer loop
vertex 0.980866 1.546194 0.700000
vertex 0.981234 1.545307 0.709754
vertex 0.990433 1.548097 0.709754
endloop
endfacet
facet normal -0.288899 0.952378 0.097533
outer loop
vertex 0.980866 1.546194 0.700000
vertex 0.990433 1.548097 0.709754
vertex 0.990245 1.549039 0.700000
endloop
endfacet
facet normal -0.028557 0.094257 0.995138
outer loop
vertex 0.996267 1.509012 0.749039
vertex 1.000000 1.500000 0.750000
vertex 0.998097 1.509567 0.749039
endloop
endfacet
facet normal -0.028538 0.094170 -0.995147
outer loop
vertex 1.000000 1.500000 0.650000
vertex 0.996267 1.509012 0.650960
vertex 0.998097 1.509567 0.650960
endloop
endfacet
facet normal -0.288901 0.952384 -0.097470
outer loop
vertex 0.981234 1.545307 0.690245
vertex 0.980866 1.546194 0.700000
vertex 0.990245 1.549039 0.700000
endloop
endfacet
facet normal -0.288850 0.952391 -0.097553
outer loop
vertex 0.981234 1.545307 0.690245
vertex 0.990245 1.549039 0.700000
vertex 0.990433 1.548097 0.690245
endloop
endfacet
facet normal -0.084631 0.278989 0.956558
outer loop
vertex 0.992677 1.517677 0.746194
vertex 0.996267 1.509012 0.749039
vertex 0.998097 1.509567 0.749039
endloop
endfacet
facet normal -0.084638 0.279011 0.956551
outer loop
vertex 0.992677 1.517677 0.746194
vertex 0.998097 1.509567 0.749039
vertex 0.996267 1.518766 0.746194
endloop
endfacet
facet normal -0.277846 0.916087 -0.289112
outer loop
vertex 0.982322 1.542677 0.680866
vertex 0.981234 1.545307 0.690245
vertex 0.990433 1.548097 0.690245
endloop
endfacet
facet normal -0.278015 0.916085 -0.288957
outer loop
vertex 0.982322 1.542677 0.680866
vertex 0.990433 1.548097 0.690245
vertex 0.990988 1.545307 0.680866
endloop
endfacet
facet normal -0.137355 0.452810 0.880963
outer loop
vertex 0.989369 1.525664 0.741573
vertex 0.992677 1.517677 0.746194
vertex 0.996267 1.518766 0.746194
endloop
endfacet
facet normal -0.137347 0.452802 0.880969
outer loop
vertex 0.989369 1.525664 0.741573
vertex 0.996267 1.518766 0.746194
vertex 0.994581 1.527245 0.741573
endloop
endfacet
facet normal -0.256399 0.844846 -0.469569
outer loop
vertex 0.984091 1.538409 0.672221
vertex 0.982322 1.542677 0.680866
vertex 0.990988 1.545307 0.680866
endloop
endfacet
facet normal -0.256193 0.844821 -0.469727
outer loop
vertex 0.984091 1.538409 0.672221
vertex 0.990988 1.545307 0.680866
vertex 0.991890 1.540774 0.672221
endloop
endfacet
facet normal -0.184677 0.608774 0.771549
outer loop
vertex 0.986470 1.532664 0.735356
vertex 0.989369 1.525664 0.741573
vertex 0.994581 1.527245 0.741573
endloop
endfacet
facet normal -0.184661 0.608774 0.771554
outer loop
vertex 0.986470 1.532664 0.735356
vertex 0.994581 1.527245 0.741573
vertex 0.993103 1.534676 0.735356
endloop
endfacet
facet normal -0.224748 0.741152 -0.632600
outer loop
vertex 0.986470 1.532664 0.664645
vertex 0.984091 1.538409 0.672221
vertex 0.991890 1.540774 0.672221
endloop
endfacet
facet normal -0.224816 0.741150 -0.632578
outer loop
vertex 0.986470 1.532664 0.664645
vertex 0.991890 1.540774 0.672221
vertex 0.993103 1.534676 0.664645
endloop
endfacet
facet normal -0.224831 0.741212 0.632500
outer loop
vertex 0.984091 1.538409 0.727778
vertex 0.986470 1.532664 0.735356
vertex 0.993103 1.534676 0.735356
endloop
endfacet
facet normal -0.224775 0.741245 0.632481
outer loop
vertex 0.984091 1.538409 0.727778
vertex 0.993103 1.534676 0.735356
vertex 0.991890 1.540774 0.727778
endloop
endfacet
facet normal -0.184688 0.608835 -0.771499
outer loop
vertex 0.989369 1.525664 0.658427
vertex 0.986470 1.532664 0.664645
vertex 0.993103 1.534676 0.664645
endloop
endfacet
facet normal -0.184685 0.608834 -0.771500
outer loop
vertex 0.989369 1.525664 0.658427
vertex 0.993103 1.534676 0.664645
vertex 0.994581 1.527245 0.658427
endloop
endfacet
facet normal -0.256210 0.844886 0.469599
outer loop
vertex 0.982322 1.542677 0.719134
vertex 0.984091 1.538409 0.727778
vertex 0.991890 1.540774 0.727778
endloop
endfacet
facet normal -0.256364 0.844752 0.469757
outer loop
vertex 0.982322 1.542677 0.719134
vertex 0.991890 1.540774 0.727778
vertex 0.990988 1.545307 0.719134
endloop
endfacet
facet normal -0.137359 0.452836 -0.880949
outer loop
vertex 0.992677 1.517677 0.653806
vertex 0.989369 1.525664 0.658427
vertex 0.994581 1.527245 0.658427
endloop
endfacet
facet normal -0.137371 0.452809 -0.880961
outer loop
vertex 0.992677 1.517677 0.653806
vertex 0.994581 1.527245 0.658427
vertex 0.996267 1.518766 0.653806
endloop
endfacet
facet normal -0.278007 0.916048 0.289082
outer loop
vertex 0.981234 1.545307 0.709754
vertex 0.982322 1.542677 0.719134
vertex 0.990988 1.545307 0.719134
endloop
endfacet
facet normal -0.277863 0.916139 0.288931
outer loop
vertex 0.981234 1.545307 0.709754
vertex 0.990988 1.545307 0.719134
vertex 0.990433 1.548097 0.709754
endloop
endfacet
facet normal -0.062267 0.633140 0.771529
outer loop
vertex 0.993103 1.534676 0.735356
vertex 0.994581 1.527245 0.741573
vertex 1.000000 1.527778 0.741573
endloop
endfacet
facet normal -0.062422 0.633021 0.771614
outer loop
vertex 0.993103 1.534676 0.735356
vertex 1.000000 1.527778 0.741573
vertex 1.000000 1.535356 0.735356
endloop
endfacet
facet normal -0.075950 0.770781 -0.632556
outer loop
vertex 0.993103 1.534676 0.664645
vertex 0.991890 1.540774 0.672221
vertex 1.000000 1.541573 0.672221
endloop
endfacet
facet normal -0.076003 0.770797 -0.632531
outer loop
vertex 0.993103 1.534676 0.664645
vertex 1.000000 1.541573 0.672221
vertex 1.000000 1.535356 0.664645
endloop
endfacet
facet normal -0.076011 0.770858 0.632455
outer loop
vertex 0.991890 1.540774 0.727778
vertex 0.993103 1.534676 0.735356
vertex 1.000000 1.535356 0.735356
endloop
endfacet
facet normal -0.075955 0.770884 0.632431
outer loop
vertex 0.991890 1.540774 0.727778
vertex 1.000000 1.535356 0.735356
vertex 1.000000 1.541573 0.727778
endloop
endfacet
facet normal -0.062435 0.633153 -0.771504
outer loop
vertex 0.994581 1.527245 0.658427
vertex 0.993103 1.534676 0.664645
vertex 1.000000 1.535356 0.664645
endloop
endfacet
facet normal -0.062261 0.633106 -0.771557
outer loop
vertex 0.994581 1.527245 0.658427
vertex 1.000000 1.535356 0.664645
vertex 1.000000 1.527778 0.658427
endloop
endfacet
facet normal -0.086558 0.878532 0.469775
outer loop
vertex 0.990988 1.545307 0.719134
vertex 0.991890 1.540774 0.727778
vertex 1.000000 1.541573 0.727778
endloop
endfacet
facet normal -0.086469 0.878595 0.469675
outer loop
vertex 0.990988 1.545307 0.719134
vertex 1.000000 1.541573 0.727778
vertex 1.000000 1.546194 0.719134
endloop
endfacet
facet normal -0.046319 0.470905 -0.880967
outer loop
vertex 0.996267 1.518766 0.653806
vertex 0.994581 1.527245 0.658427
vertex 1.000000 1.527778 0.658427
endloop
endfacet
facet normal -0.046402 0.470934 -0.880947
outer loop
vertex 0.996267 1.518766 0.653806
vertex 1.000000 1.527778 0.658427
vertex 1.000000 1.519134 0.653806
endloop
endfacet
facet normal -0.093765 0.952746 0.288933
outer loop
vertex 0.990433 1.548097 0.709754
vertex 0.990988 1.545307 0.719134
vertex 1.000000 1.546194 0.719134
endloop
endfacet
facet normal -0.093807 0.952737 0.288951
outer loop
vertex 0.990433 1.548097 0.709754
vertex 1.000000 1.546194 0.719134
vertex 1.000000 1.549039 0.709754
endloop
endfacet
facet normal -0.028612 0.290240 -0.956526
outer loop
vertex 0.998097 1.509567 0.650960
vertex 0.996267 1.518766 0.653806
vertex 1.000000 1.519134 0.653806
endloop
endfacet
facet normal -0.028497 0.290231 -0.956532
outer loop
vertex 0.998097 1.509567 0.650960
vertex 1.000000 1.519134 0.653806
vertex 1.000000 1.509754 0.650960
endloop
endfacet
facet normal -0.097521 0.990442 0.097544
outer loop
vertex 0.990245 1.549039 0.700000
vertex 0.990433 1.548097 0.709754
vertex 1.000000 1.549039 0.709754
endloop
endfacet
facet normal -0.097566 0.990433 0.097583
outer loop
vertex 0.990245 1.549039 0.700000
vertex 1.000000 1.549039 0.709754
vertex 1.000000 1.550000 0.700000
endloop
endfacet
facet normal -0.009686 0.098044 0.995135
outer loop
vertex 0.998097 1.509567 0.749039
vertex 1.000000 1.500000 0.750000
vertex 1.000000 1.509754 0.749039
endloop
endfacet
facet normal -0.009613 0.097945 -0.995145
outer loop
vertex 1.000000 1.500000 0.650000
vertex 0.998097 1.509567 0.650960
vertex 1.000000 1.509754 0.650960
endloop
endfacet
facet normal -0.097565 0.990438 -0.097534
outer loop
vertex 0.990433 1.548097 0.690245
vertex 0.990245 1.549039 0.700000
vertex 1.000000 1.550000 0.700000
endloop
endfacet
facet normal -0.097521 0.990439 -0.097573
outer loop
vertex 0.990433 1.548097 0.690245
vertex 1.000000 1.550000 0.700000
vertex 1.000000 1.549039 0.690245
endloop
endfacet
facet normal -0.028513 0.290167 0.956551
outer loop
vertex 0.996267 1.518766 0.746194
vertex 0.998097 1.509567 0.749039
vertex 1.000000 1.509754 0.749039
endloop
endfacet
facet normal -0.028597 0.290133 0.956559
outer loop
vertex 0.996267 1.518766 0.746194
vertex 1.000000 1.509754 0.749039
vertex 1.000000 1.519134 0.746194
endloop
endfacet
facet normal -0.093808 0.952738 -0.288948
outer loop
vertex 0.990988 1.545307 0.680866
vertex 0.990433 1.548097 0.690245
vertex 1.000000 1.549039 0.690245
endloop
endfacet
facet normal -0.093765 0.952726 -0.289001
outer loop
vertex 0.990988 1.545307 0.680866
vertex 1.000000 1.549039 0.690245
vertex 1.000000 1.546194 0.680866
endloop
endfacet
facet normal -0.046428 0.470891 0.880969
outer loop
vertex 0.994581 1.527245 0.741573
vertex 0.996267 1.518766 0.746194
vertex 1.000000 1.519134 0.746194
endloop
endfacet
facet normal -0.046309 0.470920 0.880959
outer loop
vertex 0.994581 1.527245 0.741573
vertex 1.000000 1.519134 0.746194
vertex 1.000000 1.527778 0.741573
endloop
endfacet
facet normal -0.086463 0.878575 -0.469713
outer loop
vertex 0.991890 1.540774 0.672221
vertex 0.990988 1.545307 0.680866
vertex 1.000000 1.546194 0.680866
endloop
endfacet
facet normal -0.086563 0.878606 -0.469636
outer loop
vertex 0.991890 1.540774 0.672221
vertex 1.000000 1.546194 0.680866
vertex 1.000000 1.541573 0.672221
endloop
endfacet
endsolid Exported from Blender-2.82 (sub 7)
