solid Exported from Blender-2.82 (sub 7)
facet normal 0.086480 0.878613 -0.469639
outer loop
vertex 1.000000 0.541573 0.672221
vertex 1.000000 0.546194 0.680866
vertex 1.009012 0.545307 0.680866
endloop
endfacet
facet normal 0.086553 0.878568 -0.469709
outer loop
vertex 1.000000 0.541573 0.672221
vertex 1.009012 0.545307 0.680866
vertex 1.008110 0.540774 0.672221
endloop
endfacet
facet normal 0.062274 0.633030 0.771618
outer loop
vertex 1.000000 0.535356 0.735356
vertex 1.000000 0.527778 0.741573
vertex 1.005419 0.527245 0.741573
endloop
endfacet
facet normal 0.062406 0.633090 0.771559
outer loop
vertex 1.000000 0.535356 0.735356
vertex 1.005419 0.527245 0.741573
vertex 1.006898 0.534676 0.735356
endloop
endfacet
facet normal 0.075941 0.770800 -0.632535
outer loop
vertex 1.000000 0.535356 0.664645
vertex 1.000000 0.541573 0.672221
vertex 1.008110 0.540774 0.672221
endloop
endfacet
facet normal 0.075975 0.770780 -0.632555
outer loop
vertex 1.000000 0.535356 0.664645
vertex 1.008110 0.540774 0.672221
vertex 1.006898 0.534676 0.664645
endloop
endfacet
facet normal 0.075986 0.770878 0.632434
outer loop
vertex 1.000000 0.541573 0.727778
vertex 1.000000 0.535356 0.735356
vertex 1.006898 0.534676 0.735356
endloop
endfacet
facet normal 0.075942 0.770867 0.632453
outer loop
vertex 1.000000 0.541573 0.727778
vertex 1.006898 0.534676 0.735356
vertex 1.008110 0.540774 0.727778
endloop
endfacet
facet normal 0.062404 0.633086 -0.771562
outer loop
vertex 1.000000 0.527778 0.658427
vertex 1.000000 0.535356 0.664645
vertex 1.006898 0.534676 0.664645
endloop
endfacet
facet normal 0.062284 0.633181 -0.771493
outer loop
vertex 1.000000 0.527778 0.658427
vertex 1.006898 0.534676 0.664645
vertex 1.005419 0.527245 0.658427
endloop
endfacet
facet normal 0.086562 0.878581 0.469684
outer loop
vertex 1.000000 0.546194 0.719134
vertex 1.000000 0.541573 0.727778
vertex 1.008110 0.540774 0.727778
endloop
endfacet
facet normal 0.086470 0.878555 0.469748
outer loop
vertex 1.000000 0.546194 0.719134
vertex 1.008110 0.540774 0.727778
vertex 1.009012 0.545307 0.719134
endloop
endfacet
facet normal 0.046310 0.470949 -0.880944
outer loop
vertex 1.000000 0.519134 0.653806
vertex 1.000000 0.527778 0.658427
vertex 1.005419 0.527245 0.658427
endloop
endfacet
facet normal 0.046423 0.470891 -0.880969
outer loop
vertex 1.000000 0.519134 0.653806
vertex 1.005419 0.527245 0.658427
vertex 1.003733 0.518766 0.653806
endloop
endfacet
facet normal 0.093776 0.952731 0.288981
outer loop
vertex 1.000000 0.549039 0.709754
vertex 1.000000 0.546194 0.719134
vertex 1.009012 0.545307 0.719134
endloop
endfacet
facet normal 0.093808 0.952744 0.288926
outer loop
vertex 1.000000 0.549039 0.709754
vertex 1.009012 0.545307 0.719134
vertex 1.009567 0.548097 0.709754
endloop
endfacet
facet normal 0.028611 0.290228 -0.956530
outer loop
vertex 1.000000 0.509754 0.650960
vertex 1.000000 0.519134 0.653806
vertex 1.003733 0.518766 0.653806
endloop
endfacet
facet normal 0.028499 0.290257 -0.956524
outer loop
vertex 1.000000 0.509754 0.650960
vertex 1.003733 0.518766 0.653806
vertex 1.001903 0.509567 0.650960
endloop
endfacet
facet normal 0.097520 0.990438 0.097583
outer loop
vertex 1.000000 0.550000 0.700000
vertex 1.000000 0.549039 0.709754
vertex 1.009567 0.548097 0.709754
endloop
endfacet
facet normal 0.097585 0.990437 0.097531
outer loop
vertex 1.000000 0.550000 0.700000
vertex 1.009567 0.548097 0.709754
vertex 1.009754 0.549039 0.700000
endloop
endfacet
facet normal 0.009636 0.098041 0.995136
outer loop
vertex 1.000000 0.509754 0.749039
vertex 1.000000 0.500000 0.750000
vertex 1.001903 0.509567 0.749039
endloop
endfacet
facet normal 0.009629 0.097942 -0.995146
outer loop
vertex 1.000000 0.500000 0.650000
vertex 1.000000 0.509754 0.650960
vertex 1.001903 0.509567 0.650960
endloop
endfacet
facet normal 0.097582 0.990432 -0.097583
outer loop
vertex 1.000000 0.549039 0.690245
vertex 1.000000 0.550000 0.700000
vertex 1.009754 0.549039 0.700000
endloop
endfacet
facet normal 0.097522 0.990445 -0.097509
outer loop
vertex 1.000000 0.549039 0.690245
vertex 1.009754 0.549039 0.700000
vertex 1.009567 0.548097 0.690245
endloop
endfacet
facet normal 0.028503 0.290129 0.956563
outer loop
vertex 1.000000 0.519134 0.746194
vertex 1.000000 0.509754 0.749039
vertex 1.001903 0.509567 0.749039
endloop
endfacet
facet normal 0.028625 0.290153 0.956552
outer loop
vertex 1.000000 0.519134 0.746194
vertex 1.001903 0.509567 0.749039
vertex 1.003733 0.518766 0.746194
endloop
endfacet
facet normal 0.093806 0.952721 -0.289002
outer loop
vertex 1.000000 0.546194 0.680866
vertex 1.000000 0.549039 0.690245
vertex 1.009567 0.548097 0.690245
endloop
endfacet
facet normal 0.093779 0.952736 -0.288964
outer loop
vertex 1.000000 0.546194 0.680866
vertex 1.009567 0.548097 0.690245
vertex 1.009012 0.545307 0.680866
endloop
endfacet
facet normal 0.046433 0.470921 0.880952
outer loop
vertex 1.000000 0.527778 0.741573
vertex 1.000000 0.519134 0.746194
vertex 1.003733 0.518766 0.746194
endloop
endfacet
facet normal 0.046324 0.470914 0.880962
outer loop
vertex 1.000000 0.527778 0.741573
vertex 1.003733 0.518766 0.746194
vertex 1.005419 0.527245 0.741573
endloop
endfacet
facet normal 0.277865 0.916125 -0.288975
outer loop
vertex 1.009012 0.545307 0.680866
vertex 1.009567 0.548097 0.690245
vertex 1.018766 0.545307 0.690245
endloop
endfacet
facet normal 0.278027 0.916019 -0.289153
outer loop
vertex 1.009012 0.545307 0.680866
vertex 1.018766 0.545307 0.690245
vertex 1.017677 0.542677 0.680866
endloop
endfacet
facet normal 0.137363 0.452792 0.880971
outer loop
vertex 1.005419 0.527245 0.741573
vertex 1.003733 0.518766 0.746194
vertex 1.007322 0.517677 0.746194
endloop
endfacet
facet normal 0.137388 0.452793 0.880967
outer loop
vertex 1.005419 0.527245 0.741573
vertex 1.007322 0.517677 0.746194
vertex 1.010630 0.525664 0.741573
endloop
endfacet
facet normal 0.256408 0.844770 -0.469701
outer loop
vertex 1.008110 0.540774 0.672221
vertex 1.009012 0.545307 0.680866
vertex 1.017677 0.542677 0.680866
endloop
endfacet
facet normal 0.256211 0.844920 -0.469538
outer loop
vertex 1.008110 0.540774 0.672221
vertex 1.017677 0.542677 0.680866
vertex 1.015909 0.538409 0.672221
endloop
endfacet
facet normal 0.184688 0.608764 0.771555
outer loop
vertex 1.006898 0.534676 0.735356
vertex 1.005419 0.527245 0.741573
vertex 1.010630 0.525664 0.741573
endloop
endfacet
facet normal 0.184681 0.608729 0.771584
outer loop
vertex 1.006898 0.534676 0.735356
vertex 1.010630 0.525664 0.741573
vertex 1.013530 0.532664 0.735356
endloop
endfacet
facet normal 0.224769 0.741190 -0.632548
outer loop
vertex 1.006898 0.534676 0.664645
vertex 1.008110 0.540774 0.672221
vertex 1.015909 0.538409 0.672221
endloop
endfacet
facet normal 0.224829 0.741121 -0.632607
outer loop
vertex 1.006898 0.534676 0.664645
vertex 1.015909 0.538409 0.672221
vertex 1.013530 0.532664 0.664645
endloop
endfacet
facet normal 0.224879 0.741251 0.632437
outer loop
vertex 1.008110 0.540774 0.727778
vertex 1.006898 0.534676 0.735356
vertex 1.013530 0.532664 0.735356
endloop
endfacet
facet normal 0.224780 0.741224 0.632504
outer loop
vertex 1.008110 0.540774 0.727778
vertex 1.013530 0.532664 0.735356
vertex 1.015909 0.538409 0.727778
endloop
endfacet
facet normal 0.184697 0.608815 -0.771513
outer loop
vertex 1.005419 0.527245 0.658427
vertex 1.006898 0.534676 0.664645
vertex 1.013530 0.532664 0.664645
endloop
endfacet
facet normal 0.184714 0.608789 -0.771529
outer loop
vertex 1.005419 0.527245 0.658427
vertex 1.013530 0.532664 0.664645
vertex 1.010630 0.525664 0.658427
endloop
endfacet
facet normal 0.256181 0.844814 0.469745
outer loop
vertex 1.009012 0.545307 0.719134
vertex 1.008110 0.540774 0.727778
vertex 1.015909 0.538409 0.727778
endloop
endfacet
facet normal 0.256419 0.844829 0.469588
outer loop
vertex 1.009012 0.545307 0.719134
vertex 1.015909 0.538409 0.727778
vertex 1.017677 0.542677 0.719134
endloop
endfacet
facet normal 0.137375 0.452795 -0.880968
outer loop
vertex 1.003733 0.518766 0.653806
vertex 1.005419 0.527245 0.658427
vertex 1.010630 0.525664 0.658427
endloop
endfacet
facet normal 0.137400 0.452805 -0.880959
outer loop
vertex 1.003733 0.518766 0.653806
vertex 1.010630 0.525664 0.658427
vertex 1.007322 0.517677 0.653806
endloop
endfacet
facet normal 0.278045 0.916081 0.288940
outer loop
vertex 1.009567 0.548097 0.709754
vertex 1.009012 0.545307 0.719134
vertex 1.017677 0.542677 0.719134
endloop
endfacet
facet normal 0.277854 0.916084 0.289113
outer loop
vertex 1.009567 0.548097 0.709754
vertex 1.017677 0.542677 0.719134
vertex 1.018766 0.545307 0.709754
endloop
endfacet
facet normal 0.084697 0.279090 -0.956523
outer loop
vertex 1.001903 0.509567 0.650960
vertex 1.003733 0.518766 0.653806
vertex 1.007322 0.517677 0.653806
endloop
endfacet
facet normal 0.084602 0.279088 -0.956531
outer loop
vertex 1.001903 0.509567 0.650960
vertex 1.007322 0.517677 0.653806
vertex 1.003733 0.509012 0.650960
endloop
endfacet
facet normal 0.288860 0.952392 0.097521
outer loop
vertex 1.009754 0.549039 0.700000
vertex 1.009567 0.548097 0.709754
vertex 1.018766 0.545307 0.709754
endloop
endfacet
facet normal 0.288862 0.952394 0.097498
outer loop
vertex 1.009754 0.549039 0.700000
vertex 1.018766 0.545307 0.709754
vertex 1.019134 0.546194 0.700000
endloop
endfacet
facet normal 0.028559 0.094265 0.995137
outer loop
vertex 1.001903 0.509567 0.749039
vertex 1.000000 0.500000 0.750000
vertex 1.003733 0.509012 0.749039
endloop
endfacet
facet normal 0.028540 0.094178 -0.995146
outer loop
vertex 1.000000 0.500000 0.650000
vertex 1.001903 0.509567 0.650960
vertex 1.003733 0.509012 0.650960
endloop
endfacet
facet normal 0.288858 0.952394 -0.097506
outer loop
vertex 1.009567 0.548097 0.690245
vertex 1.009754 0.549039 0.700000
vertex 1.019134 0.546194 0.700000
endloop
endfacet
facet normal 0.288863 0.952394 -0.097490
outer loop
vertex 1.009567 0.548097 0.690245
vertex 1.019134 0.546194 0.700000
vertex 1.018766 0.545307 0.690245
endloop
endfacet
facet normal 0.084630 0.279010 0.956552
outer loop
vertex 1.003733 0.518766 0.746194
vertex 1.001903 0.509567 0.749039
vertex 1.003733 0.509012 0.749039
endloop
endfacet
facet normal 0.084662 0.279012 0.956548
outer loop
vertex 1.003733 0.518766 0.746194
vertex 1.003733 0.509012 0.749039
vertex 1.007322 0.517677 0.746194
endloop
endfacet
facet normal 0.223043 0.417333 -0.880957
outer loop
vertex 1.007322 0.517677 0.653806
vertex 1.010630 0.525664 0.658427
vertex 1.015433 0.523097 0.658427
endloop
endfacet
facet normal 0.223031 0.417305 -0.880973
outer loop
vertex 1.007322 0.517677 0.653806
vertex 1.015433 0.523097 0.658427
vertex 1.010630 0.515909 0.653806
endloop
endfacet
facet normal 0.451175 0.844309 0.289109
outer loop
vertex 1.018766 0.545307 0.709754
vertex 1.017677 0.542677 0.719134
vertex 1.025664 0.538409 0.719134
endloop
endfacet
facet normal 0.451354 0.844267 0.288952
outer loop
vertex 1.018766 0.545307 0.709754
vertex 1.025664 0.538409 0.719134
vertex 1.027245 0.540774 0.709754
endloop
endfacet
facet normal 0.137475 0.257215 -0.956525
outer loop
vertex 1.003733 0.509012 0.650960
vertex 1.007322 0.517677 0.653806
vertex 1.010630 0.515909 0.653806
endloop
endfacet
facet normal 0.137592 0.257142 -0.956528
outer loop
vertex 1.003733 0.509012 0.650960
vertex 1.010630 0.515909 0.653806
vertex 1.005419 0.508110 0.650960
endloop
endfacet
facet normal 0.469210 0.877687 0.097510
outer loop
vertex 1.019134 0.546194 0.700000
vertex 1.018766 0.545307 0.709754
vertex 1.027245 0.540774 0.709754
endloop
endfacet
facet normal 0.469202 0.877688 0.097538
outer loop
vertex 1.019134 0.546194 0.700000
vertex 1.027245 0.540774 0.709754
vertex 1.027778 0.541573 0.700000
endloop
endfacet
facet normal 0.046485 0.086866 0.995135
outer loop
vertex 1.003733 0.509012 0.749039
vertex 1.000000 0.500000 0.750000
vertex 1.005419 0.508110 0.749039
endloop
endfacet
facet normal 0.046442 0.086780 -0.995144
outer loop
vertex 1.000000 0.500000 0.650000
vertex 1.003733 0.509012 0.650960
vertex 1.005419 0.508110 0.650960
endloop
endfacet
facet normal 0.469198 0.877693 -0.097510
outer loop
vertex 1.018766 0.545307 0.690245
vertex 1.019134 0.546194 0.700000
vertex 1.027778 0.541573 0.700000
endloop
endfacet
facet normal 0.469215 0.877683 -0.097517
outer loop
vertex 1.018766 0.545307 0.690245
vertex 1.027778 0.541573 0.700000
vertex 1.027245 0.540774 0.690245
endloop
endfacet
facet normal 0.137540 0.257085 0.956551
outer loop
vertex 1.007322 0.517677 0.746194
vertex 1.003733 0.509012 0.749039
vertex 1.005419 0.508110 0.749039
endloop
endfacet
facet normal 0.137402 0.257120 0.956561
outer loop
vertex 1.007322 0.517677 0.746194
vertex 1.005419 0.508110 0.749039
vertex 1.010630 0.515909 0.746194
endloop
endfacet
facet normal 0.451325 0.844220 -0.289135
outer loop
vertex 1.017677 0.542677 0.680866
vertex 1.018766 0.545307 0.690245
vertex 1.027245 0.540774 0.690245
endloop
endfacet
facet normal 0.451194 0.844341 -0.288986
outer loop
vertex 1.017677 0.542677 0.680866
vertex 1.027245 0.540774 0.690245
vertex 1.025664 0.538409 0.680866
endloop
endfacet
facet normal 0.223025 0.417318 0.880969
outer loop
vertex 1.010630 0.525664 0.741573
vertex 1.007322 0.517677 0.746194
vertex 1.010630 0.515909 0.746194
endloop
endfacet
facet normal 0.223041 0.417312 0.880967
outer loop
vertex 1.010630 0.525664 0.741573
vertex 1.010630 0.515909 0.746194
vertex 1.015433 0.523097 0.741573
endloop
endfacet
facet normal 0.416118 0.778711 -0.469527
outer loop
vertex 1.015909 0.538409 0.672221
vertex 1.017677 0.542677 0.680866
vertex 1.025664 0.538409 0.680866
endloop
endfacet
facet normal 0.416183 0.778615 -0.469628
outer loop
vertex 1.015909 0.538409 0.672221
vertex 1.025664 0.538409 0.680866
vertex 1.023097 0.534567 0.672221
endloop
endfacet
facet normal 0.299843 0.561059 0.771561
outer loop
vertex 1.013530 0.532664 0.735356
vertex 1.010630 0.525664 0.741573
vertex 1.015433 0.523097 0.741573
endloop
endfacet
facet normal 0.299902 0.561042 0.771551
outer loop
vertex 1.013530 0.532664 0.735356
vertex 1.015433 0.523097 0.741573
vertex 1.019642 0.529397 0.735356
endloop
endfacet
facet normal 0.365087 0.683029 -0.632600
outer loop
vertex 1.013530 0.532664 0.664645
vertex 1.015909 0.538409 0.672221
vertex 1.023097 0.534567 0.672221
endloop
endfacet
facet normal 0.365092 0.683021 -0.632606
outer loop
vertex 1.013530 0.532664 0.664645
vertex 1.023097 0.534567 0.672221
vertex 1.019642 0.529397 0.664645
endloop
endfacet
facet normal 0.365126 0.683111 0.632489
outer loop
vertex 1.015909 0.538409 0.727778
vertex 1.013530 0.532664 0.735356
vertex 1.019642 0.529397 0.735356
endloop
endfacet
facet normal 0.365120 0.683090 0.632515
outer loop
vertex 1.015909 0.538409 0.727778
vertex 1.019642 0.529397 0.735356
vertex 1.023097 0.534567 0.727778
endloop
endfacet
facet normal 0.299918 0.561076 -0.771520
outer loop
vertex 1.010630 0.525664 0.658427
vertex 1.013530 0.532664 0.664645
vertex 1.019642 0.529397 0.664645
endloop
endfacet
facet normal 0.299872 0.561128 -0.771500
outer loop
vertex 1.010630 0.525664 0.658427
vertex 1.019642 0.529397 0.664645
vertex 1.015433 0.523097 0.658427
endloop
endfacet
facet normal 0.416187 0.778641 0.469582
outer loop
vertex 1.017677 0.542677 0.719134
vertex 1.015909 0.538409 0.727778
vertex 1.023097 0.534567 0.727778
endloop
endfacet
facet normal 0.416095 0.778650 0.469648
outer loop
vertex 1.017677 0.542677 0.719134
vertex 1.023097 0.534567 0.727778
vertex 1.025664 0.538409 0.719134
endloop
endfacet
facet normal 0.300092 0.365826 0.880974
outer loop
vertex 1.015433 0.523097 0.741573
vertex 1.010630 0.515909 0.746194
vertex 1.013530 0.513530 0.746194
endloop
endfacet
facet normal 0.300244 0.365785 0.880940
outer loop
vertex 1.015433 0.523097 0.741573
vertex 1.013530 0.513530 0.746194
vertex 1.019642 0.519642 0.741573
endloop
endfacet
facet normal 0.560096 0.682469 -0.469604
outer loop
vertex 1.023097 0.534567 0.672221
vertex 1.025664 0.538409 0.680866
vertex 1.032664 0.532664 0.680866
endloop
endfacet
facet normal 0.560078 0.682504 -0.469575
outer loop
vertex 1.023097 0.534567 0.672221
vertex 1.032664 0.532664 0.680866
vertex 1.029397 0.529397 0.672221
endloop
endfacet
facet normal 0.403630 0.491713 0.771557
outer loop
vertex 1.019642 0.529397 0.735356
vertex 1.015433 0.523097 0.741573
vertex 1.019642 0.519642 0.741573
endloop
endfacet
facet normal 0.403556 0.491738 0.771580
outer loop
vertex 1.019642 0.529397 0.735356
vertex 1.019642 0.519642 0.741573
vertex 1.025000 0.525000 0.735356
endloop
endfacet
facet normal 0.491302 0.598684 -0.632614
outer loop
vertex 1.019642 0.529397 0.664645
vertex 1.023097 0.534567 0.672221
vertex 1.029397 0.529397 0.672221
endloop
endfacet
facet normal 0.491297 0.598702 -0.632601
outer loop
vertex 1.019642 0.529397 0.664645
vertex 1.029397 0.529397 0.672221
vertex 1.025000 0.525000 0.664645
endloop
endfacet
facet normal 0.491354 0.598763 0.632499
outer loop
vertex 1.023097 0.534567 0.727778
vertex 1.019642 0.529397 0.735356
vertex 1.025000 0.525000 0.735356
endloop
endfacet
facet normal 0.491354 0.598747 0.632514
outer loop
vertex 1.023097 0.534567 0.727778
vertex 1.025000 0.525000 0.735356
vertex 1.029397 0.529397 0.727778
endloop
endfacet
facet normal 0.403619 0.491794 -0.771512
outer loop
vertex 1.015433 0.523097 0.658427
vertex 1.019642 0.529397 0.664645
vertex 1.025000 0.525000 0.664645
endloop
endfacet
facet normal 0.403640 0.491746 -0.771531
outer loop
vertex 1.015433 0.523097 0.658427
vertex 1.025000 0.525000 0.664645
vertex 1.019642 0.519642 0.658427
endloop
endfacet
facet normal 0.560060 0.682467 0.469651
outer loop
vertex 1.025664 0.538409 0.719134
vertex 1.023097 0.534567 0.727778
vertex 1.029397 0.529397 0.727778
endloop
endfacet
facet normal 0.560087 0.682463 0.469624
outer loop
vertex 1.025664 0.538409 0.719134
vertex 1.029397 0.529397 0.727778
vertex 1.032664 0.532664 0.719134
endloop
endfacet
facet normal 0.300234 0.365752 -0.880957
outer loop
vertex 1.010630 0.515909 0.653806
vertex 1.015433 0.523097 0.658427
vertex 1.019642 0.519642 0.658427
endloop
endfacet
facet normal 0.300163 0.365891 -0.880923
outer loop
vertex 1.010630 0.515909 0.653806
vertex 1.019642 0.519642 0.658427
vertex 1.013530 0.513530 0.653806
endloop
endfacet
facet normal 0.607337 0.740039 0.288937
outer loop
vertex 1.027245 0.540774 0.709754
vertex 1.025664 0.538409 0.719134
vertex 1.032664 0.532664 0.719134
endloop
endfacet
facet normal 0.607298 0.740042 0.289011
outer loop
vertex 1.027245 0.540774 0.709754
vertex 1.032664 0.532664 0.719134
vertex 1.034676 0.534676 0.709754
endloop
endfacet
facet normal 0.184963 0.225487 -0.956527
outer loop
vertex 1.005419 0.508110 0.650960
vertex 1.010630 0.515909 0.653806
vertex 1.013530 0.513530 0.653806
endloop
endfacet
facet normal 0.184881 0.225561 -0.956526
outer loop
vertex 1.005419 0.508110 0.650960
vertex 1.013530 0.513530 0.653806
vertex 1.006898 0.506898 0.650960
endloop
endfacet
facet normal 0.631339 0.769351 0.097521
outer loop
vertex 1.027778 0.541573 0.700000
vertex 1.027245 0.540774 0.709754
vertex 1.034676 0.534676 0.709754
endloop
endfacet
facet normal 0.631239 0.769418 0.097642
outer loop
vertex 1.027778 0.541573 0.700000
vertex 1.034676 0.534676 0.709754
vertex 1.035356 0.535356 0.700000
endloop
endfacet
facet normal 0.062410 0.076190 0.995138
outer loop
vertex 1.005419 0.508110 0.749039
vertex 1.000000 0.500000 0.750000
vertex 1.006898 0.506898 0.749039
endloop
endfacet
facet normal 0.062379 0.076109 -0.995146
outer loop
vertex 1.000000 0.500000 0.650000
vertex 1.005419 0.508110 0.650960
vertex 1.006898 0.506898 0.650960
endloop
endfacet
facet normal 0.631255 0.769421 -0.097511
outer loop
vertex 1.027245 0.540774 0.690245
vertex 1.027778 0.541573 0.700000
vertex 1.035356 0.535356 0.700000
endloop
endfacet
facet normal 0.631328 0.769346 -0.097634
outer loop
vertex 1.027245 0.540774 0.690245
vertex 1.035356 0.535356 0.700000
vertex 1.034676 0.534676 0.690245
endloop
endfacet
facet normal 0.184801 0.225514 0.956552
outer loop
vertex 1.010630 0.515909 0.746194
vertex 1.005419 0.508110 0.749039
vertex 1.006898 0.506898 0.749039
endloop
endfacet
facet normal 0.184911 0.225420 0.956553
outer loop
vertex 1.010630 0.515909 0.746194
vertex 1.006898 0.506898 0.749039
vertex 1.013530 0.513530 0.746194
endloop
endfacet
facet normal 0.607299 0.740052 -0.288984
outer loop
vertex 1.025664 0.538409 0.680866
vertex 1.027245 0.540774 0.690245
vertex 1.034676 0.534676 0.690245
endloop
endfacet
facet normal 0.607306 0.740027 -0.289031
outer loop
vertex 1.025664 0.538409 0.680866
vertex 1.034676 0.534676 0.690245
vertex 1.032664 0.532664 0.680866
endloop
endfacet
facet normal 0.740016 0.607333 0.289003
outer loop
vertex 1.034676 0.534676 0.709754
vertex 1.032664 0.532664 0.719134
vertex 1.038409 0.525664 0.719134
endloop
endfacet
facet normal 0.740059 0.607304 0.288954
outer loop
vertex 1.034676 0.534676 0.709754
vertex 1.038409 0.525664 0.719134
vertex 1.040774 0.527245 0.709754
endloop
endfacet
facet normal 0.225504 0.184988 -0.956518
outer loop
vertex 1.006898 0.506898 0.650960
vertex 1.013530 0.513530 0.653806
vertex 1.015909 0.510630 0.653806
endloop
endfacet
facet normal 0.225547 0.184849 -0.956535
outer loop
vertex 1.006898 0.506898 0.650960
vertex 1.015909 0.510630 0.653806
vertex 1.008110 0.505419 0.650960
endloop
endfacet
facet normal 0.769350 0.631321 0.097643
outer loop
vertex 1.035356 0.535356 0.700000
vertex 1.034676 0.534676 0.709754
vertex 1.040774 0.527245 0.709754
endloop
endfacet
facet normal 0.769428 0.631244 0.097526
outer loop
vertex 1.035356 0.535356 0.700000
vertex 1.040774 0.527245 0.709754
vertex 1.041573 0.527778 0.700000
endloop
endfacet
facet normal 0.076192 0.062443 0.995136
outer loop
vertex 1.006898 0.506898 0.749039
vertex 1.000000 0.500000 0.750000
vertex 1.008110 0.505419 0.749039
endloop
endfacet
facet normal 0.076116 0.062385 -0.995145
outer loop
vertex 1.000000 0.500000 0.650000
vertex 1.006898 0.506898 0.650960
vertex 1.008110 0.505419 0.650960
endloop
endfacet
facet normal 0.769419 0.631239 -0.097633
outer loop
vertex 1.034676 0.534676 0.690245
vertex 1.035356 0.535356 0.700000
vertex 1.041573 0.527778 0.700000
endloop
endfacet
facet normal 0.769365 0.631323 -0.097512
outer loop
vertex 1.034676 0.534676 0.690245
vertex 1.041573 0.527778 0.700000
vertex 1.040774 0.527245 0.690245
endloop
endfacet
facet normal 0.225505 0.184811 0.956552
outer loop
vertex 1.013530 0.513530 0.746194
vertex 1.006898 0.506898 0.749039
vertex 1.008110 0.505419 0.749039
endloop
endfacet
facet normal 0.225406 0.184912 0.956556
outer loop
vertex 1.013530 0.513530 0.746194
vertex 1.008110 0.505419 0.749039
vertex 1.015909 0.510630 0.746194
endloop
endfacet
facet normal 0.740046 0.607285 -0.289027
outer loop
vertex 1.032664 0.532664 0.680866
vertex 1.034676 0.534676 0.690245
vertex 1.040774 0.527245 0.690245
endloop
endfacet
facet normal 0.740021 0.607331 -0.288995
outer loop
vertex 1.032664 0.532664 0.680866
vertex 1.040774 0.527245 0.690245
vertex 1.038409 0.525664 0.680866
endloop
endfacet
facet normal 0.365887 0.300130 0.880936
outer loop
vertex 1.019642 0.519642 0.741573
vertex 1.013530 0.513530 0.746194
vertex 1.015909 0.510630 0.746194
endloop
endfacet
facet normal 0.365736 0.300220 0.880968
outer loop
vertex 1.019642 0.519642 0.741573
vertex 1.015909 0.510630 0.746194
vertex 1.023097 0.515433 0.741573
endloop
endfacet
facet normal 0.682489 0.560095 -0.469578
outer loop
vertex 1.029397 0.529397 0.672221
vertex 1.032664 0.532664 0.680866
vertex 1.038409 0.525664 0.680866
endloop
endfacet
facet normal 0.682478 0.560082 -0.469608
outer loop
vertex 1.029397 0.529397 0.672221
vertex 1.038409 0.525664 0.680866
vertex 1.034567 0.523097 0.672221
endloop
endfacet
facet normal 0.491685 0.403610 0.771586
outer loop
vertex 1.025000 0.525000 0.735356
vertex 1.019642 0.519642 0.741573
vertex 1.023097 0.515433 0.741573
endloop
endfacet
facet normal 0.491770 0.403568 0.771554
outer loop
vertex 1.025000 0.525000 0.735356
vertex 1.023097 0.515433 0.741573
vertex 1.029397 0.519642 0.735356
endloop
endfacet
facet normal 0.598680 0.491287 -0.632628
outer loop
vertex 1.025000 0.525000 0.664645
vertex 1.029397 0.529397 0.672221
vertex 1.034567 0.523097 0.672221
endloop
endfacet
facet normal 0.598684 0.491296 -0.632619
outer loop
vertex 1.025000 0.525000 0.664645
vertex 1.034567 0.523097 0.672221
vertex 1.029397 0.519642 0.664645
endloop
endfacet
facet normal 0.598753 0.491343 0.632517
outer loop
vertex 1.029397 0.529397 0.727778
vertex 1.025000 0.525000 0.735356
vertex 1.029397 0.519642 0.735356
endloop
endfacet
facet normal 0.598748 0.491349 0.632516
outer loop
vertex 1.029397 0.529397 0.727778
vertex 1.029397 0.519642 0.735356
vertex 1.034567 0.523097 0.727778
endloop
endfacet
facet normal 0.491795 0.403577 -0.771533
outer loop
vertex 1.019642 0.519642 0.658427
vertex 1.025000 0.525000 0.664645
vertex 1.029397 0.519642 0.664645
endloop
endfacet
facet normal 0.491752 0.403695 -0.771499
outer loop
vertex 1.019642 0.519642 0.658427
vertex 1.029397 0.519642 0.664645
vertex 1.023097 0.515433 0.658427
endloop
endfacet
facet normal 0.682480 0.560069 0.469621
outer loop
vertex 1.032664 0.532664 0.719134
vertex 1.029397 0.529397 0.727778
vertex 1.034567 0.523097 0.727778
endloop
endfacet
facet normal 0.682441 0.560093 0.469649
outer loop
vertex 1.032664 0.532664 0.719134
vertex 1.034567 0.523097 0.727778
vertex 1.038409 0.525664 0.719134
endloop
endfacet
facet normal 0.365779 0.300263 -0.880936
outer loop
vertex 1.013530 0.513530 0.653806
vertex 1.019642 0.519642 0.658427
vertex 1.023097 0.515433 0.658427
endloop
endfacet
facet normal 0.365822 0.300091 -0.880977
outer loop
vertex 1.013530 0.513530 0.653806
vertex 1.023097 0.515433 0.658427
vertex 1.015909 0.510630 0.653806
endloop
endfacet
facet normal 0.778685 0.416083 -0.469600
outer loop
vertex 1.034567 0.523097 0.672221
vertex 1.038409 0.525664 0.680866
vertex 1.042677 0.517677 0.680866
endloop
endfacet
facet normal 0.778657 0.416205 -0.469538
outer loop
vertex 1.034567 0.523097 0.672221
vertex 1.042677 0.517677 0.680866
vertex 1.038409 0.515909 0.672221
endloop
endfacet
facet normal 0.561065 0.299834 0.771560
outer loop
vertex 1.029397 0.519642 0.735356
vertex 1.023097 0.515433 0.741573
vertex 1.025664 0.510630 0.741573
endloop
endfacet
facet normal 0.561020 0.299908 0.771565
outer loop
vertex 1.029397 0.519642 0.735356
vertex 1.025664 0.510630 0.741573
vertex 1.032664 0.513530 0.735356
endloop
endfacet
facet normal 0.683030 0.365094 -0.632595
outer loop
vertex 1.029397 0.519642 0.664645
vertex 1.034567 0.523097 0.672221
vertex 1.038409 0.515909 0.672221
endloop
endfacet
facet normal 0.683017 0.365091 -0.632610
outer loop
vertex 1.029397 0.519642 0.664645
vertex 1.038409 0.515909 0.672221
vertex 1.032664 0.513530 0.664645
endloop
endfacet
facet normal 0.683093 0.365144 0.632498
outer loop
vertex 1.034567 0.523097 0.727778
vertex 1.029397 0.519642 0.735356
vertex 1.032664 0.513530 0.735356
endloop
endfacet
facet normal 0.683098 0.365127 0.632502
outer loop
vertex 1.034567 0.523097 0.727778
vertex 1.032664 0.513530 0.735356
vertex 1.038409 0.515909 0.727778
endloop
endfacet
facet normal 0.561113 0.299917 -0.771493
outer loop
vertex 1.023097 0.515433 0.658427
vertex 1.029397 0.519642 0.664645
vertex 1.032664 0.513530 0.664645
endloop
endfacet
facet normal 0.561074 0.299880 -0.771536
outer loop
vertex 1.023097 0.515433 0.658427
vertex 1.032664 0.513530 0.664645
vertex 1.025664 0.510630 0.658427
endloop
endfacet
facet normal 0.778609 0.416159 0.469658
outer loop
vertex 1.038409 0.525664 0.719134
vertex 1.034567 0.523097 0.727778
vertex 1.038409 0.515909 0.727778
endloop
endfacet
facet normal 0.778690 0.416097 0.469580
outer loop
vertex 1.038409 0.525664 0.719134
vertex 1.038409 0.515909 0.727778
vertex 1.042677 0.517677 0.719134
endloop
endfacet
facet normal 0.417324 0.223043 -0.880961
outer loop
vertex 1.015909 0.510630 0.653806
vertex 1.023097 0.515433 0.658427
vertex 1.025664 0.510630 0.658427
endloop
endfacet
facet normal 0.417318 0.223056 -0.880961
outer loop
vertex 1.015909 0.510630 0.653806
vertex 1.025664 0.510630 0.658427
vertex 1.017677 0.507322 0.653806
endloop
endfacet
facet normal 0.844364 0.451179 0.288941
outer loop
vertex 1.040774 0.527245 0.709754
vertex 1.038409 0.525664 0.719134
vertex 1.042677 0.517677 0.719134
endloop
endfacet
facet normal 0.844224 0.451340 0.289099
outer loop
vertex 1.040774 0.527245 0.709754
vertex 1.042677 0.517677 0.719134
vertex 1.045307 0.518766 0.709754
endloop
endfacet
facet normal 0.257211 0.137473 -0.956527
outer loop
vertex 1.008110 0.505419 0.650960
vertex 1.015909 0.510630 0.653806
vertex 1.017677 0.507322 0.653806
endloop
endfacet
facet normal 0.257174 0.137583 -0.956521
outer loop
vertex 1.008110 0.505419 0.650960
vertex 1.017677 0.507322 0.653806
vertex 1.009012 0.503733 0.650960
endloop
endfacet
facet normal 0.877683 0.469208 0.097550
outer loop
vertex 1.041573 0.527778 0.700000
vertex 1.040774 0.527245 0.709754
vertex 1.045307 0.518766 0.709754
endloop
endfacet
facet normal 0.877683 0.469213 0.097525
outer loop
vertex 1.041573 0.527778 0.700000
vertex 1.045307 0.518766 0.709754
vertex 1.046194 0.519134 0.700000
endloop
endfacet
facet normal 0.086856 0.046468 0.995136
outer loop
vertex 1.008110 0.505419 0.749039
vertex 1.000000 0.500000 0.750000
vertex 1.009012 0.503733 0.749039
endloop
endfacet
facet normal 0.086769 0.046418 -0.995146
outer loop
vertex 1.000000 0.500000 0.650000
vertex 1.008110 0.505419 0.650960
vertex 1.009012 0.503733 0.650960
endloop
endfacet
facet normal 0.877689 0.469201 -0.097534
outer loop
vertex 1.040774 0.527245 0.690245
vertex 1.041573 0.527778 0.700000
vertex 1.046194 0.519134 0.700000
endloop
endfacet
facet normal 0.877672 0.469235 -0.097518
outer loop
vertex 1.040774 0.527245 0.690245
vertex 1.046194 0.519134 0.700000
vertex 1.045307 0.518766 0.690245
endloop
endfacet
facet normal 0.257067 0.137505 0.956561
outer loop
vertex 1.015909 0.510630 0.746194
vertex 1.008110 0.505419 0.749039
vertex 1.009012 0.503733 0.749039
endloop
endfacet
facet normal 0.257140 0.137444 0.956550
outer loop
vertex 1.015909 0.510630 0.746194
vertex 1.009012 0.503733 0.749039
vertex 1.017677 0.507322 0.746194
endloop
endfacet
facet normal 0.844270 0.451337 -0.288967
outer loop
vertex 1.038409 0.525664 0.680866
vertex 1.040774 0.527245 0.690245
vertex 1.045307 0.518766 0.690245
endloop
endfacet
facet normal 0.844294 0.451178 -0.289145
outer loop
vertex 1.038409 0.525664 0.680866
vertex 1.045307 0.518766 0.690245
vertex 1.042677 0.517677 0.680866
endloop
endfacet
facet normal 0.417313 0.223028 0.880970
outer loop
vertex 1.023097 0.515433 0.741573
vertex 1.015909 0.510630 0.746194
vertex 1.017677 0.507322 0.746194
endloop
endfacet
facet normal 0.417322 0.223047 0.880961
outer loop
vertex 1.023097 0.515433 0.741573
vertex 1.017677 0.507322 0.746194
vertex 1.025664 0.510630 0.741573
endloop
endfacet
facet normal 0.279096 0.084664 -0.956523
outer loop
vertex 1.009012 0.503733 0.650960
vertex 1.017677 0.507322 0.653806
vertex 1.018766 0.503733 0.653806
endloop
endfacet
facet normal 0.279094 0.084668 -0.956524
outer loop
vertex 1.009012 0.503733 0.650960
vertex 1.018766 0.503733 0.653806
vertex 1.009567 0.501903 0.650960
endloop
endfacet
facet normal 0.952387 0.288874 0.097525
outer loop
vertex 1.046194 0.519134 0.700000
vertex 1.045307 0.518766 0.709754
vertex 1.048097 0.509567 0.709754
endloop
endfacet
facet normal 0.952397 0.288845 0.097516
outer loop
vertex 1.046194 0.519134 0.700000
vertex 1.048097 0.509567 0.709754
vertex 1.049039 0.509754 0.700000
endloop
endfacet
facet normal 0.094274 0.028595 0.995136
outer loop
vertex 1.009012 0.503733 0.749039
vertex 1.000000 0.500000 0.750000
vertex 1.009567 0.501903 0.749039
endloop
endfacet
facet normal 0.094188 0.028565 -0.995145
outer loop
vertex 1.000000 0.500000 0.650000
vertex 1.009012 0.503733 0.650960
vertex 1.009567 0.501903 0.650960
endloop
endfacet
facet normal 0.952389 0.288870 -0.097511
outer loop
vertex 1.045307 0.518766 0.690245
vertex 1.046194 0.519134 0.700000
vertex 1.049039 0.509754 0.700000
endloop
endfacet
facet normal 0.952398 0.288842 -0.097507
outer loop
vertex 1.045307 0.518766 0.690245
vertex 1.049039 0.509754 0.700000
vertex 1.048097 0.509567 0.690245
endloop
endfacet
facet normal 0.279027 0.084624 0.956547
outer loop
vertex 1.017677 0.507322 0.746194
vertex 1.009012 0.503733 0.749039
vertex 1.009567 0.501903 0.749039
endloop
endfacet
facet normal 0.279008 0.084651 0.956550
outer loop
vertex 1.017677 0.507322 0.746194
vertex 1.009567 0.501903 0.749039
vertex 1.018766 0.503733 0.746194
endloop
endfacet
facet normal 0.916077 0.277852 -0.289138
outer loop
vertex 1.042677 0.517677 0.680866
vertex 1.045307 0.518766 0.690245
vertex 1.048097 0.509567 0.690245
endloop
endfacet
facet normal 0.916074 0.278031 -0.288975
outer loop
vertex 1.042677 0.517677 0.680866
vertex 1.048097 0.509567 0.690245
vertex 1.045307 0.509012 0.680866
endloop
endfacet
facet normal 0.452793 0.137361 0.880971
outer loop
vertex 1.025664 0.510630 0.741573
vertex 1.017677 0.507322 0.746194
vertex 1.018766 0.503733 0.746194
endloop
endfacet
facet normal 0.452784 0.137384 0.880972
outer loop
vertex 1.025664 0.510630 0.741573
vertex 1.018766 0.503733 0.746194
vertex 1.027245 0.505419 0.741573
endloop
endfacet
facet normal 0.844857 0.256417 -0.469540
outer loop
vertex 1.038409 0.515909 0.672221
vertex 1.042677 0.517677 0.680866
vertex 1.045307 0.509012 0.680866
endloop
endfacet
facet normal 0.844834 0.256202 -0.469698
outer loop
vertex 1.038409 0.515909 0.672221
vertex 1.045307 0.509012 0.680866
vertex 1.040774 0.508110 0.672221
endloop
endfacet
facet normal 0.608752 0.184692 0.771563
outer loop
vertex 1.032664 0.513530 0.735356
vertex 1.025664 0.510630 0.741573
vertex 1.027245 0.505419 0.741573
endloop
endfacet
facet normal 0.608746 0.184680 0.771571
outer loop
vertex 1.032664 0.513530 0.735356
vertex 1.027245 0.505419 0.741573
vertex 1.034676 0.506898 0.735356
endloop
endfacet
facet normal 0.741158 0.224767 -0.632586
outer loop
vertex 1.032664 0.513530 0.664645
vertex 1.038409 0.515909 0.672221
vertex 1.040774 0.508110 0.672221
endloop
endfacet
facet normal 0.741168 0.224840 -0.632548
outer loop
vertex 1.032664 0.513530 0.664645
vertex 1.040774 0.508110 0.672221
vertex 1.034676 0.506898 0.664645
endloop
endfacet
facet normal 0.741207 0.224846 0.632500
outer loop
vertex 1.038409 0.515909 0.727778
vertex 1.032664 0.513530 0.735356
vertex 1.034676 0.506898 0.735356
endloop
endfacet
facet normal 0.741274 0.224790 0.632442
outer loop
vertex 1.038409 0.515909 0.727778
vertex 1.034676 0.506898 0.735356
vertex 1.040774 0.508110 0.727778
endloop
endfacet
facet normal 0.608811 0.184682 -0.771519
outer loop
vertex 1.025664 0.510630 0.658427
vertex 1.032664 0.513530 0.664645
vertex 1.034676 0.506898 0.664645
endloop
endfacet
facet normal 0.608797 0.184734 -0.771518
outer loop
vertex 1.025664 0.510630 0.658427
vertex 1.034676 0.506898 0.664645
vertex 1.027245 0.505419 0.658427
endloop
endfacet
facet normal 0.844909 0.256183 0.469573
outer loop
vertex 1.042677 0.517677 0.719134
vertex 1.038409 0.515909 0.727778
vertex 1.040774 0.508110 0.727778
endloop
endfacet
facet normal 0.844740 0.256436 0.469739
outer loop
vertex 1.042677 0.517677 0.719134
vertex 1.040774 0.508110 0.727778
vertex 1.045307 0.509012 0.719134
endloop
endfacet
facet normal 0.452811 0.137370 -0.880961
outer loop
vertex 1.017677 0.507322 0.653806
vertex 1.025664 0.510630 0.658427
vertex 1.027245 0.505419 0.658427
endloop
endfacet
facet normal 0.452786 0.137379 -0.880972
outer loop
vertex 1.017677 0.507322 0.653806
vertex 1.027245 0.505419 0.658427
vertex 1.018766 0.503733 0.653806
endloop
endfacet
facet normal 0.916027 0.278045 0.289113
outer loop
vertex 1.045307 0.518766 0.709754
vertex 1.042677 0.517677 0.719134
vertex 1.045307 0.509012 0.719134
endloop
endfacet
facet normal 0.916138 0.277856 0.288943
outer loop
vertex 1.045307 0.518766 0.709754
vertex 1.045307 0.509012 0.719134
vertex 1.048097 0.509567 0.709754
endloop
endfacet
facet normal 0.770781 0.075942 -0.632558
outer loop
vertex 1.034676 0.506898 0.664645
vertex 1.040774 0.508110 0.672221
vertex 1.041573 0.500000 0.672221
endloop
endfacet
facet normal 0.770801 0.075991 -0.632528
outer loop
vertex 1.034676 0.506898 0.664645
vertex 1.041573 0.500000 0.672221
vertex 1.035356 0.500000 0.664645
endloop
endfacet
facet normal 0.770866 0.075977 0.632450
outer loop
vertex 1.040774 0.508110 0.727778
vertex 1.034676 0.506898 0.735356
vertex 1.035356 0.500000 0.735356
endloop
endfacet
facet normal 0.770875 0.075979 0.632439
outer loop
vertex 1.040774 0.508110 0.727778
vertex 1.035356 0.500000 0.735356
vertex 1.041573 0.500000 0.727778
endloop
endfacet
facet normal 0.633164 0.062415 -0.771497
outer loop
vertex 1.027245 0.505419 0.658427
vertex 1.034676 0.506898 0.664645
vertex 1.035356 0.500000 0.664645
endloop
endfacet
facet normal 0.633083 0.062277 -0.771574
outer loop
vertex 1.027245 0.505419 0.658427
vertex 1.035356 0.500000 0.664645
vertex 1.027778 0.500000 0.658427
endloop
endfacet
facet normal 0.878550 0.086533 0.469746
outer loop
vertex 1.045307 0.509012 0.719134
vertex 1.040774 0.508110 0.727778
vertex 1.041573 0.500000 0.727778
endloop
endfacet
facet normal 0.878587 0.086489 0.469686
outer loop
vertex 1.045307 0.509012 0.719134
vertex 1.041573 0.500000 0.727778
vertex 1.046194 0.500000 0.719134
endloop
endfacet
facet normal 0.470910 0.046323 -0.880964
outer loop
vertex 1.018766 0.503733 0.653806
vertex 1.027245 0.505419 0.658427
vertex 1.027778 0.500000 0.658427
endloop
endfacet
facet normal 0.470954 0.046455 -0.880934
outer loop
vertex 1.018766 0.503733 0.653806
vertex 1.027778 0.500000 0.658427
vertex 1.019134 0.500000 0.653806
endloop
endfacet
facet normal 0.952740 0.093798 0.288943
outer loop
vertex 1.048097 0.509567 0.709754
vertex 1.045307 0.509012 0.719134
vertex 1.046194 0.500000 0.719134
endloop
endfacet
facet normal 0.952736 0.093793 0.288959
outer loop
vertex 1.048097 0.509567 0.709754
vertex 1.046194 0.500000 0.719134
vertex 1.049039 0.500000 0.709754
endloop
endfacet
facet normal 0.290243 0.028624 -0.956525
outer loop
vertex 1.009567 0.501903 0.650960
vertex 1.018766 0.503733 0.653806
vertex 1.019134 0.500000 0.653806
endloop
endfacet
facet normal 0.290213 0.028496 -0.956538
outer loop
vertex 1.009567 0.501903 0.650960
vertex 1.019134 0.500000 0.653806
vertex 1.009754 0.500000 0.650960
endloop
endfacet
facet normal 0.990443 0.097525 0.097522
outer loop
vertex 1.049039 0.509754 0.700000
vertex 1.048097 0.509567 0.709754
vertex 1.049039 0.500000 0.709754
endloop
endfacet
facet normal 0.990432 0.097593 0.097575
outer loop
vertex 1.049039 0.509754 0.700000
vertex 1.049039 0.500000 0.709754
vertex 1.050000 0.500000 0.700000
endloop
endfacet
facet normal 0.098036 0.009630 0.995136
outer loop
vertex 1.009567 0.501903 0.749039
vertex 1.000000 0.500000 0.750000
vertex 1.009754 0.500000 0.749039
endloop
endfacet
facet normal 0.097937 0.009624 -0.995146
outer loop
vertex 1.000000 0.500000 0.650000
vertex 1.009567 0.501903 0.650960
vertex 1.009754 0.500000 0.650960
endloop
endfacet
facet normal 0.990441 0.097564 -0.097510
outer loop
vertex 1.048097 0.509567 0.690245
vertex 1.049039 0.509754 0.700000
vertex 1.050000 0.500000 0.700000
endloop
endfacet
facet normal 0.990436 0.097553 -0.097567
outer loop
vertex 1.048097 0.509567 0.690245
vertex 1.050000 0.500000 0.700000
vertex 1.049039 0.500000 0.690245
endloop
endfacet
facet normal 0.290162 0.028501 0.956553
outer loop
vertex 1.018766 0.503733 0.746194
vertex 1.009567 0.501903 0.749039
vertex 1.009754 0.500000 0.749039
endloop
endfacet
facet normal 0.290137 0.028609 0.956557
outer loop
vertex 1.018766 0.503733 0.746194
vertex 1.009754 0.500000 0.749039
vertex 1.019134 0.500000 0.746194
endloop
endfacet
facet normal 0.952730 0.093822 -0.288969
outer loop
vertex 1.045307 0.509012 0.680866
vertex 1.048097 0.509567 0.690245
vertex 1.049039 0.500000 0.690245
endloop
endfacet
facet normal 0.952728 0.093766 -0.288994
outer loop
vertex 1.045307 0.509012 0.680866
vertex 1.049039 0.500000 0.690245
vertex 1.046194 0.500000 0.680866
endloop
endfacet
facet normal 0.470876 0.046423 0.880977
outer loop
vertex 1.027245 0.505419 0.741573
vertex 1.018766 0.503733 0.746194
vertex 1.019134 0.500000 0.746194
endloop
endfacet
facet normal 0.470948 0.046345 0.880943
outer loop
vertex 1.027245 0.505419 0.741573
vertex 1.019134 0.500000 0.746194
vertex 1.027778 0.500000 0.741573
endloop
endfacet
facet normal 0.878582 0.086477 -0.469697
outer loop
vertex 1.040774 0.508110 0.672221
vertex 1.045307 0.509012 0.680866
vertex 1.046194 0.500000 0.680866
endloop
endfacet
facet normal 0.878600 0.086576 -0.469645
outer loop
vertex 1.040774 0.508110 0.672221
vertex 1.046194 0.500000 0.680866
vertex 1.041573 0.500000 0.672221
endloop
endfacet
facet normal 0.633095 0.062272 0.771565
outer loop
vertex 1.034676 0.506898 0.735356
vertex 1.027245 0.505419 0.741573
vertex 1.027778 0.500000 0.741573
endloop
endfacet
facet normal 0.633039 0.062413 0.771599
outer loop
vertex 1.034676 0.506898 0.735356
vertex 1.027778 0.500000 0.741573
vertex 1.035356 0.500000 0.735356
endloop
endfacet
facet normal 0.098036 -0.009630 0.995136
outer loop
vertex 1.009754 0.500000 0.749039
vertex 1.000000 0.500000 0.750000
vertex 1.009567 0.498097 0.749039
endloop
endfacet
facet normal 0.097937 -0.009624 -0.995146
outer loop
vertex 1.000000 0.500000 0.650000
vertex 1.009754 0.500000 0.650960
vertex 1.009567 0.498097 0.650960
endloop
endfacet
facet normal 0.990434 -0.097573 -0.097566
outer loop
vertex 1.049039 0.500000 0.690245
vertex 1.050000 0.500000 0.700000
vertex 1.049039 0.490245 0.700000
endloop
endfacet
facet normal 0.990443 -0.097533 -0.097520
outer loop
vertex 1.049039 0.500000 0.690245
vertex 1.049039 0.490245 0.700000
vertex 1.048097 0.490433 0.690245
endloop
endfacet
facet normal 0.290132 -0.028497 0.956562
outer loop
vertex 1.019134 0.500000 0.746194
vertex 1.009754 0.500000 0.749039
vertex 1.009567 0.498097 0.749039
endloop
endfacet
facet normal 0.290153 -0.028611 0.956553
outer loop
vertex 1.019134 0.500000 0.746194
vertex 1.009567 0.498097 0.749039
vertex 1.018766 0.496267 0.746194
endloop
endfacet
facet normal 0.952727 -0.093783 -0.288991
outer loop
vertex 1.046194 0.500000 0.680866
vertex 1.049039 0.500000 0.690245
vertex 1.048097 0.490433 0.690245
endloop
endfacet
facet normal 0.952730 -0.093808 -0.288975
outer loop
vertex 1.046194 0.500000 0.680866
vertex 1.048097 0.490433 0.690245
vertex 1.045307 0.490988 0.680866
endloop
endfacet
facet normal 0.470938 -0.046453 0.880942
outer loop
vertex 1.027778 0.500000 0.741573
vertex 1.019134 0.500000 0.746194
vertex 1.018766 0.496267 0.746194
endloop
endfacet
facet normal 0.470898 -0.046324 0.880970
outer loop
vertex 1.027778 0.500000 0.741573
vertex 1.018766 0.496267 0.746194
vertex 1.027245 0.494581 0.741573
endloop
endfacet
facet normal 0.878608 -0.086502 -0.469643
outer loop
vertex 1.041573 0.500000 0.672221
vertex 1.046194 0.500000 0.680866
vertex 1.045307 0.490988 0.680866
endloop
endfacet
facet normal 0.878568 -0.086549 -0.469710
outer loop
vertex 1.041573 0.500000 0.672221
vertex 1.045307 0.490988 0.680866
vertex 1.040774 0.491890 0.672221
endloop
endfacet
facet normal 0.633028 -0.062281 0.771620
outer loop
vertex 1.035356 0.500000 0.735356
vertex 1.027778 0.500000 0.741573
vertex 1.027245 0.494581 0.741573
endloop
endfacet
facet normal 0.633099 -0.062414 0.771551
outer loop
vertex 1.035356 0.500000 0.735356
vertex 1.027245 0.494581 0.741573
vertex 1.034676 0.493103 0.735356
endloop
endfacet
facet normal 0.770800 -0.075968 -0.632532
outer loop
vertex 1.035356 0.500000 0.664645
vertex 1.041573 0.500000 0.672221
vertex 1.040774 0.491890 0.672221
endloop
endfacet
facet normal 0.770774 -0.075972 -0.632563
outer loop
vertex 1.035356 0.500000 0.664645
vertex 1.040774 0.491890 0.672221
vertex 1.034676 0.493103 0.664645
endloop
endfacet
facet normal 0.770876 -0.076018 0.632433
outer loop
vertex 1.041573 0.500000 0.727778
vertex 1.035356 0.500000 0.735356
vertex 1.034676 0.493103 0.735356
endloop
endfacet
facet normal 0.770862 -0.075954 0.632457
outer loop
vertex 1.041573 0.500000 0.727778
vertex 1.034676 0.493103 0.735356
vertex 1.040774 0.491890 0.727778
endloop
endfacet
facet normal 0.633089 -0.062418 -0.771558
outer loop
vertex 1.027778 0.500000 0.658427
vertex 1.035356 0.500000 0.664645
vertex 1.034676 0.493103 0.664645
endloop
endfacet
facet normal 0.633172 -0.062284 -0.771501
outer loop
vertex 1.027778 0.500000 0.658427
vertex 1.034676 0.493103 0.664645
vertex 1.027245 0.494581 0.658427
endloop
endfacet
facet normal 0.878580 -0.086582 0.469681
outer loop
vertex 1.046194 0.500000 0.719134
vertex 1.041573 0.500000 0.727778
vertex 1.040774 0.491890 0.727778
endloop
endfacet
facet normal 0.878559 -0.086444 0.469745
outer loop
vertex 1.046194 0.500000 0.719134
vertex 1.040774 0.491890 0.727778
vertex 1.045307 0.490988 0.719134
endloop
endfacet
facet normal 0.470939 -0.046345 -0.880948
outer loop
vertex 1.019134 0.500000 0.653806
vertex 1.027778 0.500000 0.658427
vertex 1.027245 0.494581 0.658427
endloop
endfacet
facet normal 0.470901 -0.046423 -0.880964
outer loop
vertex 1.019134 0.500000 0.653806
vertex 1.027245 0.494581 0.658427
vertex 1.018766 0.496267 0.653806
endloop
endfacet
facet normal 0.952739 -0.093755 0.288960
outer loop
vertex 1.049039 0.500000 0.709754
vertex 1.046194 0.500000 0.719134
vertex 1.045307 0.490988 0.719134
endloop
endfacet
facet normal 0.952737 -0.093833 0.288942
outer loop
vertex 1.049039 0.500000 0.709754
vertex 1.045307 0.490988 0.719134
vertex 1.048097 0.490433 0.709754
endloop
endfacet
facet normal 0.290227 -0.028621 -0.956530
outer loop
vertex 1.009754 0.500000 0.650960
vertex 1.019134 0.500000 0.653806
vertex 1.018766 0.496267 0.653806
endloop
endfacet
facet normal 0.290257 -0.028502 -0.956524
outer loop
vertex 1.009754 0.500000 0.650960
vertex 1.018766 0.496267 0.653806
vertex 1.009567 0.498097 0.650960
endloop
endfacet
facet normal 0.990436 -0.097544 0.097577
outer loop
vertex 1.050000 0.500000 0.700000
vertex 1.049039 0.500000 0.709754
vertex 1.048097 0.490433 0.709754
endloop
endfacet
facet normal 0.990439 -0.097564 0.097532
outer loop
vertex 1.050000 0.500000 0.700000
vertex 1.048097 0.490433 0.709754
vertex 1.049039 0.490245 0.700000
endloop
endfacet
facet normal 0.741246 -0.224828 0.632461
outer loop
vertex 1.040774 0.491890 0.727778
vertex 1.034676 0.493103 0.735356
vertex 1.032664 0.486470 0.735356
endloop
endfacet
facet normal 0.741230 -0.224777 0.632498
outer loop
vertex 1.040774 0.491890 0.727778
vertex 1.032664 0.486470 0.735356
vertex 1.038409 0.484091 0.727778
endloop
endfacet
facet normal 0.608838 -0.184675 -0.771499
outer loop
vertex 1.027245 0.494581 0.658427
vertex 1.034676 0.493103 0.664645
vertex 1.032664 0.486470 0.664645
endloop
endfacet
facet normal 0.608817 -0.184688 -0.771513
outer loop
vertex 1.027245 0.494581 0.658427
vertex 1.032664 0.486470 0.664645
vertex 1.025664 0.489369 0.658427
endloop
endfacet
facet normal 0.844806 -0.256202 0.469749
outer loop
vertex 1.045307 0.490988 0.719134
vertex 1.040774 0.491890 0.727778
vertex 1.038409 0.484091 0.727778
endloop
endfacet
facet normal 0.844831 -0.256392 0.469599
outer loop
vertex 1.045307 0.490988 0.719134
vertex 1.038409 0.484091 0.727778
vertex 1.042677 0.482322 0.719134
endloop
endfacet
facet normal 0.452804 -0.137377 -0.880963
outer loop
vertex 1.018766 0.496267 0.653806
vertex 1.027245 0.494581 0.658427
vertex 1.025664 0.489369 0.658427
endloop
endfacet
facet normal 0.452814 -0.137300 -0.880970
outer loop
vertex 1.018766 0.496267 0.653806
vertex 1.025664 0.489369 0.658427
vertex 1.017677 0.492677 0.653806
endloop
endfacet
facet normal 0.916092 -0.278012 0.288938
outer loop
vertex 1.048097 0.490433 0.709754
vertex 1.045307 0.490988 0.719134
vertex 1.042677 0.482322 0.719134
endloop
endfacet
facet normal 0.916093 -0.277860 0.289082
outer loop
vertex 1.048097 0.490433 0.709754
vertex 1.042677 0.482322 0.719134
vertex 1.045307 0.481234 0.709754
endloop
endfacet
facet normal 0.279103 -0.084652 -0.956523
outer loop
vertex 1.009567 0.498097 0.650960
vertex 1.018766 0.496267 0.653806
vertex 1.017677 0.492677 0.653806
endloop
endfacet
facet normal 0.279083 -0.084643 -0.956529
outer loop
vertex 1.009567 0.498097 0.650960
vertex 1.017677 0.492677 0.653806
vertex 1.009012 0.496267 0.650960
endloop
endfacet
facet normal 0.952392 -0.288852 0.097544
outer loop
vertex 1.049039 0.490245 0.700000
vertex 1.048097 0.490433 0.709754
vertex 1.045307 0.481234 0.709754
endloop
endfacet
facet normal 0.952382 -0.288889 0.097524
outer loop
vertex 1.049039 0.490245 0.700000
vertex 1.045307 0.481234 0.709754
vertex 1.046194 0.480866 0.700000
endloop
endfacet
facet normal 0.094281 -0.028594 0.995135
outer loop
vertex 1.009567 0.498097 0.749039
vertex 1.000000 0.500000 0.750000
vertex 1.009012 0.496267 0.749039
endloop
endfacet
facet normal 0.094183 -0.028563 -0.995145
outer loop
vertex 1.000000 0.500000 0.650000
vertex 1.009567 0.498097 0.650960
vertex 1.009012 0.496267 0.650960
endloop
endfacet
facet normal 0.952384 -0.288879 -0.097535
outer loop
vertex 1.048097 0.490433 0.690245
vertex 1.049039 0.490245 0.700000
vertex 1.046194 0.480866 0.700000
endloop
endfacet
facet normal 0.952392 -0.288860 -0.097513
outer loop
vertex 1.048097 0.490433 0.690245
vertex 1.046194 0.480866 0.700000
vertex 1.045307 0.481234 0.690245
endloop
endfacet
facet normal 0.279002 -0.084620 0.956555
outer loop
vertex 1.018766 0.496267 0.746194
vertex 1.009567 0.498097 0.749039
vertex 1.009012 0.496267 0.749039
endloop
endfacet
facet normal 0.279010 -0.084629 0.956552
outer loop
vertex 1.018766 0.496267 0.746194
vertex 1.009012 0.496267 0.749039
vertex 1.017677 0.492677 0.746194
endloop
endfacet
facet normal 0.916131 -0.277846 -0.288973
outer loop
vertex 1.045307 0.490988 0.680866
vertex 1.048097 0.490433 0.690245
vertex 1.045307 0.481234 0.690245
endloop
endfacet
facet normal 0.916035 -0.278008 -0.289121
outer loop
vertex 1.045307 0.490988 0.680866
vertex 1.045307 0.481234 0.690245
vertex 1.042677 0.482322 0.680866
endloop
endfacet
facet normal 0.452802 -0.137347 0.880969
outer loop
vertex 1.027245 0.494581 0.741573
vertex 1.018766 0.496267 0.746194
vertex 1.017677 0.492677 0.746194
endloop
endfacet
facet normal 0.452802 -0.137347 0.880969
outer loop
vertex 1.027245 0.494581 0.741573
vertex 1.017677 0.492677 0.746194
vertex 1.025664 0.489369 0.741573
endloop
endfacet
facet normal 0.844778 -0.256389 -0.469697
outer loop
vertex 1.040774 0.491890 0.672221
vertex 1.045307 0.490988 0.680866
vertex 1.042677 0.482322 0.680866
endloop
endfacet
facet normal 0.844915 -0.256203 -0.469550
outer loop
vertex 1.040774 0.491890 0.672221
vertex 1.042677 0.482322 0.680866
vertex 1.038409 0.484091 0.672221
endloop
endfacet
facet normal 0.608768 -0.184682 0.771553
outer loop
vertex 1.034676 0.493103 0.735356
vertex 1.027245 0.494581 0.741573
vertex 1.025664 0.489369 0.741573
endloop
endfacet
facet normal 0.608772 -0.184647 0.771558
outer loop
vertex 1.034676 0.493103 0.735356
vertex 1.025664 0.489369 0.741573
vertex 1.032664 0.486470 0.735356
endloop
endfacet
facet normal 0.741180 -0.224754 -0.632565
outer loop
vertex 1.034676 0.493103 0.664645
vertex 1.040774 0.491890 0.672221
vertex 1.038409 0.484091 0.672221
endloop
endfacet
facet normal 0.741135 -0.224822 -0.632593
outer loop
vertex 1.034676 0.493103 0.664645
vertex 1.038409 0.484091 0.672221
vertex 1.032664 0.486470 0.664645
endloop
endfacet
facet normal 0.877701 -0.469180 -0.097521
outer loop
vertex 1.045307 0.481234 0.690245
vertex 1.046194 0.480866 0.700000
vertex 1.041573 0.472221 0.700000
endloop
endfacet
facet normal 0.877676 -0.469214 -0.097581
outer loop
vertex 1.045307 0.481234 0.690245
vertex 1.041573 0.472221 0.700000
vertex 1.040774 0.472755 0.690245
endloop
endfacet
facet normal 0.257086 -0.137547 0.956550
outer loop
vertex 1.017677 0.492677 0.746194
vertex 1.009012 0.496267 0.749039
vertex 1.008110 0.494581 0.749039
endloop
endfacet
facet normal 0.257101 -0.137417 0.956565
outer loop
vertex 1.017677 0.492677 0.746194
vertex 1.008110 0.494581 0.749039
vertex 1.015909 0.489369 0.746194
endloop
endfacet
facet normal 0.844226 -0.451348 -0.289082
outer loop
vertex 1.042677 0.482322 0.680866
vertex 1.045307 0.481234 0.690245
vertex 1.040774 0.472755 0.690245
endloop
endfacet
facet normal 0.844335 -0.451212 -0.288974
outer loop
vertex 1.042677 0.482322 0.680866
vertex 1.040774 0.472755 0.690245
vertex 1.038409 0.474336 0.680866
endloop
endfacet
facet normal 0.417314 -0.223054 0.880963
outer loop
vertex 1.025664 0.489369 0.741573
vertex 1.017677 0.492677 0.746194
vertex 1.015909 0.489369 0.746194
endloop
endfacet
facet normal 0.417309 -0.223069 0.880962
outer loop
vertex 1.025664 0.489369 0.741573
vertex 1.015909 0.489369 0.746194
vertex 1.023097 0.484567 0.741573
endloop
endfacet
facet normal 0.778666 -0.416150 -0.469573
outer loop
vertex 1.038409 0.484091 0.672221
vertex 1.042677 0.482322 0.680866
vertex 1.038409 0.474336 0.680866
endloop
endfacet
facet normal 0.778632 -0.416164 -0.469617
outer loop
vertex 1.038409 0.484091 0.672221
vertex 1.038409 0.474336 0.680866
vertex 1.034567 0.476903 0.672221
endloop
endfacet
facet normal 0.561048 -0.299916 0.771541
outer loop
vertex 1.032664 0.486470 0.735356
vertex 1.025664 0.489369 0.741573
vertex 1.023097 0.484567 0.741573
endloop
endfacet
facet normal 0.561032 -0.299839 0.771582
outer loop
vertex 1.032664 0.486470 0.735356
vertex 1.023097 0.484567 0.741573
vertex 1.029397 0.480357 0.735356
endloop
endfacet
facet normal 0.683039 -0.365070 -0.632599
outer loop
vertex 1.032664 0.486470 0.664645
vertex 1.038409 0.484091 0.672221
vertex 1.034567 0.476903 0.672221
endloop
endfacet
facet normal 0.683058 -0.365083 -0.632571
outer loop
vertex 1.032664 0.486470 0.664645
vertex 1.034567 0.476903 0.672221
vertex 1.029397 0.480357 0.664645
endloop
endfacet
facet normal 0.683122 -0.365093 0.632496
outer loop
vertex 1.038409 0.484091 0.727778
vertex 1.032664 0.486470 0.735356
vertex 1.029397 0.480357 0.735356
endloop
endfacet
facet normal 0.683125 -0.365135 0.632469
outer loop
vertex 1.038409 0.484091 0.727778
vertex 1.029397 0.480357 0.735356
vertex 1.034567 0.476903 0.727778
endloop
endfacet
facet normal 0.561124 -0.299899 -0.771492
outer loop
vertex 1.025664 0.489369 0.658427
vertex 1.032664 0.486470 0.664645
vertex 1.029397 0.480357 0.664645
endloop
endfacet
facet normal 0.561057 -0.299901 -0.771540
outer loop
vertex 1.025664 0.489369 0.658427
vertex 1.029397 0.480357 0.664645
vertex 1.023097 0.484567 0.658427
endloop
endfacet
facet normal 0.778623 -0.416184 0.469613
outer loop
vertex 1.042677 0.482322 0.719134
vertex 1.038409 0.484091 0.727778
vertex 1.034567 0.476903 0.727778
endloop
endfacet
facet normal 0.778639 -0.416101 0.469660
outer loop
vertex 1.042677 0.482322 0.719134
vertex 1.034567 0.476903 0.727778
vertex 1.038409 0.474336 0.719134
endloop
endfacet
facet normal 0.417306 -0.223081 -0.880960
outer loop
vertex 1.017677 0.492677 0.653806
vertex 1.025664 0.489369 0.658427
vertex 1.023097 0.484567 0.658427
endloop
endfacet
facet normal 0.417333 -0.223057 -0.880953
outer loop
vertex 1.017677 0.492677 0.653806
vertex 1.023097 0.484567 0.658427
vertex 1.015909 0.489369 0.653806
endloop
endfacet
facet normal 0.844302 -0.451217 0.289062
outer loop
vertex 1.045307 0.481234 0.709754
vertex 1.042677 0.482322 0.719134
vertex 1.038409 0.474336 0.719134
endloop
endfacet
facet normal 0.844274 -0.451349 0.288939
outer loop
vertex 1.045307 0.481234 0.709754
vertex 1.038409 0.474336 0.719134
vertex 1.040774 0.472755 0.709754
endloop
endfacet
facet normal 0.257226 -0.137487 -0.956521
outer loop
vertex 1.009012 0.496267 0.650960
vertex 1.017677 0.492677 0.653806
vertex 1.015909 0.489369 0.653806
endloop
endfacet
facet normal 0.257103 -0.137548 -0.956545
outer loop
vertex 1.009012 0.496267 0.650960
vertex 1.015909 0.489369 0.653806
vertex 1.008110 0.494581 0.650960
endloop
endfacet
facet normal 0.877674 -0.469229 0.097530
outer loop
vertex 1.046194 0.480866 0.700000
vertex 1.045307 0.481234 0.709754
vertex 1.040774 0.472755 0.709754
endloop
endfacet
facet normal 0.877708 -0.469152 0.097592
outer loop
vertex 1.046194 0.480866 0.700000
vertex 1.040774 0.472755 0.709754
vertex 1.041573 0.472221 0.700000
endloop
endfacet
facet normal 0.086885 -0.046470 0.995134
outer loop
vertex 1.009012 0.496267 0.749039
vertex 1.000000 0.500000 0.750000
vertex 1.008110 0.494581 0.749039
endloop
endfacet
facet normal 0.086773 -0.046420 -0.995146
outer loop
vertex 1.000000 0.500000 0.650000
vertex 1.009012 0.496267 0.650960
vertex 1.008110 0.494581 0.650960
endloop
endfacet
facet normal 0.491767 -0.403621 -0.771528
outer loop
vertex 1.023097 0.484567 0.658427
vertex 1.029397 0.480357 0.664645
vertex 1.025000 0.475000 0.664645
endloop
endfacet
facet normal 0.491795 -0.403630 -0.771505
outer loop
vertex 1.023097 0.484567 0.658427
vertex 1.025000 0.475000 0.664645
vertex 1.019642 0.480357 0.658427
endloop
endfacet
facet normal 0.682464 -0.560066 0.469647
outer loop
vertex 1.038409 0.474336 0.719134
vertex 1.034567 0.476903 0.727778
vertex 1.029397 0.470603 0.727778
endloop
endfacet
facet normal 0.682448 -0.560101 0.469629
outer loop
vertex 1.038409 0.474336 0.719134
vertex 1.029397 0.470603 0.727778
vertex 1.032664 0.467336 0.719134
endloop
endfacet
facet normal 0.365793 -0.300196 -0.880953
outer loop
vertex 1.015909 0.489369 0.653806
vertex 1.023097 0.484567 0.658427
vertex 1.019642 0.480357 0.658427
endloop
endfacet
facet normal 0.365829 -0.300191 -0.880940
outer loop
vertex 1.015909 0.489369 0.653806
vertex 1.019642 0.480357 0.658427
vertex 1.013530 0.486470 0.653806
endloop
endfacet
facet normal 0.740039 -0.607331 0.288949
outer loop
vertex 1.040774 0.472755 0.709754
vertex 1.038409 0.474336 0.719134
vertex 1.032664 0.467336 0.719134
endloop
endfacet
facet normal 0.740040 -0.607307 0.288997
outer loop
vertex 1.040774 0.472755 0.709754
vertex 1.032664 0.467336 0.719134
vertex 1.034676 0.465324 0.709754
endloop
endfacet
facet normal 0.225434 -0.184986 -0.956535
outer loop
vertex 1.008110 0.494581 0.650960
vertex 1.015909 0.489369 0.653806
vertex 1.013530 0.486470 0.653806
endloop
endfacet
facet normal 0.225530 -0.184962 -0.956517
outer loop
vertex 1.008110 0.494581 0.650960
vertex 1.013530 0.486470 0.653806
vertex 1.006898 0.493103 0.650960
endloop
endfacet
facet normal 0.769350 -0.631329 0.097590
outer loop
vertex 1.041573 0.472221 0.700000
vertex 1.040774 0.472755 0.709754
vertex 1.034676 0.465324 0.709754
endloop
endfacet
facet normal 0.769346 -0.631334 0.097586
outer loop
vertex 1.041573 0.472221 0.700000
vertex 1.034676 0.465324 0.709754
vertex 1.035356 0.464645 0.700000
endloop
endfacet
facet normal 0.076172 -0.062468 0.995136
outer loop
vertex 1.008110 0.494581 0.749039
vertex 1.000000 0.500000 0.750000
vertex 1.006898 0.493103 0.749039
endloop
endfacet
facet normal 0.076091 -0.062411 -0.995146
outer loop
vertex 1.000000 0.500000 0.650000
vertex 1.008110 0.494581 0.650960
vertex 1.006898 0.493103 0.650960
endloop
endfacet
facet normal 0.769341 -0.631342 -0.097576
outer loop
vertex 1.040774 0.472755 0.690245
vertex 1.041573 0.472221 0.700000
vertex 1.035356 0.464645 0.700000
endloop
endfacet
facet normal 0.769359 -0.631321 -0.097574
outer loop
vertex 1.040774 0.472755 0.690245
vertex 1.035356 0.464645 0.700000
vertex 1.034676 0.465324 0.690245
endloop
endfacet
facet normal 0.225402 -0.184875 0.956564
outer loop
vertex 1.015909 0.489369 0.746194
vertex 1.008110 0.494581 0.749039
vertex 1.006898 0.493103 0.749039
endloop
endfacet
facet normal 0.225375 -0.184937 0.956559
outer loop
vertex 1.015909 0.489369 0.746194
vertex 1.006898 0.493103 0.749039
vertex 1.013530 0.486470 0.746194
endloop
endfacet
facet normal 0.740056 -0.607294 -0.288981
outer loop
vertex 1.038409 0.474336 0.680866
vertex 1.040774 0.472755 0.690245
vertex 1.034676 0.465324 0.690245
endloop
endfacet
facet normal 0.740011 -0.607325 -0.289034
outer loop
vertex 1.038409 0.474336 0.680866
vertex 1.034676 0.465324 0.690245
vertex 1.032664 0.467336 0.680866
endloop
endfacet
facet normal 0.365807 -0.300194 0.880948
outer loop
vertex 1.023097 0.484567 0.741573
vertex 1.015909 0.489369 0.746194
vertex 1.013530 0.486470 0.746194
endloop
endfacet
facet normal 0.365794 -0.300179 0.880958
outer loop
vertex 1.023097 0.484567 0.741573
vertex 1.013530 0.486470 0.746194
vertex 1.019642 0.480357 0.741573
endloop
endfacet
facet normal 0.682464 -0.560092 -0.469617
outer loop
vertex 1.034567 0.476903 0.672221
vertex 1.038409 0.474336 0.680866
vertex 1.032664 0.467336 0.680866
endloop
endfacet
facet normal 0.682492 -0.560092 -0.469575
outer loop
vertex 1.034567 0.476903 0.672221
vertex 1.032664 0.467336 0.680866
vertex 1.029397 0.470603 0.672221
endloop
endfacet
facet normal 0.491735 -0.403575 0.771573
outer loop
vertex 1.029397 0.480357 0.735356
vertex 1.023097 0.484567 0.741573
vertex 1.019642 0.480357 0.741573
endloop
endfacet
facet normal 0.491720 -0.403593 0.771572
outer loop
vertex 1.029397 0.480357 0.735356
vertex 1.019642 0.480357 0.741573
vertex 1.025000 0.475000 0.735356
endloop
endfacet
facet normal 0.598711 -0.491313 -0.632579
outer loop
vertex 1.029397 0.480357 0.664645
vertex 1.034567 0.476903 0.672221
vertex 1.029397 0.470603 0.672221
endloop
endfacet
facet normal 0.598637 -0.491347 -0.632623
outer loop
vertex 1.029397 0.480357 0.664645
vertex 1.029397 0.470603 0.672221
vertex 1.025000 0.475000 0.664645
endloop
endfacet
facet normal 0.598729 -0.491439 0.632464
outer loop
vertex 1.034567 0.476903 0.727778
vertex 1.029397 0.480357 0.735356
vertex 1.025000 0.475000 0.735356
endloop
endfacet
facet normal 0.598756 -0.491339 0.632517
outer loop
vertex 1.034567 0.476903 0.727778
vertex 1.025000 0.475000 0.735356
vertex 1.029397 0.470603 0.727778
endloop
endfacet
facet normal 0.184903 -0.225431 0.956552
outer loop
vertex 1.013530 0.486470 0.746194
vertex 1.006898 0.493103 0.749039
vertex 1.005419 0.491890 0.749039
endloop
endfacet
facet normal 0.184917 -0.225409 0.956554
outer loop
vertex 1.013530 0.486470 0.746194
vertex 1.005419 0.491890 0.749039
vertex 1.010630 0.484091 0.746194
endloop
endfacet
facet normal 0.607280 -0.740049 -0.289029
outer loop
vertex 1.032664 0.467336 0.680866
vertex 1.034676 0.465324 0.690245
vertex 1.027245 0.459226 0.690245
endloop
endfacet
facet normal 0.607329 -0.740027 -0.288985
outer loop
vertex 1.032664 0.467336 0.680866
vertex 1.027245 0.459226 0.690245
vertex 1.025664 0.461591 0.680866
endloop
endfacet
facet normal 0.300113 -0.365851 0.880957
outer loop
vertex 1.019642 0.480357 0.741573
vertex 1.013530 0.486470 0.746194
vertex 1.010630 0.484091 0.746194
endloop
endfacet
facet normal 0.300176 -0.365787 0.880962
outer loop
vertex 1.019642 0.480357 0.741573
vertex 1.010630 0.484091 0.746194
vertex 1.015433 0.476903 0.741573
endloop
endfacet
facet normal 0.560109 -0.682479 -0.469574
outer loop
vertex 1.029397 0.470603 0.672221
vertex 1.032664 0.467336 0.680866
vertex 1.025664 0.461591 0.680866
endloop
endfacet
facet normal 0.560063 -0.682492 -0.469610
outer loop
vertex 1.029397 0.470603 0.672221
vertex 1.025664 0.461591 0.680866
vertex 1.023097 0.465433 0.672221
endloop
endfacet
facet normal 0.403570 -0.491792 0.771539
outer loop
vertex 1.025000 0.475000 0.735356
vertex 1.019642 0.480357 0.741573
vertex 1.015433 0.476903 0.741573
endloop
endfacet
facet normal 0.403576 -0.491752 0.771561
outer loop
vertex 1.025000 0.475000 0.735356
vertex 1.015433 0.476903 0.741573
vertex 1.019642 0.470603 0.735356
endloop
endfacet
facet normal 0.491304 -0.598680 -0.632616
outer loop
vertex 1.025000 0.475000 0.664645
vertex 1.029397 0.470603 0.672221
vertex 1.023097 0.465433 0.672221
endloop
endfacet
facet normal 0.491288 -0.598707 -0.632603
outer loop
vertex 1.025000 0.475000 0.664645
vertex 1.023097 0.465433 0.672221
vertex 1.019642 0.470603 0.664645
endloop
endfacet
facet normal 0.491352 -0.598760 0.632503
outer loop
vertex 1.029397 0.470603 0.727778
vertex 1.025000 0.475000 0.735356
vertex 1.019642 0.470603 0.735356
endloop
endfacet
facet normal 0.491355 -0.598748 0.632512
outer loop
vertex 1.029397 0.470603 0.727778
vertex 1.019642 0.470603 0.735356
vertex 1.023097 0.465433 0.727778
endloop
endfacet
facet normal 0.403614 -0.491824 -0.771495
outer loop
vertex 1.019642 0.480357 0.658427
vertex 1.025000 0.475000 0.664645
vertex 1.019642 0.470603 0.664645
endloop
endfacet
facet normal 0.403611 -0.491803 -0.771510
outer loop
vertex 1.019642 0.480357 0.658427
vertex 1.019642 0.470603 0.664645
vertex 1.015433 0.476903 0.658427
endloop
endfacet
facet normal 0.560069 -0.682478 0.469624
outer loop
vertex 1.032664 0.467336 0.719134
vertex 1.029397 0.470603 0.727778
vertex 1.023097 0.465433 0.727778
endloop
endfacet
facet normal 0.560079 -0.682453 0.469649
outer loop
vertex 1.032664 0.467336 0.719134
vertex 1.023097 0.465433 0.727778
vertex 1.025664 0.461591 0.719134
endloop
endfacet
facet normal 0.300184 -0.365808 -0.880951
outer loop
vertex 1.013530 0.486470 0.653806
vertex 1.019642 0.480357 0.658427
vertex 1.015433 0.476903 0.658427
endloop
endfacet
facet normal 0.300100 -0.365845 -0.880964
outer loop
vertex 1.013530 0.486470 0.653806
vertex 1.015433 0.476903 0.658427
vertex 1.010630 0.484091 0.653806
endloop
endfacet
facet normal 0.607328 -0.740021 0.289001
outer loop
vertex 1.034676 0.465324 0.709754
vertex 1.032664 0.467336 0.719134
vertex 1.025664 0.461591 0.719134
endloop
endfacet
facet normal 0.607305 -0.740059 0.288954
outer loop
vertex 1.034676 0.465324 0.709754
vertex 1.025664 0.461591 0.719134
vertex 1.027245 0.459226 0.709754
endloop
endfacet
facet normal 0.184963 -0.225461 -0.956533
outer loop
vertex 1.006898 0.493103 0.650960
vertex 1.013530 0.486470 0.653806
vertex 1.010630 0.484091 0.653806
endloop
endfacet
facet normal 0.184953 -0.225516 -0.956522
outer loop
vertex 1.006898 0.493103 0.650960
vertex 1.010630 0.484091 0.653806
vertex 1.005419 0.491890 0.650960
endloop
endfacet
facet normal 0.631326 -0.769355 0.097568
outer loop
vertex 1.035356 0.464645 0.700000
vertex 1.034676 0.465324 0.709754
vertex 1.027245 0.459226 0.709754
endloop
endfacet
facet normal 0.631310 -0.769374 0.097531
outer loop
vertex 1.035356 0.464645 0.700000
vertex 1.027245 0.459226 0.709754
vertex 1.027778 0.458427 0.700000
endloop
endfacet
facet normal 0.062444 -0.076171 0.995138
outer loop
vertex 1.006898 0.493103 0.749039
vertex 1.000000 0.500000 0.750000
vertex 1.005419 0.491890 0.749039
endloop
endfacet
facet normal 0.062407 -0.076090 -0.995146
outer loop
vertex 1.000000 0.500000 0.650000
vertex 1.006898 0.493103 0.650960
vertex 1.005419 0.491890 0.650960
endloop
endfacet
facet normal 0.631306 -0.769373 -0.097560
outer loop
vertex 1.034676 0.465324 0.690245
vertex 1.035356 0.464645 0.700000
vertex 1.027778 0.458427 0.700000
endloop
endfacet
facet normal 0.631348 -0.769344 -0.097517
outer loop
vertex 1.034676 0.465324 0.690245
vertex 1.027778 0.458427 0.700000
vertex 1.027245 0.459226 0.690245
endloop
endfacet
facet normal 0.416171 -0.778599 0.469664
outer loop
vertex 1.025664 0.461591 0.719134
vertex 1.023097 0.465433 0.727778
vertex 1.015909 0.461591 0.727778
endloop
endfacet
facet normal 0.416106 -0.778681 0.469587
outer loop
vertex 1.025664 0.461591 0.719134
vertex 1.015909 0.461591 0.727778
vertex 1.017677 0.457323 0.719134
endloop
endfacet
facet normal 0.223040 -0.417309 -0.880969
outer loop
vertex 1.010630 0.484091 0.653806
vertex 1.015433 0.476903 0.658427
vertex 1.010630 0.474336 0.658427
endloop
endfacet
facet normal 0.223178 -0.417321 -0.880928
outer loop
vertex 1.010630 0.484091 0.653806
vertex 1.010630 0.474336 0.658427
vertex 1.007322 0.482322 0.653806
endloop
endfacet
facet normal 0.451203 -0.844350 0.288944
outer loop
vertex 1.027245 0.459226 0.709754
vertex 1.025664 0.461591 0.719134
vertex 1.017677 0.457323 0.719134
endloop
endfacet
facet normal 0.451334 -0.844229 0.289095
outer loop
vertex 1.027245 0.459226 0.709754
vertex 1.017677 0.457323 0.719134
vertex 1.018766 0.454693 0.709754
endloop
endfacet
facet normal 0.137511 -0.257163 -0.956534
outer loop
vertex 1.005419 0.491890 0.650960
vertex 1.010630 0.484091 0.653806
vertex 1.007322 0.482322 0.653806
endloop
endfacet
facet normal 0.137598 -0.257154 -0.956524
outer loop
vertex 1.005419 0.491890 0.650960
vertex 1.007322 0.482322 0.653806
vertex 1.003733 0.490988 0.650960
endloop
endfacet
facet normal 0.469217 -0.877680 0.097534
outer loop
vertex 1.027778 0.458427 0.700000
vertex 1.027245 0.459226 0.709754
vertex 1.018766 0.454693 0.709754
endloop
endfacet
facet normal 0.469197 -0.877692 0.097521
outer loop
vertex 1.027778 0.458427 0.700000
vertex 1.018766 0.454693 0.709754
vertex 1.019134 0.453806 0.700000
endloop
endfacet
facet normal 0.046434 -0.086864 0.995137
outer loop
vertex 1.005419 0.491890 0.749039
vertex 1.000000 0.500000 0.750000
vertex 1.003733 0.490988 0.749039
endloop
endfacet
facet normal 0.046422 -0.086778 -0.995146
outer loop
vertex 1.000000 0.500000 0.650000
vertex 1.005419 0.491890 0.650960
vertex 1.003733 0.490988 0.650960
endloop
endfacet
facet normal 0.469197 -0.877692 -0.097519
outer loop
vertex 1.027245 0.459226 0.690245
vertex 1.027778 0.458427 0.700000
vertex 1.019134 0.453806 0.700000
endloop
endfacet
facet normal 0.469219 -0.877682 -0.097509
outer loop
vertex 1.027245 0.459226 0.690245
vertex 1.019134 0.453806 0.700000
vertex 1.018766 0.454693 0.690245
endloop
endfacet
facet normal 0.137519 -0.257072 0.956558
outer loop
vertex 1.010630 0.484091 0.746194
vertex 1.005419 0.491890 0.749039
vertex 1.003733 0.490988 0.749039
endloop
endfacet
facet normal 0.137488 -0.257078 0.956560
outer loop
vertex 1.010630 0.484091 0.746194
vertex 1.003733 0.490988 0.749039
vertex 1.007322 0.482322 0.746194
endloop
endfacet
facet normal 0.451347 -0.844262 -0.288976
outer loop
vertex 1.025664 0.461591 0.680866
vertex 1.027245 0.459226 0.690245
vertex 1.018766 0.454693 0.690245
endloop
endfacet
facet normal 0.451176 -0.844298 -0.289137
outer loop
vertex 1.025664 0.461591 0.680866
vertex 1.018766 0.454693 0.690245
vertex 1.017677 0.457323 0.680866
endloop
endfacet
facet normal 0.223134 -0.417248 0.880974
outer loop
vertex 1.015433 0.476903 0.741573
vertex 1.010630 0.484091 0.746194
vertex 1.007322 0.482322 0.746194
endloop
endfacet
facet normal 0.223043 -0.417347 0.880950
outer loop
vertex 1.015433 0.476903 0.741573
vertex 1.007322 0.482322 0.746194
vertex 1.010630 0.474336 0.741573
endloop
endfacet
facet normal 0.416117 -0.778658 -0.469615
outer loop
vertex 1.023097 0.465433 0.672221
vertex 1.025664 0.461591 0.680866
vertex 1.017677 0.457323 0.680866
endloop
endfacet
facet normal 0.416180 -0.778666 -0.469545
outer loop
vertex 1.023097 0.465433 0.672221
vertex 1.017677 0.457323 0.680866
vertex 1.015909 0.461591 0.672221
endloop
endfacet
facet normal 0.299853 -0.561078 0.771544
outer loop
vertex 1.019642 0.470603 0.735356
vertex 1.015433 0.476903 0.741573
vertex 1.010630 0.474336 0.741573
endloop
endfacet
facet normal 0.299871 -0.561034 0.771568
outer loop
vertex 1.019642 0.470603 0.735356
vertex 1.010630 0.474336 0.741573
vertex 1.013530 0.467336 0.735356
endloop
endfacet
facet normal 0.365087 -0.683015 -0.632615
outer loop
vertex 1.019642 0.470603 0.664645
vertex 1.023097 0.465433 0.672221
vertex 1.015909 0.461591 0.672221
endloop
endfacet
facet normal 0.365092 -0.683037 -0.632589
outer loop
vertex 1.019642 0.470603 0.664645
vertex 1.015909 0.461591 0.672221
vertex 1.013530 0.467336 0.664645
endloop
endfacet
facet normal 0.365128 -0.683088 0.632513
outer loop
vertex 1.023097 0.465433 0.727778
vertex 1.019642 0.470603 0.735356
vertex 1.013530 0.467336 0.735356
endloop
endfacet
facet normal 0.365113 -0.683110 0.632497
outer loop
vertex 1.023097 0.465433 0.727778
vertex 1.013530 0.467336 0.735356
vertex 1.015909 0.461591 0.727778
endloop
endfacet
facet normal 0.299925 -0.561104 -0.771497
outer loop
vertex 1.015433 0.476903 0.658427
vertex 1.019642 0.470603 0.664645
vertex 1.013530 0.467336 0.664645
endloop
endfacet
facet normal 0.299867 -0.561100 -0.771522
outer loop
vertex 1.015433 0.476903 0.658427
vertex 1.013530 0.467336 0.664645
vertex 1.010630 0.474336 0.658427
endloop
endfacet
facet normal 0.277847 -0.916076 -0.289148
outer loop
vertex 1.017677 0.457323 0.680866
vertex 1.018766 0.454693 0.690245
vertex 1.009567 0.451903 0.690245
endloop
endfacet
facet normal 0.278046 -0.916071 -0.288970
outer loop
vertex 1.017677 0.457323 0.680866
vertex 1.009567 0.451903 0.690245
vertex 1.009012 0.454693 0.680866
endloop
endfacet
facet normal 0.137282 -0.452887 0.880935
outer loop
vertex 1.010630 0.474336 0.741573
vertex 1.007322 0.482322 0.746194
vertex 1.003733 0.481234 0.746194
endloop
endfacet
facet normal 0.137371 -0.452777 0.880978
outer loop
vertex 1.010630 0.474336 0.741573
vertex 1.003733 0.481234 0.746194
vertex 1.005419 0.472755 0.741573
endloop
endfacet
facet normal 0.256427 -0.844855 -0.469537
outer loop
vertex 1.015909 0.461591 0.672221
vertex 1.017677 0.457323 0.680866
vertex 1.009012 0.454693 0.680866
endloop
endfacet
facet normal 0.256199 -0.844819 -0.469726
outer loop
vertex 1.015909 0.461591 0.672221
vertex 1.009012 0.454693 0.680866
vertex 1.008110 0.459226 0.672221
endloop
endfacet
facet normal 0.184700 -0.608741 0.771570
outer loop
vertex 1.013530 0.467336 0.735356
vertex 1.010630 0.474336 0.741573
vertex 1.005419 0.472755 0.741573
endloop
endfacet
facet normal 0.184680 -0.608753 0.771565
outer loop
vertex 1.013530 0.467336 0.735356
vertex 1.005419 0.472755 0.741573
vertex 1.006898 0.465324 0.735356
endloop
endfacet
facet normal 0.224748 -0.741152 -0.632600
outer loop
vertex 1.013530 0.467336 0.664645
vertex 1.015909 0.461591 0.672221
vertex 1.008110 0.459226 0.672221
endloop
endfacet
facet normal 0.224854 -0.741164 -0.632548
outer loop
vertex 1.013530 0.467336 0.664645
vertex 1.008110 0.459226 0.672221
vertex 1.006898 0.465324 0.664645
endloop
endfacet
facet normal 0.224861 -0.741201 0.632502
outer loop
vertex 1.015909 0.461591 0.727778
vertex 1.013530 0.467336 0.735356
vertex 1.006898 0.465324 0.735356
endloop
endfacet
facet normal 0.224791 -0.741269 0.632447
outer loop
vertex 1.015909 0.461591 0.727778
vertex 1.006898 0.465324 0.735356
vertex 1.008110 0.459226 0.727778
endloop
endfacet
facet normal 0.184702 -0.608796 -0.771527
outer loop
vertex 1.010630 0.474336 0.658427
vertex 1.013530 0.467336 0.664645
vertex 1.006898 0.465324 0.664645
endloop
endfacet
facet normal 0.184718 -0.608819 -0.771504
outer loop
vertex 1.010630 0.474336 0.658427
vertex 1.006898 0.465324 0.664645
vertex 1.005419 0.472755 0.658427
endloop
endfacet
facet normal 0.256207 -0.844902 0.469572
outer loop
vertex 1.017677 0.457323 0.719134
vertex 1.015909 0.461591 0.727778
vertex 1.008110 0.459226 0.727778
endloop
endfacet
facet normal 0.256395 -0.844749 0.469746
outer loop
vertex 1.017677 0.457323 0.719134
vertex 1.008110 0.459226 0.727778
vertex 1.009012 0.454693 0.719134
endloop
endfacet
facet normal 0.137385 -0.452827 -0.880950
outer loop
vertex 1.007322 0.482322 0.653806
vertex 1.010630 0.474336 0.658427
vertex 1.005419 0.472755 0.658427
endloop
endfacet
facet normal 0.137256 -0.452834 -0.880966
outer loop
vertex 1.007322 0.482322 0.653806
vertex 1.005419 0.472755 0.658427
vertex 1.003733 0.481234 0.653806
endloop
endfacet
facet normal 0.278035 -0.916028 0.289119
outer loop
vertex 1.018766 0.454693 0.709754
vertex 1.017677 0.457323 0.719134
vertex 1.009012 0.454693 0.719134
endloop
endfacet
facet normal 0.277862 -0.916137 0.288940
outer loop
vertex 1.018766 0.454693 0.709754
vertex 1.009012 0.454693 0.719134
vertex 1.009567 0.451903 0.709754
endloop
endfacet
facet normal 0.084600 -0.279096 -0.956529
outer loop
vertex 1.003733 0.490988 0.650960
vertex 1.007322 0.482322 0.653806
vertex 1.003733 0.481234 0.653806
endloop
endfacet
facet normal 0.084649 -0.279079 -0.956530
outer loop
vertex 1.003733 0.490988 0.650960
vertex 1.003733 0.481234 0.653806
vertex 1.001903 0.490433 0.650960
endloop
endfacet
facet normal 0.288856 -0.952395 0.097501
outer loop
vertex 1.019134 0.453806 0.700000
vertex 1.018766 0.454693 0.709754
vertex 1.009567 0.451903 0.709754
endloop
endfacet
facet normal 0.288954 -0.952354 0.097608
outer loop
vertex 1.019134 0.453806 0.700000
vertex 1.009567 0.451903 0.709754
vertex 1.009754 0.450960 0.700000
endloop
endfacet
facet normal 0.028559 -0.094264 0.995137
outer loop
vertex 1.003733 0.490988 0.749039
vertex 1.000000 0.500000 0.750000
vertex 1.001903 0.490433 0.749039
endloop
endfacet
facet normal 0.028575 -0.094178 -0.995145
outer loop
vertex 1.000000 0.500000 0.650000
vertex 1.003733 0.490988 0.650960
vertex 1.001903 0.490433 0.650960
endloop
endfacet
facet normal 0.288957 -0.952365 -0.097495
outer loop
vertex 1.018766 0.454693 0.690245
vertex 1.019134 0.453806 0.700000
vertex 1.009754 0.450960 0.700000
endloop
endfacet
facet normal 0.288850 -0.952387 -0.097595
outer loop
vertex 1.018766 0.454693 0.690245
vertex 1.009754 0.450960 0.700000
vertex 1.009567 0.451903 0.690245
endloop
endfacet
facet normal 0.084630 -0.278992 0.956557
outer loop
vertex 1.007322 0.482322 0.746194
vertex 1.003733 0.490988 0.749039
vertex 1.001903 0.490433 0.749039
endloop
endfacet
facet normal 0.084589 -0.279023 0.956551
outer loop
vertex 1.007322 0.482322 0.746194
vertex 1.001903 0.490433 0.749039
vertex 1.003733 0.481234 0.746194
endloop
endfacet
facet normal 0.046403 -0.470896 -0.880968
outer loop
vertex 1.003733 0.481234 0.653806
vertex 1.005419 0.472755 0.658427
vertex 1.000000 0.472221 0.658427
endloop
endfacet
facet normal 0.046449 -0.470898 -0.880964
outer loop
vertex 1.003733 0.481234 0.653806
vertex 1.000000 0.472221 0.658427
vertex 1.000000 0.480866 0.653806
endloop
endfacet
facet normal 0.093773 -0.952746 0.288933
outer loop
vertex 1.009567 0.451903 0.709754
vertex 1.009012 0.454693 0.719134
vertex 1.000000 0.453806 0.719134
endloop
endfacet
facet normal 0.093902 -0.952695 0.289057
outer loop
vertex 1.009567 0.451903 0.709754
vertex 1.000000 0.453806 0.719134
vertex 1.000000 0.450960 0.709754
endloop
endfacet
facet normal 0.028609 -0.290245 -0.956524
outer loop
vertex 1.001903 0.490433 0.650960
vertex 1.003733 0.481234 0.653806
vertex 1.000000 0.480866 0.653806
endloop
endfacet
facet normal 0.028698 -0.290250 -0.956520
outer loop
vertex 1.001903 0.490433 0.650960
vertex 1.000000 0.480866 0.653806
vertex 1.000000 0.490245 0.650960
endloop
endfacet
facet normal 0.097623 -0.990424 0.097623
outer loop
vertex 1.009754 0.450960 0.700000
vertex 1.009567 0.451903 0.709754
vertex 1.000000 0.450960 0.709754
endloop
endfacet
facet normal 0.097483 -0.990451 0.097488
outer loop
vertex 1.009754 0.450960 0.700000
vertex 1.000000 0.450960 0.709754
vertex 1.000000 0.450000 0.700000
endloop
endfacet
facet normal 0.009685 -0.098031 0.995136
outer loop
vertex 1.001903 0.490433 0.749039
vertex 1.000000 0.500000 0.750000
vertex 1.000000 0.490245 0.749039
endloop
endfacet
facet normal 0.009652 -0.097932 -0.995146
outer loop
vertex 1.000000 0.500000 0.650000
vertex 1.001903 0.490433 0.650960
vertex 1.000000 0.490245 0.650960
endloop
endfacet
facet normal 0.097483 -0.990439 -0.097613
outer loop
vertex 1.009567 0.451903 0.690245
vertex 1.009754 0.450960 0.700000
vertex 1.000000 0.450000 0.700000
endloop
endfacet
facet normal 0.097624 -0.990438 -0.097474
outer loop
vertex 1.009567 0.451903 0.690245
vertex 1.000000 0.450000 0.700000
vertex 1.000000 0.450960 0.690245
endloop
endfacet
facet normal 0.028649 -0.290138 0.956556
outer loop
vertex 1.003733 0.481234 0.746194
vertex 1.001903 0.490433 0.749039
vertex 1.000000 0.490245 0.749039
endloop
endfacet
facet normal 0.028626 -0.290163 0.956549
outer loop
vertex 1.003733 0.481234 0.746194
vertex 1.000000 0.490245 0.749039
vertex 1.000000 0.480866 0.746194
endloop
endfacet
facet normal 0.093905 -0.952723 -0.288964
outer loop
vertex 1.009012 0.454693 0.680866
vertex 1.009567 0.451903 0.690245
vertex 1.000000 0.450960 0.690245
endloop
endfacet
facet normal 0.093767 -0.952697 -0.289097
outer loop
vertex 1.009012 0.454693 0.680866
vertex 1.000000 0.450960 0.690245
vertex 1.000000 0.453806 0.680866
endloop
endfacet
facet normal 0.046447 -0.470890 0.880968
outer loop
vertex 1.005419 0.472755 0.741573
vertex 1.003733 0.481234 0.746194
vertex 1.000000 0.480866 0.746194
endloop
endfacet
facet normal 0.046394 -0.470889 0.880972
outer loop
vertex 1.005419 0.472755 0.741573
vertex 1.000000 0.480866 0.746194
vertex 1.000000 0.472221 0.741573
endloop
endfacet
facet normal 0.086470 -0.878579 -0.469705
outer loop
vertex 1.008110 0.459226 0.672221
vertex 1.009012 0.454693 0.680866
vertex 1.000000 0.453806 0.680866
endloop
endfacet
facet normal 0.086557 -0.878609 -0.469631
outer loop
vertex 1.008110 0.459226 0.672221
vertex 1.000000 0.453806 0.680866
vertex 1.000000 0.458427 0.672221
endloop
endfacet
facet normal 0.062389 -0.633090 0.771560
outer loop
vertex 1.006898 0.465324 0.735356
vertex 1.005419 0.472755 0.741573
vertex 1.000000 0.472221 0.741573
endloop
endfacet
facet normal 0.062314 -0.633133 0.771531
outer loop
vertex 1.006898 0.465324 0.735356
vertex 1.000000 0.472221 0.741573
vertex 1.000000 0.464645 0.735356
endloop
endfacet
facet normal 0.075939 -0.770785 -0.632553
outer loop
vertex 1.006898 0.465324 0.664645
vertex 1.008110 0.459226 0.672221
vertex 1.000000 0.458427 0.672221
endloop
endfacet
facet normal 0.075877 -0.770751 -0.632602
outer loop
vertex 1.006898 0.465324 0.664645
vertex 1.000000 0.458427 0.672221
vertex 1.000000 0.464645 0.664645
endloop
endfacet
facet normal 0.075876 -0.770871 0.632456
outer loop
vertex 1.008110 0.459226 0.727778
vertex 1.006898 0.465324 0.735356
vertex 1.000000 0.464645 0.735356
endloop
endfacet
facet normal 0.075939 -0.770833 0.632495
outer loop
vertex 1.008110 0.459226 0.727778
vertex 1.000000 0.464645 0.735356
vertex 1.000000 0.458427 0.727778
endloop
endfacet
facet normal 0.062326 -0.633171 -0.771498
outer loop
vertex 1.005419 0.472755 0.658427
vertex 1.006898 0.465324 0.664645
vertex 1.000000 0.464645 0.664645
endloop
endfacet
facet normal 0.062391 -0.633187 -0.771480
outer loop
vertex 1.005419 0.472755 0.658427
vertex 1.000000 0.464645 0.664645
vertex 1.000000 0.472221 0.658427
endloop
endfacet
facet normal 0.086558 -0.878544 0.469753
outer loop
vertex 1.009012 0.454693 0.719134
vertex 1.008110 0.459226 0.727778
vertex 1.000000 0.458427 0.727778
endloop
endfacet
facet normal 0.086474 -0.878590 0.469683
outer loop
vertex 1.009012 0.454693 0.719134
vertex 1.000000 0.458427 0.727778
vertex 1.000000 0.453806 0.719134
endloop
endfacet
facet normal -0.086479 -0.878613 -0.469639
outer loop
vertex 1.000000 0.458427 0.672221
vertex 1.000000 0.453806 0.680866
vertex 0.990988 0.454693 0.680866
endloop
endfacet
facet normal -0.086553 -0.878571 -0.469704
outer loop
vertex 1.000000 0.458427 0.672221
vertex 0.990988 0.454693 0.680866
vertex 0.991890 0.459226 0.672221
endloop
endfacet
facet normal -0.062392 -0.633124 0.771532
outer loop
vertex 1.000000 0.464645 0.735356
vertex 1.000000 0.472221 0.741573
vertex 0.994581 0.472755 0.741573
endloop
endfacet
facet normal -0.062320 -0.633115 0.771545
outer loop
vertex 1.000000 0.464645 0.735356
vertex 0.994581 0.472755 0.741573
vertex 0.993103 0.465324 0.735356
endloop
endfacet
facet normal -0.075937 -0.770752 -0.632594
outer loop
vertex 1.000000 0.464645 0.664645
vertex 1.000000 0.458427 0.672221
vertex 0.991890 0.459226 0.672221
endloop
endfacet
facet normal -0.075890 -0.770785 -0.632559
outer loop
vertex 1.000000 0.464645 0.664645
vertex 0.991890 0.459226 0.672221
vertex 0.993103 0.465324 0.664645
endloop
endfacet
facet normal -0.075882 -0.770839 0.632495
outer loop
vertex 1.000000 0.458427 0.727778
vertex 1.000000 0.464645 0.735356
vertex 0.993103 0.465324 0.735356
endloop
endfacet
facet normal -0.075941 -0.770861 0.632460
outer loop
vertex 1.000000 0.458427 0.727778
vertex 0.993103 0.465324 0.735356
vertex 0.991890 0.459226 0.727778
endloop
endfacet
facet normal -0.062338 -0.633194 -0.771479
outer loop
vertex 1.000000 0.472221 0.658427
vertex 1.000000 0.464645 0.664645
vertex 0.993103 0.465324 0.664645
endloop
endfacet
facet normal -0.062388 -0.633158 -0.771504
outer loop
vertex 1.000000 0.472221 0.658427
vertex 0.993103 0.465324 0.664645
vertex 0.994581 0.472755 0.658427
endloop
endfacet
facet normal -0.086562 -0.878583 0.469680
outer loop
vertex 1.000000 0.453806 0.719134
vertex 1.000000 0.458427 0.727778
vertex 0.991890 0.459226 0.727778
endloop
endfacet
facet normal -0.086470 -0.878555 0.469748
outer loop
vertex 1.000000 0.453806 0.719134
vertex 0.991890 0.459226 0.727778
vertex 0.990988 0.454693 0.719134
endloop
endfacet
facet normal -0.046404 -0.470903 -0.880964
outer loop
vertex 1.000000 0.480866 0.653806
vertex 1.000000 0.472221 0.658427
vertex 0.994581 0.472755 0.658427
endloop
endfacet
facet normal -0.046448 -0.470885 -0.880971
outer loop
vertex 1.000000 0.480866 0.653806
vertex 0.994581 0.472755 0.658427
vertex 0.996267 0.481234 0.653806
endloop
endfacet
facet normal -0.093763 -0.952706 0.289068
outer loop
vertex 1.000000 0.450960 0.709754
vertex 1.000000 0.453806 0.719134
vertex 0.990988 0.454693 0.719134
endloop
endfacet
facet normal -0.093906 -0.952733 0.288932
outer loop
vertex 1.000000 0.450960 0.709754
vertex 0.990988 0.454693 0.719134
vertex 0.990433 0.451903 0.709754
endloop
endfacet
facet normal -0.028609 -0.290251 -0.956523
outer loop
vertex 1.000000 0.490245 0.650960
vertex 1.000000 0.480866 0.653806
vertex 0.996267 0.481234 0.653806
endloop
endfacet
facet normal -0.028697 -0.290238 -0.956524
outer loop
vertex 1.000000 0.490245 0.650960
vertex 0.996267 0.481234 0.653806
vertex 0.998097 0.490433 0.650960
endloop
endfacet
facet normal -0.097621 -0.990438 0.097484
outer loop
vertex 1.000000 0.450000 0.700000
vertex 1.000000 0.450960 0.709754
vertex 0.990433 0.451903 0.709754
endloop
endfacet
facet normal -0.097473 -0.990437 0.097635
outer loop
vertex 1.000000 0.450000 0.700000
vertex 0.990433 0.451903 0.709754
vertex 0.990245 0.450960 0.700000
endloop
endfacet
facet normal -0.009686 -0.098035 0.995136
outer loop
vertex 1.000000 0.490245 0.749039
vertex 1.000000 0.500000 0.750000
vertex 0.998097 0.490433 0.749039
endloop
endfacet
facet normal -0.009653 -0.097936 -0.995146
outer loop
vertex 1.000000 0.500000 0.650000
vertex 1.000000 0.490245 0.650960
vertex 0.998097 0.490433 0.650960
endloop
endfacet
facet normal -0.097473 -0.990453 -0.097477
outer loop
vertex 1.000000 0.450960 0.690245
vertex 1.000000 0.450000 0.700000
vertex 0.990245 0.450960 0.700000
endloop
endfacet
facet normal -0.097622 -0.990424 -0.097624
outer loop
vertex 1.000000 0.450960 0.690245
vertex 0.990245 0.450960 0.700000
vertex 0.990433 0.451903 0.690245
endloop
endfacet
facet normal -0.028701 -0.290166 0.956546
outer loop
vertex 1.000000 0.480866 0.746194
vertex 1.000000 0.490245 0.749039
vertex 0.998097 0.490433 0.749039
endloop
endfacet
facet normal -0.028599 -0.290148 0.956554
outer loop
vertex 1.000000 0.480866 0.746194
vertex 0.998097 0.490433 0.749039
vertex 0.996267 0.481234 0.746194
endloop
endfacet
facet normal -0.093902 -0.952685 -0.289090
outer loop
vertex 1.000000 0.453806 0.680866
vertex 1.000000 0.450960 0.690245
vertex 0.990433 0.451903 0.690245
endloop
endfacet
facet normal -0.093769 -0.952737 -0.288964
outer loop
vertex 1.000000 0.453806 0.680866
vertex 0.990433 0.451903 0.690245
vertex 0.990988 0.454693 0.680866
endloop
endfacet
facet normal -0.046422 -0.470874 0.880978
outer loop
vertex 1.000000 0.472221 0.741573
vertex 1.000000 0.480866 0.746194
vertex 0.996267 0.481234 0.746194
endloop
endfacet
facet normal -0.046410 -0.470897 0.880966
outer loop
vertex 1.000000 0.472221 0.741573
vertex 0.996267 0.481234 0.746194
vertex 0.994581 0.472755 0.741573
endloop
endfacet
facet normal -0.084582 -0.279102 -0.956529
outer loop
vertex 0.998097 0.490433 0.650960
vertex 0.996267 0.481234 0.653806
vertex 0.992677 0.482322 0.653806
endloop
endfacet
facet normal -0.084638 -0.279067 -0.956534
outer loop
vertex 0.998097 0.490433 0.650960
vertex 0.992677 0.482322 0.653806
vertex 0.996267 0.490988 0.650960
endloop
endfacet
facet normal -0.288847 -0.952384 0.097637
outer loop
vertex 0.990245 0.450960 0.700000
vertex 0.990433 0.451903 0.709754
vertex 0.981234 0.454693 0.709754
endloop
endfacet
facet normal -0.288993 -0.952352 0.097514
outer loop
vertex 0.990245 0.450960 0.700000
vertex 0.981234 0.454693 0.709754
vertex 0.980866 0.453806 0.700000
endloop
endfacet
facet normal -0.028557 -0.094258 0.995138
outer loop
vertex 0.998097 0.490433 0.749039
vertex 1.000000 0.500000 0.750000
vertex 0.996267 0.490988 0.749039
endloop
endfacet
facet normal -0.028573 -0.094171 -0.995146
outer loop
vertex 1.000000 0.500000 0.650000
vertex 0.998097 0.490433 0.650960
vertex 0.996267 0.490988 0.650960
endloop
endfacet
facet normal -0.288975 -0.952344 -0.097639
outer loop
vertex 0.990433 0.451903 0.690245
vertex 0.990245 0.450960 0.700000
vertex 0.980866 0.453806 0.700000
endloop
endfacet
facet normal -0.288861 -0.952395 -0.097488
outer loop
vertex 0.990433 0.451903 0.690245
vertex 0.980866 0.453806 0.700000
vertex 0.981234 0.454693 0.690245
endloop
endfacet
facet normal -0.084630 -0.279016 0.956550
outer loop
vertex 0.996267 0.481234 0.746194
vertex 0.998097 0.490433 0.749039
vertex 0.996267 0.490988 0.749039
endloop
endfacet
facet normal -0.084566 -0.278998 0.956561
outer loop
vertex 0.996267 0.481234 0.746194
vertex 0.996267 0.490988 0.749039
vertex 0.992677 0.482322 0.746194
endloop
endfacet
facet normal -0.277862 -0.916125 -0.288975
outer loop
vertex 0.990988 0.454693 0.680866
vertex 0.990433 0.451903 0.690245
vertex 0.981234 0.454693 0.690245
endloop
endfacet
facet normal -0.278004 -0.916037 -0.289120
outer loop
vertex 0.990988 0.454693 0.680866
vertex 0.981234 0.454693 0.690245
vertex 0.982322 0.457323 0.680866
endloop
endfacet
facet normal -0.137210 -0.452835 0.880973
outer loop
vertex 0.994581 0.472755 0.741573
vertex 0.996267 0.481234 0.746194
vertex 0.992677 0.482322 0.746194
endloop
endfacet
facet normal -0.137374 -0.452835 0.880948
outer loop
vertex 0.994581 0.472755 0.741573
vertex 0.992677 0.482322 0.746194
vertex 0.989369 0.474336 0.741573
endloop
endfacet
facet normal -0.256382 -0.844774 -0.469707
outer loop
vertex 0.991890 0.459226 0.672221
vertex 0.990988 0.454693 0.680866
vertex 0.982322 0.457323 0.680866
endloop
endfacet
facet normal -0.256212 -0.844902 -0.469570
outer loop
vertex 0.991890 0.459226 0.672221
vertex 0.982322 0.457323 0.680866
vertex 0.984091 0.461591 0.672221
endloop
endfacet
facet normal -0.184670 -0.608779 0.771547
outer loop
vertex 0.993103 0.465324 0.735356
vertex 0.994581 0.472755 0.741573
vertex 0.989369 0.474336 0.741573
endloop
endfacet
facet normal -0.184660 -0.608770 0.771556
outer loop
vertex 0.993103 0.465324 0.735356
vertex 0.989369 0.474336 0.741573
vertex 0.986470 0.467336 0.735356
endloop
endfacet
facet normal -0.224756 -0.741166 -0.632580
outer loop
vertex 0.993103 0.465324 0.664645
vertex 0.991890 0.459226 0.672221
vertex 0.984091 0.461591 0.672221
endloop
endfacet
facet normal -0.224802 -0.741141 -0.632593
outer loop
vertex 0.993103 0.465324 0.664645
vertex 0.984091 0.461591 0.672221
vertex 0.986470 0.467336 0.664645
endloop
endfacet
facet normal -0.224846 -0.741240 0.632461
outer loop
vertex 0.991890 0.459226 0.727778
vertex 0.993103 0.465324 0.735356
vertex 0.986470 0.467336 0.735356
endloop
endfacet
facet normal -0.224780 -0.741224 0.632504
outer loop
vertex 0.991890 0.459226 0.727778
vertex 0.986470 0.467336 0.735356
vertex 0.984091 0.461591 0.727778
endloop
endfacet
facet normal -0.184681 -0.608836 -0.771500
outer loop
vertex 0.994581 0.472755 0.658427
vertex 0.993103 0.465324 0.664645
vertex 0.986470 0.467336 0.664645
endloop
endfacet
facet normal -0.184688 -0.608844 -0.771492
outer loop
vertex 0.994581 0.472755 0.658427
vertex 0.986470 0.467336 0.664645
vertex 0.989369 0.474336 0.658427
endloop
endfacet
facet normal -0.256178 -0.844805 0.469763
outer loop
vertex 0.990988 0.454693 0.719134
vertex 0.991890 0.459226 0.727778
vertex 0.984091 0.461591 0.727778
endloop
endfacet
facet normal -0.256392 -0.844824 0.469612
outer loop
vertex 0.990988 0.454693 0.719134
vertex 0.984091 0.461591 0.727778
vertex 0.982322 0.457323 0.719134
endloop
endfacet
facet normal -0.137349 -0.452813 -0.880963
outer loop
vertex 0.996267 0.481234 0.653806
vertex 0.994581 0.472755 0.658427
vertex 0.989369 0.474336 0.658427
endloop
endfacet
facet normal -0.137241 -0.452910 -0.880930
outer loop
vertex 0.996267 0.481234 0.653806
vertex 0.989369 0.474336 0.658427
vertex 0.992677 0.482322 0.653806
endloop
endfacet
facet normal -0.278022 -0.916092 0.288928
outer loop
vertex 0.990433 0.451903 0.709754
vertex 0.990988 0.454693 0.719134
vertex 0.982322 0.457323 0.719134
endloop
endfacet
facet normal -0.277849 -0.916093 0.289090
outer loop
vertex 0.990433 0.451903 0.709754
vertex 0.982322 0.457323 0.719134
vertex 0.981234 0.454693 0.709754
endloop
endfacet
facet normal -0.299909 -0.561043 0.771547
outer loop
vertex 0.986470 0.467336 0.735356
vertex 0.989369 0.474336 0.741573
vertex 0.984567 0.476903 0.741573
endloop
endfacet
facet normal -0.299847 -0.561032 0.771580
outer loop
vertex 0.986470 0.467336 0.735356
vertex 0.984567 0.476903 0.741573
vertex 0.980357 0.470603 0.735356
endloop
endfacet
facet normal -0.365090 -0.683034 -0.632593
outer loop
vertex 0.986470 0.467336 0.664645
vertex 0.984091 0.461591 0.672221
vertex 0.976903 0.465433 0.672221
endloop
endfacet
facet normal -0.365052 -0.683071 -0.632575
outer loop
vertex 0.986470 0.467336 0.664645
vertex 0.976903 0.465433 0.672221
vertex 0.980357 0.470603 0.664645
endloop
endfacet
facet normal -0.365076 -0.683128 0.632499
outer loop
vertex 0.984091 0.461591 0.727778
vertex 0.986470 0.467336 0.735356
vertex 0.980357 0.470603 0.735356
endloop
endfacet
facet normal -0.365130 -0.683120 0.632477
outer loop
vertex 0.984091 0.461591 0.727778
vertex 0.980357 0.470603 0.735356
vertex 0.976903 0.465433 0.727778
endloop
endfacet
facet normal -0.299885 -0.561110 -0.771508
outer loop
vertex 0.989369 0.474336 0.658427
vertex 0.986470 0.467336 0.664645
vertex 0.980357 0.470603 0.664645
endloop
endfacet
facet normal -0.299932 -0.561067 -0.771521
outer loop
vertex 0.989369 0.474336 0.658427
vertex 0.980357 0.470603 0.664645
vertex 0.984567 0.476903 0.658427
endloop
endfacet
facet normal -0.416180 -0.778628 0.469609
outer loop
vertex 0.982322 0.457323 0.719134
vertex 0.984091 0.461591 0.727778
vertex 0.976903 0.465433 0.727778
endloop
endfacet
facet normal -0.416127 -0.778627 0.469658
outer loop
vertex 0.982322 0.457323 0.719134
vertex 0.976903 0.465433 0.727778
vertex 0.974336 0.461591 0.719134
endloop
endfacet
facet normal -0.223106 -0.417329 -0.880943
outer loop
vertex 0.992677 0.482322 0.653806
vertex 0.989369 0.474336 0.658427
vertex 0.984567 0.476903 0.658427
endloop
endfacet
facet normal -0.223136 -0.417265 -0.880965
outer loop
vertex 0.992677 0.482322 0.653806
vertex 0.984567 0.476903 0.658427
vertex 0.989369 0.484091 0.653806
endloop
endfacet
facet normal -0.451225 -0.844298 0.289060
outer loop
vertex 0.981234 0.454693 0.709754
vertex 0.982322 0.457323 0.719134
vertex 0.974336 0.461591 0.719134
endloop
endfacet
facet normal -0.451360 -0.844267 0.288941
outer loop
vertex 0.981234 0.454693 0.709754
vertex 0.974336 0.461591 0.719134
vertex 0.972755 0.459226 0.709754
endloop
endfacet
facet normal -0.137533 -0.257169 -0.956530
outer loop
vertex 0.996267 0.490988 0.650960
vertex 0.992677 0.482322 0.653806
vertex 0.989369 0.484091 0.653806
endloop
endfacet
facet normal -0.137539 -0.257138 -0.956537
outer loop
vertex 0.996267 0.490988 0.650960
vertex 0.989369 0.484091 0.653806
vertex 0.994581 0.491890 0.650960
endloop
endfacet
facet normal -0.469226 -0.877678 0.097516
outer loop
vertex 0.980866 0.453806 0.700000
vertex 0.981234 0.454693 0.709754
vertex 0.972755 0.459226 0.709754
endloop
endfacet
facet normal -0.469152 -0.877709 0.097587
outer loop
vertex 0.980866 0.453806 0.700000
vertex 0.972755 0.459226 0.709754
vertex 0.972221 0.458427 0.700000
endloop
endfacet
facet normal -0.046485 -0.086866 0.995135
outer loop
vertex 0.996267 0.490988 0.749039
vertex 1.000000 0.500000 0.750000
vertex 0.994581 0.491890 0.749039
endloop
endfacet
facet normal -0.046423 -0.086780 -0.995145
outer loop
vertex 1.000000 0.500000 0.650000
vertex 0.996267 0.490988 0.650960
vertex 0.994581 0.491890 0.650960
endloop
endfacet
facet normal -0.469157 -0.877715 -0.097511
outer loop
vertex 0.981234 0.454693 0.690245
vertex 0.980866 0.453806 0.700000
vertex 0.972221 0.458427 0.700000
endloop
endfacet
facet normal -0.469233 -0.877668 -0.097568
outer loop
vertex 0.981234 0.454693 0.690245
vertex 0.972221 0.458427 0.700000
vertex 0.972755 0.459226 0.690245
endloop
endfacet
facet normal -0.137525 -0.257082 0.956554
outer loop
vertex 0.992677 0.482322 0.746194
vertex 0.996267 0.490988 0.749039
vertex 0.994581 0.491890 0.749039
endloop
endfacet
facet normal -0.137477 -0.257082 0.956561
outer loop
vertex 0.992677 0.482322 0.746194
vertex 0.994581 0.491890 0.749039
vertex 0.989369 0.484091 0.746194
endloop
endfacet
facet normal -0.451336 -0.844231 -0.289084
outer loop
vertex 0.982322 0.457323 0.680866
vertex 0.981234 0.454693 0.690245
vertex 0.972755 0.459226 0.690245
endloop
endfacet
facet normal -0.451239 -0.844321 -0.288975
outer loop
vertex 0.982322 0.457323 0.680866
vertex 0.972755 0.459226 0.690245
vertex 0.974336 0.461591 0.680866
endloop
endfacet
facet normal -0.223159 -0.417295 0.880946
outer loop
vertex 0.989369 0.474336 0.741573
vertex 0.992677 0.482322 0.746194
vertex 0.989369 0.484091 0.746194
endloop
endfacet
facet normal -0.223069 -0.417309 0.880962
outer loop
vertex 0.989369 0.474336 0.741573
vertex 0.989369 0.484091 0.746194
vertex 0.984567 0.476903 0.741573
endloop
endfacet
facet normal -0.416143 -0.778674 -0.469566
outer loop
vertex 0.984091 0.461591 0.672221
vertex 0.982322 0.457323 0.680866
vertex 0.974336 0.461591 0.680866
endloop
endfacet
facet normal -0.416184 -0.778617 -0.469624
outer loop
vertex 0.984091 0.461591 0.672221
vertex 0.974336 0.461591 0.680866
vertex 0.976903 0.465433 0.672221
endloop
endfacet
facet normal -0.631334 -0.769345 0.097594
outer loop
vertex 0.972221 0.458427 0.700000
vertex 0.972755 0.459226 0.709754
vertex 0.965324 0.465324 0.709754
endloop
endfacet
facet normal -0.631398 -0.769304 0.097506
outer loop
vertex 0.972221 0.458427 0.700000
vertex 0.965324 0.465324 0.709754
vertex 0.964645 0.464645 0.700000
endloop
endfacet
facet normal -0.062471 -0.076153 0.995137
outer loop
vertex 0.994581 0.491890 0.749039
vertex 1.000000 0.500000 0.750000
vertex 0.993103 0.493103 0.749039
endloop
endfacet
facet normal -0.062433 -0.076072 -0.995146
outer loop
vertex 1.000000 0.500000 0.650000
vertex 0.994581 0.491890 0.650960
vertex 0.993103 0.493103 0.650960
endloop
endfacet
facet normal -0.631400 -0.769294 -0.097575
outer loop
vertex 0.972755 0.459226 0.690245
vertex 0.972221 0.458427 0.700000
vertex 0.964645 0.464645 0.700000
endloop
endfacet
facet normal -0.631339 -0.769354 -0.097496
outer loop
vertex 0.972755 0.459226 0.690245
vertex 0.964645 0.464645 0.700000
vertex 0.965324 0.465324 0.690245
endloop
endfacet
facet normal -0.184958 -0.225349 0.956561
outer loop
vertex 0.989369 0.484091 0.746194
vertex 0.994581 0.491890 0.749039
vertex 0.993103 0.493103 0.749039
endloop
endfacet
facet normal -0.184948 -0.225358 0.956561
outer loop
vertex 0.989369 0.484091 0.746194
vertex 0.993103 0.493103 0.749039
vertex 0.986470 0.486470 0.746194
endloop
endfacet
facet normal -0.607298 -0.740051 -0.288988
outer loop
vertex 0.974336 0.461591 0.680866
vertex 0.972755 0.459226 0.690245
vertex 0.965324 0.465324 0.690245
endloop
endfacet
facet normal -0.607319 -0.740019 -0.289025
outer loop
vertex 0.974336 0.461591 0.680866
vertex 0.965324 0.465324 0.690245
vertex 0.967336 0.467336 0.680866
endloop
endfacet
facet normal -0.300200 -0.365799 0.880949
outer loop
vertex 0.984567 0.476903 0.741573
vertex 0.989369 0.484091 0.746194
vertex 0.986470 0.486470 0.746194
endloop
endfacet
facet normal -0.300113 -0.365820 0.880970
outer loop
vertex 0.984567 0.476903 0.741573
vertex 0.986470 0.486470 0.746194
vertex 0.980357 0.480357 0.741573
endloop
endfacet
facet normal -0.560096 -0.682469 -0.469604
outer loop
vertex 0.976903 0.465433 0.672221
vertex 0.974336 0.461591 0.680866
vertex 0.967336 0.467336 0.680866
endloop
endfacet
facet normal -0.560077 -0.682503 -0.469577
outer loop
vertex 0.976903 0.465433 0.672221
vertex 0.967336 0.467336 0.680866
vertex 0.970603 0.470603 0.672221
endloop
endfacet
facet normal -0.403479 -0.491797 0.771583
outer loop
vertex 0.980357 0.470603 0.735356
vertex 0.984567 0.476903 0.741573
vertex 0.980357 0.480357 0.741573
endloop
endfacet
facet normal -0.403648 -0.491754 0.771522
outer loop
vertex 0.980357 0.470603 0.735356
vertex 0.980357 0.480357 0.741573
vertex 0.975000 0.475000 0.735356
endloop
endfacet
facet normal -0.491318 -0.598715 -0.632571
outer loop
vertex 0.980357 0.470603 0.664645
vertex 0.976903 0.465433 0.672221
vertex 0.970603 0.470603 0.672221
endloop
endfacet
facet normal -0.491358 -0.598633 -0.632619
outer loop
vertex 0.980357 0.470603 0.664645
vertex 0.970603 0.470603 0.672221
vertex 0.975000 0.475000 0.664645
endloop
endfacet
facet normal -0.491443 -0.598720 0.632469
outer loop
vertex 0.976903 0.465433 0.727778
vertex 0.980357 0.470603 0.735356
vertex 0.975000 0.475000 0.735356
endloop
endfacet
facet normal -0.491350 -0.598754 0.632509
outer loop
vertex 0.976903 0.465433 0.727778
vertex 0.975000 0.475000 0.735356
vertex 0.970603 0.470603 0.727778
endloop
endfacet
facet normal -0.403640 -0.491746 -0.771532
outer loop
vertex 0.984567 0.476903 0.658427
vertex 0.980357 0.470603 0.664645
vertex 0.975000 0.475000 0.664645
endloop
endfacet
facet normal -0.403568 -0.491901 -0.771470
outer loop
vertex 0.984567 0.476903 0.658427
vertex 0.975000 0.475000 0.664645
vertex 0.980357 0.480357 0.658427
endloop
endfacet
facet normal -0.560048 -0.682475 0.469653
outer loop
vertex 0.974336 0.461591 0.719134
vertex 0.976903 0.465433 0.727778
vertex 0.970603 0.470603 0.727778
endloop
endfacet
facet normal -0.560098 -0.682455 0.469623
outer loop
vertex 0.974336 0.461591 0.719134
vertex 0.970603 0.470603 0.727778
vertex 0.967336 0.467336 0.719134
endloop
endfacet
facet normal -0.300145 -0.365838 -0.880951
outer loop
vertex 0.989369 0.484091 0.653806
vertex 0.984567 0.476903 0.658427
vertex 0.980357 0.480357 0.658427
endloop
endfacet
facet normal -0.300164 -0.365796 -0.880962
outer loop
vertex 0.989369 0.484091 0.653806
vertex 0.980357 0.480357 0.658427
vertex 0.986470 0.486470 0.653806
endloop
endfacet
facet normal -0.607345 -0.740028 0.288946
outer loop
vertex 0.972755 0.459226 0.709754
vertex 0.974336 0.461591 0.719134
vertex 0.967336 0.467336 0.719134
endloop
endfacet
facet normal -0.607295 -0.740050 0.288996
outer loop
vertex 0.972755 0.459226 0.709754
vertex 0.967336 0.467336 0.719134
vertex 0.965324 0.465324 0.709754
endloop
endfacet
facet normal -0.184987 -0.225427 -0.956537
outer loop
vertex 0.994581 0.491890 0.650960
vertex 0.989369 0.484091 0.653806
vertex 0.986470 0.486470 0.653806
endloop
endfacet
facet normal -0.185013 -0.225415 -0.956534
outer loop
vertex 0.994581 0.491890 0.650960
vertex 0.986470 0.486470 0.653806
vertex 0.993103 0.493103 0.650960
endloop
endfacet
facet normal -0.598681 -0.491300 -0.632618
outer loop
vertex 0.975000 0.475000 0.664645
vertex 0.970603 0.470603 0.672221
vertex 0.965433 0.476903 0.672221
endloop
endfacet
facet normal -0.598668 -0.491381 -0.632567
outer loop
vertex 0.975000 0.475000 0.664645
vertex 0.965433 0.476903 0.672221
vertex 0.970603 0.480357 0.664645
endloop
endfacet
facet normal -0.598698 -0.491413 0.632514
outer loop
vertex 0.970603 0.470603 0.727778
vertex 0.975000 0.475000 0.735356
vertex 0.970603 0.480357 0.735356
endloop
endfacet
facet normal -0.598782 -0.491368 0.632469
outer loop
vertex 0.970603 0.470603 0.727778
vertex 0.970603 0.480357 0.735356
vertex 0.965433 0.476903 0.727778
endloop
endfacet
facet normal -0.491803 -0.403678 -0.771475
outer loop
vertex 0.980357 0.480357 0.658427
vertex 0.975000 0.475000 0.664645
vertex 0.970603 0.480357 0.664645
endloop
endfacet
facet normal -0.491840 -0.403526 -0.771531
outer loop
vertex 0.980357 0.480357 0.658427
vertex 0.970603 0.480357 0.664645
vertex 0.976903 0.484567 0.658427
endloop
endfacet
facet normal -0.682486 -0.560061 0.469622
outer loop
vertex 0.967336 0.467336 0.719134
vertex 0.970603 0.470603 0.727778
vertex 0.965433 0.476903 0.727778
endloop
endfacet
facet normal -0.682439 -0.560092 0.469653
outer loop
vertex 0.967336 0.467336 0.719134
vertex 0.965433 0.476903 0.727778
vertex 0.961591 0.474336 0.719134
endloop
endfacet
facet normal -0.365821 -0.300131 -0.880963
outer loop
vertex 0.986470 0.486470 0.653806
vertex 0.980357 0.480357 0.658427
vertex 0.976903 0.484567 0.658427
endloop
endfacet
facet normal -0.365799 -0.300187 -0.880954
outer loop
vertex 0.986470 0.486470 0.653806
vertex 0.976903 0.484567 0.658427
vertex 0.984091 0.489369 0.653806
endloop
endfacet
facet normal -0.740017 -0.607334 0.288998
outer loop
vertex 0.965324 0.465324 0.709754
vertex 0.967336 0.467336 0.719134
vertex 0.961591 0.474336 0.719134
endloop
endfacet
facet normal -0.740058 -0.607306 0.288952
outer loop
vertex 0.965324 0.465324 0.709754
vertex 0.961591 0.474336 0.719134
vertex 0.959226 0.472755 0.709754
endloop
endfacet
facet normal -0.225431 -0.184984 -0.956536
outer loop
vertex 0.993103 0.493103 0.650960
vertex 0.986470 0.486470 0.653806
vertex 0.984091 0.489369 0.653806
endloop
endfacet
facet normal -0.225409 -0.185009 -0.956537
outer loop
vertex 0.993103 0.493103 0.650960
vertex 0.984091 0.489369 0.653806
vertex 0.991890 0.494581 0.650960
endloop
endfacet
facet normal -0.769351 -0.631341 0.097500
outer loop
vertex 0.964645 0.464645 0.700000
vertex 0.965324 0.465324 0.709754
vertex 0.959226 0.472755 0.709754
endloop
endfacet
facet normal -0.769295 -0.631397 0.097584
outer loop
vertex 0.964645 0.464645 0.700000
vertex 0.959226 0.472755 0.709754
vertex 0.958427 0.472221 0.700000
endloop
endfacet
facet normal -0.076153 -0.062502 0.995135
outer loop
vertex 0.993103 0.493103 0.749039
vertex 1.000000 0.500000 0.750000
vertex 0.991890 0.494581 0.749039
endloop
endfacet
facet normal -0.076072 -0.062446 -0.995145
outer loop
vertex 1.000000 0.500000 0.650000
vertex 0.993103 0.493103 0.650960
vertex 0.991890 0.494581 0.650960
endloop
endfacet
facet normal -0.769296 -0.631409 -0.097499
outer loop
vertex 0.965324 0.465324 0.690245
vertex 0.964645 0.464645 0.700000
vertex 0.958427 0.472221 0.700000
endloop
endfacet
facet normal -0.769351 -0.631331 -0.097571
outer loop
vertex 0.965324 0.465324 0.690245
vertex 0.958427 0.472221 0.700000
vertex 0.959226 0.472755 0.690245
endloop
endfacet
facet normal -0.225331 -0.184941 0.956568
outer loop
vertex 0.986470 0.486470 0.746194
vertex 0.993103 0.493103 0.749039
vertex 0.991890 0.494581 0.749039
endloop
endfacet
facet normal -0.225349 -0.184938 0.956565
outer loop
vertex 0.986470 0.486470 0.746194
vertex 0.991890 0.494581 0.749039
vertex 0.984091 0.489369 0.746194
endloop
endfacet
facet normal -0.740044 -0.607284 -0.289036
outer loop
vertex 0.967336 0.467336 0.680866
vertex 0.965324 0.465324 0.690245
vertex 0.959226 0.472755 0.690245
endloop
endfacet
facet normal -0.740014 -0.607346 -0.288979
outer loop
vertex 0.967336 0.467336 0.680866
vertex 0.959226 0.472755 0.690245
vertex 0.961591 0.474336 0.680866
endloop
endfacet
facet normal -0.365792 -0.300146 0.880970
outer loop
vertex 0.980357 0.480357 0.741573
vertex 0.986470 0.486470 0.746194
vertex 0.984091 0.489369 0.746194
endloop
endfacet
facet normal -0.365828 -0.300144 0.880956
outer loop
vertex 0.980357 0.480357 0.741573
vertex 0.984091 0.489369 0.746194
vertex 0.976903 0.484567 0.741573
endloop
endfacet
facet normal -0.682481 -0.560097 -0.469585
outer loop
vertex 0.970603 0.470603 0.672221
vertex 0.967336 0.467336 0.680866
vertex 0.961591 0.474336 0.680866
endloop
endfacet
facet normal -0.682477 -0.560086 -0.469605
outer loop
vertex 0.970603 0.470603 0.672221
vertex 0.961591 0.474336 0.680866
vertex 0.965433 0.476903 0.672221
endloop
endfacet
facet normal -0.491850 -0.403530 0.771523
outer loop
vertex 0.975000 0.475000 0.735356
vertex 0.980357 0.480357 0.741573
vertex 0.976903 0.484567 0.741573
endloop
endfacet
facet normal -0.491699 -0.403603 0.771580
outer loop
vertex 0.975000 0.475000 0.735356
vertex 0.976903 0.484567 0.741573
vertex 0.970603 0.480357 0.735356
endloop
endfacet
facet normal -0.086856 -0.046468 0.995136
outer loop
vertex 0.991890 0.494581 0.749039
vertex 1.000000 0.500000 0.750000
vertex 0.990988 0.496267 0.749039
endloop
endfacet
facet normal -0.086770 -0.046419 -0.995146
outer loop
vertex 1.000000 0.500000 0.650000
vertex 0.991890 0.494581 0.650960
vertex 0.990988 0.496267 0.650960
endloop
endfacet
facet normal -0.877705 -0.469163 -0.097575
outer loop
vertex 0.959226 0.472755 0.690245
vertex 0.958427 0.472221 0.700000
vertex 0.953806 0.480866 0.700000
endloop
endfacet
facet normal -0.877674 -0.469234 -0.097507
outer loop
vertex 0.959226 0.472755 0.690245
vertex 0.953806 0.480866 0.700000
vertex 0.954693 0.481234 0.690245
endloop
endfacet
facet normal -0.257050 -0.137496 0.956567
outer loop
vertex 0.984091 0.489369 0.746194
vertex 0.991890 0.494581 0.749039
vertex 0.990988 0.496267 0.749039
endloop
endfacet
facet normal -0.257076 -0.137493 0.956560
outer loop
vertex 0.984091 0.489369 0.746194
vertex 0.990988 0.496267 0.749039
vertex 0.982322 0.492677 0.746194
endloop
endfacet
facet normal -0.844269 -0.451337 -0.288972
outer loop
vertex 0.961591 0.474336 0.680866
vertex 0.959226 0.472755 0.690245
vertex 0.954693 0.481234 0.690245
endloop
endfacet
facet normal -0.844286 -0.451224 -0.289099
outer loop
vertex 0.961591 0.474336 0.680866
vertex 0.954693 0.481234 0.690245
vertex 0.957323 0.482322 0.680866
endloop
endfacet
facet normal -0.417275 -0.223135 0.880961
outer loop
vertex 0.976903 0.484567 0.741573
vertex 0.984091 0.489369 0.746194
vertex 0.982322 0.492677 0.746194
endloop
endfacet
facet normal -0.417334 -0.223083 0.880946
outer loop
vertex 0.976903 0.484567 0.741573
vertex 0.982322 0.492677 0.746194
vertex 0.974336 0.489369 0.741573
endloop
endfacet
facet normal -0.778653 -0.416137 -0.469606
outer loop
vertex 0.965433 0.476903 0.672221
vertex 0.961591 0.474336 0.680866
vertex 0.957323 0.482322 0.680866
endloop
endfacet
facet normal -0.778646 -0.416176 -0.469583
outer loop
vertex 0.965433 0.476903 0.672221
vertex 0.957323 0.482322 0.680866
vertex 0.961591 0.484091 0.672221
endloop
endfacet
facet normal -0.561015 -0.299881 0.771579
outer loop
vertex 0.970603 0.480357 0.735356
vertex 0.976903 0.484567 0.741573
vertex 0.974336 0.489369 0.741573
endloop
endfacet
facet normal -0.561062 -0.299846 0.771558
outer loop
vertex 0.970603 0.480357 0.735356
vertex 0.974336 0.489369 0.741573
vertex 0.967336 0.486470 0.735356
endloop
endfacet
facet normal -0.683051 -0.365099 -0.632569
outer loop
vertex 0.970603 0.480357 0.664645
vertex 0.965433 0.476903 0.672221
vertex 0.961591 0.484091 0.672221
endloop
endfacet
facet normal -0.683043 -0.365046 -0.632608
outer loop
vertex 0.970603 0.480357 0.664645
vertex 0.961591 0.484091 0.672221
vertex 0.967336 0.486470 0.664645
endloop
endfacet
facet normal -0.683147 -0.365093 0.632469
outer loop
vertex 0.965433 0.476903 0.727778
vertex 0.970603 0.480357 0.735356
vertex 0.967336 0.486470 0.735356
endloop
endfacet
facet normal -0.683101 -0.365134 0.632494
outer loop
vertex 0.965433 0.476903 0.727778
vertex 0.967336 0.486470 0.735356
vertex 0.961591 0.484091 0.727778
endloop
endfacet
facet normal -0.561103 -0.299860 -0.771522
outer loop
vertex 0.976903 0.484567 0.658427
vertex 0.970603 0.480357 0.664645
vertex 0.967336 0.486470 0.664645
endloop
endfacet
facet normal -0.561095 -0.299937 -0.771499
outer loop
vertex 0.976903 0.484567 0.658427
vertex 0.967336 0.486470 0.664645
vertex 0.974336 0.489369 0.658427
endloop
endfacet
facet normal -0.778604 -0.416174 0.469654
outer loop
vertex 0.961591 0.474336 0.719134
vertex 0.965433 0.476903 0.727778
vertex 0.961591 0.484091 0.727778
endloop
endfacet
facet normal -0.778648 -0.416126 0.469623
outer loop
vertex 0.961591 0.474336 0.719134
vertex 0.961591 0.484091 0.727778
vertex 0.957323 0.482322 0.719134
endloop
endfacet
facet normal -0.417325 -0.223086 -0.880950
outer loop
vertex 0.984091 0.489369 0.653806
vertex 0.976903 0.484567 0.658427
vertex 0.974336 0.489369 0.658427
endloop
endfacet
facet normal -0.417308 -0.223153 -0.880941
outer loop
vertex 0.984091 0.489369 0.653806
vertex 0.974336 0.489369 0.658427
vertex 0.982322 0.492677 0.653806
endloop
endfacet
facet normal -0.844336 -0.451235 0.288937
outer loop
vertex 0.959226 0.472755 0.709754
vertex 0.961591 0.474336 0.719134
vertex 0.957323 0.482322 0.719134
endloop
endfacet
facet normal -0.844235 -0.451346 0.289056
outer loop
vertex 0.959226 0.472755 0.709754
vertex 0.957323 0.482322 0.719134
vertex 0.954693 0.481234 0.709754
endloop
endfacet
facet normal -0.257158 -0.137520 -0.956534
outer loop
vertex 0.991890 0.494581 0.650960
vertex 0.984091 0.489369 0.653806
vertex 0.982322 0.492677 0.653806
endloop
endfacet
facet normal -0.257162 -0.137552 -0.956529
outer loop
vertex 0.991890 0.494581 0.650960
vertex 0.982322 0.492677 0.653806
vertex 0.990988 0.496267 0.650960
endloop
endfacet
facet normal -0.877678 -0.469211 0.097585
outer loop
vertex 0.958427 0.472221 0.700000
vertex 0.959226 0.472755 0.709754
vertex 0.954693 0.481234 0.709754
endloop
endfacet
facet normal -0.877707 -0.469170 0.097519
outer loop
vertex 0.958427 0.472221 0.700000
vertex 0.954693 0.481234 0.709754
vertex 0.953806 0.480866 0.700000
endloop
endfacet
facet normal -0.741213 -0.224828 0.632500
outer loop
vertex 0.961591 0.484091 0.727778
vertex 0.967336 0.486470 0.735356
vertex 0.965324 0.493103 0.735356
endloop
endfacet
facet normal -0.741259 -0.224774 0.632465
outer loop
vertex 0.961591 0.484091 0.727778
vertex 0.965324 0.493103 0.735356
vertex 0.959226 0.491890 0.727778
endloop
endfacet
facet normal -0.608838 -0.184675 -0.771499
outer loop
vertex 0.974336 0.489369 0.658427
vertex 0.967336 0.486470 0.664645
vertex 0.965324 0.493103 0.664645
endloop
endfacet
facet normal -0.608824 -0.184689 -0.771507
outer loop
vertex 0.974336 0.489369 0.658427
vertex 0.965324 0.493103 0.664645
vertex 0.972755 0.494581 0.658427
endloop
endfacet
facet normal -0.844886 -0.256223 0.469592
outer loop
vertex 0.957323 0.482322 0.719134
vertex 0.961591 0.484091 0.727778
vertex 0.959226 0.491890 0.727778
endloop
endfacet
facet normal -0.844754 -0.256371 0.469749
outer loop
vertex 0.957323 0.482322 0.719134
vertex 0.959226 0.491890 0.727778
vertex 0.954693 0.490988 0.719134
endloop
endfacet
facet normal -0.452847 -0.137372 -0.880942
outer loop
vertex 0.982322 0.492677 0.653806
vertex 0.974336 0.489369 0.658427
vertex 0.972755 0.494581 0.658427
endloop
endfacet
facet normal -0.452829 -0.137228 -0.880973
outer loop
vertex 0.982322 0.492677 0.653806
vertex 0.972755 0.494581 0.658427
vertex 0.981234 0.496267 0.653806
endloop
endfacet
facet normal -0.916048 -0.277999 0.289090
outer loop
vertex 0.954693 0.481234 0.709754
vertex 0.957323 0.482322 0.719134
vertex 0.954693 0.490988 0.719134
endloop
endfacet
facet normal -0.916135 -0.277873 0.288935
outer loop
vertex 0.954693 0.481234 0.709754
vertex 0.954693 0.490988 0.719134
vertex 0.951903 0.490433 0.709754
endloop
endfacet
facet normal -0.279097 -0.084578 -0.956531
outer loop
vertex 0.990988 0.496267 0.650960
vertex 0.982322 0.492677 0.653806
vertex 0.981234 0.496267 0.653806
endloop
endfacet
facet normal -0.279092 -0.084663 -0.956525
outer loop
vertex 0.990988 0.496267 0.650960
vertex 0.981234 0.496267 0.653806
vertex 0.990433 0.498097 0.650960
endloop
endfacet
facet normal -0.952394 -0.288853 0.097513
outer loop
vertex 0.953806 0.480866 0.700000
vertex 0.954693 0.481234 0.709754
vertex 0.951903 0.490433 0.709754
endloop
endfacet
facet normal -0.952345 -0.288974 0.097640
outer loop
vertex 0.953806 0.480866 0.700000
vertex 0.951903 0.490433 0.709754
vertex 0.950960 0.490245 0.700000
endloop
endfacet
facet normal -0.094281 -0.028594 0.995135
outer loop
vertex 0.990988 0.496267 0.749039
vertex 1.000000 0.500000 0.750000
vertex 0.990433 0.498097 0.749039
endloop
endfacet
facet normal -0.094183 -0.028563 -0.995145
outer loop
vertex 1.000000 0.500000 0.650000
vertex 0.990988 0.496267 0.650960
vertex 0.990433 0.498097 0.650960
endloop
endfacet
facet normal -0.952356 -0.288983 -0.097502
outer loop
vertex 0.954693 0.481234 0.690245
vertex 0.953806 0.480866 0.700000
vertex 0.950960 0.490245 0.700000
endloop
endfacet
facet normal -0.952386 -0.288840 -0.097631
outer loop
vertex 0.954693 0.481234 0.690245
vertex 0.950960 0.490245 0.700000
vertex 0.951903 0.490433 0.690245
endloop
endfacet
facet normal -0.278998 -0.084611 0.956557
outer loop
vertex 0.982322 0.492677 0.746194
vertex 0.990988 0.496267 0.749039
vertex 0.990433 0.498097 0.749039
endloop
endfacet
facet normal -0.279007 -0.084556 0.956559
outer loop
vertex 0.982322 0.492677 0.746194
vertex 0.990433 0.498097 0.749039
vertex 0.981234 0.496267 0.746194
endloop
endfacet
facet normal -0.916084 -0.277854 -0.289115
outer loop
vertex 0.957323 0.482322 0.680866
vertex 0.954693 0.481234 0.690245
vertex 0.951903 0.490433 0.690245
endloop
endfacet
facet normal -0.916080 -0.278021 -0.288967
outer loop
vertex 0.957323 0.482322 0.680866
vertex 0.951903 0.490433 0.690245
vertex 0.954693 0.490988 0.680866
endloop
endfacet
facet normal -0.452883 -0.137270 0.880939
outer loop
vertex 0.974336 0.489369 0.741573
vertex 0.982322 0.492677 0.746194
vertex 0.981234 0.496267 0.746194
endloop
endfacet
facet normal -0.452796 -0.137344 0.880973
outer loop
vertex 0.974336 0.489369 0.741573
vertex 0.981234 0.496267 0.746194
vertex 0.972755 0.494581 0.741573
endloop
endfacet
facet normal -0.844856 -0.256388 -0.469556
outer loop
vertex 0.961591 0.484091 0.672221
vertex 0.957323 0.482322 0.680866
vertex 0.954693 0.490988 0.680866
endloop
endfacet
facet normal -0.844822 -0.256201 -0.469719
outer loop
vertex 0.961591 0.484091 0.672221
vertex 0.954693 0.490988 0.680866
vertex 0.959226 0.491890 0.672221
endloop
endfacet
facet normal -0.608774 -0.184681 0.771549
outer loop
vertex 0.967336 0.486470 0.735356
vertex 0.974336 0.489369 0.741573
vertex 0.972755 0.494581 0.741573
endloop
endfacet
facet normal -0.608771 -0.184662 0.771555
outer loop
vertex 0.967336 0.486470 0.735356
vertex 0.972755 0.494581 0.741573
vertex 0.965324 0.493103 0.735356
endloop
endfacet
facet normal -0.741148 -0.224732 -0.632610
outer loop
vertex 0.967336 0.486470 0.664645
vertex 0.961591 0.484091 0.672221
vertex 0.959226 0.491890 0.672221
endloop
endfacet
facet normal -0.741168 -0.224819 -0.632555
outer loop
vertex 0.967336 0.486470 0.664645
vertex 0.959226 0.491890 0.672221
vertex 0.965324 0.493103 0.664645
endloop
endfacet
facet normal -0.990438 -0.097476 -0.097622
outer loop
vertex 0.951903 0.490433 0.690245
vertex 0.950960 0.490245 0.700000
vertex 0.950000 0.500000 0.700000
endloop
endfacet
facet normal -0.990438 -0.097533 -0.097572
outer loop
vertex 0.951903 0.490433 0.690245
vertex 0.950000 0.500000 0.700000
vertex 0.950961 0.500000 0.690245
endloop
endfacet
facet normal -0.290172 -0.028674 0.956545
outer loop
vertex 0.981234 0.496267 0.746194
vertex 0.990433 0.498097 0.749039
vertex 0.990245 0.500000 0.749039
endloop
endfacet
facet normal -0.290154 -0.028599 0.956553
outer loop
vertex 0.981234 0.496267 0.746194
vertex 0.990245 0.500000 0.749039
vertex 0.980866 0.500000 0.746194
endloop
endfacet
facet normal -0.952731 -0.093805 -0.288970
outer loop
vertex 0.954693 0.490988 0.680866
vertex 0.951903 0.490433 0.690245
vertex 0.950961 0.500000 0.690245
endloop
endfacet
facet normal -0.952727 -0.093765 -0.288996
outer loop
vertex 0.954693 0.490988 0.680866
vertex 0.950961 0.500000 0.690245
vertex 0.953806 0.500000 0.680866
endloop
endfacet
facet normal -0.470892 -0.046423 0.880969
outer loop
vertex 0.972755 0.494581 0.741573
vertex 0.981234 0.496267 0.746194
vertex 0.980866 0.500000 0.746194
endloop
endfacet
facet normal -0.470889 -0.046394 0.880972
outer loop
vertex 0.972755 0.494581 0.741573
vertex 0.980866 0.500000 0.746194
vertex 0.972221 0.500000 0.741573
endloop
endfacet
facet normal -0.878581 -0.086477 -0.469700
outer loop
vertex 0.959226 0.491890 0.672221
vertex 0.954693 0.490988 0.680866
vertex 0.953806 0.500000 0.680866
endloop
endfacet
facet normal -0.878602 -0.086553 -0.469646
outer loop
vertex 0.959226 0.491890 0.672221
vertex 0.953806 0.500000 0.680866
vertex 0.958427 0.500000 0.672221
endloop
endfacet
facet normal -0.633092 -0.062375 0.771560
outer loop
vertex 0.965324 0.493103 0.735356
vertex 0.972755 0.494581 0.741573
vertex 0.972221 0.500000 0.741573
endloop
endfacet
facet normal -0.633137 -0.062336 0.771526
outer loop
vertex 0.965324 0.493103 0.735356
vertex 0.972221 0.500000 0.741573
vertex 0.964645 0.500000 0.735356
endloop
endfacet
facet normal -0.770776 -0.075942 -0.632564
outer loop
vertex 0.965324 0.493103 0.664645
vertex 0.959226 0.491890 0.672221
vertex 0.958427 0.500000 0.672221
endloop
endfacet
facet normal -0.770756 -0.075874 -0.632596
outer loop
vertex 0.965324 0.493103 0.664645
vertex 0.958427 0.500000 0.672221
vertex 0.964645 0.500000 0.664645
endloop
endfacet
facet normal -0.770869 -0.075892 0.632457
outer loop
vertex 0.959226 0.491890 0.727778
vertex 0.965324 0.493103 0.735356
vertex 0.964645 0.500000 0.735356
endloop
endfacet
facet normal -0.770829 -0.075928 0.632501
outer loop
vertex 0.959226 0.491890 0.727778
vertex 0.964645 0.500000 0.735356
vertex 0.958427 0.500000 0.727778
endloop
endfacet
facet normal -0.633167 -0.062329 -0.771501
outer loop
vertex 0.972755 0.494581 0.658427
vertex 0.965324 0.493103 0.664645
vertex 0.964645 0.500000 0.664645
endloop
endfacet
facet normal -0.633186 -0.062409 -0.771479
outer loop
vertex 0.972755 0.494581 0.658427
vertex 0.964645 0.500000 0.664645
vertex 0.972221 0.500000 0.658427
endloop
endfacet
facet normal -0.878549 -0.086533 0.469749
outer loop
vertex 0.954693 0.490988 0.719134
vertex 0.959226 0.491890 0.727778
vertex 0.958427 0.500000 0.727778
endloop
endfacet
facet normal -0.878587 -0.086489 0.469686
outer loop
vertex 0.954693 0.490988 0.719134
vertex 0.958427 0.500000 0.727778
vertex 0.953806 0.500000 0.719134
endloop
endfacet
facet normal -0.470902 -0.046411 -0.880964
outer loop
vertex 0.981234 0.496267 0.653806
vertex 0.972755 0.494581 0.658427
vertex 0.972221 0.500000 0.658427
endloop
endfacet
facet normal -0.470891 -0.046398 -0.880970
outer loop
vertex 0.981234 0.496267 0.653806
vertex 0.972221 0.500000 0.658427
vertex 0.980866 0.500000 0.653806
endloop
endfacet
facet normal -0.952747 -0.093756 0.288935
outer loop
vertex 0.951903 0.490433 0.709754
vertex 0.954693 0.490988 0.719134
vertex 0.953806 0.500000 0.719134
endloop
endfacet
facet normal -0.952732 -0.093813 0.288965
outer loop
vertex 0.951903 0.490433 0.709754
vertex 0.953806 0.500000 0.719134
vertex 0.950961 0.500000 0.709754
endloop
endfacet
facet normal -0.290239 -0.028623 -0.956526
outer loop
vertex 0.990433 0.498097 0.650960
vertex 0.981234 0.496267 0.653806
vertex 0.980866 0.500000 0.653806
endloop
endfacet
facet normal -0.290253 -0.028650 -0.956521
outer loop
vertex 0.990433 0.498097 0.650960
vertex 0.980866 0.500000 0.653806
vertex 0.990245 0.500000 0.650960
endloop
endfacet
facet normal -0.990433 -0.097524 0.097634
outer loop
vertex 0.950960 0.490245 0.700000
vertex 0.951903 0.490433 0.709754
vertex 0.950961 0.500000 0.709754
endloop
endfacet
facet normal -0.990441 -0.097487 0.097584
outer loop
vertex 0.950960 0.490245 0.700000
vertex 0.950961 0.500000 0.709754
vertex 0.950000 0.500000 0.700000
endloop
endfacet
facet normal -0.098026 -0.009679 0.995137
outer loop
vertex 0.990433 0.498097 0.749039
vertex 1.000000 0.500000 0.750000
vertex 0.990245 0.500000 0.749039
endloop
endfacet
facet normal -0.097926 -0.009679 -0.995147
outer loop
vertex 1.000000 0.500000 0.650000
vertex 0.990433 0.498097 0.650960
vertex 0.990245 0.500000 0.650960
endloop
endfacet
facet normal -0.633199 0.062337 -0.771474
outer loop
vertex 0.972221 0.500000 0.658427
vertex 0.964645 0.500000 0.664645
vertex 0.965324 0.506898 0.664645
endloop
endfacet
facet normal -0.633149 0.062387 -0.771512
outer loop
vertex 0.972221 0.500000 0.658427
vertex 0.965324 0.506898 0.664645
vertex 0.972755 0.505419 0.658427
endloop
endfacet
facet normal -0.878580 0.086582 0.469681
outer loop
vertex 0.953806 0.500000 0.719134
vertex 0.958427 0.500000 0.727778
vertex 0.959226 0.508110 0.727778
endloop
endfacet
facet normal -0.878556 0.086444 0.469751
outer loop
vertex 0.953806 0.500000 0.719134
vertex 0.959226 0.508110 0.727778
vertex 0.954693 0.509012 0.719134
endloop
endfacet
facet normal -0.470902 0.046393 -0.880965
outer loop
vertex 0.980866 0.500000 0.653806
vertex 0.972221 0.500000 0.658427
vertex 0.972755 0.505419 0.658427
endloop
endfacet
facet normal -0.470901 0.046423 -0.880964
outer loop
vertex 0.980866 0.500000 0.653806
vertex 0.972755 0.505419 0.658427
vertex 0.981234 0.503733 0.653806
endloop
endfacet
facet normal -0.952738 0.093755 0.288965
outer loop
vertex 0.950961 0.500000 0.709754
vertex 0.953806 0.500000 0.719134
vertex 0.954693 0.509012 0.719134
endloop
endfacet
facet normal -0.952740 0.093814 0.288937
outer loop
vertex 0.950961 0.500000 0.709754
vertex 0.954693 0.509012 0.719134
vertex 0.951903 0.509567 0.709754
endloop
endfacet
facet normal -0.290254 0.028612 -0.956522
outer loop
vertex 0.990245 0.500000 0.650960
vertex 0.980866 0.500000 0.653806
vertex 0.981234 0.503733 0.653806
endloop
endfacet
facet normal -0.290225 0.028672 -0.956529
outer loop
vertex 0.990245 0.500000 0.650960
vertex 0.981234 0.503733 0.653806
vertex 0.990433 0.501903 0.650960
endloop
endfacet
facet normal -0.990438 0.097523 0.097583
outer loop
vertex 0.950000 0.500000 0.700000
vertex 0.950961 0.500000 0.709754
vertex 0.951903 0.509567 0.709754
endloop
endfacet
facet normal -0.990437 0.097594 0.097521
outer loop
vertex 0.950000 0.500000 0.700000
vertex 0.951903 0.509567 0.709754
vertex 0.950961 0.509754 0.700000
endloop
endfacet
facet normal -0.098026 0.009679 0.995137
outer loop
vertex 0.990245 0.500000 0.749039
vertex 1.000000 0.500000 0.750000
vertex 0.990433 0.501903 0.749039
endloop
endfacet
facet normal -0.097926 0.009679 -0.995147
outer loop
vertex 1.000000 0.500000 0.650000
vertex 0.990245 0.500000 0.650960
vertex 0.990433 0.501903 0.650960
endloop
endfacet
facet normal -0.990433 0.097582 -0.097571
outer loop
vertex 0.950961 0.500000 0.690245
vertex 0.950000 0.500000 0.700000
vertex 0.950961 0.509754 0.700000
endloop
endfacet
facet normal -0.990444 0.097534 -0.097511
outer loop
vertex 0.950961 0.500000 0.690245
vertex 0.950961 0.509754 0.700000
vertex 0.951903 0.509567 0.690245
endloop
endfacet
facet normal -0.290161 0.028649 0.956549
outer loop
vertex 0.980866 0.500000 0.746194
vertex 0.990245 0.500000 0.749039
vertex 0.990433 0.501903 0.749039
endloop
endfacet
facet normal -0.290160 0.028612 0.956550
outer loop
vertex 0.980866 0.500000 0.746194
vertex 0.990433 0.501903 0.749039
vertex 0.981234 0.503733 0.746194
endloop
endfacet
facet normal -0.952725 0.093802 -0.288993
outer loop
vertex 0.953806 0.500000 0.680866
vertex 0.950961 0.500000 0.690245
vertex 0.951903 0.509567 0.690245
endloop
endfacet
facet normal -0.952735 0.093767 -0.288971
outer loop
vertex 0.953806 0.500000 0.680866
vertex 0.951903 0.509567 0.690245
vertex 0.954693 0.509012 0.680866
endloop
endfacet
facet normal -0.470892 0.046399 0.880970
outer loop
vertex 0.972221 0.500000 0.741573
vertex 0.980866 0.500000 0.746194
vertex 0.981234 0.503733 0.746194
endloop
endfacet
facet normal -0.470892 0.046410 0.880969
outer loop
vertex 0.972221 0.500000 0.741573
vertex 0.981234 0.503733 0.746194
vertex 0.972755 0.505419 0.741573
endloop
endfacet
facet normal -0.878612 0.086480 -0.469640
outer loop
vertex 0.958427 0.500000 0.672221
vertex 0.953806 0.500000 0.680866
vertex 0.954693 0.509012 0.680866
endloop
endfacet
facet normal -0.878566 0.086549 -0.469714
outer loop
vertex 0.958427 0.500000 0.672221
vertex 0.954693 0.509012 0.680866
vertex 0.959226 0.508110 0.672221
endloop
endfacet
facet normal -0.633125 0.062395 0.771531
outer loop
vertex 0.964645 0.500000 0.735356
vertex 0.972221 0.500000 0.741573
vertex 0.972755 0.505419 0.741573
endloop
endfacet
facet normal -0.633107 0.062310 0.771552
outer loop
vertex 0.964645 0.500000 0.735356
vertex 0.972755 0.505419 0.741573
vertex 0.965324 0.506898 0.735356
endloop
endfacet
facet normal -0.770748 0.075928 -0.632600
outer loop
vertex 0.964645 0.500000 0.664645
vertex 0.958427 0.500000 0.672221
vertex 0.959226 0.508110 0.672221
endloop
endfacet
facet normal -0.770792 0.075880 -0.632553
outer loop
vertex 0.964645 0.500000 0.664645
vertex 0.959226 0.508110 0.672221
vertex 0.965324 0.506898 0.664645
endloop
endfacet
facet normal -0.770836 0.075865 0.632499
outer loop
vertex 0.958427 0.500000 0.727778
vertex 0.964645 0.500000 0.735356
vertex 0.965324 0.506898 0.735356
endloop
endfacet
facet normal -0.770859 0.075942 0.632462
outer loop
vertex 0.958427 0.500000 0.727778
vertex 0.965324 0.506898 0.735356
vertex 0.959226 0.508110 0.727778
endloop
endfacet
facet normal -0.916126 0.277867 -0.288970
outer loop
vertex 0.954693 0.509012 0.680866
vertex 0.951903 0.509567 0.690245
vertex 0.954693 0.518766 0.690245
endloop
endfacet
facet normal -0.916019 0.278035 -0.289146
outer loop
vertex 0.954693 0.509012 0.680866
vertex 0.954693 0.518766 0.690245
vertex 0.957323 0.517677 0.680866
endloop
endfacet
facet normal -0.452803 0.137262 0.880982
outer loop
vertex 0.972755 0.505419 0.741573
vertex 0.981234 0.503733 0.746194
vertex 0.982322 0.507322 0.746194
endloop
endfacet
facet normal -0.452837 0.137401 0.880943
outer loop
vertex 0.972755 0.505419 0.741573
vertex 0.982322 0.507322 0.746194
vertex 0.974336 0.510630 0.741573
endloop
endfacet
facet normal -0.844774 0.256392 -0.469702
outer loop
vertex 0.959226 0.508110 0.672221
vertex 0.954693 0.509012 0.680866
vertex 0.957323 0.517677 0.680866
endloop
endfacet
facet normal -0.844917 0.256227 -0.469534
outer loop
vertex 0.959226 0.508110 0.672221
vertex 0.957323 0.517677 0.680866
vertex 0.961591 0.515909 0.672221
endloop
endfacet
facet normal -0.608747 0.184693 0.771567
outer loop
vertex 0.965324 0.506898 0.735356
vertex 0.972755 0.505419 0.741573
vertex 0.974336 0.510630 0.741573
endloop
endfacet
facet normal -0.608756 0.184695 0.771560
outer loop
vertex 0.965324 0.506898 0.735356
vertex 0.974336 0.510630 0.741573
vertex 0.967336 0.513530 0.735356
endloop
endfacet
facet normal -0.741193 0.224746 -0.632553
outer loop
vertex 0.965324 0.506898 0.664645
vertex 0.959226 0.508110 0.672221
vertex 0.961591 0.515909 0.672221
endloop
endfacet
facet normal -0.741123 0.224838 -0.632602
outer loop
vertex 0.965324 0.506898 0.664645
vertex 0.961591 0.515909 0.672221
vertex 0.967336 0.513530 0.664645
endloop
endfacet
facet normal -0.741246 0.224885 0.632440
outer loop
vertex 0.959226 0.508110 0.727778
vertex 0.965324 0.506898 0.735356
vertex 0.967336 0.513530 0.735356
endloop
endfacet
facet normal -0.741234 0.224755 0.632501
outer loop
vertex 0.959226 0.508110 0.727778
vertex 0.967336 0.513530 0.735356
vertex 0.961591 0.515909 0.727778
endloop
endfacet
facet normal -0.608810 0.184696 -0.771517
outer loop
vertex 0.972755 0.505419 0.658427
vertex 0.965324 0.506898 0.664645
vertex 0.967336 0.513530 0.664645
endloop
endfacet
facet normal -0.608798 0.184719 -0.771521
outer loop
vertex 0.972755 0.505419 0.658427
vertex 0.967336 0.513530 0.664645
vertex 0.974336 0.510630 0.658427
endloop
endfacet
facet normal -0.844807 0.256199 0.469749
outer loop
vertex 0.954693 0.509012 0.719134
vertex 0.959226 0.508110 0.727778
vertex 0.961591 0.515909 0.727778
endloop
endfacet
facet normal -0.844828 0.256421 0.469588
outer loop
vertex 0.954693 0.509012 0.719134
vertex 0.961591 0.515909 0.727778
vertex 0.957323 0.517677 0.719134
endloop
endfacet
facet normal -0.452811 0.137368 -0.880961
outer loop
vertex 0.981234 0.503733 0.653806
vertex 0.972755 0.505419 0.658427
vertex 0.974336 0.510630 0.658427
endloop
endfacet
facet normal -0.452879 0.137307 -0.880936
outer loop
vertex 0.981234 0.503733 0.653806
vertex 0.974336 0.510630 0.658427
vertex 0.982322 0.507322 0.653806
endloop
endfacet
facet normal -0.916077 0.278060 0.288938
outer loop
vertex 0.951903 0.509567 0.709754
vertex 0.954693 0.509012 0.719134
vertex 0.957323 0.517677 0.719134
endloop
endfacet
facet normal -0.916091 0.277843 0.289105
outer loop
vertex 0.951903 0.509567 0.709754
vertex 0.957323 0.517677 0.719134
vertex 0.954693 0.518766 0.709754
endloop
endfacet
facet normal -0.279107 0.084600 -0.956526
outer loop
vertex 0.990433 0.501903 0.650960
vertex 0.981234 0.503733 0.653806
vertex 0.982322 0.507322 0.653806
endloop
endfacet
facet normal -0.279069 0.084664 -0.956531
outer loop
vertex 0.990433 0.501903 0.650960
vertex 0.982322 0.507322 0.653806
vertex 0.990988 0.503733 0.650960
endloop
endfacet
facet normal -0.952394 0.288853 0.097517
outer loop
vertex 0.950961 0.509754 0.700000
vertex 0.951903 0.509567 0.709754
vertex 0.954693 0.518766 0.709754
endloop
endfacet
facet normal -0.952392 0.288863 0.097509
outer loop
vertex 0.950961 0.509754 0.700000
vertex 0.954693 0.518766 0.709754
vertex 0.953806 0.519134 0.700000
endloop
endfacet
facet normal -0.094261 0.028595 0.995137
outer loop
vertex 0.990433 0.501903 0.749039
vertex 1.000000 0.500000 0.750000
vertex 0.990988 0.503733 0.749039
endloop
endfacet
facet normal -0.094188 0.028565 -0.995145
outer loop
vertex 1.000000 0.500000 0.650000
vertex 0.990433 0.501903 0.650960
vertex 0.990988 0.503733 0.650960
endloop
endfacet
facet normal -0.952391 0.288868 -0.097503
outer loop
vertex 0.951903 0.509567 0.690245
vertex 0.950961 0.509754 0.700000
vertex 0.953806 0.519134 0.700000
endloop
endfacet
facet normal -0.952398 0.288843 -0.097503
outer loop
vertex 0.951903 0.509567 0.690245
vertex 0.953806 0.519134 0.700000
vertex 0.954693 0.518766 0.690245
endloop
endfacet
facet normal -0.279013 0.084620 0.956552
outer loop
vertex 0.981234 0.503733 0.746194
vertex 0.990433 0.501903 0.749039
vertex 0.990988 0.503733 0.749039
endloop
endfacet
facet normal -0.279009 0.084576 0.956557
outer loop
vertex 0.981234 0.503733 0.746194
vertex 0.990988 0.503733 0.749039
vertex 0.982322 0.507322 0.746194
endloop
endfacet
facet normal -0.417358 0.223057 -0.880941
outer loop
vertex 0.982322 0.507322 0.653806
vertex 0.974336 0.510630 0.658427
vertex 0.976903 0.515433 0.658427
endloop
endfacet
facet normal -0.417251 0.223129 -0.880974
outer loop
vertex 0.982322 0.507322 0.653806
vertex 0.976903 0.515433 0.658427
vertex 0.984091 0.510630 0.653806
endloop
endfacet
facet normal -0.844302 0.451187 0.289108
outer loop
vertex 0.954693 0.518766 0.709754
vertex 0.957323 0.517677 0.719134
vertex 0.961591 0.525664 0.719134
endloop
endfacet
facet normal -0.844277 0.451346 0.288935
outer loop
vertex 0.954693 0.518766 0.709754
vertex 0.961591 0.525664 0.719134
vertex 0.959226 0.527245 0.709754
endloop
endfacet
facet normal -0.257191 0.137531 -0.956524
outer loop
vertex 0.990988 0.503733 0.650960
vertex 0.982322 0.507322 0.653806
vertex 0.984091 0.510630 0.653806
endloop
endfacet
facet normal -0.257127 0.137547 -0.956539
outer loop
vertex 0.990988 0.503733 0.650960
vertex 0.984091 0.510630 0.653806
vertex 0.991890 0.505419 0.650960
endloop
endfacet
facet normal -0.877678 0.469225 0.097515
outer loop
vertex 0.953806 0.519134 0.700000
vertex 0.954693 0.518766 0.709754
vertex 0.959226 0.527245 0.709754
endloop
endfacet
facet normal -0.877690 0.469197 0.097539
outer loop
vertex 0.953806 0.519134 0.700000
vertex 0.959226 0.527245 0.709754
vertex 0.958427 0.527778 0.700000
endloop
endfacet
facet normal -0.086876 0.046465 0.995135
outer loop
vertex 0.990988 0.503733 0.749039
vertex 1.000000 0.500000 0.750000
vertex 0.991890 0.505419 0.749039
endloop
endfacet
facet normal -0.086766 0.046416 -0.995147
outer loop
vertex 1.000000 0.500000 0.650000
vertex 0.990988 0.503733 0.650960
vertex 0.991890 0.505419 0.650960
endloop
endfacet
facet normal -0.877683 0.469217 -0.097505
outer loop
vertex 0.954693 0.518766 0.690245
vertex 0.953806 0.519134 0.700000
vertex 0.958427 0.527778 0.700000
endloop
endfacet
facet normal -0.877681 0.469217 -0.097528
outer loop
vertex 0.954693 0.518766 0.690245
vertex 0.958427 0.527778 0.700000
vertex 0.959226 0.527245 0.690245
endloop
endfacet
facet normal -0.257078 0.137529 0.956554
outer loop
vertex 0.982322 0.507322 0.746194
vertex 0.990988 0.503733 0.749039
vertex 0.991890 0.505419 0.749039
endloop
endfacet
facet normal -0.257082 0.137484 0.956560
outer loop
vertex 0.982322 0.507322 0.746194
vertex 0.991890 0.505419 0.749039
vertex 0.984091 0.510630 0.746194
endloop
endfacet
facet normal -0.844229 0.451310 -0.289133
outer loop
vertex 0.957323 0.517677 0.680866
vertex 0.954693 0.518766 0.690245
vertex 0.959226 0.527245 0.690245
endloop
endfacet
facet normal -0.844340 0.451206 -0.288969
outer loop
vertex 0.957323 0.517677 0.680866
vertex 0.959226 0.527245 0.690245
vertex 0.961591 0.525664 0.680866
endloop
endfacet
facet normal -0.417299 0.223148 0.880946
outer loop
vertex 0.974336 0.510630 0.741573
vertex 0.982322 0.507322 0.746194
vertex 0.984091 0.510630 0.746194
endloop
endfacet
facet normal -0.417320 0.223028 0.880967
outer loop
vertex 0.974336 0.510630 0.741573
vertex 0.984091 0.510630 0.746194
vertex 0.976903 0.515433 0.741573
endloop
endfacet
facet normal -0.778707 0.416116 -0.469535
outer loop
vertex 0.961591 0.515909 0.672221
vertex 0.957323 0.517677 0.680866
vertex 0.961591 0.525664 0.680866
endloop
endfacet
facet normal -0.778630 0.416169 -0.469616
outer loop
vertex 0.961591 0.515909 0.672221
vertex 0.961591 0.525664 0.680866
vertex 0.965433 0.523097 0.672221
endloop
endfacet
facet normal -0.561030 0.299833 0.771586
outer loop
vertex 0.967336 0.513530 0.735356
vertex 0.974336 0.510630 0.741573
vertex 0.976903 0.515433 0.741573
endloop
endfacet
facet normal -0.561051 0.299883 0.771552
outer loop
vertex 0.967336 0.513530 0.735356
vertex 0.976903 0.515433 0.741573
vertex 0.970603 0.519642 0.735356
endloop
endfacet
facet normal -0.683025 0.365091 -0.632602
outer loop
vertex 0.967336 0.513530 0.664645
vertex 0.961591 0.515909 0.672221
vertex 0.965433 0.523097 0.672221
endloop
endfacet
facet normal -0.683025 0.365093 -0.632601
outer loop
vertex 0.967336 0.513530 0.664645
vertex 0.965433 0.523097 0.672221
vertex 0.970603 0.519642 0.664645
endloop
endfacet
facet normal -0.683088 0.365142 0.632504
outer loop
vertex 0.961591 0.515909 0.727778
vertex 0.967336 0.513530 0.735356
vertex 0.970603 0.519642 0.735356
endloop
endfacet
facet normal -0.683106 0.365129 0.632493
outer loop
vertex 0.961591 0.515909 0.727778
vertex 0.970603 0.519642 0.735356
vertex 0.965433 0.523097 0.727778
endloop
endfacet
facet normal -0.561090 0.299904 -0.771515
outer loop
vertex 0.974336 0.510630 0.658427
vertex 0.967336 0.513530 0.664645
vertex 0.970603 0.519642 0.664645
endloop
endfacet
facet normal -0.561107 0.299880 -0.771512
outer loop
vertex 0.974336 0.510630 0.658427
vertex 0.970603 0.519642 0.664645
vertex 0.976903 0.515433 0.658427
endloop
endfacet
facet normal -0.778650 0.416175 0.469577
outer loop
vertex 0.957323 0.517677 0.719134
vertex 0.961591 0.515909 0.727778
vertex 0.965433 0.523097 0.727778
endloop
endfacet
facet normal -0.778648 0.416097 0.469650
outer loop
vertex 0.957323 0.517677 0.719134
vertex 0.965433 0.523097 0.727778
vertex 0.961591 0.525664 0.719134
endloop
endfacet
facet normal -0.365817 0.300097 0.880977
outer loop
vertex 0.976903 0.515433 0.741573
vertex 0.984091 0.510630 0.746194
vertex 0.986470 0.513530 0.746194
endloop
endfacet
facet normal -0.365812 0.300178 0.880951
outer loop
vertex 0.976903 0.515433 0.741573
vertex 0.986470 0.513530 0.746194
vertex 0.980357 0.519642 0.741573
endloop
endfacet
facet normal -0.682454 0.560116 -0.469603
outer loop
vertex 0.965433 0.523097 0.672221
vertex 0.961591 0.525664 0.680866
vertex 0.967336 0.532664 0.680866
endloop
endfacet
facet normal -0.682511 0.560061 -0.469585
outer loop
vertex 0.965433 0.523097 0.672221
vertex 0.967336 0.532664 0.680866
vertex 0.970603 0.529397 0.672221
endloop
endfacet
facet normal -0.491774 0.403560 0.771555
outer loop
vertex 0.970603 0.519642 0.735356
vertex 0.976903 0.515433 0.741573
vertex 0.980357 0.519642 0.741573
endloop
endfacet
facet normal -0.491770 0.403582 0.771547
outer loop
vertex 0.970603 0.519642 0.735356
vertex 0.980357 0.519642 0.741573
vertex 0.975000 0.525000 0.735356
endloop
endfacet
facet normal -0.598681 0.491300 -0.632618
outer loop
vertex 0.970603 0.519642 0.664645
vertex 0.965433 0.523097 0.672221
vertex 0.970603 0.529397 0.672221
endloop
endfacet
facet normal -0.598679 0.491300 -0.632620
outer loop
vertex 0.970603 0.519642 0.664645
vertex 0.970603 0.529397 0.672221
vertex 0.975000 0.525000 0.664645
endloop
endfacet
facet normal -0.598745 0.491362 0.632509
outer loop
vertex 0.965433 0.523097 0.727778
vertex 0.970603 0.519642 0.735356
vertex 0.975000 0.525000 0.735356
endloop
endfacet
facet normal -0.598748 0.491344 0.632521
outer loop
vertex 0.965433 0.523097 0.727778
vertex 0.975000 0.525000 0.735356
vertex 0.970603 0.529397 0.727778
endloop
endfacet
facet normal -0.491816 0.403621 -0.771497
outer loop
vertex 0.976903 0.515433 0.658427
vertex 0.970603 0.519642 0.664645
vertex 0.975000 0.525000 0.664645
endloop
endfacet
facet normal -0.491817 0.403608 -0.771503
outer loop
vertex 0.976903 0.515433 0.658427
vertex 0.975000 0.525000 0.664645
vertex 0.980357 0.519642 0.658427
endloop
endfacet
facet normal -0.682471 0.560048 0.469658
outer loop
vertex 0.961591 0.525664 0.719134
vertex 0.965433 0.523097 0.727778
vertex 0.970603 0.529397 0.727778
endloop
endfacet
facet normal -0.682453 0.560101 0.469621
outer loop
vertex 0.961591 0.525664 0.719134
vertex 0.970603 0.529397 0.727778
vertex 0.967336 0.532664 0.719134
endloop
endfacet
facet normal -0.365789 0.300170 -0.880963
outer loop
vertex 0.984091 0.510630 0.653806
vertex 0.976903 0.515433 0.658427
vertex 0.980357 0.519642 0.658427
endloop
endfacet
facet normal -0.365856 0.300129 -0.880949
outer loop
vertex 0.984091 0.510630 0.653806
vertex 0.980357 0.519642 0.658427
vertex 0.986470 0.513530 0.653806
endloop
endfacet
facet normal -0.740019 0.607356 0.288947
outer loop
vertex 0.959226 0.527245 0.709754
vertex 0.961591 0.525664 0.719134
vertex 0.967336 0.532664 0.719134
endloop
endfacet
facet normal -0.740056 0.607282 0.289009
outer loop
vertex 0.959226 0.527245 0.709754
vertex 0.967336 0.532664 0.719134
vertex 0.965324 0.534676 0.709754
endloop
endfacet
facet normal -0.225475 0.184952 -0.956532
outer loop
vertex 0.991890 0.505419 0.650960
vertex 0.984091 0.510630 0.653806
vertex 0.986470 0.513530 0.653806
endloop
endfacet
facet normal -0.225474 0.184960 -0.956531
outer loop
vertex 0.991890 0.505419 0.650960
vertex 0.986470 0.513530 0.653806
vertex 0.993103 0.506898 0.650960
endloop
endfacet
facet normal -0.769350 0.631340 0.097514
outer loop
vertex 0.958427 0.527778 0.700000
vertex 0.959226 0.527245 0.709754
vertex 0.965324 0.534676 0.709754
endloop
endfacet
facet normal -0.769377 0.631301 0.097567
outer loop
vertex 0.958427 0.527778 0.700000
vertex 0.965324 0.534676 0.709754
vertex 0.964645 0.535356 0.700000
endloop
endfacet
facet normal -0.076171 0.062475 0.995136
outer loop
vertex 0.991890 0.505419 0.749039
vertex 1.000000 0.500000 0.750000
vertex 0.993103 0.506898 0.749039
endloop
endfacet
facet normal -0.076097 0.062420 -0.995145
outer loop
vertex 1.000000 0.500000 0.650000
vertex 0.991890 0.505419 0.650960
vertex 0.993103 0.506898 0.650960
endloop
endfacet
facet normal -0.769381 0.631304 -0.097507
outer loop
vertex 0.959226 0.527245 0.690245
vertex 0.958427 0.527778 0.700000
vertex 0.964645 0.535356 0.700000
endloop
endfacet
facet normal -0.769352 0.631332 -0.097553
outer loop
vertex 0.959226 0.527245 0.690245
vertex 0.964645 0.535356 0.700000
vertex 0.965324 0.534676 0.690245
endloop
endfacet
facet normal -0.225423 0.184899 0.956555
outer loop
vertex 0.984091 0.510630 0.746194
vertex 0.991890 0.505419 0.749039
vertex 0.993103 0.506898 0.749039
endloop
endfacet
facet normal -0.225409 0.184902 0.956557
outer loop
vertex 0.984091 0.510630 0.746194
vertex 0.993103 0.506898 0.749039
vertex 0.986470 0.513530 0.746194
endloop
endfacet
facet normal -0.740055 0.607293 -0.288986
outer loop
vertex 0.961591 0.525664 0.680866
vertex 0.959226 0.527245 0.690245
vertex 0.965324 0.534676 0.690245
endloop
endfacet
facet normal -0.740001 0.607335 -0.289037
outer loop
vertex 0.961591 0.525664 0.680866
vertex 0.965324 0.534676 0.690245
vertex 0.967336 0.532664 0.680866
endloop
endfacet
facet normal -0.607327 0.740018 0.289011
outer loop
vertex 0.965324 0.534676 0.709754
vertex 0.967336 0.532664 0.719134
vertex 0.974336 0.538409 0.719134
endloop
endfacet
facet normal -0.607267 0.740118 0.288881
outer loop
vertex 0.965324 0.534676 0.709754
vertex 0.974336 0.538409 0.719134
vertex 0.972756 0.540774 0.709754
endloop
endfacet
facet normal -0.185000 0.225443 -0.956530
outer loop
vertex 0.993103 0.506898 0.650960
vertex 0.986470 0.513530 0.653806
vertex 0.989369 0.515909 0.653806
endloop
endfacet
facet normal -0.184917 0.225480 -0.956538
outer loop
vertex 0.993103 0.506898 0.650960
vertex 0.989369 0.515909 0.653806
vertex 0.994581 0.508110 0.650960
endloop
endfacet
facet normal -0.631283 0.769389 0.097580
outer loop
vertex 0.964645 0.535356 0.700000
vertex 0.965324 0.534676 0.709754
vertex 0.972756 0.540774 0.709754
endloop
endfacet
facet normal -0.631339 0.769334 0.097653
outer loop
vertex 0.964645 0.535356 0.700000
vertex 0.972756 0.540774 0.709754
vertex 0.972221 0.541573 0.700000
endloop
endfacet
facet normal -0.062435 0.076171 0.995138
outer loop
vertex 0.993103 0.506898 0.749039
vertex 1.000000 0.500000 0.750000
vertex 0.994581 0.508110 0.749039
endloop
endfacet
facet normal -0.062405 0.076091 -0.995146
outer loop
vertex 1.000000 0.500000 0.650000
vertex 0.993103 0.506898 0.650960
vertex 0.994581 0.508110 0.650960
endloop
endfacet
facet normal -0.631331 0.769351 -0.097572
outer loop
vertex 0.965324 0.534676 0.690245
vertex 0.964645 0.535356 0.700000
vertex 0.972221 0.541573 0.700000
endloop
endfacet
facet normal -0.631282 0.769382 -0.097641
outer loop
vertex 0.965324 0.534676 0.690245
vertex 0.972221 0.541573 0.700000
vertex 0.972756 0.540774 0.690245
endloop
endfacet
facet normal -0.184880 0.225436 0.956555
outer loop
vertex 0.986470 0.513530 0.746194
vertex 0.993103 0.506898 0.749039
vertex 0.994581 0.508110 0.749039
endloop
endfacet
facet normal -0.184950 0.225360 0.956560
outer loop
vertex 0.986470 0.513530 0.746194
vertex 0.994581 0.508110 0.749039
vertex 0.989369 0.515909 0.746194
endloop
endfacet
facet normal -0.607231 0.740089 -0.289031
outer loop
vertex 0.967336 0.532664 0.680866
vertex 0.965324 0.534676 0.690245
vertex 0.972756 0.540774 0.690245
endloop
endfacet
facet normal -0.607352 0.740035 -0.288915
outer loop
vertex 0.967336 0.532664 0.680866
vertex 0.972756 0.540774 0.690245
vertex 0.974336 0.538409 0.680866
endloop
endfacet
facet normal -0.300170 0.365794 0.880961
outer loop
vertex 0.980357 0.519642 0.741573
vertex 0.986470 0.513530 0.746194
vertex 0.989369 0.515909 0.746194
endloop
endfacet
facet normal -0.300190 0.365808 0.880949
outer loop
vertex 0.980357 0.519642 0.741573
vertex 0.989369 0.515909 0.746194
vertex 0.984567 0.523097 0.741573
endloop
endfacet
facet normal -0.560117 0.682468 -0.469581
outer loop
vertex 0.970603 0.529397 0.672221
vertex 0.967336 0.532664 0.680866
vertex 0.974336 0.538409 0.680866
endloop
endfacet
facet normal -0.560053 0.682504 -0.469605
outer loop
vertex 0.970603 0.529397 0.672221
vertex 0.974336 0.538409 0.680866
vertex 0.976903 0.534567 0.672221
endloop
endfacet
facet normal -0.403569 0.491768 0.771555
outer loop
vertex 0.975000 0.525000 0.735356
vertex 0.980357 0.519642 0.741573
vertex 0.984567 0.523097 0.741573
endloop
endfacet
facet normal -0.403592 0.491702 0.771585
outer loop
vertex 0.975000 0.525000 0.735356
vertex 0.984567 0.523097 0.741573
vertex 0.980357 0.529397 0.735356
endloop
endfacet
facet normal -0.491299 0.598685 -0.632615
outer loop
vertex 0.975000 0.525000 0.664645
vertex 0.970603 0.529397 0.672221
vertex 0.976903 0.534567 0.672221
endloop
endfacet
facet normal -0.491384 0.598665 -0.632567
outer loop
vertex 0.975000 0.525000 0.664645
vertex 0.976903 0.534567 0.672221
vertex 0.980357 0.529397 0.664645
endloop
endfacet
facet normal -0.491417 0.598689 0.632519
outer loop
vertex 0.970603 0.529397 0.727778
vertex 0.975000 0.525000 0.735356
vertex 0.980357 0.529397 0.735356
endloop
endfacet
facet normal -0.491372 0.598781 0.632467
outer loop
vertex 0.970603 0.529397 0.727778
vertex 0.980357 0.529397 0.735356
vertex 0.976903 0.534567 0.727778
endloop
endfacet
facet normal -0.403653 0.491761 -0.771515
outer loop
vertex 0.980357 0.519642 0.658427
vertex 0.975000 0.525000 0.664645
vertex 0.980357 0.529397 0.664645
endloop
endfacet
facet normal -0.403584 0.491782 -0.771537
outer loop
vertex 0.980357 0.519642 0.658427
vertex 0.980357 0.529397 0.664645
vertex 0.984567 0.523097 0.658427
endloop
endfacet
facet normal -0.560060 0.682490 0.469616
outer loop
vertex 0.967336 0.532664 0.719134
vertex 0.970603 0.529397 0.727778
vertex 0.976903 0.534567 0.727778
endloop
endfacet
facet normal -0.560085 0.682440 0.469659
outer loop
vertex 0.967336 0.532664 0.719134
vertex 0.976903 0.534567 0.727778
vertex 0.974336 0.538409 0.719134
endloop
endfacet
facet normal -0.300210 0.365799 -0.880946
outer loop
vertex 0.986470 0.513530 0.653806
vertex 0.980357 0.519642 0.658427
vertex 0.984567 0.523097 0.658427
endloop
endfacet
facet normal -0.300187 0.365825 -0.880942
outer loop
vertex 0.986470 0.513530 0.653806
vertex 0.984567 0.523097 0.658427
vertex 0.989369 0.515909 0.653806
endloop
endfacet
facet normal -0.416155 0.778644 -0.469605
outer loop
vertex 0.976903 0.534567 0.672221
vertex 0.974336 0.538409 0.680866
vertex 0.982322 0.542677 0.680866
endloop
endfacet
facet normal -0.416174 0.778655 -0.469570
outer loop
vertex 0.976903 0.534567 0.672221
vertex 0.982322 0.542677 0.680866
vertex 0.984091 0.538409 0.672221
endloop
endfacet
facet normal -0.299904 0.560999 0.771581
outer loop
vertex 0.980357 0.529397 0.735356
vertex 0.984567 0.523097 0.741573
vertex 0.989369 0.525664 0.741573
endloop
endfacet
facet normal -0.299856 0.561063 0.771553
outer loop
vertex 0.980357 0.529397 0.735356
vertex 0.989369 0.525664 0.741573
vertex 0.986470 0.532664 0.735356
endloop
endfacet
facet normal -0.365093 0.683050 -0.632574
outer loop
vertex 0.980357 0.529397 0.664645
vertex 0.976903 0.534567 0.672221
vertex 0.984091 0.538409 0.672221
endloop
endfacet
facet normal -0.365049 0.683052 -0.632597
outer loop
vertex 0.980357 0.529397 0.664645
vertex 0.984091 0.538409 0.672221
vertex 0.986470 0.532664 0.664645
endloop
endfacet
facet normal -0.365096 0.683151 0.632464
outer loop
vertex 0.976903 0.534567 0.727778
vertex 0.980357 0.529397 0.735356
vertex 0.986470 0.532664 0.735356
endloop
endfacet
facet normal -0.365111 0.683107 0.632503
outer loop
vertex 0.976903 0.534567 0.727778
vertex 0.986470 0.532664 0.735356
vertex 0.984091 0.538409 0.727778
endloop
endfacet
facet normal -0.299864 0.561097 -0.771526
outer loop
vertex 0.984567 0.523097 0.658427
vertex 0.980357 0.529397 0.664645
vertex 0.986470 0.532664 0.664645
endloop
endfacet
facet normal -0.299950 0.561083 -0.771502
outer loop
vertex 0.984567 0.523097 0.658427
vertex 0.986470 0.532664 0.664645
vertex 0.989369 0.525664 0.658427
endloop
endfacet
facet normal -0.416174 0.778604 0.469655
outer loop
vertex 0.974336 0.538409 0.719134
vertex 0.976903 0.534567 0.727778
vertex 0.984091 0.538409 0.727778
endloop
endfacet
facet normal -0.416135 0.778653 0.469607
outer loop
vertex 0.974336 0.538409 0.719134
vertex 0.984091 0.538409 0.727778
vertex 0.982322 0.542677 0.719134
endloop
endfacet
facet normal -0.223087 0.417310 -0.880956
outer loop
vertex 0.989369 0.515909 0.653806
vertex 0.984567 0.523097 0.658427
vertex 0.989369 0.525664 0.658427
endloop
endfacet
facet normal -0.223034 0.417312 -0.880969
outer loop
vertex 0.989369 0.515909 0.653806
vertex 0.989369 0.525664 0.658427
vertex 0.992677 0.517677 0.653806
endloop
endfacet
facet normal -0.451251 0.844335 0.288912
outer loop
vertex 0.972756 0.540774 0.709754
vertex 0.974336 0.538409 0.719134
vertex 0.982322 0.542677 0.719134
endloop
endfacet
facet normal -0.451380 0.844220 0.289047
outer loop
vertex 0.972756 0.540774 0.709754
vertex 0.982322 0.542677 0.719134
vertex 0.981234 0.545307 0.709754
endloop
endfacet
facet normal -0.137459 0.257197 -0.956533
outer loop
vertex 0.994581 0.508110 0.650960
vertex 0.989369 0.515909 0.653806
vertex 0.992677 0.517677 0.653806
endloop
endfacet
facet normal -0.137608 0.257173 -0.956518
outer loop
vertex 0.994581 0.508110 0.650960
vertex 0.992677 0.517677 0.653806
vertex 0.996267 0.509012 0.650960
endloop
endfacet
facet normal -0.469258 0.877648 0.097627
outer loop
vertex 0.972221 0.541573 0.700000
vertex 0.972756 0.540774 0.709754
vertex 0.981234 0.545307 0.709754
endloop
endfacet
facet normal -0.469161 0.877711 0.097525
outer loop
vertex 0.972221 0.541573 0.700000
vertex 0.981234 0.545307 0.709754
vertex 0.980866 0.546194 0.700000
endloop
endfacet
facet normal -0.046437 0.086870 0.995137
outer loop
vertex 0.994581 0.508110 0.749039
vertex 1.000000 0.500000 0.750000
vertex 0.996267 0.509012 0.749039
endloop
endfacet
facet normal -0.046443 0.086782 -0.995144
outer loop
vertex 1.000000 0.500000 0.650000
vertex 0.994581 0.508110 0.650960
vertex 0.996267 0.509012 0.650960
endloop
endfacet
facet normal -0.469160 0.877700 -0.097628
outer loop
vertex 0.972756 0.540774 0.690245
vertex 0.972221 0.541573 0.700000
vertex 0.980866 0.546194 0.700000
endloop
endfacet
facet normal -0.469265 0.877658 -0.097502
outer loop
vertex 0.972756 0.540774 0.690245
vertex 0.980866 0.546194 0.700000
vertex 0.981234 0.545307 0.690245
endloop
endfacet
facet normal -0.137522 0.257053 0.956562
outer loop
vertex 0.989369 0.515909 0.746194
vertex 0.994581 0.508110 0.749039
vertex 0.996267 0.509012 0.749039
endloop
endfacet
facet normal -0.137426 0.257143 0.956552
outer loop
vertex 0.989369 0.515909 0.746194
vertex 0.996267 0.509012 0.749039
vertex 0.992677 0.517677 0.746194
endloop
endfacet
facet normal -0.451402 0.844246 -0.288937
outer loop
vertex 0.974336 0.538409 0.680866
vertex 0.972756 0.540774 0.690245
vertex 0.981234 0.545307 0.690245
endloop
endfacet
facet normal -0.451215 0.844292 -0.289095
outer loop
vertex 0.974336 0.538409 0.680866
vertex 0.981234 0.545307 0.690245
vertex 0.982322 0.542677 0.680866
endloop
endfacet
facet normal -0.223055 0.417327 0.880956
outer loop
vertex 0.984567 0.523097 0.741573
vertex 0.989369 0.515909 0.746194
vertex 0.992677 0.517677 0.746194
endloop
endfacet
facet normal -0.223065 0.417301 0.880967
outer loop
vertex 0.984567 0.523097 0.741573
vertex 0.992677 0.517677 0.746194
vertex 0.989369 0.525664 0.741573
endloop
endfacet
facet normal -0.084652 0.279090 -0.956526
outer loop
vertex 0.996267 0.509012 0.650960
vertex 0.992677 0.517677 0.653806
vertex 0.996267 0.518766 0.653806
endloop
endfacet
facet normal -0.084644 0.279085 -0.956529
outer loop
vertex 0.996267 0.509012 0.650960
vertex 0.996267 0.518766 0.653806
vertex 0.998097 0.509567 0.650960
endloop
endfacet
facet normal -0.288861 0.952393 0.097501
outer loop
vertex 0.980866 0.546194 0.700000
vertex 0.981234 0.545307 0.709754
vertex 0.990433 0.548097 0.709754
endloop
endfacet
facet normal -0.288893 0.952379 0.097542
outer loop
vertex 0.980866 0.546194 0.700000
vertex 0.990433 0.548097 0.709754
vertex 0.990245 0.549039 0.700000
endloop
endfacet
facet normal -0.028557 0.094258 0.995138
outer loop
vertex 0.996267 0.509012 0.749039
vertex 1.000000 0.500000 0.750000
vertex 0.998097 0.509567 0.749039
endloop
endfacet
facet normal -0.028538 0.094171 -0.995147
outer loop
vertex 1.000000 0.500000 0.650000
vertex 0.996267 0.509012 0.650960
vertex 0.998097 0.509567 0.650960
endloop
endfacet
facet normal -0.288896 0.952384 -0.097489
outer loop
vertex 0.981234 0.545307 0.690245
vertex 0.980866 0.546194 0.700000
vertex 0.990245 0.549039 0.700000
endloop
endfacet
facet normal -0.288855 0.952392 -0.097533
outer loop
vertex 0.981234 0.545307 0.690245
vertex 0.990245 0.549039 0.700000
vertex 0.990433 0.548097 0.690245
endloop
endfacet
facet normal -0.084624 0.278967 0.956565
outer loop
vertex 0.992677 0.517677 0.746194
vertex 0.996267 0.509012 0.749039
vertex 0.998097 0.509567 0.749039
endloop
endfacet
facet normal -0.084641 0.279022 0.956547
outer loop
vertex 0.992677 0.517677 0.746194
vertex 0.998097 0.509567 0.749039
vertex 0.996267 0.518766 0.746194
endloop
endfacet
facet normal -0.277854 0.916082 -0.289120
outer loop
vertex 0.982322 0.542677 0.680866
vertex 0.981234 0.545307 0.690245
vertex 0.990433 0.548097 0.690245
endloop
endfacet
facet normal -0.278012 0.916083 -0.288966
outer loop
vertex 0.982322 0.542677 0.680866
vertex 0.990433 0.548097 0.690245
vertex 0.990988 0.545307 0.680866
endloop
endfacet
facet normal -0.137353 0.452805 0.880966
outer loop
vertex 0.989369 0.525664 0.741573
vertex 0.992677 0.517677 0.746194
vertex 0.996267 0.518766 0.746194
endloop
endfacet
facet normal -0.137346 0.452801 0.880970
outer loop
vertex 0.989369 0.525664 0.741573
vertex 0.996267 0.518766 0.746194
vertex 0.994581 0.527245 0.741573
endloop
endfacet
facet normal -0.256394 0.844847 -0.469570
outer loop
vertex 0.984091 0.538409 0.672221
vertex 0.982322 0.542677 0.680866
vertex 0.990988 0.545307 0.680866
endloop
endfacet
facet normal -0.256199 0.844822 -0.469721
outer loop
vertex 0.984091 0.538409 0.672221
vertex 0.990988 0.545307 0.680866
vertex 0.991890 0.540774 0.672221
endloop
endfacet
facet normal -0.184657 0.608768 0.771559
outer loop
vertex 0.986470 0.532664 0.735356
vertex 0.989369 0.525664 0.741573
vertex 0.994581 0.527245 0.741573
endloop
endfacet
facet normal -0.184661 0.608773 0.771554
outer loop
vertex 0.986470 0.532664 0.735356
vertex 0.994581 0.527245 0.741573
vertex 0.993103 0.534676 0.735356
endloop
endfacet
facet normal -0.224746 0.741146 -0.632607
outer loop
vertex 0.986470 0.532664 0.664645
vertex 0.984091 0.538409 0.672221
vertex 0.991890 0.540774 0.672221
endloop
endfacet
facet normal -0.224820 0.741162 -0.632562
outer loop
vertex 0.986470 0.532664 0.664645
vertex 0.991890 0.540774 0.672221
vertex 0.993103 0.534676 0.664645
endloop
endfacet
facet normal -0.224834 0.741201 0.632511
outer loop
vertex 0.984091 0.538409 0.727778
vertex 0.986470 0.532664 0.735356
vertex 0.993103 0.534676 0.735356
endloop
endfacet
facet normal -0.224789 0.741253 0.632466
outer loop
vertex 0.984091 0.538409 0.727778
vertex 0.993103 0.534676 0.735356
vertex 0.991890 0.540774 0.727778
endloop
endfacet
facet normal -0.184674 0.608833 -0.771504
outer loop
vertex 0.989369 0.525664 0.658427
vertex 0.986470 0.532664 0.664645
vertex 0.993103 0.534676 0.664645
endloop
endfacet
facet normal -0.184687 0.608841 -0.771494
outer loop
vertex 0.989369 0.525664 0.658427
vertex 0.993103 0.534676 0.664645
vertex 0.994581 0.527245 0.658427
endloop
endfacet
facet normal -0.256207 0.844877 0.469617
outer loop
vertex 0.982322 0.542677 0.719134
vertex 0.984091 0.538409 0.727778
vertex 0.991890 0.540774 0.727778
endloop
endfacet
facet normal -0.256367 0.844760 0.469741
outer loop
vertex 0.982322 0.542677 0.719134
vertex 0.991890 0.540774 0.727778
vertex 0.990988 0.545307 0.719134
endloop
endfacet
facet normal -0.137348 0.452827 -0.880956
outer loop
vertex 0.992677 0.517677 0.653806
vertex 0.989369 0.525664 0.658427
vertex 0.994581 0.527245 0.658427
endloop
endfacet
facet normal -0.137345 0.452808 -0.880966
outer loop
vertex 0.992677 0.517677 0.653806
vertex 0.994581 0.527245 0.658427
vertex 0.996267 0.518766 0.653806
endloop
endfacet
facet normal -0.278007 0.916048 0.289082
outer loop
vertex 0.981234 0.545307 0.709754
vertex 0.982322 0.542677 0.719134
vertex 0.990988 0.545307 0.719134
endloop
endfacet
facet normal -0.277866 0.916133 0.288948
outer loop
vertex 0.981234 0.545307 0.709754
vertex 0.990988 0.545307 0.719134
vertex 0.990433 0.548097 0.709754
endloop
endfacet
facet normal -0.062282 0.633122 0.771542
outer loop
vertex 0.993103 0.534676 0.735356
vertex 0.994581 0.527245 0.741573
vertex 1.000000 0.527778 0.741573
endloop
endfacet
facet normal -0.062409 0.633025 0.771612
outer loop
vertex 0.993103 0.534676 0.735356
vertex 1.000000 0.527778 0.741573
vertex 1.000000 0.535356 0.735356
endloop
endfacet
facet normal -0.075939 0.770782 -0.632557
outer loop
vertex 0.993103 0.534676 0.664645
vertex 0.991890 0.540774 0.672221
vertex 1.000000 0.541573 0.672221
endloop
endfacet
facet normal -0.075989 0.770795 -0.632536
outer loop
vertex 0.993103 0.534676 0.664645
vertex 1.000000 0.541573 0.672221
vertex 1.000000 0.535356 0.664645
endloop
endfacet
facet normal -0.075994 0.770856 0.632460
outer loop
vertex 0.991890 0.540774 0.727778
vertex 0.993103 0.534676 0.735356
vertex 1.000000 0.535356 0.735356
endloop
endfacet
facet normal -0.075944 0.770885 0.632431
outer loop
vertex 0.991890 0.540774 0.727778
vertex 1.000000 0.535356 0.735356
vertex 1.000000 0.541573 0.727778
endloop
endfacet
facet normal -0.062433 0.633153 -0.771504
outer loop
vertex 0.994581 0.527245 0.658427
vertex 0.993103 0.534676 0.664645
vertex 1.000000 0.535356 0.664645
endloop
endfacet
facet normal -0.062259 0.633094 -0.771567
outer loop
vertex 0.994581 0.527245 0.658427
vertex 1.000000 0.535356 0.664645
vertex 1.000000 0.527778 0.658427
endloop
endfacet
facet normal -0.086552 0.878542 0.469757
outer loop
vertex 0.990988 0.545307 0.719134
vertex 0.991890 0.540774 0.727778
vertex 1.000000 0.541573 0.727778
endloop
endfacet
facet normal -0.086479 0.878590 0.469683
outer loop
vertex 0.990988 0.545307 0.719134
vertex 1.000000 0.541573 0.727778
vertex 1.000000 0.546194 0.719134
endloop
endfacet
facet normal -0.046324 0.470912 -0.880963
outer loop
vertex 0.996267 0.518766 0.653806
vertex 0.994581 0.527245 0.658427
vertex 1.000000 0.527778 0.658427
endloop
endfacet
facet normal -0.046402 0.470936 -0.880946
outer loop
vertex 0.996267 0.518766 0.653806
vertex 1.000000 0.527778 0.658427
vertex 1.000000 0.519134 0.653806
endloop
endfacet
facet normal -0.093775 0.952746 0.288933
outer loop
vertex 0.990433 0.548097 0.709754
vertex 0.990988 0.545307 0.719134
vertex 1.000000 0.546194 0.719134
endloop
endfacet
facet normal -0.093807 0.952731 0.288970
outer loop
vertex 0.990433 0.548097 0.709754
vertex 1.000000 0.546194 0.719134
vertex 1.000000 0.549039 0.709754
endloop
endfacet
facet normal -0.028612 0.290242 -0.956526
outer loop
vertex 0.998097 0.509567 0.650960
vertex 0.996267 0.518766 0.653806
vertex 1.000000 0.519134 0.653806
endloop
endfacet
facet normal -0.028496 0.290229 -0.956533
outer loop
vertex 0.998097 0.509567 0.650960
vertex 1.000000 0.519134 0.653806
vertex 1.000000 0.509754 0.650960
endloop
endfacet
facet normal -0.097522 0.990443 0.097534
outer loop
vertex 0.990245 0.549039 0.700000
vertex 0.990433 0.548097 0.709754
vertex 1.000000 0.549039 0.709754
endloop
endfacet
facet normal -0.097572 0.990432 0.097593
outer loop
vertex 0.990245 0.549039 0.700000
vertex 1.000000 0.549039 0.709754
vertex 1.000000 0.550000 0.700000
endloop
endfacet
facet normal -0.009637 0.098044 0.995135
outer loop
vertex 0.998097 0.509567 0.749039
vertex 1.000000 0.500000 0.750000
vertex 1.000000 0.509754 0.749039
endloop
endfacet
facet normal -0.009630 0.097945 -0.995145
outer loop
vertex 1.000000 0.500000 0.650000
vertex 0.998097 0.509567 0.650960
vertex 1.000000 0.509754 0.650960
endloop
endfacet
facet normal -0.097571 0.990438 -0.097534
outer loop
vertex 0.990433 0.548097 0.690245
vertex 0.990245 0.549039 0.700000
vertex 1.000000 0.550000 0.700000
endloop
endfacet
facet normal -0.097521 0.990439 -0.097573
outer loop
vertex 0.990433 0.548097 0.690245
vertex 1.000000 0.550000 0.700000
vertex 1.000000 0.549039 0.690245
endloop
endfacet
facet normal -0.028507 0.290172 0.956550
outer loop
vertex 0.996267 0.518766 0.746194
vertex 0.998097 0.509567 0.749039
vertex 1.000000 0.509754 0.749039
endloop
endfacet
facet normal -0.028623 0.290131 0.956559
outer loop
vertex 0.996267 0.518766 0.746194
vertex 1.000000 0.509754 0.749039
vertex 1.000000 0.519134 0.746194
endloop
endfacet
facet normal -0.093810 0.952735 -0.288957
outer loop
vertex 0.990988 0.545307 0.680866
vertex 0.990433 0.548097 0.690245
vertex 1.000000 0.549039 0.690245
endloop
endfacet
facet normal -0.093773 0.952722 -0.289010
outer loop
vertex 0.990988 0.545307 0.680866
vertex 1.000000 0.549039 0.690245
vertex 1.000000 0.546194 0.680866
endloop
endfacet
facet normal -0.046427 0.470888 0.880970
outer loop
vertex 0.994581 0.527245 0.741573
vertex 0.996267 0.518766 0.746194
vertex 1.000000 0.519134 0.746194
endloop
endfacet
facet normal -0.046328 0.470935 0.880951
outer loop
vertex 0.994581 0.527245 0.741573
vertex 1.000000 0.519134 0.746194
vertex 1.000000 0.527778 0.741573
endloop
endfacet
facet normal -0.086476 0.878578 -0.469704
outer loop
vertex 0.991890 0.540774 0.672221
vertex 0.990988 0.545307 0.680866
vertex 1.000000 0.546194 0.680866
endloop
endfacet
facet normal -0.086563 0.878606 -0.469636
outer loop
vertex 0.991890 0.540774 0.672221
vertex 1.000000 0.546194 0.680866
vertex 1.000000 0.541573 0.672221
endloop
endfacet
endsolid Exported from Blender-2.82 (sub 7)
