solid Exported from Blender-2.82 (sub 7)
facet normal 0.086467 0.878607 -0.469652
outer loop
vertex 0.600000 1.441573 0.672221
vertex 0.600000 1.446194 0.680866
vertex 0.609012 1.445307 0.680866
endloop
endfacet
facet normal 0.086560 0.878577 -0.469690
outer loop
vertex 0.600000 1.441573 0.672221
vertex 0.609012 1.445307 0.680866
vertex 0.608110 1.440774 0.672221
endloop
endfacet
facet normal 0.062274 0.633031 0.771618
outer loop
vertex 0.600000 1.435356 0.735356
vertex 0.600000 1.427778 0.741573
vertex 0.605419 1.427245 0.741573
endloop
endfacet
facet normal 0.062407 0.633095 0.771554
outer loop
vertex 0.600000 1.435356 0.735356
vertex 0.605419 1.427245 0.741573
vertex 0.606898 1.434676 0.735356
endloop
endfacet
facet normal 0.075947 0.770800 -0.632534
outer loop
vertex 0.600000 1.435356 0.664645
vertex 0.600000 1.441573 0.672221
vertex 0.608110 1.440774 0.672221
endloop
endfacet
facet normal 0.076002 0.770757 -0.632580
outer loop
vertex 0.600000 1.435356 0.664645
vertex 0.608110 1.440774 0.672221
vertex 0.606898 1.434676 0.664645
endloop
endfacet
facet normal 0.076003 0.770870 0.632441
outer loop
vertex 0.600000 1.441573 0.727778
vertex 0.600000 1.435356 0.735356
vertex 0.606898 1.434676 0.735356
endloop
endfacet
facet normal 0.075953 0.770854 0.632468
outer loop
vertex 0.600000 1.441573 0.727778
vertex 0.606898 1.434676 0.735356
vertex 0.608110 1.440774 0.727778
endloop
endfacet
facet normal 0.062421 0.633099 -0.771550
outer loop
vertex 0.600000 1.427778 0.658427
vertex 0.600000 1.435356 0.664645
vertex 0.606898 1.434676 0.664645
endloop
endfacet
facet normal 0.062267 0.633166 -0.771507
outer loop
vertex 0.600000 1.427778 0.658427
vertex 0.606898 1.434676 0.664645
vertex 0.605419 1.427245 0.658427
endloop
endfacet
facet normal 0.086563 0.878593 0.469661
outer loop
vertex 0.600000 1.446194 0.719134
vertex 0.600000 1.441573 0.727778
vertex 0.608110 1.440774 0.727778
endloop
endfacet
facet normal 0.086464 0.878551 0.469757
outer loop
vertex 0.600000 1.446194 0.719134
vertex 0.608110 1.440774 0.727778
vertex 0.609012 1.445307 0.719134
endloop
endfacet
facet normal 0.046306 0.470949 -0.880944
outer loop
vertex 0.600000 1.419134 0.653806
vertex 0.600000 1.427778 0.658427
vertex 0.605419 1.427245 0.658427
endloop
endfacet
facet normal 0.046424 0.470896 -0.880966
outer loop
vertex 0.600000 1.419134 0.653806
vertex 0.605419 1.427245 0.658427
vertex 0.603733 1.418766 0.653806
endloop
endfacet
facet normal 0.093765 0.952735 0.288972
outer loop
vertex 0.600000 1.449039 0.709754
vertex 0.600000 1.446194 0.719134
vertex 0.609012 1.445307 0.719134
endloop
endfacet
facet normal 0.093805 0.952742 0.288937
outer loop
vertex 0.600000 1.449039 0.709754
vertex 0.609012 1.445307 0.719134
vertex 0.609567 1.448097 0.709754
endloop
endfacet
facet normal 0.028610 0.290207 -0.956536
outer loop
vertex 0.600000 1.409754 0.650960
vertex 0.600000 1.419134 0.653806
vertex 0.603733 1.418766 0.653806
endloop
endfacet
facet normal 0.028500 0.290266 -0.956522
outer loop
vertex 0.600000 1.409754 0.650960
vertex 0.603733 1.418766 0.653806
vertex 0.601903 1.409567 0.650960
endloop
endfacet
facet normal 0.097519 0.990438 0.097582
outer loop
vertex 0.600000 1.450000 0.700000
vertex 0.600000 1.449039 0.709754
vertex 0.609567 1.448097 0.709754
endloop
endfacet
facet normal 0.097580 0.990441 0.097496
outer loop
vertex 0.600000 1.450000 0.700000
vertex 0.609567 1.448097 0.709754
vertex 0.609754 1.449039 0.700000
endloop
endfacet
facet normal 0.009686 0.098044 0.995135
outer loop
vertex 0.600000 1.409754 0.749039
vertex 0.600000 1.400000 0.750000
vertex 0.601903 1.409567 0.749039
endloop
endfacet
facet normal 0.009615 0.097952 -0.995145
outer loop
vertex 0.600000 1.400000 0.650000
vertex 0.600000 1.409754 0.650960
vertex 0.601903 1.409567 0.650960
endloop
endfacet
facet normal 0.097576 0.990436 -0.097545
outer loop
vertex 0.600000 1.449039 0.690245
vertex 0.600000 1.450000 0.700000
vertex 0.609754 1.449039 0.700000
endloop
endfacet
facet normal 0.097521 0.990445 -0.097512
outer loop
vertex 0.600000 1.449039 0.690245
vertex 0.609754 1.449039 0.700000
vertex 0.609567 1.448097 0.690245
endloop
endfacet
facet normal 0.028460 0.290129 0.956564
outer loop
vertex 0.600000 1.419134 0.746194
vertex 0.600000 1.409754 0.749039
vertex 0.601903 1.409567 0.749039
endloop
endfacet
facet normal 0.028624 0.290143 0.956555
outer loop
vertex 0.600000 1.419134 0.746194
vertex 0.601903 1.409567 0.749039
vertex 0.603733 1.418766 0.746194
endloop
endfacet
facet normal 0.093807 0.952720 -0.289005
outer loop
vertex 0.600000 1.446194 0.680866
vertex 0.600000 1.449039 0.690245
vertex 0.609567 1.448097 0.690245
endloop
endfacet
facet normal 0.093766 0.952738 -0.288960
outer loop
vertex 0.600000 1.446194 0.680866
vertex 0.609567 1.448097 0.690245
vertex 0.609012 1.445307 0.680866
endloop
endfacet
facet normal 0.046409 0.470944 0.880942
outer loop
vertex 0.600000 1.427778 0.741573
vertex 0.600000 1.419134 0.746194
vertex 0.603733 1.418766 0.746194
endloop
endfacet
facet normal 0.046324 0.470915 0.880961
outer loop
vertex 0.600000 1.427778 0.741573
vertex 0.603733 1.418766 0.746194
vertex 0.605419 1.427245 0.741573
endloop
endfacet
facet normal 0.277856 0.916131 -0.288964
outer loop
vertex 0.609012 1.445307 0.680866
vertex 0.609567 1.448097 0.690245
vertex 0.618766 1.445307 0.690245
endloop
endfacet
facet normal 0.278029 0.916023 -0.289140
outer loop
vertex 0.609012 1.445307 0.680866
vertex 0.618766 1.445307 0.690245
vertex 0.617677 1.442677 0.680866
endloop
endfacet
facet normal 0.137392 0.452821 0.880952
outer loop
vertex 0.605419 1.427245 0.741573
vertex 0.603733 1.418766 0.746194
vertex 0.607322 1.417677 0.746194
endloop
endfacet
facet normal 0.137367 0.452782 0.880976
outer loop
vertex 0.605419 1.427245 0.741573
vertex 0.607322 1.417677 0.746194
vertex 0.610630 1.425664 0.741573
endloop
endfacet
facet normal 0.256404 0.844758 -0.469725
outer loop
vertex 0.608110 1.440774 0.672221
vertex 0.609012 1.445307 0.680866
vertex 0.617677 1.442677 0.680866
endloop
endfacet
facet normal 0.256213 0.844921 -0.469535
outer loop
vertex 0.608110 1.440774 0.672221
vertex 0.617677 1.442677 0.680866
vertex 0.615909 1.438409 0.672221
endloop
endfacet
facet normal 0.184707 0.608783 0.771535
outer loop
vertex 0.606898 1.434676 0.735356
vertex 0.605419 1.427245 0.741573
vertex 0.610630 1.425664 0.741573
endloop
endfacet
facet normal 0.184692 0.608734 0.771577
outer loop
vertex 0.606898 1.434676 0.735356
vertex 0.610630 1.425664 0.741573
vertex 0.613530 1.432664 0.735356
endloop
endfacet
facet normal 0.224759 0.741201 -0.632538
outer loop
vertex 0.606898 1.434676 0.664645
vertex 0.608110 1.440774 0.672221
vertex 0.615909 1.438409 0.672221
endloop
endfacet
facet normal 0.224836 0.741105 -0.632623
outer loop
vertex 0.606898 1.434676 0.664645
vertex 0.615909 1.438409 0.672221
vertex 0.613530 1.432664 0.664645
endloop
endfacet
facet normal 0.224867 0.741254 0.632437
outer loop
vertex 0.608110 1.440774 0.727778
vertex 0.606898 1.434676 0.735356
vertex 0.613530 1.432664 0.735356
endloop
endfacet
facet normal 0.224779 0.741219 0.632509
outer loop
vertex 0.608110 1.440774 0.727778
vertex 0.613530 1.432664 0.735356
vertex 0.615909 1.438409 0.727778
endloop
endfacet
facet normal 0.184714 0.608830 -0.771496
outer loop
vertex 0.605419 1.427245 0.658427
vertex 0.606898 1.434676 0.664645
vertex 0.613530 1.432664 0.664645
endloop
endfacet
facet normal 0.184713 0.608796 -0.771523
outer loop
vertex 0.605419 1.427245 0.658427
vertex 0.613530 1.432664 0.664645
vertex 0.610630 1.425664 0.658427
endloop
endfacet
facet normal 0.256182 0.844799 0.469771
outer loop
vertex 0.609012 1.445307 0.719134
vertex 0.608110 1.440774 0.727778
vertex 0.615909 1.438409 0.727778
endloop
endfacet
facet normal 0.256412 0.844832 0.469587
outer loop
vertex 0.609012 1.445307 0.719134
vertex 0.615909 1.438409 0.727778
vertex 0.617677 1.442677 0.719134
endloop
endfacet
facet normal 0.137378 0.452802 -0.880964
outer loop
vertex 0.603733 1.418766 0.653806
vertex 0.605419 1.427245 0.658427
vertex 0.610630 1.425664 0.658427
endloop
endfacet
facet normal 0.137404 0.452779 -0.880972
outer loop
vertex 0.603733 1.418766 0.653806
vertex 0.610630 1.425664 0.658427
vertex 0.607322 1.417677 0.653806
endloop
endfacet
facet normal 0.278050 0.916087 0.288917
outer loop
vertex 0.609567 1.448097 0.709754
vertex 0.609012 1.445307 0.719134
vertex 0.617677 1.442677 0.719134
endloop
endfacet
facet normal 0.277842 0.916087 0.289117
outer loop
vertex 0.609567 1.448097 0.709754
vertex 0.617677 1.442677 0.719134
vertex 0.618766 1.445307 0.709754
endloop
endfacet
facet normal 0.084680 0.279070 -0.956530
outer loop
vertex 0.601903 1.409567 0.650960
vertex 0.603733 1.418766 0.653806
vertex 0.607322 1.417677 0.653806
endloop
endfacet
facet normal 0.084647 0.279108 -0.956522
outer loop
vertex 0.601903 1.409567 0.650960
vertex 0.607322 1.417677 0.653806
vertex 0.603733 1.409012 0.650960
endloop
endfacet
facet normal 0.288846 0.952397 0.097509
outer loop
vertex 0.609754 1.449039 0.700000
vertex 0.609567 1.448097 0.709754
vertex 0.618766 1.445307 0.709754
endloop
endfacet
facet normal 0.288872 0.952389 0.097506
outer loop
vertex 0.609754 1.449039 0.700000
vertex 0.618766 1.445307 0.709754
vertex 0.619134 1.446194 0.700000
endloop
endfacet
facet normal 0.028557 0.094269 0.995137
outer loop
vertex 0.601903 1.409567 0.749039
vertex 0.600000 1.400000 0.750000
vertex 0.603733 1.409012 0.749039
endloop
endfacet
facet normal 0.028542 0.094179 -0.995146
outer loop
vertex 0.600000 1.400000 0.650000
vertex 0.601903 1.409567 0.650960
vertex 0.603733 1.409012 0.650960
endloop
endfacet
facet normal 0.288865 0.952392 -0.097497
outer loop
vertex 0.609567 1.448097 0.690245
vertex 0.609754 1.449039 0.700000
vertex 0.619134 1.446194 0.700000
endloop
endfacet
facet normal 0.288859 0.952394 -0.097500
outer loop
vertex 0.609567 1.448097 0.690245
vertex 0.619134 1.446194 0.700000
vertex 0.618766 1.445307 0.690245
endloop
endfacet
facet normal 0.084624 0.278992 0.956558
outer loop
vertex 0.603733 1.418766 0.746194
vertex 0.601903 1.409567 0.749039
vertex 0.603733 1.409012 0.749039
endloop
endfacet
facet normal 0.084662 0.278995 0.956553
outer loop
vertex 0.603733 1.418766 0.746194
vertex 0.603733 1.409012 0.749039
vertex 0.607322 1.417677 0.746194
endloop
endfacet
facet normal 0.223033 0.417330 -0.880961
outer loop
vertex 0.607322 1.417677 0.653806
vertex 0.610630 1.425664 0.658427
vertex 0.615433 1.423097 0.658427
endloop
endfacet
facet normal 0.223023 0.417291 -0.880982
outer loop
vertex 0.607322 1.417677 0.653806
vertex 0.615433 1.423097 0.658427
vertex 0.610630 1.415909 0.653806
endloop
endfacet
facet normal 0.451175 0.844299 0.289137
outer loop
vertex 0.618766 1.445307 0.709754
vertex 0.617677 1.442677 0.719134
vertex 0.625664 1.438409 0.719134
endloop
endfacet
facet normal 0.451365 0.844267 0.288934
outer loop
vertex 0.618766 1.445307 0.709754
vertex 0.625664 1.438409 0.719134
vertex 0.627245 1.440774 0.709754
endloop
endfacet
facet normal 0.137479 0.257229 -0.956521
outer loop
vertex 0.603733 1.409012 0.650960
vertex 0.607322 1.417677 0.653806
vertex 0.610630 1.415909 0.653806
endloop
endfacet
facet normal 0.137560 0.257151 -0.956531
outer loop
vertex 0.603733 1.409012 0.650960
vertex 0.610630 1.415909 0.653806
vertex 0.605419 1.408110 0.650960
endloop
endfacet
facet normal 0.469226 0.877678 0.097511
outer loop
vertex 0.619134 1.446194 0.700000
vertex 0.618766 1.445307 0.709754
vertex 0.627245 1.440774 0.709754
endloop
endfacet
facet normal 0.469200 0.877689 0.097539
outer loop
vertex 0.619134 1.446194 0.700000
vertex 0.627245 1.440774 0.709754
vertex 0.627778 1.441573 0.700000
endloop
endfacet
facet normal 0.046436 0.086869 0.995137
outer loop
vertex 0.603733 1.409012 0.749039
vertex 0.600000 1.400000 0.750000
vertex 0.605419 1.408110 0.749039
endloop
endfacet
facet normal 0.046429 0.086786 -0.995144
outer loop
vertex 0.600000 1.400000 0.650000
vertex 0.603733 1.409012 0.650960
vertex 0.605419 1.408110 0.650960
endloop
endfacet
facet normal 0.469191 0.877698 -0.097500
outer loop
vertex 0.618766 1.445307 0.690245
vertex 0.619134 1.446194 0.700000
vertex 0.627778 1.441573 0.700000
endloop
endfacet
facet normal 0.469229 0.877674 -0.097529
outer loop
vertex 0.618766 1.445307 0.690245
vertex 0.627778 1.441573 0.700000
vertex 0.627245 1.440774 0.690245
endloop
endfacet
facet normal 0.137560 0.257124 0.956538
outer loop
vertex 0.607322 1.417677 0.746194
vertex 0.603733 1.409012 0.749039
vertex 0.605419 1.408110 0.749039
endloop
endfacet
facet normal 0.137404 0.257123 0.956560
outer loop
vertex 0.607322 1.417677 0.746194
vertex 0.605419 1.408110 0.749039
vertex 0.610630 1.415909 0.746194
endloop
endfacet
facet normal 0.451338 0.844216 -0.289127
outer loop
vertex 0.617677 1.442677 0.680866
vertex 0.618766 1.445307 0.690245
vertex 0.627245 1.440774 0.690245
endloop
endfacet
facet normal 0.451195 0.844339 -0.288989
outer loop
vertex 0.617677 1.442677 0.680866
vertex 0.627245 1.440774 0.690245
vertex 0.625664 1.438409 0.680866
endloop
endfacet
facet normal 0.223044 0.417320 0.880963
outer loop
vertex 0.610630 1.425664 0.741573
vertex 0.607322 1.417677 0.746194
vertex 0.610630 1.415909 0.746194
endloop
endfacet
facet normal 0.223023 0.417310 0.880973
outer loop
vertex 0.610630 1.425664 0.741573
vertex 0.610630 1.415909 0.746194
vertex 0.615433 1.423097 0.741573
endloop
endfacet
facet normal 0.416123 0.778701 -0.469538
outer loop
vertex 0.615909 1.438409 0.672221
vertex 0.617677 1.442677 0.680866
vertex 0.625664 1.438409 0.680866
endloop
endfacet
facet normal 0.416179 0.778618 -0.469626
outer loop
vertex 0.615909 1.438409 0.672221
vertex 0.625664 1.438409 0.680866
vertex 0.623097 1.434567 0.672221
endloop
endfacet
facet normal 0.299846 0.561055 0.771563
outer loop
vertex 0.613530 1.432664 0.735356
vertex 0.610630 1.425664 0.741573
vertex 0.615433 1.423097 0.741573
endloop
endfacet
facet normal 0.299878 0.561026 0.771572
outer loop
vertex 0.613530 1.432664 0.735356
vertex 0.615433 1.423097 0.741573
vertex 0.619642 1.429397 0.735356
endloop
endfacet
facet normal 0.365080 0.683037 -0.632596
outer loop
vertex 0.613530 1.432664 0.664645
vertex 0.615909 1.438409 0.672221
vertex 0.623097 1.434567 0.672221
endloop
endfacet
facet normal 0.365096 0.683028 -0.632596
outer loop
vertex 0.613530 1.432664 0.664645
vertex 0.623097 1.434567 0.672221
vertex 0.619642 1.429397 0.664645
endloop
endfacet
facet normal 0.365125 0.683122 0.632478
outer loop
vertex 0.615909 1.438409 0.727778
vertex 0.613530 1.432664 0.735356
vertex 0.619642 1.429397 0.735356
endloop
endfacet
facet normal 0.365122 0.683094 0.632510
outer loop
vertex 0.615909 1.438409 0.727778
vertex 0.619642 1.429397 0.735356
vertex 0.623097 1.434567 0.727778
endloop
endfacet
facet normal 0.299907 0.561095 -0.771510
outer loop
vertex 0.610630 1.425664 0.658427
vertex 0.613530 1.432664 0.664645
vertex 0.619642 1.429397 0.664645
endloop
endfacet
facet normal 0.299878 0.561104 -0.771515
outer loop
vertex 0.610630 1.425664 0.658427
vertex 0.619642 1.429397 0.664645
vertex 0.615433 1.423097 0.658427
endloop
endfacet
facet normal 0.416192 0.778638 0.469582
outer loop
vertex 0.617677 1.442677 0.719134
vertex 0.615909 1.438409 0.727778
vertex 0.623097 1.434567 0.727778
endloop
endfacet
facet normal 0.416095 0.778653 0.469643
outer loop
vertex 0.617677 1.442677 0.719134
vertex 0.623097 1.434567 0.727778
vertex 0.625664 1.438409 0.719134
endloop
endfacet
facet normal 0.300109 0.365848 0.880960
outer loop
vertex 0.615433 1.423097 0.741573
vertex 0.610630 1.415909 0.746194
vertex 0.613530 1.413530 0.746194
endloop
endfacet
facet normal 0.300251 0.365772 0.880943
outer loop
vertex 0.615433 1.423097 0.741573
vertex 0.613530 1.413530 0.746194
vertex 0.619642 1.419642 0.741573
endloop
endfacet
facet normal 0.560111 0.682470 -0.469586
outer loop
vertex 0.623097 1.434567 0.672221
vertex 0.625664 1.438409 0.680866
vertex 0.632664 1.432664 0.680866
endloop
endfacet
facet normal 0.560079 0.682505 -0.469572
outer loop
vertex 0.623097 1.434567 0.672221
vertex 0.632664 1.432664 0.680866
vertex 0.629397 1.429397 0.672221
endloop
endfacet
facet normal 0.403648 0.491721 0.771543
outer loop
vertex 0.619642 1.429397 0.735356
vertex 0.615433 1.423097 0.741573
vertex 0.619642 1.419642 0.741573
endloop
endfacet
facet normal 0.403547 0.491744 0.771581
outer loop
vertex 0.619642 1.429397 0.735356
vertex 0.619642 1.419642 0.741573
vertex 0.625000 1.425000 0.735356
endloop
endfacet
facet normal 0.491293 0.598684 -0.632620
outer loop
vertex 0.619642 1.429397 0.664645
vertex 0.623097 1.434567 0.672221
vertex 0.629397 1.429397 0.672221
endloop
endfacet
facet normal 0.491305 0.598670 -0.632625
outer loop
vertex 0.619642 1.429397 0.664645
vertex 0.629397 1.429397 0.672221
vertex 0.625000 1.425000 0.664645
endloop
endfacet
facet normal 0.491359 0.598736 0.632521
outer loop
vertex 0.623097 1.434567 0.727778
vertex 0.619642 1.429397 0.735356
vertex 0.625000 1.425000 0.735356
endloop
endfacet
facet normal 0.491347 0.598750 0.632517
outer loop
vertex 0.623097 1.434567 0.727778
vertex 0.625000 1.425000 0.735356
vertex 0.629397 1.429397 0.727778
endloop
endfacet
facet normal 0.403611 0.491812 -0.771504
outer loop
vertex 0.615433 1.423097 0.658427
vertex 0.619642 1.429397 0.664645
vertex 0.625000 1.425000 0.664645
endloop
endfacet
facet normal 0.403655 0.491744 -0.771525
outer loop
vertex 0.615433 1.423097 0.658427
vertex 0.625000 1.425000 0.664645
vertex 0.619642 1.419642 0.658427
endloop
endfacet
facet normal 0.560053 0.682481 0.469639
outer loop
vertex 0.625664 1.438409 0.719134
vertex 0.623097 1.434567 0.727778
vertex 0.629397 1.429397 0.727778
endloop
endfacet
facet normal 0.560108 0.682459 0.469605
outer loop
vertex 0.625664 1.438409 0.719134
vertex 0.629397 1.429397 0.727778
vertex 0.632664 1.432664 0.719134
endloop
endfacet
facet normal 0.300217 0.365740 -0.880968
outer loop
vertex 0.610630 1.415909 0.653806
vertex 0.615433 1.423097 0.658427
vertex 0.619642 1.419642 0.658427
endloop
endfacet
facet normal 0.300138 0.365879 -0.880937
outer loop
vertex 0.610630 1.415909 0.653806
vertex 0.619642 1.419642 0.658427
vertex 0.613530 1.413530 0.653806
endloop
endfacet
facet normal 0.607340 0.740025 0.288965
outer loop
vertex 0.627245 1.440774 0.709754
vertex 0.625664 1.438409 0.719134
vertex 0.632664 1.432664 0.719134
endloop
endfacet
facet normal 0.607300 0.740043 0.289005
outer loop
vertex 0.627245 1.440774 0.709754
vertex 0.632664 1.432664 0.719134
vertex 0.634676 1.434676 0.709754
endloop
endfacet
facet normal 0.184958 0.225470 -0.956532
outer loop
vertex 0.605419 1.408110 0.650960
vertex 0.610630 1.415909 0.653806
vertex 0.613530 1.413530 0.653806
endloop
endfacet
facet normal 0.184876 0.225568 -0.956525
outer loop
vertex 0.605419 1.408110 0.650960
vertex 0.613530 1.413530 0.653806
vertex 0.606898 1.406898 0.650960
endloop
endfacet
facet normal 0.631329 0.769358 0.097529
outer loop
vertex 0.627778 1.441573 0.700000
vertex 0.627245 1.440774 0.709754
vertex 0.634676 1.434676 0.709754
endloop
endfacet
facet normal 0.631240 0.769415 0.097656
outer loop
vertex 0.627778 1.441573 0.700000
vertex 0.634676 1.434676 0.709754
vertex 0.635356 1.435356 0.700000
endloop
endfacet
facet normal 0.062408 0.076194 0.995138
outer loop
vertex 0.605419 1.408110 0.749039
vertex 0.600000 1.400000 0.750000
vertex 0.606898 1.406898 0.749039
endloop
endfacet
facet normal 0.062387 0.076118 -0.995145
outer loop
vertex 0.600000 1.400000 0.650000
vertex 0.605419 1.408110 0.650960
vertex 0.606898 1.406898 0.650960
endloop
endfacet
facet normal 0.631240 0.769432 -0.097518
outer loop
vertex 0.627245 1.440774 0.690245
vertex 0.627778 1.441573 0.700000
vertex 0.635356 1.435356 0.700000
endloop
endfacet
facet normal 0.631332 0.769341 -0.097650
outer loop
vertex 0.627245 1.440774 0.690245
vertex 0.635356 1.435356 0.700000
vertex 0.634676 1.434676 0.690245
endloop
endfacet
facet normal 0.184792 0.225479 0.956562
outer loop
vertex 0.610630 1.415909 0.746194
vertex 0.605419 1.408110 0.749039
vertex 0.606898 1.406898 0.749039
endloop
endfacet
facet normal 0.184938 0.225416 0.956549
outer loop
vertex 0.610630 1.415909 0.746194
vertex 0.606898 1.406898 0.749039
vertex 0.613530 1.413530 0.746194
endloop
endfacet
facet normal 0.607304 0.740056 -0.288962
outer loop
vertex 0.625664 1.438409 0.680866
vertex 0.627245 1.440774 0.690245
vertex 0.634676 1.434676 0.690245
endloop
endfacet
facet normal 0.607322 0.740002 -0.289062
outer loop
vertex 0.625664 1.438409 0.680866
vertex 0.634676 1.434676 0.690245
vertex 0.632664 1.432664 0.680866
endloop
endfacet
facet normal 0.740016 0.607341 0.288986
outer loop
vertex 0.634676 1.434676 0.709754
vertex 0.632664 1.432664 0.719134
vertex 0.638409 1.425664 0.719134
endloop
endfacet
facet normal 0.740059 0.607305 0.288953
outer loop
vertex 0.634676 1.434676 0.709754
vertex 0.638409 1.425664 0.719134
vertex 0.640774 1.427245 0.709754
endloop
endfacet
facet normal 0.225481 0.184980 -0.956526
outer loop
vertex 0.606898 1.406898 0.650960
vertex 0.613530 1.413530 0.653806
vertex 0.615909 1.410630 0.653806
endloop
endfacet
facet normal 0.225558 0.184846 -0.956533
outer loop
vertex 0.606898 1.406898 0.650960
vertex 0.615909 1.410630 0.653806
vertex 0.608110 1.405419 0.650960
endloop
endfacet
facet normal 0.769340 0.631330 0.097668
outer loop
vertex 0.635356 1.435356 0.700000
vertex 0.634676 1.434676 0.709754
vertex 0.640774 1.427245 0.709754
endloop
endfacet
facet normal 0.769430 0.631245 0.097506
outer loop
vertex 0.635356 1.435356 0.700000
vertex 0.640774 1.427245 0.709754
vertex 0.641573 1.427778 0.700000
endloop
endfacet
facet normal 0.076188 0.062446 0.995136
outer loop
vertex 0.606898 1.406898 0.749039
vertex 0.600000 1.400000 0.750000
vertex 0.608110 1.405419 0.749039
endloop
endfacet
facet normal 0.076115 0.062385 -0.995146
outer loop
vertex 0.600000 1.400000 0.650000
vertex 0.606898 1.406898 0.650960
vertex 0.608110 1.405419 0.650960
endloop
endfacet
facet normal 0.769425 0.631234 -0.097614
outer loop
vertex 0.634676 1.434676 0.690245
vertex 0.635356 1.435356 0.700000
vertex 0.641573 1.427778 0.700000
endloop
endfacet
facet normal 0.769346 0.631344 -0.097528
outer loop
vertex 0.634676 1.434676 0.690245
vertex 0.641573 1.427778 0.700000
vertex 0.640774 1.427245 0.690245
endloop
endfacet
facet normal 0.225507 0.184826 0.956549
outer loop
vertex 0.613530 1.413530 0.746194
vertex 0.606898 1.406898 0.749039
vertex 0.608110 1.405419 0.749039
endloop
endfacet
facet normal 0.225401 0.184895 0.956561
outer loop
vertex 0.613530 1.413530 0.746194
vertex 0.608110 1.405419 0.749039
vertex 0.615909 1.410630 0.746194
endloop
endfacet
facet normal 0.740048 0.607285 -0.289022
outer loop
vertex 0.632664 1.432664 0.680866
vertex 0.634676 1.434676 0.690245
vertex 0.640774 1.427245 0.690245
endloop
endfacet
facet normal 0.740008 0.607348 -0.288993
outer loop
vertex 0.632664 1.432664 0.680866
vertex 0.640774 1.427245 0.690245
vertex 0.638409 1.425664 0.680866
endloop
endfacet
facet normal 0.365912 0.300165 0.880914
outer loop
vertex 0.619642 1.419642 0.741573
vertex 0.613530 1.413530 0.746194
vertex 0.615909 1.410630 0.746194
endloop
endfacet
facet normal 0.365746 0.300222 0.880964
outer loop
vertex 0.619642 1.419642 0.741573
vertex 0.615909 1.410630 0.746194
vertex 0.623097 1.415433 0.741573
endloop
endfacet
facet normal 0.682475 0.560113 -0.469576
outer loop
vertex 0.629397 1.429397 0.672221
vertex 0.632664 1.432664 0.680866
vertex 0.638409 1.425664 0.680866
endloop
endfacet
facet normal 0.682482 0.560067 -0.469621
outer loop
vertex 0.629397 1.429397 0.672221
vertex 0.638409 1.425664 0.680866
vertex 0.634567 1.423097 0.672221
endloop
endfacet
facet normal 0.491693 0.403592 0.771590
outer loop
vertex 0.625000 1.425000 0.735356
vertex 0.619642 1.419642 0.741573
vertex 0.623097 1.415433 0.741573
endloop
endfacet
facet normal 0.491757 0.403571 0.771560
outer loop
vertex 0.625000 1.425000 0.735356
vertex 0.623097 1.415433 0.741573
vertex 0.629397 1.419642 0.735356
endloop
endfacet
facet normal 0.598681 0.491300 -0.632618
outer loop
vertex 0.625000 1.425000 0.664645
vertex 0.629397 1.429397 0.672221
vertex 0.634567 1.423097 0.672221
endloop
endfacet
facet normal 0.598683 0.491317 -0.632603
outer loop
vertex 0.625000 1.425000 0.664645
vertex 0.634567 1.423097 0.672221
vertex 0.629397 1.419642 0.664645
endloop
endfacet
facet normal 0.598747 0.491349 0.632518
outer loop
vertex 0.629397 1.429397 0.727778
vertex 0.625000 1.425000 0.735356
vertex 0.629397 1.419642 0.735356
endloop
endfacet
facet normal 0.598745 0.491356 0.632513
outer loop
vertex 0.629397 1.429397 0.727778
vertex 0.629397 1.419642 0.735356
vertex 0.634567 1.423097 0.727778
endloop
endfacet
facet normal 0.491787 0.403584 -0.771534
outer loop
vertex 0.619642 1.419642 0.658427
vertex 0.625000 1.425000 0.664645
vertex 0.629397 1.419642 0.664645
endloop
endfacet
facet normal 0.491769 0.403684 -0.771494
outer loop
vertex 0.619642 1.419642 0.658427
vertex 0.629397 1.419642 0.664645
vertex 0.623097 1.415433 0.658427
endloop
endfacet
facet normal 0.682485 0.560059 0.469626
outer loop
vertex 0.632664 1.432664 0.719134
vertex 0.629397 1.429397 0.727778
vertex 0.634567 1.423097 0.727778
endloop
endfacet
facet normal 0.682442 0.560090 0.469651
outer loop
vertex 0.632664 1.432664 0.719134
vertex 0.634567 1.423097 0.727778
vertex 0.638409 1.425664 0.719134
endloop
endfacet
facet normal 0.365789 0.300264 -0.880931
outer loop
vertex 0.613530 1.413530 0.653806
vertex 0.619642 1.419642 0.658427
vertex 0.623097 1.415433 0.658427
endloop
endfacet
facet normal 0.365835 0.300112 -0.880964
outer loop
vertex 0.613530 1.413530 0.653806
vertex 0.623097 1.415433 0.658427
vertex 0.615909 1.410630 0.653806
endloop
endfacet
facet normal 0.778680 0.416101 -0.469592
outer loop
vertex 0.634567 1.423097 0.672221
vertex 0.638409 1.425664 0.680866
vertex 0.642677 1.417677 0.680866
endloop
endfacet
facet normal 0.778657 0.416175 -0.469565
outer loop
vertex 0.634567 1.423097 0.672221
vertex 0.642677 1.417677 0.680866
vertex 0.638409 1.415909 0.672221
endloop
endfacet
facet normal 0.561056 0.299861 0.771556
outer loop
vertex 0.629397 1.419642 0.735356
vertex 0.623097 1.415433 0.741573
vertex 0.625664 1.410630 0.741573
endloop
endfacet
facet normal 0.561024 0.299880 0.771573
outer loop
vertex 0.629397 1.419642 0.735356
vertex 0.625664 1.410630 0.741573
vertex 0.632664 1.413530 0.735356
endloop
endfacet
facet normal 0.683028 0.365069 -0.632612
outer loop
vertex 0.629397 1.419642 0.664645
vertex 0.634567 1.423097 0.672221
vertex 0.638409 1.415909 0.672221
endloop
endfacet
facet normal 0.683038 0.365102 -0.632582
outer loop
vertex 0.629397 1.419642 0.664645
vertex 0.638409 1.415909 0.672221
vertex 0.632664 1.413530 0.664645
endloop
endfacet
facet normal 0.683093 0.365130 0.632505
outer loop
vertex 0.634567 1.423097 0.727778
vertex 0.629397 1.419642 0.735356
vertex 0.632664 1.413530 0.735356
endloop
endfacet
facet normal 0.683112 0.365124 0.632490
outer loop
vertex 0.634567 1.423097 0.727778
vertex 0.632664 1.413530 0.735356
vertex 0.638409 1.415909 0.727778
endloop
endfacet
facet normal 0.561097 0.299908 -0.771508
outer loop
vertex 0.623097 1.415433 0.658427
vertex 0.629397 1.419642 0.664645
vertex 0.632664 1.413530 0.664645
endloop
endfacet
facet normal 0.561116 0.299887 -0.771503
outer loop
vertex 0.623097 1.415433 0.658427
vertex 0.632664 1.413530 0.664645
vertex 0.625664 1.410630 0.658427
endloop
endfacet
facet normal 0.778607 0.416169 0.469655
outer loop
vertex 0.638409 1.425664 0.719134
vertex 0.634567 1.423097 0.727778
vertex 0.638409 1.415909 0.727778
endloop
endfacet
facet normal 0.778685 0.416099 0.469586
outer loop
vertex 0.638409 1.425664 0.719134
vertex 0.638409 1.415909 0.727778
vertex 0.642677 1.417677 0.719134
endloop
endfacet
facet normal 0.417318 0.223045 -0.880963
outer loop
vertex 0.615909 1.410630 0.653806
vertex 0.623097 1.415433 0.658427
vertex 0.625664 1.410630 0.658427
endloop
endfacet
facet normal 0.417340 0.223036 -0.880955
outer loop
vertex 0.615909 1.410630 0.653806
vertex 0.625664 1.410630 0.658427
vertex 0.617677 1.407322 0.653806
endloop
endfacet
facet normal 0.844349 0.451202 0.288951
outer loop
vertex 0.640774 1.427245 0.709754
vertex 0.638409 1.425664 0.719134
vertex 0.642677 1.417677 0.719134
endloop
endfacet
facet normal 0.844226 0.451326 0.289115
outer loop
vertex 0.640774 1.427245 0.709754
vertex 0.642677 1.417677 0.719134
vertex 0.645307 1.418766 0.709754
endloop
endfacet
facet normal 0.257189 0.137455 -0.956536
outer loop
vertex 0.608110 1.405419 0.650960
vertex 0.615909 1.410630 0.653806
vertex 0.617677 1.407322 0.653806
endloop
endfacet
facet normal 0.257223 0.137610 -0.956504
outer loop
vertex 0.608110 1.405419 0.650960
vertex 0.617677 1.407322 0.653806
vertex 0.609012 1.403733 0.650960
endloop
endfacet
facet normal 0.877675 0.469229 0.097521
outer loop
vertex 0.641573 1.427778 0.700000
vertex 0.640774 1.427245 0.709754
vertex 0.645307 1.418766 0.709754
endloop
endfacet
facet normal 0.877690 0.469202 0.097518
outer loop
vertex 0.641573 1.427778 0.700000
vertex 0.645307 1.418766 0.709754
vertex 0.646194 1.419134 0.700000
endloop
endfacet
facet normal 0.086872 0.046463 0.995135
outer loop
vertex 0.608110 1.405419 0.749039
vertex 0.600000 1.400000 0.750000
vertex 0.609012 1.403733 0.749039
endloop
endfacet
facet normal 0.086751 0.046421 -0.995148
outer loop
vertex 0.600000 1.400000 0.650000
vertex 0.608110 1.405419 0.650960
vertex 0.609012 1.403733 0.650960
endloop
endfacet
facet normal 0.877690 0.469201 -0.097520
outer loop
vertex 0.640774 1.427245 0.690245
vertex 0.641573 1.427778 0.700000
vertex 0.646194 1.419134 0.700000
endloop
endfacet
facet normal 0.877678 0.469229 -0.097498
outer loop
vertex 0.640774 1.427245 0.690245
vertex 0.646194 1.419134 0.700000
vertex 0.645307 1.418766 0.690245
endloop
endfacet
facet normal 0.257029 0.137510 0.956571
outer loop
vertex 0.615909 1.410630 0.746194
vertex 0.608110 1.405419 0.749039
vertex 0.609012 1.403733 0.749039
endloop
endfacet
facet normal 0.257153 0.137445 0.956547
outer loop
vertex 0.615909 1.410630 0.746194
vertex 0.609012 1.403733 0.749039
vertex 0.617677 1.407322 0.746194
endloop
endfacet
facet normal 0.844258 0.451351 -0.288983
outer loop
vertex 0.638409 1.425664 0.680866
vertex 0.640774 1.427245 0.690245
vertex 0.645307 1.418766 0.690245
endloop
endfacet
facet normal 0.844297 0.451177 -0.289142
outer loop
vertex 0.638409 1.425664 0.680866
vertex 0.645307 1.418766 0.690245
vertex 0.642677 1.417677 0.680866
endloop
endfacet
facet normal 0.417335 0.223033 0.880958
outer loop
vertex 0.623097 1.415433 0.741573
vertex 0.615909 1.410630 0.746194
vertex 0.617677 1.407322 0.746194
endloop
endfacet
facet normal 0.417315 0.223043 0.880965
outer loop
vertex 0.623097 1.415433 0.741573
vertex 0.617677 1.407322 0.746194
vertex 0.625664 1.410630 0.741573
endloop
endfacet
facet normal 0.279083 0.084677 -0.956526
outer loop
vertex 0.609012 1.403733 0.650960
vertex 0.617677 1.407322 0.653806
vertex 0.618766 1.403733 0.653806
endloop
endfacet
facet normal 0.279083 0.084643 -0.956529
outer loop
vertex 0.609012 1.403733 0.650960
vertex 0.618766 1.403733 0.653806
vertex 0.609567 1.401903 0.650960
endloop
endfacet
facet normal 0.952396 0.288850 0.097509
outer loop
vertex 0.646194 1.419134 0.700000
vertex 0.645307 1.418766 0.709754
vertex 0.648097 1.409567 0.709754
endloop
endfacet
facet normal 0.952390 0.288866 0.097517
outer loop
vertex 0.646194 1.419134 0.700000
vertex 0.648097 1.409567 0.709754
vertex 0.649039 1.409754 0.700000
endloop
endfacet
facet normal 0.094249 0.028595 0.995138
outer loop
vertex 0.609012 1.403733 0.749039
vertex 0.600000 1.400000 0.750000
vertex 0.609567 1.401903 0.749039
endloop
endfacet
facet normal 0.094203 0.028566 -0.995143
outer loop
vertex 0.600000 1.400000 0.650000
vertex 0.609012 1.403733 0.650960
vertex 0.609567 1.401903 0.650960
endloop
endfacet
facet normal 0.952391 0.288865 -0.097506
outer loop
vertex 0.645307 1.418766 0.690245
vertex 0.646194 1.419134 0.700000
vertex 0.649039 1.409754 0.700000
endloop
endfacet
facet normal 0.952394 0.288860 -0.097499
outer loop
vertex 0.645307 1.418766 0.690245
vertex 0.649039 1.409754 0.700000
vertex 0.648097 1.409567 0.690245
endloop
endfacet
facet normal 0.279009 0.084626 0.956553
outer loop
vertex 0.617677 1.407322 0.746194
vertex 0.609012 1.403733 0.749039
vertex 0.609567 1.401903 0.749039
endloop
endfacet
facet normal 0.279007 0.084643 0.956551
outer loop
vertex 0.617677 1.407322 0.746194
vertex 0.609567 1.401903 0.749039
vertex 0.618766 1.403733 0.746194
endloop
endfacet
facet normal 0.916080 0.277840 -0.289143
outer loop
vertex 0.642677 1.417677 0.680866
vertex 0.645307 1.418766 0.690245
vertex 0.648097 1.409567 0.690245
endloop
endfacet
facet normal 0.916070 0.278051 -0.288969
outer loop
vertex 0.642677 1.417677 0.680866
vertex 0.648097 1.409567 0.690245
vertex 0.645307 1.409012 0.680866
endloop
endfacet
facet normal 0.452773 0.137393 0.880977
outer loop
vertex 0.625664 1.410630 0.741573
vertex 0.617677 1.407322 0.746194
vertex 0.618766 1.403733 0.746194
endloop
endfacet
facet normal 0.452816 0.137378 0.880957
outer loop
vertex 0.625664 1.410630 0.741573
vertex 0.618766 1.403733 0.746194
vertex 0.627245 1.405419 0.741573
endloop
endfacet
facet normal 0.844861 0.256432 -0.469525
outer loop
vertex 0.638409 1.415909 0.672221
vertex 0.642677 1.417677 0.680866
vertex 0.645307 1.409012 0.680866
endloop
endfacet
facet normal 0.844817 0.256203 -0.469728
outer loop
vertex 0.638409 1.415909 0.672221
vertex 0.645307 1.409012 0.680866
vertex 0.640774 1.408110 0.672221
endloop
endfacet
facet normal 0.608740 0.184690 0.771573
outer loop
vertex 0.632664 1.413530 0.735356
vertex 0.625664 1.410630 0.741573
vertex 0.627245 1.405419 0.741573
endloop
endfacet
facet normal 0.608748 0.184683 0.771568
outer loop
vertex 0.632664 1.413530 0.735356
vertex 0.627245 1.405419 0.741573
vertex 0.634676 1.406898 0.735356
endloop
endfacet
facet normal 0.741158 0.224747 -0.632593
outer loop
vertex 0.632664 1.413530 0.664645
vertex 0.638409 1.415909 0.672221
vertex 0.640774 1.408110 0.672221
endloop
endfacet
facet normal 0.741169 0.224856 -0.632541
outer loop
vertex 0.632664 1.413530 0.664645
vertex 0.640774 1.408110 0.672221
vertex 0.634676 1.406898 0.664645
endloop
endfacet
facet normal 0.741192 0.224859 0.632513
outer loop
vertex 0.638409 1.415909 0.727778
vertex 0.632664 1.413530 0.735356
vertex 0.634676 1.406898 0.735356
endloop
endfacet
facet normal 0.741268 0.224784 0.632451
outer loop
vertex 0.638409 1.415909 0.727778
vertex 0.634676 1.406898 0.735356
vertex 0.640774 1.408110 0.727778
endloop
endfacet
facet normal 0.608805 0.184694 -0.771521
outer loop
vertex 0.625664 1.410630 0.658427
vertex 0.632664 1.413530 0.664645
vertex 0.634676 1.406898 0.664645
endloop
endfacet
facet normal 0.608813 0.184722 -0.771508
outer loop
vertex 0.625664 1.410630 0.658427
vertex 0.634676 1.406898 0.664645
vertex 0.627245 1.405419 0.658427
endloop
endfacet
facet normal 0.844905 0.256217 0.469562
outer loop
vertex 0.642677 1.417677 0.719134
vertex 0.638409 1.415909 0.727778
vertex 0.640774 1.408110 0.727778
endloop
endfacet
facet normal 0.844748 0.256395 0.469746
outer loop
vertex 0.642677 1.417677 0.719134
vertex 0.640774 1.408110 0.727778
vertex 0.645307 1.409012 0.719134
endloop
endfacet
facet normal 0.452788 0.137372 -0.880972
outer loop
vertex 0.617677 1.407322 0.653806
vertex 0.625664 1.410630 0.658427
vertex 0.627245 1.405419 0.658427
endloop
endfacet
facet normal 0.452821 0.137404 -0.880950
outer loop
vertex 0.617677 1.407322 0.653806
vertex 0.627245 1.405419 0.658427
vertex 0.618766 1.403733 0.653806
endloop
endfacet
facet normal 0.916027 0.278027 0.289127
outer loop
vertex 0.645307 1.418766 0.709754
vertex 0.642677 1.417677 0.719134
vertex 0.645307 1.409012 0.719134
endloop
endfacet
facet normal 0.916134 0.277868 0.288942
outer loop
vertex 0.645307 1.418766 0.709754
vertex 0.645307 1.409012 0.719134
vertex 0.648097 1.409567 0.709754
endloop
endfacet
facet normal 0.770783 0.075942 -0.632555
outer loop
vertex 0.634676 1.406898 0.664645
vertex 0.640774 1.408110 0.672221
vertex 0.641573 1.400000 0.672221
endloop
endfacet
facet normal 0.770795 0.075976 -0.632537
outer loop
vertex 0.634676 1.406898 0.664645
vertex 0.641573 1.400000 0.672221
vertex 0.635356 1.400000 0.664645
endloop
endfacet
facet normal 0.770857 0.075976 0.632461
outer loop
vertex 0.640774 1.408110 0.727778
vertex 0.634676 1.406898 0.735356
vertex 0.635356 1.400000 0.735356
endloop
endfacet
facet normal 0.770884 0.075955 0.632431
outer loop
vertex 0.640774 1.408110 0.727778
vertex 0.635356 1.400000 0.735356
vertex 0.641573 1.400000 0.727778
endloop
endfacet
facet normal 0.633152 0.062413 -0.771507
outer loop
vertex 0.627245 1.405419 0.658427
vertex 0.634676 1.406898 0.664645
vertex 0.635356 1.400000 0.664645
endloop
endfacet
facet normal 0.633100 0.062278 -0.771560
outer loop
vertex 0.627245 1.405419 0.658427
vertex 0.635356 1.400000 0.664645
vertex 0.627778 1.400000 0.658427
endloop
endfacet
facet normal 0.878548 0.086556 0.469746
outer loop
vertex 0.645307 1.409012 0.719134
vertex 0.640774 1.408110 0.727778
vertex 0.641573 1.400000 0.727778
endloop
endfacet
facet normal 0.878588 0.086478 0.469686
outer loop
vertex 0.645307 1.409012 0.719134
vertex 0.641573 1.400000 0.727778
vertex 0.646194 1.400000 0.719134
endloop
endfacet
facet normal 0.470903 0.046322 -0.880968
outer loop
vertex 0.618766 1.403733 0.653806
vertex 0.627245 1.405419 0.658427
vertex 0.627778 1.400000 0.658427
endloop
endfacet
facet normal 0.470964 0.046416 -0.880930
outer loop
vertex 0.618766 1.403733 0.653806
vertex 0.627778 1.400000 0.658427
vertex 0.619134 1.400000 0.653806
endloop
endfacet
facet normal 0.952745 0.093768 0.288938
outer loop
vertex 0.648097 1.409567 0.709754
vertex 0.645307 1.409012 0.719134
vertex 0.646194 1.400000 0.719134
endloop
endfacet
facet normal 0.952733 0.093804 0.288966
outer loop
vertex 0.648097 1.409567 0.709754
vertex 0.646194 1.400000 0.719134
vertex 0.649039 1.400000 0.709754
endloop
endfacet
facet normal 0.290235 0.028623 -0.956527
outer loop
vertex 0.609567 1.401903 0.650960
vertex 0.618766 1.403733 0.653806
vertex 0.619134 1.400000 0.653806
endloop
endfacet
facet normal 0.290226 0.028510 -0.956533
outer loop
vertex 0.609567 1.401903 0.650960
vertex 0.619134 1.400000 0.653806
vertex 0.609754 1.400000 0.650960
endloop
endfacet
facet normal 0.990443 0.097525 0.097523
outer loop
vertex 0.649039 1.409754 0.700000
vertex 0.648097 1.409567 0.709754
vertex 0.649039 1.400000 0.709754
endloop
endfacet
facet normal 0.990432 0.097582 0.097580
outer loop
vertex 0.649039 1.409754 0.700000
vertex 0.649039 1.400000 0.709754
vertex 0.650000 1.400000 0.700000
endloop
endfacet
facet normal 0.098053 0.009631 0.995135
outer loop
vertex 0.609567 1.401903 0.749039
vertex 0.600000 1.400000 0.750000
vertex 0.609754 1.400000 0.749039
endloop
endfacet
facet normal 0.097940 0.009624 -0.995146
outer loop
vertex 0.600000 1.400000 0.650000
vertex 0.609567 1.401903 0.650960
vertex 0.609754 1.400000 0.650960
endloop
endfacet
facet normal 0.990439 0.097584 -0.097509
outer loop
vertex 0.648097 1.409567 0.690245
vertex 0.649039 1.409754 0.700000
vertex 0.650000 1.400000 0.700000
endloop
endfacet
facet normal 0.990438 0.097524 -0.097576
outer loop
vertex 0.648097 1.409567 0.690245
vertex 0.650000 1.400000 0.700000
vertex 0.649039 1.400000 0.690245
endloop
endfacet
facet normal 0.290141 0.028511 0.956559
outer loop
vertex 0.618766 1.403733 0.746194
vertex 0.609567 1.401903 0.749039
vertex 0.609754 1.400000 0.749039
endloop
endfacet
facet normal 0.290151 0.028604 0.956553
outer loop
vertex 0.618766 1.403733 0.746194
vertex 0.609754 1.400000 0.749039
vertex 0.619134 1.400000 0.746194
endloop
endfacet
facet normal 0.952735 0.093803 -0.288957
outer loop
vertex 0.645307 1.409012 0.680866
vertex 0.648097 1.409567 0.690245
vertex 0.649039 1.400000 0.690245
endloop
endfacet
facet normal 0.952725 0.093766 -0.289004
outer loop
vertex 0.645307 1.409012 0.680866
vertex 0.649039 1.400000 0.690245
vertex 0.646194 1.400000 0.680866
endloop
endfacet
facet normal 0.470867 0.046421 0.880982
outer loop
vertex 0.627245 1.405419 0.741573
vertex 0.618766 1.403733 0.746194
vertex 0.619134 1.400000 0.746194
endloop
endfacet
facet normal 0.470948 0.046319 0.880944
outer loop
vertex 0.627245 1.405419 0.741573
vertex 0.619134 1.400000 0.746194
vertex 0.627778 1.400000 0.741573
endloop
endfacet
facet normal 0.878582 0.086467 -0.469698
outer loop
vertex 0.640774 1.408110 0.672221
vertex 0.645307 1.409012 0.680866
vertex 0.646194 1.400000 0.680866
endloop
endfacet
facet normal 0.878603 0.086575 -0.469640
outer loop
vertex 0.640774 1.408110 0.672221
vertex 0.646194 1.400000 0.680866
vertex 0.641573 1.400000 0.672221
endloop
endfacet
facet normal 0.633115 0.062270 0.771549
outer loop
vertex 0.634676 1.406898 0.735356
vertex 0.627245 1.405419 0.741573
vertex 0.627778 1.400000 0.741573
endloop
endfacet
facet normal 0.633025 0.062399 0.771612
outer loop
vertex 0.634676 1.406898 0.735356
vertex 0.627778 1.400000 0.741573
vertex 0.635356 1.400000 0.735356
endloop
endfacet
facet normal 0.098041 -0.009631 0.995136
outer loop
vertex 0.609754 1.400000 0.749039
vertex 0.600000 1.400000 0.750000
vertex 0.609567 1.398097 0.749039
endloop
endfacet
facet normal 0.097956 -0.009625 -0.995144
outer loop
vertex 0.600000 1.400000 0.650000
vertex 0.609754 1.400000 0.650960
vertex 0.609567 1.398097 0.650960
endloop
endfacet
facet normal 0.990433 -0.097582 -0.097569
outer loop
vertex 0.649039 1.400000 0.690245
vertex 0.650000 1.400000 0.700000
vertex 0.649039 1.390245 0.700000
endloop
endfacet
facet normal 0.990444 -0.097515 -0.097525
outer loop
vertex 0.649039 1.400000 0.690245
vertex 0.649039 1.390245 0.700000
vertex 0.648097 1.390433 0.690245
endloop
endfacet
facet normal 0.290135 -0.028501 0.956561
outer loop
vertex 0.619134 1.400000 0.746194
vertex 0.609754 1.400000 0.749039
vertex 0.609567 1.398097 0.749039
endloop
endfacet
facet normal 0.290131 -0.028609 0.956559
outer loop
vertex 0.619134 1.400000 0.746194
vertex 0.609567 1.398097 0.749039
vertex 0.618766 1.396267 0.746194
endloop
endfacet
facet normal 0.952725 -0.093802 -0.288993
outer loop
vertex 0.646194 1.400000 0.680866
vertex 0.649039 1.400000 0.690245
vertex 0.648097 1.390433 0.690245
endloop
endfacet
facet normal 0.952735 -0.093767 -0.288971
outer loop
vertex 0.646194 1.400000 0.680866
vertex 0.648097 1.390433 0.690245
vertex 0.645307 1.390988 0.680866
endloop
endfacet
facet normal 0.470936 -0.046415 0.880946
outer loop
vertex 0.627778 1.400000 0.741573
vertex 0.619134 1.400000 0.746194
vertex 0.618766 1.396267 0.746194
endloop
endfacet
facet normal 0.470898 -0.046324 0.880971
outer loop
vertex 0.627778 1.400000 0.741573
vertex 0.618766 1.396267 0.746194
vertex 0.627245 1.394581 0.741573
endloop
endfacet
facet normal 0.878615 -0.086480 -0.469635
outer loop
vertex 0.641573 1.400000 0.672221
vertex 0.646194 1.400000 0.680866
vertex 0.645307 1.390988 0.680866
endloop
endfacet
facet normal 0.878561 -0.086561 -0.469721
outer loop
vertex 0.641573 1.400000 0.672221
vertex 0.645307 1.390988 0.680866
vertex 0.640774 1.391890 0.672221
endloop
endfacet
facet normal 0.633038 -0.062245 0.771615
outer loop
vertex 0.635356 1.400000 0.735356
vertex 0.627778 1.400000 0.741573
vertex 0.627245 1.394581 0.741573
endloop
endfacet
facet normal 0.633092 -0.062428 0.771555
outer loop
vertex 0.635356 1.400000 0.735356
vertex 0.627245 1.394581 0.741573
vertex 0.634676 1.393103 0.735356
endloop
endfacet
facet normal 0.770804 -0.075946 -0.632530
outer loop
vertex 0.635356 1.400000 0.664645
vertex 0.641573 1.400000 0.672221
vertex 0.640774 1.391890 0.672221
endloop
endfacet
facet normal 0.770762 -0.075984 -0.632576
outer loop
vertex 0.635356 1.400000 0.664645
vertex 0.640774 1.391890 0.672221
vertex 0.634676 1.393103 0.664645
endloop
endfacet
facet normal 0.770875 -0.076005 0.632436
outer loop
vertex 0.641573 1.400000 0.727778
vertex 0.635356 1.400000 0.735356
vertex 0.634676 1.393103 0.735356
endloop
endfacet
facet normal 0.770861 -0.075942 0.632461
outer loop
vertex 0.641573 1.400000 0.727778
vertex 0.634676 1.393103 0.735356
vertex 0.640774 1.391890 0.727778
endloop
endfacet
facet normal 0.633095 -0.062417 -0.771554
outer loop
vertex 0.627778 1.400000 0.658427
vertex 0.635356 1.400000 0.664645
vertex 0.634676 1.393103 0.664645
endloop
endfacet
facet normal 0.633169 -0.062285 -0.771504
outer loop
vertex 0.627778 1.400000 0.658427
vertex 0.634676 1.393103 0.664645
vertex 0.627245 1.394581 0.658427
endloop
endfacet
facet normal 0.878584 -0.086573 0.469675
outer loop
vertex 0.646194 1.400000 0.719134
vertex 0.641573 1.400000 0.727778
vertex 0.640774 1.391890 0.727778
endloop
endfacet
facet normal 0.878554 -0.086463 0.469751
outer loop
vertex 0.646194 1.400000 0.719134
vertex 0.640774 1.391890 0.727778
vertex 0.645307 1.390988 0.719134
endloop
endfacet
facet normal 0.470934 -0.046317 -0.880952
outer loop
vertex 0.619134 1.400000 0.653806
vertex 0.627778 1.400000 0.658427
vertex 0.627245 1.394581 0.658427
endloop
endfacet
facet normal 0.470901 -0.046423 -0.880964
outer loop
vertex 0.619134 1.400000 0.653806
vertex 0.627245 1.394581 0.658427
vertex 0.618766 1.396267 0.653806
endloop
endfacet
facet normal 0.952736 -0.093756 0.288972
outer loop
vertex 0.649039 1.400000 0.709754
vertex 0.646194 1.400000 0.719134
vertex 0.645307 1.390988 0.719134
endloop
endfacet
facet normal 0.952739 -0.093815 0.288940
outer loop
vertex 0.649039 1.400000 0.709754
vertex 0.645307 1.390988 0.719134
vertex 0.648097 1.390433 0.709754
endloop
endfacet
facet normal 0.290205 -0.028615 -0.956536
outer loop
vertex 0.609754 1.400000 0.650960
vertex 0.619134 1.400000 0.653806
vertex 0.618766 1.396267 0.653806
endloop
endfacet
facet normal 0.290231 -0.028525 -0.956531
outer loop
vertex 0.609754 1.400000 0.650960
vertex 0.618766 1.396267 0.653806
vertex 0.609567 1.398097 0.650960
endloop
endfacet
facet normal 0.990438 -0.097514 0.097585
outer loop
vertex 0.650000 1.400000 0.700000
vertex 0.649039 1.400000 0.709754
vertex 0.648097 1.390433 0.709754
endloop
endfacet
facet normal 0.990437 -0.097582 0.097529
outer loop
vertex 0.650000 1.400000 0.700000
vertex 0.648097 1.390433 0.709754
vertex 0.649039 1.390245 0.700000
endloop
endfacet
facet normal 0.741224 -0.224849 0.632480
outer loop
vertex 0.640774 1.391890 0.727778
vertex 0.634676 1.393103 0.735356
vertex 0.632664 1.386470 0.735356
endloop
endfacet
facet normal 0.741244 -0.224760 0.632488
outer loop
vertex 0.640774 1.391890 0.727778
vertex 0.632664 1.386470 0.735356
vertex 0.638409 1.384091 0.727778
endloop
endfacet
facet normal 0.608851 -0.184675 -0.771489
outer loop
vertex 0.627245 1.394581 0.658427
vertex 0.634676 1.393103 0.664645
vertex 0.632664 1.386470 0.664645
endloop
endfacet
facet normal 0.608802 -0.184685 -0.771525
outer loop
vertex 0.627245 1.394581 0.658427
vertex 0.632664 1.386470 0.664645
vertex 0.625664 1.389369 0.658427
endloop
endfacet
facet normal 0.844808 -0.256187 0.469753
outer loop
vertex 0.645307 1.390988 0.719134
vertex 0.640774 1.391890 0.727778
vertex 0.638409 1.384091 0.727778
endloop
endfacet
facet normal 0.844830 -0.256386 0.469604
outer loop
vertex 0.645307 1.390988 0.719134
vertex 0.638409 1.384091 0.727778
vertex 0.642677 1.382322 0.719134
endloop
endfacet
facet normal 0.452812 -0.137356 -0.880962
outer loop
vertex 0.618766 1.396267 0.653806
vertex 0.627245 1.394581 0.658427
vertex 0.625664 1.389369 0.658427
endloop
endfacet
facet normal 0.452810 -0.137358 -0.880963
outer loop
vertex 0.618766 1.396267 0.653806
vertex 0.625664 1.389369 0.658427
vertex 0.617677 1.392677 0.653806
endloop
endfacet
facet normal 0.916092 -0.278012 0.288938
outer loop
vertex 0.648097 1.390433 0.709754
vertex 0.645307 1.390988 0.719134
vertex 0.642677 1.382322 0.719134
endloop
endfacet
facet normal 0.916094 -0.277857 0.289080
outer loop
vertex 0.648097 1.390433 0.709754
vertex 0.642677 1.382322 0.719134
vertex 0.645307 1.381234 0.709754
endloop
endfacet
facet normal 0.279112 -0.084644 -0.956521
outer loop
vertex 0.609567 1.398097 0.650960
vertex 0.618766 1.396267 0.653806
vertex 0.617677 1.392677 0.653806
endloop
endfacet
facet normal 0.279087 -0.084664 -0.956526
outer loop
vertex 0.609567 1.398097 0.650960
vertex 0.617677 1.392677 0.653806
vertex 0.609012 1.396267 0.650960
endloop
endfacet
facet normal 0.952392 -0.288855 0.097536
outer loop
vertex 0.649039 1.390245 0.700000
vertex 0.648097 1.390433 0.709754
vertex 0.645307 1.381234 0.709754
endloop
endfacet
facet normal 0.952381 -0.288899 0.097511
outer loop
vertex 0.649039 1.390245 0.700000
vertex 0.645307 1.381234 0.709754
vertex 0.646194 1.380866 0.700000
endloop
endfacet
facet normal 0.094252 -0.028593 0.995138
outer loop
vertex 0.609567 1.398097 0.749039
vertex 0.600000 1.400000 0.750000
vertex 0.609012 1.396267 0.749039
endloop
endfacet
facet normal 0.094176 -0.028561 -0.995146
outer loop
vertex 0.600000 1.400000 0.650000
vertex 0.609567 1.398097 0.650960
vertex 0.609012 1.396267 0.650960
endloop
endfacet
facet normal 0.952376 -0.288908 -0.097527
outer loop
vertex 0.648097 1.390433 0.690245
vertex 0.649039 1.390245 0.700000
vertex 0.646194 1.380866 0.700000
endloop
endfacet
facet normal 0.952395 -0.288855 -0.097503
outer loop
vertex 0.648097 1.390433 0.690245
vertex 0.646194 1.380866 0.700000
vertex 0.645307 1.381234 0.690245
endloop
endfacet
facet normal 0.279037 -0.084631 0.956544
outer loop
vertex 0.618766 1.396267 0.746194
vertex 0.609567 1.398097 0.749039
vertex 0.609012 1.396267 0.749039
endloop
endfacet
facet normal 0.279004 -0.084621 0.956554
outer loop
vertex 0.618766 1.396267 0.746194
vertex 0.609012 1.396267 0.749039
vertex 0.617677 1.392677 0.746194
endloop
endfacet
facet normal 0.916126 -0.277867 -0.288968
outer loop
vertex 0.645307 1.390988 0.680866
vertex 0.648097 1.390433 0.690245
vertex 0.645307 1.381234 0.690245
endloop
endfacet
facet normal 0.916040 -0.277997 -0.289117
outer loop
vertex 0.645307 1.390988 0.680866
vertex 0.645307 1.381234 0.690245
vertex 0.642677 1.382322 0.680866
endloop
endfacet
facet normal 0.452815 -0.137356 0.880961
outer loop
vertex 0.627245 1.394581 0.741573
vertex 0.618766 1.396267 0.746194
vertex 0.617677 1.392677 0.746194
endloop
endfacet
facet normal 0.452816 -0.137357 0.880960
outer loop
vertex 0.627245 1.394581 0.741573
vertex 0.617677 1.392677 0.746194
vertex 0.625664 1.389369 0.741573
endloop
endfacet
facet normal 0.844777 -0.256367 -0.469709
outer loop
vertex 0.640774 1.391890 0.672221
vertex 0.645307 1.390988 0.680866
vertex 0.642677 1.382322 0.680866
endloop
endfacet
facet normal 0.844904 -0.256234 -0.469554
outer loop
vertex 0.640774 1.391890 0.672221
vertex 0.642677 1.382322 0.680866
vertex 0.638409 1.384091 0.672221
endloop
endfacet
facet normal 0.608791 -0.184671 0.771538
outer loop
vertex 0.634676 1.393103 0.735356
vertex 0.627245 1.394581 0.741573
vertex 0.625664 1.389369 0.741573
endloop
endfacet
facet normal 0.608749 -0.184652 0.771575
outer loop
vertex 0.634676 1.393103 0.735356
vertex 0.625664 1.389369 0.741573
vertex 0.632664 1.386470 0.735356
endloop
endfacet
facet normal 0.741180 -0.224754 -0.632565
outer loop
vertex 0.634676 1.393103 0.664645
vertex 0.640774 1.391890 0.672221
vertex 0.638409 1.384091 0.672221
endloop
endfacet
facet normal 0.741131 -0.224809 -0.632603
outer loop
vertex 0.634676 1.393103 0.664645
vertex 0.638409 1.384091 0.672221
vertex 0.632664 1.386470 0.664645
endloop
endfacet
facet normal 0.877714 -0.469157 -0.097521
outer loop
vertex 0.645307 1.381234 0.690245
vertex 0.646194 1.380866 0.700000
vertex 0.641573 1.372221 0.700000
endloop
endfacet
facet normal 0.877671 -0.469224 -0.097581
outer loop
vertex 0.645307 1.381234 0.690245
vertex 0.641573 1.372221 0.700000
vertex 0.640774 1.372755 0.690245
endloop
endfacet
facet normal 0.257072 -0.137526 0.956557
outer loop
vertex 0.617677 1.392677 0.746194
vertex 0.609012 1.396267 0.749039
vertex 0.608110 1.394581 0.749039
endloop
endfacet
facet normal 0.257116 -0.137418 0.956560
outer loop
vertex 0.617677 1.392677 0.746194
vertex 0.608110 1.394581 0.749039
vertex 0.615909 1.389369 0.746194
endloop
endfacet
facet normal 0.844234 -0.451338 -0.289074
outer loop
vertex 0.642677 1.382322 0.680866
vertex 0.645307 1.381234 0.690245
vertex 0.640774 1.372755 0.690245
endloop
endfacet
facet normal 0.844316 -0.451246 -0.288976
outer loop
vertex 0.642677 1.382322 0.680866
vertex 0.640774 1.372755 0.690245
vertex 0.638409 1.374336 0.680866
endloop
endfacet
facet normal 0.417310 -0.223033 0.880970
outer loop
vertex 0.625664 1.389369 0.741573
vertex 0.617677 1.392677 0.746194
vertex 0.615909 1.389369 0.746194
endloop
endfacet
facet normal 0.417314 -0.223085 0.880955
outer loop
vertex 0.625664 1.389369 0.741573
vertex 0.615909 1.389369 0.746194
vertex 0.623097 1.384567 0.741573
endloop
endfacet
facet normal 0.778669 -0.416141 -0.469575
outer loop
vertex 0.638409 1.384091 0.672221
vertex 0.642677 1.382322 0.680866
vertex 0.638409 1.374336 0.680866
endloop
endfacet
facet normal 0.778627 -0.416177 -0.469613
outer loop
vertex 0.638409 1.384091 0.672221
vertex 0.638409 1.374336 0.680866
vertex 0.634567 1.376903 0.672221
endloop
endfacet
facet normal 0.561066 -0.299917 0.771527
outer loop
vertex 0.632664 1.386470 0.735356
vertex 0.625664 1.389369 0.741573
vertex 0.623097 1.384567 0.741573
endloop
endfacet
facet normal 0.561037 -0.299839 0.771579
outer loop
vertex 0.632664 1.386470 0.735356
vertex 0.623097 1.384567 0.741573
vertex 0.629397 1.380357 0.735356
endloop
endfacet
facet normal 0.683029 -0.365087 -0.632600
outer loop
vertex 0.632664 1.386470 0.664645
vertex 0.638409 1.384091 0.672221
vertex 0.634567 1.376903 0.672221
endloop
endfacet
facet normal 0.683069 -0.365048 -0.632580
outer loop
vertex 0.632664 1.386470 0.664645
vertex 0.634567 1.376903 0.672221
vertex 0.629397 1.380357 0.664645
endloop
endfacet
facet normal 0.683122 -0.365087 0.632499
outer loop
vertex 0.638409 1.384091 0.727778
vertex 0.632664 1.386470 0.735356
vertex 0.629397 1.380357 0.735356
endloop
endfacet
facet normal 0.683114 -0.365133 0.632482
outer loop
vertex 0.638409 1.384091 0.727778
vertex 0.629397 1.380357 0.735356
vertex 0.634567 1.376903 0.727778
endloop
endfacet
facet normal 0.561136 -0.299885 -0.771489
outer loop
vertex 0.625664 1.389369 0.658427
vertex 0.632664 1.386470 0.664645
vertex 0.629397 1.380357 0.664645
endloop
endfacet
facet normal 0.561071 -0.299922 -0.771522
outer loop
vertex 0.625664 1.389369 0.658427
vertex 0.629397 1.380357 0.664645
vertex 0.623097 1.384567 0.658427
endloop
endfacet
facet normal 0.778619 -0.416170 0.469634
outer loop
vertex 0.642677 1.382322 0.719134
vertex 0.638409 1.384091 0.727778
vertex 0.634567 1.376903 0.727778
endloop
endfacet
facet normal 0.778638 -0.416138 0.469629
outer loop
vertex 0.642677 1.382322 0.719134
vertex 0.634567 1.376903 0.727778
vertex 0.638409 1.374336 0.719134
endloop
endfacet
facet normal 0.417304 -0.223084 -0.880960
outer loop
vertex 0.617677 1.392677 0.653806
vertex 0.625664 1.389369 0.658427
vertex 0.623097 1.384567 0.658427
endloop
endfacet
facet normal 0.417340 -0.223036 -0.880955
outer loop
vertex 0.617677 1.392677 0.653806
vertex 0.623097 1.384567 0.658427
vertex 0.615909 1.389369 0.653806
endloop
endfacet
facet normal 0.844287 -0.451231 0.289085
outer loop
vertex 0.645307 1.381234 0.709754
vertex 0.642677 1.382322 0.719134
vertex 0.638409 1.374336 0.719134
endloop
endfacet
facet normal 0.844277 -0.451354 0.288920
outer loop
vertex 0.645307 1.381234 0.709754
vertex 0.638409 1.374336 0.719134
vertex 0.640774 1.372755 0.709754
endloop
endfacet
facet normal 0.257191 -0.137469 -0.956533
outer loop
vertex 0.609012 1.396267 0.650960
vertex 0.617677 1.392677 0.653806
vertex 0.615909 1.389369 0.653806
endloop
endfacet
facet normal 0.257102 -0.137534 -0.956547
outer loop
vertex 0.609012 1.396267 0.650960
vertex 0.615909 1.389369 0.653806
vertex 0.608110 1.394581 0.650960
endloop
endfacet
facet normal 0.877674 -0.469229 0.097530
outer loop
vertex 0.646194 1.380866 0.700000
vertex 0.645307 1.381234 0.709754
vertex 0.640774 1.372755 0.709754
endloop
endfacet
facet normal 0.877707 -0.469155 0.097591
outer loop
vertex 0.646194 1.380866 0.700000
vertex 0.640774 1.372755 0.709754
vertex 0.641573 1.372221 0.700000
endloop
endfacet
facet normal 0.086881 -0.046467 0.995134
outer loop
vertex 0.609012 1.396267 0.749039
vertex 0.600000 1.400000 0.750000
vertex 0.608110 1.394581 0.749039
endloop
endfacet
facet normal 0.086768 -0.046424 -0.995146
outer loop
vertex 0.600000 1.400000 0.650000
vertex 0.609012 1.396267 0.650960
vertex 0.608110 1.394581 0.650960
endloop
endfacet
facet normal 0.491748 -0.403639 -0.771531
outer loop
vertex 0.623097 1.384567 0.658427
vertex 0.629397 1.380357 0.664645
vertex 0.625000 1.375000 0.664645
endloop
endfacet
facet normal 0.491806 -0.403596 -0.771516
outer loop
vertex 0.623097 1.384567 0.658427
vertex 0.625000 1.375000 0.664645
vertex 0.619642 1.380357 0.658427
endloop
endfacet
facet normal 0.682458 -0.560049 0.469678
outer loop
vertex 0.638409 1.374336 0.719134
vertex 0.634567 1.376903 0.727778
vertex 0.629397 1.370603 0.727778
endloop
endfacet
facet normal 0.682464 -0.560095 0.469612
outer loop
vertex 0.638409 1.374336 0.719134
vertex 0.629397 1.370603 0.727778
vertex 0.632664 1.367336 0.719134
endloop
endfacet
facet normal 0.365803 -0.300204 -0.880946
outer loop
vertex 0.615909 1.389369 0.653806
vertex 0.623097 1.384567 0.658427
vertex 0.619642 1.380357 0.658427
endloop
endfacet
facet normal 0.365845 -0.300204 -0.880928
outer loop
vertex 0.615909 1.389369 0.653806
vertex 0.619642 1.380357 0.658427
vertex 0.613530 1.386470 0.653806
endloop
endfacet
facet normal 0.740020 -0.607354 0.288950
outer loop
vertex 0.640774 1.372755 0.709754
vertex 0.638409 1.374336 0.719134
vertex 0.632664 1.367336 0.719134
endloop
endfacet
facet normal 0.740054 -0.607288 0.289000
outer loop
vertex 0.640774 1.372755 0.709754
vertex 0.632664 1.367336 0.719134
vertex 0.634676 1.365324 0.709754
endloop
endfacet
facet normal 0.225440 -0.184992 -0.956533
outer loop
vertex 0.608110 1.394581 0.650960
vertex 0.615909 1.389369 0.653806
vertex 0.613530 1.386470 0.653806
endloop
endfacet
facet normal 0.225500 -0.184954 -0.956526
outer loop
vertex 0.608110 1.394581 0.650960
vertex 0.613530 1.386470 0.653806
vertex 0.606898 1.393103 0.650960
endloop
endfacet
facet normal 0.769354 -0.631325 0.097588
outer loop
vertex 0.641573 1.372221 0.700000
vertex 0.640774 1.372755 0.709754
vertex 0.634676 1.365324 0.709754
endloop
endfacet
facet normal 0.769341 -0.631340 0.097590
outer loop
vertex 0.641573 1.372221 0.700000
vertex 0.634676 1.365324 0.709754
vertex 0.635356 1.364645 0.700000
endloop
endfacet
facet normal 0.076169 -0.062471 0.995136
outer loop
vertex 0.608110 1.394581 0.749039
vertex 0.600000 1.400000 0.750000
vertex 0.606898 1.393103 0.749039
endloop
endfacet
facet normal 0.076111 -0.062412 -0.995144
outer loop
vertex 0.600000 1.400000 0.650000
vertex 0.608110 1.394581 0.650960
vertex 0.606898 1.393103 0.650960
endloop
endfacet
facet normal 0.769343 -0.631341 -0.097572
outer loop
vertex 0.640774 1.372755 0.690245
vertex 0.641573 1.372221 0.700000
vertex 0.635356 1.364645 0.700000
endloop
endfacet
facet normal 0.769353 -0.631328 -0.097576
outer loop
vertex 0.640774 1.372755 0.690245
vertex 0.635356 1.364645 0.700000
vertex 0.634676 1.365324 0.690245
endloop
endfacet
facet normal 0.225421 -0.184864 0.956562
outer loop
vertex 0.615909 1.389369 0.746194
vertex 0.608110 1.394581 0.749039
vertex 0.606898 1.393103 0.749039
endloop
endfacet
facet normal 0.225396 -0.184946 0.956552
outer loop
vertex 0.615909 1.389369 0.746194
vertex 0.606898 1.393103 0.749039
vertex 0.613530 1.386470 0.746194
endloop
endfacet
facet normal 0.740061 -0.607288 -0.288983
outer loop
vertex 0.638409 1.374336 0.680866
vertex 0.640774 1.372755 0.690245
vertex 0.634676 1.365324 0.690245
endloop
endfacet
facet normal 0.739997 -0.607341 -0.289037
outer loop
vertex 0.638409 1.374336 0.680866
vertex 0.634676 1.365324 0.690245
vertex 0.632664 1.367336 0.680866
endloop
endfacet
facet normal 0.365811 -0.300197 0.880945
outer loop
vertex 0.623097 1.384567 0.741573
vertex 0.615909 1.389369 0.746194
vertex 0.613530 1.386470 0.746194
endloop
endfacet
facet normal 0.365814 -0.300213 0.880938
outer loop
vertex 0.623097 1.384567 0.741573
vertex 0.613530 1.386470 0.746194
vertex 0.619642 1.380357 0.741573
endloop
endfacet
facet normal 0.682462 -0.560102 -0.469608
outer loop
vertex 0.634567 1.376903 0.672221
vertex 0.638409 1.374336 0.680866
vertex 0.632664 1.367336 0.680866
endloop
endfacet
facet normal 0.682501 -0.560071 -0.469589
outer loop
vertex 0.634567 1.376903 0.672221
vertex 0.632664 1.367336 0.680866
vertex 0.629397 1.370603 0.672221
endloop
endfacet
facet normal 0.491723 -0.403548 0.771594
outer loop
vertex 0.629397 1.380357 0.735356
vertex 0.623097 1.384567 0.741573
vertex 0.619642 1.380357 0.741573
endloop
endfacet
facet normal 0.491733 -0.403606 0.771557
outer loop
vertex 0.629397 1.380357 0.735356
vertex 0.619642 1.380357 0.741573
vertex 0.625000 1.375000 0.735356
endloop
endfacet
facet normal 0.598720 -0.491322 -0.632564
outer loop
vertex 0.629397 1.380357 0.664645
vertex 0.634567 1.376903 0.672221
vertex 0.629397 1.370603 0.672221
endloop
endfacet
facet normal 0.598633 -0.491366 -0.632612
outer loop
vertex 0.629397 1.380357 0.664645
vertex 0.629397 1.370603 0.672221
vertex 0.625000 1.375000 0.664645
endloop
endfacet
facet normal 0.598730 -0.491437 0.632465
outer loop
vertex 0.634567 1.376903 0.727778
vertex 0.629397 1.380357 0.735356
vertex 0.625000 1.375000 0.735356
endloop
endfacet
facet normal 0.598756 -0.491346 0.632511
outer loop
vertex 0.634567 1.376903 0.727778
vertex 0.625000 1.375000 0.735356
vertex 0.629397 1.370603 0.727778
endloop
endfacet
facet normal 0.184841 -0.225403 0.956571
outer loop
vertex 0.613530 1.386470 0.746194
vertex 0.606898 1.393103 0.749039
vertex 0.605419 1.391890 0.749039
endloop
endfacet
facet normal 0.184920 -0.225400 0.956556
outer loop
vertex 0.613530 1.386470 0.746194
vertex 0.605419 1.391890 0.749039
vertex 0.610630 1.384091 0.746194
endloop
endfacet
facet normal 0.607296 -0.740035 -0.289032
outer loop
vertex 0.632664 1.367336 0.680866
vertex 0.634676 1.365324 0.690245
vertex 0.627245 1.359226 0.690245
endloop
endfacet
facet normal 0.607332 -0.740020 -0.288996
outer loop
vertex 0.632664 1.367336 0.680866
vertex 0.627245 1.359226 0.690245
vertex 0.625664 1.361591 0.680866
endloop
endfacet
facet normal 0.300119 -0.365863 0.880950
outer loop
vertex 0.619642 1.380357 0.741573
vertex 0.613530 1.386470 0.746194
vertex 0.610630 1.384091 0.746194
endloop
endfacet
facet normal 0.300149 -0.365786 0.880972
outer loop
vertex 0.619642 1.380357 0.741573
vertex 0.610630 1.384091 0.746194
vertex 0.615433 1.376903 0.741573
endloop
endfacet
facet normal 0.560124 -0.682469 -0.469572
outer loop
vertex 0.629397 1.370603 0.672221
vertex 0.632664 1.367336 0.680866
vertex 0.625664 1.361591 0.680866
endloop
endfacet
facet normal 0.560060 -0.682501 -0.469602
outer loop
vertex 0.629397 1.370603 0.672221
vertex 0.625664 1.361591 0.680866
vertex 0.623097 1.365433 0.672221
endloop
endfacet
facet normal 0.403571 -0.491787 0.771541
outer loop
vertex 0.625000 1.375000 0.735356
vertex 0.619642 1.380357 0.741573
vertex 0.615433 1.376903 0.741573
endloop
endfacet
facet normal 0.403564 -0.491765 0.771559
outer loop
vertex 0.625000 1.375000 0.735356
vertex 0.615433 1.376903 0.741573
vertex 0.619642 1.370603 0.735356
endloop
endfacet
facet normal 0.491297 -0.598683 -0.632618
outer loop
vertex 0.625000 1.375000 0.664645
vertex 0.629397 1.370603 0.672221
vertex 0.623097 1.365433 0.672221
endloop
endfacet
facet normal 0.491304 -0.598677 -0.632618
outer loop
vertex 0.625000 1.375000 0.664645
vertex 0.623097 1.365433 0.672221
vertex 0.619642 1.370603 0.664645
endloop
endfacet
facet normal 0.491350 -0.598739 0.632524
outer loop
vertex 0.629397 1.370603 0.727778
vertex 0.625000 1.375000 0.735356
vertex 0.619642 1.370603 0.735356
endloop
endfacet
facet normal 0.491350 -0.598742 0.632521
outer loop
vertex 0.629397 1.370603 0.727778
vertex 0.619642 1.370603 0.735356
vertex 0.623097 1.365433 0.727778
endloop
endfacet
facet normal 0.403615 -0.491819 -0.771498
outer loop
vertex 0.619642 1.380357 0.658427
vertex 0.625000 1.375000 0.664645
vertex 0.619642 1.370603 0.664645
endloop
endfacet
facet normal 0.403587 -0.491830 -0.771505
outer loop
vertex 0.619642 1.380357 0.658427
vertex 0.619642 1.370603 0.664645
vertex 0.615433 1.376903 0.658427
endloop
endfacet
facet normal 0.560065 -0.682496 0.469603
outer loop
vertex 0.632664 1.367336 0.719134
vertex 0.629397 1.370603 0.727778
vertex 0.623097 1.365433 0.727778
endloop
endfacet
facet normal 0.560098 -0.682447 0.469634
outer loop
vertex 0.632664 1.367336 0.719134
vertex 0.623097 1.365433 0.727778
vertex 0.625664 1.361591 0.719134
endloop
endfacet
facet normal 0.300172 -0.365794 -0.880960
outer loop
vertex 0.613530 1.386470 0.653806
vertex 0.619642 1.380357 0.658427
vertex 0.615433 1.376903 0.658427
endloop
endfacet
facet normal 0.300103 -0.365849 -0.880961
outer loop
vertex 0.613530 1.386470 0.653806
vertex 0.615433 1.376903 0.658427
vertex 0.610630 1.384091 0.653806
endloop
endfacet
facet normal 0.607329 -0.740011 0.289023
outer loop
vertex 0.634676 1.365324 0.709754
vertex 0.632664 1.367336 0.719134
vertex 0.625664 1.361591 0.719134
endloop
endfacet
facet normal 0.607309 -0.740060 0.288942
outer loop
vertex 0.634676 1.365324 0.709754
vertex 0.625664 1.361591 0.719134
vertex 0.627245 1.359226 0.709754
endloop
endfacet
facet normal 0.184971 -0.225464 -0.956531
outer loop
vertex 0.606898 1.393103 0.650960
vertex 0.613530 1.386470 0.653806
vertex 0.610630 1.384091 0.653806
endloop
endfacet
facet normal 0.184884 -0.225468 -0.956547
outer loop
vertex 0.606898 1.393103 0.650960
vertex 0.610630 1.384091 0.653806
vertex 0.605419 1.391890 0.650960
endloop
endfacet
facet normal 0.631337 -0.769346 0.097568
outer loop
vertex 0.635356 1.364645 0.700000
vertex 0.634676 1.365324 0.709754
vertex 0.627245 1.359226 0.709754
endloop
endfacet
facet normal 0.631298 -0.769384 0.097521
outer loop
vertex 0.635356 1.364645 0.700000
vertex 0.627245 1.359226 0.709754
vertex 0.627778 1.358427 0.700000
endloop
endfacet
facet normal 0.062449 -0.076183 0.995136
outer loop
vertex 0.606898 1.393103 0.749039
vertex 0.600000 1.400000 0.750000
vertex 0.605419 1.391890 0.749039
endloop
endfacet
facet normal 0.062382 -0.076104 -0.995146
outer loop
vertex 0.600000 1.400000 0.650000
vertex 0.606898 1.393103 0.650960
vertex 0.605419 1.391890 0.650960
endloop
endfacet
facet normal 0.631295 -0.769381 -0.097570
outer loop
vertex 0.634676 1.365324 0.690245
vertex 0.635356 1.364645 0.700000
vertex 0.627778 1.358427 0.700000
endloop
endfacet
facet normal 0.631344 -0.769350 -0.097498
outer loop
vertex 0.634676 1.365324 0.690245
vertex 0.627778 1.358427 0.700000
vertex 0.627245 1.359226 0.690245
endloop
endfacet
facet normal 0.416169 -0.778595 0.469673
outer loop
vertex 0.625664 1.361591 0.719134
vertex 0.623097 1.365433 0.727778
vertex 0.615909 1.361591 0.727778
endloop
endfacet
facet normal 0.416102 -0.778685 0.469584
outer loop
vertex 0.625664 1.361591 0.719134
vertex 0.615909 1.361591 0.727778
vertex 0.617677 1.357323 0.719134
endloop
endfacet
facet normal 0.223047 -0.417315 -0.880965
outer loop
vertex 0.610630 1.384091 0.653806
vertex 0.615433 1.376903 0.658427
vertex 0.610630 1.374336 0.658427
endloop
endfacet
facet normal 0.223176 -0.417317 -0.880931
outer loop
vertex 0.610630 1.384091 0.653806
vertex 0.610630 1.374336 0.658427
vertex 0.607322 1.382322 0.653806
endloop
endfacet
facet normal 0.451190 -0.844356 0.288947
outer loop
vertex 0.627245 1.359226 0.709754
vertex 0.625664 1.361591 0.719134
vertex 0.617677 1.357323 0.719134
endloop
endfacet
facet normal 0.451336 -0.844226 0.289101
outer loop
vertex 0.627245 1.359226 0.709754
vertex 0.617677 1.357323 0.719134
vertex 0.618766 1.354693 0.709754
endloop
endfacet
facet normal 0.137530 -0.257164 -0.956531
outer loop
vertex 0.605419 1.391890 0.650960
vertex 0.610630 1.384091 0.653806
vertex 0.607322 1.382322 0.653806
endloop
endfacet
facet normal 0.137553 -0.257151 -0.956532
outer loop
vertex 0.605419 1.391890 0.650960
vertex 0.607322 1.382322 0.653806
vertex 0.603733 1.390988 0.650960
endloop
endfacet
facet normal 0.469217 -0.877678 0.097552
outer loop
vertex 0.627778 1.358427 0.700000
vertex 0.627245 1.359226 0.709754
vertex 0.618766 1.354693 0.709754
endloop
endfacet
facet normal 0.469208 -0.877689 0.097496
outer loop
vertex 0.627778 1.358427 0.700000
vertex 0.618766 1.354693 0.709754
vertex 0.619134 1.353806 0.700000
endloop
endfacet
facet normal 0.046482 -0.086860 0.995136
outer loop
vertex 0.605419 1.391890 0.749039
vertex 0.600000 1.400000 0.750000
vertex 0.603733 1.390988 0.749039
endloop
endfacet
facet normal 0.046457 -0.086779 -0.995144
outer loop
vertex 0.600000 1.400000 0.650000
vertex 0.605419 1.391890 0.650960
vertex 0.603733 1.390988 0.650960
endloop
endfacet
facet normal 0.469205 -0.877688 -0.097521
outer loop
vertex 0.627245 1.359226 0.690245
vertex 0.627778 1.358427 0.700000
vertex 0.619134 1.353806 0.700000
endloop
endfacet
facet normal 0.469216 -0.877684 -0.097505
outer loop
vertex 0.627245 1.359226 0.690245
vertex 0.619134 1.353806 0.700000
vertex 0.618766 1.354693 0.690245
endloop
endfacet
facet normal 0.137526 -0.257058 0.956560
outer loop
vertex 0.610630 1.384091 0.746194
vertex 0.605419 1.391890 0.749039
vertex 0.603733 1.390988 0.749039
endloop
endfacet
facet normal 0.137483 -0.257094 0.956557
outer loop
vertex 0.610630 1.384091 0.746194
vertex 0.603733 1.390988 0.749039
vertex 0.607322 1.382322 0.746194
endloop
endfacet
facet normal 0.451353 -0.844262 -0.288968
outer loop
vertex 0.625664 1.361591 0.680866
vertex 0.627245 1.359226 0.690245
vertex 0.618766 1.354693 0.690245
endloop
endfacet
facet normal 0.451159 -0.844312 -0.289125
outer loop
vertex 0.625664 1.361591 0.680866
vertex 0.618766 1.354693 0.690245
vertex 0.617677 1.357323 0.680866
endloop
endfacet
facet normal 0.223137 -0.417231 0.880981
outer loop
vertex 0.615433 1.376903 0.741573
vertex 0.610630 1.384091 0.746194
vertex 0.607322 1.382322 0.746194
endloop
endfacet
facet normal 0.223082 -0.417373 0.880928
outer loop
vertex 0.615433 1.376903 0.741573
vertex 0.607322 1.382322 0.746194
vertex 0.610630 1.374336 0.741573
endloop
endfacet
facet normal 0.416102 -0.778670 -0.469609
outer loop
vertex 0.623097 1.365433 0.672221
vertex 0.625664 1.361591 0.680866
vertex 0.617677 1.357323 0.680866
endloop
endfacet
facet normal 0.416192 -0.778655 -0.469554
outer loop
vertex 0.623097 1.365433 0.672221
vertex 0.617677 1.357323 0.680866
vertex 0.615909 1.361591 0.672221
endloop
endfacet
facet normal 0.299861 -0.561041 0.771567
outer loop
vertex 0.619642 1.370603 0.735356
vertex 0.615433 1.376903 0.741573
vertex 0.610630 1.374336 0.741573
endloop
endfacet
facet normal 0.299872 -0.561030 0.771571
outer loop
vertex 0.619642 1.370603 0.735356
vertex 0.610630 1.374336 0.741573
vertex 0.613530 1.367336 0.735356
endloop
endfacet
facet normal 0.365093 -0.683039 -0.632586
outer loop
vertex 0.619642 1.370603 0.664645
vertex 0.623097 1.365433 0.672221
vertex 0.615909 1.361591 0.672221
endloop
endfacet
facet normal 0.365095 -0.683042 -0.632582
outer loop
vertex 0.619642 1.370603 0.664645
vertex 0.615909 1.361591 0.672221
vertex 0.613530 1.367336 0.664645
endloop
endfacet
facet normal 0.365132 -0.683107 0.632490
outer loop
vertex 0.623097 1.365433 0.727778
vertex 0.619642 1.370603 0.735356
vertex 0.613530 1.367336 0.735356
endloop
endfacet
facet normal 0.365117 -0.683118 0.632487
outer loop
vertex 0.623097 1.365433 0.727778
vertex 0.613530 1.367336 0.735356
vertex 0.615909 1.361591 0.727778
endloop
endfacet
facet normal 0.299903 -0.561073 -0.771528
outer loop
vertex 0.615433 1.376903 0.658427
vertex 0.619642 1.370603 0.664645
vertex 0.613530 1.367336 0.664645
endloop
endfacet
facet normal 0.299883 -0.561098 -0.771518
outer loop
vertex 0.615433 1.376903 0.658427
vertex 0.613530 1.367336 0.664645
vertex 0.610630 1.374336 0.658427
endloop
endfacet
facet normal 0.277852 -0.916069 -0.289165
outer loop
vertex 0.617677 1.357323 0.680866
vertex 0.618766 1.354693 0.690245
vertex 0.609567 1.351903 0.690245
endloop
endfacet
facet normal 0.278041 -0.916076 -0.288959
outer loop
vertex 0.617677 1.357323 0.680866
vertex 0.609567 1.351903 0.690245
vertex 0.609012 1.354693 0.680866
endloop
endfacet
facet normal 0.137254 -0.452851 0.880958
outer loop
vertex 0.610630 1.374336 0.741573
vertex 0.607322 1.382322 0.746194
vertex 0.603733 1.381234 0.746194
endloop
endfacet
facet normal 0.137374 -0.452831 0.880950
outer loop
vertex 0.610630 1.374336 0.741573
vertex 0.603733 1.381234 0.746194
vertex 0.605419 1.372755 0.741573
endloop
endfacet
facet normal 0.256427 -0.844855 -0.469537
outer loop
vertex 0.615909 1.361591 0.672221
vertex 0.617677 1.357323 0.680866
vertex 0.609012 1.354693 0.680866
endloop
endfacet
facet normal 0.256190 -0.844823 -0.469724
outer loop
vertex 0.615909 1.361591 0.672221
vertex 0.609012 1.354693 0.680866
vertex 0.608110 1.359226 0.672221
endloop
endfacet
facet normal 0.184690 -0.608743 0.771571
outer loop
vertex 0.613530 1.367336 0.735356
vertex 0.610630 1.374336 0.741573
vertex 0.605419 1.372755 0.741573
endloop
endfacet
facet normal 0.184692 -0.608754 0.771562
outer loop
vertex 0.613530 1.367336 0.735356
vertex 0.605419 1.372755 0.741573
vertex 0.606898 1.365324 0.735356
endloop
endfacet
facet normal 0.224748 -0.741152 -0.632600
outer loop
vertex 0.613530 1.367336 0.664645
vertex 0.615909 1.361591 0.672221
vertex 0.608110 1.359226 0.672221
endloop
endfacet
facet normal 0.224853 -0.741176 -0.632534
outer loop
vertex 0.613530 1.367336 0.664645
vertex 0.608110 1.359226 0.672221
vertex 0.606898 1.365324 0.664645
endloop
endfacet
facet normal 0.224856 -0.741183 0.632525
outer loop
vertex 0.615909 1.361591 0.727778
vertex 0.613530 1.367336 0.735356
vertex 0.606898 1.365324 0.735356
endloop
endfacet
facet normal 0.224781 -0.741276 0.632442
outer loop
vertex 0.615909 1.361591 0.727778
vertex 0.606898 1.365324 0.735356
vertex 0.608110 1.359226 0.727778
endloop
endfacet
facet normal 0.184711 -0.608809 -0.771514
outer loop
vertex 0.610630 1.374336 0.658427
vertex 0.613530 1.367336 0.664645
vertex 0.606898 1.365324 0.664645
endloop
endfacet
facet normal 0.184697 -0.608818 -0.771510
outer loop
vertex 0.610630 1.374336 0.658427
vertex 0.606898 1.365324 0.664645
vertex 0.605419 1.372755 0.658427
endloop
endfacet
facet normal 0.256205 -0.844896 0.469585
outer loop
vertex 0.617677 1.357323 0.719134
vertex 0.615909 1.361591 0.727778
vertex 0.608110 1.359226 0.727778
endloop
endfacet
facet normal 0.256402 -0.844753 0.469735
outer loop
vertex 0.617677 1.357323 0.719134
vertex 0.608110 1.359226 0.727778
vertex 0.609012 1.354693 0.719134
endloop
endfacet
facet normal 0.137384 -0.452838 -0.880945
outer loop
vertex 0.607322 1.382322 0.653806
vertex 0.610630 1.374336 0.658427
vertex 0.605419 1.372755 0.658427
endloop
endfacet
facet normal 0.137260 -0.452845 -0.880961
outer loop
vertex 0.607322 1.382322 0.653806
vertex 0.605419 1.372755 0.658427
vertex 0.603733 1.381234 0.653806
endloop
endfacet
facet normal 0.278031 -0.916032 0.289110
outer loop
vertex 0.618766 1.354693 0.709754
vertex 0.617677 1.357323 0.719134
vertex 0.609012 1.354693 0.719134
endloop
endfacet
facet normal 0.277862 -0.916128 0.288967
outer loop
vertex 0.618766 1.354693 0.709754
vertex 0.609012 1.354693 0.719134
vertex 0.609567 1.351903 0.709754
endloop
endfacet
facet normal 0.084591 -0.279098 -0.956529
outer loop
vertex 0.603733 1.390988 0.650960
vertex 0.607322 1.382322 0.653806
vertex 0.603733 1.381234 0.653806
endloop
endfacet
facet normal 0.084643 -0.279083 -0.956529
outer loop
vertex 0.603733 1.390988 0.650960
vertex 0.603733 1.381234 0.653806
vertex 0.601903 1.390433 0.650960
endloop
endfacet
facet normal 0.288867 -0.952391 0.097510
outer loop
vertex 0.619134 1.353806 0.700000
vertex 0.618766 1.354693 0.709754
vertex 0.609567 1.351903 0.709754
endloop
endfacet
facet normal 0.288954 -0.952355 0.097596
outer loop
vertex 0.619134 1.353806 0.700000
vertex 0.609567 1.351903 0.709754
vertex 0.609754 1.350960 0.700000
endloop
endfacet
facet normal 0.028557 -0.094272 0.995137
outer loop
vertex 0.603733 1.390988 0.749039
vertex 0.600000 1.400000 0.750000
vertex 0.601903 1.390433 0.749039
endloop
endfacet
facet normal 0.028542 -0.094179 -0.995146
outer loop
vertex 0.600000 1.400000 0.650000
vertex 0.603733 1.390988 0.650960
vertex 0.601903 1.390433 0.650960
endloop
endfacet
facet normal 0.288959 -0.952362 -0.097515
outer loop
vertex 0.618766 1.354693 0.690245
vertex 0.619134 1.353806 0.700000
vertex 0.609754 1.350960 0.700000
endloop
endfacet
facet normal 0.288860 -0.952386 -0.097574
outer loop
vertex 0.618766 1.354693 0.690245
vertex 0.609754 1.350960 0.700000
vertex 0.609567 1.351903 0.690245
endloop
endfacet
facet normal 0.084620 -0.278990 0.956558
outer loop
vertex 0.607322 1.382322 0.746194
vertex 0.603733 1.390988 0.749039
vertex 0.601903 1.390433 0.749039
endloop
endfacet
facet normal 0.084593 -0.279011 0.956555
outer loop
vertex 0.607322 1.382322 0.746194
vertex 0.601903 1.390433 0.749039
vertex 0.603733 1.381234 0.746194
endloop
endfacet
facet normal 0.046405 -0.470888 -0.880971
outer loop
vertex 0.603733 1.381234 0.653806
vertex 0.605419 1.372755 0.658427
vertex 0.600000 1.372221 0.658427
endloop
endfacet
facet normal 0.046423 -0.470891 -0.880969
outer loop
vertex 0.603733 1.381234 0.653806
vertex 0.600000 1.372221 0.658427
vertex 0.600000 1.380866 0.653806
endloop
endfacet
facet normal 0.093779 -0.952745 0.288933
outer loop
vertex 0.609567 1.351903 0.709754
vertex 0.609012 1.354693 0.719134
vertex 0.600000 1.353806 0.719134
endloop
endfacet
facet normal 0.093894 -0.952694 0.289063
outer loop
vertex 0.609567 1.351903 0.709754
vertex 0.600000 1.353806 0.719134
vertex 0.600000 1.350960 0.709754
endloop
endfacet
facet normal 0.028614 -0.290248 -0.956524
outer loop
vertex 0.601903 1.390433 0.650960
vertex 0.603733 1.381234 0.653806
vertex 0.600000 1.380866 0.653806
endloop
endfacet
facet normal 0.028699 -0.290246 -0.956522
outer loop
vertex 0.601903 1.390433 0.650960
vertex 0.600000 1.380866 0.653806
vertex 0.600000 1.390245 0.650960
endloop
endfacet
facet normal 0.097619 -0.990426 0.097601
outer loop
vertex 0.609754 1.350960 0.700000
vertex 0.609567 1.351903 0.709754
vertex 0.600000 1.350960 0.709754
endloop
endfacet
facet normal 0.097481 -0.990452 0.097478
outer loop
vertex 0.609754 1.350960 0.700000
vertex 0.600000 1.350960 0.709754
vertex 0.600000 1.350000 0.700000
endloop
endfacet
facet normal 0.009686 -0.098035 0.995136
outer loop
vertex 0.601903 1.390433 0.749039
vertex 0.600000 1.400000 0.750000
vertex 0.600000 1.390245 0.749039
endloop
endfacet
facet normal 0.009704 -0.097942 -0.995145
outer loop
vertex 0.600000 1.400000 0.650000
vertex 0.601903 1.390433 0.650960
vertex 0.600000 1.390245 0.650960
endloop
endfacet
facet normal 0.097481 -0.990442 -0.097584
outer loop
vertex 0.609567 1.351903 0.690245
vertex 0.609754 1.350960 0.700000
vertex 0.600000 1.350000 0.700000
endloop
endfacet
facet normal 0.097619 -0.990439 -0.097473
outer loop
vertex 0.609567 1.351903 0.690245
vertex 0.600000 1.350000 0.700000
vertex 0.600000 1.350960 0.690245
endloop
endfacet
facet normal 0.028651 -0.290159 0.956549
outer loop
vertex 0.603733 1.381234 0.746194
vertex 0.601903 1.390433 0.749039
vertex 0.600000 1.390245 0.749039
endloop
endfacet
facet normal 0.028600 -0.290155 0.956552
outer loop
vertex 0.603733 1.381234 0.746194
vertex 0.600000 1.390245 0.749039
vertex 0.600000 1.380866 0.746194
endloop
endfacet
facet normal 0.093902 -0.952717 -0.288984
outer loop
vertex 0.609012 1.354693 0.680866
vertex 0.609567 1.351903 0.690245
vertex 0.600000 1.350960 0.690245
endloop
endfacet
facet normal 0.093773 -0.952702 -0.289077
outer loop
vertex 0.609012 1.354693 0.680866
vertex 0.600000 1.350960 0.690245
vertex 0.600000 1.353806 0.680866
endloop
endfacet
facet normal 0.046428 -0.470880 0.880975
outer loop
vertex 0.605419 1.372755 0.741573
vertex 0.603733 1.381234 0.746194
vertex 0.600000 1.380866 0.746194
endloop
endfacet
facet normal 0.046410 -0.470895 0.880967
outer loop
vertex 0.605419 1.372755 0.741573
vertex 0.600000 1.380866 0.746194
vertex 0.600000 1.372221 0.741573
endloop
endfacet
facet normal 0.086476 -0.878574 -0.469713
outer loop
vertex 0.608110 1.359226 0.672221
vertex 0.609012 1.354693 0.680866
vertex 0.600000 1.353806 0.680866
endloop
endfacet
facet normal 0.086558 -0.878604 -0.469641
outer loop
vertex 0.608110 1.359226 0.672221
vertex 0.600000 1.353806 0.680866
vertex 0.600000 1.358427 0.672221
endloop
endfacet
facet normal 0.062395 -0.633090 0.771560
outer loop
vertex 0.606898 1.365324 0.735356
vertex 0.605419 1.372755 0.741573
vertex 0.600000 1.372221 0.741573
endloop
endfacet
facet normal 0.062328 -0.633136 0.771527
outer loop
vertex 0.606898 1.365324 0.735356
vertex 0.600000 1.372221 0.741573
vertex 0.600000 1.364645 0.735356
endloop
endfacet
facet normal 0.075938 -0.770777 -0.632563
outer loop
vertex 0.606898 1.365324 0.664645
vertex 0.608110 1.359226 0.672221
vertex 0.600000 1.358427 0.672221
endloop
endfacet
facet normal 0.075878 -0.770755 -0.632598
outer loop
vertex 0.606898 1.365324 0.664645
vertex 0.600000 1.358427 0.672221
vertex 0.600000 1.364645 0.664645
endloop
endfacet
facet normal 0.075888 -0.770858 0.632470
outer loop
vertex 0.608110 1.359226 0.727778
vertex 0.606898 1.365324 0.735356
vertex 0.600000 1.364645 0.735356
endloop
endfacet
facet normal 0.075939 -0.770839 0.632487
outer loop
vertex 0.608110 1.359226 0.727778
vertex 0.600000 1.364645 0.735356
vertex 0.600000 1.358427 0.727778
endloop
endfacet
facet normal 0.062326 -0.633153 -0.771513
outer loop
vertex 0.605419 1.372755 0.658427
vertex 0.606898 1.365324 0.664645
vertex 0.600000 1.364645 0.664645
endloop
endfacet
facet normal 0.062409 -0.633200 -0.771468
outer loop
vertex 0.605419 1.372755 0.658427
vertex 0.600000 1.364645 0.664645
vertex 0.600000 1.372221 0.658427
endloop
endfacet
facet normal 0.086543 -0.878536 0.469771
outer loop
vertex 0.609012 1.354693 0.719134
vertex 0.608110 1.359226 0.727778
vertex 0.600000 1.358427 0.727778
endloop
endfacet
facet normal 0.086479 -0.878594 0.469674
outer loop
vertex 0.609012 1.354693 0.719134
vertex 0.600000 1.358427 0.727778
vertex 0.600000 1.353806 0.719134
endloop
endfacet
facet normal -0.086479 -0.878609 -0.469647
outer loop
vertex 0.600000 1.358427 0.672221
vertex 0.600000 1.353806 0.680866
vertex 0.590988 1.354693 0.680866
endloop
endfacet
facet normal -0.086553 -0.878563 -0.469718
outer loop
vertex 0.600000 1.358427 0.672221
vertex 0.590988 1.354693 0.680866
vertex 0.591890 1.359226 0.672221
endloop
endfacet
facet normal -0.062399 -0.633138 0.771520
outer loop
vertex 0.600000 1.364645 0.735356
vertex 0.600000 1.372221 0.741573
vertex 0.594581 1.372755 0.741573
endloop
endfacet
facet normal -0.062333 -0.633099 0.771557
outer loop
vertex 0.600000 1.364645 0.735356
vertex 0.594581 1.372755 0.741573
vertex 0.593103 1.365324 0.735356
endloop
endfacet
facet normal -0.075929 -0.770760 -0.632585
outer loop
vertex 0.600000 1.364645 0.664645
vertex 0.600000 1.358427 0.672221
vertex 0.591890 1.359226 0.672221
endloop
endfacet
facet normal -0.075891 -0.770777 -0.632569
outer loop
vertex 0.600000 1.364645 0.664645
vertex 0.591890 1.359226 0.672221
vertex 0.593103 1.365324 0.664645
endloop
endfacet
facet normal -0.075881 -0.770833 0.632501
outer loop
vertex 0.600000 1.358427 0.727778
vertex 0.600000 1.364645 0.735356
vertex 0.593103 1.365324 0.735356
endloop
endfacet
facet normal -0.075953 -0.770861 0.632459
outer loop
vertex 0.600000 1.358427 0.727778
vertex 0.593103 1.365324 0.735356
vertex 0.591890 1.359226 0.727778
endloop
endfacet
facet normal -0.062338 -0.633198 -0.771476
outer loop
vertex 0.600000 1.372221 0.658427
vertex 0.600000 1.364645 0.664645
vertex 0.593103 1.365324 0.664645
endloop
endfacet
facet normal -0.062405 -0.633148 -0.771511
outer loop
vertex 0.600000 1.372221 0.658427
vertex 0.593103 1.365324 0.664645
vertex 0.594581 1.372755 0.658427
endloop
endfacet
facet normal -0.086548 -0.878584 0.469680
outer loop
vertex 0.600000 1.353806 0.719134
vertex 0.600000 1.358427 0.727778
vertex 0.591890 1.359226 0.727778
endloop
endfacet
facet normal -0.086474 -0.878549 0.469760
outer loop
vertex 0.600000 1.353806 0.719134
vertex 0.591890 1.359226 0.727778
vertex 0.590988 1.354693 0.719134
endloop
endfacet
facet normal -0.046406 -0.470896 -0.880968
outer loop
vertex 0.600000 1.380866 0.653806
vertex 0.600000 1.372221 0.658427
vertex 0.594581 1.372755 0.658427
endloop
endfacet
facet normal -0.046421 -0.470885 -0.880973
outer loop
vertex 0.600000 1.380866 0.653806
vertex 0.594581 1.372755 0.658427
vertex 0.596267 1.381234 0.653806
endloop
endfacet
facet normal -0.093774 -0.952716 0.289032
outer loop
vertex 0.600000 1.350960 0.709754
vertex 0.600000 1.353806 0.719134
vertex 0.590988 1.354693 0.719134
endloop
endfacet
facet normal -0.093902 -0.952723 0.288967
outer loop
vertex 0.600000 1.350960 0.709754
vertex 0.590988 1.354693 0.719134
vertex 0.590433 1.351903 0.709754
endloop
endfacet
facet normal -0.028614 -0.290254 -0.956522
outer loop
vertex 0.600000 1.390245 0.650960
vertex 0.600000 1.380866 0.653806
vertex 0.596267 1.381234 0.653806
endloop
endfacet
facet normal -0.028698 -0.290220 -0.956529
outer loop
vertex 0.600000 1.390245 0.650960
vertex 0.596267 1.381234 0.653806
vertex 0.598097 1.390433 0.650960
endloop
endfacet
facet normal -0.097619 -0.990438 0.097484
outer loop
vertex 0.600000 1.350000 0.700000
vertex 0.600000 1.350960 0.709754
vertex 0.590433 1.351903 0.709754
endloop
endfacet
facet normal -0.097470 -0.990440 0.097613
outer loop
vertex 0.600000 1.350000 0.700000
vertex 0.590433 1.351903 0.709754
vertex 0.590245 1.350960 0.700000
endloop
endfacet
facet normal -0.009686 -0.098041 0.995135
outer loop
vertex 0.600000 1.390245 0.749039
vertex 0.600000 1.400000 0.750000
vertex 0.598097 1.390433 0.749039
endloop
endfacet
facet normal -0.009704 -0.097942 -0.995145
outer loop
vertex 0.600000 1.400000 0.650000
vertex 0.600000 1.390245 0.650960
vertex 0.598097 1.390433 0.650960
endloop
endfacet
facet normal -0.097471 -0.990455 -0.097458
outer loop
vertex 0.600000 1.350960 0.690245
vertex 0.600000 1.350000 0.700000
vertex 0.590245 1.350960 0.700000
endloop
endfacet
facet normal -0.097619 -0.990424 -0.097622
outer loop
vertex 0.600000 1.350960 0.690245
vertex 0.590245 1.350960 0.700000
vertex 0.590433 1.351903 0.690245
endloop
endfacet
facet normal -0.028651 -0.290166 0.956547
outer loop
vertex 0.600000 1.380866 0.746194
vertex 0.600000 1.390245 0.749039
vertex 0.598097 1.390433 0.749039
endloop
endfacet
facet normal -0.028599 -0.290148 0.956554
outer loop
vertex 0.600000 1.380866 0.746194
vertex 0.598097 1.390433 0.749039
vertex 0.596267 1.381234 0.746194
endloop
endfacet
facet normal -0.093898 -0.952686 -0.289091
outer loop
vertex 0.600000 1.353806 0.680866
vertex 0.600000 1.350960 0.690245
vertex 0.590433 1.351903 0.690245
endloop
endfacet
facet normal -0.093777 -0.952738 -0.288956
outer loop
vertex 0.600000 1.353806 0.680866
vertex 0.590433 1.351903 0.690245
vertex 0.590988 1.354693 0.680866
endloop
endfacet
facet normal -0.046403 -0.470891 0.880970
outer loop
vertex 0.600000 1.372221 0.741573
vertex 0.600000 1.380866 0.746194
vertex 0.596267 1.381234 0.746194
endloop
endfacet
facet normal -0.046427 -0.470891 0.880969
outer loop
vertex 0.600000 1.372221 0.741573
vertex 0.596267 1.381234 0.746194
vertex 0.594581 1.372755 0.741573
endloop
endfacet
facet normal -0.084571 -0.279113 -0.956527
outer loop
vertex 0.598097 1.390433 0.650960
vertex 0.596267 1.381234 0.653806
vertex 0.592677 1.382322 0.653806
endloop
endfacet
facet normal -0.084635 -0.279057 -0.956538
outer loop
vertex 0.598097 1.390433 0.650960
vertex 0.592677 1.382322 0.653806
vertex 0.596267 1.390988 0.650960
endloop
endfacet
facet normal -0.288857 -0.952384 0.097607
outer loop
vertex 0.590245 1.350960 0.700000
vertex 0.590433 1.351903 0.709754
vertex 0.581234 1.354693 0.709754
endloop
endfacet
facet normal -0.288994 -0.952351 0.097523
outer loop
vertex 0.590245 1.350960 0.700000
vertex 0.581234 1.354693 0.709754
vertex 0.580866 1.353806 0.700000
endloop
endfacet
facet normal -0.028557 -0.094275 0.995136
outer loop
vertex 0.598097 1.390433 0.749039
vertex 0.600000 1.400000 0.750000
vertex 0.596267 1.390988 0.749039
endloop
endfacet
facet normal -0.028541 -0.094174 -0.995147
outer loop
vertex 0.600000 1.400000 0.650000
vertex 0.598097 1.390433 0.650960
vertex 0.596267 1.390988 0.650960
endloop
endfacet
facet normal -0.288978 -0.952345 -0.097620
outer loop
vertex 0.590433 1.351903 0.690245
vertex 0.590245 1.350960 0.700000
vertex 0.580866 1.353806 0.700000
endloop
endfacet
facet normal -0.288867 -0.952393 -0.097487
outer loop
vertex 0.590433 1.351903 0.690245
vertex 0.580866 1.353806 0.700000
vertex 0.581234 1.354693 0.690245
endloop
endfacet
facet normal -0.084621 -0.279008 0.956553
outer loop
vertex 0.596267 1.381234 0.746194
vertex 0.598097 1.390433 0.749039
vertex 0.596267 1.390988 0.749039
endloop
endfacet
facet normal -0.084568 -0.279013 0.956556
outer loop
vertex 0.596267 1.381234 0.746194
vertex 0.596267 1.390988 0.749039
vertex 0.592677 1.382322 0.746194
endloop
endfacet
facet normal -0.277866 -0.916122 -0.288981
outer loop
vertex 0.590988 1.354693 0.680866
vertex 0.590433 1.351903 0.690245
vertex 0.581234 1.354693 0.690245
endloop
endfacet
facet normal -0.278005 -0.916040 -0.289110
outer loop
vertex 0.590988 1.354693 0.680866
vertex 0.581234 1.354693 0.690245
vertex 0.582322 1.357323 0.680866
endloop
endfacet
facet normal -0.137209 -0.452830 0.880976
outer loop
vertex 0.594581 1.372755 0.741573
vertex 0.596267 1.381234 0.746194
vertex 0.592677 1.382322 0.746194
endloop
endfacet
facet normal -0.137358 -0.452865 0.880935
outer loop
vertex 0.594581 1.372755 0.741573
vertex 0.592677 1.382322 0.746194
vertex 0.589369 1.374336 0.741573
endloop
endfacet
facet normal -0.256376 -0.844780 -0.469700
outer loop
vertex 0.591890 1.359226 0.672221
vertex 0.590988 1.354693 0.680866
vertex 0.582322 1.357323 0.680866
endloop
endfacet
facet normal -0.256212 -0.844893 -0.469586
outer loop
vertex 0.591890 1.359226 0.672221
vertex 0.582322 1.357323 0.680866
vertex 0.584091 1.361591 0.672221
endloop
endfacet
facet normal -0.184657 -0.608768 0.771559
outer loop
vertex 0.593103 1.365324 0.735356
vertex 0.594581 1.372755 0.741573
vertex 0.589369 1.374336 0.741573
endloop
endfacet
facet normal -0.184673 -0.608773 0.771551
outer loop
vertex 0.593103 1.365324 0.735356
vertex 0.589369 1.374336 0.741573
vertex 0.586470 1.367336 0.735356
endloop
endfacet
facet normal -0.224756 -0.741190 -0.632552
outer loop
vertex 0.593103 1.365324 0.664645
vertex 0.591890 1.359226 0.672221
vertex 0.584091 1.361591 0.672221
endloop
endfacet
facet normal -0.224810 -0.741116 -0.632619
outer loop
vertex 0.593103 1.365324 0.664645
vertex 0.584091 1.361591 0.672221
vertex 0.586470 1.367336 0.664645
endloop
endfacet
facet normal -0.224835 -0.741246 0.632458
outer loop
vertex 0.591890 1.359226 0.727778
vertex 0.593103 1.365324 0.735356
vertex 0.586470 1.367336 0.735356
endloop
endfacet
facet normal -0.224779 -0.741219 0.632509
outer loop
vertex 0.591890 1.359226 0.727778
vertex 0.586470 1.367336 0.735356
vertex 0.584091 1.361591 0.727778
endloop
endfacet
facet normal -0.184675 -0.608836 -0.771501
outer loop
vertex 0.594581 1.372755 0.658427
vertex 0.593103 1.365324 0.664645
vertex 0.586470 1.367336 0.664645
endloop
endfacet
facet normal -0.184687 -0.608832 -0.771501
outer loop
vertex 0.594581 1.372755 0.658427
vertex 0.586470 1.367336 0.664645
vertex 0.589369 1.374336 0.658427
endloop
endfacet
facet normal -0.256185 -0.844809 0.469753
outer loop
vertex 0.590988 1.354693 0.719134
vertex 0.591890 1.359226 0.727778
vertex 0.584091 1.361591 0.727778
endloop
endfacet
facet normal -0.256390 -0.844828 0.469606
outer loop
vertex 0.590988 1.354693 0.719134
vertex 0.584091 1.361591 0.727778
vertex 0.582322 1.357323 0.719134
endloop
endfacet
facet normal -0.137350 -0.452823 -0.880957
outer loop
vertex 0.596267 1.381234 0.653806
vertex 0.594581 1.372755 0.658427
vertex 0.589369 1.374336 0.658427
endloop
endfacet
facet normal -0.137239 -0.452890 -0.880941
outer loop
vertex 0.596267 1.381234 0.653806
vertex 0.589369 1.374336 0.658427
vertex 0.592677 1.382322 0.653806
endloop
endfacet
facet normal -0.278017 -0.916099 0.288909
outer loop
vertex 0.590433 1.351903 0.709754
vertex 0.590988 1.354693 0.719134
vertex 0.582322 1.357323 0.719134
endloop
endfacet
facet normal -0.277854 -0.916084 0.289114
outer loop
vertex 0.590433 1.351903 0.709754
vertex 0.582322 1.357323 0.719134
vertex 0.581234 1.354693 0.709754
endloop
endfacet
facet normal -0.299921 -0.561039 0.771546
outer loop
vertex 0.586470 1.367336 0.735356
vertex 0.589369 1.374336 0.741573
vertex 0.584567 1.376903 0.741573
endloop
endfacet
facet normal -0.299830 -0.561033 0.771586
outer loop
vertex 0.586470 1.367336 0.735356
vertex 0.584567 1.376903 0.741573
vertex 0.580357 1.370603 0.735356
endloop
endfacet
facet normal -0.365077 -0.683043 -0.632591
outer loop
vertex 0.586470 1.367336 0.664645
vertex 0.584091 1.361591 0.672221
vertex 0.576903 1.365433 0.672221
endloop
endfacet
facet normal -0.365052 -0.683071 -0.632575
outer loop
vertex 0.586470 1.367336 0.664645
vertex 0.576903 1.365433 0.672221
vertex 0.580357 1.370603 0.664645
endloop
endfacet
facet normal -0.365072 -0.683133 0.632496
outer loop
vertex 0.584091 1.361591 0.727778
vertex 0.586470 1.367336 0.735356
vertex 0.580357 1.370603 0.735356
endloop
endfacet
facet normal -0.365133 -0.683125 0.632469
outer loop
vertex 0.584091 1.361591 0.727778
vertex 0.580357 1.370603 0.735356
vertex 0.576903 1.365433 0.727778
endloop
endfacet
facet normal -0.299880 -0.561132 -0.771494
outer loop
vertex 0.589369 1.374336 0.658427
vertex 0.586470 1.367336 0.664645
vertex 0.580357 1.370603 0.664645
endloop
endfacet
facet normal -0.299921 -0.561038 -0.771546
outer loop
vertex 0.589369 1.374336 0.658427
vertex 0.580357 1.370603 0.664645
vertex 0.584567 1.376903 0.658427
endloop
endfacet
facet normal -0.416166 -0.778623 0.469629
outer loop
vertex 0.582322 1.357323 0.719134
vertex 0.584091 1.361591 0.727778
vertex 0.576903 1.365433 0.727778
endloop
endfacet
facet normal -0.416129 -0.778631 0.469650
outer loop
vertex 0.582322 1.357323 0.719134
vertex 0.576903 1.365433 0.727778
vertex 0.574336 1.361591 0.719134
endloop
endfacet
facet normal -0.223118 -0.417352 -0.880929
outer loop
vertex 0.592677 1.382322 0.653806
vertex 0.589369 1.374336 0.658427
vertex 0.584567 1.376903 0.658427
endloop
endfacet
facet normal -0.223129 -0.417251 -0.880974
outer loop
vertex 0.592677 1.382322 0.653806
vertex 0.584567 1.376903 0.658427
vertex 0.589369 1.384091 0.653806
endloop
endfacet
facet normal -0.451215 -0.844309 0.289047
outer loop
vertex 0.581234 1.354693 0.709754
vertex 0.582322 1.357323 0.719134
vertex 0.574336 1.361591 0.719134
endloop
endfacet
facet normal -0.451351 -0.844270 0.288947
outer loop
vertex 0.581234 1.354693 0.709754
vertex 0.574336 1.361591 0.719134
vertex 0.572755 1.359226 0.709754
endloop
endfacet
facet normal -0.137524 -0.257151 -0.956536
outer loop
vertex 0.596267 1.390988 0.650960
vertex 0.592677 1.382322 0.653806
vertex 0.589369 1.384091 0.653806
endloop
endfacet
facet normal -0.137546 -0.257138 -0.956536
outer loop
vertex 0.596267 1.390988 0.650960
vertex 0.589369 1.384091 0.653806
vertex 0.594581 1.391890 0.650960
endloop
endfacet
facet normal -0.469205 -0.877687 0.097530
outer loop
vertex 0.580866 1.353806 0.700000
vertex 0.581234 1.354693 0.709754
vertex 0.572755 1.359226 0.709754
endloop
endfacet
facet normal -0.469168 -0.877700 0.097589
outer loop
vertex 0.580866 1.353806 0.700000
vertex 0.572755 1.359226 0.709754
vertex 0.572221 1.358427 0.700000
endloop
endfacet
facet normal -0.046484 -0.086858 0.995136
outer loop
vertex 0.596267 1.390988 0.749039
vertex 0.600000 1.400000 0.750000
vertex 0.594581 1.391890 0.749039
endloop
endfacet
facet normal -0.046459 -0.086777 -0.995144
outer loop
vertex 0.600000 1.400000 0.650000
vertex 0.596267 1.390988 0.650960
vertex 0.594581 1.391890 0.650960
endloop
endfacet
facet normal -0.469157 -0.877715 -0.097511
outer loop
vertex 0.581234 1.354693 0.690245
vertex 0.580866 1.353806 0.700000
vertex 0.572221 1.358427 0.700000
endloop
endfacet
facet normal -0.469216 -0.877675 -0.097589
outer loop
vertex 0.581234 1.354693 0.690245
vertex 0.572221 1.358427 0.700000
vertex 0.572755 1.359226 0.690245
endloop
endfacet
facet normal -0.137526 -0.257058 0.956560
outer loop
vertex 0.592677 1.382322 0.746194
vertex 0.596267 1.390988 0.749039
vertex 0.594581 1.391890 0.749039
endloop
endfacet
facet normal -0.137473 -0.257075 0.956563
outer loop
vertex 0.592677 1.382322 0.746194
vertex 0.594581 1.391890 0.749039
vertex 0.589369 1.384091 0.746194
endloop
endfacet
facet normal -0.451330 -0.844239 -0.289072
outer loop
vertex 0.582322 1.357323 0.680866
vertex 0.581234 1.354693 0.690245
vertex 0.572755 1.359226 0.690245
endloop
endfacet
facet normal -0.451229 -0.844326 -0.288973
outer loop
vertex 0.582322 1.357323 0.680866
vertex 0.572755 1.359226 0.690245
vertex 0.574336 1.361591 0.680866
endloop
endfacet
facet normal -0.223172 -0.417296 0.880942
outer loop
vertex 0.589369 1.374336 0.741573
vertex 0.592677 1.382322 0.746194
vertex 0.589369 1.384091 0.746194
endloop
endfacet
facet normal -0.223105 -0.417319 0.880948
outer loop
vertex 0.589369 1.374336 0.741573
vertex 0.589369 1.384091 0.746194
vertex 0.584567 1.376903 0.741573
endloop
endfacet
facet normal -0.416142 -0.778672 -0.469571
outer loop
vertex 0.584091 1.361591 0.672221
vertex 0.582322 1.357323 0.680866
vertex 0.574336 1.361591 0.680866
endloop
endfacet
facet normal -0.416170 -0.778625 -0.469622
outer loop
vertex 0.584091 1.361591 0.672221
vertex 0.574336 1.361591 0.680866
vertex 0.576903 1.365433 0.672221
endloop
endfacet
facet normal -0.631337 -0.769346 0.097568
outer loop
vertex 0.572221 1.358427 0.700000
vertex 0.572755 1.359226 0.709754
vertex 0.565324 1.365324 0.709754
endloop
endfacet
facet normal -0.631402 -0.769300 0.097515
outer loop
vertex 0.572221 1.358427 0.700000
vertex 0.565324 1.365324 0.709754
vertex 0.564645 1.364645 0.700000
endloop
endfacet
facet normal -0.062477 -0.076167 0.995136
outer loop
vertex 0.594581 1.391890 0.749039
vertex 0.600000 1.400000 0.750000
vertex 0.593103 1.393103 0.749039
endloop
endfacet
facet normal -0.062407 -0.076091 -0.995146
outer loop
vertex 0.600000 1.400000 0.650000
vertex 0.594581 1.391890 0.650960
vertex 0.593103 1.393103 0.650960
endloop
endfacet
facet normal -0.631399 -0.769293 -0.097584
outer loop
vertex 0.572755 1.359226 0.690245
vertex 0.572221 1.358427 0.700000
vertex 0.564645 1.364645 0.700000
endloop
endfacet
facet normal -0.631341 -0.769352 -0.097496
outer loop
vertex 0.572755 1.359226 0.690245
vertex 0.564645 1.364645 0.700000
vertex 0.565324 1.365324 0.690245
endloop
endfacet
facet normal -0.184957 -0.225335 0.956564
outer loop
vertex 0.589369 1.384091 0.746194
vertex 0.594581 1.391890 0.749039
vertex 0.593103 1.393103 0.749039
endloop
endfacet
facet normal -0.184926 -0.225349 0.956567
outer loop
vertex 0.589369 1.384091 0.746194
vertex 0.593103 1.393103 0.749039
vertex 0.586470 1.386470 0.746194
endloop
endfacet
facet normal -0.607301 -0.740052 -0.288980
outer loop
vertex 0.574336 1.361591 0.680866
vertex 0.572755 1.359226 0.690245
vertex 0.565324 1.365324 0.690245
endloop
endfacet
facet normal -0.607331 -0.740002 -0.289045
outer loop
vertex 0.574336 1.361591 0.680866
vertex 0.565324 1.365324 0.690245
vertex 0.567336 1.367336 0.680866
endloop
endfacet
facet normal -0.300168 -0.365812 0.880954
outer loop
vertex 0.584567 1.376903 0.741573
vertex 0.589369 1.384091 0.746194
vertex 0.586470 1.386470 0.746194
endloop
endfacet
facet normal -0.300123 -0.365820 0.880966
outer loop
vertex 0.584567 1.376903 0.741573
vertex 0.586470 1.386470 0.746194
vertex 0.580357 1.380357 0.741573
endloop
endfacet
facet normal -0.560109 -0.682457 -0.469606
outer loop
vertex 0.576903 1.365433 0.672221
vertex 0.574336 1.361591 0.680866
vertex 0.567336 1.367336 0.680866
endloop
endfacet
facet normal -0.560090 -0.682506 -0.469558
outer loop
vertex 0.576903 1.365433 0.672221
vertex 0.567336 1.367336 0.680866
vertex 0.570603 1.370603 0.672221
endloop
endfacet
facet normal -0.403483 -0.491794 0.771583
outer loop
vertex 0.580357 1.370603 0.735356
vertex 0.584567 1.376903 0.741573
vertex 0.580357 1.380357 0.741573
endloop
endfacet
facet normal -0.403633 -0.491759 0.771526
outer loop
vertex 0.580357 1.370603 0.735356
vertex 0.580357 1.380357 0.741573
vertex 0.575000 1.375000 0.735356
endloop
endfacet
facet normal -0.491307 -0.598702 -0.632592
outer loop
vertex 0.580357 1.370603 0.664645
vertex 0.576903 1.365433 0.672221
vertex 0.570603 1.370603 0.672221
endloop
endfacet
facet normal -0.491359 -0.598625 -0.632625
outer loop
vertex 0.580357 1.370603 0.664645
vertex 0.570603 1.370603 0.672221
vertex 0.575000 1.375000 0.664645
endloop
endfacet
facet normal -0.491425 -0.598721 0.632483
outer loop
vertex 0.576903 1.365433 0.727778
vertex 0.580357 1.370603 0.735356
vertex 0.575000 1.375000 0.735356
endloop
endfacet
facet normal -0.491347 -0.598738 0.632528
outer loop
vertex 0.576903 1.365433 0.727778
vertex 0.575000 1.375000 0.735356
vertex 0.570603 1.370603 0.727778
endloop
endfacet
facet normal -0.403642 -0.491760 -0.771522
outer loop
vertex 0.584567 1.376903 0.658427
vertex 0.580357 1.370603 0.664645
vertex 0.575000 1.375000 0.664645
endloop
endfacet
facet normal -0.403568 -0.491901 -0.771470
outer loop
vertex 0.584567 1.376903 0.658427
vertex 0.575000 1.375000 0.664645
vertex 0.580357 1.380357 0.658427
endloop
endfacet
facet normal -0.560057 -0.682475 0.469643
outer loop
vertex 0.574336 1.361591 0.719134
vertex 0.576903 1.365433 0.727778
vertex 0.570603 1.370603 0.727778
endloop
endfacet
facet normal -0.560109 -0.682450 0.469616
outer loop
vertex 0.574336 1.361591 0.719134
vertex 0.570603 1.370603 0.727778
vertex 0.567336 1.367336 0.719134
endloop
endfacet
facet normal -0.300137 -0.365837 -0.880955
outer loop
vertex 0.589369 1.384091 0.653806
vertex 0.584567 1.376903 0.658427
vertex 0.580357 1.380357 0.658427
endloop
endfacet
facet normal -0.300142 -0.365788 -0.880973
outer loop
vertex 0.589369 1.384091 0.653806
vertex 0.580357 1.380357 0.658427
vertex 0.586470 1.386470 0.653806
endloop
endfacet
facet normal -0.607349 -0.740025 0.288948
outer loop
vertex 0.572755 1.359226 0.709754
vertex 0.574336 1.361591 0.719134
vertex 0.567336 1.367336 0.719134
endloop
endfacet
facet normal -0.607300 -0.740043 0.289005
outer loop
vertex 0.572755 1.359226 0.709754
vertex 0.567336 1.367336 0.719134
vertex 0.565324 1.365324 0.709754
endloop
endfacet
facet normal -0.184989 -0.225425 -0.956537
outer loop
vertex 0.594581 1.391890 0.650960
vertex 0.589369 1.384091 0.653806
vertex 0.586470 1.386470 0.653806
endloop
endfacet
facet normal -0.185009 -0.225409 -0.956537
outer loop
vertex 0.594581 1.391890 0.650960
vertex 0.586470 1.386470 0.653806
vertex 0.593103 1.393103 0.650960
endloop
endfacet
facet normal -0.598692 -0.491288 -0.632617
outer loop
vertex 0.575000 1.375000 0.664645
vertex 0.570603 1.370603 0.672221
vertex 0.565433 1.376903 0.672221
endloop
endfacet
facet normal -0.598669 -0.491396 -0.632554
outer loop
vertex 0.575000 1.375000 0.664645
vertex 0.565433 1.376903 0.672221
vertex 0.570603 1.380357 0.664645
endloop
endfacet
facet normal -0.598706 -0.491392 0.632522
outer loop
vertex 0.570603 1.370603 0.727778
vertex 0.575000 1.375000 0.735356
vertex 0.570603 1.380357 0.735356
endloop
endfacet
facet normal -0.598783 -0.491373 0.632464
outer loop
vertex 0.570603 1.370603 0.727778
vertex 0.570603 1.380357 0.735356
vertex 0.565433 1.376903 0.727778
endloop
endfacet
facet normal -0.491808 -0.403669 -0.771477
outer loop
vertex 0.580357 1.380357 0.658427
vertex 0.575000 1.375000 0.664645
vertex 0.570603 1.380357 0.664645
endloop
endfacet
facet normal -0.491855 -0.403530 -0.771520
outer loop
vertex 0.580357 1.380357 0.658427
vertex 0.570603 1.380357 0.664645
vertex 0.576903 1.384567 0.658427
endloop
endfacet
facet normal -0.682491 -0.560055 0.469622
outer loop
vertex 0.567336 1.367336 0.719134
vertex 0.570603 1.370603 0.727778
vertex 0.565433 1.376903 0.727778
endloop
endfacet
facet normal -0.682437 -0.560098 0.469649
outer loop
vertex 0.567336 1.367336 0.719134
vertex 0.565433 1.376903 0.727778
vertex 0.561591 1.374336 0.719134
endloop
endfacet
facet normal -0.365827 -0.300120 -0.880965
outer loop
vertex 0.586470 1.386470 0.653806
vertex 0.580357 1.380357 0.658427
vertex 0.576903 1.384567 0.658427
endloop
endfacet
facet normal -0.365807 -0.300194 -0.880948
outer loop
vertex 0.586470 1.386470 0.653806
vertex 0.576903 1.384567 0.658427
vertex 0.584091 1.389369 0.653806
endloop
endfacet
facet normal -0.740011 -0.607338 0.289006
outer loop
vertex 0.565324 1.365324 0.709754
vertex 0.567336 1.367336 0.719134
vertex 0.561591 1.374336 0.719134
endloop
endfacet
facet normal -0.740062 -0.607299 0.288956
outer loop
vertex 0.565324 1.365324 0.709754
vertex 0.561591 1.374336 0.719134
vertex 0.559226 1.372755 0.709754
endloop
endfacet
facet normal -0.225411 -0.184985 -0.956541
outer loop
vertex 0.593103 1.393103 0.650960
vertex 0.586470 1.386470 0.653806
vertex 0.584091 1.389369 0.653806
endloop
endfacet
facet normal -0.225430 -0.185021 -0.956529
outer loop
vertex 0.593103 1.393103 0.650960
vertex 0.584091 1.389369 0.653806
vertex 0.591890 1.394581 0.650960
endloop
endfacet
facet normal -0.769360 -0.631330 0.097509
outer loop
vertex 0.564645 1.364645 0.700000
vertex 0.565324 1.365324 0.709754
vertex 0.559226 1.372755 0.709754
endloop
endfacet
facet normal -0.769295 -0.631399 0.097573
outer loop
vertex 0.564645 1.364645 0.700000
vertex 0.559226 1.372755 0.709754
vertex 0.558427 1.372221 0.700000
endloop
endfacet
facet normal -0.076153 -0.062508 0.995135
outer loop
vertex 0.593103 1.393103 0.749039
vertex 0.600000 1.400000 0.750000
vertex 0.591890 1.394581 0.749039
endloop
endfacet
facet normal -0.076090 -0.062445 -0.995144
outer loop
vertex 0.600000 1.400000 0.650000
vertex 0.593103 1.393103 0.650960
vertex 0.591890 1.394581 0.650960
endloop
endfacet
facet normal -0.769301 -0.631404 -0.097490
outer loop
vertex 0.565324 1.365324 0.690245
vertex 0.564645 1.364645 0.700000
vertex 0.558427 1.372221 0.700000
endloop
endfacet
facet normal -0.769353 -0.631328 -0.097575
outer loop
vertex 0.565324 1.365324 0.690245
vertex 0.558427 1.372221 0.700000
vertex 0.559226 1.372755 0.690245
endloop
endfacet
facet normal -0.225357 -0.184965 0.956557
outer loop
vertex 0.586470 1.386470 0.746194
vertex 0.593103 1.393103 0.749039
vertex 0.591890 1.394581 0.749039
endloop
endfacet
facet normal -0.225361 -0.184932 0.956563
outer loop
vertex 0.586470 1.386470 0.746194
vertex 0.591890 1.394581 0.749039
vertex 0.584091 1.389369 0.746194
endloop
endfacet
facet normal -0.740048 -0.607287 -0.289018
outer loop
vertex 0.567336 1.367336 0.680866
vertex 0.565324 1.365324 0.690245
vertex 0.559226 1.372755 0.690245
endloop
endfacet
facet normal -0.740009 -0.607349 -0.288988
outer loop
vertex 0.567336 1.367336 0.680866
vertex 0.559226 1.372755 0.690245
vertex 0.561591 1.374336 0.680866
endloop
endfacet
facet normal -0.365796 -0.300172 0.880960
outer loop
vertex 0.580357 1.380357 0.741573
vertex 0.586470 1.386470 0.746194
vertex 0.584091 1.389369 0.746194
endloop
endfacet
facet normal -0.365831 -0.300133 0.880959
outer loop
vertex 0.580357 1.380357 0.741573
vertex 0.584091 1.389369 0.746194
vertex 0.576903 1.384567 0.741573
endloop
endfacet
facet normal -0.682479 -0.560106 -0.469579
outer loop
vertex 0.570603 1.370603 0.672221
vertex 0.567336 1.367336 0.680866
vertex 0.561591 1.374336 0.680866
endloop
endfacet
facet normal -0.682478 -0.560063 -0.469631
outer loop
vertex 0.570603 1.370603 0.672221
vertex 0.561591 1.374336 0.680866
vertex 0.565433 1.376903 0.672221
endloop
endfacet
facet normal -0.491857 -0.403545 0.771510
outer loop
vertex 0.575000 1.375000 0.735356
vertex 0.580357 1.380357 0.741573
vertex 0.576903 1.384567 0.741573
endloop
endfacet
facet normal -0.491715 -0.403583 0.771581
outer loop
vertex 0.575000 1.375000 0.735356
vertex 0.576903 1.384567 0.741573
vertex 0.570603 1.380357 0.735356
endloop
endfacet
facet normal -0.086872 -0.046463 0.995135
outer loop
vertex 0.591890 1.394581 0.749039
vertex 0.600000 1.400000 0.750000
vertex 0.590988 1.396267 0.749039
endloop
endfacet
facet normal -0.086763 -0.046421 -0.995147
outer loop
vertex 0.600000 1.400000 0.650000
vertex 0.591890 1.394581 0.650960
vertex 0.590988 1.396267 0.650960
endloop
endfacet
facet normal -0.877709 -0.469154 -0.097578
outer loop
vertex 0.559226 1.372755 0.690245
vertex 0.558427 1.372221 0.700000
vertex 0.553806 1.380866 0.700000
endloop
endfacet
facet normal -0.877677 -0.469228 -0.097510
outer loop
vertex 0.559226 1.372755 0.690245
vertex 0.553806 1.380866 0.700000
vertex 0.554693 1.381234 0.690245
endloop
endfacet
facet normal -0.257015 -0.137509 0.956574
outer loop
vertex 0.584091 1.389369 0.746194
vertex 0.591890 1.394581 0.749039
vertex 0.590988 1.396267 0.749039
endloop
endfacet
facet normal -0.257100 -0.137473 0.956557
outer loop
vertex 0.584091 1.389369 0.746194
vertex 0.590988 1.396267 0.749039
vertex 0.582322 1.392677 0.746194
endloop
endfacet
facet normal -0.844267 -0.451356 -0.288947
outer loop
vertex 0.561591 1.374336 0.680866
vertex 0.559226 1.372755 0.690245
vertex 0.554693 1.381234 0.690245
endloop
endfacet
facet normal -0.844280 -0.451225 -0.289115
outer loop
vertex 0.561591 1.374336 0.680866
vertex 0.554693 1.381234 0.690245
vertex 0.557323 1.382322 0.680866
endloop
endfacet
facet normal -0.417275 -0.223147 0.880958
outer loop
vertex 0.576903 1.384567 0.741573
vertex 0.584091 1.389369 0.746194
vertex 0.582322 1.392677 0.746194
endloop
endfacet
facet normal -0.417345 -0.223115 0.880933
outer loop
vertex 0.576903 1.384567 0.741573
vertex 0.582322 1.392677 0.746194
vertex 0.574336 1.389369 0.741573
endloop
endfacet
facet normal -0.778658 -0.416146 -0.469590
outer loop
vertex 0.565433 1.376903 0.672221
vertex 0.561591 1.374336 0.680866
vertex 0.557323 1.382322 0.680866
endloop
endfacet
facet normal -0.778638 -0.416173 -0.469598
outer loop
vertex 0.565433 1.376903 0.672221
vertex 0.557323 1.382322 0.680866
vertex 0.561591 1.384091 0.672221
endloop
endfacet
facet normal -0.561004 -0.299906 0.771577
outer loop
vertex 0.570603 1.380357 0.735356
vertex 0.576903 1.384567 0.741573
vertex 0.574336 1.389369 0.741573
endloop
endfacet
facet normal -0.561086 -0.299858 0.771536
outer loop
vertex 0.570603 1.380357 0.735356
vertex 0.574336 1.389369 0.741573
vertex 0.567336 1.386470 0.735356
endloop
endfacet
facet normal -0.683040 -0.365088 -0.632587
outer loop
vertex 0.570603 1.380357 0.664645
vertex 0.565433 1.376903 0.672221
vertex 0.561591 1.384091 0.672221
endloop
endfacet
facet normal -0.683049 -0.365049 -0.632600
outer loop
vertex 0.570603 1.380357 0.664645
vertex 0.561591 1.384091 0.672221
vertex 0.567336 1.386470 0.664645
endloop
endfacet
facet normal -0.683140 -0.365097 0.632474
outer loop
vertex 0.565433 1.376903 0.727778
vertex 0.570603 1.380357 0.735356
vertex 0.567336 1.386470 0.735356
endloop
endfacet
facet normal -0.683105 -0.365126 0.632495
outer loop
vertex 0.565433 1.376903 0.727778
vertex 0.567336 1.386470 0.735356
vertex 0.561591 1.384091 0.727778
endloop
endfacet
facet normal -0.561098 -0.299878 -0.771520
outer loop
vertex 0.576903 1.384567 0.658427
vertex 0.570603 1.380357 0.664645
vertex 0.567336 1.386470 0.664645
endloop
endfacet
facet normal -0.561117 -0.299946 -0.771479
outer loop
vertex 0.576903 1.384567 0.658427
vertex 0.567336 1.386470 0.664645
vertex 0.574336 1.389369 0.658427
endloop
endfacet
facet normal -0.778610 -0.416165 0.469652
outer loop
vertex 0.561591 1.374336 0.719134
vertex 0.565433 1.376903 0.727778
vertex 0.561591 1.384091 0.727778
endloop
endfacet
facet normal -0.778648 -0.416135 0.469616
outer loop
vertex 0.561591 1.374336 0.719134
vertex 0.561591 1.384091 0.727778
vertex 0.557323 1.382322 0.719134
endloop
endfacet
facet normal -0.417318 -0.223087 -0.880953
outer loop
vertex 0.584091 1.389369 0.653806
vertex 0.576903 1.384567 0.658427
vertex 0.574336 1.389369 0.658427
endloop
endfacet
facet normal -0.417315 -0.223182 -0.880930
outer loop
vertex 0.584091 1.389369 0.653806
vertex 0.574336 1.389369 0.658427
vertex 0.582322 1.392677 0.653806
endloop
endfacet
facet normal -0.844323 -0.451250 0.288950
outer loop
vertex 0.559226 1.372755 0.709754
vertex 0.561591 1.374336 0.719134
vertex 0.557323 1.382322 0.719134
endloop
endfacet
facet normal -0.844239 -0.451343 0.289050
outer loop
vertex 0.559226 1.372755 0.709754
vertex 0.557323 1.382322 0.719134
vertex 0.554693 1.381234 0.709754
endloop
endfacet
facet normal -0.257130 -0.137519 -0.956542
outer loop
vertex 0.591890 1.394581 0.650960
vertex 0.584091 1.389369 0.653806
vertex 0.582322 1.392677 0.653806
endloop
endfacet
facet normal -0.257150 -0.137546 -0.956533
outer loop
vertex 0.591890 1.394581 0.650960
vertex 0.582322 1.392677 0.653806
vertex 0.590988 1.396267 0.650960
endloop
endfacet
facet normal -0.877669 -0.469226 0.097589
outer loop
vertex 0.558427 1.372221 0.700000
vertex 0.559226 1.372755 0.709754
vertex 0.554693 1.381234 0.709754
endloop
endfacet
facet normal -0.877713 -0.469158 0.097521
outer loop
vertex 0.558427 1.372221 0.700000
vertex 0.554693 1.381234 0.709754
vertex 0.553806 1.380866 0.700000
endloop
endfacet
facet normal -0.741207 -0.224830 0.632506
outer loop
vertex 0.561591 1.384091 0.727778
vertex 0.567336 1.386470 0.735356
vertex 0.565324 1.393103 0.735356
endloop
endfacet
facet normal -0.741255 -0.224774 0.632469
outer loop
vertex 0.561591 1.384091 0.727778
vertex 0.565324 1.393103 0.735356
vertex 0.559226 1.391890 0.727778
endloop
endfacet
facet normal -0.608825 -0.184674 -0.771510
outer loop
vertex 0.574336 1.389369 0.658427
vertex 0.567336 1.386470 0.664645
vertex 0.565324 1.393103 0.664645
endloop
endfacet
facet normal -0.608856 -0.184682 -0.771483
outer loop
vertex 0.574336 1.389369 0.658427
vertex 0.565324 1.393103 0.664645
vertex 0.572755 1.394581 0.658427
endloop
endfacet
facet normal -0.844884 -0.256222 0.469597
outer loop
vertex 0.557323 1.382322 0.719134
vertex 0.561591 1.384091 0.727778
vertex 0.559226 1.391890 0.727778
endloop
endfacet
facet normal -0.844753 -0.256365 0.469754
outer loop
vertex 0.557323 1.382322 0.719134
vertex 0.559226 1.391890 0.727778
vertex 0.554693 1.390988 0.719134
endloop
endfacet
facet normal -0.452837 -0.137363 -0.880948
outer loop
vertex 0.582322 1.392677 0.653806
vertex 0.574336 1.389369 0.658427
vertex 0.572755 1.394581 0.658427
endloop
endfacet
facet normal -0.452840 -0.137215 -0.880970
outer loop
vertex 0.582322 1.392677 0.653806
vertex 0.572755 1.394581 0.658427
vertex 0.581234 1.396267 0.653806
endloop
endfacet
facet normal -0.916043 -0.278008 0.289096
outer loop
vertex 0.554693 1.381234 0.709754
vertex 0.557323 1.382322 0.719134
vertex 0.554693 1.390988 0.719134
endloop
endfacet
facet normal -0.916140 -0.277853 0.288937
outer loop
vertex 0.554693 1.381234 0.709754
vertex 0.554693 1.390988 0.719134
vertex 0.551903 1.390433 0.709754
endloop
endfacet
facet normal -0.279098 -0.084580 -0.956530
outer loop
vertex 0.590988 1.396267 0.650960
vertex 0.582322 1.392677 0.653806
vertex 0.581234 1.396267 0.653806
endloop
endfacet
facet normal -0.279110 -0.084639 -0.956522
outer loop
vertex 0.590988 1.396267 0.650960
vertex 0.581234 1.396267 0.653806
vertex 0.590433 1.398097 0.650960
endloop
endfacet
facet normal -0.952394 -0.288856 0.097506
outer loop
vertex 0.553806 1.380866 0.700000
vertex 0.554693 1.381234 0.709754
vertex 0.551903 1.390433 0.709754
endloop
endfacet
facet normal -0.952343 -0.288984 0.097630
outer loop
vertex 0.553806 1.380866 0.700000
vertex 0.551903 1.390433 0.709754
vertex 0.550960 1.390245 0.700000
endloop
endfacet
facet normal -0.094264 -0.028593 0.995136
outer loop
vertex 0.590988 1.396267 0.749039
vertex 0.600000 1.400000 0.750000
vertex 0.590433 1.398097 0.749039
endloop
endfacet
facet normal -0.094181 -0.028563 -0.995145
outer loop
vertex 0.600000 1.400000 0.650000
vertex 0.590988 1.396267 0.650960
vertex 0.590433 1.398097 0.650960
endloop
endfacet
facet normal -0.952355 -0.288989 -0.097496
outer loop
vertex 0.554693 1.381234 0.690245
vertex 0.553806 1.380866 0.700000
vertex 0.550960 1.390245 0.700000
endloop
endfacet
facet normal -0.952384 -0.288852 -0.097623
outer loop
vertex 0.554693 1.381234 0.690245
vertex 0.550960 1.390245 0.700000
vertex 0.551903 1.390433 0.690245
endloop
endfacet
facet normal -0.279007 -0.084618 0.956554
outer loop
vertex 0.582322 1.392677 0.746194
vertex 0.590988 1.396267 0.749039
vertex 0.590433 1.398097 0.749039
endloop
endfacet
facet normal -0.279013 -0.084549 0.956558
outer loop
vertex 0.582322 1.392677 0.746194
vertex 0.590433 1.398097 0.749039
vertex 0.581234 1.396267 0.746194
endloop
endfacet
facet normal -0.916086 -0.277845 -0.289118
outer loop
vertex 0.557323 1.382322 0.680866
vertex 0.554693 1.381234 0.690245
vertex 0.551903 1.390433 0.690245
endloop
endfacet
facet normal -0.916085 -0.278009 -0.288963
outer loop
vertex 0.557323 1.382322 0.680866
vertex 0.551903 1.390433 0.690245
vertex 0.554693 1.390988 0.680866
endloop
endfacet
facet normal -0.452900 -0.137238 0.880936
outer loop
vertex 0.574336 1.389369 0.741573
vertex 0.582322 1.392677 0.746194
vertex 0.581234 1.396267 0.746194
endloop
endfacet
facet normal -0.452796 -0.137344 0.880973
outer loop
vertex 0.574336 1.389369 0.741573
vertex 0.581234 1.396267 0.746194
vertex 0.572755 1.394581 0.741573
endloop
endfacet
facet normal -0.844845 -0.256406 -0.469568
outer loop
vertex 0.561591 1.384091 0.672221
vertex 0.557323 1.382322 0.680866
vertex 0.554693 1.390988 0.680866
endloop
endfacet
facet normal -0.844828 -0.256190 -0.469715
outer loop
vertex 0.561591 1.384091 0.672221
vertex 0.554693 1.390988 0.680866
vertex 0.559226 1.391890 0.672221
endloop
endfacet
facet normal -0.608762 -0.184663 0.771562
outer loop
vertex 0.567336 1.386470 0.735356
vertex 0.574336 1.389369 0.741573
vertex 0.572755 1.394581 0.741573
endloop
endfacet
facet normal -0.608788 -0.184664 0.771542
outer loop
vertex 0.567336 1.386470 0.735356
vertex 0.572755 1.394581 0.741573
vertex 0.565324 1.393103 0.735356
endloop
endfacet
facet normal -0.741163 -0.224749 -0.632586
outer loop
vertex 0.567336 1.386470 0.664645
vertex 0.561591 1.384091 0.672221
vertex 0.559226 1.391890 0.672221
endloop
endfacet
facet normal -0.741143 -0.224813 -0.632586
outer loop
vertex 0.567336 1.386470 0.664645
vertex 0.559226 1.391890 0.672221
vertex 0.565324 1.393103 0.664645
endloop
endfacet
facet normal -0.990438 -0.097485 -0.097621
outer loop
vertex 0.551903 1.390433 0.690245
vertex 0.550960 1.390245 0.700000
vertex 0.550000 1.400000 0.700000
endloop
endfacet
facet normal -0.990438 -0.097524 -0.097576
outer loop
vertex 0.551903 1.390433 0.690245
vertex 0.550000 1.400000 0.700000
vertex 0.550961 1.400000 0.690245
endloop
endfacet
facet normal -0.290113 -0.028684 0.956563
outer loop
vertex 0.581234 1.396267 0.746194
vertex 0.590433 1.398097 0.749039
vertex 0.590245 1.400000 0.749039
endloop
endfacet
facet normal -0.290154 -0.028606 0.956552
outer loop
vertex 0.581234 1.396267 0.746194
vertex 0.590245 1.400000 0.749039
vertex 0.580866 1.400000 0.746194
endloop
endfacet
facet normal -0.952733 -0.093813 -0.288961
outer loop
vertex 0.554693 1.390988 0.680866
vertex 0.551903 1.390433 0.690245
vertex 0.550961 1.400000 0.690245
endloop
endfacet
facet normal -0.952729 -0.093756 -0.288994
outer loop
vertex 0.554693 1.390988 0.680866
vertex 0.550961 1.400000 0.690245
vertex 0.553806 1.400000 0.680866
endloop
endfacet
facet normal -0.470873 -0.046448 0.880978
outer loop
vertex 0.572755 1.394581 0.741573
vertex 0.581234 1.396267 0.746194
vertex 0.580866 1.400000 0.746194
endloop
endfacet
facet normal -0.470903 -0.046402 0.880964
outer loop
vertex 0.572755 1.394581 0.741573
vertex 0.580866 1.400000 0.746194
vertex 0.572221 1.400000 0.741573
endloop
endfacet
facet normal -0.878571 -0.086467 -0.469719
outer loop
vertex 0.559226 1.391890 0.672221
vertex 0.554693 1.390988 0.680866
vertex 0.553806 1.400000 0.680866
endloop
endfacet
facet normal -0.878606 -0.086565 -0.469636
outer loop
vertex 0.559226 1.391890 0.672221
vertex 0.553806 1.400000 0.680866
vertex 0.558427 1.400000 0.672221
endloop
endfacet
facet normal -0.633096 -0.062391 0.771555
outer loop
vertex 0.565324 1.393103 0.735356
vertex 0.572755 1.394581 0.741573
vertex 0.572221 1.400000 0.741573
endloop
endfacet
facet normal -0.633140 -0.062329 0.771523
outer loop
vertex 0.565324 1.393103 0.735356
vertex 0.572221 1.400000 0.741573
vertex 0.564645 1.400000 0.735356
endloop
endfacet
facet normal -0.770780 -0.075942 -0.632559
outer loop
vertex 0.565324 1.393103 0.664645
vertex 0.559226 1.391890 0.672221
vertex 0.558427 1.400000 0.672221
endloop
endfacet
facet normal -0.770751 -0.075874 -0.632603
outer loop
vertex 0.565324 1.393103 0.664645
vertex 0.558427 1.400000 0.672221
vertex 0.564645 1.400000 0.664645
endloop
endfacet
facet normal -0.770860 -0.075892 0.632467
outer loop
vertex 0.559226 1.391890 0.727778
vertex 0.565324 1.393103 0.735356
vertex 0.564645 1.400000 0.735356
endloop
endfacet
facet normal -0.770834 -0.075940 0.632493
outer loop
vertex 0.559226 1.391890 0.727778
vertex 0.564645 1.400000 0.735356
vertex 0.558427 1.400000 0.727778
endloop
endfacet
facet normal -0.633165 -0.062335 -0.771503
outer loop
vertex 0.572755 1.394581 0.658427
vertex 0.565324 1.393103 0.664645
vertex 0.564645 1.400000 0.664645
endloop
endfacet
facet normal -0.633198 -0.062411 -0.771469
outer loop
vertex 0.572755 1.394581 0.658427
vertex 0.564645 1.400000 0.664645
vertex 0.572221 1.400000 0.658427
endloop
endfacet
facet normal -0.878543 -0.086546 0.469758
outer loop
vertex 0.554693 1.390988 0.719134
vertex 0.559226 1.391890 0.727778
vertex 0.558427 1.400000 0.727778
endloop
endfacet
facet normal -0.878588 -0.086478 0.469686
outer loop
vertex 0.554693 1.390988 0.719134
vertex 0.558427 1.400000 0.727778
vertex 0.553806 1.400000 0.719134
endloop
endfacet
facet normal -0.470899 -0.046409 -0.880966
outer loop
vertex 0.581234 1.396267 0.653806
vertex 0.572755 1.394581 0.658427
vertex 0.572221 1.400000 0.658427
endloop
endfacet
facet normal -0.470912 -0.046438 -0.880957
outer loop
vertex 0.581234 1.396267 0.653806
vertex 0.572221 1.400000 0.658427
vertex 0.580866 1.400000 0.653806
endloop
endfacet
facet normal -0.952746 -0.093768 0.288933
outer loop
vertex 0.551903 1.390433 0.709754
vertex 0.554693 1.390988 0.719134
vertex 0.553806 1.400000 0.719134
endloop
endfacet
facet normal -0.952733 -0.093804 0.288966
outer loop
vertex 0.551903 1.390433 0.709754
vertex 0.553806 1.400000 0.719134
vertex 0.550961 1.400000 0.709754
endloop
endfacet
facet normal -0.290212 -0.028622 -0.956534
outer loop
vertex 0.590433 1.398097 0.650960
vertex 0.581234 1.396267 0.653806
vertex 0.580866 1.400000 0.653806
endloop
endfacet
facet normal -0.290258 -0.028678 -0.956519
outer loop
vertex 0.590433 1.398097 0.650960
vertex 0.580866 1.400000 0.653806
vertex 0.590245 1.400000 0.650960
endloop
endfacet
facet normal -0.990432 -0.097524 0.097638
outer loop
vertex 0.550960 1.390245 0.700000
vertex 0.551903 1.390433 0.709754
vertex 0.550961 1.400000 0.709754
endloop
endfacet
facet normal -0.990443 -0.097476 0.097580
outer loop
vertex 0.550960 1.390245 0.700000
vertex 0.550961 1.400000 0.709754
vertex 0.550000 1.400000 0.700000
endloop
endfacet
facet normal -0.098031 -0.009686 0.995136
outer loop
vertex 0.590433 1.398097 0.749039
vertex 0.600000 1.400000 0.750000
vertex 0.590245 1.400000 0.749039
endloop
endfacet
facet normal -0.097948 -0.009674 -0.995145
outer loop
vertex 0.600000 1.400000 0.650000
vertex 0.590433 1.398097 0.650960
vertex 0.590245 1.400000 0.650960
endloop
endfacet
facet normal -0.633190 0.062329 -0.771483
outer loop
vertex 0.572221 1.400000 0.658427
vertex 0.564645 1.400000 0.664645
vertex 0.565324 1.406898 0.664645
endloop
endfacet
facet normal -0.633155 0.062405 -0.771505
outer loop
vertex 0.572221 1.400000 0.658427
vertex 0.565324 1.406898 0.664645
vertex 0.572755 1.405419 0.658427
endloop
endfacet
facet normal -0.878582 0.086559 0.469682
outer loop
vertex 0.553806 1.400000 0.719134
vertex 0.558427 1.400000 0.727778
vertex 0.559226 1.408110 0.727778
endloop
endfacet
facet normal -0.878554 0.086464 0.469752
outer loop
vertex 0.553806 1.400000 0.719134
vertex 0.559226 1.408110 0.727778
vertex 0.554693 1.409012 0.719134
endloop
endfacet
facet normal -0.470906 0.046402 -0.880962
outer loop
vertex 0.580866 1.400000 0.653806
vertex 0.572221 1.400000 0.658427
vertex 0.572755 1.405419 0.658427
endloop
endfacet
facet normal -0.470889 0.046446 -0.880969
outer loop
vertex 0.580866 1.400000 0.653806
vertex 0.572755 1.405419 0.658427
vertex 0.581234 1.403733 0.653806
endloop
endfacet
facet normal -0.952736 0.093756 0.288972
outer loop
vertex 0.550961 1.400000 0.709754
vertex 0.553806 1.400000 0.719134
vertex 0.554693 1.409012 0.719134
endloop
endfacet
facet normal -0.952742 0.093815 0.288931
outer loop
vertex 0.550961 1.400000 0.709754
vertex 0.554693 1.409012 0.719134
vertex 0.551903 1.409567 0.709754
endloop
endfacet
facet normal -0.290252 0.028612 -0.956522
outer loop
vertex 0.590245 1.400000 0.650960
vertex 0.580866 1.400000 0.653806
vertex 0.581234 1.403733 0.653806
endloop
endfacet
facet normal -0.290197 0.028694 -0.956537
outer loop
vertex 0.590245 1.400000 0.650960
vertex 0.581234 1.403733 0.653806
vertex 0.590433 1.401903 0.650960
endloop
endfacet
facet normal -0.990438 0.097514 0.097585
outer loop
vertex 0.550000 1.400000 0.700000
vertex 0.550961 1.400000 0.709754
vertex 0.551903 1.409567 0.709754
endloop
endfacet
facet normal -0.990437 0.097593 0.097518
outer loop
vertex 0.550000 1.400000 0.700000
vertex 0.551903 1.409567 0.709754
vertex 0.550961 1.409754 0.700000
endloop
endfacet
facet normal -0.098043 0.009686 0.995135
outer loop
vertex 0.590245 1.400000 0.749039
vertex 0.600000 1.400000 0.750000
vertex 0.590433 1.401903 0.749039
endloop
endfacet
facet normal -0.097927 0.009673 -0.995147
outer loop
vertex 0.600000 1.400000 0.650000
vertex 0.590245 1.400000 0.650960
vertex 0.590433 1.401903 0.650960
endloop
endfacet
facet normal -0.990432 0.097593 -0.097571
outer loop
vertex 0.550961 1.400000 0.690245
vertex 0.550000 1.400000 0.700000
vertex 0.550961 1.409754 0.700000
endloop
endfacet
facet normal -0.990445 0.097524 -0.097512
outer loop
vertex 0.550961 1.400000 0.690245
vertex 0.550961 1.409754 0.700000
vertex 0.551903 1.409567 0.690245
endloop
endfacet
facet normal -0.290147 0.028674 0.956553
outer loop
vertex 0.580866 1.400000 0.746194
vertex 0.590245 1.400000 0.749039
vertex 0.590433 1.401903 0.749039
endloop
endfacet
facet normal -0.290151 0.028611 0.956553
outer loop
vertex 0.580866 1.400000 0.746194
vertex 0.590433 1.401903 0.749039
vertex 0.581234 1.403733 0.746194
endloop
endfacet
facet normal -0.952725 0.093802 -0.288993
outer loop
vertex 0.553806 1.400000 0.680866
vertex 0.550961 1.400000 0.690245
vertex 0.551903 1.409567 0.690245
endloop
endfacet
facet normal -0.952736 0.093767 -0.288966
outer loop
vertex 0.553806 1.400000 0.680866
vertex 0.551903 1.409567 0.690245
vertex 0.554693 1.409012 0.680866
endloop
endfacet
facet normal -0.470914 0.046437 0.880956
outer loop
vertex 0.572221 1.400000 0.741573
vertex 0.580866 1.400000 0.746194
vertex 0.581234 1.403733 0.746194
endloop
endfacet
facet normal -0.470867 0.046408 0.880983
outer loop
vertex 0.572221 1.400000 0.741573
vertex 0.581234 1.403733 0.746194
vertex 0.572755 1.405419 0.741573
endloop
endfacet
facet normal -0.878611 0.086480 -0.469643
outer loop
vertex 0.558427 1.400000 0.672221
vertex 0.553806 1.400000 0.680866
vertex 0.554693 1.409012 0.680866
endloop
endfacet
facet normal -0.878565 0.086549 -0.469716
outer loop
vertex 0.558427 1.400000 0.672221
vertex 0.554693 1.409012 0.680866
vertex 0.559226 1.408110 0.672221
endloop
endfacet
facet normal -0.633130 0.062394 0.771526
outer loop
vertex 0.564645 1.400000 0.735356
vertex 0.572221 1.400000 0.741573
vertex 0.572755 1.405419 0.741573
endloop
endfacet
facet normal -0.633096 0.062317 0.771561
outer loop
vertex 0.564645 1.400000 0.735356
vertex 0.572755 1.405419 0.741573
vertex 0.565324 1.406898 0.735356
endloop
endfacet
facet normal -0.770750 0.075939 -0.632596
outer loop
vertex 0.564645 1.400000 0.664645
vertex 0.558427 1.400000 0.672221
vertex 0.559226 1.408110 0.672221
endloop
endfacet
facet normal -0.770791 0.075865 -0.632555
outer loop
vertex 0.564645 1.400000 0.664645
vertex 0.559226 1.408110 0.672221
vertex 0.565324 1.406898 0.664645
endloop
endfacet
facet normal -0.770841 0.075878 0.632492
outer loop
vertex 0.558427 1.400000 0.727778
vertex 0.564645 1.400000 0.735356
vertex 0.565324 1.406898 0.735356
endloop
endfacet
facet normal -0.770859 0.075942 0.632462
outer loop
vertex 0.558427 1.400000 0.727778
vertex 0.565324 1.406898 0.735356
vertex 0.559226 1.408110 0.727778
endloop
endfacet
facet normal -0.916134 0.277847 -0.288962
outer loop
vertex 0.554693 1.409012 0.680866
vertex 0.551903 1.409567 0.690245
vertex 0.554693 1.418766 0.690245
endloop
endfacet
facet normal -0.916014 0.278035 -0.289162
outer loop
vertex 0.554693 1.409012 0.680866
vertex 0.554693 1.418766 0.690245
vertex 0.557323 1.417677 0.680866
endloop
endfacet
facet normal -0.452851 0.137260 0.880957
outer loop
vertex 0.572755 1.405419 0.741573
vertex 0.581234 1.403733 0.746194
vertex 0.582322 1.407322 0.746194
endloop
endfacet
facet normal -0.452844 0.137387 0.880941
outer loop
vertex 0.572755 1.405419 0.741573
vertex 0.582322 1.407322 0.746194
vertex 0.574336 1.410630 0.741573
endloop
endfacet
facet normal -0.844766 0.256406 -0.469709
outer loop
vertex 0.559226 1.408110 0.672221
vertex 0.554693 1.409012 0.680866
vertex 0.557323 1.417677 0.680866
endloop
endfacet
facet normal -0.844921 0.256232 -0.469525
outer loop
vertex 0.559226 1.408110 0.672221
vertex 0.557323 1.417677 0.680866
vertex 0.561591 1.415909 0.672221
endloop
endfacet
facet normal -0.608748 0.184687 0.771568
outer loop
vertex 0.565324 1.406898 0.735356
vertex 0.572755 1.405419 0.741573
vertex 0.574336 1.410630 0.741573
endloop
endfacet
facet normal -0.608739 0.184685 0.771575
outer loop
vertex 0.565324 1.406898 0.735356
vertex 0.574336 1.410630 0.741573
vertex 0.567336 1.413530 0.735356
endloop
endfacet
facet normal -0.741196 0.224762 -0.632542
outer loop
vertex 0.565324 1.406898 0.664645
vertex 0.559226 1.408110 0.672221
vertex 0.561591 1.415909 0.672221
endloop
endfacet
facet normal -0.741120 0.224839 -0.632605
outer loop
vertex 0.565324 1.406898 0.664645
vertex 0.561591 1.415909 0.672221
vertex 0.567336 1.413530 0.664645
endloop
endfacet
facet normal -0.741242 0.224888 0.632445
outer loop
vertex 0.559226 1.408110 0.727778
vertex 0.565324 1.406898 0.735356
vertex 0.567336 1.413530 0.735356
endloop
endfacet
facet normal -0.741228 0.224759 0.632507
outer loop
vertex 0.559226 1.408110 0.727778
vertex 0.567336 1.413530 0.735356
vertex 0.561591 1.415909 0.727778
endloop
endfacet
facet normal -0.608818 0.184698 -0.771510
outer loop
vertex 0.572755 1.405419 0.658427
vertex 0.565324 1.406898 0.664645
vertex 0.567336 1.413530 0.664645
endloop
endfacet
facet normal -0.608778 0.184704 -0.771540
outer loop
vertex 0.572755 1.405419 0.658427
vertex 0.567336 1.413530 0.664645
vertex 0.574336 1.410630 0.658427
endloop
endfacet
facet normal -0.844805 0.256190 0.469757
outer loop
vertex 0.554693 1.409012 0.719134
vertex 0.559226 1.408110 0.727778
vertex 0.561591 1.415909 0.727778
endloop
endfacet
facet normal -0.844835 0.256430 0.469571
outer loop
vertex 0.554693 1.409012 0.719134
vertex 0.561591 1.415909 0.727778
vertex 0.557323 1.417677 0.719134
endloop
endfacet
facet normal -0.452827 0.137373 -0.880952
outer loop
vertex 0.581234 1.403733 0.653806
vertex 0.572755 1.405419 0.658427
vertex 0.574336 1.410630 0.658427
endloop
endfacet
facet normal -0.452860 0.137280 -0.880950
outer loop
vertex 0.581234 1.403733 0.653806
vertex 0.574336 1.410630 0.658427
vertex 0.582322 1.407322 0.653806
endloop
endfacet
facet normal -0.916084 0.278045 0.288930
outer loop
vertex 0.551903 1.409567 0.709754
vertex 0.554693 1.409012 0.719134
vertex 0.557323 1.417677 0.719134
endloop
endfacet
facet normal -0.916085 0.277841 0.289123
outer loop
vertex 0.551903 1.409567 0.709754
vertex 0.557323 1.417677 0.719134
vertex 0.554693 1.418766 0.709754
endloop
endfacet
facet normal -0.279098 0.084595 -0.956529
outer loop
vertex 0.590433 1.401903 0.650960
vertex 0.581234 1.403733 0.653806
vertex 0.582322 1.407322 0.653806
endloop
endfacet
facet normal -0.279060 0.084656 -0.956535
outer loop
vertex 0.590433 1.401903 0.650960
vertex 0.582322 1.407322 0.653806
vertex 0.590988 1.403733 0.650960
endloop
endfacet
facet normal -0.952396 0.288850 0.097509
outer loop
vertex 0.550961 1.409754 0.700000
vertex 0.551903 1.409567 0.709754
vertex 0.554693 1.418766 0.709754
endloop
endfacet
facet normal -0.952390 0.288866 0.097514
outer loop
vertex 0.550961 1.409754 0.700000
vertex 0.554693 1.418766 0.709754
vertex 0.553806 1.419134 0.700000
endloop
endfacet
facet normal -0.094237 0.028596 0.995139
outer loop
vertex 0.590433 1.401903 0.749039
vertex 0.600000 1.400000 0.750000
vertex 0.590988 1.403733 0.749039
endloop
endfacet
facet normal -0.094201 0.028565 -0.995143
outer loop
vertex 0.600000 1.400000 0.650000
vertex 0.590433 1.401903 0.650960
vertex 0.590988 1.403733 0.650960
endloop
endfacet
facet normal -0.952391 0.288865 -0.097506
outer loop
vertex 0.551903 1.409567 0.690245
vertex 0.550961 1.409754 0.700000
vertex 0.553806 1.419134 0.700000
endloop
endfacet
facet normal -0.952397 0.288850 -0.097497
outer loop
vertex 0.551903 1.409567 0.690245
vertex 0.553806 1.419134 0.700000
vertex 0.554693 1.418766 0.690245
endloop
endfacet
facet normal -0.278999 0.084594 0.956558
outer loop
vertex 0.581234 1.403733 0.746194
vertex 0.590433 1.401903 0.749039
vertex 0.590988 1.403733 0.749039
endloop
endfacet
facet normal -0.279016 0.084584 0.956554
outer loop
vertex 0.581234 1.403733 0.746194
vertex 0.590988 1.403733 0.749039
vertex 0.582322 1.407322 0.746194
endloop
endfacet
facet normal -0.417357 0.223070 -0.880939
outer loop
vertex 0.582322 1.407322 0.653806
vertex 0.574336 1.410630 0.658427
vertex 0.576903 1.415433 0.658427
endloop
endfacet
facet normal -0.417242 0.223130 -0.880978
outer loop
vertex 0.582322 1.407322 0.653806
vertex 0.576903 1.415433 0.658427
vertex 0.584091 1.410630 0.653806
endloop
endfacet
facet normal -0.844309 0.451170 0.289116
outer loop
vertex 0.554693 1.418766 0.709754
vertex 0.557323 1.417677 0.719134
vertex 0.561591 1.425664 0.719134
endloop
endfacet
facet normal -0.844259 0.451364 0.288959
outer loop
vertex 0.554693 1.418766 0.709754
vertex 0.561591 1.425664 0.719134
vertex 0.559226 1.427245 0.709754
endloop
endfacet
facet normal -0.257185 0.137523 -0.956527
outer loop
vertex 0.590988 1.403733 0.650960
vertex 0.582322 1.407322 0.653806
vertex 0.584091 1.410630 0.653806
endloop
endfacet
facet normal -0.257126 0.137571 -0.956536
outer loop
vertex 0.590988 1.403733 0.650960
vertex 0.584091 1.410630 0.653806
vertex 0.591890 1.405419 0.650960
endloop
endfacet
facet normal -0.877677 0.469230 0.097501
outer loop
vertex 0.553806 1.419134 0.700000
vertex 0.554693 1.418766 0.709754
vertex 0.559226 1.427245 0.709754
endloop
endfacet
facet normal -0.877688 0.469202 0.097533
outer loop
vertex 0.553806 1.419134 0.700000
vertex 0.559226 1.427245 0.709754
vertex 0.558427 1.427778 0.700000
endloop
endfacet
facet normal -0.086872 0.046463 0.995135
outer loop
vertex 0.590988 1.403733 0.749039
vertex 0.600000 1.400000 0.750000
vertex 0.591890 1.405419 0.749039
endloop
endfacet
facet normal -0.086752 0.046422 -0.995148
outer loop
vertex 0.600000 1.400000 0.650000
vertex 0.590988 1.403733 0.650960
vertex 0.591890 1.405419 0.650960
endloop
endfacet
facet normal -0.877690 0.469206 -0.097502
outer loop
vertex 0.554693 1.418766 0.690245
vertex 0.553806 1.419134 0.700000
vertex 0.558427 1.427778 0.700000
endloop
endfacet
facet normal -0.877678 0.469225 -0.097512
outer loop
vertex 0.554693 1.418766 0.690245
vertex 0.558427 1.427778 0.700000
vertex 0.559226 1.427245 0.690245
endloop
endfacet
facet normal -0.257075 0.137535 0.956555
outer loop
vertex 0.582322 1.407322 0.746194
vertex 0.590988 1.403733 0.749039
vertex 0.591890 1.405419 0.749039
endloop
endfacet
facet normal -0.257075 0.137473 0.956563
outer loop
vertex 0.582322 1.407322 0.746194
vertex 0.591890 1.405419 0.749039
vertex 0.584091 1.410630 0.746194
endloop
endfacet
facet normal -0.844211 0.451335 -0.289145
outer loop
vertex 0.557323 1.417677 0.680866
vertex 0.554693 1.418766 0.690245
vertex 0.559226 1.427245 0.690245
endloop
endfacet
facet normal -0.844344 0.451191 -0.288979
outer loop
vertex 0.557323 1.417677 0.680866
vertex 0.559226 1.427245 0.690245
vertex 0.561591 1.425664 0.680866
endloop
endfacet
facet normal -0.417292 0.223169 0.880944
outer loop
vertex 0.574336 1.410630 0.741573
vertex 0.582322 1.407322 0.746194
vertex 0.584091 1.410630 0.746194
endloop
endfacet
facet normal -0.417322 0.223042 0.880962
outer loop
vertex 0.574336 1.410630 0.741573
vertex 0.584091 1.410630 0.746194
vertex 0.576903 1.415433 0.741573
endloop
endfacet
facet normal -0.778707 0.416105 -0.469545
outer loop
vertex 0.561591 1.415909 0.672221
vertex 0.557323 1.417677 0.680866
vertex 0.561591 1.425664 0.680866
endloop
endfacet
facet normal -0.778629 0.416170 -0.469617
outer loop
vertex 0.561591 1.415909 0.672221
vertex 0.561591 1.425664 0.680866
vertex 0.565433 1.423097 0.672221
endloop
endfacet
facet normal -0.561056 0.299861 0.771556
outer loop
vertex 0.567336 1.413530 0.735356
vertex 0.574336 1.410630 0.741573
vertex 0.576903 1.415433 0.741573
endloop
endfacet
facet normal -0.561046 0.299899 0.771549
outer loop
vertex 0.567336 1.413530 0.735356
vertex 0.576903 1.415433 0.741573
vertex 0.570603 1.419642 0.735356
endloop
endfacet
facet normal -0.683035 0.365084 -0.632595
outer loop
vertex 0.567336 1.413530 0.664645
vertex 0.561591 1.415909 0.672221
vertex 0.565433 1.423097 0.672221
endloop
endfacet
facet normal -0.683016 0.365078 -0.632619
outer loop
vertex 0.567336 1.413530 0.664645
vertex 0.565433 1.423097 0.672221
vertex 0.570603 1.419642 0.664645
endloop
endfacet
facet normal -0.683105 0.365137 0.632489
outer loop
vertex 0.561591 1.415909 0.727778
vertex 0.567336 1.413530 0.735356
vertex 0.570603 1.419642 0.735356
endloop
endfacet
facet normal -0.683098 0.365115 0.632510
outer loop
vertex 0.561591 1.415909 0.727778
vertex 0.570603 1.419642 0.735356
vertex 0.565433 1.423097 0.727778
endloop
endfacet
facet normal -0.561104 0.299905 -0.771504
outer loop
vertex 0.574336 1.410630 0.658427
vertex 0.567336 1.413530 0.664645
vertex 0.570603 1.419642 0.664645
endloop
endfacet
facet normal -0.561114 0.299910 -0.771495
outer loop
vertex 0.574336 1.410630 0.658427
vertex 0.570603 1.419642 0.664645
vertex 0.576903 1.415433 0.658427
endloop
endfacet
facet normal -0.778635 0.416167 0.469609
outer loop
vertex 0.557323 1.417677 0.719134
vertex 0.561591 1.415909 0.727778
vertex 0.565433 1.423097 0.727778
endloop
endfacet
facet normal -0.778660 0.416095 0.469632
outer loop
vertex 0.557323 1.417677 0.719134
vertex 0.565433 1.423097 0.727778
vertex 0.561591 1.425664 0.719134
endloop
endfacet
facet normal -0.365854 0.300118 0.880954
outer loop
vertex 0.576903 1.415433 0.741573
vertex 0.584091 1.410630 0.746194
vertex 0.586470 1.413530 0.746194
endloop
endfacet
facet normal -0.365809 0.300170 0.880955
outer loop
vertex 0.576903 1.415433 0.741573
vertex 0.586470 1.413530 0.746194
vertex 0.580357 1.419642 0.741573
endloop
endfacet
facet normal -0.682457 0.560109 -0.469606
outer loop
vertex 0.565433 1.423097 0.672221
vertex 0.561591 1.425664 0.680866
vertex 0.567336 1.432664 0.680866
endloop
endfacet
facet normal -0.682506 0.560073 -0.469577
outer loop
vertex 0.565433 1.423097 0.672221
vertex 0.567336 1.432664 0.680866
vertex 0.570603 1.429397 0.672221
endloop
endfacet
facet normal -0.491769 0.403540 0.771569
outer loop
vertex 0.570603 1.419642 0.735356
vertex 0.576903 1.415433 0.741573
vertex 0.580357 1.419642 0.741573
endloop
endfacet
facet normal -0.491774 0.403578 0.771546
outer loop
vertex 0.570603 1.419642 0.735356
vertex 0.580357 1.419642 0.741573
vertex 0.575000 1.425000 0.735356
endloop
endfacet
facet normal -0.598678 0.491307 -0.632615
outer loop
vertex 0.570603 1.419642 0.664645
vertex 0.565433 1.423097 0.672221
vertex 0.570603 1.429397 0.672221
endloop
endfacet
facet normal -0.598687 0.491306 -0.632608
outer loop
vertex 0.570603 1.419642 0.664645
vertex 0.570603 1.429397 0.672221
vertex 0.575000 1.425000 0.664645
endloop
endfacet
facet normal -0.598753 0.491366 0.632498
outer loop
vertex 0.565433 1.423097 0.727778
vertex 0.570603 1.419642 0.735356
vertex 0.575000 1.425000 0.735356
endloop
endfacet
facet normal -0.598744 0.491339 0.632529
outer loop
vertex 0.565433 1.423097 0.727778
vertex 0.575000 1.425000 0.735356
vertex 0.570603 1.429397 0.727778
endloop
endfacet
facet normal -0.491811 0.403595 -0.771513
outer loop
vertex 0.576903 1.415433 0.658427
vertex 0.570603 1.419642 0.664645
vertex 0.575000 1.425000 0.664645
endloop
endfacet
facet normal -0.491825 0.403609 -0.771497
outer loop
vertex 0.576903 1.415433 0.658427
vertex 0.575000 1.425000 0.664645
vertex 0.580357 1.419642 0.658427
endloop
endfacet
facet normal -0.682465 0.560055 0.469659
outer loop
vertex 0.561591 1.425664 0.719134
vertex 0.565433 1.423097 0.727778
vertex 0.570603 1.429397 0.727778
endloop
endfacet
facet normal -0.682460 0.560103 0.469609
outer loop
vertex 0.561591 1.425664 0.719134
vertex 0.570603 1.429397 0.727778
vertex 0.567336 1.432664 0.719134
endloop
endfacet
facet normal -0.365789 0.300170 -0.880963
outer loop
vertex 0.584091 1.410630 0.653806
vertex 0.576903 1.415433 0.658427
vertex 0.580357 1.419642 0.658427
endloop
endfacet
facet normal -0.365869 0.300128 -0.880944
outer loop
vertex 0.584091 1.410630 0.653806
vertex 0.580357 1.419642 0.658427
vertex 0.586470 1.413530 0.653806
endloop
endfacet
facet normal -0.740015 0.607350 0.288969
outer loop
vertex 0.559226 1.427245 0.709754
vertex 0.561591 1.425664 0.719134
vertex 0.567336 1.432664 0.719134
endloop
endfacet
facet normal -0.740054 0.607296 0.288984
outer loop
vertex 0.559226 1.427245 0.709754
vertex 0.567336 1.432664 0.719134
vertex 0.565324 1.434676 0.709754
endloop
endfacet
facet normal -0.225477 0.184953 -0.956531
outer loop
vertex 0.591890 1.405419 0.650960
vertex 0.584091 1.410630 0.653806
vertex 0.586470 1.413530 0.653806
endloop
endfacet
facet normal -0.225463 0.184951 -0.956535
outer loop
vertex 0.591890 1.405419 0.650960
vertex 0.586470 1.413530 0.653806
vertex 0.593103 1.406898 0.650960
endloop
endfacet
facet normal -0.769350 0.631338 0.097530
outer loop
vertex 0.558427 1.427778 0.700000
vertex 0.559226 1.427245 0.709754
vertex 0.565324 1.434676 0.709754
endloop
endfacet
facet normal -0.769378 0.631300 0.097558
outer loop
vertex 0.558427 1.427778 0.700000
vertex 0.565324 1.434676 0.709754
vertex 0.564645 1.435356 0.700000
endloop
endfacet
facet normal -0.076165 0.062477 0.995136
outer loop
vertex 0.591890 1.405419 0.749039
vertex 0.600000 1.400000 0.750000
vertex 0.593103 1.406898 0.749039
endloop
endfacet
facet normal -0.076093 0.062417 -0.995145
outer loop
vertex 0.600000 1.400000 0.650000
vertex 0.591890 1.405419 0.650960
vertex 0.593103 1.406898 0.650960
endloop
endfacet
facet normal -0.769387 0.631300 -0.097493
outer loop
vertex 0.559226 1.427245 0.690245
vertex 0.558427 1.427778 0.700000
vertex 0.564645 1.435356 0.700000
endloop
endfacet
facet normal -0.769343 0.631341 -0.097577
outer loop
vertex 0.559226 1.427245 0.690245
vertex 0.564645 1.435356 0.700000
vertex 0.565324 1.434676 0.690245
endloop
endfacet
facet normal -0.225426 0.184876 0.956559
outer loop
vertex 0.584091 1.410630 0.746194
vertex 0.591890 1.405419 0.749039
vertex 0.593103 1.406898 0.749039
endloop
endfacet
facet normal -0.225376 0.184909 0.956564
outer loop
vertex 0.584091 1.410630 0.746194
vertex 0.593103 1.406898 0.749039
vertex 0.586470 1.413530 0.746194
endloop
endfacet
facet normal -0.740056 0.607294 -0.288981
outer loop
vertex 0.561591 1.425664 0.680866
vertex 0.559226 1.427245 0.690245
vertex 0.565324 1.434676 0.690245
endloop
endfacet
facet normal -0.739999 0.607342 -0.289027
outer loop
vertex 0.561591 1.425664 0.680866
vertex 0.565324 1.434676 0.690245
vertex 0.567336 1.432664 0.680866
endloop
endfacet
facet normal -0.607330 0.740002 0.289044
outer loop
vertex 0.565324 1.434676 0.709754
vertex 0.567336 1.432664 0.719134
vertex 0.574336 1.438409 0.719134
endloop
endfacet
facet normal -0.607277 0.740111 0.288878
outer loop
vertex 0.565324 1.434676 0.709754
vertex 0.574336 1.438409 0.719134
vertex 0.572756 1.440774 0.709754
endloop
endfacet
facet normal -0.185010 0.225435 -0.956530
outer loop
vertex 0.593103 1.406898 0.650960
vertex 0.586470 1.413530 0.653806
vertex 0.589369 1.415909 0.653806
endloop
endfacet
facet normal -0.184869 0.225482 -0.956546
outer loop
vertex 0.593103 1.406898 0.650960
vertex 0.589369 1.415909 0.653806
vertex 0.594581 1.408110 0.650960
endloop
endfacet
facet normal -0.631287 0.769384 0.097600
outer loop
vertex 0.564645 1.435356 0.700000
vertex 0.565324 1.434676 0.709754
vertex 0.572756 1.440774 0.709754
endloop
endfacet
facet normal -0.631339 0.769335 0.097646
outer loop
vertex 0.564645 1.435356 0.700000
vertex 0.572756 1.440774 0.709754
vertex 0.572221 1.441573 0.700000
endloop
endfacet
facet normal -0.062440 0.076183 0.995137
outer loop
vertex 0.593103 1.406898 0.749039
vertex 0.600000 1.400000 0.750000
vertex 0.594581 1.408110 0.749039
endloop
endfacet
facet normal -0.062413 0.076106 -0.995144
outer loop
vertex 0.600000 1.400000 0.650000
vertex 0.593103 1.406898 0.650960
vertex 0.594581 1.408110 0.650960
endloop
endfacet
facet normal -0.631329 0.769350 -0.097591
outer loop
vertex 0.565324 1.434676 0.690245
vertex 0.564645 1.435356 0.700000
vertex 0.572221 1.441573 0.700000
endloop
endfacet
facet normal -0.631288 0.769378 -0.097635
outer loop
vertex 0.565324 1.434676 0.690245
vertex 0.572221 1.441573 0.700000
vertex 0.572756 1.440774 0.690245
endloop
endfacet
facet normal -0.184883 0.225427 0.956557
outer loop
vertex 0.586470 1.413530 0.746194
vertex 0.593103 1.406898 0.749039
vertex 0.594581 1.408110 0.749039
endloop
endfacet
facet normal -0.184955 0.225354 0.956560
outer loop
vertex 0.586470 1.413530 0.746194
vertex 0.594581 1.408110 0.749039
vertex 0.589369 1.415909 0.746194
endloop
endfacet
facet normal -0.607248 0.740075 -0.289029
outer loop
vertex 0.567336 1.432664 0.680866
vertex 0.565324 1.434676 0.690245
vertex 0.572756 1.440774 0.690245
endloop
endfacet
facet normal -0.607354 0.740026 -0.288933
outer loop
vertex 0.567336 1.432664 0.680866
vertex 0.572756 1.440774 0.690245
vertex 0.574336 1.438409 0.680866
endloop
endfacet
facet normal -0.300182 0.365828 0.880943
outer loop
vertex 0.580357 1.419642 0.741573
vertex 0.586470 1.413530 0.746194
vertex 0.589369 1.415909 0.746194
endloop
endfacet
facet normal -0.300205 0.365792 0.880950
outer loop
vertex 0.580357 1.419642 0.741573
vertex 0.589369 1.415909 0.746194
vertex 0.584567 1.423097 0.741573
endloop
endfacet
facet normal -0.560133 0.682470 -0.469559
outer loop
vertex 0.570603 1.429397 0.672221
vertex 0.567336 1.432664 0.680866
vertex 0.574336 1.438409 0.680866
endloop
endfacet
facet normal -0.560069 0.682500 -0.469592
outer loop
vertex 0.570603 1.429397 0.672221
vertex 0.574336 1.438409 0.680866
vertex 0.576903 1.434567 0.672221
endloop
endfacet
facet normal -0.403582 0.491755 0.771556
outer loop
vertex 0.575000 1.425000 0.735356
vertex 0.580357 1.419642 0.741573
vertex 0.584567 1.423097 0.741573
endloop
endfacet
facet normal -0.403595 0.491713 0.771576
outer loop
vertex 0.575000 1.425000 0.735356
vertex 0.584567 1.423097 0.741573
vertex 0.580357 1.429397 0.735356
endloop
endfacet
facet normal -0.491293 0.598666 -0.632637
outer loop
vertex 0.575000 1.425000 0.664645
vertex 0.570603 1.429397 0.672221
vertex 0.576903 1.434567 0.672221
endloop
endfacet
facet normal -0.491371 0.598662 -0.632581
outer loop
vertex 0.575000 1.425000 0.664645
vertex 0.576903 1.434567 0.672221
vertex 0.580357 1.429397 0.664645
endloop
endfacet
facet normal -0.491400 0.598690 0.632532
outer loop
vertex 0.570603 1.429397 0.727778
vertex 0.575000 1.425000 0.735356
vertex 0.580357 1.429397 0.735356
endloop
endfacet
facet normal -0.491368 0.598764 0.632486
outer loop
vertex 0.570603 1.429397 0.727778
vertex 0.580357 1.429397 0.735356
vertex 0.576903 1.434567 0.727778
endloop
endfacet
facet normal -0.403649 0.491777 -0.771507
outer loop
vertex 0.580357 1.419642 0.658427
vertex 0.575000 1.425000 0.664645
vertex 0.580357 1.429397 0.664645
endloop
endfacet
facet normal -0.403602 0.491782 -0.771528
outer loop
vertex 0.580357 1.419642 0.658427
vertex 0.580357 1.429397 0.664645
vertex 0.584567 1.423097 0.658427
endloop
endfacet
facet normal -0.560075 0.682497 0.469588
outer loop
vertex 0.567336 1.432664 0.719134
vertex 0.570603 1.429397 0.727778
vertex 0.576903 1.434567 0.727778
endloop
endfacet
facet normal -0.560101 0.682440 0.469641
outer loop
vertex 0.567336 1.432664 0.719134
vertex 0.576903 1.434567 0.727778
vertex 0.574336 1.438409 0.719134
endloop
endfacet
facet normal -0.300202 0.365798 -0.880949
outer loop
vertex 0.586470 1.413530 0.653806
vertex 0.580357 1.419642 0.658427
vertex 0.584567 1.423097 0.658427
endloop
endfacet
facet normal -0.300186 0.365810 -0.880949
outer loop
vertex 0.586470 1.413530 0.653806
vertex 0.584567 1.423097 0.658427
vertex 0.589369 1.415909 0.653806
endloop
endfacet
facet normal -0.416146 0.778649 -0.469605
outer loop
vertex 0.576903 1.434567 0.672221
vertex 0.574336 1.438409 0.680866
vertex 0.582322 1.442677 0.680866
endloop
endfacet
facet normal -0.416177 0.778649 -0.469577
outer loop
vertex 0.576903 1.434567 0.672221
vertex 0.582322 1.442677 0.680866
vertex 0.584091 1.438409 0.672221
endloop
endfacet
facet normal -0.299892 0.561011 0.771577
outer loop
vertex 0.580357 1.429397 0.735356
vertex 0.584567 1.423097 0.741573
vertex 0.589369 1.425664 0.741573
endloop
endfacet
facet normal -0.299846 0.561062 0.771558
outer loop
vertex 0.580357 1.429397 0.735356
vertex 0.589369 1.425664 0.741573
vertex 0.586470 1.432664 0.735356
endloop
endfacet
facet normal -0.365096 0.683055 -0.632567
outer loop
vertex 0.580357 1.429397 0.664645
vertex 0.576903 1.434567 0.672221
vertex 0.584091 1.438409 0.672221
endloop
endfacet
facet normal -0.365042 0.683066 -0.632586
outer loop
vertex 0.580357 1.429397 0.664645
vertex 0.584091 1.438409 0.672221
vertex 0.586470 1.432664 0.664645
endloop
endfacet
facet normal -0.365094 0.683161 0.632453
outer loop
vertex 0.576903 1.434567 0.727778
vertex 0.580357 1.429397 0.735356
vertex 0.586470 1.432664 0.735356
endloop
endfacet
facet normal -0.365114 0.683113 0.632494
outer loop
vertex 0.576903 1.434567 0.727778
vertex 0.586470 1.432664 0.735356
vertex 0.584091 1.438409 0.727778
endloop
endfacet
facet normal -0.299860 0.561096 -0.771527
outer loop
vertex 0.584567 1.423097 0.658427
vertex 0.580357 1.429397 0.664645
vertex 0.586470 1.432664 0.664645
endloop
endfacet
facet normal -0.299922 0.561104 -0.771498
outer loop
vertex 0.584567 1.423097 0.658427
vertex 0.586470 1.432664 0.664645
vertex 0.589369 1.425664 0.658427
endloop
endfacet
facet normal -0.416166 0.778613 0.469646
outer loop
vertex 0.574336 1.438409 0.719134
vertex 0.576903 1.434567 0.727778
vertex 0.584091 1.438409 0.727778
endloop
endfacet
facet normal -0.416142 0.778646 0.469612
outer loop
vertex 0.574336 1.438409 0.719134
vertex 0.584091 1.438409 0.727778
vertex 0.582322 1.442677 0.719134
endloop
endfacet
facet normal -0.223073 0.417309 -0.880961
outer loop
vertex 0.589369 1.415909 0.653806
vertex 0.584567 1.423097 0.658427
vertex 0.589369 1.425664 0.658427
endloop
endfacet
facet normal -0.223028 0.417300 -0.880976
outer loop
vertex 0.589369 1.415909 0.653806
vertex 0.589369 1.425664 0.658427
vertex 0.592677 1.417677 0.653806
endloop
endfacet
facet normal -0.451251 0.844335 0.288912
outer loop
vertex 0.572756 1.440774 0.709754
vertex 0.574336 1.438409 0.719134
vertex 0.582322 1.442677 0.719134
endloop
endfacet
facet normal -0.451380 0.844221 0.289044
outer loop
vertex 0.572756 1.440774 0.709754
vertex 0.582322 1.442677 0.719134
vertex 0.581234 1.445307 0.709754
endloop
endfacet
facet normal -0.137463 0.257198 -0.956532
outer loop
vertex 0.594581 1.408110 0.650960
vertex 0.589369 1.415909 0.653806
vertex 0.592677 1.417677 0.653806
endloop
endfacet
facet normal -0.137573 0.257176 -0.956522
outer loop
vertex 0.594581 1.408110 0.650960
vertex 0.592677 1.417677 0.653806
vertex 0.596267 1.409012 0.650960
endloop
endfacet
facet normal -0.469257 0.877647 0.097636
outer loop
vertex 0.572221 1.441573 0.700000
vertex 0.572756 1.440774 0.709754
vertex 0.581234 1.445307 0.709754
endloop
endfacet
facet normal -0.469156 0.877715 0.097513
outer loop
vertex 0.572221 1.441573 0.700000
vertex 0.581234 1.445307 0.709754
vertex 0.580866 1.446194 0.700000
endloop
endfacet
facet normal -0.046436 0.086862 0.995138
outer loop
vertex 0.594581 1.408110 0.749039
vertex 0.600000 1.400000 0.750000
vertex 0.596267 1.409012 0.749039
endloop
endfacet
facet normal -0.046431 0.086782 -0.995145
outer loop
vertex 0.600000 1.400000 0.650000
vertex 0.594581 1.408110 0.650960
vertex 0.596267 1.409012 0.650960
endloop
endfacet
facet normal -0.469153 0.877704 -0.097628
outer loop
vertex 0.572756 1.440774 0.690245
vertex 0.572221 1.441573 0.700000
vertex 0.580866 1.446194 0.700000
endloop
endfacet
facet normal -0.469260 0.877661 -0.097498
outer loop
vertex 0.572756 1.440774 0.690245
vertex 0.580866 1.446194 0.700000
vertex 0.581234 1.445307 0.690245
endloop
endfacet
facet normal -0.137475 0.257059 0.956568
outer loop
vertex 0.589369 1.415909 0.746194
vertex 0.594581 1.408110 0.749039
vertex 0.596267 1.409012 0.749039
endloop
endfacet
facet normal -0.137436 0.257135 0.956553
outer loop
vertex 0.589369 1.415909 0.746194
vertex 0.596267 1.409012 0.749039
vertex 0.592677 1.417677 0.746194
endloop
endfacet
facet normal -0.451405 0.844252 -0.288916
outer loop
vertex 0.574336 1.438409 0.680866
vertex 0.572756 1.440774 0.690245
vertex 0.581234 1.445307 0.690245
endloop
endfacet
facet normal -0.451217 0.844287 -0.289107
outer loop
vertex 0.574336 1.438409 0.680866
vertex 0.581234 1.445307 0.690245
vertex 0.582322 1.442677 0.680866
endloop
endfacet
facet normal -0.223046 0.417299 0.880972
outer loop
vertex 0.584567 1.423097 0.741573
vertex 0.589369 1.415909 0.746194
vertex 0.592677 1.417677 0.746194
endloop
endfacet
facet normal -0.223065 0.417310 0.880962
outer loop
vertex 0.584567 1.423097 0.741573
vertex 0.592677 1.417677 0.746194
vertex 0.589369 1.425664 0.741573
endloop
endfacet
facet normal -0.084662 0.279086 -0.956527
outer loop
vertex 0.596267 1.409012 0.650960
vertex 0.592677 1.417677 0.653806
vertex 0.596267 1.418766 0.653806
endloop
endfacet
facet normal -0.084641 0.279100 -0.956525
outer loop
vertex 0.596267 1.409012 0.650960
vertex 0.596267 1.418766 0.653806
vertex 0.598097 1.409567 0.650960
endloop
endfacet
facet normal -0.288854 0.952397 0.097491
outer loop
vertex 0.580866 1.446194 0.700000
vertex 0.581234 1.445307 0.709754
vertex 0.590433 1.448097 0.709754
endloop
endfacet
facet normal -0.288898 0.952378 0.097539
outer loop
vertex 0.580866 1.446194 0.700000
vertex 0.590433 1.448097 0.709754
vertex 0.590245 1.449039 0.700000
endloop
endfacet
facet normal -0.028557 0.094275 0.995136
outer loop
vertex 0.596267 1.409012 0.749039
vertex 0.600000 1.400000 0.750000
vertex 0.598097 1.409567 0.749039
endloop
endfacet
facet normal -0.028541 0.094176 -0.995146
outer loop
vertex 0.600000 1.400000 0.650000
vertex 0.596267 1.409012 0.650960
vertex 0.598097 1.409567 0.650960
endloop
endfacet
facet normal -0.288901 0.952384 -0.097470
outer loop
vertex 0.581234 1.445307 0.690245
vertex 0.580866 1.446194 0.700000
vertex 0.590245 1.449039 0.700000
endloop
endfacet
facet normal -0.288850 0.952392 -0.097541
outer loop
vertex 0.581234 1.445307 0.690245
vertex 0.590245 1.449039 0.700000
vertex 0.590433 1.448097 0.690245
endloop
endfacet
facet normal -0.084624 0.279003 0.956554
outer loop
vertex 0.592677 1.417677 0.746194
vertex 0.596267 1.409012 0.749039
vertex 0.598097 1.409567 0.749039
endloop
endfacet
facet normal -0.084641 0.279006 0.956552
outer loop
vertex 0.592677 1.417677 0.746194
vertex 0.598097 1.409567 0.749039
vertex 0.596267 1.418766 0.746194
endloop
endfacet
facet normal -0.277846 0.916087 -0.289112
outer loop
vertex 0.582322 1.442677 0.680866
vertex 0.581234 1.445307 0.690245
vertex 0.590433 1.448097 0.690245
endloop
endfacet
facet normal -0.278014 0.916082 -0.288968
outer loop
vertex 0.582322 1.442677 0.680866
vertex 0.590433 1.448097 0.690245
vertex 0.590988 1.445307 0.680866
endloop
endfacet
facet normal -0.137357 0.452820 0.880958
outer loop
vertex 0.589369 1.425664 0.741573
vertex 0.592677 1.417677 0.746194
vertex 0.596267 1.418766 0.746194
endloop
endfacet
facet normal -0.137360 0.452798 0.880969
outer loop
vertex 0.589369 1.425664 0.741573
vertex 0.596267 1.418766 0.746194
vertex 0.594581 1.427245 0.741573
endloop
endfacet
facet normal -0.256404 0.844851 -0.469557
outer loop
vertex 0.584091 1.438409 0.672221
vertex 0.582322 1.442677 0.680866
vertex 0.590988 1.445307 0.680866
endloop
endfacet
facet normal -0.256185 0.844817 -0.469738
outer loop
vertex 0.584091 1.438409 0.672221
vertex 0.590988 1.445307 0.680866
vertex 0.591890 1.440774 0.672221
endloop
endfacet
facet normal -0.184670 0.608767 0.771557
outer loop
vertex 0.586470 1.432664 0.735356
vertex 0.589369 1.425664 0.741573
vertex 0.594581 1.427245 0.741573
endloop
endfacet
facet normal -0.184665 0.608791 0.771539
outer loop
vertex 0.586470 1.432664 0.735356
vertex 0.594581 1.427245 0.741573
vertex 0.593103 1.434676 0.735356
endloop
endfacet
facet normal -0.224747 0.741136 -0.632619
outer loop
vertex 0.586470 1.432664 0.664645
vertex 0.584091 1.438409 0.672221
vertex 0.591890 1.440774 0.672221
endloop
endfacet
facet normal -0.224817 0.741167 -0.632557
outer loop
vertex 0.586470 1.432664 0.664645
vertex 0.591890 1.440774 0.672221
vertex 0.593103 1.434676 0.664645
endloop
endfacet
facet normal -0.224828 0.741187 0.632529
outer loop
vertex 0.584091 1.438409 0.727778
vertex 0.586470 1.432664 0.735356
vertex 0.593103 1.434676 0.735356
endloop
endfacet
facet normal -0.224778 0.741265 0.632456
outer loop
vertex 0.584091 1.438409 0.727778
vertex 0.593103 1.434676 0.735356
vertex 0.591890 1.440774 0.727778
endloop
endfacet
facet normal -0.184692 0.608848 -0.771488
outer loop
vertex 0.589369 1.425664 0.658427
vertex 0.586470 1.432664 0.664645
vertex 0.593103 1.434676 0.664645
endloop
endfacet
facet normal -0.184688 0.608837 -0.771497
outer loop
vertex 0.589369 1.425664 0.658427
vertex 0.593103 1.434676 0.664645
vertex 0.594581 1.427245 0.658427
endloop
endfacet
facet normal -0.256202 0.844884 0.469608
outer loop
vertex 0.582322 1.442677 0.719134
vertex 0.584091 1.438409 0.727778
vertex 0.591890 1.440774 0.727778
endloop
endfacet
facet normal -0.256373 0.844755 0.469747
outer loop
vertex 0.582322 1.442677 0.719134
vertex 0.591890 1.440774 0.727778
vertex 0.590988 1.445307 0.719134
endloop
endfacet
facet normal -0.137356 0.452816 -0.880961
outer loop
vertex 0.592677 1.417677 0.653806
vertex 0.589369 1.425664 0.658427
vertex 0.594581 1.427245 0.658427
endloop
endfacet
facet normal -0.137370 0.452794 -0.880969
outer loop
vertex 0.592677 1.417677 0.653806
vertex 0.594581 1.427245 0.658427
vertex 0.596267 1.418766 0.653806
endloop
endfacet
facet normal -0.278008 0.916040 0.289107
outer loop
vertex 0.581234 1.445307 0.709754
vertex 0.582322 1.442677 0.719134
vertex 0.590988 1.445307 0.719134
endloop
endfacet
facet normal -0.277859 0.916143 0.288924
outer loop
vertex 0.581234 1.445307 0.709754
vertex 0.590988 1.445307 0.719134
vertex 0.590433 1.448097 0.709754
endloop
endfacet
facet normal -0.062266 0.633126 0.771540
outer loop
vertex 0.593103 1.434676 0.735356
vertex 0.594581 1.427245 0.741573
vertex 0.600000 1.427778 0.741573
endloop
endfacet
facet normal -0.062422 0.633025 0.771611
outer loop
vertex 0.593103 1.434676 0.735356
vertex 0.600000 1.427778 0.741573
vertex 0.600000 1.435356 0.735356
endloop
endfacet
facet normal -0.075950 0.770765 -0.632576
outer loop
vertex 0.593103 1.434676 0.664645
vertex 0.591890 1.440774 0.672221
vertex 0.600000 1.441573 0.672221
endloop
endfacet
facet normal -0.076002 0.770803 -0.632524
outer loop
vertex 0.593103 1.434676 0.664645
vertex 0.600000 1.441573 0.672221
vertex 0.600000 1.435356 0.664645
endloop
endfacet
facet normal -0.076010 0.770839 0.632479
outer loop
vertex 0.591890 1.440774 0.727778
vertex 0.593103 1.434676 0.735356
vertex 0.600000 1.435356 0.735356
endloop
endfacet
facet normal -0.075955 0.770884 0.632431
outer loop
vertex 0.591890 1.440774 0.727778
vertex 0.600000 1.435356 0.735356
vertex 0.600000 1.441573 0.727778
endloop
endfacet
facet normal -0.062435 0.633153 -0.771504
outer loop
vertex 0.594581 1.427245 0.658427
vertex 0.593103 1.434676 0.664645
vertex 0.600000 1.435356 0.664645
endloop
endfacet
facet normal -0.062259 0.633089 -0.771571
outer loop
vertex 0.594581 1.427245 0.658427
vertex 0.600000 1.435356 0.664645
vertex 0.600000 1.427778 0.658427
endloop
endfacet
facet normal -0.086558 0.878545 0.469752
outer loop
vertex 0.590988 1.445307 0.719134
vertex 0.591890 1.440774 0.727778
vertex 0.600000 1.441573 0.727778
endloop
endfacet
facet normal -0.086467 0.878588 0.469687
outer loop
vertex 0.590988 1.445307 0.719134
vertex 0.600000 1.441573 0.727778
vertex 0.600000 1.446194 0.719134
endloop
endfacet
facet normal -0.046320 0.470912 -0.880963
outer loop
vertex 0.596267 1.418766 0.653806
vertex 0.594581 1.427245 0.658427
vertex 0.600000 1.427778 0.658427
endloop
endfacet
facet normal -0.046403 0.470954 -0.880936
outer loop
vertex 0.596267 1.418766 0.653806
vertex 0.600000 1.427778 0.658427
vertex 0.600000 1.419134 0.653806
endloop
endfacet
facet normal -0.093764 0.952746 0.288936
outer loop
vertex 0.590433 1.448097 0.709754
vertex 0.590988 1.445307 0.719134
vertex 0.600000 1.446194 0.719134
endloop
endfacet
facet normal -0.093809 0.952729 0.288975
outer loop
vertex 0.590433 1.448097 0.709754
vertex 0.600000 1.446194 0.719134
vertex 0.600000 1.449039 0.709754
endloop
endfacet
facet normal -0.028612 0.290221 -0.956532
outer loop
vertex 0.598097 1.409567 0.650960
vertex 0.596267 1.418766 0.653806
vertex 0.600000 1.419134 0.653806
endloop
endfacet
facet normal -0.028497 0.290231 -0.956532
outer loop
vertex 0.598097 1.409567 0.650960
vertex 0.600000 1.419134 0.653806
vertex 0.600000 1.409754 0.650960
endloop
endfacet
facet normal -0.097521 0.990442 0.097544
outer loop
vertex 0.590245 1.449039 0.700000
vertex 0.590433 1.448097 0.709754
vertex 0.600000 1.449039 0.709754
endloop
endfacet
facet normal -0.097567 0.990435 0.097563
outer loop
vertex 0.590245 1.449039 0.700000
vertex 0.600000 1.449039 0.709754
vertex 0.600000 1.450000 0.700000
endloop
endfacet
facet normal -0.009686 0.098050 0.995134
outer loop
vertex 0.598097 1.409567 0.749039
vertex 0.600000 1.400000 0.750000
vertex 0.600000 1.409754 0.749039
endloop
endfacet
facet normal -0.009615 0.097952 -0.995145
outer loop
vertex 0.600000 1.400000 0.650000
vertex 0.598097 1.409567 0.650960
vertex 0.600000 1.409754 0.650960
endloop
endfacet
facet normal -0.097565 0.990440 -0.097514
outer loop
vertex 0.590433 1.448097 0.690245
vertex 0.590245 1.449039 0.700000
vertex 0.600000 1.450000 0.700000
endloop
endfacet
facet normal -0.097521 0.990439 -0.097573
outer loop
vertex 0.590433 1.448097 0.690245
vertex 0.600000 1.450000 0.700000
vertex 0.600000 1.449039 0.690245
endloop
endfacet
facet normal -0.028513 0.290151 0.956556
outer loop
vertex 0.596267 1.418766 0.746194
vertex 0.598097 1.409567 0.749039
vertex 0.600000 1.409754 0.749039
endloop
endfacet
facet normal -0.028596 0.290124 0.956562
outer loop
vertex 0.596267 1.418766 0.746194
vertex 0.600000 1.409754 0.749039
vertex 0.600000 1.419134 0.746194
endloop
endfacet
facet normal -0.093808 0.952738 -0.288948
outer loop
vertex 0.590988 1.445307 0.680866
vertex 0.590433 1.448097 0.690245
vertex 0.600000 1.449039 0.690245
endloop
endfacet
facet normal -0.093765 0.952726 -0.289001
outer loop
vertex 0.590988 1.445307 0.680866
vertex 0.600000 1.449039 0.690245
vertex 0.600000 1.446194 0.680866
endloop
endfacet
facet normal -0.046429 0.470901 0.880964
outer loop
vertex 0.594581 1.427245 0.741573
vertex 0.596267 1.418766 0.746194
vertex 0.600000 1.419134 0.746194
endloop
endfacet
facet normal -0.046310 0.470949 0.880944
outer loop
vertex 0.594581 1.427245 0.741573
vertex 0.600000 1.419134 0.746194
vertex 0.600000 1.427778 0.741573
endloop
endfacet
facet normal -0.086462 0.878566 -0.469729
outer loop
vertex 0.591890 1.440774 0.672221
vertex 0.590988 1.445307 0.680866
vertex 0.600000 1.446194 0.680866
endloop
endfacet
facet normal -0.086564 0.878616 -0.469618
outer loop
vertex 0.591890 1.440774 0.672221
vertex 0.600000 1.446194 0.680866
vertex 0.600000 1.441573 0.672221
endloop
endfacet
endsolid Exported from Blender-2.82 (sub 7)
