solid Exported from Blender-2.82 (sub 7)
facet normal 0.086467 0.878614 -0.469639
outer loop
vertex 1.400000 0.641573 0.672221
vertex 1.400000 0.646194 0.680866
vertex 1.409012 0.645307 0.680866
endloop
endfacet
facet normal 0.086559 0.878571 -0.469703
outer loop
vertex 1.400000 0.641573 0.672221
vertex 1.409012 0.645307 0.680866
vertex 1.408110 0.640774 0.672221
endloop
endfacet
facet normal 0.062274 0.633026 0.771622
outer loop
vertex 1.400000 0.635356 0.735356
vertex 1.400000 0.627778 0.741573
vertex 1.405419 0.627245 0.741573
endloop
endfacet
facet normal 0.062405 0.633095 0.771554
outer loop
vertex 1.400000 0.635356 0.735356
vertex 1.405419 0.627245 0.741573
vertex 1.406898 0.634676 0.735356
endloop
endfacet
facet normal 0.075947 0.770794 -0.632541
outer loop
vertex 1.400000 0.635356 0.664645
vertex 1.400000 0.641573 0.672221
vertex 1.408110 0.640774 0.672221
endloop
endfacet
facet normal 0.075999 0.770790 -0.632540
outer loop
vertex 1.400000 0.635356 0.664645
vertex 1.408110 0.640774 0.672221
vertex 1.406898 0.634676 0.664645
endloop
endfacet
facet normal 0.076003 0.770883 0.632427
outer loop
vertex 1.400000 0.641573 0.727778
vertex 1.400000 0.635356 0.735356
vertex 1.406898 0.634676 0.735356
endloop
endfacet
facet normal 0.075952 0.770855 0.632466
outer loop
vertex 1.400000 0.641573 0.727778
vertex 1.406898 0.634676 0.735356
vertex 1.408110 0.640774 0.727778
endloop
endfacet
facet normal 0.062418 0.633098 -0.771551
outer loop
vertex 1.400000 0.627778 0.658427
vertex 1.400000 0.635356 0.664645
vertex 1.406898 0.634676 0.664645
endloop
endfacet
facet normal 0.062267 0.633168 -0.771505
outer loop
vertex 1.400000 0.627778 0.658427
vertex 1.406898 0.634676 0.664645
vertex 1.405419 0.627245 0.658427
endloop
endfacet
facet normal 0.086563 0.878585 0.469675
outer loop
vertex 1.400000 0.646194 0.719134
vertex 1.400000 0.641573 0.727778
vertex 1.408110 0.640774 0.727778
endloop
endfacet
facet normal 0.086465 0.878554 0.469752
outer loop
vertex 1.400000 0.646194 0.719134
vertex 1.408110 0.640774 0.727778
vertex 1.409012 0.645307 0.719134
endloop
endfacet
facet normal 0.046306 0.470949 -0.880944
outer loop
vertex 1.400000 0.619134 0.653806
vertex 1.400000 0.627778 0.658427
vertex 1.405419 0.627245 0.658427
endloop
endfacet
facet normal 0.046421 0.470925 -0.880951
outer loop
vertex 1.400000 0.619134 0.653806
vertex 1.405419 0.627245 0.658427
vertex 1.403733 0.618766 0.653806
endloop
endfacet
facet normal 0.093765 0.952735 0.288972
outer loop
vertex 1.400000 0.649039 0.709754
vertex 1.400000 0.646194 0.719134
vertex 1.409012 0.645307 0.719134
endloop
endfacet
facet normal 0.093805 0.952742 0.288935
outer loop
vertex 1.400000 0.649039 0.709754
vertex 1.409012 0.645307 0.719134
vertex 1.409567 0.648097 0.709754
endloop
endfacet
facet normal 0.028610 0.290204 -0.956537
outer loop
vertex 1.400000 0.609754 0.650960
vertex 1.400000 0.619134 0.653806
vertex 1.403733 0.618766 0.653806
endloop
endfacet
facet normal 0.028499 0.290282 -0.956517
outer loop
vertex 1.400000 0.609754 0.650960
vertex 1.403733 0.618766 0.653806
vertex 1.401903 0.609567 0.650960
endloop
endfacet
facet normal 0.097520 0.990439 0.097573
outer loop
vertex 1.400000 0.650000 0.700000
vertex 1.400000 0.649039 0.709754
vertex 1.409567 0.648097 0.709754
endloop
endfacet
facet normal 0.097579 0.990438 0.097522
outer loop
vertex 1.400000 0.650000 0.700000
vertex 1.409567 0.648097 0.709754
vertex 1.409754 0.649039 0.700000
endloop
endfacet
facet normal 0.009686 0.098048 0.995135
outer loop
vertex 1.400000 0.609754 0.749039
vertex 1.400000 0.600000 0.750000
vertex 1.401903 0.609567 0.749039
endloop
endfacet
facet normal 0.009615 0.097949 -0.995145
outer loop
vertex 1.400000 0.600000 0.650000
vertex 1.400000 0.609754 0.650960
vertex 1.401903 0.609567 0.650960
endloop
endfacet
facet normal 0.097576 0.990434 -0.097564
outer loop
vertex 1.400000 0.649039 0.690245
vertex 1.400000 0.650000 0.700000
vertex 1.409754 0.649039 0.700000
endloop
endfacet
facet normal 0.097522 0.990445 -0.097511
outer loop
vertex 1.400000 0.649039 0.690245
vertex 1.409754 0.649039 0.700000
vertex 1.409567 0.648097 0.690245
endloop
endfacet
facet normal 0.028459 0.290107 0.956571
outer loop
vertex 1.400000 0.619134 0.746194
vertex 1.400000 0.609754 0.749039
vertex 1.401903 0.609567 0.749039
endloop
endfacet
facet normal 0.028623 0.290153 0.956552
outer loop
vertex 1.400000 0.619134 0.746194
vertex 1.401903 0.609567 0.749039
vertex 1.403733 0.618766 0.746194
endloop
endfacet
facet normal 0.093808 0.952720 -0.289008
outer loop
vertex 1.400000 0.646194 0.680866
vertex 1.400000 0.649039 0.690245
vertex 1.409567 0.648097 0.690245
endloop
endfacet
facet normal 0.093766 0.952739 -0.288958
outer loop
vertex 1.400000 0.646194 0.680866
vertex 1.409567 0.648097 0.690245
vertex 1.409012 0.645307 0.680866
endloop
endfacet
facet normal 0.046409 0.470939 0.880944
outer loop
vertex 1.400000 0.627778 0.741573
vertex 1.400000 0.619134 0.746194
vertex 1.403733 0.618766 0.746194
endloop
endfacet
facet normal 0.046323 0.470939 0.880949
outer loop
vertex 1.400000 0.627778 0.741573
vertex 1.403733 0.618766 0.746194
vertex 1.405419 0.627245 0.741573
endloop
endfacet
facet normal 0.277853 0.916133 -0.288961
outer loop
vertex 1.409012 0.645307 0.680866
vertex 1.409567 0.648097 0.690245
vertex 1.418766 0.645307 0.690245
endloop
endfacet
facet normal 0.278028 0.916020 -0.289150
outer loop
vertex 1.409012 0.645307 0.680866
vertex 1.418766 0.645307 0.690245
vertex 1.417677 0.642677 0.680866
endloop
endfacet
facet normal 0.137400 0.452770 0.880977
outer loop
vertex 1.405419 0.627245 0.741573
vertex 1.403733 0.618766 0.746194
vertex 1.407322 0.617677 0.746194
endloop
endfacet
facet normal 0.137367 0.452799 0.880967
outer loop
vertex 1.405419 0.627245 0.741573
vertex 1.407322 0.617677 0.746194
vertex 1.410630 0.625664 0.741573
endloop
endfacet
facet normal 0.256400 0.844768 -0.469709
outer loop
vertex 1.408110 0.640774 0.672221
vertex 1.409012 0.645307 0.680866
vertex 1.417677 0.642677 0.680866
endloop
endfacet
facet normal 0.256227 0.844908 -0.469552
outer loop
vertex 1.408110 0.640774 0.672221
vertex 1.417677 0.642677 0.680866
vertex 1.415909 0.638409 0.672221
endloop
endfacet
facet normal 0.184704 0.608755 0.771558
outer loop
vertex 1.406898 0.634676 0.735356
vertex 1.405419 0.627245 0.741573
vertex 1.410630 0.625664 0.741573
endloop
endfacet
facet normal 0.184695 0.608756 0.771560
outer loop
vertex 1.406898 0.634676 0.735356
vertex 1.410630 0.625664 0.741573
vertex 1.413530 0.632664 0.735356
endloop
endfacet
facet normal 0.224767 0.741169 -0.632572
outer loop
vertex 1.406898 0.634676 0.664645
vertex 1.408110 0.640774 0.672221
vertex 1.415909 0.638409 0.672221
endloop
endfacet
facet normal 0.224838 0.741126 -0.632598
outer loop
vertex 1.406898 0.634676 0.664645
vertex 1.415909 0.638409 0.672221
vertex 1.413530 0.632664 0.664645
endloop
endfacet
facet normal 0.224869 0.741236 0.632458
outer loop
vertex 1.408110 0.640774 0.727778
vertex 1.406898 0.634676 0.735356
vertex 1.413530 0.632664 0.735356
endloop
endfacet
facet normal 0.224781 0.741226 0.632501
outer loop
vertex 1.408110 0.640774 0.727778
vertex 1.413530 0.632664 0.735356
vertex 1.415909 0.638409 0.727778
endloop
endfacet
facet normal 0.184714 0.608811 -0.771511
outer loop
vertex 1.405419 0.627245 0.658427
vertex 1.406898 0.634676 0.664645
vertex 1.413530 0.632664 0.664645
endloop
endfacet
facet normal 0.184711 0.608832 -0.771495
outer loop
vertex 1.405419 0.627245 0.658427
vertex 1.413530 0.632664 0.664645
vertex 1.410630 0.625664 0.658427
endloop
endfacet
facet normal 0.256183 0.844804 0.469762
outer loop
vertex 1.409012 0.645307 0.719134
vertex 1.408110 0.640774 0.727778
vertex 1.415909 0.638409 0.727778
endloop
endfacet
facet normal 0.256420 0.844826 0.469593
outer loop
vertex 1.409012 0.645307 0.719134
vertex 1.415909 0.638409 0.727778
vertex 1.417677 0.642677 0.719134
endloop
endfacet
facet normal 0.137382 0.452788 -0.880971
outer loop
vertex 1.403733 0.618766 0.653806
vertex 1.405419 0.627245 0.658427
vertex 1.410630 0.625664 0.658427
endloop
endfacet
facet normal 0.137409 0.452785 -0.880968
outer loop
vertex 1.403733 0.618766 0.653806
vertex 1.410630 0.625664 0.658427
vertex 1.407322 0.617677 0.653806
endloop
endfacet
facet normal 0.278060 0.916077 0.288938
outer loop
vertex 1.409567 0.648097 0.709754
vertex 1.409012 0.645307 0.719134
vertex 1.417677 0.642677 0.719134
endloop
endfacet
facet normal 0.277835 0.916092 0.289109
outer loop
vertex 1.409567 0.648097 0.709754
vertex 1.417677 0.642677 0.719134
vertex 1.418766 0.645307 0.709754
endloop
endfacet
facet normal 0.084683 0.279074 -0.956528
outer loop
vertex 1.401903 0.609567 0.650960
vertex 1.403733 0.618766 0.653806
vertex 1.407322 0.617677 0.653806
endloop
endfacet
facet normal 0.084647 0.279097 -0.956525
outer loop
vertex 1.401903 0.609567 0.650960
vertex 1.407322 0.617677 0.653806
vertex 1.403733 0.609012 0.650960
endloop
endfacet
facet normal 0.288851 0.952395 0.097511
outer loop
vertex 1.409754 0.649039 0.700000
vertex 1.409567 0.648097 0.709754
vertex 1.418766 0.645307 0.709754
endloop
endfacet
facet normal 0.288862 0.952394 0.097489
outer loop
vertex 1.409754 0.649039 0.700000
vertex 1.418766 0.645307 0.709754
vertex 1.419134 0.646194 0.700000
endloop
endfacet
facet normal 0.028557 0.094269 0.995137
outer loop
vertex 1.401903 0.609567 0.749039
vertex 1.400000 0.600000 0.750000
vertex 1.403733 0.609012 0.749039
endloop
endfacet
facet normal 0.028542 0.094184 -0.995146
outer loop
vertex 1.400000 0.600000 0.650000
vertex 1.401903 0.609567 0.650960
vertex 1.403733 0.609012 0.650960
endloop
endfacet
facet normal 0.288862 0.952393 -0.097496
outer loop
vertex 1.409567 0.648097 0.690245
vertex 1.409754 0.649039 0.700000
vertex 1.419134 0.646194 0.700000
endloop
endfacet
facet normal 0.288854 0.952397 -0.097484
outer loop
vertex 1.409567 0.648097 0.690245
vertex 1.419134 0.646194 0.700000
vertex 1.418766 0.645307 0.690245
endloop
endfacet
facet normal 0.084623 0.278988 0.956559
outer loop
vertex 1.403733 0.618766 0.746194
vertex 1.401903 0.609567 0.749039
vertex 1.403733 0.609012 0.749039
endloop
endfacet
facet normal 0.084666 0.279014 0.956547
outer loop
vertex 1.403733 0.618766 0.746194
vertex 1.403733 0.609012 0.749039
vertex 1.407322 0.617677 0.746194
endloop
endfacet
facet normal 0.223037 0.417319 -0.880965
outer loop
vertex 1.407322 0.617677 0.653806
vertex 1.410630 0.625664 0.658427
vertex 1.415433 0.623097 0.658427
endloop
endfacet
facet normal 0.223028 0.417326 -0.880964
outer loop
vertex 1.407322 0.617677 0.653806
vertex 1.415433 0.623097 0.658427
vertex 1.410630 0.615909 0.653806
endloop
endfacet
facet normal 0.451178 0.844304 0.289118
outer loop
vertex 1.418766 0.645307 0.709754
vertex 1.417677 0.642677 0.719134
vertex 1.425664 0.638409 0.719134
endloop
endfacet
facet normal 0.451352 0.844272 0.288941
outer loop
vertex 1.418766 0.645307 0.709754
vertex 1.425664 0.638409 0.719134
vertex 1.427245 0.640774 0.709754
endloop
endfacet
facet normal 0.137476 0.257229 -0.956522
outer loop
vertex 1.403733 0.609012 0.650960
vertex 1.407322 0.617677 0.653806
vertex 1.410630 0.615909 0.653806
endloop
endfacet
facet normal 0.137550 0.257133 -0.956537
outer loop
vertex 1.403733 0.609012 0.650960
vertex 1.410630 0.615909 0.653806
vertex 1.405419 0.608110 0.650960
endloop
endfacet
facet normal 0.469234 0.877673 0.097522
outer loop
vertex 1.419134 0.646194 0.700000
vertex 1.418766 0.645307 0.709754
vertex 1.427245 0.640774 0.709754
endloop
endfacet
facet normal 0.469205 0.877687 0.097533
outer loop
vertex 1.419134 0.646194 0.700000
vertex 1.427245 0.640774 0.709754
vertex 1.427778 0.641573 0.700000
endloop
endfacet
facet normal 0.046438 0.086871 0.995137
outer loop
vertex 1.403733 0.609012 0.749039
vertex 1.400000 0.600000 0.750000
vertex 1.405419 0.608110 0.749039
endloop
endfacet
facet normal 0.046432 0.086784 -0.995145
outer loop
vertex 1.400000 0.600000 0.650000
vertex 1.403733 0.609012 0.650960
vertex 1.405419 0.608110 0.650960
endloop
endfacet
facet normal 0.469199 0.877694 -0.097502
outer loop
vertex 1.418766 0.645307 0.690245
vertex 1.419134 0.646194 0.700000
vertex 1.427778 0.641573 0.700000
endloop
endfacet
facet normal 0.469233 0.877672 -0.097532
outer loop
vertex 1.418766 0.645307 0.690245
vertex 1.427778 0.641573 0.700000
vertex 1.427245 0.640774 0.690245
endloop
endfacet
facet normal 0.137558 0.257083 0.956549
outer loop
vertex 1.407322 0.617677 0.746194
vertex 1.403733 0.609012 0.749039
vertex 1.405419 0.608110 0.749039
endloop
endfacet
facet normal 0.137398 0.257138 0.956557
outer loop
vertex 1.407322 0.617677 0.746194
vertex 1.405419 0.608110 0.749039
vertex 1.410630 0.615909 0.746194
endloop
endfacet
facet normal 0.451333 0.844216 -0.289133
outer loop
vertex 1.417677 0.642677 0.680866
vertex 1.418766 0.645307 0.690245
vertex 1.427245 0.640774 0.690245
endloop
endfacet
facet normal 0.451193 0.844346 -0.288972
outer loop
vertex 1.417677 0.642677 0.680866
vertex 1.427245 0.640774 0.690245
vertex 1.425664 0.638409 0.680866
endloop
endfacet
facet normal 0.223046 0.417324 0.880960
outer loop
vertex 1.410630 0.625664 0.741573
vertex 1.407322 0.617677 0.746194
vertex 1.410630 0.615909 0.746194
endloop
endfacet
facet normal 0.223028 0.417320 0.880967
outer loop
vertex 1.410630 0.625664 0.741573
vertex 1.410630 0.615909 0.746194
vertex 1.415433 0.623097 0.741573
endloop
endfacet
facet normal 0.416118 0.778701 -0.469542
outer loop
vertex 1.415909 0.638409 0.672221
vertex 1.417677 0.642677 0.680866
vertex 1.425664 0.638409 0.680866
endloop
endfacet
facet normal 0.416160 0.778641 -0.469605
outer loop
vertex 1.415909 0.638409 0.672221
vertex 1.425664 0.638409 0.680866
vertex 1.423097 0.634567 0.672221
endloop
endfacet
facet normal 0.299857 0.561023 0.771582
outer loop
vertex 1.413530 0.632664 0.735356
vertex 1.410630 0.625664 0.741573
vertex 1.415433 0.623097 0.741573
endloop
endfacet
facet normal 0.299878 0.561062 0.771546
outer loop
vertex 1.413530 0.632664 0.735356
vertex 1.415433 0.623097 0.741573
vertex 1.419642 0.629397 0.735356
endloop
endfacet
facet normal 0.365080 0.683037 -0.632596
outer loop
vertex 1.413530 0.632664 0.664645
vertex 1.415909 0.638409 0.672221
vertex 1.423097 0.634567 0.672221
endloop
endfacet
facet normal 0.365081 0.683028 -0.632605
outer loop
vertex 1.413530 0.632664 0.664645
vertex 1.423097 0.634567 0.672221
vertex 1.419642 0.629397 0.664645
endloop
endfacet
facet normal 0.365127 0.683085 0.632516
outer loop
vertex 1.415909 0.638409 0.727778
vertex 1.413530 0.632664 0.735356
vertex 1.419642 0.629397 0.735356
endloop
endfacet
facet normal 0.365109 0.683116 0.632493
outer loop
vertex 1.415909 0.638409 0.727778
vertex 1.419642 0.629397 0.735356
vertex 1.423097 0.634567 0.727778
endloop
endfacet
facet normal 0.299905 0.561076 -0.771525
outer loop
vertex 1.410630 0.625664 0.658427
vertex 1.413530 0.632664 0.664645
vertex 1.419642 0.629397 0.664645
endloop
endfacet
facet normal 0.299887 0.561103 -0.771512
outer loop
vertex 1.410630 0.625664 0.658427
vertex 1.419642 0.629397 0.664645
vertex 1.415433 0.623097 0.658427
endloop
endfacet
facet normal 0.416175 0.778652 0.469574
outer loop
vertex 1.417677 0.642677 0.719134
vertex 1.415909 0.638409 0.727778
vertex 1.423097 0.634567 0.727778
endloop
endfacet
facet normal 0.416091 0.778655 0.469643
outer loop
vertex 1.417677 0.642677 0.719134
vertex 1.423097 0.634567 0.727778
vertex 1.425664 0.638409 0.719134
endloop
endfacet
facet normal 0.300110 0.365824 0.880969
outer loop
vertex 1.415433 0.623097 0.741573
vertex 1.410630 0.615909 0.746194
vertex 1.413530 0.613530 0.746194
endloop
endfacet
facet normal 0.300253 0.365775 0.880941
outer loop
vertex 1.415433 0.623097 0.741573
vertex 1.413530 0.613530 0.746194
vertex 1.419642 0.619642 0.741573
endloop
endfacet
facet normal 0.560117 0.682446 -0.469612
outer loop
vertex 1.423097 0.634567 0.672221
vertex 1.425664 0.638409 0.680866
vertex 1.432664 0.632664 0.680866
endloop
endfacet
facet normal 0.560079 0.682505 -0.469572
outer loop
vertex 1.423097 0.634567 0.672221
vertex 1.432664 0.632664 0.680866
vertex 1.429397 0.629397 0.672221
endloop
endfacet
facet normal 0.403639 0.491728 0.771543
outer loop
vertex 1.419642 0.629397 0.735356
vertex 1.415433 0.623097 0.741573
vertex 1.419642 0.619642 0.741573
endloop
endfacet
facet normal 0.403547 0.491731 0.771589
outer loop
vertex 1.419642 0.629397 0.735356
vertex 1.419642 0.619642 0.741573
vertex 1.425000 0.625000 0.735356
endloop
endfacet
facet normal 0.491304 0.598686 -0.632611
outer loop
vertex 1.419642 0.629397 0.664645
vertex 1.423097 0.634567 0.672221
vertex 1.429397 0.629397 0.672221
endloop
endfacet
facet normal 0.491313 0.598666 -0.632621
outer loop
vertex 1.419642 0.629397 0.664645
vertex 1.429397 0.629397 0.672221
vertex 1.425000 0.625000 0.664645
endloop
endfacet
facet normal 0.491361 0.598738 0.632517
outer loop
vertex 1.423097 0.634567 0.727778
vertex 1.419642 0.629397 0.735356
vertex 1.425000 0.625000 0.735356
endloop
endfacet
facet normal 0.491362 0.598734 0.632519
outer loop
vertex 1.423097 0.634567 0.727778
vertex 1.425000 0.625000 0.735356
vertex 1.429397 0.629397 0.727778
endloop
endfacet
facet normal 0.403610 0.491825 -0.771496
outer loop
vertex 1.415433 0.623097 0.658427
vertex 1.419642 0.629397 0.664645
vertex 1.425000 0.625000 0.664645
endloop
endfacet
facet normal 0.403649 0.491711 -0.771549
outer loop
vertex 1.415433 0.623097 0.658427
vertex 1.425000 0.625000 0.664645
vertex 1.419642 0.619642 0.658427
endloop
endfacet
facet normal 0.560046 0.682474 0.469657
outer loop
vertex 1.425664 0.638409 0.719134
vertex 1.423097 0.634567 0.727778
vertex 1.429397 0.629397 0.727778
endloop
endfacet
facet normal 0.560111 0.682452 0.469612
outer loop
vertex 1.425664 0.638409 0.719134
vertex 1.429397 0.629397 0.727778
vertex 1.432664 0.632664 0.719134
endloop
endfacet
facet normal 0.300221 0.365754 -0.880961
outer loop
vertex 1.410630 0.615909 0.653806
vertex 1.415433 0.623097 0.658427
vertex 1.419642 0.619642 0.658427
endloop
endfacet
facet normal 0.300152 0.365858 -0.880941
outer loop
vertex 1.410630 0.615909 0.653806
vertex 1.419642 0.619642 0.658427
vertex 1.413530 0.613530 0.653806
endloop
endfacet
facet normal 0.607356 0.740013 0.288962
outer loop
vertex 1.427245 0.640774 0.709754
vertex 1.425664 0.638409 0.719134
vertex 1.432664 0.632664 0.719134
endloop
endfacet
facet normal 0.607306 0.740040 0.288998
outer loop
vertex 1.427245 0.640774 0.709754
vertex 1.432664 0.632664 0.719134
vertex 1.434676 0.634676 0.709754
endloop
endfacet
facet normal 0.184956 0.225473 -0.956532
outer loop
vertex 1.405419 0.608110 0.650960
vertex 1.410630 0.615909 0.653806
vertex 1.413530 0.613530 0.653806
endloop
endfacet
facet normal 0.184894 0.225577 -0.956519
outer loop
vertex 1.405419 0.608110 0.650960
vertex 1.413530 0.613530 0.653806
vertex 1.406898 0.606898 0.650960
endloop
endfacet
facet normal 0.631329 0.769358 0.097529
outer loop
vertex 1.427778 0.641573 0.700000
vertex 1.427245 0.640774 0.709754
vertex 1.434676 0.634676 0.709754
endloop
endfacet
facet normal 0.631240 0.769414 0.097661
outer loop
vertex 1.427778 0.641573 0.700000
vertex 1.434676 0.634676 0.709754
vertex 1.435356 0.635356 0.700000
endloop
endfacet
facet normal 0.062408 0.076201 0.995138
outer loop
vertex 1.405419 0.608110 0.749039
vertex 1.400000 0.600000 0.750000
vertex 1.406898 0.606898 0.749039
endloop
endfacet
facet normal 0.062383 0.076126 -0.995145
outer loop
vertex 1.400000 0.600000 0.650000
vertex 1.405419 0.608110 0.650960
vertex 1.406898 0.606898 0.650960
endloop
endfacet
facet normal 0.631235 0.769436 -0.097517
outer loop
vertex 1.427245 0.640774 0.690245
vertex 1.427778 0.641573 0.700000
vertex 1.435356 0.635356 0.700000
endloop
endfacet
facet normal 0.631336 0.769336 -0.097655
outer loop
vertex 1.427245 0.640774 0.690245
vertex 1.435356 0.635356 0.700000
vertex 1.434676 0.634676 0.690245
endloop
endfacet
facet normal 0.184800 0.225438 0.956570
outer loop
vertex 1.410630 0.615909 0.746194
vertex 1.405419 0.608110 0.749039
vertex 1.406898 0.606898 0.749039
endloop
endfacet
facet normal 0.184938 0.225422 0.956547
outer loop
vertex 1.410630 0.615909 0.746194
vertex 1.406898 0.606898 0.749039
vertex 1.413530 0.613530 0.746194
endloop
endfacet
facet normal 0.607314 0.740039 -0.288986
outer loop
vertex 1.425664 0.638409 0.680866
vertex 1.427245 0.640774 0.690245
vertex 1.434676 0.634676 0.690245
endloop
endfacet
facet normal 0.607332 0.740004 -0.289035
outer loop
vertex 1.425664 0.638409 0.680866
vertex 1.434676 0.634676 0.690245
vertex 1.432664 0.632664 0.680866
endloop
endfacet
facet normal 0.740010 0.607337 0.289010
outer loop
vertex 1.434676 0.634676 0.709754
vertex 1.432664 0.632664 0.719134
vertex 1.438409 0.625664 0.719134
endloop
endfacet
facet normal 0.740057 0.607304 0.288960
outer loop
vertex 1.434676 0.634676 0.709754
vertex 1.438409 0.625664 0.719134
vertex 1.440774 0.627245 0.709754
endloop
endfacet
facet normal 0.225490 0.184988 -0.956522
outer loop
vertex 1.406898 0.606898 0.650960
vertex 1.413530 0.613530 0.653806
vertex 1.415909 0.610630 0.653806
endloop
endfacet
facet normal 0.225536 0.184840 -0.956539
outer loop
vertex 1.406898 0.606898 0.650960
vertex 1.415909 0.610630 0.653806
vertex 1.408110 0.605419 0.650960
endloop
endfacet
facet normal 0.769326 0.631348 0.097661
outer loop
vertex 1.435356 0.635356 0.700000
vertex 1.434676 0.634676 0.709754
vertex 1.440774 0.627245 0.709754
endloop
endfacet
facet normal 0.769433 0.631239 0.097521
outer loop
vertex 1.435356 0.635356 0.700000
vertex 1.440774 0.627245 0.709754
vertex 1.441573 0.627778 0.700000
endloop
endfacet
facet normal 0.076192 0.062436 0.995136
outer loop
vertex 1.406898 0.606898 0.749039
vertex 1.400000 0.600000 0.750000
vertex 1.408110 0.605419 0.749039
endloop
endfacet
facet normal 0.076116 0.062373 -0.995146
outer loop
vertex 1.400000 0.600000 0.650000
vertex 1.406898 0.606898 0.650960
vertex 1.408110 0.605419 0.650960
endloop
endfacet
facet normal 0.769428 0.631226 -0.097643
outer loop
vertex 1.434676 0.634676 0.690245
vertex 1.435356 0.635356 0.700000
vertex 1.441573 0.627778 0.700000
endloop
endfacet
facet normal 0.769328 0.631368 -0.097516
outer loop
vertex 1.434676 0.634676 0.690245
vertex 1.441573 0.627778 0.700000
vertex 1.440774 0.627245 0.690245
endloop
endfacet
facet normal 0.225508 0.184839 0.956546
outer loop
vertex 1.413530 0.613530 0.746194
vertex 1.406898 0.606898 0.749039
vertex 1.408110 0.605419 0.749039
endloop
endfacet
facet normal 0.225401 0.184895 0.956561
outer loop
vertex 1.413530 0.613530 0.746194
vertex 1.408110 0.605419 0.749039
vertex 1.415909 0.610630 0.746194
endloop
endfacet
facet normal 0.740040 0.607289 -0.289033
outer loop
vertex 1.432664 0.632664 0.680866
vertex 1.434676 0.634676 0.690245
vertex 1.440774 0.627245 0.690245
endloop
endfacet
facet normal 0.740009 0.607348 -0.288991
outer loop
vertex 1.432664 0.632664 0.680866
vertex 1.440774 0.627245 0.690245
vertex 1.438409 0.625664 0.680866
endloop
endfacet
facet normal 0.365893 0.300150 0.880927
outer loop
vertex 1.419642 0.619642 0.741573
vertex 1.413530 0.613530 0.746194
vertex 1.415909 0.610630 0.746194
endloop
endfacet
facet normal 0.365744 0.300238 0.880959
outer loop
vertex 1.419642 0.619642 0.741573
vertex 1.415909 0.610630 0.746194
vertex 1.423097 0.615433 0.741573
endloop
endfacet
facet normal 0.682477 0.560114 -0.469572
outer loop
vertex 1.429397 0.629397 0.672221
vertex 1.432664 0.632664 0.680866
vertex 1.438409 0.625664 0.680866
endloop
endfacet
facet normal 0.682496 0.560056 -0.469613
outer loop
vertex 1.429397 0.629397 0.672221
vertex 1.438409 0.625664 0.680866
vertex 1.434567 0.623097 0.672221
endloop
endfacet
facet normal 0.491690 0.403607 0.771585
outer loop
vertex 1.425000 0.625000 0.735356
vertex 1.419642 0.619642 0.741573
vertex 1.423097 0.615433 0.741573
endloop
endfacet
facet normal 0.491765 0.403564 0.771559
outer loop
vertex 1.425000 0.625000 0.735356
vertex 1.423097 0.615433 0.741573
vertex 1.429397 0.619642 0.735356
endloop
endfacet
facet normal 0.598674 0.491318 -0.632610
outer loop
vertex 1.425000 0.625000 0.664645
vertex 1.429397 0.629397 0.672221
vertex 1.434567 0.623097 0.672221
endloop
endfacet
facet normal 0.598684 0.491304 -0.632612
outer loop
vertex 1.425000 0.625000 0.664645
vertex 1.434567 0.623097 0.672221
vertex 1.429397 0.619642 0.664645
endloop
endfacet
facet normal 0.598734 0.491381 0.632505
outer loop
vertex 1.429397 0.629397 0.727778
vertex 1.425000 0.625000 0.735356
vertex 1.429397 0.619642 0.735356
endloop
endfacet
facet normal 0.598740 0.491363 0.632513
outer loop
vertex 1.429397 0.629397 0.727778
vertex 1.429397 0.619642 0.735356
vertex 1.434567 0.623097 0.727778
endloop
endfacet
facet normal 0.491787 0.403598 -0.771527
outer loop
vertex 1.419642 0.619642 0.658427
vertex 1.425000 0.625000 0.664645
vertex 1.429397 0.619642 0.664645
endloop
endfacet
facet normal 0.491762 0.403679 -0.771501
outer loop
vertex 1.419642 0.619642 0.658427
vertex 1.429397 0.619642 0.664645
vertex 1.423097 0.615433 0.658427
endloop
endfacet
facet normal 0.682490 0.560064 0.469612
outer loop
vertex 1.432664 0.632664 0.719134
vertex 1.429397 0.629397 0.727778
vertex 1.434567 0.623097 0.727778
endloop
endfacet
facet normal 0.682452 0.560077 0.469653
outer loop
vertex 1.432664 0.632664 0.719134
vertex 1.434567 0.623097 0.727778
vertex 1.438409 0.625664 0.719134
endloop
endfacet
facet normal 0.365773 0.300269 -0.880936
outer loop
vertex 1.413530 0.613530 0.653806
vertex 1.419642 0.619642 0.658427
vertex 1.423097 0.615433 0.658427
endloop
endfacet
facet normal 0.365827 0.300106 -0.880969
outer loop
vertex 1.413530 0.613530 0.653806
vertex 1.423097 0.615433 0.658427
vertex 1.415909 0.610630 0.653806
endloop
endfacet
facet normal 0.778666 0.416115 -0.469605
outer loop
vertex 1.434567 0.623097 0.672221
vertex 1.438409 0.625664 0.680866
vertex 1.442677 0.617677 0.680866
endloop
endfacet
facet normal 0.778668 0.416181 -0.469543
outer loop
vertex 1.434567 0.623097 0.672221
vertex 1.442677 0.617677 0.680866
vertex 1.438409 0.615909 0.672221
endloop
endfacet
facet normal 0.561053 0.299868 0.771556
outer loop
vertex 1.429397 0.619642 0.735356
vertex 1.423097 0.615433 0.741573
vertex 1.425664 0.610630 0.741573
endloop
endfacet
facet normal 0.561031 0.299877 0.771569
outer loop
vertex 1.429397 0.619642 0.735356
vertex 1.425664 0.610630 0.741573
vertex 1.432664 0.613530 0.735356
endloop
endfacet
facet normal 0.683038 0.365063 -0.632604
outer loop
vertex 1.429397 0.619642 0.664645
vertex 1.434567 0.623097 0.672221
vertex 1.438409 0.615909 0.672221
endloop
endfacet
facet normal 0.683026 0.365096 -0.632598
outer loop
vertex 1.429397 0.619642 0.664645
vertex 1.438409 0.615909 0.672221
vertex 1.432664 0.613530 0.664645
endloop
endfacet
facet normal 0.683107 0.365096 0.632511
outer loop
vertex 1.434567 0.623097 0.727778
vertex 1.429397 0.619642 0.735356
vertex 1.432664 0.613530 0.735356
endloop
endfacet
facet normal 0.683107 0.365121 0.632497
outer loop
vertex 1.434567 0.623097 0.727778
vertex 1.432664 0.613530 0.735356
vertex 1.438409 0.615909 0.727778
endloop
endfacet
facet normal 0.561106 0.299913 -0.771500
outer loop
vertex 1.423097 0.615433 0.658427
vertex 1.429397 0.619642 0.664645
vertex 1.432664 0.613530 0.664645
endloop
endfacet
facet normal 0.561093 0.299875 -0.771524
outer loop
vertex 1.423097 0.615433 0.658427
vertex 1.432664 0.613530 0.664645
vertex 1.425664 0.610630 0.658427
endloop
endfacet
facet normal 0.778601 0.416189 0.469645
outer loop
vertex 1.438409 0.625664 0.719134
vertex 1.434567 0.623097 0.727778
vertex 1.438409 0.615909 0.727778
endloop
endfacet
facet normal 0.778688 0.416090 0.469588
outer loop
vertex 1.438409 0.625664 0.719134
vertex 1.438409 0.615909 0.727778
vertex 1.442677 0.617677 0.719134
endloop
endfacet
facet normal 0.417315 0.223026 -0.880970
outer loop
vertex 1.415909 0.610630 0.653806
vertex 1.423097 0.615433 0.658427
vertex 1.425664 0.610630 0.658427
endloop
endfacet
facet normal 0.417319 0.223050 -0.880962
outer loop
vertex 1.415909 0.610630 0.653806
vertex 1.425664 0.610630 0.658427
vertex 1.417677 0.607322 0.653806
endloop
endfacet
facet normal 0.844347 0.451211 0.288940
outer loop
vertex 1.440774 0.627245 0.709754
vertex 1.438409 0.625664 0.719134
vertex 1.442677 0.617677 0.719134
endloop
endfacet
facet normal 0.844219 0.451342 0.289110
outer loop
vertex 1.440774 0.627245 0.709754
vertex 1.442677 0.617677 0.719134
vertex 1.445307 0.618766 0.709754
endloop
endfacet
facet normal 0.257196 0.137471 -0.956531
outer loop
vertex 1.408110 0.605419 0.650960
vertex 1.415909 0.610630 0.653806
vertex 1.417677 0.607322 0.653806
endloop
endfacet
facet normal 0.257213 0.137530 -0.956518
outer loop
vertex 1.408110 0.605419 0.650960
vertex 1.417677 0.607322 0.653806
vertex 1.409012 0.603733 0.650960
endloop
endfacet
facet normal 0.877681 0.469213 0.097541
outer loop
vertex 1.441573 0.627778 0.700000
vertex 1.440774 0.627245 0.709754
vertex 1.445307 0.618766 0.709754
endloop
endfacet
facet normal 0.877686 0.469210 0.097511
outer loop
vertex 1.441573 0.627778 0.700000
vertex 1.445307 0.618766 0.709754
vertex 1.446194 0.619134 0.700000
endloop
endfacet
facet normal 0.086881 0.046474 0.995134
outer loop
vertex 1.408110 0.605419 0.749039
vertex 1.400000 0.600000 0.750000
vertex 1.409012 0.603733 0.749039
endloop
endfacet
facet normal 0.086758 0.046425 -0.995147
outer loop
vertex 1.400000 0.600000 0.650000
vertex 1.408110 0.605419 0.650960
vertex 1.409012 0.603733 0.650960
endloop
endfacet
facet normal 0.877697 0.469186 -0.097531
outer loop
vertex 1.440774 0.627245 0.690245
vertex 1.441573 0.627778 0.700000
vertex 1.446194 0.619134 0.700000
endloop
endfacet
facet normal 0.877674 0.469236 -0.097500
outer loop
vertex 1.440774 0.627245 0.690245
vertex 1.446194 0.619134 0.700000
vertex 1.445307 0.618766 0.690245
endloop
endfacet
facet normal 0.257046 0.137507 0.956566
outer loop
vertex 1.415909 0.610630 0.746194
vertex 1.408110 0.605419 0.749039
vertex 1.409012 0.603733 0.749039
endloop
endfacet
facet normal 0.257153 0.137438 0.956547
outer loop
vertex 1.415909 0.610630 0.746194
vertex 1.409012 0.603733 0.749039
vertex 1.417677 0.607322 0.746194
endloop
endfacet
facet normal 0.844253 0.451368 -0.288971
outer loop
vertex 1.438409 0.625664 0.680866
vertex 1.440774 0.627245 0.690245
vertex 1.445307 0.618766 0.690245
endloop
endfacet
facet normal 0.844303 0.451159 -0.289149
outer loop
vertex 1.438409 0.625664 0.680866
vertex 1.445307 0.618766 0.690245
vertex 1.442677 0.617677 0.680866
endloop
endfacet
facet normal 0.417321 0.223051 0.880960
outer loop
vertex 1.423097 0.615433 0.741573
vertex 1.415909 0.610630 0.746194
vertex 1.417677 0.607322 0.746194
endloop
endfacet
facet normal 0.417317 0.223027 0.880969
outer loop
vertex 1.423097 0.615433 0.741573
vertex 1.417677 0.607322 0.746194
vertex 1.425664 0.610630 0.741573
endloop
endfacet
facet normal 0.279081 0.084689 -0.956526
outer loop
vertex 1.409012 0.603733 0.650960
vertex 1.417677 0.607322 0.653806
vertex 1.418766 0.603733 0.653806
endloop
endfacet
facet normal 0.279097 0.084647 -0.956525
outer loop
vertex 1.409012 0.603733 0.650960
vertex 1.418766 0.603733 0.653806
vertex 1.409567 0.601903 0.650960
endloop
endfacet
facet normal 0.952397 0.288851 0.097497
outer loop
vertex 1.446194 0.619134 0.700000
vertex 1.445307 0.618766 0.709754
vertex 1.448097 0.609567 0.709754
endloop
endfacet
facet normal 0.952393 0.288857 0.097514
outer loop
vertex 1.446194 0.619134 0.700000
vertex 1.448097 0.609567 0.709754
vertex 1.449039 0.609754 0.700000
endloop
endfacet
facet normal 0.094244 0.028594 0.995138
outer loop
vertex 1.409012 0.603733 0.749039
vertex 1.400000 0.600000 0.750000
vertex 1.409567 0.601903 0.749039
endloop
endfacet
facet normal 0.094197 0.028570 -0.995144
outer loop
vertex 1.400000 0.600000 0.650000
vertex 1.409012 0.603733 0.650960
vertex 1.409567 0.601903 0.650960
endloop
endfacet
facet normal 0.952393 0.288865 -0.097490
outer loop
vertex 1.445307 0.618766 0.690245
vertex 1.446194 0.619134 0.700000
vertex 1.449039 0.609754 0.700000
endloop
endfacet
facet normal 0.952399 0.288842 -0.097502
outer loop
vertex 1.445307 0.618766 0.690245
vertex 1.449039 0.609754 0.700000
vertex 1.448097 0.609567 0.690245
endloop
endfacet
facet normal 0.279000 0.084598 0.956557
outer loop
vertex 1.417677 0.607322 0.746194
vertex 1.409012 0.603733 0.749039
vertex 1.409567 0.601903 0.749039
endloop
endfacet
facet normal 0.279020 0.084666 0.956546
outer loop
vertex 1.417677 0.607322 0.746194
vertex 1.409567 0.601903 0.749039
vertex 1.418766 0.603733 0.746194
endloop
endfacet
facet normal 0.916076 0.277849 -0.289144
outer loop
vertex 1.442677 0.617677 0.680866
vertex 1.445307 0.618766 0.690245
vertex 1.448097 0.609567 0.690245
endloop
endfacet
facet normal 0.916074 0.278052 -0.288956
outer loop
vertex 1.442677 0.617677 0.680866
vertex 1.448097 0.609567 0.690245
vertex 1.445307 0.609012 0.680866
endloop
endfacet
facet normal 0.452785 0.137409 0.880968
outer loop
vertex 1.425664 0.610630 0.741573
vertex 1.417677 0.607322 0.746194
vertex 1.418766 0.603733 0.746194
endloop
endfacet
facet normal 0.452809 0.137385 0.880960
outer loop
vertex 1.425664 0.610630 0.741573
vertex 1.418766 0.603733 0.746194
vertex 1.427245 0.605419 0.741573
endloop
endfacet
facet normal 0.844844 0.256458 -0.469539
outer loop
vertex 1.438409 0.615909 0.672221
vertex 1.442677 0.617677 0.680866
vertex 1.445307 0.609012 0.680866
endloop
endfacet
facet normal 0.844824 0.256181 -0.469726
outer loop
vertex 1.438409 0.615909 0.672221
vertex 1.445307 0.609012 0.680866
vertex 1.440774 0.608110 0.672221
endloop
endfacet
facet normal 0.608746 0.184727 0.771559
outer loop
vertex 1.432664 0.613530 0.735356
vertex 1.425664 0.610630 0.741573
vertex 1.427245 0.605419 0.741573
endloop
endfacet
facet normal 0.608760 0.184645 0.771569
outer loop
vertex 1.432664 0.613530 0.735356
vertex 1.427245 0.605419 0.741573
vertex 1.434676 0.606898 0.735356
endloop
endfacet
facet normal 0.741148 0.224744 -0.632605
outer loop
vertex 1.432664 0.613530 0.664645
vertex 1.438409 0.615909 0.672221
vertex 1.440774 0.608110 0.672221
endloop
endfacet
facet normal 0.741163 0.224868 -0.632544
outer loop
vertex 1.432664 0.613530 0.664645
vertex 1.440774 0.608110 0.672221
vertex 1.434676 0.606898 0.664645
endloop
endfacet
facet normal 0.741192 0.224872 0.632509
outer loop
vertex 1.438409 0.615909 0.727778
vertex 1.432664 0.613530 0.735356
vertex 1.434676 0.606898 0.735356
endloop
endfacet
facet normal 0.741267 0.224772 0.632456
outer loop
vertex 1.438409 0.615909 0.727778
vertex 1.434676 0.606898 0.735356
vertex 1.440774 0.608110 0.727778
endloop
endfacet
facet normal 0.608811 0.184710 -0.771512
outer loop
vertex 1.425664 0.610630 0.658427
vertex 1.432664 0.613530 0.664645
vertex 1.434676 0.606898 0.664645
endloop
endfacet
facet normal 0.608817 0.184689 -0.771513
outer loop
vertex 1.425664 0.610630 0.658427
vertex 1.434676 0.606898 0.664645
vertex 1.427245 0.605419 0.658427
endloop
endfacet
facet normal 0.844897 0.256226 0.469572
outer loop
vertex 1.442677 0.617677 0.719134
vertex 1.438409 0.615909 0.727778
vertex 1.440774 0.608110 0.727778
endloop
endfacet
facet normal 0.844746 0.256395 0.469751
outer loop
vertex 1.442677 0.617677 0.719134
vertex 1.440774 0.608110 0.727778
vertex 1.445307 0.609012 0.719134
endloop
endfacet
facet normal 0.452802 0.137403 -0.880960
outer loop
vertex 1.417677 0.607322 0.653806
vertex 1.425664 0.610630 0.658427
vertex 1.427245 0.605419 0.658427
endloop
endfacet
facet normal 0.452801 0.137385 -0.880963
outer loop
vertex 1.417677 0.607322 0.653806
vertex 1.427245 0.605419 0.658427
vertex 1.418766 0.603733 0.653806
endloop
endfacet
facet normal 0.916029 0.278028 0.289120
outer loop
vertex 1.445307 0.618766 0.709754
vertex 1.442677 0.617677 0.719134
vertex 1.445307 0.609012 0.719134
endloop
endfacet
facet normal 0.916139 0.277859 0.288936
outer loop
vertex 1.445307 0.618766 0.709754
vertex 1.445307 0.609012 0.719134
vertex 1.448097 0.609567 0.709754
endloop
endfacet
facet normal 0.770780 0.075918 -0.632562
outer loop
vertex 1.434676 0.606898 0.664645
vertex 1.440774 0.608110 0.672221
vertex 1.441573 0.600000 0.672221
endloop
endfacet
facet normal 0.770796 0.076018 -0.632531
outer loop
vertex 1.434676 0.606898 0.664645
vertex 1.441573 0.600000 0.672221
vertex 1.435356 0.600000 0.664645
endloop
endfacet
facet normal 0.770849 0.076030 0.632464
outer loop
vertex 1.440774 0.608110 0.727778
vertex 1.434676 0.606898 0.735356
vertex 1.435356 0.600000 0.735356
endloop
endfacet
facet normal 0.770885 0.075932 0.632432
outer loop
vertex 1.440774 0.608110 0.727778
vertex 1.435356 0.600000 0.735356
vertex 1.441573 0.600000 0.727778
endloop
endfacet
facet normal 0.633156 0.062441 -0.771501
outer loop
vertex 1.427245 0.605419 0.658427
vertex 1.434676 0.606898 0.664645
vertex 1.435356 0.600000 0.664645
endloop
endfacet
facet normal 0.633093 0.062260 -0.771568
outer loop
vertex 1.427245 0.605419 0.658427
vertex 1.435356 0.600000 0.664645
vertex 1.427778 0.600000 0.658427
endloop
endfacet
facet normal 0.878543 0.086555 0.469756
outer loop
vertex 1.445307 0.609012 0.719134
vertex 1.440774 0.608110 0.727778
vertex 1.441573 0.600000 0.727778
endloop
endfacet
facet normal 0.878595 0.086468 0.469675
outer loop
vertex 1.445307 0.609012 0.719134
vertex 1.441573 0.600000 0.727778
vertex 1.446194 0.600000 0.719134
endloop
endfacet
facet normal 0.470920 0.046307 -0.880960
outer loop
vertex 1.418766 0.603733 0.653806
vertex 1.427245 0.605419 0.658427
vertex 1.427778 0.600000 0.658427
endloop
endfacet
facet normal 0.470943 0.046427 -0.880941
outer loop
vertex 1.418766 0.603733 0.653806
vertex 1.427778 0.600000 0.658427
vertex 1.419134 0.600000 0.653806
endloop
endfacet
facet normal 0.952747 0.093758 0.288935
outer loop
vertex 1.448097 0.609567 0.709754
vertex 1.445307 0.609012 0.719134
vertex 1.446194 0.600000 0.719134
endloop
endfacet
facet normal 0.952730 0.093814 0.288973
outer loop
vertex 1.448097 0.609567 0.709754
vertex 1.446194 0.600000 0.719134
vertex 1.449039 0.600000 0.709754
endloop
endfacet
facet normal 0.290231 0.028622 -0.956528
outer loop
vertex 1.409567 0.601903 0.650960
vertex 1.418766 0.603733 0.653806
vertex 1.419134 0.600000 0.653806
endloop
endfacet
facet normal 0.290213 0.028496 -0.956538
outer loop
vertex 1.409567 0.601903 0.650960
vertex 1.419134 0.600000 0.653806
vertex 1.409754 0.600000 0.650960
endloop
endfacet
facet normal 0.990444 0.097525 0.097521
outer loop
vertex 1.449039 0.609754 0.700000
vertex 1.448097 0.609567 0.709754
vertex 1.449039 0.600000 0.709754
endloop
endfacet
facet normal 0.990435 0.097553 0.097575
outer loop
vertex 1.449039 0.609754 0.700000
vertex 1.449039 0.600000 0.709754
vertex 1.450000 0.600000 0.700000
endloop
endfacet
facet normal 0.098048 0.009624 0.995135
outer loop
vertex 1.409567 0.601903 0.749039
vertex 1.400000 0.600000 0.750000
vertex 1.409754 0.600000 0.749039
endloop
endfacet
facet normal 0.097938 0.009624 -0.995146
outer loop
vertex 1.400000 0.600000 0.650000
vertex 1.409567 0.601903 0.650960
vertex 1.409754 0.600000 0.650960
endloop
endfacet
facet normal 0.990439 0.097584 -0.097512
outer loop
vertex 1.448097 0.609567 0.690245
vertex 1.449039 0.609754 0.700000
vertex 1.450000 0.600000 0.700000
endloop
endfacet
facet normal 0.990440 0.097514 -0.097566
outer loop
vertex 1.448097 0.609567 0.690245
vertex 1.450000 0.600000 0.700000
vertex 1.449039 0.600000 0.690245
endloop
endfacet
facet normal 0.290146 0.028499 0.956558
outer loop
vertex 1.418766 0.603733 0.746194
vertex 1.409567 0.601903 0.749039
vertex 1.409754 0.600000 0.749039
endloop
endfacet
facet normal 0.290137 0.028622 0.956557
outer loop
vertex 1.418766 0.603733 0.746194
vertex 1.409754 0.600000 0.749039
vertex 1.419134 0.600000 0.746194
endloop
endfacet
facet normal 0.952735 0.093803 -0.288958
outer loop
vertex 1.445307 0.609012 0.680866
vertex 1.448097 0.609567 0.690245
vertex 1.449039 0.600000 0.690245
endloop
endfacet
facet normal 0.952724 0.093766 -0.289006
outer loop
vertex 1.445307 0.609012 0.680866
vertex 1.449039 0.600000 0.690245
vertex 1.446194 0.600000 0.680866
endloop
endfacet
facet normal 0.470883 0.046422 0.880973
outer loop
vertex 1.427245 0.605419 0.741573
vertex 1.418766 0.603733 0.746194
vertex 1.419134 0.600000 0.746194
endloop
endfacet
facet normal 0.470949 0.046310 0.880944
outer loop
vertex 1.427245 0.605419 0.741573
vertex 1.419134 0.600000 0.746194
vertex 1.427778 0.600000 0.741573
endloop
endfacet
facet normal 0.878581 0.086456 -0.469704
outer loop
vertex 1.440774 0.608110 0.672221
vertex 1.445307 0.609012 0.680866
vertex 1.446194 0.600000 0.680866
endloop
endfacet
facet normal 0.878607 0.086552 -0.469636
outer loop
vertex 1.440774 0.608110 0.672221
vertex 1.446194 0.600000 0.680866
vertex 1.441573 0.600000 0.672221
endloop
endfacet
facet normal 0.633120 0.062306 0.771542
outer loop
vertex 1.434676 0.606898 0.735356
vertex 1.427245 0.605419 0.741573
vertex 1.427778 0.600000 0.741573
endloop
endfacet
facet normal 0.633026 0.062386 0.771613
outer loop
vertex 1.434676 0.606898 0.735356
vertex 1.427778 0.600000 0.741573
vertex 1.435356 0.600000 0.735356
endloop
endfacet
facet normal 0.098048 -0.009624 0.995135
outer loop
vertex 1.409754 0.600000 0.749039
vertex 1.400000 0.600000 0.750000
vertex 1.409567 0.598097 0.749039
endloop
endfacet
facet normal 0.097936 -0.009624 -0.995146
outer loop
vertex 1.400000 0.600000 0.650000
vertex 1.409754 0.600000 0.650960
vertex 1.409567 0.598097 0.650960
endloop
endfacet
facet normal 0.990436 -0.097553 -0.097565
outer loop
vertex 1.449039 0.600000 0.690245
vertex 1.450000 0.600000 0.700000
vertex 1.449039 0.590245 0.700000
endloop
endfacet
facet normal 0.990443 -0.097534 -0.097522
outer loop
vertex 1.449039 0.600000 0.690245
vertex 1.449039 0.590245 0.700000
vertex 1.448097 0.590433 0.690245
endloop
endfacet
facet normal 0.290123 -0.028497 0.956565
outer loop
vertex 1.419134 0.600000 0.746194
vertex 1.409754 0.600000 0.749039
vertex 1.409567 0.598097 0.749039
endloop
endfacet
facet normal 0.290151 -0.028623 0.956553
outer loop
vertex 1.419134 0.600000 0.746194
vertex 1.409567 0.598097 0.749039
vertex 1.418766 0.596267 0.746194
endloop
endfacet
facet normal 0.952723 -0.093802 -0.288999
outer loop
vertex 1.446194 0.600000 0.680866
vertex 1.449039 0.600000 0.690245
vertex 1.448097 0.590433 0.690245
endloop
endfacet
facet normal 0.952737 -0.093768 -0.288963
outer loop
vertex 1.446194 0.600000 0.680866
vertex 1.448097 0.590433 0.690245
vertex 1.445307 0.590988 0.680866
endloop
endfacet
facet normal 0.470941 -0.046427 0.880942
outer loop
vertex 1.427778 0.600000 0.741573
vertex 1.419134 0.600000 0.746194
vertex 1.418766 0.596267 0.746194
endloop
endfacet
facet normal 0.470905 -0.046307 0.880967
outer loop
vertex 1.427778 0.600000 0.741573
vertex 1.418766 0.596267 0.746194
vertex 1.427245 0.594581 0.741573
endloop
endfacet
facet normal 0.878620 -0.086460 -0.469629
outer loop
vertex 1.441573 0.600000 0.672221
vertex 1.446194 0.600000 0.680866
vertex 1.445307 0.590988 0.680866
endloop
endfacet
facet normal 0.878565 -0.086549 -0.469716
outer loop
vertex 1.441573 0.600000 0.672221
vertex 1.445307 0.590988 0.680866
vertex 1.440774 0.591890 0.672221
endloop
endfacet
facet normal 0.633044 -0.062228 0.771611
outer loop
vertex 1.435356 0.600000 0.735356
vertex 1.427778 0.600000 0.741573
vertex 1.427245 0.594581 0.741573
endloop
endfacet
facet normal 0.633098 -0.062457 0.771548
outer loop
vertex 1.435356 0.600000 0.735356
vertex 1.427245 0.594581 0.741573
vertex 1.434676 0.593103 0.735356
endloop
endfacet
facet normal 0.770799 -0.075921 -0.632539
outer loop
vertex 1.435356 0.600000 0.664645
vertex 1.441573 0.600000 0.672221
vertex 1.440774 0.591890 0.672221
endloop
endfacet
facet normal 0.770766 -0.076026 -0.632566
outer loop
vertex 1.435356 0.600000 0.664645
vertex 1.440774 0.591890 0.672221
vertex 1.434676 0.593103 0.664645
endloop
endfacet
facet normal 0.770873 -0.076019 0.632436
outer loop
vertex 1.441573 0.600000 0.727778
vertex 1.435356 0.600000 0.735356
vertex 1.434676 0.593103 0.735356
endloop
endfacet
facet normal 0.770853 -0.075952 0.632469
outer loop
vertex 1.441573 0.600000 0.727778
vertex 1.434676 0.593103 0.735356
vertex 1.440774 0.591890 0.727778
endloop
endfacet
facet normal 0.633099 -0.062418 -0.771551
outer loop
vertex 1.427778 0.600000 0.658427
vertex 1.435356 0.600000 0.664645
vertex 1.434676 0.593103 0.664645
endloop
endfacet
facet normal 0.633177 -0.062303 -0.771496
outer loop
vertex 1.427778 0.600000 0.658427
vertex 1.434676 0.593103 0.664645
vertex 1.427245 0.594581 0.658427
endloop
endfacet
facet normal 0.878588 -0.086560 0.469671
outer loop
vertex 1.446194 0.600000 0.719134
vertex 1.441573 0.600000 0.727778
vertex 1.440774 0.591890 0.727778
endloop
endfacet
facet normal 0.878556 -0.086464 0.469748
outer loop
vertex 1.446194 0.600000 0.719134
vertex 1.440774 0.591890 0.727778
vertex 1.445307 0.590988 0.719134
endloop
endfacet
facet normal 0.470951 -0.046310 -0.880943
outer loop
vertex 1.419134 0.600000 0.653806
vertex 1.427778 0.600000 0.658427
vertex 1.427245 0.594581 0.658427
endloop
endfacet
facet normal 0.470900 -0.046421 -0.880964
outer loop
vertex 1.419134 0.600000 0.653806
vertex 1.427245 0.594581 0.658427
vertex 1.418766 0.596267 0.653806
endloop
endfacet
facet normal 0.952734 -0.093777 0.288971
outer loop
vertex 1.449039 0.600000 0.709754
vertex 1.446194 0.600000 0.719134
vertex 1.445307 0.590988 0.719134
endloop
endfacet
facet normal 0.952742 -0.093795 0.288938
outer loop
vertex 1.449039 0.600000 0.709754
vertex 1.445307 0.590988 0.719134
vertex 1.448097 0.590433 0.709754
endloop
endfacet
facet normal 0.290213 -0.028621 -0.956534
outer loop
vertex 1.409754 0.600000 0.650960
vertex 1.419134 0.600000 0.653806
vertex 1.418766 0.596267 0.653806
endloop
endfacet
facet normal 0.290254 -0.028500 -0.956525
outer loop
vertex 1.409754 0.600000 0.650960
vertex 1.418766 0.596267 0.653806
vertex 1.409567 0.598097 0.650960
endloop
endfacet
facet normal 0.990442 -0.097484 0.097576
outer loop
vertex 1.450000 0.600000 0.700000
vertex 1.449039 0.600000 0.709754
vertex 1.448097 0.590433 0.709754
endloop
endfacet
facet normal 0.990437 -0.097582 0.097532
outer loop
vertex 1.450000 0.600000 0.700000
vertex 1.448097 0.590433 0.709754
vertex 1.449039 0.590245 0.700000
endloop
endfacet
facet normal 0.741236 -0.224825 0.632473
outer loop
vertex 1.440774 0.591890 0.727778
vertex 1.434676 0.593103 0.735356
vertex 1.432664 0.586470 0.735356
endloop
endfacet
facet normal 0.741222 -0.224776 0.632507
outer loop
vertex 1.440774 0.591890 0.727778
vertex 1.432664 0.586470 0.735356
vertex 1.438409 0.584091 0.727778
endloop
endfacet
facet normal 0.608848 -0.184660 -0.771495
outer loop
vertex 1.427245 0.594581 0.658427
vertex 1.434676 0.593103 0.664645
vertex 1.432664 0.586470 0.664645
endloop
endfacet
facet normal 0.608824 -0.184689 -0.771507
outer loop
vertex 1.427245 0.594581 0.658427
vertex 1.432664 0.586470 0.664645
vertex 1.425664 0.589369 0.658427
endloop
endfacet
facet normal 0.844806 -0.256175 0.469763
outer loop
vertex 1.445307 0.590988 0.719134
vertex 1.440774 0.591890 0.727778
vertex 1.438409 0.584091 0.727778
endloop
endfacet
facet normal 0.844825 -0.256407 0.469602
outer loop
vertex 1.445307 0.590988 0.719134
vertex 1.438409 0.584091 0.727778
vertex 1.442677 0.582322 0.719134
endloop
endfacet
facet normal 0.452817 -0.137361 -0.880959
outer loop
vertex 1.418766 0.596267 0.653806
vertex 1.427245 0.594581 0.658427
vertex 1.425664 0.589369 0.658427
endloop
endfacet
facet normal 0.452789 -0.137368 -0.880972
outer loop
vertex 1.418766 0.596267 0.653806
vertex 1.425664 0.589369 0.658427
vertex 1.417677 0.592677 0.653806
endloop
endfacet
facet normal 0.916089 -0.278032 0.288929
outer loop
vertex 1.448097 0.590433 0.709754
vertex 1.445307 0.590988 0.719134
vertex 1.442677 0.582322 0.719134
endloop
endfacet
facet normal 0.916100 -0.277826 0.289091
outer loop
vertex 1.448097 0.590433 0.709754
vertex 1.442677 0.582322 0.719134
vertex 1.445307 0.581234 0.709754
endloop
endfacet
facet normal 0.279101 -0.084664 -0.956522
outer loop
vertex 1.409567 0.598097 0.650960
vertex 1.418766 0.596267 0.653806
vertex 1.417677 0.592677 0.653806
endloop
endfacet
facet normal 0.279060 -0.084644 -0.956536
outer loop
vertex 1.409567 0.598097 0.650960
vertex 1.417677 0.592677 0.653806
vertex 1.409012 0.596267 0.650960
endloop
endfacet
facet normal 0.952392 -0.288849 0.097546
outer loop
vertex 1.449039 0.590245 0.700000
vertex 1.448097 0.590433 0.709754
vertex 1.445307 0.581234 0.709754
endloop
endfacet
facet normal 0.952386 -0.288887 0.097498
outer loop
vertex 1.449039 0.590245 0.700000
vertex 1.445307 0.581234 0.709754
vertex 1.446194 0.580866 0.700000
endloop
endfacet
facet normal 0.094232 -0.028594 0.995140
outer loop
vertex 1.409567 0.598097 0.749039
vertex 1.400000 0.600000 0.750000
vertex 1.409012 0.596267 0.749039
endloop
endfacet
facet normal 0.094193 -0.028569 -0.995144
outer loop
vertex 1.400000 0.600000 0.650000
vertex 1.409567 0.598097 0.650960
vertex 1.409012 0.596267 0.650960
endloop
endfacet
facet normal 0.952379 -0.288896 -0.097536
outer loop
vertex 1.448097 0.590433 0.690245
vertex 1.449039 0.590245 0.700000
vertex 1.446194 0.580866 0.700000
endloop
endfacet
facet normal 0.952401 -0.288841 -0.097487
outer loop
vertex 1.448097 0.590433 0.690245
vertex 1.446194 0.580866 0.700000
vertex 1.445307 0.581234 0.690245
endloop
endfacet
facet normal 0.278995 -0.084593 0.956559
outer loop
vertex 1.418766 0.596267 0.746194
vertex 1.409567 0.598097 0.749039
vertex 1.409012 0.596267 0.749039
endloop
endfacet
facet normal 0.279017 -0.084644 0.956549
outer loop
vertex 1.418766 0.596267 0.746194
vertex 1.409012 0.596267 0.749039
vertex 1.417677 0.592677 0.746194
endloop
endfacet
facet normal 0.916128 -0.277864 -0.288965
outer loop
vertex 1.445307 0.590988 0.680866
vertex 1.448097 0.590433 0.690245
vertex 1.445307 0.581234 0.690245
endloop
endfacet
facet normal 0.916035 -0.278007 -0.289123
outer loop
vertex 1.445307 0.590988 0.680866
vertex 1.445307 0.581234 0.690245
vertex 1.442677 0.582322 0.680866
endloop
endfacet
facet normal 0.452815 -0.137347 0.880962
outer loop
vertex 1.427245 0.594581 0.741573
vertex 1.418766 0.596267 0.746194
vertex 1.417677 0.592677 0.746194
endloop
endfacet
facet normal 0.452807 -0.137375 0.880962
outer loop
vertex 1.427245 0.594581 0.741573
vertex 1.417677 0.592677 0.746194
vertex 1.425664 0.589369 0.741573
endloop
endfacet
facet normal 0.844773 -0.256384 -0.469709
outer loop
vertex 1.440774 0.591890 0.672221
vertex 1.445307 0.590988 0.680866
vertex 1.442677 0.582322 0.680866
endloop
endfacet
facet normal 0.844902 -0.256224 -0.469564
outer loop
vertex 1.440774 0.591890 0.672221
vertex 1.442677 0.582322 0.680866
vertex 1.438409 0.584091 0.672221
endloop
endfacet
facet normal 0.608772 -0.184631 0.771562
outer loop
vertex 1.434676 0.593103 0.735356
vertex 1.427245 0.594581 0.741573
vertex 1.425664 0.589369 0.741573
endloop
endfacet
facet normal 0.608784 -0.184674 0.771542
outer loop
vertex 1.434676 0.593103 0.735356
vertex 1.425664 0.589369 0.741573
vertex 1.432664 0.586470 0.735356
endloop
endfacet
facet normal 0.741174 -0.224752 -0.632572
outer loop
vertex 1.434676 0.593103 0.664645
vertex 1.440774 0.591890 0.672221
vertex 1.438409 0.584091 0.672221
endloop
endfacet
facet normal 0.741120 -0.224821 -0.632611
outer loop
vertex 1.434676 0.593103 0.664645
vertex 1.438409 0.584091 0.672221
vertex 1.432664 0.586470 0.664645
endloop
endfacet
facet normal 0.877706 -0.469177 -0.097496
outer loop
vertex 1.445307 0.581234 0.690245
vertex 1.446194 0.580866 0.700000
vertex 1.441573 0.572221 0.700000
endloop
endfacet
facet normal 0.877684 -0.469201 -0.097579
outer loop
vertex 1.445307 0.581234 0.690245
vertex 1.441573 0.572221 0.700000
vertex 1.440774 0.572755 0.690245
endloop
endfacet
facet normal 0.257067 -0.137519 0.956559
outer loop
vertex 1.417677 0.592677 0.746194
vertex 1.409012 0.596267 0.749039
vertex 1.408110 0.594581 0.749039
endloop
endfacet
facet normal 0.257116 -0.137418 0.956560
outer loop
vertex 1.417677 0.592677 0.746194
vertex 1.408110 0.594581 0.749039
vertex 1.415909 0.589369 0.746194
endloop
endfacet
facet normal 0.844233 -0.451332 -0.289085
outer loop
vertex 1.442677 0.582322 0.680866
vertex 1.445307 0.581234 0.690245
vertex 1.440774 0.572755 0.690245
endloop
endfacet
facet normal 0.844316 -0.451248 -0.288975
outer loop
vertex 1.442677 0.582322 0.680866
vertex 1.440774 0.572755 0.690245
vertex 1.438409 0.574336 0.680866
endloop
endfacet
facet normal 0.417306 -0.223050 0.880968
outer loop
vertex 1.425664 0.589369 0.741573
vertex 1.417677 0.592677 0.746194
vertex 1.415909 0.589369 0.746194
endloop
endfacet
facet normal 0.417316 -0.223068 0.880958
outer loop
vertex 1.425664 0.589369 0.741573
vertex 1.415909 0.589369 0.746194
vertex 1.423097 0.584567 0.741573
endloop
endfacet
facet normal 0.778675 -0.416128 -0.469578
outer loop
vertex 1.438409 0.584091 0.672221
vertex 1.442677 0.582322 0.680866
vertex 1.438409 0.574336 0.680866
endloop
endfacet
facet normal 0.778612 -0.416209 -0.469609
outer loop
vertex 1.438409 0.584091 0.672221
vertex 1.438409 0.574336 0.680866
vertex 1.434567 0.576903 0.672221
endloop
endfacet
facet normal 0.561050 -0.299882 0.771553
outer loop
vertex 1.432664 0.586470 0.735356
vertex 1.425664 0.589369 0.741573
vertex 1.423097 0.584567 0.741573
endloop
endfacet
facet normal 0.561043 -0.299856 0.771568
outer loop
vertex 1.432664 0.586470 0.735356
vertex 1.423097 0.584567 0.741573
vertex 1.429397 0.580357 0.735356
endloop
endfacet
facet normal 0.683029 -0.365087 -0.632600
outer loop
vertex 1.432664 0.586470 0.664645
vertex 1.438409 0.584091 0.672221
vertex 1.434567 0.576903 0.672221
endloop
endfacet
facet normal 0.683082 -0.365034 -0.632573
outer loop
vertex 1.432664 0.586470 0.664645
vertex 1.434567 0.576903 0.672221
vertex 1.429397 0.580357 0.664645
endloop
endfacet
facet normal 0.683118 -0.365071 0.632513
outer loop
vertex 1.438409 0.584091 0.727778
vertex 1.432664 0.586470 0.735356
vertex 1.429397 0.580357 0.735356
endloop
endfacet
facet normal 0.683127 -0.365116 0.632477
outer loop
vertex 1.438409 0.584091 0.727778
vertex 1.429397 0.580357 0.735356
vertex 1.434567 0.576903 0.727778
endloop
endfacet
facet normal 0.561122 -0.299877 -0.771502
outer loop
vertex 1.425664 0.589369 0.658427
vertex 1.432664 0.586470 0.664645
vertex 1.429397 0.580357 0.664645
endloop
endfacet
facet normal 0.561064 -0.299918 -0.771529
outer loop
vertex 1.425664 0.589369 0.658427
vertex 1.429397 0.580357 0.664645
vertex 1.423097 0.584567 0.658427
endloop
endfacet
facet normal 0.778629 -0.416163 0.469622
outer loop
vertex 1.442677 0.582322 0.719134
vertex 1.438409 0.584091 0.727778
vertex 1.434567 0.576903 0.727778
endloop
endfacet
facet normal 0.778623 -0.416152 0.469642
outer loop
vertex 1.442677 0.582322 0.719134
vertex 1.434567 0.576903 0.727778
vertex 1.438409 0.574336 0.719134
endloop
endfacet
facet normal 0.417297 -0.223063 -0.880969
outer loop
vertex 1.417677 0.592677 0.653806
vertex 1.425664 0.589369 0.658427
vertex 1.423097 0.584567 0.658427
endloop
endfacet
facet normal 0.417348 -0.223059 -0.880946
outer loop
vertex 1.417677 0.592677 0.653806
vertex 1.423097 0.584567 0.658427
vertex 1.415909 0.589369 0.653806
endloop
endfacet
facet normal 0.844298 -0.451226 0.289062
outer loop
vertex 1.445307 0.581234 0.709754
vertex 1.442677 0.582322 0.719134
vertex 1.438409 0.574336 0.719134
endloop
endfacet
facet normal 0.844254 -0.451382 0.288945
outer loop
vertex 1.445307 0.581234 0.709754
vertex 1.438409 0.574336 0.719134
vertex 1.440774 0.572755 0.709754
endloop
endfacet
facet normal 0.257212 -0.137448 -0.956530
outer loop
vertex 1.409012 0.596267 0.650960
vertex 1.417677 0.592677 0.653806
vertex 1.415909 0.589369 0.653806
endloop
endfacet
facet normal 0.257139 -0.137553 -0.956535
outer loop
vertex 1.409012 0.596267 0.650960
vertex 1.415909 0.589369 0.653806
vertex 1.408110 0.594581 0.650960
endloop
endfacet
facet normal 0.877676 -0.469230 0.097511
outer loop
vertex 1.446194 0.580866 0.700000
vertex 1.445307 0.581234 0.709754
vertex 1.440774 0.572755 0.709754
endloop
endfacet
facet normal 0.877709 -0.469153 0.097584
outer loop
vertex 1.446194 0.580866 0.700000
vertex 1.440774 0.572755 0.709754
vertex 1.441573 0.572221 0.700000
endloop
endfacet
facet normal 0.086881 -0.046474 0.995134
outer loop
vertex 1.409012 0.596267 0.749039
vertex 1.400000 0.600000 0.750000
vertex 1.408110 0.594581 0.749039
endloop
endfacet
facet normal 0.086759 -0.046425 -0.995147
outer loop
vertex 1.400000 0.600000 0.650000
vertex 1.409012 0.596267 0.650960
vertex 1.408110 0.594581 0.650960
endloop
endfacet
facet normal 0.491756 -0.403651 -0.771519
outer loop
vertex 1.423097 0.584567 0.658427
vertex 1.429397 0.580357 0.664645
vertex 1.425000 0.575000 0.664645
endloop
endfacet
facet normal 0.491805 -0.403621 -0.771504
outer loop
vertex 1.423097 0.584567 0.658427
vertex 1.425000 0.575000 0.664645
vertex 1.419642 0.580357 0.658427
endloop
endfacet
facet normal 0.682473 -0.560050 0.469653
outer loop
vertex 1.438409 0.574336 0.719134
vertex 1.434567 0.576903 0.727778
vertex 1.429397 0.570603 0.727778
endloop
endfacet
facet normal 0.682468 -0.560079 0.469626
outer loop
vertex 1.438409 0.574336 0.719134
vertex 1.429397 0.570603 0.727778
vertex 1.432664 0.567336 0.719134
endloop
endfacet
facet normal 0.365790 -0.300211 -0.880949
outer loop
vertex 1.415909 0.589369 0.653806
vertex 1.423097 0.584567 0.658427
vertex 1.419642 0.580357 0.658427
endloop
endfacet
facet normal 0.365811 -0.300197 -0.880945
outer loop
vertex 1.415909 0.589369 0.653806
vertex 1.419642 0.580357 0.658427
vertex 1.413530 0.586470 0.653806
endloop
endfacet
facet normal 0.740021 -0.607346 0.288962
outer loop
vertex 1.440774 0.572755 0.709754
vertex 1.438409 0.574336 0.719134
vertex 1.432664 0.567336 0.719134
endloop
endfacet
facet normal 0.740052 -0.607287 0.289007
outer loop
vertex 1.440774 0.572755 0.709754
vertex 1.432664 0.567336 0.719134
vertex 1.434676 0.565324 0.709754
endloop
endfacet
facet normal 0.225433 -0.184998 -0.956533
outer loop
vertex 1.408110 0.594581 0.650960
vertex 1.415909 0.589369 0.653806
vertex 1.413530 0.586470 0.653806
endloop
endfacet
facet normal 0.225500 -0.184954 -0.956526
outer loop
vertex 1.408110 0.594581 0.650960
vertex 1.413530 0.586470 0.653806
vertex 1.406898 0.593103 0.650960
endloop
endfacet
facet normal 0.769335 -0.631348 0.097587
outer loop
vertex 1.441573 0.572221 0.700000
vertex 1.440774 0.572755 0.709754
vertex 1.434676 0.565324 0.709754
endloop
endfacet
facet normal 0.769349 -0.631332 0.097581
outer loop
vertex 1.441573 0.572221 0.700000
vertex 1.434676 0.565324 0.709754
vertex 1.435356 0.564645 0.700000
endloop
endfacet
facet normal 0.076176 -0.062464 0.995136
outer loop
vertex 1.408110 0.594581 0.749039
vertex 1.400000 0.600000 0.750000
vertex 1.406898 0.593103 0.749039
endloop
endfacet
facet normal 0.076113 -0.062401 -0.995145
outer loop
vertex 1.400000 0.600000 0.650000
vertex 1.408110 0.594581 0.650960
vertex 1.406898 0.593103 0.650960
endloop
endfacet
facet normal 0.769347 -0.631335 -0.097578
outer loop
vertex 1.440774 0.572755 0.690245
vertex 1.441573 0.572221 0.700000
vertex 1.435356 0.564645 0.700000
endloop
endfacet
facet normal 0.769334 -0.631352 -0.097570
outer loop
vertex 1.440774 0.572755 0.690245
vertex 1.435356 0.564645 0.700000
vertex 1.434676 0.565324 0.690245
endloop
endfacet
facet normal 0.225417 -0.184877 0.956560
outer loop
vertex 1.415909 0.589369 0.746194
vertex 1.408110 0.594581 0.749039
vertex 1.406898 0.593103 0.749039
endloop
endfacet
facet normal 0.225383 -0.184944 0.956555
outer loop
vertex 1.415909 0.589369 0.746194
vertex 1.406898 0.593103 0.749039
vertex 1.413530 0.586470 0.746194
endloop
endfacet
facet normal 0.740063 -0.607280 -0.288994
outer loop
vertex 1.438409 0.574336 0.680866
vertex 1.440774 0.572755 0.690245
vertex 1.434676 0.565324 0.690245
endloop
endfacet
facet normal 0.739996 -0.607344 -0.289031
outer loop
vertex 1.438409 0.574336 0.680866
vertex 1.434676 0.565324 0.690245
vertex 1.432664 0.567336 0.680866
endloop
endfacet
facet normal 0.365803 -0.300190 0.880951
outer loop
vertex 1.423097 0.584567 0.741573
vertex 1.415909 0.589369 0.746194
vertex 1.413530 0.586470 0.746194
endloop
endfacet
facet normal 0.365795 -0.300215 0.880945
outer loop
vertex 1.423097 0.584567 0.741573
vertex 1.413530 0.586470 0.746194
vertex 1.419642 0.580357 0.741573
endloop
endfacet
facet normal 0.682473 -0.560082 -0.469615
outer loop
vertex 1.434567 0.576903 0.672221
vertex 1.438409 0.574336 0.680866
vertex 1.432664 0.567336 0.680866
endloop
endfacet
facet normal 0.682500 -0.560080 -0.469579
outer loop
vertex 1.434567 0.576903 0.672221
vertex 1.432664 0.567336 0.680866
vertex 1.429397 0.570603 0.672221
endloop
endfacet
facet normal 0.491747 -0.403532 0.771587
outer loop
vertex 1.429397 0.580357 0.735356
vertex 1.423097 0.584567 0.741573
vertex 1.419642 0.580357 0.741573
endloop
endfacet
facet normal 0.491720 -0.403634 0.771551
outer loop
vertex 1.429397 0.580357 0.735356
vertex 1.419642 0.580357 0.741573
vertex 1.425000 0.575000 0.735356
endloop
endfacet
facet normal 0.598703 -0.491327 -0.632577
outer loop
vertex 1.429397 0.580357 0.664645
vertex 1.434567 0.576903 0.672221
vertex 1.429397 0.570603 0.672221
endloop
endfacet
facet normal 0.598625 -0.491378 -0.632610
outer loop
vertex 1.429397 0.580357 0.664645
vertex 1.429397 0.570603 0.672221
vertex 1.425000 0.575000 0.664645
endloop
endfacet
facet normal 0.598706 -0.491470 0.632462
outer loop
vertex 1.434567 0.576903 0.727778
vertex 1.429397 0.580357 0.735356
vertex 1.425000 0.575000 0.735356
endloop
endfacet
facet normal 0.598741 -0.491360 0.632514
outer loop
vertex 1.434567 0.576903 0.727778
vertex 1.425000 0.575000 0.735356
vertex 1.429397 0.570603 0.727778
endloop
endfacet
facet normal 0.184883 -0.225422 0.956558
outer loop
vertex 1.413530 0.586470 0.746194
vertex 1.406898 0.593103 0.749039
vertex 1.405419 0.591890 0.749039
endloop
endfacet
facet normal 0.184914 -0.225367 0.956565
outer loop
vertex 1.413530 0.586470 0.746194
vertex 1.405419 0.591890 0.749039
vertex 1.410630 0.584091 0.746194
endloop
endfacet
facet normal 0.607297 -0.740030 -0.289042
outer loop
vertex 1.432664 0.567336 0.680866
vertex 1.434676 0.565324 0.690245
vertex 1.427245 0.559226 0.690245
endloop
endfacet
facet normal 0.607339 -0.740018 -0.288986
outer loop
vertex 1.432664 0.567336 0.680866
vertex 1.427245 0.559226 0.690245
vertex 1.425664 0.561591 0.680866
endloop
endfacet
facet normal 0.300141 -0.365821 0.880960
outer loop
vertex 1.419642 0.580357 0.741573
vertex 1.413530 0.586470 0.746194
vertex 1.410630 0.584091 0.746194
endloop
endfacet
facet normal 0.300155 -0.365802 0.880963
outer loop
vertex 1.419642 0.580357 0.741573
vertex 1.410630 0.584091 0.746194
vertex 1.415433 0.576903 0.741573
endloop
endfacet
facet normal 0.560109 -0.682477 -0.469577
outer loop
vertex 1.429397 0.570603 0.672221
vertex 1.432664 0.567336 0.680866
vertex 1.425664 0.561591 0.680866
endloop
endfacet
facet normal 0.560071 -0.682479 -0.469620
outer loop
vertex 1.429397 0.570603 0.672221
vertex 1.425664 0.561591 0.680866
vertex 1.423097 0.565433 0.672221
endloop
endfacet
facet normal 0.403562 -0.491794 0.771541
outer loop
vertex 1.425000 0.575000 0.735356
vertex 1.419642 0.580357 0.741573
vertex 1.415433 0.576903 0.741573
endloop
endfacet
facet normal 0.403567 -0.491754 0.771564
outer loop
vertex 1.425000 0.575000 0.735356
vertex 1.415433 0.576903 0.741573
vertex 1.419642 0.570603 0.735356
endloop
endfacet
facet normal 0.491304 -0.598680 -0.632616
outer loop
vertex 1.425000 0.575000 0.664645
vertex 1.429397 0.570603 0.672221
vertex 1.423097 0.565433 0.672221
endloop
endfacet
facet normal 0.491312 -0.598674 -0.632615
outer loop
vertex 1.425000 0.575000 0.664645
vertex 1.423097 0.565433 0.672221
vertex 1.419642 0.570603 0.664645
endloop
endfacet
facet normal 0.491367 -0.598718 0.632531
outer loop
vertex 1.429397 0.570603 0.727778
vertex 1.425000 0.575000 0.735356
vertex 1.419642 0.570603 0.735356
endloop
endfacet
facet normal 0.491357 -0.598751 0.632507
outer loop
vertex 1.429397 0.570603 0.727778
vertex 1.419642 0.570603 0.735356
vertex 1.423097 0.565433 0.727778
endloop
endfacet
facet normal 0.403620 -0.491810 -0.771501
outer loop
vertex 1.419642 0.580357 0.658427
vertex 1.425000 0.575000 0.664645
vertex 1.419642 0.570603 0.664645
endloop
endfacet
facet normal 0.403584 -0.491827 -0.771509
outer loop
vertex 1.419642 0.580357 0.658427
vertex 1.419642 0.570603 0.664645
vertex 1.415433 0.576903 0.658427
endloop
endfacet
facet normal 0.560063 -0.682486 0.469619
outer loop
vertex 1.432664 0.567336 0.719134
vertex 1.429397 0.570603 0.727778
vertex 1.423097 0.565433 0.727778
endloop
endfacet
facet normal 0.560089 -0.682445 0.469647
outer loop
vertex 1.432664 0.567336 0.719134
vertex 1.423097 0.565433 0.727778
vertex 1.425664 0.561591 0.719134
endloop
endfacet
facet normal 0.300179 -0.365803 -0.880955
outer loop
vertex 1.413530 0.586470 0.653806
vertex 1.419642 0.580357 0.658427
vertex 1.415433 0.576903 0.658427
endloop
endfacet
facet normal 0.300125 -0.365820 -0.880966
outer loop
vertex 1.413530 0.586470 0.653806
vertex 1.415433 0.576903 0.658427
vertex 1.410630 0.584091 0.653806
endloop
endfacet
facet normal 0.607331 -0.740016 0.289007
outer loop
vertex 1.434676 0.565324 0.709754
vertex 1.432664 0.567336 0.719134
vertex 1.425664 0.561591 0.719134
endloop
endfacet
facet normal 0.607311 -0.740050 0.288962
outer loop
vertex 1.434676 0.565324 0.709754
vertex 1.425664 0.561591 0.719134
vertex 1.427245 0.559226 0.709754
endloop
endfacet
facet normal 0.184980 -0.225447 -0.956533
outer loop
vertex 1.406898 0.593103 0.650960
vertex 1.413530 0.586470 0.653806
vertex 1.410630 0.584091 0.653806
endloop
endfacet
facet normal 0.184935 -0.225495 -0.956531
outer loop
vertex 1.406898 0.593103 0.650960
vertex 1.410630 0.584091 0.653806
vertex 1.405419 0.591890 0.650960
endloop
endfacet
facet normal 0.631336 -0.769347 0.097570
outer loop
vertex 1.435356 0.564645 0.700000
vertex 1.434676 0.565324 0.709754
vertex 1.427245 0.559226 0.709754
endloop
endfacet
facet normal 0.631301 -0.769381 0.097526
outer loop
vertex 1.435356 0.564645 0.700000
vertex 1.427245 0.559226 0.709754
vertex 1.427778 0.558427 0.700000
endloop
endfacet
facet normal 0.062443 -0.076181 0.995137
outer loop
vertex 1.406898 0.593103 0.749039
vertex 1.400000 0.600000 0.750000
vertex 1.405419 0.591890 0.749039
endloop
endfacet
facet normal 0.062411 -0.076106 -0.995145
outer loop
vertex 1.400000 0.600000 0.650000
vertex 1.406898 0.593103 0.650960
vertex 1.405419 0.591890 0.650960
endloop
endfacet
facet normal 0.631306 -0.769373 -0.097560
outer loop
vertex 1.434676 0.565324 0.690245
vertex 1.435356 0.564645 0.700000
vertex 1.427778 0.558427 0.700000
endloop
endfacet
facet normal 0.631333 -0.769357 -0.097510
outer loop
vertex 1.434676 0.565324 0.690245
vertex 1.427778 0.558427 0.700000
vertex 1.427245 0.559226 0.690245
endloop
endfacet
facet normal 0.416156 -0.778618 0.469647
outer loop
vertex 1.425664 0.561591 0.719134
vertex 1.423097 0.565433 0.727778
vertex 1.415909 0.561591 0.727778
endloop
endfacet
facet normal 0.416107 -0.778686 0.469578
outer loop
vertex 1.425664 0.561591 0.719134
vertex 1.415909 0.561591 0.727778
vertex 1.417677 0.557323 0.719134
endloop
endfacet
facet normal 0.223038 -0.417322 -0.880963
outer loop
vertex 1.410630 0.584091 0.653806
vertex 1.415433 0.576903 0.658427
vertex 1.410630 0.574336 0.658427
endloop
endfacet
facet normal 0.223150 -0.417317 -0.880937
outer loop
vertex 1.410630 0.584091 0.653806
vertex 1.410630 0.574336 0.658427
vertex 1.407322 0.582322 0.653806
endloop
endfacet
facet normal 0.451193 -0.844354 0.288949
outer loop
vertex 1.427245 0.559226 0.709754
vertex 1.425664 0.561591 0.719134
vertex 1.417677 0.557323 0.719134
endloop
endfacet
facet normal 0.451339 -0.844223 0.289105
outer loop
vertex 1.427245 0.559226 0.709754
vertex 1.417677 0.557323 0.719134
vertex 1.418766 0.554693 0.709754
endloop
endfacet
facet normal 0.137521 -0.257171 -0.956531
outer loop
vertex 1.405419 0.591890 0.650960
vertex 1.410630 0.584091 0.653806
vertex 1.407322 0.582322 0.653806
endloop
endfacet
facet normal 0.137560 -0.257151 -0.956531
outer loop
vertex 1.405419 0.591890 0.650960
vertex 1.407322 0.582322 0.653806
vertex 1.403733 0.590988 0.650960
endloop
endfacet
facet normal 0.469225 -0.877675 0.097540
outer loop
vertex 1.427778 0.558427 0.700000
vertex 1.427245 0.559226 0.709754
vertex 1.418766 0.554693 0.709754
endloop
endfacet
facet normal 0.469223 -0.877679 0.097515
outer loop
vertex 1.427778 0.558427 0.700000
vertex 1.418766 0.554693 0.709754
vertex 1.419134 0.553806 0.700000
endloop
endfacet
facet normal 0.046438 -0.086871 0.995137
outer loop
vertex 1.405419 0.591890 0.749039
vertex 1.400000 0.600000 0.750000
vertex 1.403733 0.590988 0.749039
endloop
endfacet
facet normal 0.046431 -0.086783 -0.995145
outer loop
vertex 1.400000 0.600000 0.650000
vertex 1.405419 0.591890 0.650960
vertex 1.403733 0.590988 0.650960
endloop
endfacet
facet normal 0.469213 -0.877683 -0.097523
outer loop
vertex 1.427245 0.559226 0.690245
vertex 1.427778 0.558427 0.700000
vertex 1.419134 0.553806 0.700000
endloop
endfacet
facet normal 0.469227 -0.877677 -0.097511
outer loop
vertex 1.427245 0.559226 0.690245
vertex 1.419134 0.553806 0.700000
vertex 1.418766 0.554693 0.690245
endloop
endfacet
facet normal 0.137486 -0.257092 0.956557
outer loop
vertex 1.410630 0.584091 0.746194
vertex 1.405419 0.591890 0.749039
vertex 1.403733 0.590988 0.749039
endloop
endfacet
facet normal 0.137487 -0.257089 0.956558
outer loop
vertex 1.410630 0.584091 0.746194
vertex 1.403733 0.590988 0.749039
vertex 1.407322 0.582322 0.746194
endloop
endfacet
facet normal 0.451352 -0.844261 -0.288971
outer loop
vertex 1.425664 0.561591 0.680866
vertex 1.427245 0.559226 0.690245
vertex 1.418766 0.554693 0.690245
endloop
endfacet
facet normal 0.451172 -0.844296 -0.289150
outer loop
vertex 1.425664 0.561591 0.680866
vertex 1.418766 0.554693 0.690245
vertex 1.417677 0.557323 0.680866
endloop
endfacet
facet normal 0.223146 -0.417273 0.880959
outer loop
vertex 1.415433 0.576903 0.741573
vertex 1.410630 0.584091 0.746194
vertex 1.407322 0.582322 0.746194
endloop
endfacet
facet normal 0.223045 -0.417352 0.880947
outer loop
vertex 1.415433 0.576903 0.741573
vertex 1.407322 0.582322 0.746194
vertex 1.410630 0.574336 0.741573
endloop
endfacet
facet normal 0.416104 -0.778675 -0.469599
outer loop
vertex 1.423097 0.565433 0.672221
vertex 1.425664 0.561591 0.680866
vertex 1.417677 0.557323 0.680866
endloop
endfacet
facet normal 0.416178 -0.778675 -0.469532
outer loop
vertex 1.423097 0.565433 0.672221
vertex 1.417677 0.557323 0.680866
vertex 1.415909 0.561591 0.672221
endloop
endfacet
facet normal 0.299857 -0.561059 0.771556
outer loop
vertex 1.419642 0.570603 0.735356
vertex 1.415433 0.576903 0.741573
vertex 1.410630 0.574336 0.741573
endloop
endfacet
facet normal 0.299885 -0.561021 0.771573
outer loop
vertex 1.419642 0.570603 0.735356
vertex 1.410630 0.574336 0.741573
vertex 1.413530 0.567336 0.735356
endloop
endfacet
facet normal 0.365074 -0.683037 -0.632599
outer loop
vertex 1.419642 0.570603 0.664645
vertex 1.423097 0.565433 0.672221
vertex 1.415909 0.561591 0.672221
endloop
endfacet
facet normal 0.365106 -0.683022 -0.632597
outer loop
vertex 1.419642 0.570603 0.664645
vertex 1.415909 0.561591 0.672221
vertex 1.413530 0.567336 0.664645
endloop
endfacet
facet normal 0.365135 -0.683089 0.632508
outer loop
vertex 1.423097 0.565433 0.727778
vertex 1.419642 0.570603 0.735356
vertex 1.413530 0.567336 0.735356
endloop
endfacet
facet normal 0.365124 -0.683110 0.632491
outer loop
vertex 1.423097 0.565433 0.727778
vertex 1.413530 0.567336 0.735356
vertex 1.415909 0.561591 0.727778
endloop
endfacet
facet normal 0.299913 -0.561106 -0.771500
outer loop
vertex 1.415433 0.576903 0.658427
vertex 1.419642 0.570603 0.664645
vertex 1.413530 0.567336 0.664645
endloop
endfacet
facet normal 0.299881 -0.561056 -0.771549
outer loop
vertex 1.415433 0.576903 0.658427
vertex 1.413530 0.567336 0.664645
vertex 1.410630 0.574336 0.658427
endloop
endfacet
facet normal 0.277833 -0.916086 -0.289128
outer loop
vertex 1.417677 0.557323 0.680866
vertex 1.418766 0.554693 0.690245
vertex 1.409567 0.551903 0.690245
endloop
endfacet
facet normal 0.278050 -0.916072 -0.288965
outer loop
vertex 1.417677 0.557323 0.680866
vertex 1.409567 0.551903 0.690245
vertex 1.409012 0.554693 0.680866
endloop
endfacet
facet normal 0.137287 -0.452865 0.880946
outer loop
vertex 1.410630 0.574336 0.741573
vertex 1.407322 0.582322 0.746194
vertex 1.403733 0.581234 0.746194
endloop
endfacet
facet normal 0.137388 -0.452794 0.880967
outer loop
vertex 1.410630 0.574336 0.741573
vertex 1.403733 0.581234 0.746194
vertex 1.405419 0.572755 0.741573
endloop
endfacet
facet normal 0.256430 -0.844845 -0.469553
outer loop
vertex 1.415909 0.561591 0.672221
vertex 1.417677 0.557323 0.680866
vertex 1.409012 0.554693 0.680866
endloop
endfacet
facet normal 0.256193 -0.844821 -0.469726
outer loop
vertex 1.415909 0.561591 0.672221
vertex 1.409012 0.554693 0.680866
vertex 1.408110 0.559226 0.672221
endloop
endfacet
facet normal 0.184701 -0.608747 0.771565
outer loop
vertex 1.413530 0.567336 0.735356
vertex 1.410630 0.574336 0.741573
vertex 1.405419 0.572755 0.741573
endloop
endfacet
facet normal 0.184695 -0.608756 0.771559
outer loop
vertex 1.413530 0.567336 0.735356
vertex 1.405419 0.572755 0.741573
vertex 1.406898 0.565324 0.735356
endloop
endfacet
facet normal 0.224743 -0.741153 -0.632600
outer loop
vertex 1.413530 0.567336 0.664645
vertex 1.415909 0.561591 0.672221
vertex 1.408110 0.559226 0.672221
endloop
endfacet
facet normal 0.224863 -0.741153 -0.632557
outer loop
vertex 1.413530 0.567336 0.664645
vertex 1.408110 0.559226 0.672221
vertex 1.406898 0.565324 0.664645
endloop
endfacet
facet normal 0.224852 -0.741206 0.632499
outer loop
vertex 1.415909 0.561591 0.727778
vertex 1.413530 0.567336 0.735356
vertex 1.406898 0.565324 0.735356
endloop
endfacet
facet normal 0.224799 -0.741260 0.632455
outer loop
vertex 1.415909 0.561591 0.727778
vertex 1.406898 0.565324 0.735356
vertex 1.408110 0.559226 0.727778
endloop
endfacet
facet normal 0.184708 -0.608819 -0.771507
outer loop
vertex 1.410630 0.574336 0.658427
vertex 1.413530 0.567336 0.664645
vertex 1.406898 0.565324 0.664645
endloop
endfacet
facet normal 0.184700 -0.608817 -0.771510
outer loop
vertex 1.410630 0.574336 0.658427
vertex 1.406898 0.565324 0.664645
vertex 1.405419 0.572755 0.658427
endloop
endfacet
facet normal 0.256217 -0.844889 0.469590
outer loop
vertex 1.417677 0.557323 0.719134
vertex 1.415909 0.561591 0.727778
vertex 1.408110 0.559226 0.727778
endloop
endfacet
facet normal 0.256395 -0.844752 0.469740
outer loop
vertex 1.417677 0.557323 0.719134
vertex 1.408110 0.559226 0.727778
vertex 1.409012 0.554693 0.719134
endloop
endfacet
facet normal 0.137391 -0.452837 -0.880944
outer loop
vertex 1.407322 0.582322 0.653806
vertex 1.410630 0.574336 0.658427
vertex 1.405419 0.572755 0.658427
endloop
endfacet
facet normal 0.137294 -0.452799 -0.880979
outer loop
vertex 1.407322 0.582322 0.653806
vertex 1.405419 0.572755 0.658427
vertex 1.403733 0.581234 0.653806
endloop
endfacet
facet normal 0.278031 -0.916032 0.289110
outer loop
vertex 1.418766 0.554693 0.709754
vertex 1.417677 0.557323 0.719134
vertex 1.409012 0.554693 0.719134
endloop
endfacet
facet normal 0.277863 -0.916137 0.288940
outer loop
vertex 1.418766 0.554693 0.709754
vertex 1.409012 0.554693 0.719134
vertex 1.409567 0.551903 0.709754
endloop
endfacet
facet normal 0.084601 -0.279086 -0.956532
outer loop
vertex 1.403733 0.590988 0.650960
vertex 1.407322 0.582322 0.653806
vertex 1.403733 0.581234 0.653806
endloop
endfacet
facet normal 0.084643 -0.279083 -0.956529
outer loop
vertex 1.403733 0.590988 0.650960
vertex 1.403733 0.581234 0.653806
vertex 1.401903 0.590433 0.650960
endloop
endfacet
facet normal 0.288845 -0.952397 0.097507
outer loop
vertex 1.419134 0.553806 0.700000
vertex 1.418766 0.554693 0.709754
vertex 1.409567 0.551903 0.709754
endloop
endfacet
facet normal 0.288958 -0.952352 0.097620
outer loop
vertex 1.419134 0.553806 0.700000
vertex 1.409567 0.551903 0.709754
vertex 1.409754 0.550960 0.700000
endloop
endfacet
facet normal 0.028557 -0.094269 0.995137
outer loop
vertex 1.403733 0.590988 0.749039
vertex 1.400000 0.600000 0.750000
vertex 1.401903 0.590433 0.749039
endloop
endfacet
facet normal 0.028541 -0.094183 -0.995146
outer loop
vertex 1.400000 0.600000 0.650000
vertex 1.403733 0.590988 0.650960
vertex 1.401903 0.590433 0.650960
endloop
endfacet
facet normal 0.288951 -0.952366 -0.097503
outer loop
vertex 1.418766 0.554693 0.690245
vertex 1.419134 0.553806 0.700000
vertex 1.409754 0.550960 0.700000
endloop
endfacet
facet normal 0.288848 -0.952386 -0.097607
outer loop
vertex 1.418766 0.554693 0.690245
vertex 1.409754 0.550960 0.700000
vertex 1.409567 0.551903 0.690245
endloop
endfacet
facet normal 0.084621 -0.278982 0.956561
outer loop
vertex 1.407322 0.582322 0.746194
vertex 1.403733 0.590988 0.749039
vertex 1.401903 0.590433 0.749039
endloop
endfacet
facet normal 0.084592 -0.279021 0.956552
outer loop
vertex 1.407322 0.582322 0.746194
vertex 1.401903 0.590433 0.749039
vertex 1.403733 0.581234 0.746194
endloop
endfacet
facet normal 0.046395 -0.470923 -0.880953
outer loop
vertex 1.403733 0.581234 0.653806
vertex 1.405419 0.572755 0.658427
vertex 1.400000 0.572221 0.658427
endloop
endfacet
facet normal 0.046424 -0.470896 -0.880966
outer loop
vertex 1.403733 0.581234 0.653806
vertex 1.400000 0.572221 0.658427
vertex 1.400000 0.580866 0.653806
endloop
endfacet
facet normal 0.093774 -0.952746 0.288933
outer loop
vertex 1.409567 0.551903 0.709754
vertex 1.409012 0.554693 0.719134
vertex 1.400000 0.553806 0.719134
endloop
endfacet
facet normal 0.093909 -0.952693 0.289063
outer loop
vertex 1.409567 0.551903 0.709754
vertex 1.400000 0.553806 0.719134
vertex 1.400000 0.550960 0.709754
endloop
endfacet
facet normal 0.028612 -0.290225 -0.956531
outer loop
vertex 1.401903 0.590433 0.650960
vertex 1.403733 0.581234 0.653806
vertex 1.400000 0.580866 0.653806
endloop
endfacet
facet normal 0.028698 -0.290273 -0.956513
outer loop
vertex 1.401903 0.590433 0.650960
vertex 1.400000 0.580866 0.653806
vertex 1.400000 0.590245 0.650960
endloop
endfacet
facet normal 0.097629 -0.990422 0.097631
outer loop
vertex 1.409754 0.550960 0.700000
vertex 1.409567 0.551903 0.709754
vertex 1.400000 0.550960 0.709754
endloop
endfacet
facet normal 0.097481 -0.990452 0.097478
outer loop
vertex 1.409754 0.550960 0.700000
vertex 1.400000 0.550960 0.709754
vertex 1.400000 0.550000 0.700000
endloop
endfacet
facet normal 0.009685 -0.098037 0.995136
outer loop
vertex 1.401903 0.590433 0.749039
vertex 1.400000 0.600000 0.750000
vertex 1.400000 0.590245 0.749039
endloop
endfacet
facet normal 0.009704 -0.097938 -0.995145
outer loop
vertex 1.400000 0.600000 0.650000
vertex 1.401903 0.590433 0.650960
vertex 1.400000 0.590245 0.650960
endloop
endfacet
facet normal 0.097480 -0.990439 -0.097613
outer loop
vertex 1.409567 0.551903 0.690245
vertex 1.409754 0.550960 0.700000
vertex 1.400000 0.550000 0.700000
endloop
endfacet
facet normal 0.097634 -0.990437 -0.097474
outer loop
vertex 1.409567 0.551903 0.690245
vertex 1.400000 0.550000 0.700000
vertex 1.400000 0.550960 0.690245
endloop
endfacet
facet normal 0.028648 -0.290158 0.956550
outer loop
vertex 1.403733 0.581234 0.746194
vertex 1.401903 0.590433 0.749039
vertex 1.400000 0.590245 0.749039
endloop
endfacet
facet normal 0.028625 -0.290142 0.956555
outer loop
vertex 1.403733 0.581234 0.746194
vertex 1.400000 0.590245 0.749039
vertex 1.400000 0.580866 0.746194
endloop
endfacet
facet normal 0.093915 -0.952721 -0.288969
outer loop
vertex 1.409012 0.554693 0.680866
vertex 1.409567 0.551903 0.690245
vertex 1.400000 0.550960 0.690245
endloop
endfacet
facet normal 0.093773 -0.952696 -0.289097
outer loop
vertex 1.409012 0.554693 0.680866
vertex 1.400000 0.550960 0.690245
vertex 1.400000 0.553806 0.680866
endloop
endfacet
facet normal 0.046427 -0.470920 0.880953
outer loop
vertex 1.405419 0.572755 0.741573
vertex 1.403733 0.581234 0.746194
vertex 1.400000 0.580866 0.746194
endloop
endfacet
facet normal 0.046411 -0.470906 0.880961
outer loop
vertex 1.405419 0.572755 0.741573
vertex 1.400000 0.580866 0.746194
vertex 1.400000 0.572221 0.741573
endloop
endfacet
facet normal 0.086476 -0.878578 -0.469704
outer loop
vertex 1.408110 0.559226 0.672221
vertex 1.409012 0.554693 0.680866
vertex 1.400000 0.553806 0.680866
endloop
endfacet
facet normal 0.086562 -0.878601 -0.469645
outer loop
vertex 1.408110 0.559226 0.672221
vertex 1.400000 0.553806 0.680866
vertex 1.400000 0.558427 0.672221
endloop
endfacet
facet normal 0.062381 -0.633086 0.771564
outer loop
vertex 1.406898 0.565324 0.735356
vertex 1.405419 0.572755 0.741573
vertex 1.400000 0.572221 0.741573
endloop
endfacet
facet normal 0.062313 -0.633138 0.771527
outer loop
vertex 1.406898 0.565324 0.735356
vertex 1.400000 0.572221 0.741573
vertex 1.400000 0.564645 0.735356
endloop
endfacet
facet normal 0.075950 -0.770792 -0.632544
outer loop
vertex 1.406898 0.565324 0.664645
vertex 1.408110 0.559226 0.672221
vertex 1.400000 0.558427 0.672221
endloop
endfacet
facet normal 0.075861 -0.770756 -0.632597
outer loop
vertex 1.406898 0.565324 0.664645
vertex 1.400000 0.558427 0.672221
vertex 1.400000 0.564645 0.664645
endloop
endfacet
facet normal 0.075869 -0.770874 0.632454
outer loop
vertex 1.408110 0.559226 0.727778
vertex 1.406898 0.565324 0.735356
vertex 1.400000 0.564645 0.735356
endloop
endfacet
facet normal 0.075950 -0.770833 0.632494
outer loop
vertex 1.408110 0.559226 0.727778
vertex 1.400000 0.564645 0.735356
vertex 1.400000 0.558427 0.727778
endloop
endfacet
facet normal 0.062323 -0.633153 -0.771513
outer loop
vertex 1.405419 0.572755 0.658427
vertex 1.406898 0.565324 0.664645
vertex 1.400000 0.564645 0.664645
endloop
endfacet
facet normal 0.062390 -0.633208 -0.771463
outer loop
vertex 1.405419 0.572755 0.658427
vertex 1.400000 0.564645 0.664645
vertex 1.400000 0.572221 0.658427
endloop
endfacet
facet normal 0.086559 -0.878537 0.469766
outer loop
vertex 1.409012 0.554693 0.719134
vertex 1.408110 0.559226 0.727778
vertex 1.400000 0.558427 0.727778
endloop
endfacet
facet normal 0.086479 -0.878590 0.469683
outer loop
vertex 1.409012 0.554693 0.719134
vertex 1.400000 0.558427 0.727778
vertex 1.400000 0.553806 0.719134
endloop
endfacet
facet normal -0.086480 -0.878613 -0.469639
outer loop
vertex 1.400000 0.558427 0.672221
vertex 1.400000 0.553806 0.680866
vertex 1.390988 0.554693 0.680866
endloop
endfacet
facet normal -0.086561 -0.878559 -0.469724
outer loop
vertex 1.400000 0.558427 0.672221
vertex 1.390988 0.554693 0.680866
vertex 1.391890 0.559226 0.672221
endloop
endfacet
facet normal -0.062384 -0.633125 0.771532
outer loop
vertex 1.400000 0.564645 0.735356
vertex 1.400000 0.572221 0.741573
vertex 1.394581 0.572755 0.741573
endloop
endfacet
facet normal -0.062320 -0.633106 0.771553
outer loop
vertex 1.400000 0.564645 0.735356
vertex 1.394581 0.572755 0.741573
vertex 1.393103 0.565324 0.735356
endloop
endfacet
facet normal -0.075942 -0.770748 -0.632597
outer loop
vertex 1.400000 0.564645 0.664645
vertex 1.400000 0.558427 0.672221
vertex 1.391890 0.559226 0.672221
endloop
endfacet
facet normal -0.075877 -0.770782 -0.632565
outer loop
vertex 1.400000 0.564645 0.664645
vertex 1.391890 0.559226 0.672221
vertex 1.393103 0.565324 0.664645
endloop
endfacet
facet normal -0.075877 -0.770836 0.632499
outer loop
vertex 1.400000 0.558427 0.727778
vertex 1.400000 0.564645 0.735356
vertex 1.393103 0.565324 0.735356
endloop
endfacet
facet normal -0.075954 -0.770852 0.632469
outer loop
vertex 1.400000 0.558427 0.727778
vertex 1.393103 0.565324 0.735356
vertex 1.391890 0.559226 0.727778
endloop
endfacet
facet normal -0.062336 -0.633194 -0.771479
outer loop
vertex 1.400000 0.572221 0.658427
vertex 1.400000 0.564645 0.664645
vertex 1.393103 0.565324 0.664645
endloop
endfacet
facet normal -0.062388 -0.633157 -0.771505
outer loop
vertex 1.400000 0.572221 0.658427
vertex 1.393103 0.565324 0.664645
vertex 1.394581 0.572755 0.658427
endloop
endfacet
facet normal -0.086561 -0.878581 0.469684
outer loop
vertex 1.400000 0.553806 0.719134
vertex 1.400000 0.558427 0.727778
vertex 1.391890 0.559226 0.727778
endloop
endfacet
facet normal -0.086475 -0.878556 0.469745
outer loop
vertex 1.400000 0.553806 0.719134
vertex 1.391890 0.559226 0.727778
vertex 1.390988 0.554693 0.719134
endloop
endfacet
facet normal -0.046397 -0.470907 -0.880962
outer loop
vertex 1.400000 0.580866 0.653806
vertex 1.400000 0.572221 0.658427
vertex 1.394581 0.572755 0.658427
endloop
endfacet
facet normal -0.046422 -0.470901 -0.880964
outer loop
vertex 1.400000 0.580866 0.653806
vertex 1.394581 0.572755 0.658427
vertex 1.396267 0.581234 0.653806
endloop
endfacet
facet normal -0.093772 -0.952705 0.289067
outer loop
vertex 1.400000 0.550960 0.709754
vertex 1.400000 0.553806 0.719134
vertex 1.390988 0.554693 0.719134
endloop
endfacet
facet normal -0.093913 -0.952731 0.288934
outer loop
vertex 1.400000 0.550960 0.709754
vertex 1.390988 0.554693 0.719134
vertex 1.390433 0.551903 0.709754
endloop
endfacet
facet normal -0.028613 -0.290235 -0.956527
outer loop
vertex 1.400000 0.590245 0.650960
vertex 1.400000 0.580866 0.653806
vertex 1.396267 0.581234 0.653806
endloop
endfacet
facet normal -0.028696 -0.290203 -0.956535
outer loop
vertex 1.400000 0.590245 0.650960
vertex 1.396267 0.581234 0.653806
vertex 1.398097 0.590433 0.650960
endloop
endfacet
facet normal -0.097632 -0.990437 0.097484
outer loop
vertex 1.400000 0.550000 0.700000
vertex 1.400000 0.550960 0.709754
vertex 1.390433 0.551903 0.709754
endloop
endfacet
facet normal -0.097467 -0.990438 0.097635
outer loop
vertex 1.400000 0.550000 0.700000
vertex 1.390433 0.551903 0.709754
vertex 1.390245 0.550960 0.700000
endloop
endfacet
facet normal -0.009685 -0.098037 0.995136
outer loop
vertex 1.400000 0.590245 0.749039
vertex 1.400000 0.600000 0.750000
vertex 1.398097 0.590433 0.749039
endloop
endfacet
facet normal -0.009704 -0.097938 -0.995145
outer loop
vertex 1.400000 0.600000 0.650000
vertex 1.400000 0.590245 0.650960
vertex 1.398097 0.590433 0.650960
endloop
endfacet
facet normal -0.097473 -0.990454 -0.097469
outer loop
vertex 1.400000 0.550960 0.690245
vertex 1.400000 0.550000 0.700000
vertex 1.390245 0.550960 0.700000
endloop
endfacet
facet normal -0.097627 -0.990423 -0.097632
outer loop
vertex 1.400000 0.550960 0.690245
vertex 1.390245 0.550960 0.700000
vertex 1.390433 0.551903 0.690245
endloop
endfacet
facet normal -0.028651 -0.290136 0.956556
outer loop
vertex 1.400000 0.580866 0.746194
vertex 1.400000 0.590245 0.749039
vertex 1.398097 0.590433 0.749039
endloop
endfacet
facet normal -0.028623 -0.290153 0.956552
outer loop
vertex 1.400000 0.580866 0.746194
vertex 1.398097 0.590433 0.749039
vertex 1.396267 0.581234 0.746194
endloop
endfacet
facet normal -0.093909 -0.952685 -0.289090
outer loop
vertex 1.400000 0.553806 0.680866
vertex 1.400000 0.550960 0.690245
vertex 1.390433 0.551903 0.690245
endloop
endfacet
facet normal -0.093777 -0.952737 -0.288960
outer loop
vertex 1.400000 0.553806 0.680866
vertex 1.390433 0.551903 0.690245
vertex 1.390988 0.554693 0.680866
endloop
endfacet
facet normal -0.046430 -0.470896 0.880966
outer loop
vertex 1.400000 0.572221 0.741573
vertex 1.400000 0.580866 0.746194
vertex 1.396267 0.581234 0.746194
endloop
endfacet
facet normal -0.046410 -0.470910 0.880960
outer loop
vertex 1.400000 0.572221 0.741573
vertex 1.396267 0.581234 0.746194
vertex 1.394581 0.572755 0.741573
endloop
endfacet
facet normal -0.084579 -0.279115 -0.956526
outer loop
vertex 1.398097 0.590433 0.650960
vertex 1.396267 0.581234 0.653806
vertex 1.392677 0.582322 0.653806
endloop
endfacet
facet normal -0.084637 -0.279063 -0.956536
outer loop
vertex 1.398097 0.590433 0.650960
vertex 1.392677 0.582322 0.653806
vertex 1.396267 0.590988 0.650960
endloop
endfacet
facet normal -0.288846 -0.952382 0.097656
outer loop
vertex 1.390245 0.550960 0.700000
vertex 1.390433 0.551903 0.709754
vertex 1.381234 0.554693 0.709754
endloop
endfacet
facet normal -0.288989 -0.952353 0.097512
outer loop
vertex 1.390245 0.550960 0.700000
vertex 1.381234 0.554693 0.709754
vertex 1.380866 0.553806 0.700000
endloop
endfacet
facet normal -0.028557 -0.094257 0.995138
outer loop
vertex 1.398097 0.590433 0.749039
vertex 1.400000 0.600000 0.750000
vertex 1.396267 0.590988 0.749039
endloop
endfacet
facet normal -0.028541 -0.094170 -0.995147
outer loop
vertex 1.400000 0.600000 0.650000
vertex 1.398097 0.590433 0.650960
vertex 1.396267 0.590988 0.650960
endloop
endfacet
facet normal -0.288985 -0.952340 -0.097650
outer loop
vertex 1.390433 0.551903 0.690245
vertex 1.390245 0.550960 0.700000
vertex 1.380866 0.553806 0.700000
endloop
endfacet
facet normal -0.288853 -0.952396 -0.097498
outer loop
vertex 1.390433 0.551903 0.690245
vertex 1.380866 0.553806 0.700000
vertex 1.381234 0.554693 0.690245
endloop
endfacet
facet normal -0.084624 -0.278992 0.956558
outer loop
vertex 1.396267 0.581234 0.746194
vertex 1.398097 0.590433 0.749039
vertex 1.396267 0.590988 0.749039
endloop
endfacet
facet normal -0.084566 -0.279012 0.956557
outer loop
vertex 1.396267 0.581234 0.746194
vertex 1.396267 0.590988 0.749039
vertex 1.392677 0.582322 0.746194
endloop
endfacet
facet normal -0.277858 -0.916129 -0.288967
outer loop
vertex 1.390988 0.554693 0.680866
vertex 1.390433 0.551903 0.690245
vertex 1.381234 0.554693 0.690245
endloop
endfacet
facet normal -0.277996 -0.916042 -0.289110
outer loop
vertex 1.390988 0.554693 0.680866
vertex 1.381234 0.554693 0.690245
vertex 1.382322 0.557323 0.680866
endloop
endfacet
facet normal -0.137235 -0.452819 0.880978
outer loop
vertex 1.394581 0.572755 0.741573
vertex 1.396267 0.581234 0.746194
vertex 1.392677 0.582322 0.746194
endloop
endfacet
facet normal -0.137358 -0.452858 0.880938
outer loop
vertex 1.394581 0.572755 0.741573
vertex 1.392677 0.582322 0.746194
vertex 1.389369 0.574336 0.741573
endloop
endfacet
facet normal -0.256371 -0.844777 -0.469708
outer loop
vertex 1.391890 0.559226 0.672221
vertex 1.390988 0.554693 0.680866
vertex 1.382322 0.557323 0.680866
endloop
endfacet
facet normal -0.256219 -0.844904 -0.469563
outer loop
vertex 1.391890 0.559226 0.672221
vertex 1.382322 0.557323 0.680866
vertex 1.384091 0.561591 0.672221
endloop
endfacet
facet normal -0.184676 -0.608768 0.771555
outer loop
vertex 1.393103 0.565324 0.735356
vertex 1.394581 0.572755 0.741573
vertex 1.389369 0.574336 0.741573
endloop
endfacet
facet normal -0.184655 -0.608780 0.771550
outer loop
vertex 1.393103 0.565324 0.735356
vertex 1.389369 0.574336 0.741573
vertex 1.386470 0.567336 0.735356
endloop
endfacet
facet normal -0.224752 -0.741186 -0.632558
outer loop
vertex 1.393103 0.565324 0.664645
vertex 1.391890 0.559226 0.672221
vertex 1.384091 0.561591 0.672221
endloop
endfacet
facet normal -0.224807 -0.741135 -0.632598
outer loop
vertex 1.393103 0.565324 0.664645
vertex 1.384091 0.561591 0.672221
vertex 1.386470 0.567336 0.664645
endloop
endfacet
facet normal -0.224845 -0.741247 0.632454
outer loop
vertex 1.391890 0.559226 0.727778
vertex 1.393103 0.565324 0.735356
vertex 1.386470 0.567336 0.735356
endloop
endfacet
facet normal -0.224770 -0.741230 0.632500
outer loop
vertex 1.391890 0.559226 0.727778
vertex 1.386470 0.567336 0.735356
vertex 1.384091 0.561591 0.727778
endloop
endfacet
facet normal -0.184674 -0.608833 -0.771504
outer loop
vertex 1.394581 0.572755 0.658427
vertex 1.393103 0.565324 0.664645
vertex 1.386470 0.567336 0.664645
endloop
endfacet
facet normal -0.184687 -0.608825 -0.771507
outer loop
vertex 1.394581 0.572755 0.658427
vertex 1.386470 0.567336 0.664645
vertex 1.389369 0.574336 0.658427
endloop
endfacet
facet normal -0.256185 -0.844809 0.469753
outer loop
vertex 1.390988 0.554693 0.719134
vertex 1.391890 0.559226 0.727778
vertex 1.384091 0.561591 0.727778
endloop
endfacet
facet normal -0.256382 -0.844828 0.469611
outer loop
vertex 1.390988 0.554693 0.719134
vertex 1.384091 0.561591 0.727778
vertex 1.382322 0.557323 0.719134
endloop
endfacet
facet normal -0.137359 -0.452802 -0.880967
outer loop
vertex 1.396267 0.581234 0.653806
vertex 1.394581 0.572755 0.658427
vertex 1.389369 0.574336 0.658427
endloop
endfacet
facet normal -0.137246 -0.452903 -0.880933
outer loop
vertex 1.396267 0.581234 0.653806
vertex 1.389369 0.574336 0.658427
vertex 1.392677 0.582322 0.653806
endloop
endfacet
facet normal -0.278020 -0.916093 0.288928
outer loop
vertex 1.390433 0.551903 0.709754
vertex 1.390988 0.554693 0.719134
vertex 1.382322 0.557323 0.719134
endloop
endfacet
facet normal -0.277848 -0.916095 0.289087
outer loop
vertex 1.390433 0.551903 0.709754
vertex 1.382322 0.557323 0.719134
vertex 1.381234 0.554693 0.709754
endloop
endfacet
facet normal -0.299911 -0.561019 0.771564
outer loop
vertex 1.386470 0.567336 0.735356
vertex 1.389369 0.574336 0.741573
vertex 1.384567 0.576903 0.741573
endloop
endfacet
facet normal -0.299842 -0.561050 0.771568
outer loop
vertex 1.386470 0.567336 0.735356
vertex 1.384567 0.576903 0.741573
vertex 1.380357 0.570603 0.735356
endloop
endfacet
facet normal -0.365090 -0.683034 -0.632593
outer loop
vertex 1.386470 0.567336 0.664645
vertex 1.384091 0.561591 0.672221
vertex 1.376903 0.565433 0.672221
endloop
endfacet
facet normal -0.365060 -0.683074 -0.632566
outer loop
vertex 1.386470 0.567336 0.664645
vertex 1.376903 0.565433 0.672221
vertex 1.380357 0.570603 0.664645
endloop
endfacet
facet normal -0.365103 -0.683112 0.632501
outer loop
vertex 1.384091 0.561591 0.727778
vertex 1.386470 0.567336 0.735356
vertex 1.380357 0.570603 0.735356
endloop
endfacet
facet normal -0.365119 -0.683134 0.632468
outer loop
vertex 1.384091 0.561591 0.727778
vertex 1.380357 0.570603 0.735356
vertex 1.376903 0.565433 0.727778
endloop
endfacet
facet normal -0.299894 -0.561100 -0.771512
outer loop
vertex 1.389369 0.574336 0.658427
vertex 1.386470 0.567336 0.664645
vertex 1.380357 0.570603 0.664645
endloop
endfacet
facet normal -0.299919 -0.561058 -0.771533
outer loop
vertex 1.389369 0.574336 0.658427
vertex 1.380357 0.570603 0.664645
vertex 1.384567 0.576903 0.658427
endloop
endfacet
facet normal -0.416171 -0.778621 0.469628
outer loop
vertex 1.382322 0.557323 0.719134
vertex 1.384091 0.561591 0.727778
vertex 1.376903 0.565433 0.727778
endloop
endfacet
facet normal -0.416135 -0.778632 0.469643
outer loop
vertex 1.382322 0.557323 0.719134
vertex 1.376903 0.565433 0.727778
vertex 1.374336 0.561591 0.719134
endloop
endfacet
facet normal -0.223101 -0.417318 -0.880949
outer loop
vertex 1.392677 0.582322 0.653806
vertex 1.389369 0.574336 0.658427
vertex 1.384567 0.576903 0.658427
endloop
endfacet
facet normal -0.223139 -0.417296 -0.880950
outer loop
vertex 1.392677 0.582322 0.653806
vertex 1.384567 0.576903 0.658427
vertex 1.389369 0.584091 0.653806
endloop
endfacet
facet normal -0.451220 -0.844298 0.289071
outer loop
vertex 1.381234 0.554693 0.709754
vertex 1.382322 0.557323 0.719134
vertex 1.374336 0.561591 0.719134
endloop
endfacet
facet normal -0.451360 -0.844267 0.288943
outer loop
vertex 1.381234 0.554693 0.709754
vertex 1.374336 0.561591 0.719134
vertex 1.372755 0.559226 0.709754
endloop
endfacet
facet normal -0.137521 -0.257146 -0.956537
outer loop
vertex 1.396267 0.590988 0.650960
vertex 1.392677 0.582322 0.653806
vertex 1.389369 0.584091 0.653806
endloop
endfacet
facet normal -0.137545 -0.257173 -0.956527
outer loop
vertex 1.396267 0.590988 0.650960
vertex 1.389369 0.584091 0.653806
vertex 1.394581 0.591890 0.650960
endloop
endfacet
facet normal -0.469229 -0.877675 0.097521
outer loop
vertex 1.380866 0.553806 0.700000
vertex 1.381234 0.554693 0.709754
vertex 1.372755 0.559226 0.709754
endloop
endfacet
facet normal -0.469169 -0.877700 0.097589
outer loop
vertex 1.380866 0.553806 0.700000
vertex 1.372755 0.559226 0.709754
vertex 1.372221 0.558427 0.700000
endloop
endfacet
facet normal -0.046436 -0.086881 0.995136
outer loop
vertex 1.396267 0.590988 0.749039
vertex 1.400000 0.600000 0.750000
vertex 1.394581 0.591890 0.749039
endloop
endfacet
facet normal -0.046431 -0.086783 -0.995145
outer loop
vertex 1.400000 0.600000 0.650000
vertex 1.396267 0.590988 0.650960
vertex 1.394581 0.591890 0.650960
endloop
endfacet
facet normal -0.469165 -0.877710 -0.097513
outer loop
vertex 1.381234 0.554693 0.690245
vertex 1.380866 0.553806 0.700000
vertex 1.372221 0.558427 0.700000
endloop
endfacet
facet normal -0.469231 -0.877668 -0.097579
outer loop
vertex 1.381234 0.554693 0.690245
vertex 1.372221 0.558427 0.700000
vertex 1.372755 0.559226 0.690245
endloop
endfacet
facet normal -0.137490 -0.257048 0.956568
outer loop
vertex 1.392677 0.582322 0.746194
vertex 1.396267 0.590988 0.749039
vertex 1.394581 0.591890 0.749039
endloop
endfacet
facet normal -0.137476 -0.257094 0.956558
outer loop
vertex 1.392677 0.582322 0.746194
vertex 1.394581 0.591890 0.749039
vertex 1.389369 0.584091 0.746194
endloop
endfacet
facet normal -0.451347 -0.844222 -0.289093
outer loop
vertex 1.382322 0.557323 0.680866
vertex 1.381234 0.554693 0.690245
vertex 1.372755 0.559226 0.690245
endloop
endfacet
facet normal -0.451228 -0.844328 -0.288971
outer loop
vertex 1.382322 0.557323 0.680866
vertex 1.372755 0.559226 0.690245
vertex 1.374336 0.561591 0.680866
endloop
endfacet
facet normal -0.223176 -0.417303 0.880937
outer loop
vertex 1.389369 0.574336 0.741573
vertex 1.392677 0.582322 0.746194
vertex 1.389369 0.584091 0.746194
endloop
endfacet
facet normal -0.223089 -0.417314 0.880954
outer loop
vertex 1.389369 0.574336 0.741573
vertex 1.389369 0.584091 0.746194
vertex 1.384567 0.576903 0.741573
endloop
endfacet
facet normal -0.416154 -0.778664 -0.469572
outer loop
vertex 1.384091 0.561591 0.672221
vertex 1.382322 0.557323 0.680866
vertex 1.374336 0.561591 0.680866
endloop
endfacet
facet normal -0.416168 -0.778633 -0.469611
outer loop
vertex 1.384091 0.561591 0.672221
vertex 1.374336 0.561591 0.680866
vertex 1.376903 0.565433 0.672221
endloop
endfacet
facet normal -0.631335 -0.769346 0.097579
outer loop
vertex 1.372221 0.558427 0.700000
vertex 1.372755 0.559226 0.709754
vertex 1.365324 0.565324 0.709754
endloop
endfacet
facet normal -0.631406 -0.769299 0.097496
outer loop
vertex 1.372221 0.558427 0.700000
vertex 1.365324 0.565324 0.709754
vertex 1.364645 0.564645 0.700000
endloop
endfacet
facet normal -0.062471 -0.076153 0.995137
outer loop
vertex 1.394581 0.591890 0.749039
vertex 1.400000 0.600000 0.750000
vertex 1.393103 0.593103 0.749039
endloop
endfacet
facet normal -0.062439 -0.076090 -0.995144
outer loop
vertex 1.400000 0.600000 0.650000
vertex 1.394581 0.591890 0.650960
vertex 1.393103 0.593103 0.650960
endloop
endfacet
facet normal -0.631406 -0.769290 -0.097565
outer loop
vertex 1.372755 0.559226 0.690245
vertex 1.372221 0.558427 0.700000
vertex 1.364645 0.564645 0.700000
endloop
endfacet
facet normal -0.631331 -0.769362 -0.097488
outer loop
vertex 1.372755 0.559226 0.690245
vertex 1.364645 0.564645 0.700000
vertex 1.365324 0.565324 0.690245
endloop
endfacet
facet normal -0.184950 -0.225304 0.956573
outer loop
vertex 1.389369 0.584091 0.746194
vertex 1.394581 0.591890 0.749039
vertex 1.393103 0.593103 0.749039
endloop
endfacet
facet normal -0.184941 -0.225349 0.956564
outer loop
vertex 1.389369 0.584091 0.746194
vertex 1.393103 0.593103 0.749039
vertex 1.386470 0.586470 0.746194
endloop
endfacet
facet normal -0.607308 -0.740043 -0.288988
outer loop
vertex 1.374336 0.561591 0.680866
vertex 1.372755 0.559226 0.690245
vertex 1.365324 0.565324 0.690245
endloop
endfacet
facet normal -0.607329 -0.740006 -0.289039
outer loop
vertex 1.374336 0.561591 0.680866
vertex 1.365324 0.565324 0.690245
vertex 1.367336 0.567336 0.680866
endloop
endfacet
facet normal -0.300188 -0.365792 0.880956
outer loop
vertex 1.384567 0.576903 0.741573
vertex 1.389369 0.584091 0.746194
vertex 1.386470 0.586470 0.746194
endloop
endfacet
facet normal -0.300133 -0.365824 0.880961
outer loop
vertex 1.384567 0.576903 0.741573
vertex 1.386470 0.586470 0.746194
vertex 1.380357 0.580357 0.741573
endloop
endfacet
facet normal -0.560098 -0.682469 -0.469603
outer loop
vertex 1.376903 0.565433 0.672221
vertex 1.374336 0.561591 0.680866
vertex 1.367336 0.567336 0.680866
endloop
endfacet
facet normal -0.560073 -0.682505 -0.469581
outer loop
vertex 1.376903 0.565433 0.672221
vertex 1.367336 0.567336 0.680866
vertex 1.370603 0.570603 0.672221
endloop
endfacet
facet normal -0.403486 -0.491771 0.771596
outer loop
vertex 1.380357 0.570603 0.735356
vertex 1.384567 0.576903 0.741573
vertex 1.380357 0.580357 0.741573
endloop
endfacet
facet normal -0.403627 -0.491773 0.771521
outer loop
vertex 1.380357 0.570603 0.735356
vertex 1.380357 0.580357 0.741573
vertex 1.375000 0.575000 0.735356
endloop
endfacet
facet normal -0.491324 -0.598710 -0.632572
outer loop
vertex 1.380357 0.570603 0.664645
vertex 1.376903 0.565433 0.672221
vertex 1.370603 0.570603 0.672221
endloop
endfacet
facet normal -0.491363 -0.598617 -0.632630
outer loop
vertex 1.380357 0.570603 0.664645
vertex 1.370603 0.570603 0.672221
vertex 1.375000 0.575000 0.664645
endloop
endfacet
facet normal -0.491434 -0.598717 0.632480
outer loop
vertex 1.376903 0.565433 0.727778
vertex 1.380357 0.570603 0.735356
vertex 1.375000 0.575000 0.735356
endloop
endfacet
facet normal -0.491361 -0.598732 0.632523
outer loop
vertex 1.376903 0.565433 0.727778
vertex 1.375000 0.575000 0.735356
vertex 1.370603 0.570603 0.727778
endloop
endfacet
facet normal -0.403633 -0.491770 -0.771519
outer loop
vertex 1.384567 0.576903 0.658427
vertex 1.380357 0.570603 0.664645
vertex 1.375000 0.575000 0.664645
endloop
endfacet
facet normal -0.403561 -0.491903 -0.771473
outer loop
vertex 1.384567 0.576903 0.658427
vertex 1.375000 0.575000 0.664645
vertex 1.380357 0.580357 0.658427
endloop
endfacet
facet normal -0.560058 -0.682465 0.469656
outer loop
vertex 1.374336 0.561591 0.719134
vertex 1.376903 0.565433 0.727778
vertex 1.370603 0.570603 0.727778
endloop
endfacet
facet normal -0.560103 -0.682455 0.469617
outer loop
vertex 1.374336 0.561591 0.719134
vertex 1.370603 0.570603 0.727778
vertex 1.367336 0.567336 0.719134
endloop
endfacet
facet normal -0.300143 -0.365853 -0.880946
outer loop
vertex 1.389369 0.584091 0.653806
vertex 1.384567 0.576903 0.658427
vertex 1.380357 0.580357 0.658427
endloop
endfacet
facet normal -0.300166 -0.365748 -0.880982
outer loop
vertex 1.389369 0.584091 0.653806
vertex 1.380357 0.580357 0.658427
vertex 1.386470 0.586470 0.653806
endloop
endfacet
facet normal -0.607340 -0.740027 0.288959
outer loop
vertex 1.372755 0.559226 0.709754
vertex 1.374336 0.561591 0.719134
vertex 1.367336 0.567336 0.719134
endloop
endfacet
facet normal -0.607301 -0.740039 0.289012
outer loop
vertex 1.372755 0.559226 0.709754
vertex 1.367336 0.567336 0.719134
vertex 1.365324 0.565324 0.709754
endloop
endfacet
facet normal -0.184990 -0.225398 -0.956543
outer loop
vertex 1.394581 0.591890 0.650960
vertex 1.389369 0.584091 0.653806
vertex 1.386470 0.586470 0.653806
endloop
endfacet
facet normal -0.185012 -0.225439 -0.956529
outer loop
vertex 1.394581 0.591890 0.650960
vertex 1.386470 0.586470 0.653806
vertex 1.393103 0.593103 0.650960
endloop
endfacet
facet normal -0.598681 -0.491300 -0.632618
outer loop
vertex 1.375000 0.575000 0.664645
vertex 1.370603 0.570603 0.672221
vertex 1.365433 0.576903 0.672221
endloop
endfacet
facet normal -0.598654 -0.491408 -0.632559
outer loop
vertex 1.375000 0.575000 0.664645
vertex 1.365433 0.576903 0.672221
vertex 1.370603 0.580357 0.664645
endloop
endfacet
facet normal -0.598672 -0.491442 0.632516
outer loop
vertex 1.370603 0.570603 0.727778
vertex 1.375000 0.575000 0.735356
vertex 1.370603 0.580357 0.735356
endloop
endfacet
facet normal -0.598770 -0.491384 0.632469
outer loop
vertex 1.370603 0.570603 0.727778
vertex 1.370603 0.580357 0.735356
vertex 1.365433 0.576903 0.727778
endloop
endfacet
facet normal -0.491803 -0.403689 -0.771469
outer loop
vertex 1.380357 0.580357 0.658427
vertex 1.375000 0.575000 0.664645
vertex 1.370603 0.580357 0.664645
endloop
endfacet
facet normal -0.491837 -0.403506 -0.771544
outer loop
vertex 1.380357 0.580357 0.658427
vertex 1.370603 0.580357 0.664645
vertex 1.376903 0.584567 0.658427
endloop
endfacet
facet normal -0.682486 -0.560061 0.469622
outer loop
vertex 1.367336 0.567336 0.719134
vertex 1.370603 0.570603 0.727778
vertex 1.365433 0.576903 0.727778
endloop
endfacet
facet normal -0.682448 -0.560086 0.469648
outer loop
vertex 1.367336 0.567336 0.719134
vertex 1.365433 0.576903 0.727778
vertex 1.361591 0.574336 0.719134
endloop
endfacet
facet normal -0.365816 -0.300145 -0.880961
outer loop
vertex 1.386470 0.586470 0.653806
vertex 1.380357 0.580357 0.658427
vertex 1.376903 0.584567 0.658427
endloop
endfacet
facet normal -0.365807 -0.300194 -0.880948
outer loop
vertex 1.386470 0.586470 0.653806
vertex 1.376903 0.584567 0.658427
vertex 1.384091 0.589369 0.653806
endloop
endfacet
facet normal -0.740005 -0.607345 0.289004
outer loop
vertex 1.365324 0.565324 0.709754
vertex 1.367336 0.567336 0.719134
vertex 1.361591 0.574336 0.719134
endloop
endfacet
facet normal -0.740070 -0.607286 0.288966
outer loop
vertex 1.365324 0.565324 0.709754
vertex 1.361591 0.574336 0.719134
vertex 1.359226 0.572755 0.709754
endloop
endfacet
facet normal -0.225422 -0.184974 -0.956540
outer loop
vertex 1.393103 0.593103 0.650960
vertex 1.386470 0.586470 0.653806
vertex 1.384091 0.589369 0.653806
endloop
endfacet
facet normal -0.225386 -0.185010 -0.956542
outer loop
vertex 1.393103 0.593103 0.650960
vertex 1.384091 0.589369 0.653806
vertex 1.391890 0.594581 0.650960
endloop
endfacet
facet normal -0.769351 -0.631341 0.097500
outer loop
vertex 1.364645 0.564645 0.700000
vertex 1.365324 0.565324 0.709754
vertex 1.359226 0.572755 0.709754
endloop
endfacet
facet normal -0.769281 -0.631414 0.097584
outer loop
vertex 1.364645 0.564645 0.700000
vertex 1.359226 0.572755 0.709754
vertex 1.358427 0.572221 0.700000
endloop
endfacet
facet normal -0.076153 -0.062508 0.995135
outer loop
vertex 1.393103 0.593103 0.749039
vertex 1.400000 0.600000 0.750000
vertex 1.391890 0.594581 0.749039
endloop
endfacet
facet normal -0.076091 -0.062433 -0.995144
outer loop
vertex 1.400000 0.600000 0.650000
vertex 1.393103 0.593103 0.650960
vertex 1.391890 0.594581 0.650960
endloop
endfacet
facet normal -0.769306 -0.631398 -0.097490
outer loop
vertex 1.365324 0.565324 0.690245
vertex 1.364645 0.564645 0.700000
vertex 1.358427 0.572221 0.700000
endloop
endfacet
facet normal -0.769334 -0.631351 -0.097576
outer loop
vertex 1.365324 0.565324 0.690245
vertex 1.358427 0.572221 0.700000
vertex 1.359226 0.572755 0.690245
endloop
endfacet
facet normal -0.225343 -0.184966 0.956561
outer loop
vertex 1.386470 0.586470 0.746194
vertex 1.393103 0.593103 0.749039
vertex 1.391890 0.594581 0.749039
endloop
endfacet
facet normal -0.225361 -0.184926 0.956564
outer loop
vertex 1.386470 0.586470 0.746194
vertex 1.391890 0.594581 0.749039
vertex 1.384091 0.589369 0.746194
endloop
endfacet
facet normal -0.740044 -0.607284 -0.289036
outer loop
vertex 1.367336 0.567336 0.680866
vertex 1.365324 0.565324 0.690245
vertex 1.359226 0.572755 0.690245
endloop
endfacet
facet normal -0.740016 -0.607341 -0.288987
outer loop
vertex 1.367336 0.567336 0.680866
vertex 1.359226 0.572755 0.690245
vertex 1.361591 0.574336 0.680866
endloop
endfacet
facet normal -0.365760 -0.300176 0.880973
outer loop
vertex 1.380357 0.580357 0.741573
vertex 1.386470 0.586470 0.746194
vertex 1.384091 0.589369 0.746194
endloop
endfacet
facet normal -0.365841 -0.300158 0.880946
outer loop
vertex 1.380357 0.580357 0.741573
vertex 1.384091 0.589369 0.746194
vertex 1.376903 0.584567 0.741573
endloop
endfacet
facet normal -0.682487 -0.560093 -0.469582
outer loop
vertex 1.370603 0.570603 0.672221
vertex 1.367336 0.567336 0.680866
vertex 1.361591 0.574336 0.680866
endloop
endfacet
facet normal -0.682486 -0.560070 -0.469612
outer loop
vertex 1.370603 0.570603 0.672221
vertex 1.361591 0.574336 0.680866
vertex 1.365433 0.576903 0.672221
endloop
endfacet
facet normal -0.491857 -0.403510 0.771528
outer loop
vertex 1.375000 0.575000 0.735356
vertex 1.380357 0.580357 0.741573
vertex 1.376903 0.584567 0.741573
endloop
endfacet
facet normal -0.491699 -0.403623 0.771570
outer loop
vertex 1.375000 0.575000 0.735356
vertex 1.376903 0.584567 0.741573
vertex 1.370603 0.580357 0.735356
endloop
endfacet
facet normal -0.086881 -0.046474 0.995134
outer loop
vertex 1.391890 0.594581 0.749039
vertex 1.400000 0.600000 0.750000
vertex 1.390988 0.596267 0.749039
endloop
endfacet
facet normal -0.086759 -0.046438 -0.995146
outer loop
vertex 1.400000 0.600000 0.650000
vertex 1.391890 0.594581 0.650960
vertex 1.390988 0.596267 0.650960
endloop
endfacet
facet normal -0.877715 -0.469143 -0.097575
outer loop
vertex 1.359226 0.572755 0.690245
vertex 1.358427 0.572221 0.700000
vertex 1.353806 0.580866 0.700000
endloop
endfacet
facet normal -0.877674 -0.469236 -0.097500
outer loop
vertex 1.359226 0.572755 0.690245
vertex 1.353806 0.580866 0.700000
vertex 1.354693 0.581234 0.690245
endloop
endfacet
facet normal -0.257020 -0.137506 0.956574
outer loop
vertex 1.384091 0.589369 0.746194
vertex 1.391890 0.594581 0.749039
vertex 1.390988 0.596267 0.749039
endloop
endfacet
facet normal -0.257094 -0.137476 0.956558
outer loop
vertex 1.384091 0.589369 0.746194
vertex 1.390988 0.596267 0.749039
vertex 1.382322 0.592677 0.746194
endloop
endfacet
facet normal -0.844253 -0.451368 -0.288971
outer loop
vertex 1.361591 0.574336 0.680866
vertex 1.359226 0.572755 0.690245
vertex 1.354693 0.581234 0.690245
endloop
endfacet
facet normal -0.844293 -0.451213 -0.289095
outer loop
vertex 1.361591 0.574336 0.680866
vertex 1.354693 0.581234 0.690245
vertex 1.357323 0.582322 0.680866
endloop
endfacet
facet normal -0.417259 -0.223152 0.880964
outer loop
vertex 1.376903 0.584567 0.741573
vertex 1.384091 0.589369 0.746194
vertex 1.382322 0.592677 0.746194
endloop
endfacet
facet normal -0.417342 -0.223082 0.880943
outer loop
vertex 1.376903 0.584567 0.741573
vertex 1.382322 0.592677 0.746194
vertex 1.374336 0.589369 0.741573
endloop
endfacet
facet normal -0.778643 -0.416159 -0.469602
outer loop
vertex 1.365433 0.576903 0.672221
vertex 1.361591 0.574336 0.680866
vertex 1.357323 0.582322 0.680866
endloop
endfacet
facet normal -0.778643 -0.416177 -0.469585
outer loop
vertex 1.365433 0.576903 0.672221
vertex 1.357323 0.582322 0.680866
vertex 1.361591 0.584091 0.672221
endloop
endfacet
facet normal -0.561011 -0.299901 0.771573
outer loop
vertex 1.370603 0.580357 0.735356
vertex 1.376903 0.584567 0.741573
vertex 1.374336 0.589369 0.741573
endloop
endfacet
facet normal -0.561076 -0.299818 0.771558
outer loop
vertex 1.370603 0.580357 0.735356
vertex 1.374336 0.589369 0.741573
vertex 1.367336 0.586470 0.735356
endloop
endfacet
facet normal -0.683051 -0.365082 -0.632579
outer loop
vertex 1.370603 0.580357 0.664645
vertex 1.365433 0.576903 0.672221
vertex 1.361591 0.584091 0.672221
endloop
endfacet
facet normal -0.683059 -0.365018 -0.632607
outer loop
vertex 1.370603 0.580357 0.664645
vertex 1.361591 0.584091 0.672221
vertex 1.367336 0.586470 0.664645
endloop
endfacet
facet normal -0.683152 -0.365062 0.632482
outer loop
vertex 1.365433 0.576903 0.727778
vertex 1.370603 0.580357 0.735356
vertex 1.367336 0.586470 0.735356
endloop
endfacet
facet normal -0.683099 -0.365124 0.632503
outer loop
vertex 1.365433 0.576903 0.727778
vertex 1.367336 0.586470 0.735356
vertex 1.361591 0.584091 0.727778
endloop
endfacet
facet normal -0.561101 -0.299866 -0.771521
outer loop
vertex 1.376903 0.584567 0.658427
vertex 1.370603 0.580357 0.664645
vertex 1.367336 0.586470 0.664645
endloop
endfacet
facet normal -0.561094 -0.299934 -0.771501
outer loop
vertex 1.376903 0.584567 0.658427
vertex 1.367336 0.586470 0.664645
vertex 1.374336 0.589369 0.658427
endloop
endfacet
facet normal -0.778606 -0.416175 0.469650
outer loop
vertex 1.361591 0.574336 0.719134
vertex 1.365433 0.576903 0.727778
vertex 1.361591 0.584091 0.727778
endloop
endfacet
facet normal -0.778643 -0.416142 0.469617
outer loop
vertex 1.361591 0.574336 0.719134
vertex 1.361591 0.584091 0.727778
vertex 1.357323 0.582322 0.719134
endloop
endfacet
facet normal -0.417318 -0.223069 -0.880958
outer loop
vertex 1.384091 0.589369 0.653806
vertex 1.376903 0.584567 0.658427
vertex 1.374336 0.589369 0.658427
endloop
endfacet
facet normal -0.417307 -0.223171 -0.880937
outer loop
vertex 1.384091 0.589369 0.653806
vertex 1.374336 0.589369 0.658427
vertex 1.382322 0.592677 0.653806
endloop
endfacet
facet normal -0.844322 -0.451259 0.288939
outer loop
vertex 1.359226 0.572755 0.709754
vertex 1.361591 0.574336 0.719134
vertex 1.357323 0.582322 0.719134
endloop
endfacet
facet normal -0.844234 -0.451349 0.289057
outer loop
vertex 1.359226 0.572755 0.709754
vertex 1.357323 0.582322 0.719134
vertex 1.354693 0.581234 0.709754
endloop
endfacet
facet normal -0.257145 -0.137520 -0.956538
outer loop
vertex 1.391890 0.594581 0.650960
vertex 1.384091 0.589369 0.653806
vertex 1.382322 0.592677 0.653806
endloop
endfacet
facet normal -0.257174 -0.137559 -0.956524
outer loop
vertex 1.391890 0.594581 0.650960
vertex 1.382322 0.592677 0.653806
vertex 1.390988 0.596267 0.650960
endloop
endfacet
facet normal -0.877685 -0.469195 0.097591
outer loop
vertex 1.358427 0.572221 0.700000
vertex 1.359226 0.572755 0.709754
vertex 1.354693 0.581234 0.709754
endloop
endfacet
facet normal -0.877708 -0.469170 0.097507
outer loop
vertex 1.358427 0.572221 0.700000
vertex 1.354693 0.581234 0.709754
vertex 1.353806 0.580866 0.700000
endloop
endfacet
facet normal -0.741196 -0.224840 0.632515
outer loop
vertex 1.361591 0.584091 0.727778
vertex 1.367336 0.586470 0.735356
vertex 1.365324 0.593103 0.735356
endloop
endfacet
facet normal -0.741255 -0.224763 0.632473
outer loop
vertex 1.361591 0.584091 0.727778
vertex 1.365324 0.593103 0.735356
vertex 1.359226 0.591890 0.727778
endloop
endfacet
facet normal -0.608848 -0.184688 -0.771488
outer loop
vertex 1.374336 0.589369 0.658427
vertex 1.367336 0.586470 0.664645
vertex 1.365324 0.593103 0.664645
endloop
endfacet
facet normal -0.608831 -0.184654 -0.771510
outer loop
vertex 1.374336 0.589369 0.658427
vertex 1.365324 0.593103 0.664645
vertex 1.372755 0.594581 0.658427
endloop
endfacet
facet normal -0.844883 -0.256222 0.469599
outer loop
vertex 1.357323 0.582322 0.719134
vertex 1.361591 0.584091 0.727778
vertex 1.359226 0.591890 0.727778
endloop
endfacet
facet normal -0.844755 -0.256366 0.469750
outer loop
vertex 1.357323 0.582322 0.719134
vertex 1.359226 0.591890 0.727778
vertex 1.354693 0.590988 0.719134
endloop
endfacet
facet normal -0.452851 -0.137388 -0.880937
outer loop
vertex 1.382322 0.592677 0.653806
vertex 1.374336 0.589369 0.658427
vertex 1.372755 0.594581 0.658427
endloop
endfacet
facet normal -0.452828 -0.137253 -0.880970
outer loop
vertex 1.382322 0.592677 0.653806
vertex 1.372755 0.594581 0.658427
vertex 1.381234 0.596267 0.653806
endloop
endfacet
facet normal -0.916047 -0.277998 0.289092
outer loop
vertex 1.354693 0.581234 0.709754
vertex 1.357323 0.582322 0.719134
vertex 1.354693 0.590988 0.719134
endloop
endfacet
facet normal -0.916138 -0.277859 0.288939
outer loop
vertex 1.354693 0.581234 0.709754
vertex 1.354693 0.590988 0.719134
vertex 1.351903 0.590433 0.709754
endloop
endfacet
facet normal -0.279093 -0.084589 -0.956531
outer loop
vertex 1.390988 0.596267 0.650960
vertex 1.382322 0.592677 0.653806
vertex 1.381234 0.596267 0.653806
endloop
endfacet
facet normal -0.279070 -0.084639 -0.956533
outer loop
vertex 1.390988 0.596267 0.650960
vertex 1.381234 0.596267 0.653806
vertex 1.390433 0.598097 0.650960
endloop
endfacet
facet normal -0.952397 -0.288851 0.097497
outer loop
vertex 1.353806 0.580866 0.700000
vertex 1.354693 0.581234 0.709754
vertex 1.351903 0.590433 0.709754
endloop
endfacet
facet normal -0.952340 -0.288990 0.097635
outer loop
vertex 1.353806 0.580866 0.700000
vertex 1.351903 0.590433 0.709754
vertex 1.350960 0.590245 0.700000
endloop
endfacet
facet normal -0.094244 -0.028594 0.995138
outer loop
vertex 1.390988 0.596267 0.749039
vertex 1.400000 0.600000 0.750000
vertex 1.390433 0.598097 0.749039
endloop
endfacet
facet normal -0.094193 -0.028556 -0.995144
outer loop
vertex 1.400000 0.600000 0.650000
vertex 1.390988 0.596267 0.650960
vertex 1.390433 0.598097 0.650960
endloop
endfacet
facet normal -0.952357 -0.288987 -0.097488
outer loop
vertex 1.354693 0.581234 0.690245
vertex 1.353806 0.580866 0.700000
vertex 1.350960 0.590245 0.700000
endloop
endfacet
facet normal -0.952388 -0.288837 -0.097628
outer loop
vertex 1.354693 0.581234 0.690245
vertex 1.350960 0.590245 0.700000
vertex 1.351903 0.590433 0.690245
endloop
endfacet
facet normal -0.278992 -0.084638 0.956556
outer loop
vertex 1.382322 0.592677 0.746194
vertex 1.390988 0.596267 0.749039
vertex 1.390433 0.598097 0.749039
endloop
endfacet
facet normal -0.279013 -0.084543 0.956558
outer loop
vertex 1.382322 0.592677 0.746194
vertex 1.390433 0.598097 0.749039
vertex 1.381234 0.596267 0.746194
endloop
endfacet
facet normal -0.916084 -0.277851 -0.289117
outer loop
vertex 1.357323 0.582322 0.680866
vertex 1.354693 0.581234 0.690245
vertex 1.351903 0.590433 0.690245
endloop
endfacet
facet normal -0.916083 -0.278019 -0.288960
outer loop
vertex 1.357323 0.582322 0.680866
vertex 1.351903 0.590433 0.690245
vertex 1.354693 0.590988 0.680866
endloop
endfacet
facet normal -0.452898 -0.137267 0.880932
outer loop
vertex 1.374336 0.589369 0.741573
vertex 1.382322 0.592677 0.746194
vertex 1.381234 0.596267 0.746194
endloop
endfacet
facet normal -0.452807 -0.137378 0.880961
outer loop
vertex 1.374336 0.589369 0.741573
vertex 1.381234 0.596267 0.746194
vertex 1.372755 0.594581 0.741573
endloop
endfacet
facet normal -0.844844 -0.256409 -0.469568
outer loop
vertex 1.361591 0.584091 0.672221
vertex 1.357323 0.582322 0.680866
vertex 1.354693 0.590988 0.680866
endloop
endfacet
facet normal -0.844829 -0.256176 -0.469722
outer loop
vertex 1.361591 0.584091 0.672221
vertex 1.354693 0.590988 0.680866
vertex 1.359226 0.591890 0.672221
endloop
endfacet
facet normal -0.608774 -0.184699 0.771544
outer loop
vertex 1.367336 0.586470 0.735356
vertex 1.374336 0.589369 0.741573
vertex 1.372755 0.594581 0.741573
endloop
endfacet
facet normal -0.608776 -0.184646 0.771555
outer loop
vertex 1.367336 0.586470 0.735356
vertex 1.372755 0.594581 0.741573
vertex 1.365324 0.593103 0.735356
endloop
endfacet
facet normal -0.741146 -0.224763 -0.632602
outer loop
vertex 1.367336 0.586470 0.664645
vertex 1.361591 0.584091 0.672221
vertex 1.359226 0.591890 0.672221
endloop
endfacet
facet normal -0.741156 -0.224805 -0.632574
outer loop
vertex 1.367336 0.586470 0.664645
vertex 1.359226 0.591890 0.672221
vertex 1.365324 0.593103 0.664645
endloop
endfacet
facet normal -0.990437 -0.097495 -0.097617
outer loop
vertex 1.351903 0.590433 0.690245
vertex 1.350960 0.590245 0.700000
vertex 1.350000 0.600000 0.700000
endloop
endfacet
facet normal -0.990442 -0.097494 -0.097566
outer loop
vertex 1.351903 0.590433 0.690245
vertex 1.350000 0.600000 0.700000
vertex 1.350961 0.600000 0.690245
endloop
endfacet
facet normal -0.290133 -0.028698 0.956556
outer loop
vertex 1.381234 0.596267 0.746194
vertex 1.390433 0.598097 0.749039
vertex 1.390245 0.600000 0.749039
endloop
endfacet
facet normal -0.290159 -0.028573 0.956552
outer loop
vertex 1.381234 0.596267 0.746194
vertex 1.390245 0.600000 0.749039
vertex 1.380866 0.600000 0.746194
endloop
endfacet
facet normal -0.952734 -0.093803 -0.288960
outer loop
vertex 1.354693 0.590988 0.680866
vertex 1.351903 0.590433 0.690245
vertex 1.350961 0.600000 0.690245
endloop
endfacet
facet normal -0.952725 -0.093766 -0.289004
outer loop
vertex 1.354693 0.590988 0.680866
vertex 1.350961 0.600000 0.690245
vertex 1.353806 0.600000 0.680866
endloop
endfacet
facet normal -0.470879 -0.046396 0.880977
outer loop
vertex 1.372755 0.594581 0.741573
vertex 1.381234 0.596267 0.746194
vertex 1.380866 0.600000 0.746194
endloop
endfacet
facet normal -0.470910 -0.046394 0.880960
outer loop
vertex 1.372755 0.594581 0.741573
vertex 1.380866 0.600000 0.746194
vertex 1.372221 0.600000 0.741573
endloop
endfacet
facet normal -0.878579 -0.086477 -0.469702
outer loop
vertex 1.359226 0.591890 0.672221
vertex 1.354693 0.590988 0.680866
vertex 1.353806 0.600000 0.680866
endloop
endfacet
facet normal -0.878609 -0.086553 -0.469632
outer loop
vertex 1.359226 0.591890 0.672221
vertex 1.353806 0.600000 0.680866
vertex 1.358427 0.600000 0.672221
endloop
endfacet
facet normal -0.633113 -0.062375 0.771542
outer loop
vertex 1.365324 0.593103 0.735356
vertex 1.372755 0.594581 0.741573
vertex 1.372221 0.600000 0.741573
endloop
endfacet
facet normal -0.633133 -0.062349 0.771528
outer loop
vertex 1.365324 0.593103 0.735356
vertex 1.372221 0.600000 0.741573
vertex 1.364645 0.600000 0.735356
endloop
endfacet
facet normal -0.770774 -0.075941 -0.632567
outer loop
vertex 1.365324 0.593103 0.664645
vertex 1.359226 0.591890 0.672221
vertex 1.358427 0.600000 0.672221
endloop
endfacet
facet normal -0.770750 -0.075888 -0.632602
outer loop
vertex 1.365324 0.593103 0.664645
vertex 1.358427 0.600000 0.672221
vertex 1.364645 0.600000 0.664645
endloop
endfacet
facet normal -0.770853 -0.075907 0.632475
outer loop
vertex 1.359226 0.591890 0.727778
vertex 1.365324 0.593103 0.735356
vertex 1.364645 0.600000 0.735356
endloop
endfacet
facet normal -0.770831 -0.075927 0.632499
outer loop
vertex 1.359226 0.591890 0.727778
vertex 1.364645 0.600000 0.735356
vertex 1.358427 0.600000 0.727778
endloop
endfacet
facet normal -0.633186 -0.062344 -0.771485
outer loop
vertex 1.372755 0.594581 0.658427
vertex 1.365324 0.593103 0.664645
vertex 1.364645 0.600000 0.664645
endloop
endfacet
facet normal -0.633173 -0.062408 -0.771491
outer loop
vertex 1.372755 0.594581 0.658427
vertex 1.364645 0.600000 0.664645
vertex 1.372221 0.600000 0.658427
endloop
endfacet
facet normal -0.878546 -0.086532 0.469754
outer loop
vertex 1.354693 0.590988 0.719134
vertex 1.359226 0.591890 0.727778
vertex 1.358427 0.600000 0.727778
endloop
endfacet
facet normal -0.878597 -0.086468 0.469671
outer loop
vertex 1.354693 0.590988 0.719134
vertex 1.358427 0.600000 0.727778
vertex 1.353806 0.600000 0.719134
endloop
endfacet
facet normal -0.470908 -0.046375 -0.880963
outer loop
vertex 1.381234 0.596267 0.653806
vertex 1.372755 0.594581 0.658427
vertex 1.372221 0.600000 0.658427
endloop
endfacet
facet normal -0.470901 -0.046423 -0.880964
outer loop
vertex 1.381234 0.596267 0.653806
vertex 1.372221 0.600000 0.658427
vertex 1.380866 0.600000 0.653806
endloop
endfacet
facet normal -0.952747 -0.093758 0.288934
outer loop
vertex 1.351903 0.590433 0.709754
vertex 1.354693 0.590988 0.719134
vertex 1.353806 0.600000 0.719134
endloop
endfacet
facet normal -0.952730 -0.093814 0.288973
outer loop
vertex 1.351903 0.590433 0.709754
vertex 1.353806 0.600000 0.719134
vertex 1.350961 0.600000 0.709754
endloop
endfacet
facet normal -0.290234 -0.028623 -0.956528
outer loop
vertex 1.390433 0.598097 0.650960
vertex 1.381234 0.596267 0.653806
vertex 1.380866 0.600000 0.653806
endloop
endfacet
facet normal -0.290239 -0.028648 -0.956525
outer loop
vertex 1.390433 0.598097 0.650960
vertex 1.380866 0.600000 0.653806
vertex 1.390245 0.600000 0.650960
endloop
endfacet
facet normal -0.990435 -0.097504 0.097628
outer loop
vertex 1.350960 0.590245 0.700000
vertex 1.351903 0.590433 0.709754
vertex 1.350961 0.600000 0.709754
endloop
endfacet
facet normal -0.990444 -0.097466 0.097576
outer loop
vertex 1.350960 0.590245 0.700000
vertex 1.350961 0.600000 0.709754
vertex 1.350000 0.600000 0.700000
endloop
endfacet
facet normal -0.098038 -0.009673 0.995136
outer loop
vertex 1.390433 0.598097 0.749039
vertex 1.400000 0.600000 0.750000
vertex 1.390245 0.600000 0.749039
endloop
endfacet
facet normal -0.097927 -0.009673 -0.995147
outer loop
vertex 1.400000 0.600000 0.650000
vertex 1.390433 0.598097 0.650960
vertex 1.390245 0.600000 0.650960
endloop
endfacet
facet normal -0.633195 0.062336 -0.771478
outer loop
vertex 1.372221 0.600000 0.658427
vertex 1.364645 0.600000 0.664645
vertex 1.365324 0.606898 0.664645
endloop
endfacet
facet normal -0.633155 0.062405 -0.771505
outer loop
vertex 1.372221 0.600000 0.658427
vertex 1.365324 0.606898 0.664645
vertex 1.372755 0.605419 0.658427
endloop
endfacet
facet normal -0.878588 0.086536 0.469675
outer loop
vertex 1.353806 0.600000 0.719134
vertex 1.358427 0.600000 0.727778
vertex 1.359226 0.608110 0.727778
endloop
endfacet
facet normal -0.878556 0.086464 0.469748
outer loop
vertex 1.353806 0.600000 0.719134
vertex 1.359226 0.608110 0.727778
vertex 1.354693 0.609012 0.719134
endloop
endfacet
facet normal -0.470909 0.046394 -0.880961
outer loop
vertex 1.380866 0.600000 0.653806
vertex 1.372221 0.600000 0.658427
vertex 1.372755 0.605419 0.658427
endloop
endfacet
facet normal -0.470901 0.046396 -0.880965
outer loop
vertex 1.380866 0.600000 0.653806
vertex 1.372755 0.605419 0.658427
vertex 1.381234 0.603733 0.653806
endloop
endfacet
facet normal -0.952735 0.093756 0.288975
outer loop
vertex 1.350961 0.600000 0.709754
vertex 1.353806 0.600000 0.719134
vertex 1.354693 0.609012 0.719134
endloop
endfacet
facet normal -0.952741 0.093815 0.288935
outer loop
vertex 1.350961 0.600000 0.709754
vertex 1.354693 0.609012 0.719134
vertex 1.351903 0.609567 0.709754
endloop
endfacet
facet normal -0.290245 0.028598 -0.956525
outer loop
vertex 1.390245 0.600000 0.650960
vertex 1.380866 0.600000 0.653806
vertex 1.381234 0.603733 0.653806
endloop
endfacet
facet normal -0.290211 0.028695 -0.956532
outer loop
vertex 1.390245 0.600000 0.650960
vertex 1.381234 0.603733 0.653806
vertex 1.390433 0.601903 0.650960
endloop
endfacet
facet normal -0.990440 0.097504 0.097576
outer loop
vertex 1.350000 0.600000 0.700000
vertex 1.350961 0.600000 0.709754
vertex 1.351903 0.609567 0.709754
endloop
endfacet
facet normal -0.990439 0.097574 0.097522
outer loop
vertex 1.350000 0.600000 0.700000
vertex 1.351903 0.609567 0.709754
vertex 1.350961 0.609754 0.700000
endloop
endfacet
facet normal -0.098038 0.009673 0.995136
outer loop
vertex 1.390245 0.600000 0.749039
vertex 1.400000 0.600000 0.750000
vertex 1.390433 0.601903 0.749039
endloop
endfacet
facet normal -0.097925 0.009673 -0.995147
outer loop
vertex 1.400000 0.600000 0.650000
vertex 1.390245 0.600000 0.650960
vertex 1.390433 0.601903 0.650960
endloop
endfacet
facet normal -0.990435 0.097564 -0.097567
outer loop
vertex 1.350961 0.600000 0.690245
vertex 1.350000 0.600000 0.700000
vertex 1.350961 0.609754 0.700000
endloop
endfacet
facet normal -0.990444 0.097534 -0.097510
outer loop
vertex 1.350961 0.600000 0.690245
vertex 1.350961 0.609754 0.700000
vertex 1.351903 0.609567 0.690245
endloop
endfacet
facet normal -0.290153 0.028600 0.956553
outer loop
vertex 1.380866 0.600000 0.746194
vertex 1.390245 0.600000 0.749039
vertex 1.390433 0.601903 0.749039
endloop
endfacet
facet normal -0.290151 0.028623 0.956553
outer loop
vertex 1.380866 0.600000 0.746194
vertex 1.390433 0.601903 0.749039
vertex 1.381234 0.603733 0.746194
endloop
endfacet
facet normal -0.952721 0.093821 -0.288998
outer loop
vertex 1.353806 0.600000 0.680866
vertex 1.350961 0.600000 0.690245
vertex 1.351903 0.609567 0.690245
endloop
endfacet
facet normal -0.952738 0.093747 -0.288966
outer loop
vertex 1.353806 0.600000 0.680866
vertex 1.351903 0.609567 0.690245
vertex 1.354693 0.609012 0.680866
endloop
endfacet
facet normal -0.470904 0.046423 0.880962
outer loop
vertex 1.372221 0.600000 0.741573
vertex 1.380866 0.600000 0.746194
vertex 1.381234 0.603733 0.746194
endloop
endfacet
facet normal -0.470897 0.046376 0.880969
outer loop
vertex 1.372221 0.600000 0.741573
vertex 1.381234 0.603733 0.746194
vertex 1.372755 0.605419 0.741573
endloop
endfacet
facet normal -0.878618 0.086481 -0.469629
outer loop
vertex 1.358427 0.600000 0.672221
vertex 1.353806 0.600000 0.680866
vertex 1.354693 0.609012 0.680866
endloop
endfacet
facet normal -0.878563 0.086548 -0.469720
outer loop
vertex 1.358427 0.600000 0.672221
vertex 1.354693 0.609012 0.680866
vertex 1.359226 0.608110 0.672221
endloop
endfacet
facet normal -0.633135 0.062412 0.771521
outer loop
vertex 1.364645 0.600000 0.735356
vertex 1.372221 0.600000 0.741573
vertex 1.372755 0.605419 0.741573
endloop
endfacet
facet normal -0.633103 0.062311 0.771556
outer loop
vertex 1.364645 0.600000 0.735356
vertex 1.372755 0.605419 0.741573
vertex 1.365324 0.606898 0.735356
endloop
endfacet
facet normal -0.770745 0.075939 -0.632602
outer loop
vertex 1.364645 0.600000 0.664645
vertex 1.358427 0.600000 0.672221
vertex 1.359226 0.608110 0.672221
endloop
endfacet
facet normal -0.770790 0.075879 -0.632554
outer loop
vertex 1.364645 0.600000 0.664645
vertex 1.359226 0.608110 0.672221
vertex 1.365324 0.606898 0.664645
endloop
endfacet
facet normal -0.770837 0.075864 0.632499
outer loop
vertex 1.358427 0.600000 0.727778
vertex 1.364645 0.600000 0.735356
vertex 1.365324 0.606898 0.735356
endloop
endfacet
facet normal -0.770856 0.075953 0.632465
outer loop
vertex 1.358427 0.600000 0.727778
vertex 1.365324 0.606898 0.735356
vertex 1.359226 0.608110 0.727778
endloop
endfacet
facet normal -0.916129 0.277865 -0.288963
outer loop
vertex 1.354693 0.609012 0.680866
vertex 1.351903 0.609567 0.690245
vertex 1.354693 0.618766 0.690245
endloop
endfacet
facet normal -0.916018 0.278036 -0.289150
outer loop
vertex 1.354693 0.609012 0.680866
vertex 1.354693 0.618766 0.690245
vertex 1.357323 0.617677 0.680866
endloop
endfacet
facet normal -0.452822 0.137290 0.880968
outer loop
vertex 1.372755 0.605419 0.741573
vertex 1.381234 0.603733 0.746194
vertex 1.382322 0.607322 0.746194
endloop
endfacet
facet normal -0.452849 0.137414 0.880934
outer loop
vertex 1.372755 0.605419 0.741573
vertex 1.382322 0.607322 0.746194
vertex 1.374336 0.610630 0.741573
endloop
endfacet
facet normal -0.844767 0.256396 -0.469712
outer loop
vertex 1.359226 0.608110 0.672221
vertex 1.354693 0.609012 0.680866
vertex 1.357323 0.617677 0.680866
endloop
endfacet
facet normal -0.844916 0.256230 -0.469534
outer loop
vertex 1.359226 0.608110 0.672221
vertex 1.357323 0.617677 0.680866
vertex 1.361591 0.615909 0.672221
endloop
endfacet
facet normal -0.608757 0.184698 0.771558
outer loop
vertex 1.365324 0.606898 0.735356
vertex 1.372755 0.605419 0.741573
vertex 1.374336 0.610630 0.741573
endloop
endfacet
facet normal -0.608751 0.184696 0.771563
outer loop
vertex 1.365324 0.606898 0.735356
vertex 1.374336 0.610630 0.741573
vertex 1.367336 0.613530 0.735356
endloop
endfacet
facet normal -0.741191 0.224737 -0.632558
outer loop
vertex 1.365324 0.606898 0.664645
vertex 1.359226 0.608110 0.672221
vertex 1.361591 0.615909 0.672221
endloop
endfacet
facet normal -0.741110 0.224877 -0.632603
outer loop
vertex 1.365324 0.606898 0.664645
vertex 1.361591 0.615909 0.672221
vertex 1.367336 0.613530 0.664645
endloop
endfacet
facet normal -0.741248 0.224862 0.632447
outer loop
vertex 1.359226 0.608110 0.727778
vertex 1.365324 0.606898 0.735356
vertex 1.367336 0.613530 0.735356
endloop
endfacet
facet normal -0.741221 0.224780 0.632507
outer loop
vertex 1.359226 0.608110 0.727778
vertex 1.367336 0.613530 0.735356
vertex 1.361591 0.615909 0.727778
endloop
endfacet
facet normal -0.608824 0.184686 -0.771508
outer loop
vertex 1.372755 0.605419 0.658427
vertex 1.365324 0.606898 0.664645
vertex 1.367336 0.613530 0.664645
endloop
endfacet
facet normal -0.608794 0.184718 -0.771524
outer loop
vertex 1.372755 0.605419 0.658427
vertex 1.367336 0.613530 0.664645
vertex 1.374336 0.610630 0.658427
endloop
endfacet
facet normal -0.844806 0.256179 0.469761
outer loop
vertex 1.354693 0.609012 0.719134
vertex 1.359226 0.608110 0.727778
vertex 1.361591 0.615909 0.727778
endloop
endfacet
facet normal -0.844829 0.256439 0.469578
outer loop
vertex 1.354693 0.609012 0.719134
vertex 1.361591 0.615909 0.727778
vertex 1.357323 0.617677 0.719134
endloop
endfacet
facet normal -0.452809 0.137402 -0.880957
outer loop
vertex 1.381234 0.603733 0.653806
vertex 1.372755 0.605419 0.658427
vertex 1.374336 0.610630 0.658427
endloop
endfacet
facet normal -0.452868 0.137308 -0.880941
outer loop
vertex 1.381234 0.603733 0.653806
vertex 1.374336 0.610630 0.658427
vertex 1.382322 0.607322 0.653806
endloop
endfacet
facet normal -0.916085 0.278045 0.288928
outer loop
vertex 1.351903 0.609567 0.709754
vertex 1.354693 0.609012 0.719134
vertex 1.357323 0.617677 0.719134
endloop
endfacet
facet normal -0.916087 0.277842 0.289116
outer loop
vertex 1.351903 0.609567 0.709754
vertex 1.357323 0.617677 0.719134
vertex 1.354693 0.618766 0.709754
endloop
endfacet
facet normal -0.279109 0.084617 -0.956524
outer loop
vertex 1.390433 0.601903 0.650960
vertex 1.381234 0.603733 0.653806
vertex 1.382322 0.607322 0.653806
endloop
endfacet
facet normal -0.279047 0.084640 -0.956540
outer loop
vertex 1.390433 0.601903 0.650960
vertex 1.382322 0.607322 0.653806
vertex 1.390988 0.603733 0.650960
endloop
endfacet
facet normal -0.952395 0.288850 0.097512
outer loop
vertex 1.350961 0.609754 0.700000
vertex 1.351903 0.609567 0.709754
vertex 1.354693 0.618766 0.709754
endloop
endfacet
facet normal -0.952389 0.288875 0.097500
outer loop
vertex 1.350961 0.609754 0.700000
vertex 1.354693 0.618766 0.709754
vertex 1.353806 0.619134 0.700000
endloop
endfacet
facet normal -0.094232 0.028594 0.995140
outer loop
vertex 1.390433 0.601903 0.749039
vertex 1.400000 0.600000 0.750000
vertex 1.390988 0.603733 0.749039
endloop
endfacet
facet normal -0.094197 0.028557 -0.995144
outer loop
vertex 1.400000 0.600000 0.650000
vertex 1.390433 0.601903 0.650960
vertex 1.390988 0.603733 0.650960
endloop
endfacet
facet normal -0.952392 0.288865 -0.097504
outer loop
vertex 1.351903 0.609567 0.690245
vertex 1.350961 0.609754 0.700000
vertex 1.353806 0.619134 0.700000
endloop
endfacet
facet normal -0.952401 0.288841 -0.097487
outer loop
vertex 1.351903 0.609567 0.690245
vertex 1.353806 0.619134 0.700000
vertex 1.354693 0.618766 0.690245
endloop
endfacet
facet normal -0.279010 0.084648 0.956550
outer loop
vertex 1.381234 0.603733 0.746194
vertex 1.390433 0.601903 0.749039
vertex 1.390988 0.603733 0.749039
endloop
endfacet
facet normal -0.279017 0.084565 0.956556
outer loop
vertex 1.381234 0.603733 0.746194
vertex 1.390988 0.603733 0.749039
vertex 1.382322 0.607322 0.746194
endloop
endfacet
facet normal -0.417358 0.223044 -0.880945
outer loop
vertex 1.382322 0.607322 0.653806
vertex 1.374336 0.610630 0.658427
vertex 1.376903 0.615433 0.658427
endloop
endfacet
facet normal -0.417250 0.223147 -0.880970
outer loop
vertex 1.382322 0.607322 0.653806
vertex 1.376903 0.615433 0.658427
vertex 1.384091 0.610630 0.653806
endloop
endfacet
facet normal -0.844309 0.451170 0.289116
outer loop
vertex 1.354693 0.618766 0.709754
vertex 1.357323 0.617677 0.719134
vertex 1.361591 0.625664 0.719134
endloop
endfacet
facet normal -0.844254 0.451382 0.288945
outer loop
vertex 1.354693 0.618766 0.709754
vertex 1.361591 0.625664 0.719134
vertex 1.359226 0.627245 0.709754
endloop
endfacet
facet normal -0.257180 0.137533 -0.956527
outer loop
vertex 1.390988 0.603733 0.650960
vertex 1.382322 0.607322 0.653806
vertex 1.384091 0.610630 0.653806
endloop
endfacet
facet normal -0.257139 0.137553 -0.956535
outer loop
vertex 1.390988 0.603733 0.650960
vertex 1.384091 0.610630 0.653806
vertex 1.391890 0.605419 0.650960
endloop
endfacet
facet normal -0.877676 0.469230 0.097511
outer loop
vertex 1.353806 0.619134 0.700000
vertex 1.354693 0.618766 0.709754
vertex 1.359226 0.627245 0.709754
endloop
endfacet
facet normal -0.877700 0.469179 0.097539
outer loop
vertex 1.353806 0.619134 0.700000
vertex 1.359226 0.627245 0.709754
vertex 1.358427 0.627778 0.700000
endloop
endfacet
facet normal -0.086881 0.046474 0.995134
outer loop
vertex 1.390988 0.603733 0.749039
vertex 1.400000 0.600000 0.750000
vertex 1.391890 0.605419 0.749039
endloop
endfacet
facet normal -0.086758 0.046437 -0.995147
outer loop
vertex 1.400000 0.600000 0.650000
vertex 1.390988 0.603733 0.650960
vertex 1.391890 0.605419 0.650960
endloop
endfacet
facet normal -0.877682 0.469221 -0.097501
outer loop
vertex 1.354693 0.618766 0.690245
vertex 1.353806 0.619134 0.700000
vertex 1.358427 0.627778 0.700000
endloop
endfacet
facet normal -0.877689 0.469201 -0.097528
outer loop
vertex 1.354693 0.618766 0.690245
vertex 1.358427 0.627778 0.700000
vertex 1.359226 0.627245 0.690245
endloop
endfacet
facet normal -0.257058 0.137514 0.956562
outer loop
vertex 1.382322 0.607322 0.746194
vertex 1.390988 0.603733 0.749039
vertex 1.391890 0.605419 0.749039
endloop
endfacet
facet normal -0.257094 0.137483 0.956557
outer loop
vertex 1.382322 0.607322 0.746194
vertex 1.391890 0.605419 0.749039
vertex 1.384091 0.610630 0.746194
endloop
endfacet
facet normal -0.844217 0.451329 -0.289137
outer loop
vertex 1.357323 0.617677 0.680866
vertex 1.354693 0.618766 0.690245
vertex 1.359226 0.627245 0.690245
endloop
endfacet
facet normal -0.844342 0.451200 -0.288973
outer loop
vertex 1.357323 0.617677 0.680866
vertex 1.359226 0.627245 0.690245
vertex 1.361591 0.625664 0.680866
endloop
endfacet
facet normal -0.417299 0.223173 0.880940
outer loop
vertex 1.374336 0.610630 0.741573
vertex 1.382322 0.607322 0.746194
vertex 1.384091 0.610630 0.746194
endloop
endfacet
facet normal -0.417324 0.223026 0.880966
outer loop
vertex 1.374336 0.610630 0.741573
vertex 1.384091 0.610630 0.746194
vertex 1.376903 0.615433 0.741573
endloop
endfacet
facet normal -0.778703 0.416114 -0.469543
outer loop
vertex 1.361591 0.615909 0.672221
vertex 1.357323 0.617677 0.680866
vertex 1.361591 0.625664 0.680866
endloop
endfacet
facet normal -0.778627 0.416181 -0.469610
outer loop
vertex 1.361591 0.615909 0.672221
vertex 1.361591 0.625664 0.680866
vertex 1.365433 0.623097 0.672221
endloop
endfacet
facet normal -0.561044 0.299828 0.771578
outer loop
vertex 1.367336 0.613530 0.735356
vertex 1.374336 0.610630 0.741573
vertex 1.376903 0.615433 0.741573
endloop
endfacet
facet normal -0.561040 0.299881 0.771560
outer loop
vertex 1.367336 0.613530 0.735356
vertex 1.376903 0.615433 0.741573
vertex 1.370603 0.619642 0.735356
endloop
endfacet
facet normal -0.683041 0.365064 -0.632601
outer loop
vertex 1.367336 0.613530 0.664645
vertex 1.361591 0.615909 0.672221
vertex 1.365433 0.623097 0.672221
endloop
endfacet
facet normal -0.683028 0.365071 -0.632610
outer loop
vertex 1.367336 0.613530 0.664645
vertex 1.365433 0.623097 0.672221
vertex 1.370603 0.619642 0.664645
endloop
endfacet
facet normal -0.683103 0.365122 0.632500
outer loop
vertex 1.361591 0.615909 0.727778
vertex 1.367336 0.613530 0.735356
vertex 1.370603 0.619642 0.735356
endloop
endfacet
facet normal -0.683111 0.365098 0.632504
outer loop
vertex 1.361591 0.615909 0.727778
vertex 1.370603 0.619642 0.735356
vertex 1.365433 0.623097 0.727778
endloop
endfacet
facet normal -0.561094 0.299906 -0.771511
outer loop
vertex 1.374336 0.610630 0.658427
vertex 1.367336 0.613530 0.664645
vertex 1.370603 0.619642 0.664645
endloop
endfacet
facet normal -0.561111 0.299882 -0.771508
outer loop
vertex 1.374336 0.610630 0.658427
vertex 1.370603 0.619642 0.664645
vertex 1.376903 0.615433 0.658427
endloop
endfacet
facet normal -0.778646 0.416173 0.469586
outer loop
vertex 1.357323 0.617677 0.719134
vertex 1.361591 0.615909 0.727778
vertex 1.365433 0.623097 0.727778
endloop
endfacet
facet normal -0.778645 0.416108 0.469644
outer loop
vertex 1.357323 0.617677 0.719134
vertex 1.365433 0.623097 0.727778
vertex 1.361591 0.625664 0.719134
endloop
endfacet
facet normal -0.365840 0.300106 0.880964
outer loop
vertex 1.376903 0.615433 0.741573
vertex 1.384091 0.610630 0.746194
vertex 1.386470 0.613530 0.746194
endloop
endfacet
facet normal -0.365812 0.300199 0.880944
outer loop
vertex 1.376903 0.615433 0.741573
vertex 1.386470 0.613530 0.746194
vertex 1.380357 0.619642 0.741573
endloop
endfacet
facet normal -0.682463 0.560103 -0.469604
outer loop
vertex 1.365433 0.623097 0.672221
vertex 1.361591 0.625664 0.680866
vertex 1.367336 0.632664 0.680866
endloop
endfacet
facet normal -0.682513 0.560067 -0.469576
outer loop
vertex 1.365433 0.623097 0.672221
vertex 1.367336 0.632664 0.680866
vertex 1.370603 0.629397 0.672221
endloop
endfacet
facet normal -0.491771 0.403568 0.771553
outer loop
vertex 1.370603 0.619642 0.735356
vertex 1.376903 0.615433 0.741573
vertex 1.380357 0.619642 0.741573
endloop
endfacet
facet normal -0.491770 0.403568 0.771554
outer loop
vertex 1.370603 0.619642 0.735356
vertex 1.380357 0.619642 0.741573
vertex 1.375000 0.625000 0.735356
endloop
endfacet
facet normal -0.598669 0.491323 -0.632611
outer loop
vertex 1.370603 0.619642 0.664645
vertex 1.365433 0.623097 0.672221
vertex 1.370603 0.629397 0.672221
endloop
endfacet
facet normal -0.598682 0.491302 -0.632616
outer loop
vertex 1.370603 0.619642 0.664645
vertex 1.370603 0.629397 0.672221
vertex 1.375000 0.625000 0.664645
endloop
endfacet
facet normal -0.598728 0.491387 0.632506
outer loop
vertex 1.365433 0.623097 0.727778
vertex 1.370603 0.619642 0.735356
vertex 1.375000 0.625000 0.735356
endloop
endfacet
facet normal -0.598741 0.491360 0.632514
outer loop
vertex 1.365433 0.623097 0.727778
vertex 1.375000 0.625000 0.735356
vertex 1.370603 0.629397 0.727778
endloop
endfacet
facet normal -0.491808 0.403620 -0.771502
outer loop
vertex 1.376903 0.615433 0.658427
vertex 1.370603 0.619642 0.664645
vertex 1.375000 0.625000 0.664645
endloop
endfacet
facet normal -0.491827 0.403584 -0.771509
outer loop
vertex 1.376903 0.615433 0.658427
vertex 1.375000 0.625000 0.664645
vertex 1.380357 0.619642 0.658427
endloop
endfacet
facet normal -0.682475 0.560051 0.469649
outer loop
vertex 1.361591 0.625664 0.719134
vertex 1.365433 0.623097 0.727778
vertex 1.370603 0.629397 0.727778
endloop
endfacet
facet normal -0.682459 0.560101 0.469613
outer loop
vertex 1.361591 0.625664 0.719134
vertex 1.370603 0.629397 0.727778
vertex 1.367336 0.632664 0.719134
endloop
endfacet
facet normal -0.365782 0.300181 -0.880962
outer loop
vertex 1.384091 0.610630 0.653806
vertex 1.376903 0.615433 0.658427
vertex 1.380357 0.619642 0.658427
endloop
endfacet
facet normal -0.365860 0.300133 -0.880947
outer loop
vertex 1.384091 0.610630 0.653806
vertex 1.380357 0.619642 0.658427
vertex 1.386470 0.613530 0.653806
endloop
endfacet
facet normal -0.740026 0.607338 0.288968
outer loop
vertex 1.359226 0.627245 0.709754
vertex 1.361591 0.625664 0.719134
vertex 1.367336 0.632664 0.719134
endloop
endfacet
facet normal -0.740039 0.607305 0.289003
outer loop
vertex 1.359226 0.627245 0.709754
vertex 1.367336 0.632664 0.719134
vertex 1.365324 0.634676 0.709754
endloop
endfacet
facet normal -0.225479 0.184942 -0.956533
outer loop
vertex 1.391890 0.605419 0.650960
vertex 1.384091 0.610630 0.653806
vertex 1.386470 0.613530 0.653806
endloop
endfacet
facet normal -0.225463 0.184951 -0.956535
outer loop
vertex 1.391890 0.605419 0.650960
vertex 1.386470 0.613530 0.653806
vertex 1.393103 0.606898 0.650960
endloop
endfacet
facet normal -0.769326 0.631368 0.097523
outer loop
vertex 1.358427 0.627778 0.700000
vertex 1.359226 0.627245 0.709754
vertex 1.365324 0.634676 0.709754
endloop
endfacet
facet normal -0.769382 0.631293 0.097571
outer loop
vertex 1.358427 0.627778 0.700000
vertex 1.365324 0.634676 0.709754
vertex 1.364645 0.635356 0.700000
endloop
endfacet
facet normal -0.076165 0.062477 0.995136
outer loop
vertex 1.391890 0.605419 0.749039
vertex 1.400000 0.600000 0.750000
vertex 1.393103 0.606898 0.749039
endloop
endfacet
facet normal -0.076091 0.062403 -0.995146
outer loop
vertex 1.400000 0.600000 0.650000
vertex 1.391890 0.605419 0.650960
vertex 1.393103 0.606898 0.650960
endloop
endfacet
facet normal -0.769371 0.631316 -0.097510
outer loop
vertex 1.359226 0.627245 0.690245
vertex 1.358427 0.627778 0.700000
vertex 1.364645 0.635356 0.700000
endloop
endfacet
facet normal -0.769343 0.631341 -0.097571
outer loop
vertex 1.359226 0.627245 0.690245
vertex 1.364645 0.635356 0.700000
vertex 1.365324 0.634676 0.690245
endloop
endfacet
facet normal -0.225419 0.184895 0.956556
outer loop
vertex 1.384091 0.610630 0.746194
vertex 1.391890 0.605419 0.749039
vertex 1.393103 0.606898 0.749039
endloop
endfacet
facet normal -0.225382 0.184901 0.956564
outer loop
vertex 1.384091 0.610630 0.746194
vertex 1.393103 0.606898 0.749039
vertex 1.386470 0.613530 0.746194
endloop
endfacet
facet normal -0.740055 0.607293 -0.288986
outer loop
vertex 1.361591 0.625664 0.680866
vertex 1.359226 0.627245 0.690245
vertex 1.365324 0.634676 0.690245
endloop
endfacet
facet normal -0.739996 0.607340 -0.289042
outer loop
vertex 1.361591 0.625664 0.680866
vertex 1.365324 0.634676 0.690245
vertex 1.367336 0.632664 0.680866
endloop
endfacet
facet normal -0.607338 0.740011 0.289006
outer loop
vertex 1.365324 0.634676 0.709754
vertex 1.367336 0.632664 0.719134
vertex 1.374336 0.638409 0.719134
endloop
endfacet
facet normal -0.607274 0.740106 0.288898
outer loop
vertex 1.365324 0.634676 0.709754
vertex 1.374336 0.638409 0.719134
vertex 1.372756 0.640774 0.709754
endloop
endfacet
facet normal -0.185009 0.225471 -0.956522
outer loop
vertex 1.393103 0.606898 0.650960
vertex 1.386470 0.613530 0.653806
vertex 1.389369 0.615909 0.653806
endloop
endfacet
facet normal -0.184881 0.225422 -0.956558
outer loop
vertex 1.393103 0.606898 0.650960
vertex 1.389369 0.615909 0.653806
vertex 1.394581 0.608110 0.650960
endloop
endfacet
facet normal -0.631282 0.769388 0.097590
outer loop
vertex 1.364645 0.635356 0.700000
vertex 1.365324 0.634676 0.709754
vertex 1.372756 0.640774 0.709754
endloop
endfacet
facet normal -0.631343 0.769331 0.097652
outer loop
vertex 1.364645 0.635356 0.700000
vertex 1.372756 0.640774 0.709754
vertex 1.372221 0.641573 0.700000
endloop
endfacet
facet normal -0.062438 0.076174 0.995138
outer loop
vertex 1.393103 0.606898 0.749039
vertex 1.400000 0.600000 0.750000
vertex 1.394581 0.608110 0.749039
endloop
endfacet
facet normal -0.062414 0.076113 -0.995144
outer loop
vertex 1.400000 0.600000 0.650000
vertex 1.393103 0.606898 0.650960
vertex 1.394581 0.608110 0.650960
endloop
endfacet
facet normal -0.631330 0.769351 -0.097582
outer loop
vertex 1.365324 0.634676 0.690245
vertex 1.364645 0.635356 0.700000
vertex 1.372221 0.641573 0.700000
endloop
endfacet
facet normal -0.631283 0.769382 -0.097640
outer loop
vertex 1.365324 0.634676 0.690245
vertex 1.372221 0.641573 0.700000
vertex 1.372756 0.640774 0.690245
endloop
endfacet
facet normal -0.184894 0.225454 0.956548
outer loop
vertex 1.386470 0.613530 0.746194
vertex 1.393103 0.606898 0.749039
vertex 1.394581 0.608110 0.749039
endloop
endfacet
facet normal -0.184951 0.225336 0.956565
outer loop
vertex 1.386470 0.613530 0.746194
vertex 1.394581 0.608110 0.749039
vertex 1.389369 0.615909 0.746194
endloop
endfacet
facet normal -0.607253 0.740071 -0.289031
outer loop
vertex 1.367336 0.632664 0.680866
vertex 1.365324 0.634676 0.690245
vertex 1.372756 0.640774 0.690245
endloop
endfacet
facet normal -0.607351 0.740033 -0.288923
outer loop
vertex 1.367336 0.632664 0.680866
vertex 1.372756 0.640774 0.690245
vertex 1.374336 0.638409 0.680866
endloop
endfacet
facet normal -0.300172 0.365779 0.880967
outer loop
vertex 1.380357 0.619642 0.741573
vertex 1.386470 0.613530 0.746194
vertex 1.389369 0.615909 0.746194
endloop
endfacet
facet normal -0.300211 0.365808 0.880942
outer loop
vertex 1.380357 0.619642 0.741573
vertex 1.389369 0.615909 0.746194
vertex 1.384567 0.623097 0.741573
endloop
endfacet
facet normal -0.560124 0.682469 -0.469572
outer loop
vertex 1.370603 0.629397 0.672221
vertex 1.367336 0.632664 0.680866
vertex 1.374336 0.638409 0.680866
endloop
endfacet
facet normal -0.560061 0.682490 -0.469615
outer loop
vertex 1.370603 0.629397 0.672221
vertex 1.374336 0.638409 0.680866
vertex 1.376903 0.634567 0.672221
endloop
endfacet
facet normal -0.403581 0.491761 0.771553
outer loop
vertex 1.375000 0.625000 0.735356
vertex 1.380357 0.619642 0.741573
vertex 1.384567 0.623097 0.741573
endloop
endfacet
facet normal -0.403594 0.491705 0.771582
outer loop
vertex 1.375000 0.625000 0.735356
vertex 1.384567 0.623097 0.741573
vertex 1.380357 0.629397 0.735356
endloop
endfacet
facet normal -0.491308 0.598684 -0.632609
outer loop
vertex 1.375000 0.625000 0.664645
vertex 1.370603 0.629397 0.672221
vertex 1.376903 0.634567 0.672221
endloop
endfacet
facet normal -0.491383 0.598650 -0.632583
outer loop
vertex 1.375000 0.625000 0.664645
vertex 1.376903 0.634567 0.672221
vertex 1.380357 0.629397 0.664645
endloop
endfacet
facet normal -0.491418 0.598671 0.632536
outer loop
vertex 1.370603 0.629397 0.727778
vertex 1.375000 0.625000 0.735356
vertex 1.380357 0.629397 0.735356
endloop
endfacet
facet normal -0.491376 0.598773 0.632472
outer loop
vertex 1.370603 0.629397 0.727778
vertex 1.380357 0.629397 0.735356
vertex 1.376903 0.634567 0.727778
endloop
endfacet
facet normal -0.403648 0.491769 -0.771512
outer loop
vertex 1.380357 0.619642 0.658427
vertex 1.375000 0.625000 0.664645
vertex 1.380357 0.629397 0.664645
endloop
endfacet
facet normal -0.403595 0.491809 -0.771515
outer loop
vertex 1.380357 0.619642 0.658427
vertex 1.380357 0.629397 0.664645
vertex 1.384567 0.623097 0.658427
endloop
endfacet
facet normal -0.560071 0.682480 0.469619
outer loop
vertex 1.367336 0.632664 0.719134
vertex 1.370603 0.629397 0.727778
vertex 1.376903 0.634567 0.727778
endloop
endfacet
facet normal -0.560098 0.682437 0.469649
outer loop
vertex 1.367336 0.632664 0.719134
vertex 1.376903 0.634567 0.727778
vertex 1.374336 0.638409 0.719134
endloop
endfacet
facet normal -0.300205 0.365793 -0.880950
outer loop
vertex 1.386470 0.613530 0.653806
vertex 1.380357 0.619642 0.658427
vertex 1.384567 0.623097 0.658427
endloop
endfacet
facet normal -0.300187 0.365799 -0.880954
outer loop
vertex 1.386470 0.613530 0.653806
vertex 1.384567 0.623097 0.658427
vertex 1.389369 0.615909 0.653806
endloop
endfacet
facet normal -0.416146 0.778649 -0.469605
outer loop
vertex 1.376903 0.634567 0.672221
vertex 1.374336 0.638409 0.680866
vertex 1.382322 0.642677 0.680866
endloop
endfacet
facet normal -0.416175 0.778646 -0.469584
outer loop
vertex 1.376903 0.634567 0.672221
vertex 1.382322 0.642677 0.680866
vertex 1.384091 0.638409 0.672221
endloop
endfacet
facet normal -0.299893 0.561021 0.771570
outer loop
vertex 1.380357 0.629397 0.735356
vertex 1.384567 0.623097 0.741573
vertex 1.389369 0.625664 0.741573
endloop
endfacet
facet normal -0.299848 0.561061 0.771558
outer loop
vertex 1.380357 0.629397 0.735356
vertex 1.389369 0.625664 0.741573
vertex 1.386470 0.632664 0.735356
endloop
endfacet
facet normal -0.365084 0.683058 -0.632571
outer loop
vertex 1.380357 0.629397 0.664645
vertex 1.376903 0.634567 0.672221
vertex 1.384091 0.638409 0.672221
endloop
endfacet
facet normal -0.365047 0.683047 -0.632604
outer loop
vertex 1.380357 0.629397 0.664645
vertex 1.384091 0.638409 0.672221
vertex 1.386470 0.632664 0.664645
endloop
endfacet
facet normal -0.365085 0.683143 0.632478
outer loop
vertex 1.376903 0.634567 0.727778
vertex 1.380357 0.629397 0.735356
vertex 1.386470 0.632664 0.735356
endloop
endfacet
facet normal -0.365113 0.683112 0.632496
outer loop
vertex 1.376903 0.634567 0.727778
vertex 1.386470 0.632664 0.735356
vertex 1.384091 0.638409 0.727778
endloop
endfacet
facet normal -0.299862 0.561107 -0.771519
outer loop
vertex 1.384567 0.623097 0.658427
vertex 1.380357 0.629397 0.664645
vertex 1.386470 0.632664 0.664645
endloop
endfacet
facet normal -0.299926 0.561069 -0.771522
outer loop
vertex 1.384567 0.623097 0.658427
vertex 1.386470 0.632664 0.664645
vertex 1.389369 0.625664 0.658427
endloop
endfacet
facet normal -0.416156 0.778618 0.469647
outer loop
vertex 1.374336 0.638409 0.719134
vertex 1.376903 0.634567 0.727778
vertex 1.384091 0.638409 0.727778
endloop
endfacet
facet normal -0.416147 0.778635 0.469626
outer loop
vertex 1.374336 0.638409 0.719134
vertex 1.384091 0.638409 0.727778
vertex 1.382322 0.642677 0.719134
endloop
endfacet
facet normal -0.223077 0.417308 -0.880960
outer loop
vertex 1.389369 0.615909 0.653806
vertex 1.384567 0.623097 0.658427
vertex 1.389369 0.625664 0.658427
endloop
endfacet
facet normal -0.223036 0.417314 -0.880967
outer loop
vertex 1.389369 0.615909 0.653806
vertex 1.389369 0.625664 0.658427
vertex 1.392677 0.617677 0.653806
endloop
endfacet
facet normal -0.451260 0.844332 0.288908
outer loop
vertex 1.372756 0.640774 0.709754
vertex 1.374336 0.638409 0.719134
vertex 1.382322 0.642677 0.719134
endloop
endfacet
facet normal -0.451378 0.844218 0.289057
outer loop
vertex 1.372756 0.640774 0.709754
vertex 1.382322 0.642677 0.719134
vertex 1.381234 0.645307 0.709754
endloop
endfacet
facet normal -0.137461 0.257200 -0.956531
outer loop
vertex 1.394581 0.608110 0.650960
vertex 1.389369 0.615909 0.653806
vertex 1.392677 0.617677 0.653806
endloop
endfacet
facet normal -0.137570 0.257170 -0.956524
outer loop
vertex 1.394581 0.608110 0.650960
vertex 1.392677 0.617677 0.653806
vertex 1.396267 0.609012 0.650960
endloop
endfacet
facet normal -0.469261 0.877645 0.097637
outer loop
vertex 1.372221 0.641573 0.700000
vertex 1.372756 0.640774 0.709754
vertex 1.381234 0.645307 0.709754
endloop
endfacet
facet normal -0.469164 0.877711 0.097510
outer loop
vertex 1.372221 0.641573 0.700000
vertex 1.381234 0.645307 0.709754
vertex 1.380866 0.646194 0.700000
endloop
endfacet
facet normal -0.046437 0.086883 0.995136
outer loop
vertex 1.394581 0.608110 0.749039
vertex 1.400000 0.600000 0.750000
vertex 1.396267 0.609012 0.749039
endloop
endfacet
facet normal -0.046432 0.086784 -0.995145
outer loop
vertex 1.400000 0.600000 0.650000
vertex 1.394581 0.608110 0.650960
vertex 1.396267 0.609012 0.650960
endloop
endfacet
facet normal -0.469153 0.877704 -0.097628
outer loop
vertex 1.372756 0.640774 0.690245
vertex 1.372221 0.641573 0.700000
vertex 1.380866 0.646194 0.700000
endloop
endfacet
facet normal -0.469276 0.877653 -0.097496
outer loop
vertex 1.372756 0.640774 0.690245
vertex 1.380866 0.646194 0.700000
vertex 1.381234 0.645307 0.690245
endloop
endfacet
facet normal -0.137481 0.257082 0.956560
outer loop
vertex 1.389369 0.615909 0.746194
vertex 1.394581 0.608110 0.749039
vertex 1.396267 0.609012 0.749039
endloop
endfacet
facet normal -0.137432 0.257129 0.956555
outer loop
vertex 1.389369 0.615909 0.746194
vertex 1.396267 0.609012 0.749039
vertex 1.392677 0.617677 0.746194
endloop
endfacet
facet normal -0.451406 0.844244 -0.288936
outer loop
vertex 1.374336 0.638409 0.680866
vertex 1.372756 0.640774 0.690245
vertex 1.381234 0.645307 0.690245
endloop
endfacet
facet normal -0.451223 0.844288 -0.289095
outer loop
vertex 1.374336 0.638409 0.680866
vertex 1.381234 0.645307 0.690245
vertex 1.382322 0.642677 0.680866
endloop
endfacet
facet normal -0.223056 0.417343 0.880949
outer loop
vertex 1.384567 0.623097 0.741573
vertex 1.389369 0.615909 0.746194
vertex 1.392677 0.617677 0.746194
endloop
endfacet
facet normal -0.223067 0.417288 0.880972
outer loop
vertex 1.384567 0.623097 0.741573
vertex 1.392677 0.617677 0.746194
vertex 1.389369 0.625664 0.741573
endloop
endfacet
facet normal -0.084662 0.279080 -0.956529
outer loop
vertex 1.396267 0.609012 0.650960
vertex 1.392677 0.617677 0.653806
vertex 1.396267 0.618766 0.653806
endloop
endfacet
facet normal -0.084641 0.279126 -0.956517
outer loop
vertex 1.396267 0.609012 0.650960
vertex 1.396267 0.618766 0.653806
vertex 1.398097 0.609567 0.650960
endloop
endfacet
facet normal -0.288845 0.952399 0.097488
outer loop
vertex 1.380866 0.646194 0.700000
vertex 1.381234 0.645307 0.709754
vertex 1.390433 0.648097 0.709754
endloop
endfacet
facet normal -0.288900 0.952377 0.097544
outer loop
vertex 1.380866 0.646194 0.700000
vertex 1.390433 0.648097 0.709754
vertex 1.390245 0.649039 0.700000
endloop
endfacet
facet normal -0.028557 0.094258 0.995138
outer loop
vertex 1.396267 0.609012 0.749039
vertex 1.400000 0.600000 0.750000
vertex 1.398097 0.609567 0.749039
endloop
endfacet
facet normal -0.028542 0.094171 -0.995147
outer loop
vertex 1.400000 0.600000 0.650000
vertex 1.396267 0.609012 0.650960
vertex 1.398097 0.609567 0.650960
endloop
endfacet
facet normal -0.288895 0.952385 -0.097478
outer loop
vertex 1.381234 0.645307 0.690245
vertex 1.380866 0.646194 0.700000
vertex 1.390245 0.649039 0.700000
endloop
endfacet
facet normal -0.288856 0.952391 -0.097537
outer loop
vertex 1.381234 0.645307 0.690245
vertex 1.390245 0.649039 0.700000
vertex 1.390433 0.648097 0.690245
endloop
endfacet
facet normal -0.084626 0.278998 0.956555
outer loop
vertex 1.392677 0.617677 0.746194
vertex 1.396267 0.609012 0.749039
vertex 1.398097 0.609567 0.749039
endloop
endfacet
facet normal -0.084640 0.279005 0.956552
outer loop
vertex 1.392677 0.617677 0.746194
vertex 1.398097 0.609567 0.749039
vertex 1.396267 0.618766 0.746194
endloop
endfacet
facet normal -0.277840 0.916088 -0.289116
outer loop
vertex 1.382322 0.642677 0.680866
vertex 1.381234 0.645307 0.690245
vertex 1.390433 0.648097 0.690245
endloop
endfacet
facet normal -0.278015 0.916083 -0.288963
outer loop
vertex 1.382322 0.642677 0.680866
vertex 1.390433 0.648097 0.690245
vertex 1.390988 0.645307 0.680866
endloop
endfacet
facet normal -0.137357 0.452805 0.880966
outer loop
vertex 1.389369 0.625664 0.741573
vertex 1.392677 0.617677 0.746194
vertex 1.396267 0.618766 0.746194
endloop
endfacet
facet normal -0.137364 0.452801 0.880967
outer loop
vertex 1.389369 0.625664 0.741573
vertex 1.396267 0.618766 0.746194
vertex 1.394581 0.627245 0.741573
endloop
endfacet
facet normal -0.256399 0.844846 -0.469569
outer loop
vertex 1.384091 0.638409 0.672221
vertex 1.382322 0.642677 0.680866
vertex 1.390988 0.645307 0.680866
endloop
endfacet
facet normal -0.256188 0.844827 -0.469719
outer loop
vertex 1.384091 0.638409 0.672221
vertex 1.390988 0.645307 0.680866
vertex 1.391890 0.640774 0.672221
endloop
endfacet
facet normal -0.184672 0.608790 0.771538
outer loop
vertex 1.386470 0.632664 0.735356
vertex 1.389369 0.625664 0.741573
vertex 1.394581 0.627245 0.741573
endloop
endfacet
facet normal -0.184662 0.608777 0.771551
outer loop
vertex 1.386470 0.632664 0.735356
vertex 1.394581 0.627245 0.741573
vertex 1.393103 0.634676 0.735356
endloop
endfacet
facet normal -0.224748 0.741152 -0.632600
outer loop
vertex 1.386470 0.632664 0.664645
vertex 1.384091 0.638409 0.672221
vertex 1.391890 0.640774 0.672221
endloop
endfacet
facet normal -0.224815 0.741159 -0.632568
outer loop
vertex 1.386470 0.632664 0.664645
vertex 1.391890 0.640774 0.672221
vertex 1.393103 0.634676 0.664645
endloop
endfacet
facet normal -0.224826 0.741206 0.632508
outer loop
vertex 1.384091 0.638409 0.727778
vertex 1.386470 0.632664 0.735356
vertex 1.393103 0.634676 0.735356
endloop
endfacet
facet normal -0.224777 0.741252 0.632472
outer loop
vertex 1.384091 0.638409 0.727778
vertex 1.393103 0.634676 0.735356
vertex 1.391890 0.640774 0.727778
endloop
endfacet
facet normal -0.184685 0.608852 -0.771486
outer loop
vertex 1.389369 0.625664 0.658427
vertex 1.386470 0.632664 0.664645
vertex 1.393103 0.634676 0.664645
endloop
endfacet
facet normal -0.184696 0.608817 -0.771511
outer loop
vertex 1.389369 0.625664 0.658427
vertex 1.393103 0.634676 0.664645
vertex 1.394581 0.627245 0.658427
endloop
endfacet
facet normal -0.256203 0.844889 0.469599
outer loop
vertex 1.382322 0.642677 0.719134
vertex 1.384091 0.638409 0.727778
vertex 1.391890 0.640774 0.727778
endloop
endfacet
facet normal -0.256370 0.844754 0.469750
outer loop
vertex 1.382322 0.642677 0.719134
vertex 1.391890 0.640774 0.727778
vertex 1.390988 0.645307 0.719134
endloop
endfacet
facet normal -0.137357 0.452812 -0.880962
outer loop
vertex 1.392677 0.617677 0.653806
vertex 1.389369 0.625664 0.658427
vertex 1.394581 0.627245 0.658427
endloop
endfacet
facet normal -0.137372 0.452789 -0.880971
outer loop
vertex 1.392677 0.617677 0.653806
vertex 1.394581 0.627245 0.658427
vertex 1.396267 0.618766 0.653806
endloop
endfacet
facet normal -0.278003 0.916046 0.289092
outer loop
vertex 1.381234 0.645307 0.709754
vertex 1.382322 0.642677 0.719134
vertex 1.390988 0.645307 0.719134
endloop
endfacet
facet normal -0.277863 0.916136 0.288942
outer loop
vertex 1.381234 0.645307 0.709754
vertex 1.390988 0.645307 0.719134
vertex 1.390433 0.648097 0.709754
endloop
endfacet
facet normal -0.062265 0.633116 0.771548
outer loop
vertex 1.393103 0.634676 0.735356
vertex 1.394581 0.627245 0.741573
vertex 1.400000 0.627778 0.741573
endloop
endfacet
facet normal -0.062422 0.633021 0.771614
outer loop
vertex 1.393103 0.634676 0.735356
vertex 1.400000 0.627778 0.741573
vertex 1.400000 0.635356 0.735356
endloop
endfacet
facet normal -0.075950 0.770765 -0.632576
outer loop
vertex 1.393103 0.634676 0.664645
vertex 1.391890 0.640774 0.672221
vertex 1.400000 0.641573 0.672221
endloop
endfacet
facet normal -0.076003 0.770797 -0.632531
outer loop
vertex 1.393103 0.634676 0.664645
vertex 1.400000 0.641573 0.672221
vertex 1.400000 0.635356 0.664645
endloop
endfacet
facet normal -0.076012 0.770840 0.632477
outer loop
vertex 1.391890 0.640774 0.727778
vertex 1.393103 0.634676 0.735356
vertex 1.400000 0.635356 0.735356
endloop
endfacet
facet normal -0.075955 0.770878 0.632438
outer loop
vertex 1.391890 0.640774 0.727778
vertex 1.400000 0.635356 0.735356
vertex 1.400000 0.641573 0.727778
endloop
endfacet
facet normal -0.062435 0.633160 -0.771499
outer loop
vertex 1.394581 0.627245 0.658427
vertex 1.393103 0.634676 0.664645
vertex 1.400000 0.635356 0.664645
endloop
endfacet
facet normal -0.062259 0.633089 -0.771571
outer loop
vertex 1.394581 0.627245 0.658427
vertex 1.400000 0.635356 0.664645
vertex 1.400000 0.627778 0.658427
endloop
endfacet
facet normal -0.086560 0.878547 0.469748
outer loop
vertex 1.390988 0.645307 0.719134
vertex 1.391890 0.640774 0.727778
vertex 1.400000 0.641573 0.727778
endloop
endfacet
facet normal -0.086467 0.878595 0.469674
outer loop
vertex 1.390988 0.645307 0.719134
vertex 1.400000 0.641573 0.727778
vertex 1.400000 0.646194 0.719134
endloop
endfacet
facet normal -0.046319 0.470926 -0.880956
outer loop
vertex 1.396267 0.618766 0.653806
vertex 1.394581 0.627245 0.658427
vertex 1.400000 0.627778 0.658427
endloop
endfacet
facet normal -0.046402 0.470939 -0.880945
outer loop
vertex 1.396267 0.618766 0.653806
vertex 1.400000 0.627778 0.658427
vertex 1.400000 0.619134 0.653806
endloop
endfacet
facet normal -0.093763 0.952747 0.288933
outer loop
vertex 1.390433 0.648097 0.709754
vertex 1.390988 0.645307 0.719134
vertex 1.400000 0.646194 0.719134
endloop
endfacet
facet normal -0.093809 0.952729 0.288975
outer loop
vertex 1.390433 0.648097 0.709754
vertex 1.400000 0.646194 0.719134
vertex 1.400000 0.649039 0.709754
endloop
endfacet
facet normal -0.028612 0.290221 -0.956532
outer loop
vertex 1.398097 0.609567 0.650960
vertex 1.396267 0.618766 0.653806
vertex 1.400000 0.619134 0.653806
endloop
endfacet
facet normal -0.028496 0.290198 -0.956542
outer loop
vertex 1.398097 0.609567 0.650960
vertex 1.400000 0.619134 0.653806
vertex 1.400000 0.609754 0.650960
endloop
endfacet
facet normal -0.097520 0.990444 0.097522
outer loop
vertex 1.390245 0.649039 0.700000
vertex 1.390433 0.648097 0.709754
vertex 1.400000 0.649039 0.709754
endloop
endfacet
facet normal -0.097568 0.990433 0.097583
outer loop
vertex 1.390245 0.649039 0.700000
vertex 1.400000 0.649039 0.709754
vertex 1.400000 0.650000 0.700000
endloop
endfacet
facet normal -0.009686 0.098048 0.995135
outer loop
vertex 1.398097 0.609567 0.749039
vertex 1.400000 0.600000 0.750000
vertex 1.400000 0.609754 0.749039
endloop
endfacet
facet normal -0.009615 0.097949 -0.995145
outer loop
vertex 1.400000 0.600000 0.650000
vertex 1.398097 0.609567 0.650960
vertex 1.400000 0.609754 0.650960
endloop
endfacet
facet normal -0.097563 0.990440 -0.097522
outer loop
vertex 1.390433 0.648097 0.690245
vertex 1.390245 0.649039 0.700000
vertex 1.400000 0.650000 0.700000
endloop
endfacet
facet normal -0.097521 0.990440 -0.097563
outer loop
vertex 1.390433 0.648097 0.690245
vertex 1.400000 0.650000 0.700000
vertex 1.400000 0.649039 0.690245
endloop
endfacet
facet normal -0.028512 0.290190 0.956544
outer loop
vertex 1.396267 0.618766 0.746194
vertex 1.398097 0.609567 0.749039
vertex 1.400000 0.609754 0.749039
endloop
endfacet
facet normal -0.028596 0.290110 0.956566
outer loop
vertex 1.396267 0.618766 0.746194
vertex 1.400000 0.609754 0.749039
vertex 1.400000 0.619134 0.746194
endloop
endfacet
facet normal -0.093807 0.952732 -0.288966
outer loop
vertex 1.390988 0.645307 0.680866
vertex 1.390433 0.648097 0.690245
vertex 1.400000 0.649039 0.690245
endloop
endfacet
facet normal -0.093765 0.952726 -0.289001
outer loop
vertex 1.390988 0.645307 0.680866
vertex 1.400000 0.649039 0.690245
vertex 1.400000 0.646194 0.680866
endloop
endfacet
facet normal -0.046428 0.470905 0.880961
outer loop
vertex 1.394581 0.627245 0.741573
vertex 1.396267 0.618766 0.746194
vertex 1.400000 0.619134 0.746194
endloop
endfacet
facet normal -0.046310 0.470949 0.880944
outer loop
vertex 1.394581 0.627245 0.741573
vertex 1.400000 0.619134 0.746194
vertex 1.400000 0.627778 0.741573
endloop
endfacet
facet normal -0.086465 0.878574 -0.469714
outer loop
vertex 1.391890 0.640774 0.672221
vertex 1.390988 0.645307 0.680866
vertex 1.400000 0.646194 0.680866
endloop
endfacet
facet normal -0.086563 0.878611 -0.469627
outer loop
vertex 1.391890 0.640774 0.672221
vertex 1.400000 0.646194 0.680866
vertex 1.400000 0.641573 0.672221
endloop
endfacet
endsolid Exported from Blender-2.82 (sub 7)
