solid Exported from Blender-2.82 (sub 7)
facet normal 0.086466 0.878609 -0.469648
outer loop
vertex 1.400000 1.441573 0.672221
vertex 1.400000 1.446194 0.680866
vertex 1.409012 1.445307 0.680866
endloop
endfacet
facet normal 0.086561 0.878583 -0.469679
outer loop
vertex 1.400000 1.441573 0.672221
vertex 1.409012 1.445307 0.680866
vertex 1.408110 1.440774 0.672221
endloop
endfacet
facet normal 0.062274 0.633026 0.771622
outer loop
vertex 1.400000 1.435356 0.735356
vertex 1.400000 1.427778 0.741573
vertex 1.405419 1.427245 0.741573
endloop
endfacet
facet normal 0.062405 0.633101 0.771550
outer loop
vertex 1.400000 1.435356 0.735356
vertex 1.405419 1.427245 0.741573
vertex 1.406898 1.434676 0.735356
endloop
endfacet
facet normal 0.075947 0.770800 -0.632534
outer loop
vertex 1.400000 1.435356 0.664645
vertex 1.400000 1.441573 0.672221
vertex 1.408110 1.440774 0.672221
endloop
endfacet
facet normal 0.075997 0.770766 -0.632569
outer loop
vertex 1.400000 1.435356 0.664645
vertex 1.408110 1.440774 0.672221
vertex 1.406898 1.434676 0.664645
endloop
endfacet
facet normal 0.076002 0.770876 0.632435
outer loop
vertex 1.400000 1.441573 0.727778
vertex 1.400000 1.435356 0.735356
vertex 1.406898 1.434676 0.735356
endloop
endfacet
facet normal 0.075952 0.770847 0.632476
outer loop
vertex 1.400000 1.441573 0.727778
vertex 1.406898 1.434676 0.735356
vertex 1.408110 1.440774 0.727778
endloop
endfacet
facet normal 0.062418 0.633098 -0.771551
outer loop
vertex 1.400000 1.427778 0.658427
vertex 1.400000 1.435356 0.664645
vertex 1.406898 1.434676 0.664645
endloop
endfacet
facet normal 0.062267 0.633175 -0.771500
outer loop
vertex 1.400000 1.427778 0.658427
vertex 1.406898 1.434676 0.664645
vertex 1.405419 1.427245 0.658427
endloop
endfacet
facet normal 0.086564 0.878590 0.469666
outer loop
vertex 1.400000 1.446194 0.719134
vertex 1.400000 1.441573 0.727778
vertex 1.408110 1.440774 0.727778
endloop
endfacet
facet normal 0.086465 0.878557 0.469747
outer loop
vertex 1.400000 1.446194 0.719134
vertex 1.408110 1.440774 0.727778
vertex 1.409012 1.445307 0.719134
endloop
endfacet
facet normal 0.046306 0.470949 -0.880944
outer loop
vertex 1.400000 1.419134 0.653806
vertex 1.400000 1.427778 0.658427
vertex 1.405419 1.427245 0.658427
endloop
endfacet
facet normal 0.046422 0.470936 -0.880945
outer loop
vertex 1.400000 1.419134 0.653806
vertex 1.405419 1.427245 0.658427
vertex 1.403733 1.418766 0.653806
endloop
endfacet
facet normal 0.093765 0.952735 0.288972
outer loop
vertex 1.400000 1.449039 0.709754
vertex 1.400000 1.446194 0.719134
vertex 1.409012 1.445307 0.719134
endloop
endfacet
facet normal 0.093805 0.952742 0.288937
outer loop
vertex 1.400000 1.449039 0.709754
vertex 1.409012 1.445307 0.719134
vertex 1.409567 1.448097 0.709754
endloop
endfacet
facet normal 0.028609 0.290200 -0.956538
outer loop
vertex 1.400000 1.409754 0.650960
vertex 1.400000 1.419134 0.653806
vertex 1.403733 1.418766 0.653806
endloop
endfacet
facet normal 0.028499 0.290282 -0.956517
outer loop
vertex 1.400000 1.409754 0.650960
vertex 1.403733 1.418766 0.653806
vertex 1.401903 1.409567 0.650960
endloop
endfacet
facet normal 0.097520 0.990438 0.097583
outer loop
vertex 1.400000 1.450000 0.700000
vertex 1.400000 1.449039 0.709754
vertex 1.409567 1.448097 0.709754
endloop
endfacet
facet normal 0.097579 0.990439 0.097509
outer loop
vertex 1.400000 1.450000 0.700000
vertex 1.409567 1.448097 0.709754
vertex 1.409754 1.449039 0.700000
endloop
endfacet
facet normal 0.009686 0.098046 0.995135
outer loop
vertex 1.400000 1.409754 0.749039
vertex 1.400000 1.400000 0.750000
vertex 1.401903 1.409567 0.749039
endloop
endfacet
facet normal 0.009614 0.097947 -0.995145
outer loop
vertex 1.400000 1.400000 0.650000
vertex 1.400000 1.409754 0.650960
vertex 1.401903 1.409567 0.650960
endloop
endfacet
facet normal 0.097576 0.990434 -0.097564
outer loop
vertex 1.400000 1.449039 0.690245
vertex 1.400000 1.450000 0.700000
vertex 1.409754 1.449039 0.700000
endloop
endfacet
facet normal 0.097522 0.990445 -0.097507
outer loop
vertex 1.400000 1.449039 0.690245
vertex 1.409754 1.449039 0.700000
vertex 1.409567 1.448097 0.690245
endloop
endfacet
facet normal 0.028460 0.290110 0.956570
outer loop
vertex 1.400000 1.419134 0.746194
vertex 1.400000 1.409754 0.749039
vertex 1.401903 1.409567 0.749039
endloop
endfacet
facet normal 0.028623 0.290148 0.956554
outer loop
vertex 1.400000 1.419134 0.746194
vertex 1.401903 1.409567 0.749039
vertex 1.403733 1.418766 0.746194
endloop
endfacet
facet normal 0.093808 0.952720 -0.289008
outer loop
vertex 1.400000 1.446194 0.680866
vertex 1.400000 1.449039 0.690245
vertex 1.409567 1.448097 0.690245
endloop
endfacet
facet normal 0.093766 0.952738 -0.288960
outer loop
vertex 1.400000 1.446194 0.680866
vertex 1.409567 1.448097 0.690245
vertex 1.409012 1.445307 0.680866
endloop
endfacet
facet normal 0.046409 0.470944 0.880942
outer loop
vertex 1.400000 1.427778 0.741573
vertex 1.400000 1.419134 0.746194
vertex 1.403733 1.418766 0.746194
endloop
endfacet
facet normal 0.046324 0.470943 0.880947
outer loop
vertex 1.400000 1.427778 0.741573
vertex 1.403733 1.418766 0.746194
vertex 1.405419 1.427245 0.741573
endloop
endfacet
facet normal 0.277853 0.916133 -0.288961
outer loop
vertex 1.409012 1.445307 0.680866
vertex 1.409567 1.448097 0.690245
vertex 1.418766 1.445307 0.690245
endloop
endfacet
facet normal 0.278027 0.916017 -0.289162
outer loop
vertex 1.409012 1.445307 0.680866
vertex 1.418766 1.445307 0.690245
vertex 1.417677 1.442677 0.680866
endloop
endfacet
facet normal 0.137400 0.452770 0.880977
outer loop
vertex 1.405419 1.427245 0.741573
vertex 1.403733 1.418766 0.746194
vertex 1.407322 1.417677 0.746194
endloop
endfacet
facet normal 0.137366 0.452796 0.880969
outer loop
vertex 1.405419 1.427245 0.741573
vertex 1.407322 1.417677 0.746194
vertex 1.410630 1.425664 0.741573
endloop
endfacet
facet normal 0.256402 0.844772 -0.469700
outer loop
vertex 1.408110 1.440774 0.672221
vertex 1.409012 1.445307 0.680866
vertex 1.417677 1.442677 0.680866
endloop
endfacet
facet normal 0.256223 0.844895 -0.469577
outer loop
vertex 1.408110 1.440774 0.672221
vertex 1.417677 1.442677 0.680866
vertex 1.415909 1.438409 0.672221
endloop
endfacet
facet normal 0.184709 0.608772 0.771544
outer loop
vertex 1.406898 1.434676 0.735356
vertex 1.405419 1.427245 0.741573
vertex 1.410630 1.425664 0.741573
endloop
endfacet
facet normal 0.184693 0.608749 0.771565
outer loop
vertex 1.406898 1.434676 0.735356
vertex 1.410630 1.425664 0.741573
vertex 1.413530 1.432664 0.735356
endloop
endfacet
facet normal 0.224772 0.741186 -0.632551
outer loop
vertex 1.406898 1.434676 0.664645
vertex 1.408110 1.440774 0.672221
vertex 1.415909 1.438409 0.672221
endloop
endfacet
facet normal 0.224835 0.741115 -0.632612
outer loop
vertex 1.406898 1.434676 0.664645
vertex 1.415909 1.438409 0.672221
vertex 1.413530 1.432664 0.664645
endloop
endfacet
facet normal 0.224871 0.741242 0.632450
outer loop
vertex 1.408110 1.440774 0.727778
vertex 1.406898 1.434676 0.735356
vertex 1.413530 1.432664 0.735356
endloop
endfacet
facet normal 0.224783 0.741233 0.632492
outer loop
vertex 1.408110 1.440774 0.727778
vertex 1.413530 1.432664 0.735356
vertex 1.415909 1.438409 0.727778
endloop
endfacet
facet normal 0.184720 0.608830 -0.771495
outer loop
vertex 1.405419 1.427245 0.658427
vertex 1.406898 1.434676 0.664645
vertex 1.413530 1.432664 0.664645
endloop
endfacet
facet normal 0.184708 0.608824 -0.771503
outer loop
vertex 1.405419 1.427245 0.658427
vertex 1.413530 1.432664 0.664645
vertex 1.410630 1.425664 0.658427
endloop
endfacet
facet normal 0.256179 0.844790 0.469789
outer loop
vertex 1.409012 1.445307 0.719134
vertex 1.408110 1.440774 0.727778
vertex 1.415909 1.438409 0.727778
endloop
endfacet
facet normal 0.256421 0.844831 0.469583
outer loop
vertex 1.409012 1.445307 0.719134
vertex 1.415909 1.438409 0.727778
vertex 1.417677 1.442677 0.719134
endloop
endfacet
facet normal 0.137380 0.452781 -0.880975
outer loop
vertex 1.403733 1.418766 0.653806
vertex 1.405419 1.427245 0.658427
vertex 1.410630 1.425664 0.658427
endloop
endfacet
facet normal 0.137408 0.452780 -0.880971
outer loop
vertex 1.403733 1.418766 0.653806
vertex 1.410630 1.425664 0.658427
vertex 1.407322 1.417677 0.653806
endloop
endfacet
facet normal 0.278059 0.916074 0.288947
outer loop
vertex 1.409567 1.448097 0.709754
vertex 1.409012 1.445307 0.719134
vertex 1.417677 1.442677 0.719134
endloop
endfacet
facet normal 0.277835 0.916091 0.289111
outer loop
vertex 1.409567 1.448097 0.709754
vertex 1.417677 1.442677 0.719134
vertex 1.418766 1.445307 0.709754
endloop
endfacet
facet normal 0.084682 0.279070 -0.956529
outer loop
vertex 1.401903 1.409567 0.650960
vertex 1.403733 1.418766 0.653806
vertex 1.407322 1.417677 0.653806
endloop
endfacet
facet normal 0.084647 0.279097 -0.956525
outer loop
vertex 1.401903 1.409567 0.650960
vertex 1.407322 1.417677 0.653806
vertex 1.403733 1.409012 0.650960
endloop
endfacet
facet normal 0.288852 0.952397 0.097492
outer loop
vertex 1.409754 1.449039 0.700000
vertex 1.409567 1.448097 0.709754
vertex 1.418766 1.445307 0.709754
endloop
endfacet
facet normal 0.288862 0.952393 0.097503
outer loop
vertex 1.409754 1.449039 0.700000
vertex 1.418766 1.445307 0.709754
vertex 1.419134 1.446194 0.700000
endloop
endfacet
facet normal 0.028558 0.094274 0.995137
outer loop
vertex 1.401903 1.409567 0.749039
vertex 1.400000 1.400000 0.750000
vertex 1.403733 1.409012 0.749039
endloop
endfacet
facet normal 0.028543 0.094187 -0.995145
outer loop
vertex 1.400000 1.400000 0.650000
vertex 1.401903 1.409567 0.650960
vertex 1.403733 1.409012 0.650960
endloop
endfacet
facet normal 0.288862 0.952393 -0.097496
outer loop
vertex 1.409567 1.448097 0.690245
vertex 1.409754 1.449039 0.700000
vertex 1.419134 1.446194 0.700000
endloop
endfacet
facet normal 0.288854 0.952398 -0.097478
outer loop
vertex 1.409567 1.448097 0.690245
vertex 1.419134 1.446194 0.700000
vertex 1.418766 1.445307 0.690245
endloop
endfacet
facet normal 0.084624 0.278992 0.956558
outer loop
vertex 1.403733 1.418766 0.746194
vertex 1.401903 1.409567 0.749039
vertex 1.403733 1.409012 0.749039
endloop
endfacet
facet normal 0.084664 0.279007 0.956550
outer loop
vertex 1.403733 1.418766 0.746194
vertex 1.403733 1.409012 0.749039
vertex 1.407322 1.417677 0.746194
endloop
endfacet
facet normal 0.223035 0.417316 -0.880967
outer loop
vertex 1.407322 1.417677 0.653806
vertex 1.410630 1.425664 0.658427
vertex 1.415433 1.423097 0.658427
endloop
endfacet
facet normal 0.223021 0.417312 -0.880972
outer loop
vertex 1.407322 1.417677 0.653806
vertex 1.415433 1.423097 0.658427
vertex 1.410630 1.415909 0.653806
endloop
endfacet
facet normal 0.451175 0.844299 0.289137
outer loop
vertex 1.418766 1.445307 0.709754
vertex 1.417677 1.442677 0.719134
vertex 1.425664 1.438409 0.719134
endloop
endfacet
facet normal 0.451352 0.844272 0.288941
outer loop
vertex 1.418766 1.445307 0.709754
vertex 1.425664 1.438409 0.719134
vertex 1.427245 1.440774 0.709754
endloop
endfacet
facet normal 0.137479 0.257235 -0.956520
outer loop
vertex 1.403733 1.409012 0.650960
vertex 1.407322 1.417677 0.653806
vertex 1.410630 1.415909 0.653806
endloop
endfacet
facet normal 0.137553 0.257139 -0.956535
outer loop
vertex 1.403733 1.409012 0.650960
vertex 1.410630 1.415909 0.653806
vertex 1.405419 1.408110 0.650960
endloop
endfacet
facet normal 0.469234 0.877673 0.097513
outer loop
vertex 1.419134 1.446194 0.700000
vertex 1.418766 1.445307 0.709754
vertex 1.427245 1.440774 0.709754
endloop
endfacet
facet normal 0.469205 0.877688 0.097526
outer loop
vertex 1.419134 1.446194 0.700000
vertex 1.427245 1.440774 0.709754
vertex 1.427778 1.441573 0.700000
endloop
endfacet
facet normal 0.046436 0.086869 0.995137
outer loop
vertex 1.403733 1.409012 0.749039
vertex 1.400000 1.400000 0.750000
vertex 1.405419 1.408110 0.749039
endloop
endfacet
facet normal 0.046431 0.086782 -0.995145
outer loop
vertex 1.400000 1.400000 0.650000
vertex 1.403733 1.409012 0.650960
vertex 1.405419 1.408110 0.650960
endloop
endfacet
facet normal 0.469199 0.877694 -0.097502
outer loop
vertex 1.418766 1.445307 0.690245
vertex 1.419134 1.446194 0.700000
vertex 1.427778 1.441573 0.700000
endloop
endfacet
facet normal 0.469234 0.877673 -0.097515
outer loop
vertex 1.418766 1.445307 0.690245
vertex 1.427778 1.441573 0.700000
vertex 1.427245 1.440774 0.690245
endloop
endfacet
facet normal 0.137565 0.257095 0.956545
outer loop
vertex 1.407322 1.417677 0.746194
vertex 1.403733 1.409012 0.749039
vertex 1.405419 1.408110 0.749039
endloop
endfacet
facet normal 0.137400 0.257141 0.956556
outer loop
vertex 1.407322 1.417677 0.746194
vertex 1.405419 1.408110 0.749039
vertex 1.410630 1.415909 0.746194
endloop
endfacet
facet normal 0.451331 0.844214 -0.289142
outer loop
vertex 1.417677 1.442677 0.680866
vertex 1.418766 1.445307 0.690245
vertex 1.427245 1.440774 0.690245
endloop
endfacet
facet normal 0.451192 0.844343 -0.288981
outer loop
vertex 1.417677 1.442677 0.680866
vertex 1.427245 1.440774 0.690245
vertex 1.425664 1.438409 0.680866
endloop
endfacet
facet normal 0.223044 0.417320 0.880963
outer loop
vertex 1.410630 1.425664 0.741573
vertex 1.407322 1.417677 0.746194
vertex 1.410630 1.415909 0.746194
endloop
endfacet
facet normal 0.223023 0.417310 0.880973
outer loop
vertex 1.410630 1.425664 0.741573
vertex 1.410630 1.415909 0.746194
vertex 1.415433 1.423097 0.741573
endloop
endfacet
facet normal 0.416120 0.778705 -0.469534
outer loop
vertex 1.415909 1.438409 0.672221
vertex 1.417677 1.442677 0.680866
vertex 1.425664 1.438409 0.680866
endloop
endfacet
facet normal 0.416160 0.778641 -0.469605
outer loop
vertex 1.415909 1.438409 0.672221
vertex 1.425664 1.438409 0.680866
vertex 1.423097 1.434567 0.672221
endloop
endfacet
facet normal 0.299863 0.561035 0.771571
outer loop
vertex 1.413530 1.432664 0.735356
vertex 1.410630 1.425664 0.741573
vertex 1.415433 1.423097 0.741573
endloop
endfacet
facet normal 0.299875 0.561056 0.771551
outer loop
vertex 1.413530 1.432664 0.735356
vertex 1.415433 1.423097 0.741573
vertex 1.419642 1.429397 0.735356
endloop
endfacet
facet normal 0.365080 0.683037 -0.632596
outer loop
vertex 1.413530 1.432664 0.664645
vertex 1.415909 1.438409 0.672221
vertex 1.423097 1.434567 0.672221
endloop
endfacet
facet normal 0.365089 0.683043 -0.632584
outer loop
vertex 1.413530 1.432664 0.664645
vertex 1.423097 1.434567 0.672221
vertex 1.419642 1.429397 0.664645
endloop
endfacet
facet normal 0.365135 0.683100 0.632496
outer loop
vertex 1.415909 1.438409 0.727778
vertex 1.413530 1.432664 0.735356
vertex 1.419642 1.429397 0.735356
endloop
endfacet
facet normal 0.365111 0.683119 0.632489
outer loop
vertex 1.415909 1.438409 0.727778
vertex 1.419642 1.429397 0.735356
vertex 1.423097 1.434567 0.727778
endloop
endfacet
facet normal 0.299910 0.561085 -0.771516
outer loop
vertex 1.410630 1.425664 0.658427
vertex 1.413530 1.432664 0.664645
vertex 1.419642 1.429397 0.664645
endloop
endfacet
facet normal 0.299885 0.561099 -0.771516
outer loop
vertex 1.410630 1.425664 0.658427
vertex 1.419642 1.429397 0.664645
vertex 1.415433 1.423097 0.658427
endloop
endfacet
facet normal 0.416177 0.778656 0.469565
outer loop
vertex 1.417677 1.442677 0.719134
vertex 1.415909 1.438409 0.727778
vertex 1.423097 1.434567 0.727778
endloop
endfacet
facet normal 0.416094 0.778661 0.469631
outer loop
vertex 1.417677 1.442677 0.719134
vertex 1.423097 1.434567 0.727778
vertex 1.425664 1.438409 0.719134
endloop
endfacet
facet normal 0.300112 0.365826 0.880968
outer loop
vertex 1.415433 1.423097 0.741573
vertex 1.410630 1.415909 0.746194
vertex 1.413530 1.413530 0.746194
endloop
endfacet
facet normal 0.300251 0.365772 0.880943
outer loop
vertex 1.415433 1.423097 0.741573
vertex 1.413530 1.413530 0.746194
vertex 1.419642 1.419642 0.741573
endloop
endfacet
facet normal 0.560123 0.682453 -0.469596
outer loop
vertex 1.423097 1.434567 0.672221
vertex 1.425664 1.438409 0.680866
vertex 1.432664 1.432664 0.680866
endloop
endfacet
facet normal 0.560088 0.682516 -0.469545
outer loop
vertex 1.423097 1.434567 0.672221
vertex 1.432664 1.432664 0.680866
vertex 1.429397 1.429397 0.672221
endloop
endfacet
facet normal 0.403639 0.491728 0.771543
outer loop
vertex 1.419642 1.429397 0.735356
vertex 1.415433 1.423097 0.741573
vertex 1.419642 1.419642 0.741573
endloop
endfacet
facet normal 0.403550 0.491733 0.771587
outer loop
vertex 1.419642 1.429397 0.735356
vertex 1.419642 1.419642 0.741573
vertex 1.425000 1.425000 0.735356
endloop
endfacet
facet normal 0.491289 0.598668 -0.632639
outer loop
vertex 1.419642 1.429397 0.664645
vertex 1.423097 1.434567 0.672221
vertex 1.429397 1.429397 0.672221
endloop
endfacet
facet normal 0.491309 0.598661 -0.632630
outer loop
vertex 1.419642 1.429397 0.664645
vertex 1.429397 1.429397 0.672221
vertex 1.425000 1.425000 0.664645
endloop
endfacet
facet normal 0.491354 0.598731 0.632529
outer loop
vertex 1.423097 1.434567 0.727778
vertex 1.419642 1.429397 0.735356
vertex 1.425000 1.425000 0.735356
endloop
endfacet
facet normal 0.491353 0.598723 0.632537
outer loop
vertex 1.423097 1.434567 0.727778
vertex 1.425000 1.425000 0.735356
vertex 1.429397 1.429397 0.727778
endloop
endfacet
facet normal 0.403613 0.491828 -0.771494
outer loop
vertex 1.415433 1.423097 0.658427
vertex 1.419642 1.429397 0.664645
vertex 1.425000 1.425000 0.664645
endloop
endfacet
facet normal 0.403649 0.491711 -0.771549
outer loop
vertex 1.415433 1.423097 0.658427
vertex 1.425000 1.425000 0.664645
vertex 1.419642 1.419642 0.658427
endloop
endfacet
facet normal 0.560059 0.682489 0.469621
outer loop
vertex 1.425664 1.438409 0.719134
vertex 1.423097 1.434567 0.727778
vertex 1.429397 1.429397 0.727778
endloop
endfacet
facet normal 0.560115 0.682457 0.469600
outer loop
vertex 1.425664 1.438409 0.719134
vertex 1.429397 1.429397 0.727778
vertex 1.432664 1.432664 0.719134
endloop
endfacet
facet normal 0.300216 0.365748 -0.880965
outer loop
vertex 1.410630 1.415909 0.653806
vertex 1.415433 1.423097 0.658427
vertex 1.419642 1.419642 0.658427
endloop
endfacet
facet normal 0.300142 0.365846 -0.880949
outer loop
vertex 1.410630 1.415909 0.653806
vertex 1.419642 1.419642 0.658427
vertex 1.413530 1.413530 0.653806
endloop
endfacet
facet normal 0.607355 0.740011 0.288972
outer loop
vertex 1.427245 1.440774 0.709754
vertex 1.425664 1.438409 0.719134
vertex 1.432664 1.432664 0.719134
endloop
endfacet
facet normal 0.607304 0.740038 0.289007
outer loop
vertex 1.427245 1.440774 0.709754
vertex 1.432664 1.432664 0.719134
vertex 1.434676 1.434676 0.709754
endloop
endfacet
facet normal 0.184958 0.225476 -0.956531
outer loop
vertex 1.405419 1.408110 0.650960
vertex 1.410630 1.415909 0.653806
vertex 1.413530 1.413530 0.653806
endloop
endfacet
facet normal 0.184859 0.225534 -0.956536
outer loop
vertex 1.405419 1.408110 0.650960
vertex 1.413530 1.413530 0.653806
vertex 1.406898 1.406898 0.650960
endloop
endfacet
facet normal 0.631330 0.769360 0.097509
outer loop
vertex 1.427778 1.441573 0.700000
vertex 1.427245 1.440774 0.709754
vertex 1.434676 1.434676 0.709754
endloop
endfacet
facet normal 0.631240 0.769414 0.097662
outer loop
vertex 1.427778 1.441573 0.700000
vertex 1.434676 1.434676 0.709754
vertex 1.435356 1.435356 0.700000
endloop
endfacet
facet normal 0.062408 0.076201 0.995138
outer loop
vertex 1.405419 1.408110 0.749039
vertex 1.400000 1.400000 0.750000
vertex 1.406898 1.406898 0.749039
endloop
endfacet
facet normal 0.062387 0.076130 -0.995144
outer loop
vertex 1.400000 1.400000 0.650000
vertex 1.405419 1.408110 0.650960
vertex 1.406898 1.406898 0.650960
endloop
endfacet
facet normal 0.631236 0.769438 -0.097498
outer loop
vertex 1.427245 1.440774 0.690245
vertex 1.427778 1.441573 0.700000
vertex 1.435356 1.435356 0.700000
endloop
endfacet
facet normal 0.631336 0.769336 -0.097657
outer loop
vertex 1.427245 1.440774 0.690245
vertex 1.435356 1.435356 0.700000
vertex 1.434676 1.434676 0.690245
endloop
endfacet
facet normal 0.184785 0.225420 0.956577
outer loop
vertex 1.410630 1.415909 0.746194
vertex 1.405419 1.408110 0.749039
vertex 1.406898 1.406898 0.749039
endloop
endfacet
facet normal 0.184938 0.225422 0.956547
outer loop
vertex 1.410630 1.415909 0.746194
vertex 1.406898 1.406898 0.749039
vertex 1.413530 1.413530 0.746194
endloop
endfacet
facet normal 0.607314 0.740039 -0.288986
outer loop
vertex 1.425664 1.438409 0.680866
vertex 1.427245 1.440774 0.690245
vertex 1.434676 1.434676 0.690245
endloop
endfacet
facet normal 0.607327 0.739997 -0.289064
outer loop
vertex 1.425664 1.438409 0.680866
vertex 1.434676 1.434676 0.690245
vertex 1.432664 1.432664 0.680866
endloop
endfacet
facet normal 0.740011 0.607338 0.289006
outer loop
vertex 1.434676 1.434676 0.709754
vertex 1.432664 1.432664 0.719134
vertex 1.438409 1.425664 0.719134
endloop
endfacet
facet normal 0.740059 0.607305 0.288953
outer loop
vertex 1.434676 1.434676 0.709754
vertex 1.438409 1.425664 0.719134
vertex 1.440774 1.427245 0.709754
endloop
endfacet
facet normal 0.225497 0.184993 -0.956519
outer loop
vertex 1.406898 1.406898 0.650960
vertex 1.413530 1.413530 0.653806
vertex 1.415909 1.410630 0.653806
endloop
endfacet
facet normal 0.225558 0.184858 -0.956531
outer loop
vertex 1.406898 1.406898 0.650960
vertex 1.415909 1.410630 0.653806
vertex 1.408110 1.405419 0.650960
endloop
endfacet
facet normal 0.769327 0.631349 0.097646
outer loop
vertex 1.435356 1.435356 0.700000
vertex 1.434676 1.434676 0.709754
vertex 1.440774 1.427245 0.709754
endloop
endfacet
facet normal 0.769433 0.631239 0.097519
outer loop
vertex 1.435356 1.435356 0.700000
vertex 1.440774 1.427245 0.709754
vertex 1.441573 1.427778 0.700000
endloop
endfacet
facet normal 0.076188 0.062433 0.995137
outer loop
vertex 1.406898 1.406898 0.749039
vertex 1.400000 1.400000 0.750000
vertex 1.408110 1.405419 0.749039
endloop
endfacet
facet normal 0.076115 0.062372 -0.995146
outer loop
vertex 1.400000 1.400000 0.650000
vertex 1.406898 1.406898 0.650960
vertex 1.408110 1.405419 0.650960
endloop
endfacet
facet normal 0.769428 0.631227 -0.097634
outer loop
vertex 1.434676 1.434676 0.690245
vertex 1.435356 1.435356 0.700000
vertex 1.441573 1.427778 0.700000
endloop
endfacet
facet normal 0.769328 0.631368 -0.097518
outer loop
vertex 1.434676 1.434676 0.690245
vertex 1.441573 1.427778 0.700000
vertex 1.440774 1.427245 0.690245
endloop
endfacet
facet normal 0.225528 0.184855 0.956538
outer loop
vertex 1.413530 1.413530 0.746194
vertex 1.406898 1.406898 0.749039
vertex 1.408110 1.405419 0.749039
endloop
endfacet
facet normal 0.225401 0.184895 0.956561
outer loop
vertex 1.413530 1.413530 0.746194
vertex 1.408110 1.405419 0.749039
vertex 1.415909 1.410630 0.746194
endloop
endfacet
facet normal 0.740043 0.607292 -0.289020
outer loop
vertex 1.432664 1.432664 0.680866
vertex 1.434676 1.434676 0.690245
vertex 1.440774 1.427245 0.690245
endloop
endfacet
facet normal 0.740008 0.607348 -0.288993
outer loop
vertex 1.432664 1.432664 0.680866
vertex 1.440774 1.427245 0.690245
vertex 1.438409 1.425664 0.680866
endloop
endfacet
facet normal 0.365912 0.300165 0.880914
outer loop
vertex 1.419642 1.419642 0.741573
vertex 1.413530 1.413530 0.746194
vertex 1.415909 1.410630 0.746194
endloop
endfacet
facet normal 0.365744 0.300238 0.880959
outer loop
vertex 1.419642 1.419642 0.741573
vertex 1.415909 1.410630 0.746194
vertex 1.423097 1.415433 0.741573
endloop
endfacet
facet normal 0.682482 0.560119 -0.469559
outer loop
vertex 1.429397 1.429397 0.672221
vertex 1.432664 1.432664 0.680866
vertex 1.438409 1.425664 0.680866
endloop
endfacet
facet normal 0.682491 0.560051 -0.469627
outer loop
vertex 1.429397 1.429397 0.672221
vertex 1.438409 1.425664 0.680866
vertex 1.434567 1.423097 0.672221
endloop
endfacet
facet normal 0.491697 0.403612 0.771577
outer loop
vertex 1.425000 1.425000 0.735356
vertex 1.419642 1.419642 0.741573
vertex 1.423097 1.415433 0.741573
endloop
endfacet
facet normal 0.491759 0.403560 0.771565
outer loop
vertex 1.425000 1.425000 0.735356
vertex 1.423097 1.415433 0.741573
vertex 1.429397 1.419642 0.735356
endloop
endfacet
facet normal 0.598674 0.491318 -0.632610
outer loop
vertex 1.425000 1.425000 0.664645
vertex 1.429397 1.429397 0.672221
vertex 1.434567 1.423097 0.672221
endloop
endfacet
facet normal 0.598687 0.491306 -0.632608
outer loop
vertex 1.425000 1.425000 0.664645
vertex 1.434567 1.423097 0.672221
vertex 1.429397 1.419642 0.664645
endloop
endfacet
facet normal 0.598734 0.491381 0.632505
outer loop
vertex 1.429397 1.429397 0.727778
vertex 1.425000 1.425000 0.735356
vertex 1.429397 1.419642 0.735356
endloop
endfacet
facet normal 0.598742 0.491365 0.632510
outer loop
vertex 1.429397 1.429397 0.727778
vertex 1.429397 1.419642 0.735356
vertex 1.434567 1.423097 0.727778
endloop
endfacet
facet normal 0.491785 0.403595 -0.771530
outer loop
vertex 1.419642 1.419642 0.658427
vertex 1.425000 1.425000 0.664645
vertex 1.429397 1.419642 0.664645
endloop
endfacet
facet normal 0.491756 0.403673 -0.771508
outer loop
vertex 1.419642 1.419642 0.658427
vertex 1.429397 1.419642 0.664645
vertex 1.423097 1.415433 0.658427
endloop
endfacet
facet normal 0.682485 0.560059 0.469626
outer loop
vertex 1.432664 1.432664 0.719134
vertex 1.429397 1.429397 0.727778
vertex 1.434567 1.423097 0.727778
endloop
endfacet
facet normal 0.682457 0.560081 0.469640
outer loop
vertex 1.432664 1.432664 0.719134
vertex 1.434567 1.423097 0.727778
vertex 1.438409 1.425664 0.719134
endloop
endfacet
facet normal 0.365776 0.300271 -0.880934
outer loop
vertex 1.413530 1.413530 0.653806
vertex 1.419642 1.419642 0.658427
vertex 1.423097 1.415433 0.658427
endloop
endfacet
facet normal 0.365835 0.300112 -0.880964
outer loop
vertex 1.413530 1.413530 0.653806
vertex 1.423097 1.415433 0.658427
vertex 1.415909 1.410630 0.653806
endloop
endfacet
facet normal 0.778673 0.416119 -0.469588
outer loop
vertex 1.434567 1.423097 0.672221
vertex 1.438409 1.425664 0.680866
vertex 1.442677 1.417677 0.680866
endloop
endfacet
facet normal 0.778653 0.416173 -0.469575
outer loop
vertex 1.434567 1.423097 0.672221
vertex 1.442677 1.417677 0.680866
vertex 1.438409 1.415909 0.672221
endloop
endfacet
facet normal 0.561063 0.299873 0.771547
outer loop
vertex 1.429397 1.419642 0.735356
vertex 1.423097 1.415433 0.741573
vertex 1.425664 1.410630 0.741573
endloop
endfacet
facet normal 0.561037 0.299880 0.771563
outer loop
vertex 1.429397 1.419642 0.735356
vertex 1.425664 1.410630 0.741573
vertex 1.432664 1.413530 0.735356
endloop
endfacet
facet normal 0.683031 0.365059 -0.632615
outer loop
vertex 1.429397 1.419642 0.664645
vertex 1.434567 1.423097 0.672221
vertex 1.438409 1.415909 0.672221
endloop
endfacet
facet normal 0.683038 0.365102 -0.632582
outer loop
vertex 1.429397 1.419642 0.664645
vertex 1.438409 1.415909 0.672221
vertex 1.432664 1.413530 0.664645
endloop
endfacet
facet normal 0.683104 0.365095 0.632515
outer loop
vertex 1.434567 1.423097 0.727778
vertex 1.429397 1.419642 0.735356
vertex 1.432664 1.413530 0.735356
endloop
endfacet
facet normal 0.683112 0.365124 0.632490
outer loop
vertex 1.434567 1.423097 0.727778
vertex 1.432664 1.413530 0.735356
vertex 1.438409 1.415909 0.727778
endloop
endfacet
facet normal 0.561103 0.299911 -0.771503
outer loop
vertex 1.423097 1.415433 0.658427
vertex 1.429397 1.419642 0.664645
vertex 1.432664 1.413530 0.664645
endloop
endfacet
facet normal 0.561116 0.299887 -0.771503
outer loop
vertex 1.423097 1.415433 0.658427
vertex 1.432664 1.413530 0.664645
vertex 1.425664 1.410630 0.658427
endloop
endfacet
facet normal 0.778599 0.416188 0.469650
outer loop
vertex 1.438409 1.425664 0.719134
vertex 1.434567 1.423097 0.727778
vertex 1.438409 1.415909 0.727778
endloop
endfacet
facet normal 0.778685 0.416088 0.469596
outer loop
vertex 1.438409 1.425664 0.719134
vertex 1.438409 1.415909 0.727778
vertex 1.442677 1.417677 0.719134
endloop
endfacet
facet normal 0.417326 0.223032 -0.880963
outer loop
vertex 1.415909 1.410630 0.653806
vertex 1.423097 1.415433 0.658427
vertex 1.425664 1.410630 0.658427
endloop
endfacet
facet normal 0.417319 0.223050 -0.880962
outer loop
vertex 1.415909 1.410630 0.653806
vertex 1.425664 1.410630 0.658427
vertex 1.417677 1.407322 0.653806
endloop
endfacet
facet normal 0.844345 0.451210 0.288949
outer loop
vertex 1.440774 1.427245 0.709754
vertex 1.438409 1.425664 0.719134
vertex 1.442677 1.417677 0.719134
endloop
endfacet
facet normal 0.844219 0.451341 0.289112
outer loop
vertex 1.440774 1.427245 0.709754
vertex 1.442677 1.417677 0.719134
vertex 1.445307 1.418766 0.709754
endloop
endfacet
facet normal 0.257188 0.137467 -0.956534
outer loop
vertex 1.408110 1.405419 0.650960
vertex 1.415909 1.410630 0.653806
vertex 1.417677 1.407322 0.653806
endloop
endfacet
facet normal 0.257225 0.137536 -0.956514
outer loop
vertex 1.408110 1.405419 0.650960
vertex 1.417677 1.407322 0.653806
vertex 1.409012 1.403733 0.650960
endloop
endfacet
facet normal 0.877682 0.469213 0.097531
outer loop
vertex 1.441573 1.427778 0.700000
vertex 1.440774 1.427245 0.709754
vertex 1.445307 1.418766 0.709754
endloop
endfacet
facet normal 0.877687 0.469211 0.097501
outer loop
vertex 1.441573 1.427778 0.700000
vertex 1.445307 1.418766 0.709754
vertex 1.446194 1.419134 0.700000
endloop
endfacet
facet normal 0.086872 0.046469 0.995135
outer loop
vertex 1.408110 1.405419 0.749039
vertex 1.400000 1.400000 0.750000
vertex 1.409012 1.403733 0.749039
endloop
endfacet
facet normal 0.086750 0.046420 -0.995148
outer loop
vertex 1.400000 1.400000 0.650000
vertex 1.408110 1.405419 0.650960
vertex 1.409012 1.403733 0.650960
endloop
endfacet
facet normal 0.877698 0.469186 -0.097521
outer loop
vertex 1.440774 1.427245 0.690245
vertex 1.441573 1.427778 0.700000
vertex 1.446194 1.419134 0.700000
endloop
endfacet
facet normal 0.877675 0.469237 -0.097490
outer loop
vertex 1.440774 1.427245 0.690245
vertex 1.446194 1.419134 0.700000
vertex 1.445307 1.418766 0.690245
endloop
endfacet
facet normal 0.257032 0.137500 0.956571
outer loop
vertex 1.415909 1.410630 0.746194
vertex 1.408110 1.405419 0.749039
vertex 1.409012 1.403733 0.749039
endloop
endfacet
facet normal 0.257153 0.137438 0.956547
outer loop
vertex 1.415909 1.410630 0.746194
vertex 1.409012 1.403733 0.749039
vertex 1.417677 1.407322 0.746194
endloop
endfacet
facet normal 0.844250 0.451366 -0.288980
outer loop
vertex 1.438409 1.425664 0.680866
vertex 1.440774 1.427245 0.690245
vertex 1.445307 1.418766 0.690245
endloop
endfacet
facet normal 0.844305 0.451160 -0.289144
outer loop
vertex 1.438409 1.425664 0.680866
vertex 1.445307 1.418766 0.690245
vertex 1.442677 1.417677 0.680866
endloop
endfacet
facet normal 0.417324 0.223052 0.880959
outer loop
vertex 1.423097 1.415433 0.741573
vertex 1.415909 1.410630 0.746194
vertex 1.417677 1.407322 0.746194
endloop
endfacet
facet normal 0.417317 0.223027 0.880969
outer loop
vertex 1.423097 1.415433 0.741573
vertex 1.417677 1.407322 0.746194
vertex 1.425664 1.410630 0.741573
endloop
endfacet
facet normal 0.279082 0.084689 -0.956525
outer loop
vertex 1.409012 1.403733 0.650960
vertex 1.417677 1.407322 0.653806
vertex 1.418766 1.403733 0.653806
endloop
endfacet
facet normal 0.279057 0.084635 -0.956538
outer loop
vertex 1.409012 1.403733 0.650960
vertex 1.418766 1.403733 0.653806
vertex 1.409567 1.401903 0.650960
endloop
endfacet
facet normal 0.952397 0.288851 0.097499
outer loop
vertex 1.446194 1.419134 0.700000
vertex 1.445307 1.418766 0.709754
vertex 1.448097 1.409567 0.709754
endloop
endfacet
facet normal 0.952393 0.288857 0.097517
outer loop
vertex 1.446194 1.419134 0.700000
vertex 1.448097 1.409567 0.709754
vertex 1.449039 1.409754 0.700000
endloop
endfacet
facet normal 0.094249 0.028595 0.995138
outer loop
vertex 1.409012 1.403733 0.749039
vertex 1.400000 1.400000 0.750000
vertex 1.409567 1.401903 0.749039
endloop
endfacet
facet normal 0.094203 0.028572 -0.995143
outer loop
vertex 1.400000 1.400000 0.650000
vertex 1.409012 1.403733 0.650960
vertex 1.409567 1.401903 0.650960
endloop
endfacet
facet normal 0.952392 0.288865 -0.097497
outer loop
vertex 1.445307 1.418766 0.690245
vertex 1.446194 1.419134 0.700000
vertex 1.449039 1.409754 0.700000
endloop
endfacet
facet normal 0.952399 0.288842 -0.097500
outer loop
vertex 1.445307 1.418766 0.690245
vertex 1.449039 1.409754 0.700000
vertex 1.448097 1.409567 0.690245
endloop
endfacet
facet normal 0.279009 0.084601 0.956555
outer loop
vertex 1.417677 1.407322 0.746194
vertex 1.409012 1.403733 0.749039
vertex 1.409567 1.401903 0.749039
endloop
endfacet
facet normal 0.278993 0.084658 0.956554
outer loop
vertex 1.417677 1.407322 0.746194
vertex 1.409567 1.401903 0.749039
vertex 1.418766 1.403733 0.746194
endloop
endfacet
facet normal 0.916074 0.277848 -0.289151
outer loop
vertex 1.442677 1.417677 0.680866
vertex 1.445307 1.418766 0.690245
vertex 1.448097 1.409567 0.690245
endloop
endfacet
facet normal 0.916073 0.278051 -0.288959
outer loop
vertex 1.442677 1.417677 0.680866
vertex 1.448097 1.409567 0.690245
vertex 1.445307 1.409012 0.680866
endloop
endfacet
facet normal 0.452772 0.137405 0.880975
outer loop
vertex 1.425664 1.410630 0.741573
vertex 1.417677 1.407322 0.746194
vertex 1.418766 1.403733 0.746194
endloop
endfacet
facet normal 0.452816 0.137387 0.880956
outer loop
vertex 1.425664 1.410630 0.741573
vertex 1.418766 1.403733 0.746194
vertex 1.427245 1.405419 0.741573
endloop
endfacet
facet normal 0.844850 0.256460 -0.469529
outer loop
vertex 1.438409 1.415909 0.672221
vertex 1.442677 1.417677 0.680866
vertex 1.445307 1.409012 0.680866
endloop
endfacet
facet normal 0.844827 0.256182 -0.469722
outer loop
vertex 1.438409 1.415909 0.672221
vertex 1.445307 1.409012 0.680866
vertex 1.440774 1.408110 0.672221
endloop
endfacet
facet normal 0.608728 0.184722 0.771575
outer loop
vertex 1.432664 1.413530 0.735356
vertex 1.425664 1.410630 0.741573
vertex 1.427245 1.405419 0.741573
endloop
endfacet
facet normal 0.608766 0.184647 0.771563
outer loop
vertex 1.432664 1.413530 0.735356
vertex 1.427245 1.405419 0.741573
vertex 1.434676 1.406898 0.735356
endloop
endfacet
facet normal 0.741147 0.224744 -0.632607
outer loop
vertex 1.432664 1.413530 0.664645
vertex 1.438409 1.415909 0.672221
vertex 1.440774 1.408110 0.672221
endloop
endfacet
facet normal 0.741167 0.224869 -0.632539
outer loop
vertex 1.432664 1.413530 0.664645
vertex 1.440774 1.408110 0.672221
vertex 1.434676 1.406898 0.664645
endloop
endfacet
facet normal 0.741184 0.224870 0.632519
outer loop
vertex 1.438409 1.415909 0.727778
vertex 1.432664 1.413530 0.735356
vertex 1.434676 1.406898 0.735356
endloop
endfacet
facet normal 0.741270 0.224773 0.632452
outer loop
vertex 1.438409 1.415909 0.727778
vertex 1.434676 1.406898 0.735356
vertex 1.440774 1.408110 0.727778
endloop
endfacet
facet normal 0.608803 0.184708 -0.771519
outer loop
vertex 1.425664 1.410630 0.658427
vertex 1.432664 1.413530 0.664645
vertex 1.434676 1.406898 0.664645
endloop
endfacet
facet normal 0.608817 0.184689 -0.771513
outer loop
vertex 1.425664 1.410630 0.658427
vertex 1.434676 1.406898 0.664645
vertex 1.427245 1.405419 0.658427
endloop
endfacet
facet normal 0.844900 0.256227 0.469565
outer loop
vertex 1.442677 1.417677 0.719134
vertex 1.438409 1.415909 0.727778
vertex 1.440774 1.408110 0.727778
endloop
endfacet
facet normal 0.844752 0.256397 0.469738
outer loop
vertex 1.442677 1.417677 0.719134
vertex 1.440774 1.408110 0.727778
vertex 1.445307 1.409012 0.719134
endloop
endfacet
facet normal 0.452787 0.137398 -0.880969
outer loop
vertex 1.417677 1.407322 0.653806
vertex 1.425664 1.410630 0.658427
vertex 1.427245 1.405419 0.658427
endloop
endfacet
facet normal 0.452822 0.137391 -0.880952
outer loop
vertex 1.417677 1.407322 0.653806
vertex 1.427245 1.405419 0.658427
vertex 1.418766 1.403733 0.653806
endloop
endfacet
facet normal 0.916027 0.278027 0.289127
outer loop
vertex 1.445307 1.418766 0.709754
vertex 1.442677 1.417677 0.719134
vertex 1.445307 1.409012 0.719134
endloop
endfacet
facet normal 0.916139 0.277859 0.288934
outer loop
vertex 1.445307 1.418766 0.709754
vertex 1.445307 1.409012 0.719134
vertex 1.448097 1.409567 0.709754
endloop
endfacet
facet normal 0.770786 0.075918 -0.632554
outer loop
vertex 1.434676 1.406898 0.664645
vertex 1.440774 1.408110 0.672221
vertex 1.441573 1.400000 0.672221
endloop
endfacet
facet normal 0.770792 0.076017 -0.632535
outer loop
vertex 1.434676 1.406898 0.664645
vertex 1.441573 1.400000 0.672221
vertex 1.435356 1.400000 0.664645
endloop
endfacet
facet normal 0.770849 0.076030 0.632464
outer loop
vertex 1.440774 1.408110 0.727778
vertex 1.434676 1.406898 0.735356
vertex 1.435356 1.400000 0.735356
endloop
endfacet
facet normal 0.770885 0.075932 0.632432
outer loop
vertex 1.440774 1.408110 0.727778
vertex 1.435356 1.400000 0.735356
vertex 1.441573 1.400000 0.727778
endloop
endfacet
facet normal 0.633156 0.062441 -0.771501
outer loop
vertex 1.427245 1.405419 0.658427
vertex 1.434676 1.406898 0.664645
vertex 1.435356 1.400000 0.664645
endloop
endfacet
facet normal 0.633101 0.062261 -0.771561
outer loop
vertex 1.427245 1.405419 0.658427
vertex 1.435356 1.400000 0.664645
vertex 1.427778 1.400000 0.658427
endloop
endfacet
facet normal 0.878542 0.086555 0.469757
outer loop
vertex 1.445307 1.409012 0.719134
vertex 1.440774 1.408110 0.727778
vertex 1.441573 1.400000 0.727778
endloop
endfacet
facet normal 0.878597 0.086468 0.469671
outer loop
vertex 1.445307 1.409012 0.719134
vertex 1.441573 1.400000 0.727778
vertex 1.446194 1.400000 0.719134
endloop
endfacet
facet normal 0.470900 0.046305 -0.880971
outer loop
vertex 1.418766 1.403733 0.653806
vertex 1.427245 1.405419 0.658427
vertex 1.427778 1.400000 0.658427
endloop
endfacet
facet normal 0.470964 0.046429 -0.880930
outer loop
vertex 1.418766 1.403733 0.653806
vertex 1.427778 1.400000 0.658427
vertex 1.419134 1.400000 0.653806
endloop
endfacet
facet normal 0.952745 0.093758 0.288939
outer loop
vertex 1.448097 1.409567 0.709754
vertex 1.445307 1.409012 0.719134
vertex 1.446194 1.400000 0.719134
endloop
endfacet
facet normal 0.952729 0.093813 0.288975
outer loop
vertex 1.448097 1.409567 0.709754
vertex 1.446194 1.400000 0.719134
vertex 1.449039 1.400000 0.709754
endloop
endfacet
facet normal 0.290249 0.028624 -0.956523
outer loop
vertex 1.409567 1.401903 0.650960
vertex 1.418766 1.403733 0.653806
vertex 1.419134 1.400000 0.653806
endloop
endfacet
facet normal 0.290227 0.028497 -0.956534
outer loop
vertex 1.409567 1.401903 0.650960
vertex 1.419134 1.400000 0.653806
vertex 1.409754 1.400000 0.650960
endloop
endfacet
facet normal 0.990443 0.097525 0.097523
outer loop
vertex 1.449039 1.409754 0.700000
vertex 1.448097 1.409567 0.709754
vertex 1.449039 1.400000 0.709754
endloop
endfacet
facet normal 0.990435 0.097553 0.097575
outer loop
vertex 1.449039 1.409754 0.700000
vertex 1.449039 1.400000 0.709754
vertex 1.450000 1.400000 0.700000
endloop
endfacet
facet normal 0.098043 0.009623 0.995136
outer loop
vertex 1.409567 1.401903 0.749039
vertex 1.400000 1.400000 0.750000
vertex 1.409754 1.400000 0.749039
endloop
endfacet
facet normal 0.097936 0.009624 -0.995146
outer loop
vertex 1.400000 1.400000 0.650000
vertex 1.409567 1.401903 0.650960
vertex 1.409754 1.400000 0.650960
endloop
endfacet
facet normal 0.990439 0.097584 -0.097511
outer loop
vertex 1.448097 1.409567 0.690245
vertex 1.449039 1.409754 0.700000
vertex 1.450000 1.400000 0.700000
endloop
endfacet
facet normal 0.990440 0.097514 -0.097568
outer loop
vertex 1.448097 1.409567 0.690245
vertex 1.450000 1.400000 0.700000
vertex 1.449039 1.400000 0.690245
endloop
endfacet
facet normal 0.290178 0.028502 0.956548
outer loop
vertex 1.418766 1.403733 0.746194
vertex 1.409567 1.401903 0.749039
vertex 1.409754 1.400000 0.749039
endloop
endfacet
facet normal 0.290137 0.028622 0.956557
outer loop
vertex 1.418766 1.403733 0.746194
vertex 1.409754 1.400000 0.749039
vertex 1.419134 1.400000 0.746194
endloop
endfacet
facet normal 0.952735 0.093803 -0.288957
outer loop
vertex 1.445307 1.409012 0.680866
vertex 1.448097 1.409567 0.690245
vertex 1.449039 1.400000 0.690245
endloop
endfacet
facet normal 0.952722 0.093766 -0.289013
outer loop
vertex 1.445307 1.409012 0.680866
vertex 1.449039 1.400000 0.690245
vertex 1.446194 1.400000 0.680866
endloop
endfacet
facet normal 0.470867 0.046421 0.880982
outer loop
vertex 1.427245 1.405419 0.741573
vertex 1.418766 1.403733 0.746194
vertex 1.419134 1.400000 0.746194
endloop
endfacet
facet normal 0.470949 0.046310 0.880944
outer loop
vertex 1.427245 1.405419 0.741573
vertex 1.419134 1.400000 0.746194
vertex 1.427778 1.400000 0.741573
endloop
endfacet
facet normal 0.878581 0.086456 -0.469703
outer loop
vertex 1.440774 1.408110 0.672221
vertex 1.445307 1.409012 0.680866
vertex 1.446194 1.400000 0.680866
endloop
endfacet
facet normal 0.878609 0.086553 -0.469632
outer loop
vertex 1.440774 1.408110 0.672221
vertex 1.446194 1.400000 0.680866
vertex 1.441573 1.400000 0.672221
endloop
endfacet
facet normal 0.633135 0.062307 0.771530
outer loop
vertex 1.434676 1.406898 0.735356
vertex 1.427245 1.405419 0.741573
vertex 1.427778 1.400000 0.741573
endloop
endfacet
facet normal 0.633012 0.062384 0.771624
outer loop
vertex 1.434676 1.406898 0.735356
vertex 1.427778 1.400000 0.741573
vertex 1.435356 1.400000 0.735356
endloop
endfacet
facet normal 0.098053 -0.009624 0.995135
outer loop
vertex 1.409754 1.400000 0.749039
vertex 1.400000 1.400000 0.750000
vertex 1.409567 1.398097 0.749039
endloop
endfacet
facet normal 0.097938 -0.009624 -0.995146
outer loop
vertex 1.400000 1.400000 0.650000
vertex 1.409754 1.400000 0.650960
vertex 1.409567 1.398097 0.650960
endloop
endfacet
facet normal 0.990437 -0.097553 -0.097563
outer loop
vertex 1.449039 1.400000 0.690245
vertex 1.450000 1.400000 0.700000
vertex 1.449039 1.390245 0.700000
endloop
endfacet
facet normal 0.990442 -0.097534 -0.097524
outer loop
vertex 1.449039 1.400000 0.690245
vertex 1.449039 1.390245 0.700000
vertex 1.448097 1.390433 0.690245
endloop
endfacet
facet normal 0.290118 -0.028496 0.956567
outer loop
vertex 1.419134 1.400000 0.746194
vertex 1.409754 1.400000 0.749039
vertex 1.409567 1.398097 0.749039
endloop
endfacet
facet normal 0.290165 -0.028625 0.956548
outer loop
vertex 1.419134 1.400000 0.746194
vertex 1.409567 1.398097 0.749039
vertex 1.418766 1.396267 0.746194
endloop
endfacet
facet normal 0.952725 -0.093802 -0.288993
outer loop
vertex 1.446194 1.400000 0.680866
vertex 1.449039 1.400000 0.690245
vertex 1.448097 1.390433 0.690245
endloop
endfacet
facet normal 0.952736 -0.093767 -0.288966
outer loop
vertex 1.446194 1.400000 0.680866
vertex 1.448097 1.390433 0.690245
vertex 1.445307 1.390988 0.680866
endloop
endfacet
facet normal 0.470946 -0.046427 0.880940
outer loop
vertex 1.427778 1.400000 0.741573
vertex 1.419134 1.400000 0.746194
vertex 1.418766 1.396267 0.746194
endloop
endfacet
facet normal 0.470898 -0.046306 0.880971
outer loop
vertex 1.427778 1.400000 0.741573
vertex 1.418766 1.396267 0.746194
vertex 1.427245 1.394581 0.741573
endloop
endfacet
facet normal 0.878620 -0.086460 -0.469629
outer loop
vertex 1.441573 1.400000 0.672221
vertex 1.446194 1.400000 0.680866
vertex 1.445307 1.390988 0.680866
endloop
endfacet
facet normal 0.878565 -0.086549 -0.469716
outer loop
vertex 1.441573 1.400000 0.672221
vertex 1.445307 1.390988 0.680866
vertex 1.440774 1.391890 0.672221
endloop
endfacet
facet normal 0.633029 -0.062227 0.771623
outer loop
vertex 1.435356 1.400000 0.735356
vertex 1.427778 1.400000 0.741573
vertex 1.427245 1.394581 0.741573
endloop
endfacet
facet normal 0.633104 -0.062457 0.771543
outer loop
vertex 1.435356 1.400000 0.735356
vertex 1.427245 1.394581 0.741573
vertex 1.434676 1.393103 0.735356
endloop
endfacet
facet normal 0.770800 -0.075921 -0.632537
outer loop
vertex 1.435356 1.400000 0.664645
vertex 1.441573 1.400000 0.672221
vertex 1.440774 1.391890 0.672221
endloop
endfacet
facet normal 0.770772 -0.076027 -0.632558
outer loop
vertex 1.435356 1.400000 0.664645
vertex 1.440774 1.391890 0.672221
vertex 1.434676 1.393103 0.664645
endloop
endfacet
facet normal 0.770877 -0.076019 0.632432
outer loop
vertex 1.441573 1.400000 0.727778
vertex 1.435356 1.400000 0.735356
vertex 1.434676 1.393103 0.735356
endloop
endfacet
facet normal 0.770850 -0.075952 0.632472
outer loop
vertex 1.441573 1.400000 0.727778
vertex 1.434676 1.393103 0.735356
vertex 1.440774 1.391890 0.727778
endloop
endfacet
facet normal 0.633091 -0.062417 -0.771556
outer loop
vertex 1.427778 1.400000 0.658427
vertex 1.435356 1.400000 0.664645
vertex 1.434676 1.393103 0.664645
endloop
endfacet
facet normal 0.633168 -0.062303 -0.771503
outer loop
vertex 1.427778 1.400000 0.658427
vertex 1.434676 1.393103 0.664645
vertex 1.427245 1.394581 0.658427
endloop
endfacet
facet normal 0.878589 -0.086560 0.469668
outer loop
vertex 1.446194 1.400000 0.719134
vertex 1.441573 1.400000 0.727778
vertex 1.440774 1.391890 0.727778
endloop
endfacet
facet normal 0.878558 -0.086464 0.469744
outer loop
vertex 1.446194 1.400000 0.719134
vertex 1.440774 1.391890 0.727778
vertex 1.445307 1.390988 0.719134
endloop
endfacet
facet normal 0.470942 -0.046310 -0.880948
outer loop
vertex 1.419134 1.400000 0.653806
vertex 1.427778 1.400000 0.658427
vertex 1.427245 1.394581 0.658427
endloop
endfacet
facet normal 0.470890 -0.046420 -0.880970
outer loop
vertex 1.419134 1.400000 0.653806
vertex 1.427245 1.394581 0.658427
vertex 1.418766 1.396267 0.653806
endloop
endfacet
facet normal 0.952734 -0.093777 0.288969
outer loop
vertex 1.449039 1.400000 0.709754
vertex 1.446194 1.400000 0.719134
vertex 1.445307 1.390988 0.719134
endloop
endfacet
facet normal 0.952741 -0.093795 0.288940
outer loop
vertex 1.449039 1.400000 0.709754
vertex 1.445307 1.390988 0.719134
vertex 1.448097 1.390433 0.709754
endloop
endfacet
facet normal 0.290217 -0.028621 -0.956533
outer loop
vertex 1.409754 1.400000 0.650960
vertex 1.419134 1.400000 0.653806
vertex 1.418766 1.396267 0.653806
endloop
endfacet
facet normal 0.290254 -0.028500 -0.956525
outer loop
vertex 1.409754 1.400000 0.650960
vertex 1.418766 1.396267 0.653806
vertex 1.409567 1.398097 0.650960
endloop
endfacet
facet normal 0.990442 -0.097484 0.097578
outer loop
vertex 1.450000 1.400000 0.700000
vertex 1.449039 1.400000 0.709754
vertex 1.448097 1.390433 0.709754
endloop
endfacet
facet normal 0.990437 -0.097582 0.097529
outer loop
vertex 1.450000 1.400000 0.700000
vertex 1.448097 1.390433 0.709754
vertex 1.449039 1.390245 0.700000
endloop
endfacet
facet normal 0.741228 -0.224823 0.632484
outer loop
vertex 1.440774 1.391890 0.727778
vertex 1.434676 1.393103 0.735356
vertex 1.432664 1.386470 0.735356
endloop
endfacet
facet normal 0.741224 -0.224781 0.632504
outer loop
vertex 1.440774 1.391890 0.727778
vertex 1.432664 1.386470 0.735356
vertex 1.438409 1.384091 0.727778
endloop
endfacet
facet normal 0.608853 -0.184662 -0.771491
outer loop
vertex 1.427245 1.394581 0.658427
vertex 1.434676 1.393103 0.664645
vertex 1.432664 1.386470 0.664645
endloop
endfacet
facet normal 0.608802 -0.184685 -0.771525
outer loop
vertex 1.427245 1.394581 0.658427
vertex 1.432664 1.386470 0.664645
vertex 1.425664 1.389369 0.658427
endloop
endfacet
facet normal 0.844807 -0.256179 0.469759
outer loop
vertex 1.445307 1.390988 0.719134
vertex 1.440774 1.391890 0.727778
vertex 1.438409 1.384091 0.727778
endloop
endfacet
facet normal 0.844822 -0.256405 0.469610
outer loop
vertex 1.445307 1.390988 0.719134
vertex 1.438409 1.384091 0.727778
vertex 1.442677 1.382322 0.719134
endloop
endfacet
facet normal 0.452812 -0.137364 -0.880961
outer loop
vertex 1.418766 1.396267 0.653806
vertex 1.427245 1.394581 0.658427
vertex 1.425664 1.389369 0.658427
endloop
endfacet
facet normal 0.452799 -0.137371 -0.880966
outer loop
vertex 1.418766 1.396267 0.653806
vertex 1.425664 1.389369 0.658427
vertex 1.417677 1.392677 0.653806
endloop
endfacet
facet normal 0.916089 -0.278032 0.288927
outer loop
vertex 1.448097 1.390433 0.709754
vertex 1.445307 1.390988 0.719134
vertex 1.442677 1.382322 0.719134
endloop
endfacet
facet normal 0.916102 -0.277827 0.289084
outer loop
vertex 1.448097 1.390433 0.709754
vertex 1.442677 1.382322 0.719134
vertex 1.445307 1.381234 0.709754
endloop
endfacet
facet normal 0.279091 -0.084661 -0.956525
outer loop
vertex 1.409567 1.398097 0.650960
vertex 1.418766 1.396267 0.653806
vertex 1.417677 1.392677 0.653806
endloop
endfacet
facet normal 0.279034 -0.084636 -0.956544
outer loop
vertex 1.409567 1.398097 0.650960
vertex 1.417677 1.392677 0.653806
vertex 1.409012 1.396267 0.650960
endloop
endfacet
facet normal 0.952393 -0.288850 0.097539
outer loop
vertex 1.449039 1.390245 0.700000
vertex 1.448097 1.390433 0.709754
vertex 1.445307 1.381234 0.709754
endloop
endfacet
facet normal 0.952385 -0.288887 0.097500
outer loop
vertex 1.449039 1.390245 0.700000
vertex 1.445307 1.381234 0.709754
vertex 1.446194 1.380866 0.700000
endloop
endfacet
facet normal 0.094237 -0.028596 0.995139
outer loop
vertex 1.409567 1.398097 0.749039
vertex 1.400000 1.400000 0.750000
vertex 1.409012 1.396267 0.749039
endloop
endfacet
facet normal 0.094197 -0.028570 -0.995144
outer loop
vertex 1.400000 1.400000 0.650000
vertex 1.409567 1.398097 0.650960
vertex 1.409012 1.396267 0.650960
endloop
endfacet
facet normal 0.952380 -0.288897 -0.097527
outer loop
vertex 1.448097 1.390433 0.690245
vertex 1.449039 1.390245 0.700000
vertex 1.446194 1.380866 0.700000
endloop
endfacet
facet normal 0.952400 -0.288841 -0.097492
outer loop
vertex 1.448097 1.390433 0.690245
vertex 1.446194 1.380866 0.700000
vertex 1.445307 1.381234 0.690245
endloop
endfacet
facet normal 0.278984 -0.084590 0.956563
outer loop
vertex 1.418766 1.396267 0.746194
vertex 1.409567 1.398097 0.749039
vertex 1.409012 1.396267 0.749039
endloop
endfacet
facet normal 0.279003 -0.084640 0.956553
outer loop
vertex 1.418766 1.396267 0.746194
vertex 1.409012 1.396267 0.749039
vertex 1.417677 1.392677 0.746194
endloop
endfacet
facet normal 0.916129 -0.277865 -0.288960
outer loop
vertex 1.445307 1.390988 0.680866
vertex 1.448097 1.390433 0.690245
vertex 1.445307 1.381234 0.690245
endloop
endfacet
facet normal 0.916036 -0.278008 -0.289118
outer loop
vertex 1.445307 1.390988 0.680866
vertex 1.445307 1.381234 0.690245
vertex 1.442677 1.382322 0.680866
endloop
endfacet
facet normal 0.452839 -0.137354 0.880949
outer loop
vertex 1.427245 1.394581 0.741573
vertex 1.418766 1.396267 0.746194
vertex 1.417677 1.392677 0.746194
endloop
endfacet
facet normal 0.452800 -0.137378 0.880965
outer loop
vertex 1.427245 1.394581 0.741573
vertex 1.417677 1.392677 0.746194
vertex 1.425664 1.389369 0.741573
endloop
endfacet
facet normal 0.844774 -0.256384 -0.469707
outer loop
vertex 1.440774 1.391890 0.672221
vertex 1.445307 1.390988 0.680866
vertex 1.442677 1.382322 0.680866
endloop
endfacet
facet normal 0.844900 -0.256228 -0.469565
outer loop
vertex 1.440774 1.391890 0.672221
vertex 1.442677 1.382322 0.680866
vertex 1.438409 1.384091 0.672221
endloop
endfacet
facet normal 0.608795 -0.184638 0.771542
outer loop
vertex 1.434676 1.393103 0.735356
vertex 1.427245 1.394581 0.741573
vertex 1.425664 1.389369 0.741573
endloop
endfacet
facet normal 0.608760 -0.184669 0.771562
outer loop
vertex 1.434676 1.393103 0.735356
vertex 1.425664 1.389369 0.741573
vertex 1.432664 1.386470 0.735356
endloop
endfacet
facet normal 0.741169 -0.224754 -0.632577
outer loop
vertex 1.434676 1.393103 0.664645
vertex 1.440774 1.391890 0.672221
vertex 1.438409 1.384091 0.672221
endloop
endfacet
facet normal 0.741115 -0.224818 -0.632617
outer loop
vertex 1.434676 1.393103 0.664645
vertex 1.438409 1.384091 0.672221
vertex 1.432664 1.386470 0.664645
endloop
endfacet
facet normal 0.877706 -0.469177 -0.097492
outer loop
vertex 1.445307 1.381234 0.690245
vertex 1.446194 1.380866 0.700000
vertex 1.441573 1.372221 0.700000
endloop
endfacet
facet normal 0.877684 -0.469202 -0.097575
outer loop
vertex 1.445307 1.381234 0.690245
vertex 1.441573 1.372221 0.700000
vertex 1.440774 1.372755 0.690245
endloop
endfacet
facet normal 0.257097 -0.137534 0.956549
outer loop
vertex 1.417677 1.392677 0.746194
vertex 1.409012 1.396267 0.749039
vertex 1.408110 1.394581 0.749039
endloop
endfacet
facet normal 0.257116 -0.137418 0.956560
outer loop
vertex 1.417677 1.392677 0.746194
vertex 1.408110 1.394581 0.749039
vertex 1.415909 1.389369 0.746194
endloop
endfacet
facet normal 0.844229 -0.451330 -0.289098
outer loop
vertex 1.442677 1.382322 0.680866
vertex 1.445307 1.381234 0.690245
vertex 1.440774 1.372755 0.690245
endloop
endfacet
facet normal 0.844312 -0.451246 -0.288987
outer loop
vertex 1.442677 1.382322 0.680866
vertex 1.440774 1.372755 0.690245
vertex 1.438409 1.374336 0.680866
endloop
endfacet
facet normal 0.417307 -0.223057 0.880965
outer loop
vertex 1.425664 1.389369 0.741573
vertex 1.417677 1.392677 0.746194
vertex 1.415909 1.389369 0.746194
endloop
endfacet
facet normal 0.417316 -0.223068 0.880958
outer loop
vertex 1.425664 1.389369 0.741573
vertex 1.415909 1.389369 0.746194
vertex 1.423097 1.384567 0.741573
endloop
endfacet
facet normal 0.778673 -0.416132 -0.469577
outer loop
vertex 1.438409 1.384091 0.672221
vertex 1.442677 1.382322 0.680866
vertex 1.438409 1.374336 0.680866
endloop
endfacet
facet normal 0.778617 -0.416199 -0.469610
outer loop
vertex 1.438409 1.384091 0.672221
vertex 1.438409 1.374336 0.680866
vertex 1.434567 1.376903 0.672221
endloop
endfacet
facet normal 0.561082 -0.299899 0.771523
outer loop
vertex 1.432664 1.386470 0.735356
vertex 1.425664 1.389369 0.741573
vertex 1.423097 1.384567 0.741573
endloop
endfacet
facet normal 0.561022 -0.299852 0.771585
outer loop
vertex 1.432664 1.386470 0.735356
vertex 1.423097 1.384567 0.741573
vertex 1.429397 1.380357 0.735356
endloop
endfacet
facet normal 0.683040 -0.365087 -0.632588
outer loop
vertex 1.432664 1.386470 0.664645
vertex 1.438409 1.384091 0.672221
vertex 1.434567 1.376903 0.672221
endloop
endfacet
facet normal 0.683066 -0.365033 -0.632591
outer loop
vertex 1.432664 1.386470 0.664645
vertex 1.434567 1.376903 0.672221
vertex 1.429397 1.380357 0.664645
endloop
endfacet
facet normal 0.683132 -0.365079 0.632494
outer loop
vertex 1.438409 1.384091 0.727778
vertex 1.432664 1.386470 0.735356
vertex 1.429397 1.380357 0.735356
endloop
endfacet
facet normal 0.683121 -0.365107 0.632490
outer loop
vertex 1.438409 1.384091 0.727778
vertex 1.429397 1.380357 0.735356
vertex 1.434567 1.376903 0.727778
endloop
endfacet
facet normal 0.561142 -0.299888 -0.771484
outer loop
vertex 1.425664 1.389369 0.658427
vertex 1.432664 1.386470 0.664645
vertex 1.429397 1.380357 0.664645
endloop
endfacet
facet normal 0.561071 -0.299922 -0.771522
outer loop
vertex 1.425664 1.389369 0.658427
vertex 1.429397 1.380357 0.664645
vertex 1.423097 1.384567 0.658427
endloop
endfacet
facet normal 0.778627 -0.416162 0.469627
outer loop
vertex 1.442677 1.382322 0.719134
vertex 1.438409 1.384091 0.727778
vertex 1.434567 1.376903 0.727778
endloop
endfacet
facet normal 0.778623 -0.416152 0.469642
outer loop
vertex 1.442677 1.382322 0.719134
vertex 1.434567 1.376903 0.727778
vertex 1.438409 1.374336 0.719134
endloop
endfacet
facet normal 0.417309 -0.223069 -0.880962
outer loop
vertex 1.417677 1.392677 0.653806
vertex 1.425664 1.389369 0.658427
vertex 1.423097 1.384567 0.658427
endloop
endfacet
facet normal 0.417338 -0.223060 -0.880950
outer loop
vertex 1.417677 1.392677 0.653806
vertex 1.423097 1.384567 0.658427
vertex 1.415909 1.389369 0.653806
endloop
endfacet
facet normal 0.844289 -0.451221 0.289096
outer loop
vertex 1.445307 1.381234 0.709754
vertex 1.442677 1.382322 0.719134
vertex 1.438409 1.374336 0.719134
endloop
endfacet
facet normal 0.844256 -0.451383 0.288938
outer loop
vertex 1.445307 1.381234 0.709754
vertex 1.438409 1.374336 0.719134
vertex 1.440774 1.372755 0.709754
endloop
endfacet
facet normal 0.257217 -0.137457 -0.956527
outer loop
vertex 1.409012 1.396267 0.650960
vertex 1.417677 1.392677 0.653806
vertex 1.415909 1.389369 0.653806
endloop
endfacet
facet normal 0.257102 -0.137534 -0.956547
outer loop
vertex 1.409012 1.396267 0.650960
vertex 1.415909 1.389369 0.653806
vertex 1.408110 1.394581 0.650960
endloop
endfacet
facet normal 0.877676 -0.469230 0.097511
outer loop
vertex 1.446194 1.380866 0.700000
vertex 1.445307 1.381234 0.709754
vertex 1.440774 1.372755 0.709754
endloop
endfacet
facet normal 0.877709 -0.469154 0.097576
outer loop
vertex 1.446194 1.380866 0.700000
vertex 1.440774 1.372755 0.709754
vertex 1.441573 1.372221 0.700000
endloop
endfacet
facet normal 0.086889 -0.046478 0.995133
outer loop
vertex 1.409012 1.396267 0.749039
vertex 1.400000 1.400000 0.750000
vertex 1.408110 1.394581 0.749039
endloop
endfacet
facet normal 0.086761 -0.046427 -0.995147
outer loop
vertex 1.400000 1.400000 0.650000
vertex 1.409012 1.396267 0.650960
vertex 1.408110 1.394581 0.650960
endloop
endfacet
facet normal 0.491759 -0.403647 -0.771519
outer loop
vertex 1.423097 1.384567 0.658427
vertex 1.429397 1.380357 0.664645
vertex 1.425000 1.375000 0.664645
endloop
endfacet
facet normal 0.491802 -0.403611 -0.771511
outer loop
vertex 1.423097 1.384567 0.658427
vertex 1.425000 1.375000 0.664645
vertex 1.419642 1.380357 0.658427
endloop
endfacet
facet normal 0.682470 -0.560047 0.469662
outer loop
vertex 1.438409 1.374336 0.719134
vertex 1.434567 1.376903 0.727778
vertex 1.429397 1.370603 0.727778
endloop
endfacet
facet normal 0.682472 -0.560091 0.469607
outer loop
vertex 1.438409 1.374336 0.719134
vertex 1.429397 1.370603 0.727778
vertex 1.432664 1.367336 0.719134
endloop
endfacet
facet normal 0.365790 -0.300211 -0.880949
outer loop
vertex 1.415909 1.389369 0.653806
vertex 1.423097 1.384567 0.658427
vertex 1.419642 1.380357 0.658427
endloop
endfacet
facet normal 0.365845 -0.300204 -0.880928
outer loop
vertex 1.415909 1.389369 0.653806
vertex 1.419642 1.380357 0.658427
vertex 1.413530 1.386470 0.653806
endloop
endfacet
facet normal 0.740015 -0.607350 0.288969
outer loop
vertex 1.440774 1.372755 0.709754
vertex 1.438409 1.374336 0.719134
vertex 1.432664 1.367336 0.719134
endloop
endfacet
facet normal 0.740054 -0.607296 0.288984
outer loop
vertex 1.440774 1.372755 0.709754
vertex 1.432664 1.367336 0.719134
vertex 1.434676 1.365324 0.709754
endloop
endfacet
facet normal 0.225442 -0.185000 -0.956531
outer loop
vertex 1.408110 1.394581 0.650960
vertex 1.415909 1.389369 0.653806
vertex 1.413530 1.386470 0.653806
endloop
endfacet
facet normal 0.225500 -0.184954 -0.956526
outer loop
vertex 1.408110 1.394581 0.650960
vertex 1.413530 1.386470 0.653806
vertex 1.406898 1.393103 0.650960
endloop
endfacet
facet normal 0.769330 -0.631351 0.097607
outer loop
vertex 1.441573 1.372221 0.700000
vertex 1.440774 1.372755 0.709754
vertex 1.434676 1.365324 0.709754
endloop
endfacet
facet normal 0.769346 -0.631334 0.097595
outer loop
vertex 1.441573 1.372221 0.700000
vertex 1.434676 1.365324 0.709754
vertex 1.435356 1.364645 0.700000
endloop
endfacet
facet normal 0.076169 -0.062458 0.995137
outer loop
vertex 1.408110 1.394581 0.749039
vertex 1.400000 1.400000 0.750000
vertex 1.406898 1.393103 0.749039
endloop
endfacet
facet normal 0.076111 -0.062399 -0.995145
outer loop
vertex 1.400000 1.400000 0.650000
vertex 1.408110 1.394581 0.650960
vertex 1.406898 1.393103 0.650960
endloop
endfacet
facet normal 0.769346 -0.631334 -0.097592
outer loop
vertex 1.440774 1.372755 0.690245
vertex 1.441573 1.372221 0.700000
vertex 1.435356 1.364645 0.700000
endloop
endfacet
facet normal 0.769324 -0.631361 -0.097590
outer loop
vertex 1.440774 1.372755 0.690245
vertex 1.435356 1.364645 0.700000
vertex 1.434676 1.365324 0.690245
endloop
endfacet
facet normal 0.225420 -0.184900 0.956555
outer loop
vertex 1.415909 1.389369 0.746194
vertex 1.408110 1.394581 0.749039
vertex 1.406898 1.393103 0.749039
endloop
endfacet
facet normal 0.225396 -0.184933 0.956554
outer loop
vertex 1.415909 1.389369 0.746194
vertex 1.406898 1.393103 0.749039
vertex 1.413530 1.386470 0.746194
endloop
endfacet
facet normal 0.740070 -0.607285 -0.288967
outer loop
vertex 1.438409 1.374336 0.680866
vertex 1.440774 1.372755 0.690245
vertex 1.434676 1.365324 0.690245
endloop
endfacet
facet normal 0.739985 -0.607352 -0.289043
outer loop
vertex 1.438409 1.374336 0.680866
vertex 1.434676 1.365324 0.690245
vertex 1.432664 1.367336 0.680866
endloop
endfacet
facet normal 0.365807 -0.300194 0.880948
outer loop
vertex 1.423097 1.384567 0.741573
vertex 1.415909 1.389369 0.746194
vertex 1.413530 1.386470 0.746194
endloop
endfacet
facet normal 0.365801 -0.300220 0.880941
outer loop
vertex 1.423097 1.384567 0.741573
vertex 1.413530 1.386470 0.746194
vertex 1.419642 1.380357 0.741573
endloop
endfacet
facet normal 0.682476 -0.560093 -0.469598
outer loop
vertex 1.434567 1.376903 0.672221
vertex 1.438409 1.374336 0.680866
vertex 1.432664 1.367336 0.680866
endloop
endfacet
facet normal 0.682498 -0.560078 -0.469583
outer loop
vertex 1.434567 1.376903 0.672221
vertex 1.432664 1.367336 0.680866
vertex 1.429397 1.370603 0.672221
endloop
endfacet
facet normal 0.491737 -0.403524 0.771598
outer loop
vertex 1.429397 1.380357 0.735356
vertex 1.423097 1.384567 0.741573
vertex 1.419642 1.380357 0.741573
endloop
endfacet
facet normal 0.491728 -0.403629 0.771549
outer loop
vertex 1.429397 1.380357 0.735356
vertex 1.419642 1.380357 0.741573
vertex 1.425000 1.375000 0.735356
endloop
endfacet
facet normal 0.598705 -0.491329 -0.632573
outer loop
vertex 1.429397 1.380357 0.664645
vertex 1.434567 1.376903 0.672221
vertex 1.429397 1.370603 0.672221
endloop
endfacet
facet normal 0.598629 -0.491376 -0.632608
outer loop
vertex 1.429397 1.380357 0.664645
vertex 1.429397 1.370603 0.672221
vertex 1.425000 1.375000 0.664645
endloop
endfacet
facet normal 0.598723 -0.491472 0.632445
outer loop
vertex 1.434567 1.376903 0.727778
vertex 1.429397 1.380357 0.735356
vertex 1.425000 1.375000 0.735356
endloop
endfacet
facet normal 0.598737 -0.491356 0.632521
outer loop
vertex 1.434567 1.376903 0.727778
vertex 1.425000 1.375000 0.735356
vertex 1.429397 1.370603 0.727778
endloop
endfacet
facet normal 0.184881 -0.225419 0.956559
outer loop
vertex 1.413530 1.386470 0.746194
vertex 1.406898 1.393103 0.749039
vertex 1.405419 1.391890 0.749039
endloop
endfacet
facet normal 0.184921 -0.225376 0.956562
outer loop
vertex 1.413530 1.386470 0.746194
vertex 1.405419 1.391890 0.749039
vertex 1.410630 1.384091 0.746194
endloop
endfacet
facet normal 0.607313 -0.740026 -0.289021
outer loop
vertex 1.432664 1.367336 0.680866
vertex 1.434676 1.365324 0.690245
vertex 1.427245 1.359226 0.690245
endloop
endfacet
facet normal 0.607338 -0.740018 -0.288988
outer loop
vertex 1.432664 1.367336 0.680866
vertex 1.427245 1.359226 0.690245
vertex 1.425664 1.361591 0.680866
endloop
endfacet
facet normal 0.300123 -0.365830 0.880962
outer loop
vertex 1.419642 1.380357 0.741573
vertex 1.413530 1.386470 0.746194
vertex 1.410630 1.384091 0.746194
endloop
endfacet
facet normal 0.300171 -0.365778 0.880967
outer loop
vertex 1.419642 1.380357 0.741573
vertex 1.410630 1.384091 0.746194
vertex 1.415433 1.376903 0.741573
endloop
endfacet
facet normal 0.560124 -0.682469 -0.469572
outer loop
vertex 1.429397 1.370603 0.672221
vertex 1.432664 1.367336 0.680866
vertex 1.425664 1.361591 0.680866
endloop
endfacet
facet normal 0.560078 -0.682487 -0.469600
outer loop
vertex 1.429397 1.370603 0.672221
vertex 1.425664 1.361591 0.680866
vertex 1.423097 1.365433 0.672221
endloop
endfacet
facet normal 0.403581 -0.491806 0.771524
outer loop
vertex 1.425000 1.375000 0.735356
vertex 1.419642 1.380357 0.741573
vertex 1.415433 1.376903 0.741573
endloop
endfacet
facet normal 0.403563 -0.491749 0.771570
outer loop
vertex 1.425000 1.375000 0.735356
vertex 1.415433 1.376903 0.741573
vertex 1.419642 1.370603 0.735356
endloop
endfacet
facet normal 0.491301 -0.598675 -0.632623
outer loop
vertex 1.425000 1.375000 0.664645
vertex 1.429397 1.370603 0.672221
vertex 1.423097 1.365433 0.672221
endloop
endfacet
facet normal 0.491304 -0.598663 -0.632632
outer loop
vertex 1.425000 1.375000 0.664645
vertex 1.423097 1.365433 0.672221
vertex 1.419642 1.370603 0.664645
endloop
endfacet
facet normal 0.491362 -0.598713 0.632539
outer loop
vertex 1.429397 1.370603 0.727778
vertex 1.425000 1.375000 0.735356
vertex 1.419642 1.370603 0.735356
endloop
endfacet
facet normal 0.491347 -0.598738 0.632528
outer loop
vertex 1.429397 1.370603 0.727778
vertex 1.419642 1.370603 0.735356
vertex 1.423097 1.365433 0.727778
endloop
endfacet
facet normal 0.403617 -0.491814 -0.771501
outer loop
vertex 1.419642 1.380357 0.658427
vertex 1.425000 1.375000 0.664645
vertex 1.419642 1.370603 0.664645
endloop
endfacet
facet normal 0.403616 -0.491823 -0.771495
outer loop
vertex 1.419642 1.380357 0.658427
vertex 1.419642 1.370603 0.664645
vertex 1.415433 1.376903 0.658427
endloop
endfacet
facet normal 0.560065 -0.682496 0.469603
outer loop
vertex 1.432664 1.367336 0.719134
vertex 1.429397 1.370603 0.727778
vertex 1.423097 1.365433 0.727778
endloop
endfacet
facet normal 0.560101 -0.682440 0.469641
outer loop
vertex 1.432664 1.367336 0.719134
vertex 1.423097 1.365433 0.727778
vertex 1.425664 1.361591 0.719134
endloop
endfacet
facet normal 0.300171 -0.365782 -0.880966
outer loop
vertex 1.413530 1.386470 0.653806
vertex 1.419642 1.380357 0.658427
vertex 1.415433 1.376903 0.658427
endloop
endfacet
facet normal 0.300106 -0.365827 -0.880969
outer loop
vertex 1.413530 1.386470 0.653806
vertex 1.415433 1.376903 0.658427
vertex 1.410630 1.384091 0.653806
endloop
endfacet
facet normal 0.607334 -0.740007 0.289025
outer loop
vertex 1.434676 1.365324 0.709754
vertex 1.432664 1.367336 0.719134
vertex 1.425664 1.361591 0.719134
endloop
endfacet
facet normal 0.607322 -0.740046 0.288948
outer loop
vertex 1.434676 1.365324 0.709754
vertex 1.425664 1.361591 0.719134
vertex 1.427245 1.359226 0.709754
endloop
endfacet
facet normal 0.184971 -0.225451 -0.956534
outer loop
vertex 1.406898 1.393103 0.650960
vertex 1.413530 1.386470 0.653806
vertex 1.410630 1.384091 0.653806
endloop
endfacet
facet normal 0.184940 -0.225500 -0.956529
outer loop
vertex 1.406898 1.393103 0.650960
vertex 1.410630 1.384091 0.653806
vertex 1.405419 1.391890 0.650960
endloop
endfacet
facet normal 0.631342 -0.769342 0.097569
outer loop
vertex 1.435356 1.364645 0.700000
vertex 1.434676 1.365324 0.709754
vertex 1.427245 1.359226 0.709754
endloop
endfacet
facet normal 0.631301 -0.769382 0.097519
outer loop
vertex 1.435356 1.364645 0.700000
vertex 1.427245 1.359226 0.709754
vertex 1.427778 1.358427 0.700000
endloop
endfacet
facet normal 0.062439 -0.076178 0.995137
outer loop
vertex 1.406898 1.393103 0.749039
vertex 1.400000 1.400000 0.750000
vertex 1.405419 1.391890 0.749039
endloop
endfacet
facet normal 0.062409 -0.076103 -0.995145
outer loop
vertex 1.400000 1.400000 0.650000
vertex 1.406898 1.393103 0.650960
vertex 1.405419 1.391890 0.650960
endloop
endfacet
facet normal 0.631306 -0.769374 -0.097551
outer loop
vertex 1.434676 1.365324 0.690245
vertex 1.435356 1.364645 0.700000
vertex 1.427778 1.358427 0.700000
endloop
endfacet
facet normal 0.631339 -0.769352 -0.097517
outer loop
vertex 1.434676 1.365324 0.690245
vertex 1.427778 1.358427 0.700000
vertex 1.427245 1.359226 0.690245
endloop
endfacet
facet normal 0.416154 -0.778613 0.469656
outer loop
vertex 1.425664 1.361591 0.719134
vertex 1.423097 1.365433 0.727778
vertex 1.415909 1.361591 0.727778
endloop
endfacet
facet normal 0.416107 -0.778686 0.469578
outer loop
vertex 1.425664 1.361591 0.719134
vertex 1.415909 1.361591 0.727778
vertex 1.417677 1.357323 0.719134
endloop
endfacet
facet normal 0.223035 -0.417316 -0.880967
outer loop
vertex 1.410630 1.384091 0.653806
vertex 1.415433 1.376903 0.658427
vertex 1.410630 1.374336 0.658427
endloop
endfacet
facet normal 0.223171 -0.417307 -0.880937
outer loop
vertex 1.410630 1.384091 0.653806
vertex 1.410630 1.374336 0.658427
vertex 1.407322 1.382322 0.653806
endloop
endfacet
facet normal 0.451192 -0.844351 0.288959
outer loop
vertex 1.427245 1.359226 0.709754
vertex 1.425664 1.361591 0.719134
vertex 1.417677 1.357323 0.719134
endloop
endfacet
facet normal 0.451338 -0.844222 0.289108
outer loop
vertex 1.427245 1.359226 0.709754
vertex 1.417677 1.357323 0.719134
vertex 1.418766 1.354693 0.709754
endloop
endfacet
facet normal 0.137530 -0.257176 -0.956528
outer loop
vertex 1.405419 1.391890 0.650960
vertex 1.410630 1.384091 0.653806
vertex 1.407322 1.382322 0.653806
endloop
endfacet
facet normal 0.137560 -0.257151 -0.956531
outer loop
vertex 1.405419 1.391890 0.650960
vertex 1.407322 1.382322 0.653806
vertex 1.403733 1.390988 0.650960
endloop
endfacet
facet normal 0.469225 -0.877676 0.097531
outer loop
vertex 1.427778 1.358427 0.700000
vertex 1.427245 1.359226 0.709754
vertex 1.418766 1.354693 0.709754
endloop
endfacet
facet normal 0.469213 -0.877686 0.097500
outer loop
vertex 1.427778 1.358427 0.700000
vertex 1.418766 1.354693 0.709754
vertex 1.419134 1.353806 0.700000
endloop
endfacet
facet normal 0.046436 -0.086869 0.995137
outer loop
vertex 1.405419 1.391890 0.749039
vertex 1.400000 1.400000 0.750000
vertex 1.403733 1.390988 0.749039
endloop
endfacet
facet normal 0.046431 -0.086782 -0.995145
outer loop
vertex 1.400000 1.400000 0.650000
vertex 1.405419 1.391890 0.650960
vertex 1.403733 1.390988 0.650960
endloop
endfacet
facet normal 0.469206 -0.877687 -0.097523
outer loop
vertex 1.427245 1.359226 0.690245
vertex 1.427778 1.358427 0.700000
vertex 1.419134 1.353806 0.700000
endloop
endfacet
facet normal 0.469227 -0.877680 -0.097485
outer loop
vertex 1.427245 1.359226 0.690245
vertex 1.419134 1.353806 0.700000
vertex 1.418766 1.354693 0.690245
endloop
endfacet
facet normal 0.137488 -0.257095 0.956556
outer loop
vertex 1.410630 1.384091 0.746194
vertex 1.405419 1.391890 0.749039
vertex 1.403733 1.390988 0.749039
endloop
endfacet
facet normal 0.137484 -0.257082 0.956560
outer loop
vertex 1.410630 1.384091 0.746194
vertex 1.403733 1.390988 0.749039
vertex 1.407322 1.382322 0.746194
endloop
endfacet
facet normal 0.451351 -0.844259 -0.288980
outer loop
vertex 1.425664 1.361591 0.680866
vertex 1.427245 1.359226 0.690245
vertex 1.418766 1.354693 0.690245
endloop
endfacet
facet normal 0.451171 -0.844295 -0.289154
outer loop
vertex 1.425664 1.361591 0.680866
vertex 1.418766 1.354693 0.690245
vertex 1.417677 1.357323 0.680866
endloop
endfacet
facet normal 0.223135 -0.417252 0.880972
outer loop
vertex 1.415433 1.376903 0.741573
vertex 1.410630 1.384091 0.746194
vertex 1.407322 1.382322 0.746194
endloop
endfacet
facet normal 0.223047 -0.417355 0.880945
outer loop
vertex 1.415433 1.376903 0.741573
vertex 1.407322 1.382322 0.746194
vertex 1.410630 1.374336 0.741573
endloop
endfacet
facet normal 0.416104 -0.778675 -0.469599
outer loop
vertex 1.423097 1.365433 0.672221
vertex 1.425664 1.361591 0.680866
vertex 1.417677 1.357323 0.680866
endloop
endfacet
facet normal 0.416177 -0.778673 -0.469537
outer loop
vertex 1.423097 1.365433 0.672221
vertex 1.417677 1.357323 0.680866
vertex 1.415909 1.361591 0.672221
endloop
endfacet
facet normal 0.299857 -0.561059 0.771556
outer loop
vertex 1.419642 1.370603 0.735356
vertex 1.415433 1.376903 0.741573
vertex 1.410630 1.374336 0.741573
endloop
endfacet
facet normal 0.299873 -0.561025 0.771574
outer loop
vertex 1.419642 1.370603 0.735356
vertex 1.410630 1.374336 0.741573
vertex 1.413530 1.367336 0.735356
endloop
endfacet
facet normal 0.365074 -0.683037 -0.632599
outer loop
vertex 1.419642 1.370603 0.664645
vertex 1.423097 1.365433 0.672221
vertex 1.415909 1.361591 0.672221
endloop
endfacet
facet normal 0.365099 -0.683034 -0.632588
outer loop
vertex 1.419642 1.370603 0.664645
vertex 1.415909 1.361591 0.672221
vertex 1.413530 1.367336 0.664645
endloop
endfacet
facet normal 0.365128 -0.683115 0.632484
outer loop
vertex 1.423097 1.365433 0.727778
vertex 1.419642 1.370603 0.735356
vertex 1.413530 1.367336 0.735356
endloop
endfacet
facet normal 0.365114 -0.683113 0.632494
outer loop
vertex 1.423097 1.365433 0.727778
vertex 1.413530 1.367336 0.735356
vertex 1.415909 1.361591 0.727778
endloop
endfacet
facet normal 0.299905 -0.561104 -0.771504
outer loop
vertex 1.415433 1.376903 0.658427
vertex 1.419642 1.370603 0.664645
vertex 1.413530 1.367336 0.664645
endloop
endfacet
facet normal 0.299871 -0.561071 -0.771542
outer loop
vertex 1.415433 1.376903 0.658427
vertex 1.413530 1.367336 0.664645
vertex 1.410630 1.374336 0.658427
endloop
endfacet
facet normal 0.277834 -0.916089 -0.289119
outer loop
vertex 1.417677 1.357323 0.680866
vertex 1.418766 1.354693 0.690245
vertex 1.409567 1.351903 0.690245
endloop
endfacet
facet normal 0.278050 -0.916071 -0.288968
outer loop
vertex 1.417677 1.357323 0.680866
vertex 1.409567 1.351903 0.690245
vertex 1.409012 1.354693 0.680866
endloop
endfacet
facet normal 0.137286 -0.452860 0.880949
outer loop
vertex 1.410630 1.374336 0.741573
vertex 1.407322 1.382322 0.746194
vertex 1.403733 1.381234 0.746194
endloop
endfacet
facet normal 0.137386 -0.452788 0.880970
outer loop
vertex 1.410630 1.374336 0.741573
vertex 1.403733 1.381234 0.746194
vertex 1.405419 1.372755 0.741573
endloop
endfacet
facet normal 0.256432 -0.844849 -0.469545
outer loop
vertex 1.415909 1.361591 0.672221
vertex 1.417677 1.357323 0.680866
vertex 1.409012 1.354693 0.680866
endloop
endfacet
facet normal 0.256190 -0.844810 -0.469747
outer loop
vertex 1.415909 1.361591 0.672221
vertex 1.409012 1.354693 0.680866
vertex 1.408110 1.359226 0.672221
endloop
endfacet
facet normal 0.184701 -0.608747 0.771565
outer loop
vertex 1.413530 1.367336 0.735356
vertex 1.410630 1.374336 0.741573
vertex 1.405419 1.372755 0.741573
endloop
endfacet
facet normal 0.184686 -0.608773 0.771548
outer loop
vertex 1.413530 1.367336 0.735356
vertex 1.405419 1.372755 0.741573
vertex 1.406898 1.365324 0.735356
endloop
endfacet
facet normal 0.224748 -0.741152 -0.632600
outer loop
vertex 1.413530 1.367336 0.664645
vertex 1.415909 1.361591 0.672221
vertex 1.408110 1.359226 0.672221
endloop
endfacet
facet normal 0.224860 -0.741145 -0.632568
outer loop
vertex 1.413530 1.367336 0.664645
vertex 1.408110 1.359226 0.672221
vertex 1.406898 1.365324 0.664645
endloop
endfacet
facet normal 0.224854 -0.741189 0.632519
outer loop
vertex 1.415909 1.361591 0.727778
vertex 1.413530 1.367336 0.735356
vertex 1.406898 1.365324 0.735356
endloop
endfacet
facet normal 0.224790 -0.741271 0.632445
outer loop
vertex 1.415909 1.361591 0.727778
vertex 1.406898 1.365324 0.735356
vertex 1.408110 1.359226 0.727778
endloop
endfacet
facet normal 0.184709 -0.608822 -0.771504
outer loop
vertex 1.410630 1.374336 0.658427
vertex 1.413530 1.367336 0.664645
vertex 1.406898 1.365324 0.664645
endloop
endfacet
facet normal 0.184721 -0.608831 -0.771494
outer loop
vertex 1.410630 1.374336 0.658427
vertex 1.406898 1.365324 0.664645
vertex 1.405419 1.372755 0.658427
endloop
endfacet
facet normal 0.256215 -0.844880 0.469609
outer loop
vertex 1.417677 1.357323 0.719134
vertex 1.415909 1.361591 0.727778
vertex 1.408110 1.359226 0.727778
endloop
endfacet
facet normal 0.256394 -0.844750 0.469743
outer loop
vertex 1.417677 1.357323 0.719134
vertex 1.408110 1.359226 0.727778
vertex 1.409012 1.354693 0.719134
endloop
endfacet
facet normal 0.137391 -0.452837 -0.880944
outer loop
vertex 1.407322 1.382322 0.653806
vertex 1.410630 1.374336 0.658427
vertex 1.405419 1.372755 0.658427
endloop
endfacet
facet normal 0.137292 -0.452793 -0.880982
outer loop
vertex 1.407322 1.382322 0.653806
vertex 1.405419 1.372755 0.658427
vertex 1.403733 1.381234 0.653806
endloop
endfacet
facet normal 0.278029 -0.916026 0.289129
outer loop
vertex 1.418766 1.354693 0.709754
vertex 1.417677 1.357323 0.719134
vertex 1.409012 1.354693 0.719134
endloop
endfacet
facet normal 0.277863 -0.916138 0.288933
outer loop
vertex 1.418766 1.354693 0.709754
vertex 1.409012 1.354693 0.719134
vertex 1.409567 1.351903 0.709754
endloop
endfacet
facet normal 0.084603 -0.279093 -0.956530
outer loop
vertex 1.403733 1.390988 0.650960
vertex 1.407322 1.382322 0.653806
vertex 1.403733 1.381234 0.653806
endloop
endfacet
facet normal 0.084643 -0.279083 -0.956529
outer loop
vertex 1.403733 1.390988 0.650960
vertex 1.403733 1.381234 0.653806
vertex 1.401903 1.390433 0.650960
endloop
endfacet
facet normal 0.288845 -0.952397 0.097507
outer loop
vertex 1.419134 1.353806 0.700000
vertex 1.418766 1.354693 0.709754
vertex 1.409567 1.351903 0.709754
endloop
endfacet
facet normal 0.288956 -0.952354 0.097606
outer loop
vertex 1.419134 1.353806 0.700000
vertex 1.409567 1.351903 0.709754
vertex 1.409754 1.350960 0.700000
endloop
endfacet
facet normal 0.028557 -0.094272 0.995137
outer loop
vertex 1.403733 1.390988 0.749039
vertex 1.400000 1.400000 0.750000
vertex 1.401903 1.390433 0.749039
endloop
endfacet
facet normal 0.028542 -0.094185 -0.995145
outer loop
vertex 1.400000 1.400000 0.650000
vertex 1.403733 1.390988 0.650960
vertex 1.401903 1.390433 0.650960
endloop
endfacet
facet normal 0.288951 -0.952367 -0.097493
outer loop
vertex 1.418766 1.354693 0.690245
vertex 1.419134 1.353806 0.700000
vertex 1.409754 1.350960 0.700000
endloop
endfacet
facet normal 0.288847 -0.952387 -0.097603
outer loop
vertex 1.418766 1.354693 0.690245
vertex 1.409754 1.350960 0.700000
vertex 1.409567 1.351903 0.690245
endloop
endfacet
facet normal 0.084620 -0.278978 0.956562
outer loop
vertex 1.407322 1.382322 0.746194
vertex 1.403733 1.390988 0.749039
vertex 1.401903 1.390433 0.749039
endloop
endfacet
facet normal 0.084595 -0.279030 0.956549
outer loop
vertex 1.407322 1.382322 0.746194
vertex 1.401903 1.390433 0.749039
vertex 1.403733 1.381234 0.746194
endloop
endfacet
facet normal 0.046396 -0.470930 -0.880950
outer loop
vertex 1.403733 1.381234 0.653806
vertex 1.405419 1.372755 0.658427
vertex 1.400000 1.372221 0.658427
endloop
endfacet
facet normal 0.046423 -0.470891 -0.880969
outer loop
vertex 1.403733 1.381234 0.653806
vertex 1.400000 1.372221 0.658427
vertex 1.400000 1.380866 0.653806
endloop
endfacet
facet normal 0.093763 -0.952747 0.288933
outer loop
vertex 1.409567 1.351903 0.709754
vertex 1.409012 1.354693 0.719134
vertex 1.400000 1.353806 0.719134
endloop
endfacet
facet normal 0.093894 -0.952694 0.289063
outer loop
vertex 1.409567 1.351903 0.709754
vertex 1.400000 1.353806 0.719134
vertex 1.400000 1.350960 0.709754
endloop
endfacet
facet normal 0.028612 -0.290221 -0.956532
outer loop
vertex 1.401903 1.390433 0.650960
vertex 1.403733 1.381234 0.653806
vertex 1.400000 1.380866 0.653806
endloop
endfacet
facet normal 0.028698 -0.290273 -0.956513
outer loop
vertex 1.401903 1.390433 0.650960
vertex 1.400000 1.380866 0.653806
vertex 1.400000 1.390245 0.650960
endloop
endfacet
facet normal 0.097619 -0.990425 0.097621
outer loop
vertex 1.409754 1.350960 0.700000
vertex 1.409567 1.351903 0.709754
vertex 1.400000 1.350960 0.709754
endloop
endfacet
facet normal 0.097481 -0.990454 0.097459
outer loop
vertex 1.409754 1.350960 0.700000
vertex 1.400000 1.350960 0.709754
vertex 1.400000 1.350000 0.700000
endloop
endfacet
facet normal 0.009685 -0.098036 0.995136
outer loop
vertex 1.401903 1.390433 0.749039
vertex 1.400000 1.400000 0.750000
vertex 1.400000 1.390245 0.749039
endloop
endfacet
facet normal 0.009704 -0.097937 -0.995145
outer loop
vertex 1.400000 1.400000 0.650000
vertex 1.401903 1.390433 0.650960
vertex 1.400000 1.390245 0.650960
endloop
endfacet
facet normal 0.097481 -0.990442 -0.097584
outer loop
vertex 1.409567 1.351903 0.690245
vertex 1.409754 1.350960 0.700000
vertex 1.400000 1.350000 0.700000
endloop
endfacet
facet normal 0.097620 -0.990439 -0.097474
outer loop
vertex 1.409567 1.351903 0.690245
vertex 1.400000 1.350000 0.700000
vertex 1.400000 1.350960 0.690245
endloop
endfacet
facet normal 0.028648 -0.290154 0.956551
outer loop
vertex 1.403733 1.381234 0.746194
vertex 1.401903 1.390433 0.749039
vertex 1.400000 1.390245 0.749039
endloop
endfacet
facet normal 0.028625 -0.290142 0.956555
outer loop
vertex 1.403733 1.381234 0.746194
vertex 1.400000 1.390245 0.749039
vertex 1.400000 1.380866 0.746194
endloop
endfacet
facet normal 0.093904 -0.952722 -0.288969
outer loop
vertex 1.409012 1.354693 0.680866
vertex 1.409567 1.351903 0.690245
vertex 1.400000 1.350960 0.690245
endloop
endfacet
facet normal 0.093762 -0.952697 -0.289097
outer loop
vertex 1.409012 1.354693 0.680866
vertex 1.400000 1.350960 0.690245
vertex 1.400000 1.353806 0.680866
endloop
endfacet
facet normal 0.046427 -0.470920 0.880953
outer loop
vertex 1.405419 1.372755 0.741573
vertex 1.403733 1.381234 0.746194
vertex 1.400000 1.380866 0.746194
endloop
endfacet
facet normal 0.046411 -0.470910 0.880960
outer loop
vertex 1.405419 1.372755 0.741573
vertex 1.400000 1.380866 0.746194
vertex 1.400000 1.372221 0.741573
endloop
endfacet
facet normal 0.086463 -0.878575 -0.469713
outer loop
vertex 1.408110 1.359226 0.672221
vertex 1.409012 1.354693 0.680866
vertex 1.400000 1.353806 0.680866
endloop
endfacet
facet normal 0.086564 -0.878616 -0.469618
outer loop
vertex 1.408110 1.359226 0.672221
vertex 1.400000 1.353806 0.680866
vertex 1.400000 1.358427 0.672221
endloop
endfacet
facet normal 0.062382 -0.633099 0.771553
outer loop
vertex 1.406898 1.365324 0.735356
vertex 1.405419 1.372755 0.741573
vertex 1.400000 1.372221 0.741573
endloop
endfacet
facet normal 0.062326 -0.633131 0.771532
outer loop
vertex 1.406898 1.365324 0.735356
vertex 1.400000 1.372221 0.741573
vertex 1.400000 1.364645 0.735356
endloop
endfacet
facet normal 0.075948 -0.770775 -0.632565
outer loop
vertex 1.406898 1.365324 0.664645
vertex 1.408110 1.359226 0.672221
vertex 1.400000 1.358427 0.672221
endloop
endfacet
facet normal 0.075876 -0.770766 -0.632584
outer loop
vertex 1.406898 1.365324 0.664645
vertex 1.400000 1.358427 0.672221
vertex 1.400000 1.364645 0.664645
endloop
endfacet
facet normal 0.075886 -0.770869 0.632457
outer loop
vertex 1.408110 1.359226 0.727778
vertex 1.406898 1.365324 0.735356
vertex 1.400000 1.364645 0.735356
endloop
endfacet
facet normal 0.075950 -0.770827 0.632501
outer loop
vertex 1.408110 1.359226 0.727778
vertex 1.400000 1.364645 0.735356
vertex 1.400000 1.358427 0.727778
endloop
endfacet
facet normal 0.062326 -0.633153 -0.771513
outer loop
vertex 1.405419 1.372755 0.658427
vertex 1.406898 1.365324 0.664645
vertex 1.400000 1.364645 0.664645
endloop
endfacet
facet normal 0.062391 -0.633217 -0.771456
outer loop
vertex 1.405419 1.372755 0.658427
vertex 1.400000 1.364645 0.664645
vertex 1.400000 1.372221 0.658427
endloop
endfacet
facet normal 0.086559 -0.878542 0.469757
outer loop
vertex 1.409012 1.354693 0.719134
vertex 1.408110 1.359226 0.727778
vertex 1.400000 1.358427 0.727778
endloop
endfacet
facet normal 0.086469 -0.878595 0.469675
outer loop
vertex 1.409012 1.354693 0.719134
vertex 1.400000 1.358427 0.727778
vertex 1.400000 1.353806 0.719134
endloop
endfacet
facet normal -0.086467 -0.878618 -0.469631
outer loop
vertex 1.400000 1.358427 0.672221
vertex 1.400000 1.353806 0.680866
vertex 1.390988 1.354693 0.680866
endloop
endfacet
facet normal -0.086561 -0.878569 -0.469707
outer loop
vertex 1.400000 1.358427 0.672221
vertex 1.390988 1.354693 0.680866
vertex 1.391890 1.359226 0.672221
endloop
endfacet
facet normal -0.062385 -0.633133 0.771525
outer loop
vertex 1.400000 1.364645 0.735356
vertex 1.400000 1.372221 0.741573
vertex 1.394581 1.372755 0.741573
endloop
endfacet
facet normal -0.062334 -0.633105 0.771552
outer loop
vertex 1.400000 1.364645 0.735356
vertex 1.394581 1.372755 0.741573
vertex 1.393103 1.365324 0.735356
endloop
endfacet
facet normal -0.075943 -0.770733 -0.632616
outer loop
vertex 1.400000 1.364645 0.664645
vertex 1.400000 1.358427 0.672221
vertex 1.391890 1.359226 0.672221
endloop
endfacet
facet normal -0.075891 -0.770777 -0.632569
outer loop
vertex 1.400000 1.364645 0.664645
vertex 1.391890 1.359226 0.672221
vertex 1.393103 1.365324 0.664645
endloop
endfacet
facet normal -0.075894 -0.770838 0.632494
outer loop
vertex 1.400000 1.358427 0.727778
vertex 1.400000 1.364645 0.735356
vertex 1.393103 1.365324 0.735356
endloop
endfacet
facet normal -0.075955 -0.770831 0.632496
outer loop
vertex 1.400000 1.358427 0.727778
vertex 1.393103 1.365324 0.735356
vertex 1.391890 1.359226 0.727778
endloop
endfacet
facet normal -0.062338 -0.633198 -0.771476
outer loop
vertex 1.400000 1.372221 0.658427
vertex 1.400000 1.364645 0.664645
vertex 1.393103 1.365324 0.664645
endloop
endfacet
facet normal -0.062389 -0.633161 -0.771501
outer loop
vertex 1.400000 1.372221 0.658427
vertex 1.393103 1.365324 0.664645
vertex 1.394581 1.372755 0.658427
endloop
endfacet
facet normal -0.086564 -0.878590 0.469666
outer loop
vertex 1.400000 1.353806 0.719134
vertex 1.400000 1.358427 0.727778
vertex 1.391890 1.359226 0.727778
endloop
endfacet
facet normal -0.086463 -0.878562 0.469738
outer loop
vertex 1.400000 1.353806 0.719134
vertex 1.391890 1.359226 0.727778
vertex 1.390988 1.354693 0.719134
endloop
endfacet
facet normal -0.046397 -0.470910 -0.880960
outer loop
vertex 1.400000 1.380866 0.653806
vertex 1.400000 1.372221 0.658427
vertex 1.394581 1.372755 0.658427
endloop
endfacet
facet normal -0.046424 -0.470896 -0.880966
outer loop
vertex 1.400000 1.380866 0.653806
vertex 1.394581 1.372755 0.658427
vertex 1.396267 1.381234 0.653806
endloop
endfacet
facet normal -0.093757 -0.952706 0.289068
outer loop
vertex 1.400000 1.350960 0.709754
vertex 1.400000 1.353806 0.719134
vertex 1.390988 1.354693 0.719134
endloop
endfacet
facet normal -0.093903 -0.952731 0.288941
outer loop
vertex 1.400000 1.350960 0.709754
vertex 1.390988 1.354693 0.719134
vertex 1.390433 1.351903 0.709754
endloop
endfacet
facet normal -0.028613 -0.290235 -0.956527
outer loop
vertex 1.400000 1.390245 0.650960
vertex 1.400000 1.380866 0.653806
vertex 1.396267 1.381234 0.653806
endloop
endfacet
facet normal -0.028698 -0.290227 -0.956527
outer loop
vertex 1.400000 1.390245 0.650960
vertex 1.396267 1.381234 0.653806
vertex 1.398097 1.390433 0.650960
endloop
endfacet
facet normal -0.097619 -0.990438 0.097484
outer loop
vertex 1.400000 1.350000 0.700000
vertex 1.400000 1.350960 0.709754
vertex 1.390433 1.351903 0.709754
endloop
endfacet
facet normal -0.097469 -0.990440 0.097612
outer loop
vertex 1.400000 1.350000 0.700000
vertex 1.390433 1.351903 0.709754
vertex 1.390245 1.350960 0.700000
endloop
endfacet
facet normal -0.009686 -0.098031 0.995136
outer loop
vertex 1.400000 1.390245 0.749039
vertex 1.400000 1.400000 0.750000
vertex 1.398097 1.390433 0.749039
endloop
endfacet
facet normal -0.009705 -0.097932 -0.995146
outer loop
vertex 1.400000 1.400000 0.650000
vertex 1.400000 1.390245 0.650960
vertex 1.398097 1.390433 0.650960
endloop
endfacet
facet normal -0.097473 -0.990455 -0.097460
outer loop
vertex 1.400000 1.350960 0.690245
vertex 1.400000 1.350000 0.700000
vertex 1.390245 1.350960 0.700000
endloop
endfacet
facet normal -0.097615 -0.990425 -0.097619
outer loop
vertex 1.400000 1.350960 0.690245
vertex 1.390245 1.350960 0.700000
vertex 1.390433 1.351903 0.690245
endloop
endfacet
facet normal -0.028652 -0.290150 0.956552
outer loop
vertex 1.400000 1.380866 0.746194
vertex 1.400000 1.390245 0.749039
vertex 1.398097 1.390433 0.749039
endloop
endfacet
facet normal -0.028624 -0.290158 0.956550
outer loop
vertex 1.400000 1.380866 0.746194
vertex 1.398097 1.390433 0.749039
vertex 1.396267 1.381234 0.746194
endloop
endfacet
facet normal -0.093898 -0.952686 -0.289091
outer loop
vertex 1.400000 1.353806 0.680866
vertex 1.400000 1.350960 0.690245
vertex 1.390433 1.351903 0.690245
endloop
endfacet
facet normal -0.093766 -0.952736 -0.288967
outer loop
vertex 1.400000 1.353806 0.680866
vertex 1.390433 1.351903 0.690245
vertex 1.390988 1.354693 0.680866
endloop
endfacet
facet normal -0.046431 -0.470912 0.880957
outer loop
vertex 1.400000 1.372221 0.741573
vertex 1.400000 1.380866 0.746194
vertex 1.396267 1.381234 0.746194
endloop
endfacet
facet normal -0.046410 -0.470899 0.880965
outer loop
vertex 1.400000 1.372221 0.741573
vertex 1.396267 1.381234 0.746194
vertex 1.394581 1.372755 0.741573
endloop
endfacet
facet normal -0.084578 -0.279112 -0.956527
outer loop
vertex 1.398097 1.390433 0.650960
vertex 1.396267 1.381234 0.653806
vertex 1.392677 1.382322 0.653806
endloop
endfacet
facet normal -0.084635 -0.279057 -0.956538
outer loop
vertex 1.398097 1.390433 0.650960
vertex 1.392677 1.382322 0.653806
vertex 1.396267 1.390988 0.650960
endloop
endfacet
facet normal -0.288852 -0.952383 0.097629
outer loop
vertex 1.390245 1.350960 0.700000
vertex 1.390433 1.351903 0.709754
vertex 1.381234 1.354693 0.709754
endloop
endfacet
facet normal -0.288994 -0.952354 0.097492
outer loop
vertex 1.390245 1.350960 0.700000
vertex 1.381234 1.354693 0.709754
vertex 1.380866 1.353806 0.700000
endloop
endfacet
facet normal -0.028557 -0.094269 0.995137
outer loop
vertex 1.398097 1.390433 0.749039
vertex 1.400000 1.400000 0.750000
vertex 1.396267 1.390988 0.749039
endloop
endfacet
facet normal -0.028541 -0.094183 -0.995146
outer loop
vertex 1.400000 1.400000 0.650000
vertex 1.398097 1.390433 0.650960
vertex 1.396267 1.390988 0.650960
endloop
endfacet
facet normal -0.288981 -0.952345 -0.097621
outer loop
vertex 1.390433 1.351903 0.690245
vertex 1.390245 1.350960 0.700000
vertex 1.380866 1.353806 0.700000
endloop
endfacet
facet normal -0.288865 -0.952394 -0.097478
outer loop
vertex 1.390433 1.351903 0.690245
vertex 1.380866 1.353806 0.700000
vertex 1.381234 1.354693 0.690245
endloop
endfacet
facet normal -0.084625 -0.278946 0.956571
outer loop
vertex 1.396267 1.381234 0.746194
vertex 1.398097 1.390433 0.749039
vertex 1.396267 1.390988 0.749039
endloop
endfacet
facet normal -0.084564 -0.279005 0.956559
outer loop
vertex 1.396267 1.381234 0.746194
vertex 1.396267 1.390988 0.749039
vertex 1.392677 1.382322 0.746194
endloop
endfacet
facet normal -0.277857 -0.916124 -0.288985
outer loop
vertex 1.390988 1.354693 0.680866
vertex 1.390433 1.351903 0.690245
vertex 1.381234 1.354693 0.690245
endloop
endfacet
facet normal -0.277997 -0.916044 -0.289104
outer loop
vertex 1.390988 1.354693 0.680866
vertex 1.381234 1.354693 0.690245
vertex 1.382322 1.357323 0.680866
endloop
endfacet
facet normal -0.137230 -0.452829 0.880973
outer loop
vertex 1.394581 1.372755 0.741573
vertex 1.396267 1.381234 0.746194
vertex 1.392677 1.382322 0.746194
endloop
endfacet
facet normal -0.137354 -0.452844 0.880946
outer loop
vertex 1.394581 1.372755 0.741573
vertex 1.392677 1.382322 0.746194
vertex 1.389369 1.374336 0.741573
endloop
endfacet
facet normal -0.256371 -0.844777 -0.469708
outer loop
vertex 1.391890 1.359226 0.672221
vertex 1.390988 1.354693 0.680866
vertex 1.382322 1.357323 0.680866
endloop
endfacet
facet normal -0.256214 -0.844890 -0.469590
outer loop
vertex 1.391890 1.359226 0.672221
vertex 1.382322 1.357323 0.680866
vertex 1.384091 1.361591 0.672221
endloop
endfacet
facet normal -0.184680 -0.608780 0.771544
outer loop
vertex 1.393103 1.365324 0.735356
vertex 1.394581 1.372755 0.741573
vertex 1.389369 1.374336 0.741573
endloop
endfacet
facet normal -0.184673 -0.608793 0.771536
outer loop
vertex 1.393103 1.365324 0.735356
vertex 1.389369 1.374336 0.741573
vertex 1.386470 1.367336 0.735356
endloop
endfacet
facet normal -0.224754 -0.741195 -0.632546
outer loop
vertex 1.393103 1.365324 0.664645
vertex 1.391890 1.359226 0.672221
vertex 1.384091 1.361591 0.672221
endloop
endfacet
facet normal -0.224804 -0.741122 -0.632614
outer loop
vertex 1.393103 1.365324 0.664645
vertex 1.384091 1.361591 0.672221
vertex 1.386470 1.367336 0.664645
endloop
endfacet
facet normal -0.224824 -0.741252 0.632455
outer loop
vertex 1.391890 1.359226 0.727778
vertex 1.393103 1.365324 0.735356
vertex 1.386470 1.367336 0.735356
endloop
endfacet
facet normal -0.224781 -0.741225 0.632502
outer loop
vertex 1.391890 1.359226 0.727778
vertex 1.386470 1.367336 0.735356
vertex 1.384091 1.361591 0.727778
endloop
endfacet
facet normal -0.184692 -0.608848 -0.771488
outer loop
vertex 1.394581 1.372755 0.658427
vertex 1.393103 1.365324 0.664645
vertex 1.386470 1.367336 0.664645
endloop
endfacet
facet normal -0.184691 -0.608835 -0.771498
outer loop
vertex 1.394581 1.372755 0.658427
vertex 1.386470 1.367336 0.664645
vertex 1.389369 1.374336 0.658427
endloop
endfacet
facet normal -0.256179 -0.844790 0.469789
outer loop
vertex 1.390988 1.354693 0.719134
vertex 1.391890 1.359226 0.727778
vertex 1.384091 1.361591 0.727778
endloop
endfacet
facet normal -0.256383 -0.844832 0.469603
outer loop
vertex 1.390988 1.354693 0.719134
vertex 1.384091 1.361591 0.727778
vertex 1.382322 1.357323 0.719134
endloop
endfacet
facet normal -0.137358 -0.452816 -0.880960
outer loop
vertex 1.396267 1.381234 0.653806
vertex 1.394581 1.372755 0.658427
vertex 1.389369 1.374336 0.658427
endloop
endfacet
facet normal -0.137236 -0.452870 -0.880951
outer loop
vertex 1.396267 1.381234 0.653806
vertex 1.389369 1.374336 0.658427
vertex 1.392677 1.382322 0.653806
endloop
endfacet
facet normal -0.278020 -0.916093 0.288928
outer loop
vertex 1.390433 1.351903 0.709754
vertex 1.390988 1.354693 0.719134
vertex 1.382322 1.357323 0.719134
endloop
endfacet
facet normal -0.277847 -0.916091 0.289099
outer loop
vertex 1.390433 1.351903 0.709754
vertex 1.382322 1.357323 0.719134
vertex 1.381234 1.354693 0.709754
endloop
endfacet
facet normal -0.299913 -0.561023 0.771560
outer loop
vertex 1.386470 1.367336 0.735356
vertex 1.389369 1.374336 0.741573
vertex 1.384567 1.376903 0.741573
endloop
endfacet
facet normal -0.299829 -0.561053 0.771571
outer loop
vertex 1.386470 1.367336 0.735356
vertex 1.384567 1.376903 0.741573
vertex 1.380357 1.370603 0.735356
endloop
endfacet
facet normal -0.365085 -0.683047 -0.632582
outer loop
vertex 1.386470 1.367336 0.664645
vertex 1.384091 1.361591 0.672221
vertex 1.376903 1.365433 0.672221
endloop
endfacet
facet normal -0.365062 -0.683075 -0.632565
outer loop
vertex 1.386470 1.367336 0.664645
vertex 1.376903 1.365433 0.672221
vertex 1.380357 1.370603 0.664645
endloop
endfacet
facet normal -0.365082 -0.683111 0.632514
outer loop
vertex 1.384091 1.361591 0.727778
vertex 1.386470 1.367336 0.735356
vertex 1.380357 1.370603 0.735356
endloop
endfacet
facet normal -0.365135 -0.683142 0.632450
outer loop
vertex 1.384091 1.361591 0.727778
vertex 1.380357 1.370603 0.735356
vertex 1.376903 1.365433 0.727778
endloop
endfacet
facet normal -0.299877 -0.561106 -0.771514
outer loop
vertex 1.389369 1.374336 0.658427
vertex 1.386470 1.367336 0.664645
vertex 1.380357 1.370603 0.664645
endloop
endfacet
facet normal -0.299919 -0.561058 -0.771533
outer loop
vertex 1.389369 1.374336 0.658427
vertex 1.380357 1.370603 0.664645
vertex 1.384567 1.376903 0.658427
endloop
endfacet
facet normal -0.416171 -0.778621 0.469628
outer loop
vertex 1.382322 1.357323 0.719134
vertex 1.384091 1.361591 0.727778
vertex 1.376903 1.365433 0.727778
endloop
endfacet
facet normal -0.416140 -0.778621 0.469657
outer loop
vertex 1.382322 1.357323 0.719134
vertex 1.376903 1.365433 0.727778
vertex 1.374336 1.361591 0.719134
endloop
endfacet
facet normal -0.223101 -0.417318 -0.880949
outer loop
vertex 1.392677 1.382322 0.653806
vertex 1.389369 1.374336 0.658427
vertex 1.384567 1.376903 0.658427
endloop
endfacet
facet normal -0.223131 -0.417282 -0.880959
outer loop
vertex 1.392677 1.382322 0.653806
vertex 1.384567 1.376903 0.658427
vertex 1.389369 1.384091 0.653806
endloop
endfacet
facet normal -0.451221 -0.844300 0.289061
outer loop
vertex 1.381234 1.354693 0.709754
vertex 1.382322 1.357323 0.719134
vertex 1.374336 1.361591 0.719134
endloop
endfacet
facet normal -0.451367 -0.844260 0.288950
outer loop
vertex 1.381234 1.354693 0.709754
vertex 1.374336 1.361591 0.719134
vertex 1.372755 1.359226 0.709754
endloop
endfacet
facet normal -0.137524 -0.257139 -0.956539
outer loop
vertex 1.396267 1.390988 0.650960
vertex 1.392677 1.382322 0.653806
vertex 1.389369 1.384091 0.653806
endloop
endfacet
facet normal -0.137545 -0.257173 -0.956527
outer loop
vertex 1.396267 1.390988 0.650960
vertex 1.389369 1.384091 0.653806
vertex 1.394581 1.391890 0.650960
endloop
endfacet
facet normal -0.469219 -0.877684 0.097490
outer loop
vertex 1.380866 1.353806 0.700000
vertex 1.381234 1.354693 0.709754
vertex 1.372755 1.359226 0.709754
endloop
endfacet
facet normal -0.469154 -0.877708 0.097588
outer loop
vertex 1.380866 1.353806 0.700000
vertex 1.372755 1.359226 0.709754
vertex 1.372221 1.358427 0.700000
endloop
endfacet
facet normal -0.046434 -0.086877 0.995136
outer loop
vertex 1.396267 1.390988 0.749039
vertex 1.400000 1.400000 0.750000
vertex 1.394581 1.391890 0.749039
endloop
endfacet
facet normal -0.046428 -0.086778 -0.995145
outer loop
vertex 1.400000 1.400000 0.650000
vertex 1.396267 1.390988 0.650960
vertex 1.394581 1.391890 0.650960
endloop
endfacet
facet normal -0.469151 -0.877720 -0.097492
outer loop
vertex 1.381234 1.354693 0.690245
vertex 1.380866 1.353806 0.700000
vertex 1.372221 1.358427 0.700000
endloop
endfacet
facet normal -0.469224 -0.877673 -0.097567
outer loop
vertex 1.381234 1.354693 0.690245
vertex 1.372221 1.358427 0.700000
vertex 1.372755 1.359226 0.690245
endloop
endfacet
facet normal -0.137481 -0.257082 0.956560
outer loop
vertex 1.392677 1.382322 0.746194
vertex 1.396267 1.390988 0.749039
vertex 1.394581 1.391890 0.749039
endloop
endfacet
facet normal -0.137476 -0.257094 0.956558
outer loop
vertex 1.392677 1.382322 0.746194
vertex 1.394581 1.391890 0.749039
vertex 1.389369 1.384091 0.746194
endloop
endfacet
facet normal -0.451347 -0.844222 -0.289093
outer loop
vertex 1.382322 1.357323 0.680866
vertex 1.381234 1.354693 0.690245
vertex 1.372755 1.359226 0.690245
endloop
endfacet
facet normal -0.451245 -0.844317 -0.288974
outer loop
vertex 1.382322 1.357323 0.680866
vertex 1.372755 1.359226 0.690245
vertex 1.374336 1.361591 0.680866
endloop
endfacet
facet normal -0.223177 -0.417306 0.880936
outer loop
vertex 1.389369 1.374336 0.741573
vertex 1.392677 1.382322 0.746194
vertex 1.389369 1.384091 0.746194
endloop
endfacet
facet normal -0.223066 -0.417302 0.880966
outer loop
vertex 1.389369 1.374336 0.741573
vertex 1.389369 1.384091 0.746194
vertex 1.384567 1.376903 0.741573
endloop
endfacet
facet normal -0.416154 -0.778664 -0.469572
outer loop
vertex 1.384091 1.361591 0.672221
vertex 1.382322 1.357323 0.680866
vertex 1.374336 1.361591 0.680866
endloop
endfacet
facet normal -0.416172 -0.778616 -0.469636
outer loop
vertex 1.384091 1.361591 0.672221
vertex 1.374336 1.361591 0.680866
vertex 1.376903 1.365433 0.672221
endloop
endfacet
facet normal -0.631335 -0.769346 0.097589
outer loop
vertex 1.372221 1.358427 0.700000
vertex 1.372755 1.359226 0.709754
vertex 1.365324 1.365324 0.709754
endloop
endfacet
facet normal -0.631409 -0.769295 0.097513
outer loop
vertex 1.372221 1.358427 0.700000
vertex 1.365324 1.365324 0.709754
vertex 1.364645 1.364645 0.700000
endloop
endfacet
facet normal -0.062471 -0.076153 0.995137
outer loop
vertex 1.394581 1.391890 0.749039
vertex 1.400000 1.400000 0.750000
vertex 1.393103 1.393103 0.749039
endloop
endfacet
facet normal -0.062440 -0.076091 -0.995144
outer loop
vertex 1.400000 1.400000 0.650000
vertex 1.394581 1.391890 0.650960
vertex 1.393103 1.393103 0.650960
endloop
endfacet
facet normal -0.631405 -0.769289 -0.097584
outer loop
vertex 1.372755 1.359226 0.690245
vertex 1.372221 1.358427 0.700000
vertex 1.364645 1.364645 0.700000
endloop
endfacet
facet normal -0.631336 -0.769356 -0.097495
outer loop
vertex 1.372755 1.359226 0.690245
vertex 1.364645 1.364645 0.700000
vertex 1.365324 1.365324 0.690245
endloop
endfacet
facet normal -0.184999 -0.225303 0.956564
outer loop
vertex 1.389369 1.384091 0.746194
vertex 1.394581 1.391890 0.749039
vertex 1.393103 1.393103 0.749039
endloop
endfacet
facet normal -0.184917 -0.225350 0.956568
outer loop
vertex 1.389369 1.384091 0.746194
vertex 1.393103 1.393103 0.749039
vertex 1.386470 1.386470 0.746194
endloop
endfacet
facet normal -0.607296 -0.740056 -0.288978
outer loop
vertex 1.374336 1.361591 0.680866
vertex 1.372755 1.359226 0.690245
vertex 1.365324 1.365324 0.690245
endloop
endfacet
facet normal -0.607331 -0.740002 -0.289045
outer loop
vertex 1.374336 1.361591 0.680866
vertex 1.365324 1.365324 0.690245
vertex 1.367336 1.367336 0.680866
endloop
endfacet
facet normal -0.300193 -0.365798 0.880952
outer loop
vertex 1.384567 1.376903 0.741573
vertex 1.389369 1.384091 0.746194
vertex 1.386470 1.386470 0.746194
endloop
endfacet
facet normal -0.300124 -0.365813 0.880969
outer loop
vertex 1.384567 1.376903 0.741573
vertex 1.386470 1.386470 0.746194
vertex 1.380357 1.380357 0.741573
endloop
endfacet
facet normal -0.560109 -0.682457 -0.469606
outer loop
vertex 1.376903 1.365433 0.672221
vertex 1.374336 1.361591 0.680866
vertex 1.367336 1.367336 0.680866
endloop
endfacet
facet normal -0.560073 -0.682521 -0.469556
outer loop
vertex 1.376903 1.365433 0.672221
vertex 1.367336 1.367336 0.680866
vertex 1.370603 1.370603 0.672221
endloop
endfacet
facet normal -0.403496 -0.491772 0.771590
outer loop
vertex 1.380357 1.370603 0.735356
vertex 1.384567 1.376903 0.741573
vertex 1.380357 1.380357 0.741573
endloop
endfacet
facet normal -0.403629 -0.491775 0.771518
outer loop
vertex 1.380357 1.370603 0.735356
vertex 1.380357 1.380357 0.741573
vertex 1.375000 1.375000 0.735356
endloop
endfacet
facet normal -0.491311 -0.598718 -0.632574
outer loop
vertex 1.380357 1.370603 0.664645
vertex 1.376903 1.365433 0.672221
vertex 1.370603 1.370603 0.672221
endloop
endfacet
facet normal -0.491354 -0.598606 -0.632647
outer loop
vertex 1.380357 1.370603 0.664645
vertex 1.370603 1.370603 0.672221
vertex 1.375000 1.375000 0.664645
endloop
endfacet
facet normal -0.491421 -0.598730 0.632478
outer loop
vertex 1.376903 1.365433 0.727778
vertex 1.380357 1.370603 0.735356
vertex 1.375000 1.375000 0.735356
endloop
endfacet
facet normal -0.491350 -0.598718 0.632544
outer loop
vertex 1.376903 1.365433 0.727778
vertex 1.375000 1.375000 0.735356
vertex 1.370603 1.370603 0.727778
endloop
endfacet
facet normal -0.403633 -0.491770 -0.771519
outer loop
vertex 1.384567 1.376903 0.658427
vertex 1.380357 1.370603 0.664645
vertex 1.375000 1.375000 0.664645
endloop
endfacet
facet normal -0.403588 -0.491904 -0.771458
outer loop
vertex 1.384567 1.376903 0.658427
vertex 1.375000 1.375000 0.664645
vertex 1.380357 1.380357 0.658427
endloop
endfacet
facet normal -0.560053 -0.682481 0.469639
outer loop
vertex 1.374336 1.361591 0.719134
vertex 1.376903 1.365433 0.727778
vertex 1.370603 1.370603 0.727778
endloop
endfacet
facet normal -0.560109 -0.682450 0.469616
outer loop
vertex 1.374336 1.361591 0.719134
vertex 1.370603 1.370603 0.727778
vertex 1.367336 1.367336 0.719134
endloop
endfacet
facet normal -0.300140 -0.365838 -0.880953
outer loop
vertex 1.389369 1.384091 0.653806
vertex 1.384567 1.376903 0.658427
vertex 1.380357 1.380357 0.658427
endloop
endfacet
facet normal -0.300146 -0.365755 -0.880985
outer loop
vertex 1.389369 1.384091 0.653806
vertex 1.380357 1.380357 0.658427
vertex 1.386470 1.386470 0.653806
endloop
endfacet
facet normal -0.607349 -0.740025 0.288948
outer loop
vertex 1.372755 1.359226 0.709754
vertex 1.374336 1.361591 0.719134
vertex 1.367336 1.367336 0.719134
endloop
endfacet
facet normal -0.607304 -0.740038 0.289007
outer loop
vertex 1.372755 1.359226 0.709754
vertex 1.367336 1.367336 0.719134
vertex 1.365324 1.365324 0.709754
endloop
endfacet
facet normal -0.184985 -0.225407 -0.956542
outer loop
vertex 1.394581 1.391890 0.650960
vertex 1.389369 1.384091 0.653806
vertex 1.386470 1.386470 0.653806
endloop
endfacet
facet normal -0.185008 -0.225433 -0.956531
outer loop
vertex 1.394581 1.391890 0.650960
vertex 1.386470 1.386470 0.653806
vertex 1.393103 1.393103 0.650960
endloop
endfacet
facet normal -0.598677 -0.491296 -0.632625
outer loop
vertex 1.375000 1.375000 0.664645
vertex 1.370603 1.370603 0.672221
vertex 1.365433 1.376903 0.672221
endloop
endfacet
facet normal -0.598671 -0.491411 -0.632542
outer loop
vertex 1.375000 1.375000 0.664645
vertex 1.365433 1.376903 0.672221
vertex 1.370603 1.380357 0.664645
endloop
endfacet
facet normal -0.598690 -0.491434 0.632505
outer loop
vertex 1.370603 1.370603 0.727778
vertex 1.375000 1.375000 0.735356
vertex 1.370603 1.380357 0.735356
endloop
endfacet
facet normal -0.598772 -0.491385 0.632465
outer loop
vertex 1.370603 1.370603 0.727778
vertex 1.370603 1.380357 0.735356
vertex 1.365433 1.376903 0.727778
endloop
endfacet
facet normal -0.491806 -0.403680 -0.771472
outer loop
vertex 1.380357 1.380357 0.658427
vertex 1.375000 1.375000 0.664645
vertex 1.370603 1.380357 0.664645
endloop
endfacet
facet normal -0.491850 -0.403482 -0.771547
outer loop
vertex 1.380357 1.380357 0.658427
vertex 1.370603 1.380357 0.664645
vertex 1.376903 1.384567 0.658427
endloop
endfacet
facet normal -0.682488 -0.560062 0.469617
outer loop
vertex 1.367336 1.367336 0.719134
vertex 1.370603 1.370603 0.727778
vertex 1.365433 1.376903 0.727778
endloop
endfacet
facet normal -0.682445 -0.560093 0.469643
outer loop
vertex 1.367336 1.367336 0.719134
vertex 1.365433 1.376903 0.727778
vertex 1.361591 1.374336 0.719134
endloop
endfacet
facet normal -0.365818 -0.300139 -0.880962
outer loop
vertex 1.386470 1.386470 0.653806
vertex 1.380357 1.380357 0.658427
vertex 1.376903 1.384567 0.658427
endloop
endfacet
facet normal -0.365823 -0.300207 -0.880936
outer loop
vertex 1.386470 1.386470 0.653806
vertex 1.376903 1.384567 0.658427
vertex 1.384091 1.389369 0.653806
endloop
endfacet
facet normal -0.739997 -0.607347 0.289021
outer loop
vertex 1.365324 1.365324 0.709754
vertex 1.367336 1.367336 0.719134
vertex 1.361591 1.374336 0.719134
endloop
endfacet
facet normal -0.740070 -0.607294 0.288948
outer loop
vertex 1.365324 1.365324 0.709754
vertex 1.361591 1.374336 0.719134
vertex 1.359226 1.372755 0.709754
endloop
endfacet
facet normal -0.225415 -0.184963 -0.956544
outer loop
vertex 1.393103 1.393103 0.650960
vertex 1.386470 1.386470 0.653806
vertex 1.384091 1.389369 0.653806
endloop
endfacet
facet normal -0.225429 -0.185045 -0.956525
outer loop
vertex 1.393103 1.393103 0.650960
vertex 1.384091 1.389369 0.653806
vertex 1.391890 1.394581 0.650960
endloop
endfacet
facet normal -0.769347 -0.631346 0.097510
outer loop
vertex 1.364645 1.364645 0.700000
vertex 1.365324 1.365324 0.709754
vertex 1.359226 1.372755 0.709754
endloop
endfacet
facet normal -0.769301 -0.631391 0.097578
outer loop
vertex 1.364645 1.364645 0.700000
vertex 1.359226 1.372755 0.709754
vertex 1.358427 1.372221 0.700000
endloop
endfacet
facet normal -0.076153 -0.062496 0.995136
outer loop
vertex 1.393103 1.393103 0.749039
vertex 1.400000 1.400000 0.750000
vertex 1.391890 1.394581 0.749039
endloop
endfacet
facet normal -0.076090 -0.062432 -0.995145
outer loop
vertex 1.400000 1.400000 0.650000
vertex 1.393103 1.393103 0.650960
vertex 1.391890 1.394581 0.650960
endloop
endfacet
facet normal -0.769306 -0.631398 -0.097490
outer loop
vertex 1.365324 1.365324 0.690245
vertex 1.364645 1.364645 0.700000
vertex 1.358427 1.372221 0.700000
endloop
endfacet
facet normal -0.769335 -0.631349 -0.097580
outer loop
vertex 1.365324 1.365324 0.690245
vertex 1.358427 1.372221 0.700000
vertex 1.359226 1.372755 0.690245
endloop
endfacet
facet normal -0.225357 -0.184977 0.956555
outer loop
vertex 1.386470 1.386470 0.746194
vertex 1.393103 1.393103 0.749039
vertex 1.391890 1.394581 0.749039
endloop
endfacet
facet normal -0.225372 -0.184935 0.956560
outer loop
vertex 1.386470 1.386470 0.746194
vertex 1.391890 1.394581 0.749039
vertex 1.384091 1.389369 0.746194
endloop
endfacet
facet normal -0.740043 -0.607292 -0.289020
outer loop
vertex 1.367336 1.367336 0.680866
vertex 1.365324 1.365324 0.690245
vertex 1.359226 1.372755 0.690245
endloop
endfacet
facet normal -0.740006 -0.607346 -0.289003
outer loop
vertex 1.367336 1.367336 0.680866
vertex 1.359226 1.372755 0.690245
vertex 1.361591 1.374336 0.680866
endloop
endfacet
facet normal -0.365791 -0.300180 0.880959
outer loop
vertex 1.380357 1.380357 0.741573
vertex 1.386470 1.386470 0.746194
vertex 1.384091 1.389369 0.746194
endloop
endfacet
facet normal -0.365841 -0.300158 0.880946
outer loop
vertex 1.380357 1.380357 0.741573
vertex 1.384091 1.389369 0.746194
vertex 1.376903 1.384567 0.741573
endloop
endfacet
facet normal -0.682490 -0.560104 -0.469565
outer loop
vertex 1.370603 1.370603 0.672221
vertex 1.367336 1.367336 0.680866
vertex 1.361591 1.374336 0.680866
endloop
endfacet
facet normal -0.682482 -0.560067 -0.469621
outer loop
vertex 1.370603 1.370603 0.672221
vertex 1.361591 1.374336 0.680866
vertex 1.365433 1.376903 0.672221
endloop
endfacet
facet normal -0.491864 -0.403516 0.771521
outer loop
vertex 1.375000 1.375000 0.735356
vertex 1.380357 1.380357 0.741573
vertex 1.376903 1.384567 0.741573
endloop
endfacet
facet normal -0.491702 -0.403586 0.771588
outer loop
vertex 1.375000 1.375000 0.735356
vertex 1.376903 1.384567 0.741573
vertex 1.370603 1.380357 0.735356
endloop
endfacet
facet normal -0.086881 -0.046486 0.995134
outer loop
vertex 1.391890 1.394581 0.749039
vertex 1.400000 1.400000 0.750000
vertex 1.390988 1.396267 0.749039
endloop
endfacet
facet normal -0.086758 -0.046437 -0.995147
outer loop
vertex 1.400000 1.400000 0.650000
vertex 1.391890 1.394581 0.650960
vertex 1.390988 1.396267 0.650960
endloop
endfacet
facet normal -0.877708 -0.469159 -0.097560
outer loop
vertex 1.359226 1.372755 0.690245
vertex 1.358427 1.372221 0.700000
vertex 1.353806 1.380866 0.700000
endloop
endfacet
facet normal -0.877673 -0.469236 -0.097505
outer loop
vertex 1.359226 1.372755 0.690245
vertex 1.353806 1.380866 0.700000
vertex 1.354693 1.381234 0.690245
endloop
endfacet
facet normal -0.257031 -0.137486 0.956573
outer loop
vertex 1.384091 1.389369 0.746194
vertex 1.391890 1.394581 0.749039
vertex 1.390988 1.396267 0.749039
endloop
endfacet
facet normal -0.257076 -0.137480 0.956562
outer loop
vertex 1.384091 1.389369 0.746194
vertex 1.390988 1.396267 0.749039
vertex 1.382322 1.392677 0.746194
endloop
endfacet
facet normal -0.844258 -0.451351 -0.288983
outer loop
vertex 1.361591 1.374336 0.680866
vertex 1.359226 1.372755 0.690245
vertex 1.354693 1.381234 0.690245
endloop
endfacet
facet normal -0.844288 -0.451211 -0.289114
outer loop
vertex 1.361591 1.374336 0.680866
vertex 1.354693 1.381234 0.690245
vertex 1.357323 1.382322 0.680866
endloop
endfacet
facet normal -0.417264 -0.223154 0.880961
outer loop
vertex 1.376903 1.384567 0.741573
vertex 1.384091 1.389369 0.746194
vertex 1.382322 1.392677 0.746194
endloop
endfacet
facet normal -0.417347 -0.223090 0.880938
outer loop
vertex 1.376903 1.384567 0.741573
vertex 1.382322 1.392677 0.746194
vertex 1.374336 1.389369 0.741573
endloop
endfacet
facet normal -0.778647 -0.416161 -0.469594
outer loop
vertex 1.365433 1.376903 0.672221
vertex 1.361591 1.374336 0.680866
vertex 1.357323 1.382322 0.680866
endloop
endfacet
facet normal -0.778647 -0.416172 -0.469585
outer loop
vertex 1.365433 1.376903 0.672221
vertex 1.357323 1.382322 0.680866
vertex 1.361591 1.384091 0.672221
endloop
endfacet
facet normal -0.560996 -0.299928 0.771574
outer loop
vertex 1.370603 1.380357 0.735356
vertex 1.376903 1.384567 0.741573
vertex 1.374336 1.389369 0.741573
endloop
endfacet
facet normal -0.561091 -0.299833 0.771542
outer loop
vertex 1.370603 1.380357 0.735356
vertex 1.374336 1.389369 0.741573
vertex 1.367336 1.386470 0.735356
endloop
endfacet
facet normal -0.683051 -0.365069 -0.632587
outer loop
vertex 1.370603 1.380357 0.664645
vertex 1.365433 1.376903 0.672221
vertex 1.361591 1.384091 0.672221
endloop
endfacet
facet normal -0.683056 -0.365025 -0.632606
outer loop
vertex 1.370603 1.380357 0.664645
vertex 1.361591 1.384091 0.672221
vertex 1.367336 1.386470 0.664645
endloop
endfacet
facet normal -0.683144 -0.365058 0.632492
outer loop
vertex 1.365433 1.376903 0.727778
vertex 1.370603 1.380357 0.735356
vertex 1.367336 1.386470 0.735356
endloop
endfacet
facet normal -0.683112 -0.365124 0.632490
outer loop
vertex 1.365433 1.376903 0.727778
vertex 1.367336 1.386470 0.735356
vertex 1.361591 1.384091 0.727778
endloop
endfacet
facet normal -0.561094 -0.299862 -0.771528
outer loop
vertex 1.376903 1.384567 0.658427
vertex 1.370603 1.380357 0.664645
vertex 1.367336 1.386470 0.664645
endloop
endfacet
facet normal -0.561111 -0.299978 -0.771471
outer loop
vertex 1.376903 1.384567 0.658427
vertex 1.367336 1.386470 0.664645
vertex 1.374336 1.389369 0.658427
endloop
endfacet
facet normal -0.778607 -0.416169 0.469655
outer loop
vertex 1.361591 1.374336 0.719134
vertex 1.365433 1.376903 0.727778
vertex 1.361591 1.384091 0.727778
endloop
endfacet
facet normal -0.778648 -0.416146 0.469606
outer loop
vertex 1.361591 1.374336 0.719134
vertex 1.361591 1.384091 0.727778
vertex 1.357323 1.382322 0.719134
endloop
endfacet
facet normal -0.417316 -0.223068 -0.880958
outer loop
vertex 1.384091 1.389369 0.653806
vertex 1.376903 1.384567 0.658427
vertex 1.374336 1.389369 0.658427
endloop
endfacet
facet normal -0.417315 -0.223182 -0.880930
outer loop
vertex 1.384091 1.389369 0.653806
vertex 1.374336 1.389369 0.658427
vertex 1.382322 1.392677 0.653806
endloop
endfacet
facet normal -0.844319 -0.451258 0.288949
outer loop
vertex 1.359226 1.372755 0.709754
vertex 1.361591 1.374336 0.719134
vertex 1.357323 1.382322 0.719134
endloop
endfacet
facet normal -0.844237 -0.451331 0.289074
outer loop
vertex 1.359226 1.372755 0.709754
vertex 1.357323 1.382322 0.719134
vertex 1.354693 1.381234 0.709754
endloop
endfacet
facet normal -0.257117 -0.137513 -0.956546
outer loop
vertex 1.391890 1.394581 0.650960
vertex 1.384091 1.389369 0.653806
vertex 1.382322 1.392677 0.653806
endloop
endfacet
facet normal -0.257174 -0.137559 -0.956524
outer loop
vertex 1.391890 1.394581 0.650960
vertex 1.382322 1.392677 0.653806
vertex 1.390988 1.396267 0.650960
endloop
endfacet
facet normal -0.877671 -0.469227 0.097570
outer loop
vertex 1.358427 1.372221 0.700000
vertex 1.359226 1.372755 0.709754
vertex 1.354693 1.381234 0.709754
endloop
endfacet
facet normal -0.877707 -0.469170 0.097517
outer loop
vertex 1.358427 1.372221 0.700000
vertex 1.354693 1.381234 0.709754
vertex 1.353806 1.380866 0.700000
endloop
endfacet
facet normal -0.741198 -0.224841 0.632513
outer loop
vertex 1.361591 1.384091 0.727778
vertex 1.367336 1.386470 0.735356
vertex 1.365324 1.393103 0.735356
endloop
endfacet
facet normal -0.741250 -0.224765 0.632478
outer loop
vertex 1.361591 1.384091 0.727778
vertex 1.365324 1.393103 0.735356
vertex 1.359226 1.391890 0.727778
endloop
endfacet
facet normal -0.608824 -0.184680 -0.771509
outer loop
vertex 1.374336 1.389369 0.658427
vertex 1.367336 1.386470 0.664645
vertex 1.365324 1.393103 0.664645
endloop
endfacet
facet normal -0.608858 -0.184665 -0.771486
outer loop
vertex 1.374336 1.389369 0.658427
vertex 1.365324 1.393103 0.664645
vertex 1.372755 1.394581 0.658427
endloop
endfacet
facet normal -0.844886 -0.256223 0.469592
outer loop
vertex 1.357323 1.382322 0.719134
vertex 1.361591 1.384091 0.727778
vertex 1.359226 1.391890 0.727778
endloop
endfacet
facet normal -0.844770 -0.256349 0.469732
outer loop
vertex 1.357323 1.382322 0.719134
vertex 1.359226 1.391890 0.727778
vertex 1.354693 1.390988 0.719134
endloop
endfacet
facet normal -0.452835 -0.137389 -0.880945
outer loop
vertex 1.382322 1.392677 0.653806
vertex 1.374336 1.389369 0.658427
vertex 1.372755 1.394581 0.658427
endloop
endfacet
facet normal -0.452853 -0.137184 -0.880968
outer loop
vertex 1.382322 1.392677 0.653806
vertex 1.372755 1.394581 0.658427
vertex 1.381234 1.396267 0.653806
endloop
endfacet
facet normal -0.916049 -0.277999 0.289087
outer loop
vertex 1.354693 1.381234 0.709754
vertex 1.357323 1.382322 0.719134
vertex 1.354693 1.390988 0.719134
endloop
endfacet
facet normal -0.916132 -0.277877 0.288942
outer loop
vertex 1.354693 1.381234 0.709754
vertex 1.354693 1.390988 0.719134
vertex 1.351903 1.390433 0.709754
endloop
endfacet
facet normal -0.279095 -0.084590 -0.956531
outer loop
vertex 1.390988 1.396267 0.650960
vertex 1.382322 1.392677 0.653806
vertex 1.381234 1.396267 0.653806
endloop
endfacet
facet normal -0.279057 -0.084635 -0.956538
outer loop
vertex 1.390988 1.396267 0.650960
vertex 1.381234 1.396267 0.653806
vertex 1.390433 1.398097 0.650960
endloop
endfacet
facet normal -0.952395 -0.288850 0.097514
outer loop
vertex 1.353806 1.380866 0.700000
vertex 1.354693 1.381234 0.709754
vertex 1.351903 1.390433 0.709754
endloop
endfacet
facet normal -0.952341 -0.288990 0.097627
outer loop
vertex 1.353806 1.380866 0.700000
vertex 1.351903 1.390433 0.709754
vertex 1.350960 1.390245 0.700000
endloop
endfacet
facet normal -0.094249 -0.028595 0.995138
outer loop
vertex 1.390988 1.396267 0.749039
vertex 1.400000 1.400000 0.750000
vertex 1.390433 1.398097 0.749039
endloop
endfacet
facet normal -0.094197 -0.028557 -0.995144
outer loop
vertex 1.400000 1.400000 0.650000
vertex 1.390988 1.396267 0.650960
vertex 1.390433 1.398097 0.650960
endloop
endfacet
facet normal -0.952366 -0.288951 -0.097496
outer loop
vertex 1.354693 1.381234 0.690245
vertex 1.353806 1.380866 0.700000
vertex 1.350960 1.390245 0.700000
endloop
endfacet
facet normal -0.952376 -0.288873 -0.097633
outer loop
vertex 1.354693 1.381234 0.690245
vertex 1.350960 1.390245 0.700000
vertex 1.351903 1.390433 0.690245
endloop
endfacet
facet normal -0.278994 -0.084639 0.956555
outer loop
vertex 1.382322 1.392677 0.746194
vertex 1.390988 1.396267 0.749039
vertex 1.390433 1.398097 0.749039
endloop
endfacet
facet normal -0.279013 -0.084543 0.956558
outer loop
vertex 1.382322 1.392677 0.746194
vertex 1.390433 1.398097 0.749039
vertex 1.381234 1.396267 0.746194
endloop
endfacet
facet normal -0.916094 -0.277834 -0.289103
outer loop
vertex 1.357323 1.382322 0.680866
vertex 1.354693 1.381234 0.690245
vertex 1.351903 1.390433 0.690245
endloop
endfacet
facet normal -0.916067 -0.278057 -0.288973
outer loop
vertex 1.357323 1.382322 0.680866
vertex 1.351903 1.390433 0.690245
vertex 1.354693 1.390988 0.680866
endloop
endfacet
facet normal -0.452886 -0.137267 0.880938
outer loop
vertex 1.374336 1.389369 0.741573
vertex 1.382322 1.392677 0.746194
vertex 1.381234 1.396267 0.746194
endloop
endfacet
facet normal -0.452818 -0.137331 0.880963
outer loop
vertex 1.374336 1.389369 0.741573
vertex 1.381234 1.396267 0.746194
vertex 1.372755 1.394581 0.741573
endloop
endfacet
facet normal -0.844855 -0.256388 -0.469558
outer loop
vertex 1.361591 1.384091 0.672221
vertex 1.357323 1.382322 0.680866
vertex 1.354693 1.390988 0.680866
endloop
endfacet
facet normal -0.844831 -0.256184 -0.469713
outer loop
vertex 1.361591 1.384091 0.672221
vertex 1.354693 1.390988 0.680866
vertex 1.359226 1.391890 0.672221
endloop
endfacet
facet normal -0.608762 -0.184663 0.771562
outer loop
vertex 1.367336 1.386470 0.735356
vertex 1.374336 1.389369 0.741573
vertex 1.372755 1.394581 0.741573
endloop
endfacet
facet normal -0.608786 -0.184677 0.771540
outer loop
vertex 1.367336 1.386470 0.735356
vertex 1.372755 1.394581 0.741573
vertex 1.365324 1.393103 0.735356
endloop
endfacet
facet normal -0.741148 -0.224767 -0.632597
outer loop
vertex 1.367336 1.386470 0.664645
vertex 1.361591 1.384091 0.672221
vertex 1.359226 1.391890 0.672221
endloop
endfacet
facet normal -0.741156 -0.224805 -0.632574
outer loop
vertex 1.367336 1.386470 0.664645
vertex 1.359226 1.391890 0.672221
vertex 1.365324 1.393103 0.664645
endloop
endfacet
facet normal -0.990438 -0.097495 -0.097614
outer loop
vertex 1.351903 1.390433 0.690245
vertex 1.350960 1.390245 0.700000
vertex 1.350000 1.400000 0.700000
endloop
endfacet
facet normal -0.990442 -0.097494 -0.097569
outer loop
vertex 1.351903 1.390433 0.690245
vertex 1.350000 1.400000 0.700000
vertex 1.350961 1.400000 0.690245
endloop
endfacet
facet normal -0.290125 -0.028647 0.956560
outer loop
vertex 1.381234 1.396267 0.746194
vertex 1.390433 1.398097 0.749039
vertex 1.390245 1.400000 0.749039
endloop
endfacet
facet normal -0.290180 -0.028601 0.956545
outer loop
vertex 1.381234 1.396267 0.746194
vertex 1.390245 1.400000 0.749039
vertex 1.380866 1.400000 0.746194
endloop
endfacet
facet normal -0.952733 -0.093783 -0.288971
outer loop
vertex 1.354693 1.390988 0.680866
vertex 1.351903 1.390433 0.690245
vertex 1.350961 1.400000 0.690245
endloop
endfacet
facet normal -0.952723 -0.093787 -0.289003
outer loop
vertex 1.354693 1.390988 0.680866
vertex 1.350961 1.400000 0.690245
vertex 1.353806 1.400000 0.680866
endloop
endfacet
facet normal -0.470872 -0.046447 0.880978
outer loop
vertex 1.372755 1.394581 0.741573
vertex 1.381234 1.396267 0.746194
vertex 1.380866 1.400000 0.746194
endloop
endfacet
facet normal -0.470888 -0.046409 0.880971
outer loop
vertex 1.372755 1.394581 0.741573
vertex 1.380866 1.400000 0.746194
vertex 1.372221 1.400000 0.741573
endloop
endfacet
facet normal -0.878579 -0.086498 -0.469699
outer loop
vertex 1.359226 1.391890 0.672221
vertex 1.354693 1.390988 0.680866
vertex 1.353806 1.400000 0.680866
endloop
endfacet
facet normal -0.878609 -0.086553 -0.469632
outer loop
vertex 1.359226 1.391890 0.672221
vertex 1.353806 1.400000 0.680866
vertex 1.358427 1.400000 0.672221
endloop
endfacet
facet normal -0.633097 -0.062373 0.771556
outer loop
vertex 1.365324 1.393103 0.735356
vertex 1.372755 1.394581 0.741573
vertex 1.372221 1.400000 0.741573
endloop
endfacet
facet normal -0.633140 -0.062350 0.771522
outer loop
vertex 1.365324 1.393103 0.735356
vertex 1.372221 1.400000 0.741573
vertex 1.364645 1.400000 0.735356
endloop
endfacet
facet normal -0.770779 -0.075941 -0.632560
outer loop
vertex 1.365324 1.393103 0.664645
vertex 1.359226 1.391890 0.672221
vertex 1.358427 1.400000 0.672221
endloop
endfacet
facet normal -0.770750 -0.075888 -0.632602
outer loop
vertex 1.365324 1.393103 0.664645
vertex 1.358427 1.400000 0.672221
vertex 1.364645 1.400000 0.664645
endloop
endfacet
facet normal -0.770854 -0.075907 0.632473
outer loop
vertex 1.359226 1.391890 0.727778
vertex 1.365324 1.393103 0.735356
vertex 1.364645 1.400000 0.735356
endloop
endfacet
facet normal -0.770840 -0.075928 0.632488
outer loop
vertex 1.359226 1.391890 0.727778
vertex 1.364645 1.400000 0.735356
vertex 1.358427 1.400000 0.727778
endloop
endfacet
facet normal -0.633164 -0.062342 -0.771503
outer loop
vertex 1.372755 1.394581 0.658427
vertex 1.365324 1.393103 0.664645
vertex 1.364645 1.400000 0.664645
endloop
endfacet
facet normal -0.633198 -0.062411 -0.771469
outer loop
vertex 1.372755 1.394581 0.658427
vertex 1.364645 1.400000 0.664645
vertex 1.372221 1.400000 0.658427
endloop
endfacet
facet normal -0.878547 -0.086556 0.469748
outer loop
vertex 1.354693 1.390988 0.719134
vertex 1.359226 1.391890 0.727778
vertex 1.358427 1.400000 0.727778
endloop
endfacet
facet normal -0.878593 -0.086468 0.469679
outer loop
vertex 1.354693 1.390988 0.719134
vertex 1.358427 1.400000 0.727778
vertex 1.353806 1.400000 0.719134
endloop
endfacet
facet normal -0.470884 -0.046408 -0.880974
outer loop
vertex 1.381234 1.396267 0.653806
vertex 1.372755 1.394581 0.658427
vertex 1.372221 1.400000 0.658427
endloop
endfacet
facet normal -0.470900 -0.046448 -0.880963
outer loop
vertex 1.381234 1.396267 0.653806
vertex 1.372221 1.400000 0.658427
vertex 1.380866 1.400000 0.653806
endloop
endfacet
facet normal -0.952742 -0.093757 0.288951
outer loop
vertex 1.351903 1.390433 0.709754
vertex 1.354693 1.390988 0.719134
vertex 1.353806 1.400000 0.719134
endloop
endfacet
facet normal -0.952732 -0.093814 0.288966
outer loop
vertex 1.351903 1.390433 0.709754
vertex 1.353806 1.400000 0.719134
vertex 1.350961 1.400000 0.709754
endloop
endfacet
facet normal -0.290245 -0.028624 -0.956524
outer loop
vertex 1.390433 1.398097 0.650960
vertex 1.381234 1.396267 0.653806
vertex 1.380866 1.400000 0.653806
endloop
endfacet
facet normal -0.290253 -0.028650 -0.956521
outer loop
vertex 1.390433 1.398097 0.650960
vertex 1.380866 1.400000 0.653806
vertex 1.390245 1.400000 0.650960
endloop
endfacet
facet normal -0.990435 -0.097504 0.097630
outer loop
vertex 1.350960 1.390245 0.700000
vertex 1.351903 1.390433 0.709754
vertex 1.350961 1.400000 0.709754
endloop
endfacet
facet normal -0.990444 -0.097466 0.097573
outer loop
vertex 1.350960 1.390245 0.700000
vertex 1.350961 1.400000 0.709754
vertex 1.350000 1.400000 0.700000
endloop
endfacet
facet normal -0.098033 -0.009672 0.995136
outer loop
vertex 1.390433 1.398097 0.749039
vertex 1.400000 1.400000 0.750000
vertex 1.390245 1.400000 0.749039
endloop
endfacet
facet normal -0.097925 -0.009673 -0.995147
outer loop
vertex 1.400000 1.400000 0.650000
vertex 1.390433 1.398097 0.650960
vertex 1.390245 1.400000 0.650960
endloop
endfacet
facet normal -0.633189 0.062336 -0.771483
outer loop
vertex 1.372221 1.400000 0.658427
vertex 1.364645 1.400000 0.664645
vertex 1.365324 1.406898 0.664645
endloop
endfacet
facet normal -0.633155 0.062405 -0.771505
outer loop
vertex 1.372221 1.400000 0.658427
vertex 1.365324 1.406898 0.664645
vertex 1.372755 1.405419 0.658427
endloop
endfacet
facet normal -0.878580 0.086536 0.469690
outer loop
vertex 1.353806 1.400000 0.719134
vertex 1.358427 1.400000 0.727778
vertex 1.359226 1.408110 0.727778
endloop
endfacet
facet normal -0.878561 0.086485 0.469735
outer loop
vertex 1.353806 1.400000 0.719134
vertex 1.359226 1.408110 0.727778
vertex 1.354693 1.409012 0.719134
endloop
endfacet
facet normal -0.470906 0.046411 -0.880961
outer loop
vertex 1.380866 1.400000 0.653806
vertex 1.372221 1.400000 0.658427
vertex 1.372755 1.405419 0.658427
endloop
endfacet
facet normal -0.470889 0.046446 -0.880969
outer loop
vertex 1.380866 1.400000 0.653806
vertex 1.372755 1.405419 0.658427
vertex 1.381234 1.403733 0.653806
endloop
endfacet
facet normal -0.952733 0.093776 0.288974
outer loop
vertex 1.350961 1.400000 0.709754
vertex 1.353806 1.400000 0.719134
vertex 1.354693 1.409012 0.719134
endloop
endfacet
facet normal -0.952738 0.093795 0.288950
outer loop
vertex 1.350961 1.400000 0.709754
vertex 1.354693 1.409012 0.719134
vertex 1.351903 1.409567 0.709754
endloop
endfacet
facet normal -0.290263 0.028626 -0.956519
outer loop
vertex 1.390245 1.400000 0.650960
vertex 1.380866 1.400000 0.653806
vertex 1.381234 1.403733 0.653806
endloop
endfacet
facet normal -0.290198 0.028644 -0.956538
outer loop
vertex 1.390245 1.400000 0.650960
vertex 1.381234 1.403733 0.653806
vertex 1.390433 1.401903 0.650960
endloop
endfacet
facet normal -0.990440 0.097504 0.097578
outer loop
vertex 1.350000 1.400000 0.700000
vertex 1.350961 1.400000 0.709754
vertex 1.351903 1.409567 0.709754
endloop
endfacet
facet normal -0.990439 0.097574 0.097520
outer loop
vertex 1.350000 1.400000 0.700000
vertex 1.351903 1.409567 0.709754
vertex 1.350961 1.409754 0.700000
endloop
endfacet
facet normal -0.098043 0.009673 0.995135
outer loop
vertex 1.390245 1.400000 0.749039
vertex 1.400000 1.400000 0.750000
vertex 1.390433 1.401903 0.749039
endloop
endfacet
facet normal -0.097927 0.009673 -0.995147
outer loop
vertex 1.400000 1.400000 0.650000
vertex 1.390245 1.400000 0.650960
vertex 1.390433 1.401903 0.650960
endloop
endfacet
facet normal -0.990435 0.097564 -0.097567
outer loop
vertex 1.350961 1.400000 0.690245
vertex 1.350000 1.400000 0.700000
vertex 1.350961 1.409754 0.700000
endloop
endfacet
facet normal -0.990444 0.097534 -0.097512
outer loop
vertex 1.350961 1.400000 0.690245
vertex 1.350961 1.409754 0.700000
vertex 1.351903 1.409567 0.690245
endloop
endfacet
facet normal -0.290147 0.028599 0.956555
outer loop
vertex 1.380866 1.400000 0.746194
vertex 1.390245 1.400000 0.749039
vertex 1.390433 1.401903 0.749039
endloop
endfacet
facet normal -0.290165 0.028625 0.956548
outer loop
vertex 1.380866 1.400000 0.746194
vertex 1.390433 1.401903 0.749039
vertex 1.381234 1.403733 0.746194
endloop
endfacet
facet normal -0.952722 0.093822 -0.288997
outer loop
vertex 1.353806 1.400000 0.680866
vertex 1.350961 1.400000 0.690245
vertex 1.351903 1.409567 0.690245
endloop
endfacet
facet normal -0.952732 0.093746 -0.288986
outer loop
vertex 1.353806 1.400000 0.680866
vertex 1.351903 1.409567 0.690245
vertex 1.354693 1.409012 0.680866
endloop
endfacet
facet normal -0.470919 0.046450 0.880953
outer loop
vertex 1.372221 1.400000 0.741573
vertex 1.380866 1.400000 0.746194
vertex 1.381234 1.403733 0.746194
endloop
endfacet
facet normal -0.470867 0.046408 0.880983
outer loop
vertex 1.372221 1.400000 0.741573
vertex 1.381234 1.403733 0.746194
vertex 1.372755 1.405419 0.741573
endloop
endfacet
facet normal -0.878612 0.086480 -0.469641
outer loop
vertex 1.358427 1.400000 0.672221
vertex 1.353806 1.400000 0.680866
vertex 1.354693 1.409012 0.680866
endloop
endfacet
facet normal -0.878568 0.086572 -0.469706
outer loop
vertex 1.358427 1.400000 0.672221
vertex 1.354693 1.409012 0.680866
vertex 1.359226 1.408110 0.672221
endloop
endfacet
facet normal -0.633130 0.062412 0.771526
outer loop
vertex 1.364645 1.400000 0.735356
vertex 1.372221 1.400000 0.741573
vertex 1.372755 1.405419 0.741573
endloop
endfacet
facet normal -0.633096 0.062310 0.771561
outer loop
vertex 1.364645 1.400000 0.735356
vertex 1.372755 1.405419 0.741573
vertex 1.365324 1.406898 0.735356
endloop
endfacet
facet normal -0.770754 0.075940 -0.632591
outer loop
vertex 1.364645 1.400000 0.664645
vertex 1.358427 1.400000 0.672221
vertex 1.359226 1.408110 0.672221
endloop
endfacet
facet normal -0.770790 0.075879 -0.632554
outer loop
vertex 1.364645 1.400000 0.664645
vertex 1.359226 1.408110 0.672221
vertex 1.365324 1.406898 0.664645
endloop
endfacet
facet normal -0.770842 0.075865 0.632493
outer loop
vertex 1.358427 1.400000 0.727778
vertex 1.364645 1.400000 0.735356
vertex 1.365324 1.406898 0.735356
endloop
endfacet
facet normal -0.770859 0.075953 0.632462
outer loop
vertex 1.358427 1.400000 0.727778
vertex 1.365324 1.406898 0.735356
vertex 1.359226 1.408110 0.727778
endloop
endfacet
facet normal -0.916122 0.277882 -0.288968
outer loop
vertex 1.354693 1.409012 0.680866
vertex 1.351903 1.409567 0.690245
vertex 1.354693 1.418766 0.690245
endloop
endfacet
facet normal -0.916016 0.278035 -0.289157
outer loop
vertex 1.354693 1.409012 0.680866
vertex 1.354693 1.418766 0.690245
vertex 1.357323 1.417677 0.680866
endloop
endfacet
facet normal -0.452853 0.137223 0.880962
outer loop
vertex 1.372755 1.405419 0.741573
vertex 1.381234 1.403733 0.746194
vertex 1.382322 1.407322 0.746194
endloop
endfacet
facet normal -0.452842 0.137412 0.880938
outer loop
vertex 1.372755 1.405419 0.741573
vertex 1.382322 1.407322 0.746194
vertex 1.374336 1.410630 0.741573
endloop
endfacet
facet normal -0.844777 0.256378 -0.469704
outer loop
vertex 1.359226 1.408110 0.672221
vertex 1.354693 1.409012 0.680866
vertex 1.357323 1.417677 0.680866
endloop
endfacet
facet normal -0.844921 0.256232 -0.469525
outer loop
vertex 1.359226 1.408110 0.672221
vertex 1.357323 1.417677 0.680866
vertex 1.361591 1.415909 0.672221
endloop
endfacet
facet normal -0.608747 0.184695 0.771567
outer loop
vertex 1.365324 1.406898 0.735356
vertex 1.372755 1.405419 0.741573
vertex 1.374336 1.410630 0.741573
endloop
endfacet
facet normal -0.608738 0.184692 0.771574
outer loop
vertex 1.365324 1.406898 0.735356
vertex 1.374336 1.410630 0.741573
vertex 1.367336 1.413530 0.735356
endloop
endfacet
facet normal -0.741195 0.224738 -0.632553
outer loop
vertex 1.365324 1.406898 0.664645
vertex 1.359226 1.408110 0.672221
vertex 1.361591 1.415909 0.672221
endloop
endfacet
facet normal -0.741100 0.224874 -0.632616
outer loop
vertex 1.365324 1.406898 0.664645
vertex 1.361591 1.415909 0.672221
vertex 1.367336 1.413530 0.664645
endloop
endfacet
facet normal -0.741246 0.224861 0.632449
outer loop
vertex 1.359226 1.408110 0.727778
vertex 1.365324 1.406898 0.735356
vertex 1.367336 1.413530 0.735356
endloop
endfacet
facet normal -0.741213 0.224778 0.632518
outer loop
vertex 1.359226 1.408110 0.727778
vertex 1.367336 1.413530 0.735356
vertex 1.361591 1.415909 0.727778
endloop
endfacet
facet normal -0.608819 0.184685 -0.771512
outer loop
vertex 1.372755 1.405419 0.658427
vertex 1.365324 1.406898 0.664645
vertex 1.367336 1.413530 0.664645
endloop
endfacet
facet normal -0.608777 0.184713 -0.771538
outer loop
vertex 1.372755 1.405419 0.658427
vertex 1.367336 1.413530 0.664645
vertex 1.374336 1.410630 0.658427
endloop
endfacet
facet normal -0.844812 0.256180 0.469750
outer loop
vertex 1.354693 1.409012 0.719134
vertex 1.359226 1.408110 0.727778
vertex 1.361591 1.415909 0.727778
endloop
endfacet
facet normal -0.844838 0.256420 0.469572
outer loop
vertex 1.354693 1.409012 0.719134
vertex 1.361591 1.415909 0.727778
vertex 1.357323 1.417677 0.719134
endloop
endfacet
facet normal -0.452828 0.137355 -0.880954
outer loop
vertex 1.381234 1.403733 0.653806
vertex 1.372755 1.405419 0.658427
vertex 1.374336 1.410630 0.658427
endloop
endfacet
facet normal -0.452858 0.137305 -0.880946
outer loop
vertex 1.381234 1.403733 0.653806
vertex 1.374336 1.410630 0.658427
vertex 1.382322 1.407322 0.653806
endloop
endfacet
facet normal -0.916076 0.278063 0.288938
outer loop
vertex 1.351903 1.409567 0.709754
vertex 1.354693 1.409012 0.719134
vertex 1.357323 1.417677 0.719134
endloop
endfacet
facet normal -0.916087 0.277842 0.289118
outer loop
vertex 1.351903 1.409567 0.709754
vertex 1.357323 1.417677 0.719134
vertex 1.354693 1.418766 0.709754
endloop
endfacet
facet normal -0.279097 0.084614 -0.956528
outer loop
vertex 1.390433 1.401903 0.650960
vertex 1.381234 1.403733 0.653806
vertex 1.382322 1.407322 0.653806
endloop
endfacet
facet normal -0.279060 0.084644 -0.956536
outer loop
vertex 1.390433 1.401903 0.650960
vertex 1.382322 1.407322 0.653806
vertex 1.390988 1.403733 0.650960
endloop
endfacet
facet normal -0.952385 0.288887 0.097508
outer loop
vertex 1.350961 1.409754 0.700000
vertex 1.351903 1.409567 0.709754
vertex 1.354693 1.418766 0.709754
endloop
endfacet
facet normal -0.952398 0.288839 0.097520
outer loop
vertex 1.350961 1.409754 0.700000
vertex 1.354693 1.418766 0.709754
vertex 1.353806 1.419134 0.700000
endloop
endfacet
facet normal -0.094237 0.028596 0.995139
outer loop
vertex 1.390433 1.401903 0.749039
vertex 1.400000 1.400000 0.750000
vertex 1.390988 1.403733 0.749039
endloop
endfacet
facet normal -0.094203 0.028559 -0.995143
outer loop
vertex 1.400000 1.400000 0.650000
vertex 1.390433 1.401903 0.650960
vertex 1.390988 1.403733 0.650960
endloop
endfacet
facet normal -0.952391 0.288865 -0.097506
outer loop
vertex 1.351903 1.409567 0.690245
vertex 1.350961 1.409754 0.700000
vertex 1.353806 1.419134 0.700000
endloop
endfacet
facet normal -0.952399 0.288841 -0.097502
outer loop
vertex 1.351903 1.409567 0.690245
vertex 1.353806 1.419134 0.700000
vertex 1.354693 1.418766 0.690245
endloop
endfacet
facet normal -0.278993 0.084642 0.956556
outer loop
vertex 1.381234 1.403733 0.746194
vertex 1.390433 1.401903 0.749039
vertex 1.390988 1.403733 0.749039
endloop
endfacet
facet normal -0.279017 0.084565 0.956556
outer loop
vertex 1.381234 1.403733 0.746194
vertex 1.390988 1.403733 0.749039
vertex 1.382322 1.407322 0.746194
endloop
endfacet
facet normal -0.417363 0.223046 -0.880942
outer loop
vertex 1.382322 1.407322 0.653806
vertex 1.374336 1.410630 0.658427
vertex 1.376903 1.415433 0.658427
endloop
endfacet
facet normal -0.417259 0.223152 -0.880964
outer loop
vertex 1.382322 1.407322 0.653806
vertex 1.376903 1.415433 0.658427
vertex 1.384091 1.410630 0.653806
endloop
endfacet
facet normal -0.844312 0.451171 0.289106
outer loop
vertex 1.354693 1.418766 0.709754
vertex 1.357323 1.417677 0.719134
vertex 1.361591 1.425664 0.719134
endloop
endfacet
facet normal -0.844259 0.451364 0.288959
outer loop
vertex 1.354693 1.418766 0.709754
vertex 1.361591 1.425664 0.719134
vertex 1.359226 1.427245 0.709754
endloop
endfacet
facet normal -0.257182 0.137533 -0.956526
outer loop
vertex 1.390988 1.403733 0.650960
vertex 1.382322 1.407322 0.653806
vertex 1.384091 1.410630 0.653806
endloop
endfacet
facet normal -0.257127 0.137547 -0.956539
outer loop
vertex 1.390988 1.403733 0.650960
vertex 1.384091 1.410630 0.653806
vertex 1.391890 1.405419 0.650960
endloop
endfacet
facet normal -0.877676 0.469230 0.097511
outer loop
vertex 1.353806 1.419134 0.700000
vertex 1.354693 1.418766 0.709754
vertex 1.359226 1.427245 0.709754
endloop
endfacet
facet normal -0.877685 0.469210 0.097525
outer loop
vertex 1.353806 1.419134 0.700000
vertex 1.359226 1.427245 0.709754
vertex 1.358427 1.427778 0.700000
endloop
endfacet
facet normal -0.086872 0.046482 0.995135
outer loop
vertex 1.390988 1.403733 0.749039
vertex 1.400000 1.400000 0.750000
vertex 1.391890 1.405419 0.749039
endloop
endfacet
facet normal -0.086752 0.046434 -0.995147
outer loop
vertex 1.400000 1.400000 0.650000
vertex 1.390988 1.403733 0.650960
vertex 1.391890 1.405419 0.650960
endloop
endfacet
facet normal -0.877681 0.469221 -0.097510
outer loop
vertex 1.354693 1.418766 0.690245
vertex 1.353806 1.419134 0.700000
vertex 1.358427 1.427778 0.700000
endloop
endfacet
facet normal -0.877683 0.469218 -0.097505
outer loop
vertex 1.354693 1.418766 0.690245
vertex 1.358427 1.427778 0.700000
vertex 1.359226 1.427245 0.690245
endloop
endfacet
facet normal -0.257075 0.137523 0.956556
outer loop
vertex 1.382322 1.407322 0.746194
vertex 1.390988 1.403733 0.749039
vertex 1.391890 1.405419 0.749039
endloop
endfacet
facet normal -0.257075 0.137473 0.956563
outer loop
vertex 1.382322 1.407322 0.746194
vertex 1.391890 1.405419 0.749039
vertex 1.384091 1.410630 0.746194
endloop
endfacet
facet normal -0.844222 0.451312 -0.289149
outer loop
vertex 1.357323 1.417677 0.680866
vertex 1.354693 1.418766 0.690245
vertex 1.359226 1.427245 0.690245
endloop
endfacet
facet normal -0.844341 0.451200 -0.288978
outer loop
vertex 1.357323 1.417677 0.680866
vertex 1.359226 1.427245 0.690245
vertex 1.361591 1.425664 0.680866
endloop
endfacet
facet normal -0.417297 0.223172 0.880941
outer loop
vertex 1.374336 1.410630 0.741573
vertex 1.382322 1.407322 0.746194
vertex 1.384091 1.410630 0.746194
endloop
endfacet
facet normal -0.417337 0.223033 0.880958
outer loop
vertex 1.374336 1.410630 0.741573
vertex 1.384091 1.410630 0.746194
vertex 1.376903 1.415433 0.741573
endloop
endfacet
facet normal -0.778707 0.416116 -0.469535
outer loop
vertex 1.361591 1.415909 0.672221
vertex 1.357323 1.417677 0.680866
vertex 1.361591 1.425664 0.680866
endloop
endfacet
facet normal -0.778625 0.416180 -0.469614
outer loop
vertex 1.361591 1.415909 0.672221
vertex 1.361591 1.425664 0.680866
vertex 1.365433 1.423097 0.672221
endloop
endfacet
facet normal -0.561059 0.299871 0.771551
outer loop
vertex 1.367336 1.413530 0.735356
vertex 1.374336 1.410630 0.741573
vertex 1.376903 1.415433 0.741573
endloop
endfacet
facet normal -0.561025 0.299873 0.771574
outer loop
vertex 1.367336 1.413530 0.735356
vertex 1.376903 1.415433 0.741573
vertex 1.370603 1.419642 0.735356
endloop
endfacet
facet normal -0.683046 0.365067 -0.632594
outer loop
vertex 1.367336 1.413530 0.664645
vertex 1.361591 1.415909 0.672221
vertex 1.365433 1.423097 0.672221
endloop
endfacet
facet normal -0.683025 0.365070 -0.632614
outer loop
vertex 1.367336 1.413530 0.664645
vertex 1.365433 1.423097 0.672221
vertex 1.370603 1.419642 0.664645
endloop
endfacet
facet normal -0.683115 0.365128 0.632484
outer loop
vertex 1.361591 1.415909 0.727778
vertex 1.367336 1.413530 0.735356
vertex 1.370603 1.419642 0.735356
endloop
endfacet
facet normal -0.683104 0.365094 0.632515
outer loop
vertex 1.361591 1.415909 0.727778
vertex 1.370603 1.419642 0.735356
vertex 1.365433 1.423097 0.727778
endloop
endfacet
facet normal -0.561103 0.299911 -0.771503
outer loop
vertex 1.374336 1.410630 0.658427
vertex 1.367336 1.413530 0.664645
vertex 1.370603 1.419642 0.664645
endloop
endfacet
facet normal -0.561098 0.299910 -0.771507
outer loop
vertex 1.374336 1.410630 0.658427
vertex 1.370603 1.419642 0.664645
vertex 1.376903 1.415433 0.658427
endloop
endfacet
facet normal -0.778639 0.416169 0.469600
outer loop
vertex 1.357323 1.417677 0.719134
vertex 1.361591 1.415909 0.727778
vertex 1.365433 1.423097 0.727778
endloop
endfacet
facet normal -0.778653 0.416112 0.469628
outer loop
vertex 1.357323 1.417677 0.719134
vertex 1.365433 1.423097 0.727778
vertex 1.361591 1.425664 0.719134
endloop
endfacet
facet normal -0.365846 0.300111 0.880960
outer loop
vertex 1.376903 1.415433 0.741573
vertex 1.384091 1.410630 0.746194
vertex 1.386470 1.413530 0.746194
endloop
endfacet
facet normal -0.365806 0.300194 0.880948
outer loop
vertex 1.376903 1.415433 0.741573
vertex 1.386470 1.413530 0.746194
vertex 1.380357 1.419642 0.741573
endloop
endfacet
facet normal -0.682468 0.560107 -0.469592
outer loop
vertex 1.365433 1.423097 0.672221
vertex 1.361591 1.425664 0.680866
vertex 1.367336 1.432664 0.680866
endloop
endfacet
facet normal -0.682507 0.560062 -0.469589
outer loop
vertex 1.365433 1.423097 0.672221
vertex 1.367336 1.432664 0.680866
vertex 1.370603 1.429397 0.672221
endloop
endfacet
facet normal -0.491778 0.403538 0.771564
outer loop
vertex 1.370603 1.419642 0.735356
vertex 1.376903 1.415433 0.741573
vertex 1.380357 1.419642 0.741573
endloop
endfacet
facet normal -0.491775 0.403573 0.771548
outer loop
vertex 1.370603 1.419642 0.735356
vertex 1.380357 1.419642 0.741573
vertex 1.375000 1.425000 0.735356
endloop
endfacet
facet normal -0.598671 0.491325 -0.632608
outer loop
vertex 1.370603 1.419642 0.664645
vertex 1.365433 1.423097 0.672221
vertex 1.370603 1.429397 0.672221
endloop
endfacet
facet normal -0.598682 0.491302 -0.632616
outer loop
vertex 1.370603 1.419642 0.664645
vertex 1.370603 1.429397 0.672221
vertex 1.375000 1.425000 0.664645
endloop
endfacet
facet normal -0.598731 0.491389 0.632502
outer loop
vertex 1.365433 1.423097 0.727778
vertex 1.370603 1.419642 0.735356
vertex 1.375000 1.425000 0.735356
endloop
endfacet
facet normal -0.598741 0.491360 0.632514
outer loop
vertex 1.365433 1.423097 0.727778
vertex 1.375000 1.425000 0.735356
vertex 1.370603 1.429397 0.727778
endloop
endfacet
facet normal -0.491811 0.403595 -0.771513
outer loop
vertex 1.376903 1.415433 0.658427
vertex 1.370603 1.419642 0.664645
vertex 1.375000 1.425000 0.664645
endloop
endfacet
facet normal -0.491837 0.403592 -0.771499
outer loop
vertex 1.376903 1.415433 0.658427
vertex 1.375000 1.425000 0.664645
vertex 1.380357 1.419642 0.658427
endloop
endfacet
facet normal -0.682470 0.560047 0.469662
outer loop
vertex 1.361591 1.425664 0.719134
vertex 1.365433 1.423097 0.727778
vertex 1.370603 1.429397 0.727778
endloop
endfacet
facet normal -0.682464 0.560105 0.469601
outer loop
vertex 1.361591 1.425664 0.719134
vertex 1.370603 1.429397 0.727778
vertex 1.367336 1.432664 0.719134
endloop
endfacet
facet normal -0.365782 0.300181 -0.880962
outer loop
vertex 1.384091 1.410630 0.653806
vertex 1.376903 1.415433 0.658427
vertex 1.380357 1.419642 0.658427
endloop
endfacet
facet normal -0.365868 0.300139 -0.880941
outer loop
vertex 1.384091 1.410630 0.653806
vertex 1.380357 1.419642 0.658427
vertex 1.386470 1.413530 0.653806
endloop
endfacet
facet normal -0.740025 0.607337 0.288973
outer loop
vertex 1.359226 1.427245 0.709754
vertex 1.361591 1.425664 0.719134
vertex 1.367336 1.432664 0.719134
endloop
endfacet
facet normal -0.740040 0.607305 0.288999
outer loop
vertex 1.359226 1.427245 0.709754
vertex 1.367336 1.432664 0.719134
vertex 1.365324 1.434676 0.709754
endloop
endfacet
facet normal -0.225477 0.184941 -0.956534
outer loop
vertex 1.391890 1.405419 0.650960
vertex 1.384091 1.410630 0.653806
vertex 1.386470 1.413530 0.653806
endloop
endfacet
facet normal -0.225485 0.184968 -0.956527
outer loop
vertex 1.391890 1.405419 0.650960
vertex 1.386470 1.413530 0.653806
vertex 1.393103 1.406898 0.650960
endloop
endfacet
facet normal -0.769345 0.631344 0.097530
outer loop
vertex 1.358427 1.427778 0.700000
vertex 1.359226 1.427245 0.709754
vertex 1.365324 1.434676 0.709754
endloop
endfacet
facet normal -0.769383 0.631294 0.097558
outer loop
vertex 1.358427 1.427778 0.700000
vertex 1.365324 1.434676 0.709754
vertex 1.364645 1.435356 0.700000
endloop
endfacet
facet normal -0.076165 0.062464 0.995137
outer loop
vertex 1.391890 1.405419 0.749039
vertex 1.400000 1.400000 0.750000
vertex 1.393103 1.406898 0.749039
endloop
endfacet
facet normal -0.076093 0.062404 -0.995146
outer loop
vertex 1.400000 1.400000 0.650000
vertex 1.391890 1.405419 0.650960
vertex 1.393103 1.406898 0.650960
endloop
endfacet
facet normal -0.769382 0.631305 -0.097492
outer loop
vertex 1.359226 1.427245 0.690245
vertex 1.358427 1.427778 0.700000
vertex 1.364645 1.435356 0.700000
endloop
endfacet
facet normal -0.769343 0.631341 -0.097567
outer loop
vertex 1.359226 1.427245 0.690245
vertex 1.364645 1.435356 0.700000
vertex 1.365324 1.434676 0.690245
endloop
endfacet
facet normal -0.225424 0.184900 0.956554
outer loop
vertex 1.384091 1.410630 0.746194
vertex 1.391890 1.405419 0.749039
vertex 1.393103 1.406898 0.749039
endloop
endfacet
facet normal -0.225388 0.184905 0.956562
outer loop
vertex 1.384091 1.410630 0.746194
vertex 1.393103 1.406898 0.749039
vertex 1.386470 1.413530 0.746194
endloop
endfacet
facet normal -0.740056 0.607294 -0.288981
outer loop
vertex 1.361591 1.425664 0.680866
vertex 1.359226 1.427245 0.690245
vertex 1.365324 1.434676 0.690245
endloop
endfacet
facet normal -0.739995 0.607339 -0.289046
outer loop
vertex 1.361591 1.425664 0.680866
vertex 1.365324 1.434676 0.690245
vertex 1.367336 1.432664 0.680866
endloop
endfacet
facet normal -0.607330 0.740002 0.289044
outer loop
vertex 1.365324 1.434676 0.709754
vertex 1.367336 1.432664 0.719134
vertex 1.374336 1.438409 0.719134
endloop
endfacet
facet normal -0.607277 0.740111 0.288878
outer loop
vertex 1.365324 1.434676 0.709754
vertex 1.374336 1.438409 0.719134
vertex 1.372756 1.440774 0.709754
endloop
endfacet
facet normal -0.185004 0.225466 -0.956524
outer loop
vertex 1.393103 1.406898 0.650960
vertex 1.386470 1.413530 0.653806
vertex 1.389369 1.415909 0.653806
endloop
endfacet
facet normal -0.184881 0.225422 -0.956558
outer loop
vertex 1.393103 1.406898 0.650960
vertex 1.389369 1.415909 0.653806
vertex 1.394581 1.408110 0.650960
endloop
endfacet
facet normal -0.631282 0.769388 0.097599
outer loop
vertex 1.364645 1.435356 0.700000
vertex 1.365324 1.434676 0.709754
vertex 1.372756 1.440774 0.709754
endloop
endfacet
facet normal -0.631344 0.769331 0.097646
outer loop
vertex 1.364645 1.435356 0.700000
vertex 1.372756 1.440774 0.709754
vertex 1.372221 1.441573 0.700000
endloop
endfacet
facet normal -0.062440 0.076176 0.995137
outer loop
vertex 1.393103 1.406898 0.749039
vertex 1.400000 1.400000 0.750000
vertex 1.394581 1.408110 0.749039
endloop
endfacet
facet normal -0.062413 0.076112 -0.995144
outer loop
vertex 1.400000 1.400000 0.650000
vertex 1.393103 1.406898 0.650960
vertex 1.394581 1.408110 0.650960
endloop
endfacet
facet normal -0.631329 0.769350 -0.097591
outer loop
vertex 1.365324 1.434676 0.690245
vertex 1.364645 1.435356 0.700000
vertex 1.372221 1.441573 0.700000
endloop
endfacet
facet normal -0.631283 0.769382 -0.097634
outer loop
vertex 1.365324 1.434676 0.690245
vertex 1.372221 1.441573 0.700000
vertex 1.372756 1.440774 0.690245
endloop
endfacet
facet normal -0.184882 0.225439 0.956554
outer loop
vertex 1.386470 1.413530 0.746194
vertex 1.393103 1.406898 0.749039
vertex 1.394581 1.408110 0.749039
endloop
endfacet
facet normal -0.184956 0.225342 0.956563
outer loop
vertex 1.386470 1.413530 0.746194
vertex 1.394581 1.408110 0.749039
vertex 1.389369 1.415909 0.746194
endloop
endfacet
facet normal -0.607253 0.740071 -0.289031
outer loop
vertex 1.367336 1.432664 0.680866
vertex 1.365324 1.434676 0.690245
vertex 1.372756 1.440774 0.690245
endloop
endfacet
facet normal -0.607349 0.740031 -0.288931
outer loop
vertex 1.367336 1.432664 0.680866
vertex 1.372756 1.440774 0.690245
vertex 1.374336 1.438409 0.680866
endloop
endfacet
facet normal -0.300179 0.365787 0.880961
outer loop
vertex 1.380357 1.419642 0.741573
vertex 1.386470 1.413530 0.746194
vertex 1.389369 1.415909 0.746194
endloop
endfacet
facet normal -0.300204 0.365799 0.880947
outer loop
vertex 1.380357 1.419642 0.741573
vertex 1.389369 1.415909 0.746194
vertex 1.384567 1.423097 0.741573
endloop
endfacet
facet normal -0.560129 0.682476 -0.469555
outer loop
vertex 1.370603 1.429397 0.672221
vertex 1.367336 1.432664 0.680866
vertex 1.374336 1.438409 0.680866
endloop
endfacet
facet normal -0.560055 0.682507 -0.469598
outer loop
vertex 1.370603 1.429397 0.672221
vertex 1.374336 1.438409 0.680866
vertex 1.376903 1.434567 0.672221
endloop
endfacet
facet normal -0.403581 0.491761 0.771553
outer loop
vertex 1.375000 1.425000 0.735356
vertex 1.380357 1.419642 0.741573
vertex 1.384567 1.423097 0.741573
endloop
endfacet
facet normal -0.403596 0.491707 0.771579
outer loop
vertex 1.375000 1.425000 0.735356
vertex 1.384567 1.423097 0.741573
vertex 1.380357 1.429397 0.735356
endloop
endfacet
facet normal -0.491301 0.598675 -0.632623
outer loop
vertex 1.375000 1.425000 0.664645
vertex 1.370603 1.429397 0.672221
vertex 1.376903 1.434567 0.672221
endloop
endfacet
facet normal -0.491375 0.598667 -0.632572
outer loop
vertex 1.375000 1.425000 0.664645
vertex 1.376903 1.434567 0.672221
vertex 1.380357 1.429397 0.664645
endloop
endfacet
facet normal -0.491416 0.598668 0.632540
outer loop
vertex 1.370603 1.429397 0.727778
vertex 1.375000 1.425000 0.735356
vertex 1.380357 1.429397 0.735356
endloop
endfacet
facet normal -0.491361 0.598779 0.632477
outer loop
vertex 1.370603 1.429397 0.727778
vertex 1.380357 1.429397 0.735356
vertex 1.376903 1.434567 0.727778
endloop
endfacet
facet normal -0.403650 0.491772 -0.771510
outer loop
vertex 1.380357 1.419642 0.658427
vertex 1.375000 1.425000 0.664645
vertex 1.380357 1.429397 0.664645
endloop
endfacet
facet normal -0.403595 0.491809 -0.771515
outer loop
vertex 1.380357 1.419642 0.658427
vertex 1.380357 1.429397 0.664645
vertex 1.384567 1.423097 0.658427
endloop
endfacet
facet normal -0.560065 0.682496 0.469603
outer loop
vertex 1.367336 1.432664 0.719134
vertex 1.370603 1.429397 0.727778
vertex 1.376903 1.434567 0.727778
endloop
endfacet
facet normal -0.560102 0.682442 0.469637
outer loop
vertex 1.367336 1.432664 0.719134
vertex 1.376903 1.434567 0.727778
vertex 1.374336 1.438409 0.719134
endloop
endfacet
facet normal -0.300203 0.365791 -0.880952
outer loop
vertex 1.386470 1.413530 0.653806
vertex 1.380357 1.419642 0.658427
vertex 1.384567 1.423097 0.658427
endloop
endfacet
facet normal -0.300187 0.365799 -0.880954
outer loop
vertex 1.386470 1.413530 0.653806
vertex 1.384567 1.423097 0.658427
vertex 1.389369 1.415909 0.653806
endloop
endfacet
facet normal -0.416153 0.778640 -0.469613
outer loop
vertex 1.376903 1.434567 0.672221
vertex 1.374336 1.438409 0.680866
vertex 1.382322 1.442677 0.680866
endloop
endfacet
facet normal -0.416177 0.778649 -0.469577
outer loop
vertex 1.376903 1.434567 0.672221
vertex 1.382322 1.442677 0.680866
vertex 1.384091 1.438409 0.672221
endloop
endfacet
facet normal -0.299891 0.561017 0.771573
outer loop
vertex 1.380357 1.429397 0.735356
vertex 1.384567 1.423097 0.741573
vertex 1.389369 1.425664 0.741573
endloop
endfacet
facet normal -0.299853 0.561070 0.771550
outer loop
vertex 1.380357 1.429397 0.735356
vertex 1.389369 1.425664 0.741573
vertex 1.386470 1.432664 0.735356
endloop
endfacet
facet normal -0.365096 0.683055 -0.632567
outer loop
vertex 1.380357 1.429397 0.664645
vertex 1.376903 1.434567 0.672221
vertex 1.384091 1.438409 0.672221
endloop
endfacet
facet normal -0.365047 0.683048 -0.632602
outer loop
vertex 1.380357 1.429397 0.664645
vertex 1.384091 1.438409 0.672221
vertex 1.386470 1.432664 0.664645
endloop
endfacet
facet normal -0.365101 0.683147 0.632465
outer loop
vertex 1.376903 1.434567 0.727778
vertex 1.380357 1.429397 0.735356
vertex 1.386470 1.432664 0.735356
endloop
endfacet
facet normal -0.365113 0.683110 0.632497
outer loop
vertex 1.376903 1.434567 0.727778
vertex 1.386470 1.432664 0.735356
vertex 1.384091 1.438409 0.727778
endloop
endfacet
facet normal -0.299859 0.561101 -0.771524
outer loop
vertex 1.384567 1.423097 0.658427
vertex 1.380357 1.429397 0.664645
vertex 1.386470 1.432664 0.664645
endloop
endfacet
facet normal -0.299929 0.561074 -0.771517
outer loop
vertex 1.384567 1.423097 0.658427
vertex 1.386470 1.432664 0.664645
vertex 1.389369 1.425664 0.658427
endloop
endfacet
facet normal -0.416162 0.778604 0.469665
outer loop
vertex 1.374336 1.438409 0.719134
vertex 1.376903 1.434567 0.727778
vertex 1.384091 1.438409 0.727778
endloop
endfacet
facet normal -0.416149 0.778638 0.469620
outer loop
vertex 1.374336 1.438409 0.719134
vertex 1.384091 1.438409 0.727778
vertex 1.382322 1.442677 0.719134
endloop
endfacet
facet normal -0.223074 0.417302 -0.880964
outer loop
vertex 1.389369 1.415909 0.653806
vertex 1.384567 1.423097 0.658427
vertex 1.389369 1.425664 0.658427
endloop
endfacet
facet normal -0.223033 0.417310 -0.880970
outer loop
vertex 1.389369 1.415909 0.653806
vertex 1.389369 1.425664 0.658427
vertex 1.392677 1.417677 0.653806
endloop
endfacet
facet normal -0.451259 0.844329 0.288917
outer loop
vertex 1.372756 1.440774 0.709754
vertex 1.374336 1.438409 0.719134
vertex 1.382322 1.442677 0.719134
endloop
endfacet
facet normal -0.451381 0.844223 0.289037
outer loop
vertex 1.372756 1.440774 0.709754
vertex 1.382322 1.442677 0.719134
vertex 1.381234 1.445307 0.709754
endloop
endfacet
facet normal -0.137459 0.257197 -0.956533
outer loop
vertex 1.394581 1.408110 0.650960
vertex 1.389369 1.415909 0.653806
vertex 1.392677 1.417677 0.653806
endloop
endfacet
facet normal -0.137560 0.257151 -0.956531
outer loop
vertex 1.394581 1.408110 0.650960
vertex 1.392677 1.417677 0.653806
vertex 1.396267 1.409012 0.650960
endloop
endfacet
facet normal -0.469253 0.877650 0.097635
outer loop
vertex 1.372221 1.441573 0.700000
vertex 1.372756 1.440774 0.709754
vertex 1.381234 1.445307 0.709754
endloop
endfacet
facet normal -0.469157 0.877716 0.097504
outer loop
vertex 1.372221 1.441573 0.700000
vertex 1.381234 1.445307 0.709754
vertex 1.380866 1.446194 0.700000
endloop
endfacet
facet normal -0.046434 0.086877 0.995136
outer loop
vertex 1.394581 1.408110 0.749039
vertex 1.400000 1.400000 0.750000
vertex 1.396267 1.409012 0.749039
endloop
endfacet
facet normal -0.046428 0.086778 -0.995145
outer loop
vertex 1.400000 1.400000 0.650000
vertex 1.394581 1.408110 0.650960
vertex 1.396267 1.409012 0.650960
endloop
endfacet
facet normal -0.469153 0.877706 -0.097609
outer loop
vertex 1.372756 1.440774 0.690245
vertex 1.372221 1.441573 0.700000
vertex 1.380866 1.446194 0.700000
endloop
endfacet
facet normal -0.469259 0.877661 -0.097508
outer loop
vertex 1.372756 1.440774 0.690245
vertex 1.380866 1.446194 0.700000
vertex 1.381234 1.445307 0.690245
endloop
endfacet
facet normal -0.137475 0.257070 0.956564
outer loop
vertex 1.389369 1.415909 0.746194
vertex 1.394581 1.408110 0.749039
vertex 1.396267 1.409012 0.749039
endloop
endfacet
facet normal -0.137431 0.257153 0.956549
outer loop
vertex 1.389369 1.415909 0.746194
vertex 1.396267 1.409012 0.749039
vertex 1.392677 1.417677 0.746194
endloop
endfacet
facet normal -0.451409 0.844249 -0.288918
outer loop
vertex 1.374336 1.438409 0.680866
vertex 1.372756 1.440774 0.690245
vertex 1.381234 1.445307 0.690245
endloop
endfacet
facet normal -0.451222 0.844286 -0.289103
outer loop
vertex 1.374336 1.438409 0.680866
vertex 1.381234 1.445307 0.690245
vertex 1.382322 1.442677 0.680866
endloop
endfacet
facet normal -0.223049 0.417329 0.880957
outer loop
vertex 1.384567 1.423097 0.741573
vertex 1.389369 1.415909 0.746194
vertex 1.392677 1.417677 0.746194
endloop
endfacet
facet normal -0.223067 0.417288 0.880972
outer loop
vertex 1.384567 1.423097 0.741573
vertex 1.392677 1.417677 0.746194
vertex 1.389369 1.425664 0.741573
endloop
endfacet
facet normal -0.084659 0.279096 -0.956524
outer loop
vertex 1.396267 1.409012 0.650960
vertex 1.392677 1.417677 0.653806
vertex 1.396267 1.418766 0.653806
endloop
endfacet
facet normal -0.084643 0.279083 -0.956529
outer loop
vertex 1.396267 1.409012 0.650960
vertex 1.396267 1.418766 0.653806
vertex 1.398097 1.409567 0.650960
endloop
endfacet
facet normal -0.288856 0.952394 0.097511
outer loop
vertex 1.380866 1.446194 0.700000
vertex 1.381234 1.445307 0.709754
vertex 1.390433 1.448097 0.709754
endloop
endfacet
facet normal -0.288900 0.952377 0.097540
outer loop
vertex 1.380866 1.446194 0.700000
vertex 1.390433 1.448097 0.709754
vertex 1.390245 1.449039 0.700000
endloop
endfacet
facet normal -0.028557 0.094272 0.995137
outer loop
vertex 1.396267 1.409012 0.749039
vertex 1.400000 1.400000 0.750000
vertex 1.398097 1.409567 0.749039
endloop
endfacet
facet normal -0.028542 0.094185 -0.995145
outer loop
vertex 1.400000 1.400000 0.650000
vertex 1.396267 1.409012 0.650960
vertex 1.398097 1.409567 0.650960
endloop
endfacet
facet normal -0.288900 0.952382 -0.097489
outer loop
vertex 1.381234 1.445307 0.690245
vertex 1.380866 1.446194 0.700000
vertex 1.390245 1.449039 0.700000
endloop
endfacet
facet normal -0.288861 0.952389 -0.097544
outer loop
vertex 1.381234 1.445307 0.690245
vertex 1.390245 1.449039 0.700000
vertex 1.390433 1.448097 0.690245
endloop
endfacet
facet normal -0.084627 0.278952 0.956569
outer loop
vertex 1.392677 1.417677 0.746194
vertex 1.396267 1.409012 0.749039
vertex 1.398097 1.409567 0.749039
endloop
endfacet
facet normal -0.084639 0.279000 0.956554
outer loop
vertex 1.392677 1.417677 0.746194
vertex 1.398097 1.409567 0.749039
vertex 1.396267 1.418766 0.746194
endloop
endfacet
facet normal -0.277841 0.916091 -0.289106
outer loop
vertex 1.382322 1.442677 0.680866
vertex 1.381234 1.445307 0.690245
vertex 1.390433 1.448097 0.690245
endloop
endfacet
facet normal -0.278015 0.916084 -0.288961
outer loop
vertex 1.382322 1.442677 0.680866
vertex 1.390433 1.448097 0.690245
vertex 1.390988 1.445307 0.680866
endloop
endfacet
facet normal -0.137355 0.452800 0.880969
outer loop
vertex 1.389369 1.425664 0.741573
vertex 1.392677 1.417677 0.746194
vertex 1.396267 1.418766 0.746194
endloop
endfacet
facet normal -0.137359 0.452805 0.880965
outer loop
vertex 1.389369 1.425664 0.741573
vertex 1.396267 1.418766 0.746194
vertex 1.394581 1.427245 0.741573
endloop
endfacet
facet normal -0.256399 0.844846 -0.469569
outer loop
vertex 1.384091 1.438409 0.672221
vertex 1.382322 1.442677 0.680866
vertex 1.390988 1.445307 0.680866
endloop
endfacet
facet normal -0.256185 0.844817 -0.469738
outer loop
vertex 1.384091 1.438409 0.672221
vertex 1.390988 1.445307 0.680866
vertex 1.391890 1.440774 0.672221
endloop
endfacet
facet normal -0.184668 0.608778 0.771549
outer loop
vertex 1.386470 1.432664 0.735356
vertex 1.389369 1.425664 0.741573
vertex 1.394581 1.427245 0.741573
endloop
endfacet
facet normal -0.184664 0.608783 0.771545
outer loop
vertex 1.386470 1.432664 0.735356
vertex 1.394581 1.427245 0.741573
vertex 1.393103 1.434676 0.735356
endloop
endfacet
facet normal -0.224748 0.741152 -0.632600
outer loop
vertex 1.386470 1.432664 0.664645
vertex 1.384091 1.438409 0.672221
vertex 1.391890 1.440774 0.672221
endloop
endfacet
facet normal -0.224813 0.741180 -0.632544
outer loop
vertex 1.386470 1.432664 0.664645
vertex 1.391890 1.440774 0.672221
vertex 1.393103 1.434676 0.664645
endloop
endfacet
facet normal -0.224824 0.741200 0.632517
outer loop
vertex 1.384091 1.438409 0.727778
vertex 1.386470 1.432664 0.735356
vertex 1.393103 1.434676 0.735356
endloop
endfacet
facet normal -0.224776 0.741270 0.632451
outer loop
vertex 1.384091 1.438409 0.727778
vertex 1.393103 1.434676 0.735356
vertex 1.391890 1.440774 0.727778
endloop
endfacet
facet normal -0.184681 0.608839 -0.771497
outer loop
vertex 1.389369 1.425664 0.658427
vertex 1.386470 1.432664 0.664645
vertex 1.393103 1.434676 0.664645
endloop
endfacet
facet normal -0.184697 0.608821 -0.771507
outer loop
vertex 1.389369 1.425664 0.658427
vertex 1.393103 1.434676 0.664645
vertex 1.394581 1.427245 0.658427
endloop
endfacet
facet normal -0.256202 0.844884 0.469608
outer loop
vertex 1.382322 1.442677 0.719134
vertex 1.384091 1.438409 0.727778
vertex 1.391890 1.440774 0.727778
endloop
endfacet
facet normal -0.256369 0.844749 0.469759
outer loop
vertex 1.382322 1.442677 0.719134
vertex 1.391890 1.440774 0.727778
vertex 1.390988 1.445307 0.719134
endloop
endfacet
facet normal -0.137356 0.452809 -0.880964
outer loop
vertex 1.392677 1.417677 0.653806
vertex 1.389369 1.425664 0.658427
vertex 1.394581 1.427245 0.658427
endloop
endfacet
facet normal -0.137366 0.452794 -0.880970
outer loop
vertex 1.392677 1.417677 0.653806
vertex 1.394581 1.427245 0.658427
vertex 1.396267 1.418766 0.653806
endloop
endfacet
facet normal -0.278002 0.916043 0.289101
outer loop
vertex 1.381234 1.445307 0.709754
vertex 1.382322 1.442677 0.719134
vertex 1.390988 1.445307 0.719134
endloop
endfacet
facet normal -0.277864 0.916142 0.288922
outer loop
vertex 1.381234 1.445307 0.709754
vertex 1.390988 1.445307 0.719134
vertex 1.390433 1.448097 0.709754
endloop
endfacet
facet normal -0.062264 0.633103 0.771559
outer loop
vertex 1.393103 1.434676 0.735356
vertex 1.394581 1.427245 0.741573
vertex 1.400000 1.427778 0.741573
endloop
endfacet
facet normal -0.062423 0.633034 0.771603
outer loop
vertex 1.393103 1.434676 0.735356
vertex 1.400000 1.427778 0.741573
vertex 1.400000 1.435356 0.735356
endloop
endfacet
facet normal -0.075951 0.770756 -0.632588
outer loop
vertex 1.393103 1.434676 0.664645
vertex 1.391890 1.440774 0.672221
vertex 1.400000 1.441573 0.672221
endloop
endfacet
facet normal -0.076003 0.770797 -0.632531
outer loop
vertex 1.393103 1.434676 0.664645
vertex 1.400000 1.441573 0.672221
vertex 1.400000 1.435356 0.664645
endloop
endfacet
facet normal -0.076011 0.770834 0.632485
outer loop
vertex 1.391890 1.440774 0.727778
vertex 1.393103 1.434676 0.735356
vertex 1.400000 1.435356 0.735356
endloop
endfacet
facet normal -0.075957 0.770874 0.632442
outer loop
vertex 1.391890 1.440774 0.727778
vertex 1.400000 1.435356 0.735356
vertex 1.400000 1.441573 0.727778
endloop
endfacet
facet normal -0.062436 0.633167 -0.771493
outer loop
vertex 1.394581 1.427245 0.658427
vertex 1.393103 1.434676 0.664645
vertex 1.400000 1.435356 0.664645
endloop
endfacet
facet normal -0.062259 0.633089 -0.771571
outer loop
vertex 1.394581 1.427245 0.658427
vertex 1.400000 1.435356 0.664645
vertex 1.400000 1.427778 0.658427
endloop
endfacet
facet normal -0.086560 0.878552 0.469739
outer loop
vertex 1.390988 1.445307 0.719134
vertex 1.391890 1.440774 0.727778
vertex 1.400000 1.441573 0.727778
endloop
endfacet
facet normal -0.086466 0.878591 0.469683
outer loop
vertex 1.390988 1.445307 0.719134
vertex 1.400000 1.441573 0.727778
vertex 1.400000 1.446194 0.719134
endloop
endfacet
facet normal -0.046320 0.470912 -0.880963
outer loop
vertex 1.396267 1.418766 0.653806
vertex 1.394581 1.427245 0.658427
vertex 1.400000 1.427778 0.658427
endloop
endfacet
facet normal -0.046404 0.470955 -0.880936
outer loop
vertex 1.396267 1.418766 0.653806
vertex 1.400000 1.427778 0.658427
vertex 1.400000 1.419134 0.653806
endloop
endfacet
facet normal -0.093763 0.952747 0.288933
outer loop
vertex 1.390433 1.448097 0.709754
vertex 1.390988 1.445307 0.719134
vertex 1.400000 1.446194 0.719134
endloop
endfacet
facet normal -0.093809 0.952729 0.288975
outer loop
vertex 1.390433 1.448097 0.709754
vertex 1.400000 1.446194 0.719134
vertex 1.400000 1.449039 0.709754
endloop
endfacet
facet normal -0.028612 0.290252 -0.956523
outer loop
vertex 1.398097 1.409567 0.650960
vertex 1.396267 1.418766 0.653806
vertex 1.400000 1.419134 0.653806
endloop
endfacet
facet normal -0.028498 0.290169 -0.956551
outer loop
vertex 1.398097 1.409567 0.650960
vertex 1.400000 1.419134 0.653806
vertex 1.400000 1.409754 0.650960
endloop
endfacet
facet normal -0.097519 0.990442 0.097542
outer loop
vertex 1.390245 1.449039 0.700000
vertex 1.390433 1.448097 0.709754
vertex 1.400000 1.449039 0.709754
endloop
endfacet
facet normal -0.097568 0.990435 0.097564
outer loop
vertex 1.390245 1.449039 0.700000
vertex 1.400000 1.449039 0.709754
vertex 1.400000 1.450000 0.700000
endloop
endfacet
facet normal -0.009687 0.098041 0.995135
outer loop
vertex 1.398097 1.409567 0.749039
vertex 1.400000 1.400000 0.750000
vertex 1.400000 1.409754 0.749039
endloop
endfacet
facet normal -0.009615 0.097942 -0.995146
outer loop
vertex 1.400000 1.400000 0.650000
vertex 1.398097 1.409567 0.650960
vertex 1.400000 1.409754 0.650960
endloop
endfacet
facet normal -0.097563 0.990441 -0.097513
outer loop
vertex 1.390433 1.448097 0.690245
vertex 1.390245 1.449039 0.700000
vertex 1.400000 1.450000 0.700000
endloop
endfacet
facet normal -0.097521 0.990439 -0.097573
outer loop
vertex 1.390433 1.448097 0.690245
vertex 1.400000 1.450000 0.700000
vertex 1.400000 1.449039 0.690245
endloop
endfacet
facet normal -0.028514 0.290204 0.956540
outer loop
vertex 1.396267 1.418766 0.746194
vertex 1.398097 1.409567 0.749039
vertex 1.400000 1.409754 0.749039
endloop
endfacet
facet normal -0.028597 0.290114 0.956565
outer loop
vertex 1.396267 1.418766 0.746194
vertex 1.400000 1.409754 0.749039
vertex 1.400000 1.419134 0.746194
endloop
endfacet
facet normal -0.093807 0.952732 -0.288966
outer loop
vertex 1.390988 1.445307 0.680866
vertex 1.390433 1.448097 0.690245
vertex 1.400000 1.449039 0.690245
endloop
endfacet
facet normal -0.093765 0.952726 -0.289001
outer loop
vertex 1.390988 1.445307 0.680866
vertex 1.400000 1.449039 0.690245
vertex 1.400000 1.446194 0.680866
endloop
endfacet
facet normal -0.046430 0.470901 0.880963
outer loop
vertex 1.394581 1.427245 0.741573
vertex 1.396267 1.418766 0.746194
vertex 1.400000 1.419134 0.746194
endloop
endfacet
facet normal -0.046310 0.470949 0.880944
outer loop
vertex 1.394581 1.427245 0.741573
vertex 1.400000 1.419134 0.746194
vertex 1.400000 1.427778 0.741573
endloop
endfacet
facet normal -0.086461 0.878580 -0.469704
outer loop
vertex 1.391890 1.440774 0.672221
vertex 1.390988 1.445307 0.680866
vertex 1.400000 1.446194 0.680866
endloop
endfacet
facet normal -0.086567 0.878605 -0.469637
outer loop
vertex 1.391890 1.440774 0.672221
vertex 1.400000 1.446194 0.680866
vertex 1.400000 1.441573 0.672221
endloop
endfacet
endsolid Exported from Blender-2.82 (sub 7)
