solid Exported from Blender-2.82 (sub 7)
facet normal 0.086523 0.878618 -0.469622
outer loop
vertex 0.500000 0.541573 0.472221
vertex 0.500000 0.546194 0.480866
vertex 0.509012 0.545307 0.480866
endloop
endfacet
facet normal 0.086557 0.878596 -0.469656
outer loop
vertex 0.500000 0.541573 0.472221
vertex 0.509012 0.545307 0.480866
vertex 0.508110 0.540774 0.472221
endloop
endfacet
facet normal 0.062321 0.633135 0.771528
outer loop
vertex 0.500000 0.535356 0.535356
vertex 0.500000 0.527778 0.541573
vertex 0.505419 0.527245 0.541573
endloop
endfacet
facet normal 0.062379 0.633163 0.771501
outer loop
vertex 0.500000 0.535356 0.535356
vertex 0.505419 0.527245 0.541573
vertex 0.506898 0.534676 0.535356
endloop
endfacet
facet normal 0.075935 0.770791 -0.632547
outer loop
vertex 0.500000 0.535356 0.464645
vertex 0.500000 0.541573 0.472221
vertex 0.508110 0.540774 0.472221
endloop
endfacet
facet normal 0.075937 0.770794 -0.632543
outer loop
vertex 0.500000 0.535356 0.464645
vertex 0.508110 0.540774 0.472221
vertex 0.506898 0.534676 0.464645
endloop
endfacet
facet normal 0.075941 0.770799 0.632536
outer loop
vertex 0.500000 0.541573 0.527778
vertex 0.500000 0.535356 0.535356
vertex 0.506898 0.534676 0.535356
endloop
endfacet
facet normal 0.075928 0.770793 0.632544
outer loop
vertex 0.500000 0.541573 0.527778
vertex 0.506898 0.534676 0.535356
vertex 0.508110 0.540774 0.527778
endloop
endfacet
facet normal 0.062381 0.633140 -0.771519
outer loop
vertex 0.500000 0.527778 0.458427
vertex 0.500000 0.535356 0.464645
vertex 0.506898 0.534676 0.464645
endloop
endfacet
facet normal 0.062322 0.633169 -0.771500
outer loop
vertex 0.500000 0.527778 0.458427
vertex 0.506898 0.534676 0.464645
vertex 0.505419 0.527245 0.458427
endloop
endfacet
facet normal 0.086552 0.878614 0.469623
outer loop
vertex 0.500000 0.546194 0.519134
vertex 0.500000 0.541573 0.527778
vertex 0.508110 0.540774 0.527778
endloop
endfacet
facet normal 0.086521 0.878602 0.469652
outer loop
vertex 0.500000 0.546194 0.519134
vertex 0.508110 0.540774 0.527778
vertex 0.509012 0.545307 0.519134
endloop
endfacet
facet normal 0.046356 0.470883 -0.880977
outer loop
vertex 0.500000 0.519134 0.453806
vertex 0.500000 0.527778 0.458427
vertex 0.505419 0.527245 0.458427
endloop
endfacet
facet normal 0.046363 0.470886 -0.880975
outer loop
vertex 0.500000 0.519134 0.453806
vertex 0.505419 0.527245 0.458427
vertex 0.503733 0.518766 0.453806
endloop
endfacet
facet normal 0.093819 0.952712 0.289030
outer loop
vertex 0.500000 0.549039 0.509754
vertex 0.500000 0.546194 0.519134
vertex 0.509012 0.545307 0.519134
endloop
endfacet
facet normal 0.093859 0.952719 0.288992
outer loop
vertex 0.500000 0.549039 0.509754
vertex 0.509012 0.545307 0.519134
vertex 0.509567 0.548097 0.509754
endloop
endfacet
facet normal 0.028585 0.290194 -0.956541
outer loop
vertex 0.500000 0.509754 0.450960
vertex 0.500000 0.519134 0.453806
vertex 0.503733 0.518766 0.453806
endloop
endfacet
facet normal 0.028597 0.290184 -0.956543
outer loop
vertex 0.500000 0.509754 0.450960
vertex 0.503733 0.518766 0.453806
vertex 0.501903 0.509567 0.450960
endloop
endfacet
facet normal 0.097577 0.990439 0.097519
outer loop
vertex 0.500000 0.550000 0.500000
vertex 0.500000 0.549039 0.509754
vertex 0.509567 0.548097 0.509754
endloop
endfacet
facet normal 0.097528 0.990437 0.097584
outer loop
vertex 0.500000 0.550000 0.500000
vertex 0.509567 0.548097 0.509754
vertex 0.509754 0.549039 0.500000
endloop
endfacet
facet normal 0.009636 0.097991 0.995141
outer loop
vertex 0.500000 0.509754 0.549039
vertex 0.500000 0.500000 0.550000
vertex 0.501903 0.509567 0.549039
endloop
endfacet
facet normal 0.009655 0.097984 -0.995141
outer loop
vertex 0.500000 0.500000 0.450000
vertex 0.500000 0.509754 0.450960
vertex 0.501903 0.509567 0.450960
endloop
endfacet
facet normal 0.097529 0.990442 -0.097535
outer loop
vertex 0.500000 0.549039 0.490245
vertex 0.500000 0.550000 0.500000
vertex 0.509754 0.549039 0.500000
endloop
endfacet
facet normal 0.097576 0.990434 -0.097569
outer loop
vertex 0.500000 0.549039 0.490245
vertex 0.509754 0.549039 0.500000
vertex 0.509567 0.548097 0.490245
endloop
endfacet
facet normal 0.028578 0.290197 0.956540
outer loop
vertex 0.500000 0.519134 0.546194
vertex 0.500000 0.509754 0.549039
vertex 0.501903 0.509567 0.549039
endloop
endfacet
facet normal 0.028572 0.290188 0.956543
outer loop
vertex 0.500000 0.519134 0.546194
vertex 0.501903 0.509567 0.549039
vertex 0.503733 0.518766 0.546194
endloop
endfacet
facet normal 0.093858 0.952707 -0.289033
outer loop
vertex 0.500000 0.546194 0.480866
vertex 0.500000 0.549039 0.490245
vertex 0.509567 0.548097 0.490245
endloop
endfacet
facet normal 0.093819 0.952725 -0.288987
outer loop
vertex 0.500000 0.546194 0.480866
vertex 0.509567 0.548097 0.490245
vertex 0.509012 0.545307 0.480866
endloop
endfacet
facet normal 0.046363 0.470889 0.880973
outer loop
vertex 0.500000 0.527778 0.541573
vertex 0.500000 0.519134 0.546194
vertex 0.503733 0.518766 0.546194
endloop
endfacet
facet normal 0.046340 0.470882 0.880979
outer loop
vertex 0.500000 0.527778 0.541573
vertex 0.503733 0.518766 0.546194
vertex 0.505419 0.527245 0.541573
endloop
endfacet
facet normal 0.277882 0.916113 -0.288996
outer loop
vertex 0.509012 0.545307 0.480866
vertex 0.509567 0.548097 0.490245
vertex 0.518766 0.545307 0.490245
endloop
endfacet
facet normal 0.277931 0.916083 -0.289043
outer loop
vertex 0.509012 0.545307 0.480866
vertex 0.518766 0.545307 0.490245
vertex 0.517677 0.542677 0.480866
endloop
endfacet
facet normal 0.137381 0.452780 0.880975
outer loop
vertex 0.505419 0.527245 0.541573
vertex 0.503733 0.518766 0.546194
vertex 0.507322 0.517677 0.546194
endloop
endfacet
facet normal 0.137378 0.452784 0.880973
outer loop
vertex 0.505419 0.527245 0.541573
vertex 0.507322 0.517677 0.546194
vertex 0.510630 0.525664 0.541573
endloop
endfacet
facet normal 0.256314 0.844835 -0.469636
outer loop
vertex 0.508110 0.540774 0.472221
vertex 0.509012 0.545307 0.480866
vertex 0.517677 0.542677 0.480866
endloop
endfacet
facet normal 0.256261 0.844866 -0.469609
outer loop
vertex 0.508110 0.540774 0.472221
vertex 0.517677 0.542677 0.480866
vertex 0.515909 0.538409 0.472221
endloop
endfacet
facet normal 0.184709 0.608817 0.771508
outer loop
vertex 0.506898 0.534676 0.535356
vertex 0.505419 0.527245 0.541573
vertex 0.510630 0.525664 0.541573
endloop
endfacet
facet normal 0.184688 0.608818 0.771512
outer loop
vertex 0.506898 0.534676 0.535356
vertex 0.510630 0.525664 0.541573
vertex 0.513530 0.532664 0.535356
endloop
endfacet
facet normal 0.224810 0.741177 -0.632548
outer loop
vertex 0.506898 0.534676 0.464645
vertex 0.508110 0.540774 0.472221
vertex 0.515909 0.538409 0.472221
endloop
endfacet
facet normal 0.224827 0.741160 -0.632562
outer loop
vertex 0.506898 0.534676 0.464645
vertex 0.515909 0.538409 0.472221
vertex 0.513530 0.532664 0.464645
endloop
endfacet
facet normal 0.224838 0.741178 0.632537
outer loop
vertex 0.508110 0.540774 0.527778
vertex 0.506898 0.534676 0.535356
vertex 0.513530 0.532664 0.535356
endloop
endfacet
facet normal 0.224806 0.741169 0.632559
outer loop
vertex 0.508110 0.540774 0.527778
vertex 0.513530 0.532664 0.535356
vertex 0.515909 0.538409 0.527778
endloop
endfacet
facet normal 0.184688 0.608838 -0.771496
outer loop
vertex 0.505419 0.527245 0.458427
vertex 0.506898 0.534676 0.464645
vertex 0.513530 0.532664 0.464645
endloop
endfacet
facet normal 0.184715 0.608803 -0.771518
outer loop
vertex 0.505419 0.527245 0.458427
vertex 0.513530 0.532664 0.464645
vertex 0.510630 0.525664 0.458427
endloop
endfacet
facet normal 0.256254 0.844840 0.469658
outer loop
vertex 0.509012 0.545307 0.519134
vertex 0.508110 0.540774 0.527778
vertex 0.515909 0.538409 0.527778
endloop
endfacet
facet normal 0.256319 0.844853 0.469600
outer loop
vertex 0.509012 0.545307 0.519134
vertex 0.515909 0.538409 0.527778
vertex 0.517677 0.542677 0.519134
endloop
endfacet
facet normal 0.137373 0.452789 -0.880971
outer loop
vertex 0.503733 0.518766 0.453806
vertex 0.505419 0.527245 0.458427
vertex 0.510630 0.525664 0.458427
endloop
endfacet
facet normal 0.137357 0.452777 -0.880980
outer loop
vertex 0.503733 0.518766 0.453806
vertex 0.510630 0.525664 0.458427
vertex 0.507322 0.517677 0.453806
endloop
endfacet
facet normal 0.277936 0.916099 0.288987
outer loop
vertex 0.509567 0.548097 0.509754
vertex 0.509012 0.545307 0.519134
vertex 0.517677 0.542677 0.519134
endloop
endfacet
facet normal 0.277878 0.916100 0.289040
outer loop
vertex 0.509567 0.548097 0.509754
vertex 0.517677 0.542677 0.519134
vertex 0.518766 0.545307 0.509754
endloop
endfacet
facet normal 0.084663 0.279032 -0.956542
outer loop
vertex 0.501903 0.509567 0.450960
vertex 0.503733 0.518766 0.453806
vertex 0.507322 0.517677 0.453806
endloop
endfacet
facet normal 0.084646 0.279055 -0.956537
outer loop
vertex 0.501903 0.509567 0.450960
vertex 0.507322 0.517677 0.453806
vertex 0.503733 0.509012 0.450960
endloop
endfacet
facet normal 0.288882 0.952378 0.097586
outer loop
vertex 0.509754 0.549039 0.500000
vertex 0.509567 0.548097 0.509754
vertex 0.518766 0.545307 0.509754
endloop
endfacet
facet normal 0.288926 0.952371 0.097522
outer loop
vertex 0.509754 0.549039 0.500000
vertex 0.518766 0.545307 0.509754
vertex 0.519134 0.546194 0.500000
endloop
endfacet
facet normal 0.028558 0.094229 0.995141
outer loop
vertex 0.501903 0.509567 0.549039
vertex 0.500000 0.500000 0.550000
vertex 0.503733 0.509012 0.549039
endloop
endfacet
facet normal 0.028573 0.094223 -0.995141
outer loop
vertex 0.500000 0.500000 0.450000
vertex 0.501903 0.509567 0.450960
vertex 0.503733 0.509012 0.450960
endloop
endfacet
facet normal 0.288924 0.952367 -0.097574
outer loop
vertex 0.509567 0.548097 0.490245
vertex 0.509754 0.549039 0.500000
vertex 0.519134 0.546194 0.500000
endloop
endfacet
facet normal 0.288885 0.952382 -0.097535
outer loop
vertex 0.509567 0.548097 0.490245
vertex 0.519134 0.546194 0.500000
vertex 0.518766 0.545307 0.490245
endloop
endfacet
facet normal 0.084623 0.279039 0.956544
outer loop
vertex 0.503733 0.518766 0.546194
vertex 0.501903 0.509567 0.549039
vertex 0.503733 0.509012 0.549039
endloop
endfacet
facet normal 0.084649 0.279040 0.956541
outer loop
vertex 0.503733 0.518766 0.546194
vertex 0.503733 0.509012 0.549039
vertex 0.507322 0.517677 0.546194
endloop
endfacet
facet normal 0.223050 0.417297 -0.880972
outer loop
vertex 0.507322 0.517677 0.453806
vertex 0.510630 0.525664 0.458427
vertex 0.515433 0.523097 0.458427
endloop
endfacet
facet normal 0.223040 0.417307 -0.880970
outer loop
vertex 0.507322 0.517677 0.453806
vertex 0.515433 0.523097 0.458427
vertex 0.510630 0.515909 0.453806
endloop
endfacet
facet normal 0.451245 0.844295 0.289038
outer loop
vertex 0.518766 0.545307 0.509754
vertex 0.517677 0.542677 0.519134
vertex 0.525664 0.538409 0.519134
endloop
endfacet
facet normal 0.451299 0.844275 0.289014
outer loop
vertex 0.518766 0.545307 0.509754
vertex 0.525664 0.538409 0.519134
vertex 0.527245 0.540774 0.509754
endloop
endfacet
facet normal 0.137440 0.257165 -0.956544
outer loop
vertex 0.503733 0.509012 0.450960
vertex 0.507322 0.517677 0.453806
vertex 0.510630 0.515909 0.453806
endloop
endfacet
facet normal 0.137472 0.257153 -0.956543
outer loop
vertex 0.503733 0.509012 0.450960
vertex 0.510630 0.515909 0.453806
vertex 0.505419 0.508110 0.450960
endloop
endfacet
facet normal 0.469168 0.877708 0.097514
outer loop
vertex 0.519134 0.546194 0.500000
vertex 0.518766 0.545307 0.509754
vertex 0.527245 0.540774 0.509754
endloop
endfacet
facet normal 0.469143 0.877717 0.097553
outer loop
vertex 0.519134 0.546194 0.500000
vertex 0.527245 0.540774 0.509754
vertex 0.527778 0.541573 0.500000
endloop
endfacet
facet normal 0.046479 0.086834 0.995138
outer loop
vertex 0.503733 0.509012 0.549039
vertex 0.500000 0.500000 0.550000
vertex 0.505419 0.508110 0.549039
endloop
endfacet
facet normal 0.046405 0.086831 -0.995142
outer loop
vertex 0.500000 0.500000 0.450000
vertex 0.503733 0.509012 0.450960
vertex 0.505419 0.508110 0.450960
endloop
endfacet
facet normal 0.469141 0.877722 -0.097524
outer loop
vertex 0.518766 0.545307 0.490245
vertex 0.519134 0.546194 0.500000
vertex 0.527778 0.541573 0.500000
endloop
endfacet
facet normal 0.469164 0.877707 -0.097545
outer loop
vertex 0.518766 0.545307 0.490245
vertex 0.527778 0.541573 0.500000
vertex 0.527245 0.540774 0.490245
endloop
endfacet
facet normal 0.137470 0.257160 0.956541
outer loop
vertex 0.507322 0.517677 0.546194
vertex 0.503733 0.509012 0.549039
vertex 0.505419 0.508110 0.549039
endloop
endfacet
facet normal 0.137451 0.257160 0.956544
outer loop
vertex 0.507322 0.517677 0.546194
vertex 0.505419 0.508110 0.549039
vertex 0.510630 0.515909 0.546194
endloop
endfacet
facet normal 0.451288 0.844270 -0.289046
outer loop
vertex 0.517677 0.542677 0.480866
vertex 0.518766 0.545307 0.490245
vertex 0.527245 0.540774 0.490245
endloop
endfacet
facet normal 0.451256 0.844300 -0.289009
outer loop
vertex 0.517677 0.542677 0.480866
vertex 0.527245 0.540774 0.490245
vertex 0.525664 0.538409 0.480866
endloop
endfacet
facet normal 0.223033 0.417295 0.880977
outer loop
vertex 0.510630 0.525664 0.541573
vertex 0.507322 0.517677 0.546194
vertex 0.510630 0.515909 0.546194
endloop
endfacet
facet normal 0.223040 0.417305 0.880970
outer loop
vertex 0.510630 0.525664 0.541573
vertex 0.510630 0.515909 0.546194
vertex 0.515433 0.523097 0.541573
endloop
endfacet
facet normal 0.416163 0.778642 -0.469601
outer loop
vertex 0.515909 0.538409 0.472221
vertex 0.517677 0.542677 0.480866
vertex 0.525664 0.538409 0.480866
endloop
endfacet
facet normal 0.416197 0.778602 -0.469638
outer loop
vertex 0.515909 0.538409 0.472221
vertex 0.525664 0.538409 0.480866
vertex 0.523097 0.534567 0.472221
endloop
endfacet
facet normal 0.299907 0.561089 0.771515
outer loop
vertex 0.513530 0.532664 0.535356
vertex 0.510630 0.525664 0.541573
vertex 0.515433 0.523097 0.541573
endloop
endfacet
facet normal 0.299897 0.561091 0.771517
outer loop
vertex 0.513530 0.532664 0.535356
vertex 0.515433 0.523097 0.541573
vertex 0.519642 0.529397 0.535356
endloop
endfacet
facet normal 0.365116 0.683051 -0.632560
outer loop
vertex 0.513530 0.532664 0.464645
vertex 0.515909 0.538409 0.472221
vertex 0.523097 0.534567 0.472221
endloop
endfacet
facet normal 0.365100 0.683073 -0.632545
outer loop
vertex 0.513530 0.532664 0.464645
vertex 0.523097 0.534567 0.472221
vertex 0.519642 0.529397 0.464645
endloop
endfacet
facet normal 0.365093 0.683067 0.632555
outer loop
vertex 0.515909 0.538409 0.527778
vertex 0.513530 0.532664 0.535356
vertex 0.519642 0.529397 0.535356
endloop
endfacet
facet normal 0.365127 0.683062 0.632541
outer loop
vertex 0.515909 0.538409 0.527778
vertex 0.519642 0.529397 0.535356
vertex 0.523097 0.534567 0.527778
endloop
endfacet
facet normal 0.299896 0.561097 -0.771513
outer loop
vertex 0.510630 0.525664 0.458427
vertex 0.513530 0.532664 0.464645
vertex 0.519642 0.529397 0.464645
endloop
endfacet
facet normal 0.299909 0.561083 -0.771518
outer loop
vertex 0.510630 0.525664 0.458427
vertex 0.519642 0.529397 0.464645
vertex 0.515433 0.523097 0.458427
endloop
endfacet
facet normal 0.416206 0.778619 0.469601
outer loop
vertex 0.517677 0.542677 0.519134
vertex 0.515909 0.538409 0.527778
vertex 0.523097 0.534567 0.527778
endloop
endfacet
facet normal 0.416151 0.778628 0.469635
outer loop
vertex 0.517677 0.542677 0.519134
vertex 0.523097 0.534567 0.527778
vertex 0.525664 0.538409 0.519134
endloop
endfacet
facet normal 0.300181 0.365763 0.880970
outer loop
vertex 0.515433 0.523097 0.541573
vertex 0.510630 0.515909 0.546194
vertex 0.513530 0.513530 0.546194
endloop
endfacet
facet normal 0.300157 0.365765 0.880978
outer loop
vertex 0.515433 0.523097 0.541573
vertex 0.513530 0.513530 0.546194
vertex 0.519642 0.519642 0.541573
endloop
endfacet
facet normal 0.560094 0.682458 -0.469623
outer loop
vertex 0.523097 0.534567 0.472221
vertex 0.525664 0.538409 0.480866
vertex 0.532664 0.532664 0.480866
endloop
endfacet
facet normal 0.560071 0.682485 -0.469611
outer loop
vertex 0.523097 0.534567 0.472221
vertex 0.532664 0.532664 0.480866
vertex 0.529397 0.529397 0.472221
endloop
endfacet
facet normal 0.403596 0.491799 0.771520
outer loop
vertex 0.519642 0.529397 0.535356
vertex 0.515433 0.523097 0.541573
vertex 0.519642 0.519642 0.541573
endloop
endfacet
facet normal 0.403620 0.491801 0.771507
outer loop
vertex 0.519642 0.529397 0.535356
vertex 0.519642 0.519642 0.541573
vertex 0.525000 0.525000 0.535356
endloop
endfacet
facet normal 0.491333 0.598732 -0.632544
outer loop
vertex 0.519642 0.529397 0.464645
vertex 0.523097 0.534567 0.472221
vertex 0.529397 0.529397 0.472221
endloop
endfacet
facet normal 0.491353 0.598690 -0.632568
outer loop
vertex 0.519642 0.529397 0.464645
vertex 0.529397 0.529397 0.472221
vertex 0.525000 0.525000 0.464645
endloop
endfacet
facet normal 0.491365 0.598709 0.632540
outer loop
vertex 0.523097 0.534567 0.527778
vertex 0.519642 0.529397 0.535356
vertex 0.525000 0.525000 0.535356
endloop
endfacet
facet normal 0.491331 0.598715 0.632561
outer loop
vertex 0.523097 0.534567 0.527778
vertex 0.525000 0.525000 0.535356
vertex 0.529397 0.529397 0.527778
endloop
endfacet
facet normal 0.403623 0.491788 -0.771514
outer loop
vertex 0.515433 0.523097 0.458427
vertex 0.519642 0.529397 0.464645
vertex 0.525000 0.525000 0.464645
endloop
endfacet
facet normal 0.403603 0.491826 -0.771499
outer loop
vertex 0.515433 0.523097 0.458427
vertex 0.525000 0.525000 0.464645
vertex 0.519642 0.519642 0.458427
endloop
endfacet
facet normal 0.560063 0.682474 0.469636
outer loop
vertex 0.525664 0.538409 0.519134
vertex 0.523097 0.534567 0.527778
vertex 0.529397 0.529397 0.527778
endloop
endfacet
facet normal 0.560096 0.682467 0.469607
outer loop
vertex 0.525664 0.538409 0.519134
vertex 0.529397 0.529397 0.527778
vertex 0.532664 0.532664 0.519134
endloop
endfacet
facet normal 0.300176 0.365772 -0.880968
outer loop
vertex 0.510630 0.515909 0.453806
vertex 0.515433 0.523097 0.458427
vertex 0.519642 0.519642 0.458427
endloop
endfacet
facet normal 0.300165 0.365751 -0.880981
outer loop
vertex 0.510630 0.515909 0.453806
vertex 0.519642 0.519642 0.458427
vertex 0.513530 0.513530 0.453806
endloop
endfacet
facet normal 0.607336 0.740016 0.288999
outer loop
vertex 0.527245 0.540774 0.509754
vertex 0.525664 0.538409 0.519134
vertex 0.532664 0.532664 0.519134
endloop
endfacet
facet normal 0.607324 0.740017 0.289021
outer loop
vertex 0.527245 0.540774 0.509754
vertex 0.532664 0.532664 0.519134
vertex 0.534676 0.534676 0.509754
endloop
endfacet
facet normal 0.184984 0.225407 -0.956542
outer loop
vertex 0.505419 0.508110 0.450960
vertex 0.510630 0.515909 0.453806
vertex 0.513530 0.513530 0.453806
endloop
endfacet
facet normal 0.184955 0.225410 -0.956547
outer loop
vertex 0.505419 0.508110 0.450960
vertex 0.513530 0.513530 0.453806
vertex 0.506898 0.506898 0.450960
endloop
endfacet
facet normal 0.631373 0.769322 0.097530
outer loop
vertex 0.527778 0.541573 0.500000
vertex 0.527245 0.540774 0.509754
vertex 0.534676 0.534676 0.509754
endloop
endfacet
facet normal 0.631345 0.769338 0.097584
outer loop
vertex 0.527778 0.541573 0.500000
vertex 0.534676 0.534676 0.509754
vertex 0.535356 0.535356 0.500000
endloop
endfacet
facet normal 0.062438 0.076116 0.995142
outer loop
vertex 0.505419 0.508110 0.549039
vertex 0.500000 0.500000 0.550000
vertex 0.506898 0.506898 0.549039
endloop
endfacet
facet normal 0.062456 0.076109 -0.995142
outer loop
vertex 0.500000 0.500000 0.450000
vertex 0.505419 0.508110 0.450960
vertex 0.506898 0.506898 0.450960
endloop
endfacet
facet normal 0.631343 0.769345 -0.097544
outer loop
vertex 0.527245 0.540774 0.490245
vertex 0.527778 0.541573 0.500000
vertex 0.535356 0.535356 0.500000
endloop
endfacet
facet normal 0.631377 0.769313 -0.097578
outer loop
vertex 0.527245 0.540774 0.490245
vertex 0.535356 0.535356 0.500000
vertex 0.534676 0.534676 0.490245
endloop
endfacet
facet normal 0.184975 0.225416 0.956542
outer loop
vertex 0.510630 0.515909 0.546194
vertex 0.505419 0.508110 0.549039
vertex 0.506898 0.506898 0.549039
endloop
endfacet
facet normal 0.184986 0.225403 0.956543
outer loop
vertex 0.510630 0.515909 0.546194
vertex 0.506898 0.506898 0.549039
vertex 0.513530 0.513530 0.546194
endloop
endfacet
facet normal 0.607318 0.740026 -0.289010
outer loop
vertex 0.525664 0.538409 0.480866
vertex 0.527245 0.540774 0.490245
vertex 0.534676 0.534676 0.490245
endloop
endfacet
facet normal 0.607336 0.740008 -0.289017
outer loop
vertex 0.525664 0.538409 0.480866
vertex 0.534676 0.534676 0.490245
vertex 0.532664 0.532664 0.480866
endloop
endfacet
facet normal 0.740009 0.607334 0.289019
outer loop
vertex 0.534676 0.534676 0.509754
vertex 0.532664 0.532664 0.519134
vertex 0.538409 0.525664 0.519134
endloop
endfacet
facet normal 0.740045 0.607311 0.288974
outer loop
vertex 0.534676 0.534676 0.509754
vertex 0.538409 0.525664 0.519134
vertex 0.540774 0.527245 0.509754
endloop
endfacet
facet normal 0.225409 0.184979 -0.956542
outer loop
vertex 0.506898 0.506898 0.450960
vertex 0.513530 0.513530 0.453806
vertex 0.515909 0.510630 0.453806
endloop
endfacet
facet normal 0.225433 0.184978 -0.956537
outer loop
vertex 0.506898 0.506898 0.450960
vertex 0.515909 0.510630 0.453806
vertex 0.508110 0.505419 0.450960
endloop
endfacet
facet normal 0.769344 0.631337 0.097586
outer loop
vertex 0.535356 0.535356 0.500000
vertex 0.534676 0.534676 0.509754
vertex 0.540774 0.527245 0.509754
endloop
endfacet
facet normal 0.769337 0.631347 0.097574
outer loop
vertex 0.535356 0.535356 0.500000
vertex 0.540774 0.527245 0.509754
vertex 0.541573 0.527778 0.500000
endloop
endfacet
facet normal 0.076121 0.062465 0.995140
outer loop
vertex 0.506898 0.506898 0.549039
vertex 0.500000 0.500000 0.550000
vertex 0.508110 0.505419 0.549039
endloop
endfacet
facet normal 0.076121 0.062461 -0.995140
outer loop
vertex 0.500000 0.500000 0.450000
vertex 0.506898 0.506898 0.450960
vertex 0.508110 0.505419 0.450960
endloop
endfacet
facet normal 0.769338 0.631346 -0.097577
outer loop
vertex 0.534676 0.534676 0.490245
vertex 0.535356 0.535356 0.500000
vertex 0.541573 0.527778 0.500000
endloop
endfacet
facet normal 0.769341 0.631342 -0.097583
outer loop
vertex 0.534676 0.534676 0.490245
vertex 0.541573 0.527778 0.500000
vertex 0.540774 0.527245 0.490245
endloop
endfacet
facet normal 0.225399 0.184976 0.956545
outer loop
vertex 0.513530 0.513530 0.546194
vertex 0.506898 0.506898 0.549039
vertex 0.508110 0.505419 0.549039
endloop
endfacet
facet normal 0.225427 0.184979 0.956538
outer loop
vertex 0.513530 0.513530 0.546194
vertex 0.508110 0.505419 0.549039
vertex 0.515909 0.510630 0.546194
endloop
endfacet
facet normal 0.740034 0.607310 -0.289006
outer loop
vertex 0.532664 0.532664 0.480866
vertex 0.534676 0.534676 0.490245
vertex 0.540774 0.527245 0.490245
endloop
endfacet
facet normal 0.740022 0.607334 -0.288984
outer loop
vertex 0.532664 0.532664 0.480866
vertex 0.540774 0.527245 0.490245
vertex 0.538409 0.525664 0.480866
endloop
endfacet
facet normal 0.365781 0.300186 0.880961
outer loop
vertex 0.519642 0.519642 0.541573
vertex 0.513530 0.513530 0.546194
vertex 0.515909 0.510630 0.546194
endloop
endfacet
facet normal 0.365760 0.300160 0.880979
outer loop
vertex 0.519642 0.519642 0.541573
vertex 0.515909 0.510630 0.546194
vertex 0.523097 0.515433 0.541573
endloop
endfacet
facet normal 0.682465 0.560097 -0.469608
outer loop
vertex 0.529397 0.529397 0.472221
vertex 0.532664 0.532664 0.480866
vertex 0.538409 0.525664 0.480866
endloop
endfacet
facet normal 0.682474 0.560069 -0.469630
outer loop
vertex 0.529397 0.529397 0.472221
vertex 0.538409 0.525664 0.480866
vertex 0.534567 0.523097 0.472221
endloop
endfacet
facet normal 0.491813 0.403598 0.771511
outer loop
vertex 0.525000 0.525000 0.535356
vertex 0.519642 0.519642 0.541573
vertex 0.523097 0.515433 0.541573
endloop
endfacet
facet normal 0.491791 0.403620 0.771513
outer loop
vertex 0.525000 0.525000 0.535356
vertex 0.523097 0.515433 0.541573
vertex 0.529397 0.519642 0.535356
endloop
endfacet
facet normal 0.598708 0.491342 -0.632560
outer loop
vertex 0.525000 0.525000 0.464645
vertex 0.529397 0.529397 0.472221
vertex 0.534567 0.523097 0.472221
endloop
endfacet
facet normal 0.598710 0.491363 -0.632542
outer loop
vertex 0.525000 0.525000 0.464645
vertex 0.534567 0.523097 0.472221
vertex 0.529397 0.519642 0.464645
endloop
endfacet
facet normal 0.598691 0.491369 0.632555
outer loop
vertex 0.529397 0.529397 0.527778
vertex 0.525000 0.525000 0.535356
vertex 0.529397 0.519642 0.535356
endloop
endfacet
facet normal 0.598732 0.491340 0.632538
outer loop
vertex 0.529397 0.529397 0.527778
vertex 0.529397 0.519642 0.535356
vertex 0.534567 0.523097 0.527778
endloop
endfacet
facet normal 0.491803 0.403617 -0.771507
outer loop
vertex 0.519642 0.519642 0.458427
vertex 0.525000 0.525000 0.464645
vertex 0.529397 0.519642 0.464645
endloop
endfacet
facet normal 0.491804 0.403605 -0.771512
outer loop
vertex 0.519642 0.519642 0.458427
vertex 0.529397 0.519642 0.464645
vertex 0.523097 0.515433 0.458427
endloop
endfacet
facet normal 0.682484 0.560074 0.469609
outer loop
vertex 0.532664 0.532664 0.519134
vertex 0.529397 0.529397 0.527778
vertex 0.534567 0.523097 0.527778
endloop
endfacet
facet normal 0.682458 0.560090 0.469628
outer loop
vertex 0.532664 0.532664 0.519134
vertex 0.534567 0.523097 0.527778
vertex 0.538409 0.525664 0.519134
endloop
endfacet
facet normal 0.365763 0.300168 -0.880975
outer loop
vertex 0.513530 0.513530 0.453806
vertex 0.519642 0.519642 0.458427
vertex 0.523097 0.515433 0.458427
endloop
endfacet
facet normal 0.365774 0.300174 -0.880968
outer loop
vertex 0.513530 0.513530 0.453806
vertex 0.523097 0.515433 0.458427
vertex 0.515909 0.510630 0.453806
endloop
endfacet
facet normal 0.778632 0.416150 -0.469629
outer loop
vertex 0.534567 0.523097 0.472221
vertex 0.538409 0.525664 0.480866
vertex 0.542677 0.517677 0.480866
endloop
endfacet
facet normal 0.778622 0.416203 -0.469598
outer loop
vertex 0.534567 0.523097 0.472221
vertex 0.542677 0.517677 0.480866
vertex 0.538409 0.515909 0.472221
endloop
endfacet
facet normal 0.561085 0.299905 0.771518
outer loop
vertex 0.529397 0.519642 0.535356
vertex 0.523097 0.515433 0.541573
vertex 0.525664 0.510630 0.541573
endloop
endfacet
facet normal 0.561105 0.299892 0.771509
outer loop
vertex 0.529397 0.519642 0.535356
vertex 0.525664 0.510630 0.541573
vertex 0.532664 0.513530 0.535356
endloop
endfacet
facet normal 0.683066 0.365124 -0.632539
outer loop
vertex 0.529397 0.519642 0.464645
vertex 0.534567 0.523097 0.472221
vertex 0.538409 0.515909 0.472221
endloop
endfacet
facet normal 0.683057 0.365087 -0.632570
outer loop
vertex 0.529397 0.519642 0.464645
vertex 0.538409 0.515909 0.472221
vertex 0.532664 0.513530 0.464645
endloop
endfacet
facet normal 0.683084 0.365095 0.632536
outer loop
vertex 0.534567 0.523097 0.527778
vertex 0.529397 0.519642 0.535356
vertex 0.532664 0.513530 0.535356
endloop
endfacet
facet normal 0.683050 0.365122 0.632557
outer loop
vertex 0.534567 0.523097 0.527778
vertex 0.532664 0.513530 0.535356
vertex 0.538409 0.515909 0.527778
endloop
endfacet
facet normal 0.561096 0.299896 -0.771514
outer loop
vertex 0.523097 0.515433 0.458427
vertex 0.529397 0.519642 0.464645
vertex 0.532664 0.513530 0.464645
endloop
endfacet
facet normal 0.561098 0.299905 -0.771509
outer loop
vertex 0.523097 0.515433 0.458427
vertex 0.532664 0.513530 0.464645
vertex 0.525664 0.510630 0.458427
endloop
endfacet
facet normal 0.778604 0.416195 0.469636
outer loop
vertex 0.538409 0.525664 0.519134
vertex 0.534567 0.523097 0.527778
vertex 0.538409 0.515909 0.527778
endloop
endfacet
facet normal 0.778645 0.416160 0.469598
outer loop
vertex 0.538409 0.525664 0.519134
vertex 0.538409 0.515909 0.527778
vertex 0.542677 0.517677 0.519134
endloop
endfacet
facet normal 0.417299 0.223050 -0.880971
outer loop
vertex 0.515909 0.510630 0.453806
vertex 0.523097 0.515433 0.458427
vertex 0.525664 0.510630 0.458427
endloop
endfacet
facet normal 0.417299 0.223022 -0.880978
outer loop
vertex 0.515909 0.510630 0.453806
vertex 0.525664 0.510630 0.458427
vertex 0.517677 0.507322 0.453806
endloop
endfacet
facet normal 0.844305 0.451266 0.288977
outer loop
vertex 0.540774 0.527245 0.509754
vertex 0.538409 0.525664 0.519134
vertex 0.542677 0.517677 0.519134
endloop
endfacet
facet normal 0.844262 0.451304 0.289046
outer loop
vertex 0.540774 0.527245 0.509754
vertex 0.542677 0.517677 0.519134
vertex 0.545307 0.518766 0.509754
endloop
endfacet
facet normal 0.257162 0.137451 -0.956543
outer loop
vertex 0.508110 0.505419 0.450960
vertex 0.515909 0.510630 0.453806
vertex 0.517677 0.507322 0.453806
endloop
endfacet
facet normal 0.257164 0.137472 -0.956540
outer loop
vertex 0.508110 0.505419 0.450960
vertex 0.517677 0.507322 0.453806
vertex 0.509012 0.503733 0.450960
endloop
endfacet
facet normal 0.877690 0.469189 0.097576
outer loop
vertex 0.541573 0.527778 0.500000
vertex 0.540774 0.527245 0.509754
vertex 0.545307 0.518766 0.509754
endloop
endfacet
facet normal 0.877721 0.469142 0.097527
outer loop
vertex 0.541573 0.527778 0.500000
vertex 0.545307 0.518766 0.509754
vertex 0.546194 0.519134 0.500000
endloop
endfacet
facet normal 0.086843 0.046423 0.995140
outer loop
vertex 0.508110 0.505419 0.549039
vertex 0.500000 0.500000 0.550000
vertex 0.509012 0.503733 0.549039
endloop
endfacet
facet normal 0.086827 0.046418 -0.995141
outer loop
vertex 0.500000 0.500000 0.450000
vertex 0.508110 0.505419 0.450960
vertex 0.509012 0.503733 0.450960
endloop
endfacet
facet normal 0.877709 0.469154 -0.097573
outer loop
vertex 0.540774 0.527245 0.490245
vertex 0.541573 0.527778 0.500000
vertex 0.546194 0.519134 0.500000
endloop
endfacet
facet normal 0.877697 0.469185 -0.097531
outer loop
vertex 0.540774 0.527245 0.490245
vertex 0.546194 0.519134 0.500000
vertex 0.545307 0.518766 0.490245
endloop
endfacet
facet normal 0.257141 0.137466 0.956547
outer loop
vertex 0.515909 0.510630 0.546194
vertex 0.508110 0.505419 0.549039
vertex 0.509012 0.503733 0.549039
endloop
endfacet
facet normal 0.257169 0.137452 0.956541
outer loop
vertex 0.515909 0.510630 0.546194
vertex 0.509012 0.503733 0.549039
vertex 0.517677 0.507322 0.546194
endloop
endfacet
facet normal 0.844279 0.451319 -0.288972
outer loop
vertex 0.538409 0.525664 0.480866
vertex 0.540774 0.527245 0.490245
vertex 0.545307 0.518766 0.490245
endloop
endfacet
facet normal 0.844291 0.451246 -0.289050
outer loop
vertex 0.538409 0.525664 0.480866
vertex 0.545307 0.518766 0.490245
vertex 0.542677 0.517677 0.480866
endloop
endfacet
facet normal 0.417299 0.223042 0.880973
outer loop
vertex 0.523097 0.515433 0.541573
vertex 0.515909 0.510630 0.546194
vertex 0.517677 0.507322 0.546194
endloop
endfacet
facet normal 0.417292 0.223038 0.880978
outer loop
vertex 0.523097 0.515433 0.541573
vertex 0.517677 0.507322 0.546194
vertex 0.525664 0.510630 0.541573
endloop
endfacet
facet normal 0.279036 0.084648 -0.956542
outer loop
vertex 0.509012 0.503733 0.450960
vertex 0.517677 0.507322 0.453806
vertex 0.518766 0.503733 0.453806
endloop
endfacet
facet normal 0.279049 0.084632 -0.956540
outer loop
vertex 0.509012 0.503733 0.450960
vertex 0.518766 0.503733 0.453806
vertex 0.509567 0.501903 0.450960
endloop
endfacet
facet normal 0.952383 0.288886 0.097532
outer loop
vertex 0.546194 0.519134 0.500000
vertex 0.545307 0.518766 0.509754
vertex 0.548097 0.509567 0.509754
endloop
endfacet
facet normal 0.952364 0.288931 0.097577
outer loop
vertex 0.546194 0.519134 0.500000
vertex 0.548097 0.509567 0.509754
vertex 0.549039 0.509754 0.500000
endloop
endfacet
facet normal 0.094237 0.028574 0.995140
outer loop
vertex 0.509012 0.503733 0.549039
vertex 0.500000 0.500000 0.550000
vertex 0.509567 0.501903 0.549039
endloop
endfacet
facet normal 0.094216 0.028573 -0.995142
outer loop
vertex 0.500000 0.500000 0.450000
vertex 0.509012 0.503733 0.450960
vertex 0.509567 0.501903 0.450960
endloop
endfacet
facet normal 0.952368 0.288935 -0.097534
outer loop
vertex 0.545307 0.518766 0.490245
vertex 0.546194 0.519134 0.500000
vertex 0.549039 0.509754 0.500000
endloop
endfacet
facet normal 0.952381 0.288875 -0.097577
outer loop
vertex 0.545307 0.518766 0.490245
vertex 0.549039 0.509754 0.500000
vertex 0.548097 0.509567 0.490245
endloop
endfacet
facet normal 0.279031 0.084618 0.956547
outer loop
vertex 0.517677 0.507322 0.546194
vertex 0.509012 0.503733 0.549039
vertex 0.509567 0.501903 0.549039
endloop
endfacet
facet normal 0.279048 0.084654 0.956539
outer loop
vertex 0.517677 0.507322 0.546194
vertex 0.509567 0.501903 0.549039
vertex 0.518766 0.503733 0.546194
endloop
endfacet
facet normal 0.916101 0.277876 -0.289041
outer loop
vertex 0.542677 0.517677 0.480866
vertex 0.545307 0.518766 0.490245
vertex 0.548097 0.509567 0.490245
endloop
endfacet
facet normal 0.916097 0.277943 -0.288986
outer loop
vertex 0.542677 0.517677 0.480866
vertex 0.548097 0.509567 0.490245
vertex 0.545307 0.509012 0.480866
endloop
endfacet
facet normal 0.452785 0.137385 0.880971
outer loop
vertex 0.525664 0.510630 0.541573
vertex 0.517677 0.507322 0.546194
vertex 0.518766 0.503733 0.546194
endloop
endfacet
facet normal 0.452769 0.137359 0.880984
outer loop
vertex 0.525664 0.510630 0.541573
vertex 0.518766 0.503733 0.546194
vertex 0.527245 0.505419 0.541573
endloop
endfacet
facet normal 0.844849 0.256323 -0.469605
outer loop
vertex 0.538409 0.515909 0.472221
vertex 0.542677 0.517677 0.480866
vertex 0.545307 0.509012 0.480866
endloop
endfacet
facet normal 0.844848 0.256255 -0.469643
outer loop
vertex 0.538409 0.515909 0.472221
vertex 0.545307 0.509012 0.480866
vertex 0.540774 0.508110 0.472221
endloop
endfacet
facet normal 0.608805 0.184719 0.771515
outer loop
vertex 0.532664 0.513530 0.535356
vertex 0.525664 0.510630 0.541573
vertex 0.527245 0.505419 0.541573
endloop
endfacet
facet normal 0.608827 0.184685 0.771505
outer loop
vertex 0.532664 0.513530 0.535356
vertex 0.527245 0.505419 0.541573
vertex 0.534676 0.506898 0.535356
endloop
endfacet
facet normal 0.741170 0.224802 -0.632559
outer loop
vertex 0.532664 0.513530 0.464645
vertex 0.538409 0.515909 0.472221
vertex 0.540774 0.508110 0.472221
endloop
endfacet
facet normal 0.741171 0.224838 -0.632545
outer loop
vertex 0.532664 0.513530 0.464645
vertex 0.540774 0.508110 0.472221
vertex 0.534676 0.506898 0.464645
endloop
endfacet
facet normal 0.741168 0.224818 0.632556
outer loop
vertex 0.538409 0.515909 0.527778
vertex 0.532664 0.513530 0.535356
vertex 0.534676 0.506898 0.535356
endloop
endfacet
facet normal 0.741184 0.224815 0.632539
outer loop
vertex 0.538409 0.515909 0.527778
vertex 0.534676 0.506898 0.535356
vertex 0.540774 0.508110 0.527778
endloop
endfacet
facet normal 0.608818 0.184688 -0.771512
outer loop
vertex 0.525664 0.510630 0.458427
vertex 0.532664 0.513530 0.464645
vertex 0.534676 0.506898 0.464645
endloop
endfacet
facet normal 0.608823 0.184712 -0.771502
outer loop
vertex 0.525664 0.510630 0.458427
vertex 0.534676 0.506898 0.464645
vertex 0.527245 0.505419 0.458427
endloop
endfacet
facet normal 0.844866 0.256276 0.469599
outer loop
vertex 0.542677 0.517677 0.519134
vertex 0.538409 0.515909 0.527778
vertex 0.540774 0.508110 0.527778
endloop
endfacet
facet normal 0.844829 0.256307 0.469650
outer loop
vertex 0.542677 0.517677 0.519134
vertex 0.540774 0.508110 0.527778
vertex 0.545307 0.509012 0.519134
endloop
endfacet
facet normal 0.452773 0.137378 -0.880979
outer loop
vertex 0.517677 0.507322 0.453806
vertex 0.525664 0.510630 0.458427
vertex 0.527245 0.505419 0.458427
endloop
endfacet
facet normal 0.452779 0.137359 -0.880979
outer loop
vertex 0.517677 0.507322 0.453806
vertex 0.527245 0.505419 0.458427
vertex 0.518766 0.503733 0.453806
endloop
endfacet
facet normal 0.916083 0.277936 0.289039
outer loop
vertex 0.545307 0.518766 0.509754
vertex 0.542677 0.517677 0.519134
vertex 0.545307 0.509012 0.519134
endloop
endfacet
facet normal 0.916116 0.277880 0.288989
outer loop
vertex 0.545307 0.518766 0.509754
vertex 0.545307 0.509012 0.519134
vertex 0.548097 0.509567 0.509754
endloop
endfacet
facet normal 0.770788 0.075929 -0.632551
outer loop
vertex 0.534676 0.506898 0.464645
vertex 0.540774 0.508110 0.472221
vertex 0.541573 0.500000 0.472221
endloop
endfacet
facet normal 0.770799 0.075944 -0.632536
outer loop
vertex 0.534676 0.506898 0.464645
vertex 0.541573 0.500000 0.472221
vertex 0.535356 0.500000 0.464645
endloop
endfacet
facet normal 0.770792 0.075930 0.632546
outer loop
vertex 0.540774 0.508110 0.527778
vertex 0.534676 0.506898 0.535356
vertex 0.535356 0.500000 0.535356
endloop
endfacet
facet normal 0.770800 0.075940 0.632535
outer loop
vertex 0.540774 0.508110 0.527778
vertex 0.535356 0.500000 0.535356
vertex 0.541573 0.500000 0.527778
endloop
endfacet
facet normal 0.633158 0.062386 -0.771504
outer loop
vertex 0.527245 0.505419 0.458427
vertex 0.534676 0.506898 0.464645
vertex 0.535356 0.500000 0.464645
endloop
endfacet
facet normal 0.633145 0.062320 -0.771520
outer loop
vertex 0.527245 0.505419 0.458427
vertex 0.535356 0.500000 0.464645
vertex 0.527778 0.500000 0.458427
endloop
endfacet
facet normal 0.878597 0.086553 0.469654
outer loop
vertex 0.545307 0.509012 0.519134
vertex 0.540774 0.508110 0.527778
vertex 0.541573 0.500000 0.527778
endloop
endfacet
facet normal 0.878616 0.086518 0.469626
outer loop
vertex 0.545307 0.509012 0.519134
vertex 0.541573 0.500000 0.527778
vertex 0.546194 0.500000 0.519134
endloop
endfacet
facet normal 0.470882 0.046358 -0.880978
outer loop
vertex 0.518766 0.503733 0.453806
vertex 0.527245 0.505419 0.458427
vertex 0.527778 0.500000 0.458427
endloop
endfacet
facet normal 0.470879 0.046350 -0.880979
outer loop
vertex 0.518766 0.503733 0.453806
vertex 0.527778 0.500000 0.458427
vertex 0.519134 0.500000 0.453806
endloop
endfacet
facet normal 0.952724 0.093822 0.288990
outer loop
vertex 0.548097 0.509567 0.509754
vertex 0.545307 0.509012 0.519134
vertex 0.546194 0.500000 0.519134
endloop
endfacet
facet normal 0.952708 0.093856 0.289030
outer loop
vertex 0.548097 0.509567 0.509754
vertex 0.546194 0.500000 0.519134
vertex 0.549039 0.500000 0.509754
endloop
endfacet
facet normal 0.290191 0.028571 -0.956542
outer loop
vertex 0.509567 0.501903 0.450960
vertex 0.518766 0.503733 0.453806
vertex 0.519134 0.500000 0.453806
endloop
endfacet
facet normal 0.290186 0.028597 -0.956543
outer loop
vertex 0.509567 0.501903 0.450960
vertex 0.519134 0.500000 0.453806
vertex 0.509754 0.500000 0.450960
endloop
endfacet
facet normal 0.990434 0.097568 0.097577
outer loop
vertex 0.549039 0.509754 0.500000
vertex 0.548097 0.509567 0.509754
vertex 0.549039 0.500000 0.509754
endloop
endfacet
facet normal 0.990442 0.097535 0.097529
outer loop
vertex 0.549039 0.509754 0.500000
vertex 0.549039 0.500000 0.509754
vertex 0.550000 0.500000 0.500000
endloop
endfacet
facet normal 0.097994 0.009655 0.995140
outer loop
vertex 0.509567 0.501903 0.549039
vertex 0.500000 0.500000 0.550000
vertex 0.509754 0.500000 0.549039
endloop
endfacet
facet normal 0.097987 0.009655 -0.995141
outer loop
vertex 0.500000 0.500000 0.450000
vertex 0.509567 0.501903 0.450960
vertex 0.509754 0.500000 0.450960
endloop
endfacet
facet normal 0.990438 0.097526 -0.097578
outer loop
vertex 0.548097 0.509567 0.490245
vertex 0.549039 0.509754 0.500000
vertex 0.550000 0.500000 0.500000
endloop
endfacet
facet normal 0.990437 0.097588 -0.097528
outer loop
vertex 0.548097 0.509567 0.490245
vertex 0.550000 0.500000 0.500000
vertex 0.549039 0.500000 0.490245
endloop
endfacet
facet normal 0.290180 0.028596 0.956545
outer loop
vertex 0.518766 0.503733 0.546194
vertex 0.509567 0.501903 0.549039
vertex 0.509754 0.500000 0.549039
endloop
endfacet
facet normal 0.290187 0.028572 0.956543
outer loop
vertex 0.518766 0.503733 0.546194
vertex 0.509754 0.500000 0.549039
vertex 0.519134 0.500000 0.546194
endloop
endfacet
facet normal 0.952719 0.093867 -0.288992
outer loop
vertex 0.545307 0.509012 0.480866
vertex 0.548097 0.509567 0.490245
vertex 0.549039 0.500000 0.490245
endloop
endfacet
facet normal 0.952712 0.093811 -0.289033
outer loop
vertex 0.545307 0.509012 0.480866
vertex 0.549039 0.500000 0.490245
vertex 0.546194 0.500000 0.480866
endloop
endfacet
facet normal 0.470885 0.046363 0.880976
outer loop
vertex 0.527245 0.505419 0.541573
vertex 0.518766 0.503733 0.546194
vertex 0.519134 0.500000 0.546194
endloop
endfacet
facet normal 0.470883 0.046349 0.880977
outer loop
vertex 0.527245 0.505419 0.541573
vertex 0.519134 0.500000 0.546194
vertex 0.527778 0.500000 0.541573
endloop
endfacet
facet normal 0.878605 0.086516 -0.469647
outer loop
vertex 0.540774 0.508110 0.472221
vertex 0.545307 0.509012 0.480866
vertex 0.546194 0.500000 0.480866
endloop
endfacet
facet normal 0.878615 0.086542 -0.469623
outer loop
vertex 0.540774 0.508110 0.472221
vertex 0.546194 0.500000 0.480866
vertex 0.541573 0.500000 0.472221
endloop
endfacet
facet normal 0.633166 0.062340 0.771501
outer loop
vertex 0.534676 0.506898 0.535356
vertex 0.527245 0.505419 0.541573
vertex 0.527778 0.500000 0.541573
endloop
endfacet
facet normal 0.633137 0.062370 0.771523
outer loop
vertex 0.534676 0.506898 0.535356
vertex 0.527778 0.500000 0.541573
vertex 0.535356 0.500000 0.535356
endloop
endfacet
facet normal 0.098011 -0.009655 0.995139
outer loop
vertex 0.509754 0.500000 0.549039
vertex 0.500000 0.500000 0.550000
vertex 0.509567 0.498097 0.549039
endloop
endfacet
facet normal 0.097985 -0.009655 -0.995141
outer loop
vertex 0.500000 0.500000 0.450000
vertex 0.509754 0.500000 0.450960
vertex 0.509567 0.498097 0.450960
endloop
endfacet
facet normal 0.990442 -0.097536 -0.097530
outer loop
vertex 0.549039 0.500000 0.490245
vertex 0.550000 0.500000 0.500000
vertex 0.549039 0.490245 0.500000
endloop
endfacet
facet normal 0.990433 -0.097578 -0.097577
outer loop
vertex 0.549039 0.500000 0.490245
vertex 0.549039 0.490245 0.500000
vertex 0.548097 0.490433 0.490245
endloop
endfacet
facet normal 0.290196 -0.028599 0.956540
outer loop
vertex 0.519134 0.500000 0.546194
vertex 0.509754 0.500000 0.549039
vertex 0.509567 0.498097 0.549039
endloop
endfacet
facet normal 0.290187 -0.028572 0.956543
outer loop
vertex 0.519134 0.500000 0.546194
vertex 0.509567 0.498097 0.549039
vertex 0.518766 0.496267 0.546194
endloop
endfacet
facet normal 0.952709 -0.093856 -0.289028
outer loop
vertex 0.546194 0.500000 0.480866
vertex 0.549039 0.500000 0.490245
vertex 0.548097 0.490433 0.490245
endloop
endfacet
facet normal 0.952724 -0.093823 -0.288990
outer loop
vertex 0.546194 0.500000 0.480866
vertex 0.548097 0.490433 0.490245
vertex 0.545307 0.490988 0.480866
endloop
endfacet
facet normal 0.470896 -0.046351 0.880970
outer loop
vertex 0.527778 0.500000 0.541573
vertex 0.519134 0.500000 0.546194
vertex 0.518766 0.496267 0.546194
endloop
endfacet
facet normal 0.470881 -0.046358 0.880978
outer loop
vertex 0.527778 0.500000 0.541573
vertex 0.518766 0.496267 0.546194
vertex 0.527245 0.494581 0.541573
endloop
endfacet
facet normal 0.878619 -0.086508 -0.469621
outer loop
vertex 0.541573 0.500000 0.472221
vertex 0.546194 0.500000 0.480866
vertex 0.545307 0.490988 0.480866
endloop
endfacet
facet normal 0.878602 -0.086552 -0.469646
outer loop
vertex 0.541573 0.500000 0.472221
vertex 0.545307 0.490988 0.480866
vertex 0.540774 0.491890 0.472221
endloop
endfacet
facet normal 0.633142 -0.062320 0.771523
outer loop
vertex 0.535356 0.500000 0.535356
vertex 0.527778 0.500000 0.541573
vertex 0.527245 0.494581 0.541573
endloop
endfacet
facet normal 0.633154 -0.062387 0.771507
outer loop
vertex 0.535356 0.500000 0.535356
vertex 0.527245 0.494581 0.541573
vertex 0.534676 0.493103 0.535356
endloop
endfacet
facet normal 0.770795 -0.075941 -0.632541
outer loop
vertex 0.535356 0.500000 0.464645
vertex 0.541573 0.500000 0.472221
vertex 0.540774 0.491890 0.472221
endloop
endfacet
facet normal 0.770792 -0.075931 -0.632545
outer loop
vertex 0.535356 0.500000 0.464645
vertex 0.540774 0.491890 0.472221
vertex 0.534676 0.493103 0.464645
endloop
endfacet
facet normal 0.770798 -0.075945 0.632537
outer loop
vertex 0.541573 0.500000 0.527778
vertex 0.535356 0.500000 0.535356
vertex 0.534676 0.493103 0.535356
endloop
endfacet
facet normal 0.770795 -0.075929 0.632542
outer loop
vertex 0.541573 0.500000 0.527778
vertex 0.534676 0.493103 0.535356
vertex 0.540774 0.491890 0.527778
endloop
endfacet
facet normal 0.633137 -0.062371 -0.771522
outer loop
vertex 0.527778 0.500000 0.458427
vertex 0.535356 0.500000 0.464645
vertex 0.534676 0.493103 0.464645
endloop
endfacet
facet normal 0.633177 -0.062341 -0.771492
outer loop
vertex 0.527778 0.500000 0.458427
vertex 0.534676 0.493103 0.464645
vertex 0.527245 0.494581 0.458427
endloop
endfacet
facet normal 0.878618 -0.086553 0.469617
outer loop
vertex 0.546194 0.500000 0.519134
vertex 0.541573 0.500000 0.527778
vertex 0.540774 0.491890 0.527778
endloop
endfacet
facet normal 0.878603 -0.086518 0.469650
outer loop
vertex 0.546194 0.500000 0.519134
vertex 0.540774 0.491890 0.527778
vertex 0.545307 0.490988 0.519134
endloop
endfacet
facet normal 0.470888 -0.046350 -0.880975
outer loop
vertex 0.519134 0.500000 0.453806
vertex 0.527778 0.500000 0.458427
vertex 0.527245 0.494581 0.458427
endloop
endfacet
facet normal 0.470881 -0.046363 -0.880978
outer loop
vertex 0.519134 0.500000 0.453806
vertex 0.527245 0.494581 0.458427
vertex 0.518766 0.496267 0.453806
endloop
endfacet
facet normal 0.952713 -0.093810 0.289027
outer loop
vertex 0.549039 0.500000 0.509754
vertex 0.546194 0.500000 0.519134
vertex 0.545307 0.490988 0.519134
endloop
endfacet
facet normal 0.952718 -0.093868 0.288993
outer loop
vertex 0.549039 0.500000 0.509754
vertex 0.545307 0.490988 0.519134
vertex 0.548097 0.490433 0.509754
endloop
endfacet
facet normal 0.290193 -0.028573 -0.956542
outer loop
vertex 0.509754 0.500000 0.450960
vertex 0.519134 0.500000 0.453806
vertex 0.518766 0.496267 0.453806
endloop
endfacet
facet normal 0.290180 -0.028598 -0.956545
outer loop
vertex 0.509754 0.500000 0.450960
vertex 0.518766 0.496267 0.453806
vertex 0.509567 0.498097 0.450960
endloop
endfacet
facet normal 0.990437 -0.097588 0.097528
outer loop
vertex 0.550000 0.500000 0.500000
vertex 0.549039 0.500000 0.509754
vertex 0.548097 0.490433 0.509754
endloop
endfacet
facet normal 0.990439 -0.097515 0.097576
outer loop
vertex 0.550000 0.500000 0.500000
vertex 0.548097 0.490433 0.509754
vertex 0.549039 0.490245 0.500000
endloop
endfacet
facet normal 0.741174 -0.224836 0.632543
outer loop
vertex 0.540774 0.491890 0.527778
vertex 0.534676 0.493103 0.535356
vertex 0.532664 0.486470 0.535356
endloop
endfacet
facet normal 0.741171 -0.224802 0.632558
outer loop
vertex 0.540774 0.491890 0.527778
vertex 0.532664 0.486470 0.535356
vertex 0.538409 0.484091 0.527778
endloop
endfacet
facet normal 0.608834 -0.184682 -0.771501
outer loop
vertex 0.527245 0.494581 0.458427
vertex 0.534676 0.493103 0.464645
vertex 0.532664 0.486470 0.464645
endloop
endfacet
facet normal 0.608809 -0.184717 -0.771512
outer loop
vertex 0.527245 0.494581 0.458427
vertex 0.532664 0.486470 0.464645
vertex 0.525664 0.489369 0.458427
endloop
endfacet
facet normal 0.844843 -0.256254 0.469653
outer loop
vertex 0.545307 0.490988 0.519134
vertex 0.540774 0.491890 0.527778
vertex 0.538409 0.484091 0.527778
endloop
endfacet
facet normal 0.844851 -0.256327 0.469599
outer loop
vertex 0.545307 0.490988 0.519134
vertex 0.538409 0.484091 0.527778
vertex 0.542677 0.482322 0.519134
endloop
endfacet
facet normal 0.452776 -0.137358 -0.880981
outer loop
vertex 0.518766 0.496267 0.453806
vertex 0.527245 0.494581 0.458427
vertex 0.525664 0.489369 0.458427
endloop
endfacet
facet normal 0.452790 -0.137387 -0.880969
outer loop
vertex 0.518766 0.496267 0.453806
vertex 0.525664 0.489369 0.458427
vertex 0.517677 0.492677 0.453806
endloop
endfacet
facet normal 0.916097 -0.277941 0.288989
outer loop
vertex 0.548097 0.490433 0.509754
vertex 0.545307 0.490988 0.519134
vertex 0.542677 0.482322 0.519134
endloop
endfacet
facet normal 0.916100 -0.277876 0.289042
outer loop
vertex 0.548097 0.490433 0.509754
vertex 0.542677 0.482322 0.519134
vertex 0.545307 0.481234 0.509754
endloop
endfacet
facet normal 0.279030 -0.084654 -0.956544
outer loop
vertex 0.509567 0.498097 0.450960
vertex 0.518766 0.496267 0.453806
vertex 0.517677 0.492677 0.453806
endloop
endfacet
facet normal 0.279072 -0.084619 -0.956535
outer loop
vertex 0.509567 0.498097 0.450960
vertex 0.517677 0.492677 0.453806
vertex 0.509012 0.496267 0.450960
endloop
endfacet
facet normal 0.952378 -0.288884 0.097576
outer loop
vertex 0.549039 0.490245 0.500000
vertex 0.548097 0.490433 0.509754
vertex 0.545307 0.481234 0.509754
endloop
endfacet
facet normal 0.952369 -0.288931 0.097530
outer loop
vertex 0.549039 0.490245 0.500000
vertex 0.545307 0.481234 0.509754
vertex 0.546194 0.480866 0.500000
endloop
endfacet
facet normal 0.094232 -0.028572 0.995140
outer loop
vertex 0.509567 0.498097 0.549039
vertex 0.500000 0.500000 0.550000
vertex 0.509012 0.496267 0.549039
endloop
endfacet
facet normal 0.094228 -0.028573 -0.995141
outer loop
vertex 0.500000 0.500000 0.450000
vertex 0.509567 0.498097 0.450960
vertex 0.509012 0.496267 0.450960
endloop
endfacet
facet normal 0.952367 -0.288922 -0.097576
outer loop
vertex 0.548097 0.490433 0.490245
vertex 0.549039 0.490245 0.500000
vertex 0.546194 0.480866 0.500000
endloop
endfacet
facet normal 0.952382 -0.288887 -0.097532
outer loop
vertex 0.548097 0.490433 0.490245
vertex 0.546194 0.480866 0.500000
vertex 0.545307 0.481234 0.490245
endloop
endfacet
facet normal 0.279029 -0.084626 0.956547
outer loop
vertex 0.518766 0.496267 0.546194
vertex 0.509567 0.498097 0.549039
vertex 0.509012 0.496267 0.549039
endloop
endfacet
facet normal 0.279049 -0.084650 0.956539
outer loop
vertex 0.518766 0.496267 0.546194
vertex 0.509012 0.496267 0.549039
vertex 0.517677 0.492677 0.546194
endloop
endfacet
facet normal 0.916113 -0.277882 -0.288994
outer loop
vertex 0.545307 0.490988 0.480866
vertex 0.548097 0.490433 0.490245
vertex 0.545307 0.481234 0.490245
endloop
endfacet
facet normal 0.916082 -0.277937 -0.289042
outer loop
vertex 0.545307 0.490988 0.480866
vertex 0.545307 0.481234 0.490245
vertex 0.542677 0.482322 0.480866
endloop
endfacet
facet normal 0.452782 -0.137359 0.880977
outer loop
vertex 0.527245 0.494581 0.541573
vertex 0.518766 0.496267 0.546194
vertex 0.517677 0.492677 0.546194
endloop
endfacet
facet normal 0.452771 -0.137376 0.880980
outer loop
vertex 0.527245 0.494581 0.541573
vertex 0.517677 0.492677 0.546194
vertex 0.525664 0.489369 0.541573
endloop
endfacet
facet normal 0.844829 -0.256314 -0.469646
outer loop
vertex 0.540774 0.491890 0.472221
vertex 0.545307 0.490988 0.480866
vertex 0.542677 0.482322 0.480866
endloop
endfacet
facet normal 0.844871 -0.256265 -0.469597
outer loop
vertex 0.540774 0.491890 0.472221
vertex 0.542677 0.482322 0.480866
vertex 0.538409 0.484091 0.472221
endloop
endfacet
facet normal 0.608822 -0.184706 0.771505
outer loop
vertex 0.534676 0.493103 0.535356
vertex 0.527245 0.494581 0.541573
vertex 0.525664 0.489369 0.541573
endloop
endfacet
facet normal 0.608814 -0.184691 0.771515
outer loop
vertex 0.534676 0.493103 0.535356
vertex 0.525664 0.489369 0.541573
vertex 0.532664 0.486470 0.535356
endloop
endfacet
facet normal 0.741177 -0.224816 -0.632545
outer loop
vertex 0.534676 0.493103 0.464645
vertex 0.540774 0.491890 0.472221
vertex 0.538409 0.484091 0.472221
endloop
endfacet
facet normal 0.741160 -0.224821 -0.632564
outer loop
vertex 0.534676 0.493103 0.464645
vertex 0.538409 0.484091 0.472221
vertex 0.532664 0.486470 0.464645
endloop
endfacet
facet normal 0.877721 -0.469140 -0.097533
outer loop
vertex 0.545307 0.481234 0.490245
vertex 0.546194 0.480866 0.500000
vertex 0.541573 0.472221 0.500000
endloop
endfacet
facet normal 0.877700 -0.469175 -0.097554
outer loop
vertex 0.545307 0.481234 0.490245
vertex 0.541573 0.472221 0.500000
vertex 0.540774 0.472755 0.490245
endloop
endfacet
facet normal 0.257153 -0.137463 0.956544
outer loop
vertex 0.517677 0.492677 0.546194
vertex 0.509012 0.496267 0.549039
vertex 0.508110 0.494581 0.549039
endloop
endfacet
facet normal 0.257178 -0.137450 0.956539
outer loop
vertex 0.517677 0.492677 0.546194
vertex 0.508110 0.494581 0.549039
vertex 0.515909 0.489369 0.546194
endloop
endfacet
facet normal 0.844273 -0.451285 -0.289041
outer loop
vertex 0.542677 0.482322 0.480866
vertex 0.545307 0.481234 0.490245
vertex 0.540774 0.472755 0.490245
endloop
endfacet
facet normal 0.844301 -0.451260 -0.288997
outer loop
vertex 0.542677 0.482322 0.480866
vertex 0.540774 0.472755 0.490245
vertex 0.538409 0.474336 0.480866
endloop
endfacet
facet normal 0.417305 -0.223019 0.880976
outer loop
vertex 0.525664 0.489369 0.541573
vertex 0.517677 0.492677 0.546194
vertex 0.515909 0.489369 0.546194
endloop
endfacet
facet normal 0.417300 -0.223056 0.880969
outer loop
vertex 0.525664 0.489369 0.541573
vertex 0.515909 0.489369 0.546194
vertex 0.523097 0.484567 0.541573
endloop
endfacet
facet normal 0.778646 -0.416157 -0.469600
outer loop
vertex 0.538409 0.484091 0.472221
vertex 0.542677 0.482322 0.480866
vertex 0.538409 0.474336 0.480866
endloop
endfacet
facet normal 0.778601 -0.416193 -0.469642
outer loop
vertex 0.538409 0.484091 0.472221
vertex 0.538409 0.474336 0.480866
vertex 0.534567 0.476903 0.472221
endloop
endfacet
facet normal 0.561096 -0.299907 0.771510
outer loop
vertex 0.532664 0.486470 0.535356
vertex 0.525664 0.489369 0.541573
vertex 0.523097 0.484567 0.541573
endloop
endfacet
facet normal 0.561088 -0.299895 0.771520
outer loop
vertex 0.532664 0.486470 0.535356
vertex 0.523097 0.484567 0.541573
vertex 0.529397 0.480357 0.535356
endloop
endfacet
facet normal 0.683050 -0.365115 -0.632561
outer loop
vertex 0.532664 0.486470 0.464645
vertex 0.538409 0.484091 0.472221
vertex 0.534567 0.476903 0.472221
endloop
endfacet
facet normal 0.683080 -0.365097 -0.632539
outer loop
vertex 0.532664 0.486470 0.464645
vertex 0.534567 0.476903 0.472221
vertex 0.529397 0.480357 0.464645
endloop
endfacet
facet normal 0.683062 -0.365087 0.632564
outer loop
vertex 0.538409 0.484091 0.527778
vertex 0.532664 0.486470 0.535356
vertex 0.529397 0.480357 0.535356
endloop
endfacet
facet normal 0.683067 -0.365130 0.632534
outer loop
vertex 0.538409 0.484091 0.527778
vertex 0.529397 0.480357 0.535356
vertex 0.534567 0.476903 0.527778
endloop
endfacet
facet normal 0.561106 -0.299898 -0.771506
outer loop
vertex 0.525664 0.489369 0.458427
vertex 0.532664 0.486470 0.464645
vertex 0.529397 0.480357 0.464645
endloop
endfacet
facet normal 0.561083 -0.299909 -0.771518
outer loop
vertex 0.525664 0.489369 0.458427
vertex 0.529397 0.480357 0.464645
vertex 0.523097 0.484567 0.458427
endloop
endfacet
facet normal 0.778620 -0.416200 0.469604
outer loop
vertex 0.542677 0.482322 0.519134
vertex 0.538409 0.484091 0.527778
vertex 0.534567 0.476903 0.527778
endloop
endfacet
facet normal 0.778629 -0.416150 0.469634
outer loop
vertex 0.542677 0.482322 0.519134
vertex 0.534567 0.476903 0.527778
vertex 0.538409 0.474336 0.519134
endloop
endfacet
facet normal 0.417291 -0.223042 -0.880977
outer loop
vertex 0.517677 0.492677 0.453806
vertex 0.525664 0.489369 0.458427
vertex 0.523097 0.484567 0.458427
endloop
endfacet
facet normal 0.417307 -0.223040 -0.880970
outer loop
vertex 0.517677 0.492677 0.453806
vertex 0.523097 0.484567 0.458427
vertex 0.515909 0.489369 0.453806
endloop
endfacet
facet normal 0.844293 -0.451249 0.289041
outer loop
vertex 0.545307 0.481234 0.509754
vertex 0.542677 0.482322 0.519134
vertex 0.538409 0.474336 0.519134
endloop
endfacet
facet normal 0.844280 -0.451298 0.289001
outer loop
vertex 0.545307 0.481234 0.509754
vertex 0.538409 0.474336 0.519134
vertex 0.540774 0.472755 0.509754
endloop
endfacet
facet normal 0.257163 -0.137449 -0.956543
outer loop
vertex 0.509012 0.496267 0.450960
vertex 0.517677 0.492677 0.453806
vertex 0.515909 0.489369 0.453806
endloop
endfacet
facet normal 0.257140 -0.137466 -0.956547
outer loop
vertex 0.509012 0.496267 0.450960
vertex 0.515909 0.489369 0.453806
vertex 0.508110 0.494581 0.450960
endloop
endfacet
facet normal 0.877711 -0.469159 0.097532
outer loop
vertex 0.546194 0.480866 0.500000
vertex 0.545307 0.481234 0.509754
vertex 0.540774 0.472755 0.509754
endloop
endfacet
facet normal 0.877715 -0.469148 0.097555
outer loop
vertex 0.546194 0.480866 0.500000
vertex 0.540774 0.472755 0.509754
vertex 0.541573 0.472221 0.500000
endloop
endfacet
facet normal 0.086843 -0.046423 0.995140
outer loop
vertex 0.509012 0.496267 0.549039
vertex 0.500000 0.500000 0.550000
vertex 0.508110 0.494581 0.549039
endloop
endfacet
facet normal 0.086820 -0.046418 -0.995142
outer loop
vertex 0.500000 0.500000 0.450000
vertex 0.509012 0.496267 0.450960
vertex 0.508110 0.494581 0.450960
endloop
endfacet
facet normal 0.491790 -0.403620 -0.771514
outer loop
vertex 0.523097 0.484567 0.458427
vertex 0.529397 0.480357 0.464645
vertex 0.525000 0.475000 0.464645
endloop
endfacet
facet normal 0.491818 -0.403595 -0.771509
outer loop
vertex 0.523097 0.484567 0.458427
vertex 0.525000 0.475000 0.464645
vertex 0.519642 0.480357 0.458427
endloop
endfacet
facet normal 0.682479 -0.560061 0.469633
outer loop
vertex 0.538409 0.474336 0.519134
vertex 0.534567 0.476903 0.527778
vertex 0.529397 0.470603 0.527778
endloop
endfacet
facet normal 0.682462 -0.560101 0.469609
outer loop
vertex 0.538409 0.474336 0.519134
vertex 0.529397 0.470603 0.527778
vertex 0.532664 0.467336 0.519134
endloop
endfacet
facet normal 0.365774 -0.300157 -0.880974
outer loop
vertex 0.515909 0.489369 0.453806
vertex 0.523097 0.484567 0.458427
vertex 0.519642 0.480357 0.458427
endloop
endfacet
facet normal 0.365758 -0.300183 -0.880972
outer loop
vertex 0.515909 0.489369 0.453806
vertex 0.519642 0.480357 0.458427
vertex 0.513530 0.486470 0.453806
endloop
endfacet
facet normal 0.740018 -0.607332 0.289002
outer loop
vertex 0.540774 0.472755 0.509754
vertex 0.538409 0.474336 0.519134
vertex 0.532664 0.467336 0.519134
endloop
endfacet
facet normal 0.740013 -0.607331 0.289016
outer loop
vertex 0.540774 0.472755 0.509754
vertex 0.532664 0.467336 0.519134
vertex 0.534676 0.465324 0.509754
endloop
endfacet
facet normal 0.225395 -0.184979 -0.956546
outer loop
vertex 0.508110 0.494581 0.450960
vertex 0.515909 0.489369 0.453806
vertex 0.513530 0.486470 0.453806
endloop
endfacet
facet normal 0.225415 -0.184984 -0.956540
outer loop
vertex 0.508110 0.494581 0.450960
vertex 0.513530 0.486470 0.453806
vertex 0.506898 0.493103 0.450960
endloop
endfacet
facet normal 0.769321 -0.631373 0.097540
outer loop
vertex 0.541573 0.472221 0.500000
vertex 0.540774 0.472755 0.509754
vertex 0.534676 0.465324 0.509754
endloop
endfacet
facet normal 0.769340 -0.631343 0.097578
outer loop
vertex 0.541573 0.472221 0.500000
vertex 0.534676 0.465324 0.509754
vertex 0.535356 0.464645 0.500000
endloop
endfacet
facet normal 0.076123 -0.062466 0.995140
outer loop
vertex 0.508110 0.494581 0.549039
vertex 0.500000 0.500000 0.550000
vertex 0.506898 0.493103 0.549039
endloop
endfacet
facet normal 0.076122 -0.062463 -0.995140
outer loop
vertex 0.500000 0.500000 0.450000
vertex 0.508110 0.494581 0.450960
vertex 0.506898 0.493103 0.450960
endloop
endfacet
facet normal 0.769343 -0.631344 -0.097545
outer loop
vertex 0.540774 0.472755 0.490245
vertex 0.541573 0.472221 0.500000
vertex 0.535356 0.464645 0.500000
endloop
endfacet
facet normal 0.769316 -0.631373 -0.097574
outer loop
vertex 0.540774 0.472755 0.490245
vertex 0.535356 0.464645 0.500000
vertex 0.534676 0.465324 0.490245
endloop
endfacet
facet normal 0.225392 -0.184986 0.956545
outer loop
vertex 0.515909 0.489369 0.546194
vertex 0.508110 0.494581 0.549039
vertex 0.506898 0.493103 0.549039
endloop
endfacet
facet normal 0.225403 -0.184980 0.956544
outer loop
vertex 0.515909 0.489369 0.546194
vertex 0.506898 0.493103 0.549039
vertex 0.513530 0.486470 0.546194
endloop
endfacet
facet normal 0.740020 -0.607325 -0.289008
outer loop
vertex 0.538409 0.474336 0.480866
vertex 0.540774 0.472755 0.490245
vertex 0.534676 0.465324 0.490245
endloop
endfacet
facet normal 0.740011 -0.607336 -0.289009
outer loop
vertex 0.538409 0.474336 0.480866
vertex 0.534676 0.465324 0.490245
vertex 0.532664 0.467336 0.480866
endloop
endfacet
facet normal 0.365769 -0.300180 0.880968
outer loop
vertex 0.523097 0.484567 0.541573
vertex 0.515909 0.489369 0.546194
vertex 0.513530 0.486470 0.546194
endloop
endfacet
facet normal 0.365758 -0.300160 0.880979
outer loop
vertex 0.523097 0.484567 0.541573
vertex 0.513530 0.486470 0.546194
vertex 0.519642 0.480357 0.541573
endloop
endfacet
facet normal 0.682448 -0.560098 -0.469632
outer loop
vertex 0.534567 0.476903 0.472221
vertex 0.538409 0.474336 0.480866
vertex 0.532664 0.467336 0.480866
endloop
endfacet
facet normal 0.682492 -0.560069 -0.469602
outer loop
vertex 0.534567 0.476903 0.472221
vertex 0.532664 0.467336 0.480866
vertex 0.529397 0.470603 0.472221
endloop
endfacet
facet normal 0.491804 -0.403593 0.771519
outer loop
vertex 0.529397 0.480357 0.535356
vertex 0.523097 0.484567 0.541573
vertex 0.519642 0.480357 0.541573
endloop
endfacet
facet normal 0.491798 -0.403618 0.771510
outer loop
vertex 0.529397 0.480357 0.535356
vertex 0.519642 0.480357 0.541573
vertex 0.525000 0.475000 0.535356
endloop
endfacet
facet normal 0.598725 -0.491343 -0.632542
outer loop
vertex 0.529397 0.480357 0.464645
vertex 0.534567 0.476903 0.472221
vertex 0.529397 0.470603 0.472221
endloop
endfacet
facet normal 0.598690 -0.491361 -0.632562
outer loop
vertex 0.529397 0.480357 0.464645
vertex 0.529397 0.470603 0.472221
vertex 0.525000 0.475000 0.464645
endloop
endfacet
facet normal 0.598710 -0.491372 0.632535
outer loop
vertex 0.534567 0.476903 0.527778
vertex 0.529397 0.480357 0.535356
vertex 0.525000 0.475000 0.535356
endloop
endfacet
facet normal 0.598716 -0.491338 0.632556
outer loop
vertex 0.534567 0.476903 0.527778
vertex 0.525000 0.475000 0.535356
vertex 0.529397 0.470603 0.527778
endloop
endfacet
facet normal 0.184995 -0.225406 0.956540
outer loop
vertex 0.513530 0.486470 0.546194
vertex 0.506898 0.493103 0.549039
vertex 0.505419 0.491890 0.549039
endloop
endfacet
facet normal 0.184949 -0.225410 0.956548
outer loop
vertex 0.513530 0.486470 0.546194
vertex 0.505419 0.491890 0.549039
vertex 0.510630 0.484091 0.546194
endloop
endfacet
facet normal 0.607327 -0.740017 -0.289014
outer loop
vertex 0.532664 0.467336 0.480866
vertex 0.534676 0.465324 0.490245
vertex 0.527245 0.459226 0.490245
endloop
endfacet
facet normal 0.607332 -0.740017 -0.289003
outer loop
vertex 0.532664 0.467336 0.480866
vertex 0.527245 0.459226 0.490245
vertex 0.525664 0.461591 0.480866
endloop
endfacet
facet normal 0.300173 -0.365761 0.880974
outer loop
vertex 0.519642 0.480357 0.541573
vertex 0.513530 0.486470 0.546194
vertex 0.510630 0.484091 0.546194
endloop
endfacet
facet normal 0.300170 -0.365770 0.880972
outer loop
vertex 0.519642 0.480357 0.541573
vertex 0.510630 0.484091 0.546194
vertex 0.515433 0.476903 0.541573
endloop
endfacet
facet normal 0.560104 -0.682465 -0.469601
outer loop
vertex 0.529397 0.470603 0.472221
vertex 0.532664 0.467336 0.480866
vertex 0.525664 0.461591 0.480866
endloop
endfacet
facet normal 0.560065 -0.682476 -0.469631
outer loop
vertex 0.529397 0.470603 0.472221
vertex 0.525664 0.461591 0.480866
vertex 0.523097 0.465433 0.472221
endloop
endfacet
facet normal 0.403598 -0.491821 0.771506
outer loop
vertex 0.525000 0.475000 0.535356
vertex 0.519642 0.480357 0.541573
vertex 0.515433 0.476903 0.541573
endloop
endfacet
facet normal 0.403619 -0.491784 0.771518
outer loop
vertex 0.525000 0.475000 0.535356
vertex 0.515433 0.476903 0.541573
vertex 0.519642 0.470603 0.535356
endloop
endfacet
facet normal 0.491326 -0.598717 -0.632563
outer loop
vertex 0.525000 0.475000 0.464645
vertex 0.529397 0.470603 0.472221
vertex 0.523097 0.465433 0.472221
endloop
endfacet
facet normal 0.491373 -0.598704 -0.632539
outer loop
vertex 0.525000 0.475000 0.464645
vertex 0.523097 0.465433 0.472221
vertex 0.519642 0.470603 0.464645
endloop
endfacet
facet normal 0.491361 -0.598690 0.632562
outer loop
vertex 0.529397 0.470603 0.527778
vertex 0.525000 0.475000 0.535356
vertex 0.519642 0.470603 0.535356
endloop
endfacet
facet normal 0.491342 -0.598733 0.632536
outer loop
vertex 0.529397 0.470603 0.527778
vertex 0.519642 0.470603 0.535356
vertex 0.523097 0.465433 0.527778
endloop
endfacet
facet normal 0.403623 -0.491802 -0.771505
outer loop
vertex 0.519642 0.480357 0.458427
vertex 0.525000 0.475000 0.464645
vertex 0.519642 0.470603 0.464645
endloop
endfacet
facet normal 0.403604 -0.491808 -0.771511
outer loop
vertex 0.519642 0.480357 0.458427
vertex 0.519642 0.470603 0.464645
vertex 0.515433 0.476903 0.458427
endloop
endfacet
facet normal 0.560079 -0.682487 0.469598
outer loop
vertex 0.532664 0.467336 0.519134
vertex 0.529397 0.470603 0.527778
vertex 0.523097 0.465433 0.527778
endloop
endfacet
facet normal 0.560092 -0.682452 0.469634
outer loop
vertex 0.532664 0.467336 0.519134
vertex 0.523097 0.465433 0.527778
vertex 0.525664 0.461591 0.519134
endloop
endfacet
facet normal 0.300182 -0.365768 -0.880968
outer loop
vertex 0.513530 0.486470 0.453806
vertex 0.519642 0.480357 0.458427
vertex 0.515433 0.476903 0.458427
endloop
endfacet
facet normal 0.300152 -0.365766 -0.880979
outer loop
vertex 0.513530 0.486470 0.453806
vertex 0.515433 0.476903 0.458427
vertex 0.510630 0.484091 0.453806
endloop
endfacet
facet normal 0.607342 -0.740003 0.289017
outer loop
vertex 0.534676 0.465324 0.509754
vertex 0.532664 0.467336 0.519134
vertex 0.525664 0.461591 0.519134
endloop
endfacet
facet normal 0.607320 -0.740028 0.288999
outer loop
vertex 0.534676 0.465324 0.509754
vertex 0.525664 0.461591 0.519134
vertex 0.527245 0.459226 0.509754
endloop
endfacet
facet normal 0.184974 -0.225403 -0.956545
outer loop
vertex 0.506898 0.493103 0.450960
vertex 0.513530 0.486470 0.453806
vertex 0.510630 0.484091 0.453806
endloop
endfacet
facet normal 0.184999 -0.225415 -0.956537
outer loop
vertex 0.506898 0.493103 0.450960
vertex 0.510630 0.484091 0.453806
vertex 0.505419 0.491890 0.450960
endloop
endfacet
facet normal 0.631372 -0.769317 0.097576
outer loop
vertex 0.535356 0.464645 0.500000
vertex 0.534676 0.465324 0.509754
vertex 0.527245 0.459226 0.509754
endloop
endfacet
facet normal 0.631348 -0.769340 0.097547
outer loop
vertex 0.535356 0.464645 0.500000
vertex 0.527245 0.459226 0.509754
vertex 0.527778 0.458427 0.500000
endloop
endfacet
facet normal 0.062462 -0.076114 0.995141
outer loop
vertex 0.506898 0.493103 0.549039
vertex 0.500000 0.500000 0.550000
vertex 0.505419 0.491890 0.549039
endloop
endfacet
facet normal 0.062469 -0.076109 -0.995141
outer loop
vertex 0.500000 0.500000 0.450000
vertex 0.506898 0.493103 0.450960
vertex 0.505419 0.491890 0.450960
endloop
endfacet
facet normal 0.631353 -0.769332 -0.097578
outer loop
vertex 0.534676 0.465324 0.490245
vertex 0.535356 0.464645 0.500000
vertex 0.527778 0.458427 0.500000
endloop
endfacet
facet normal 0.631370 -0.769322 -0.097545
outer loop
vertex 0.534676 0.465324 0.490245
vertex 0.527778 0.458427 0.500000
vertex 0.527245 0.459226 0.490245
endloop
endfacet
facet normal 0.416195 -0.778600 0.469642
outer loop
vertex 0.525664 0.461591 0.519134
vertex 0.523097 0.465433 0.527778
vertex 0.515909 0.461591 0.527778
endloop
endfacet
facet normal 0.416160 -0.778645 0.469598
outer loop
vertex 0.525664 0.461591 0.519134
vertex 0.515909 0.461591 0.527778
vertex 0.517677 0.457323 0.519134
endloop
endfacet
facet normal 0.223047 -0.417301 -0.880971
outer loop
vertex 0.510630 0.484091 0.453806
vertex 0.515433 0.476903 0.458427
vertex 0.510630 0.474336 0.458427
endloop
endfacet
facet normal 0.223049 -0.417289 -0.880976
outer loop
vertex 0.510630 0.484091 0.453806
vertex 0.510630 0.474336 0.458427
vertex 0.507322 0.482322 0.453806
endloop
endfacet
facet normal 0.451260 -0.844304 0.288991
outer loop
vertex 0.527245 0.459226 0.509754
vertex 0.525664 0.461591 0.519134
vertex 0.517677 0.457323 0.519134
endloop
endfacet
facet normal 0.451287 -0.844272 0.289041
outer loop
vertex 0.527245 0.459226 0.509754
vertex 0.517677 0.457323 0.519134
vertex 0.518766 0.454693 0.509754
endloop
endfacet
facet normal 0.137440 -0.257159 -0.956546
outer loop
vertex 0.505419 0.491890 0.450960
vertex 0.510630 0.484091 0.453806
vertex 0.507322 0.482322 0.453806
endloop
endfacet
facet normal 0.137495 -0.257160 -0.956537
outer loop
vertex 0.505419 0.491890 0.450960
vertex 0.507322 0.482322 0.453806
vertex 0.503733 0.490988 0.450960
endloop
endfacet
facet normal 0.469159 -0.877710 0.097548
outer loop
vertex 0.527778 0.458427 0.500000
vertex 0.527245 0.459226 0.509754
vertex 0.518766 0.454693 0.509754
endloop
endfacet
facet normal 0.469146 -0.877718 0.097537
outer loop
vertex 0.527778 0.458427 0.500000
vertex 0.518766 0.454693 0.509754
vertex 0.519134 0.453806 0.500000
endloop
endfacet
facet normal 0.046481 -0.086836 0.995138
outer loop
vertex 0.505419 0.491890 0.549039
vertex 0.500000 0.500000 0.550000
vertex 0.503733 0.490988 0.549039
endloop
endfacet
facet normal 0.046406 -0.086833 -0.995142
outer loop
vertex 0.500000 0.500000 0.450000
vertex 0.505419 0.491890 0.450960
vertex 0.503733 0.490988 0.450960
endloop
endfacet
facet normal 0.469144 -0.877717 -0.097553
outer loop
vertex 0.527245 0.459226 0.490245
vertex 0.527778 0.458427 0.500000
vertex 0.519134 0.453806 0.500000
endloop
endfacet
facet normal 0.469158 -0.877712 -0.097532
outer loop
vertex 0.527245 0.459226 0.490245
vertex 0.519134 0.453806 0.500000
vertex 0.518766 0.454693 0.490245
endloop
endfacet
facet normal 0.137489 -0.257136 0.956545
outer loop
vertex 0.510630 0.484091 0.546194
vertex 0.505419 0.491890 0.549039
vertex 0.503733 0.490988 0.549039
endloop
endfacet
facet normal 0.137453 -0.257171 0.956541
outer loop
vertex 0.510630 0.484091 0.546194
vertex 0.503733 0.490988 0.549039
vertex 0.507322 0.482322 0.546194
endloop
endfacet
facet normal 0.451298 -0.844279 -0.289002
outer loop
vertex 0.525664 0.461591 0.480866
vertex 0.527245 0.459226 0.490245
vertex 0.518766 0.454693 0.490245
endloop
endfacet
facet normal 0.451243 -0.844298 -0.289033
outer loop
vertex 0.525664 0.461591 0.480866
vertex 0.518766 0.454693 0.490245
vertex 0.517677 0.457323 0.480866
endloop
endfacet
facet normal 0.223030 -0.417301 0.880975
outer loop
vertex 0.515433 0.476903 0.541573
vertex 0.510630 0.484091 0.546194
vertex 0.507322 0.482322 0.546194
endloop
endfacet
facet normal 0.223040 -0.417295 0.880976
outer loop
vertex 0.515433 0.476903 0.541573
vertex 0.507322 0.482322 0.546194
vertex 0.510630 0.474336 0.541573
endloop
endfacet
facet normal 0.416153 -0.778622 -0.469643
outer loop
vertex 0.523097 0.465433 0.472221
vertex 0.525664 0.461591 0.480866
vertex 0.517677 0.457323 0.480866
endloop
endfacet
facet normal 0.416202 -0.778624 -0.469597
outer loop
vertex 0.523097 0.465433 0.472221
vertex 0.517677 0.457323 0.480866
vertex 0.515909 0.461591 0.472221
endloop
endfacet
facet normal 0.299903 -0.561072 0.771529
outer loop
vertex 0.519642 0.470603 0.535356
vertex 0.515433 0.476903 0.541573
vertex 0.510630 0.474336 0.541573
endloop
endfacet
facet normal 0.299894 -0.561104 0.771509
outer loop
vertex 0.519642 0.470603 0.535356
vertex 0.510630 0.474336 0.541573
vertex 0.513530 0.467336 0.535356
endloop
endfacet
facet normal 0.365129 -0.683054 -0.632549
outer loop
vertex 0.519642 0.470603 0.464645
vertex 0.523097 0.465433 0.472221
vertex 0.515909 0.461591 0.472221
endloop
endfacet
facet normal 0.365076 -0.683067 -0.632565
outer loop
vertex 0.519642 0.470603 0.464645
vertex 0.515909 0.461591 0.472221
vertex 0.513530 0.467336 0.464645
endloop
endfacet
facet normal 0.365097 -0.683074 0.632546
outer loop
vertex 0.523097 0.465433 0.527778
vertex 0.519642 0.470603 0.535356
vertex 0.513530 0.467336 0.535356
endloop
endfacet
facet normal 0.365114 -0.683054 0.632558
outer loop
vertex 0.523097 0.465433 0.527778
vertex 0.513530 0.467336 0.535356
vertex 0.515909 0.461591 0.527778
endloop
endfacet
facet normal 0.299891 -0.561092 -0.771519
outer loop
vertex 0.515433 0.476903 0.458427
vertex 0.519642 0.470603 0.464645
vertex 0.513530 0.467336 0.464645
endloop
endfacet
facet normal 0.299913 -0.561091 -0.771511
outer loop
vertex 0.515433 0.476903 0.458427
vertex 0.513530 0.467336 0.464645
vertex 0.510630 0.474336 0.458427
endloop
endfacet
facet normal 0.277878 -0.916101 -0.289039
outer loop
vertex 0.517677 0.457323 0.480866
vertex 0.518766 0.454693 0.490245
vertex 0.509567 0.451903 0.490245
endloop
endfacet
facet normal 0.277938 -0.916096 -0.288997
outer loop
vertex 0.517677 0.457323 0.480866
vertex 0.509567 0.451903 0.490245
vertex 0.509012 0.454693 0.480866
endloop
endfacet
facet normal 0.137369 -0.452784 0.880975
outer loop
vertex 0.510630 0.474336 0.541573
vertex 0.507322 0.482322 0.546194
vertex 0.503733 0.481234 0.546194
endloop
endfacet
facet normal 0.137377 -0.452779 0.880976
outer loop
vertex 0.510630 0.474336 0.541573
vertex 0.503733 0.481234 0.546194
vertex 0.505419 0.472755 0.541573
endloop
endfacet
facet normal 0.256318 -0.844858 -0.469591
outer loop
vertex 0.515909 0.461591 0.472221
vertex 0.517677 0.457323 0.480866
vertex 0.509012 0.454693 0.480866
endloop
endfacet
facet normal 0.256246 -0.844843 -0.469658
outer loop
vertex 0.515909 0.461591 0.472221
vertex 0.509012 0.454693 0.480866
vertex 0.508110 0.459226 0.472221
endloop
endfacet
facet normal 0.184714 -0.608813 0.771510
outer loop
vertex 0.513530 0.467336 0.535356
vertex 0.510630 0.474336 0.541573
vertex 0.505419 0.472755 0.541573
endloop
endfacet
facet normal 0.184691 -0.608821 0.771509
outer loop
vertex 0.513530 0.467336 0.535356
vertex 0.505419 0.472755 0.541573
vertex 0.506898 0.465324 0.535356
endloop
endfacet
facet normal 0.224804 -0.741172 -0.632556
outer loop
vertex 0.513530 0.467336 0.464645
vertex 0.515909 0.461591 0.472221
vertex 0.508110 0.459226 0.472221
endloop
endfacet
facet normal 0.224839 -0.741171 -0.632545
outer loop
vertex 0.513530 0.467336 0.464645
vertex 0.508110 0.459226 0.472221
vertex 0.506898 0.465324 0.464645
endloop
endfacet
facet normal 0.224837 -0.741158 0.632560
outer loop
vertex 0.515909 0.461591 0.527778
vertex 0.513530 0.467336 0.535356
vertex 0.506898 0.465324 0.535356
endloop
endfacet
facet normal 0.224810 -0.741187 0.632537
outer loop
vertex 0.515909 0.461591 0.527778
vertex 0.506898 0.465324 0.535356
vertex 0.508110 0.459226 0.527778
endloop
endfacet
facet normal 0.184693 -0.608820 -0.771509
outer loop
vertex 0.510630 0.474336 0.458427
vertex 0.513530 0.467336 0.464645
vertex 0.506898 0.465324 0.464645
endloop
endfacet
facet normal 0.184714 -0.608827 -0.771499
outer loop
vertex 0.510630 0.474336 0.458427
vertex 0.506898 0.465324 0.464645
vertex 0.505419 0.472755 0.458427
endloop
endfacet
facet normal 0.256256 -0.844870 0.469604
outer loop
vertex 0.517677 0.457323 0.519134
vertex 0.515909 0.461591 0.527778
vertex 0.508110 0.459226 0.527778
endloop
endfacet
facet normal 0.256310 -0.844831 0.469644
outer loop
vertex 0.517677 0.457323 0.519134
vertex 0.508110 0.459226 0.527778
vertex 0.509012 0.454693 0.519134
endloop
endfacet
facet normal 0.137362 -0.452783 -0.880976
outer loop
vertex 0.507322 0.482322 0.453806
vertex 0.510630 0.474336 0.458427
vertex 0.505419 0.472755 0.458427
endloop
endfacet
facet normal 0.137371 -0.452781 -0.880976
outer loop
vertex 0.507322 0.482322 0.453806
vertex 0.505419 0.472755 0.458427
vertex 0.503733 0.481234 0.453806
endloop
endfacet
facet normal 0.277929 -0.916084 0.289042
outer loop
vertex 0.518766 0.454693 0.509754
vertex 0.517677 0.457323 0.519134
vertex 0.509012 0.454693 0.519134
endloop
endfacet
facet normal 0.277887 -0.916113 0.288991
outer loop
vertex 0.518766 0.454693 0.509754
vertex 0.509012 0.454693 0.519134
vertex 0.509567 0.451903 0.509754
endloop
endfacet
facet normal 0.084664 -0.279037 -0.956541
outer loop
vertex 0.503733 0.490988 0.450960
vertex 0.507322 0.482322 0.453806
vertex 0.503733 0.481234 0.453806
endloop
endfacet
facet normal 0.084641 -0.279037 -0.956543
outer loop
vertex 0.503733 0.490988 0.450960
vertex 0.503733 0.481234 0.453806
vertex 0.501903 0.490433 0.450960
endloop
endfacet
facet normal 0.288886 -0.952382 0.097537
outer loop
vertex 0.519134 0.453806 0.500000
vertex 0.518766 0.454693 0.509754
vertex 0.509567 0.451903 0.509754
endloop
endfacet
facet normal 0.288924 -0.952366 0.097581
outer loop
vertex 0.519134 0.453806 0.500000
vertex 0.509567 0.451903 0.509754
vertex 0.509754 0.450960 0.500000
endloop
endfacet
facet normal 0.028557 -0.094228 0.995141
outer loop
vertex 0.503733 0.490988 0.549039
vertex 0.500000 0.500000 0.550000
vertex 0.501903 0.490433 0.549039
endloop
endfacet
facet normal 0.028573 -0.094222 -0.995141
outer loop
vertex 0.500000 0.500000 0.450000
vertex 0.503733 0.490988 0.450960
vertex 0.501903 0.490433 0.450960
endloop
endfacet
facet normal 0.288925 -0.952370 -0.097536
outer loop
vertex 0.518766 0.454693 0.490245
vertex 0.519134 0.453806 0.500000
vertex 0.509754 0.450960 0.500000
endloop
endfacet
facet normal 0.288886 -0.952377 -0.097586
outer loop
vertex 0.518766 0.454693 0.490245
vertex 0.509754 0.450960 0.500000
vertex 0.509567 0.451903 0.490245
endloop
endfacet
facet normal 0.084625 -0.279048 0.956541
outer loop
vertex 0.507322 0.482322 0.546194
vertex 0.503733 0.490988 0.549039
vertex 0.501903 0.490433 0.549039
endloop
endfacet
facet normal 0.084647 -0.279033 0.956544
outer loop
vertex 0.507322 0.482322 0.546194
vertex 0.501903 0.490433 0.549039
vertex 0.503733 0.481234 0.546194
endloop
endfacet
facet normal 0.046362 -0.470879 -0.880979
outer loop
vertex 0.503733 0.481234 0.453806
vertex 0.505419 0.472755 0.458427
vertex 0.500000 0.472221 0.458427
endloop
endfacet
facet normal 0.046375 -0.470886 -0.880974
outer loop
vertex 0.503733 0.481234 0.453806
vertex 0.500000 0.472221 0.458427
vertex 0.500000 0.480866 0.453806
endloop
endfacet
facet normal 0.093821 -0.952726 0.288982
outer loop
vertex 0.509567 0.451903 0.509754
vertex 0.509012 0.454693 0.519134
vertex 0.500000 0.453806 0.519134
endloop
endfacet
facet normal 0.093861 -0.952707 0.289033
outer loop
vertex 0.509567 0.451903 0.509754
vertex 0.500000 0.453806 0.519134
vertex 0.500000 0.450960 0.509754
endloop
endfacet
facet normal 0.028559 -0.290189 -0.956543
outer loop
vertex 0.501903 0.490433 0.450960
vertex 0.503733 0.481234 0.453806
vertex 0.500000 0.480866 0.453806
endloop
endfacet
facet normal 0.028648 -0.290194 -0.956539
outer loop
vertex 0.501903 0.490433 0.450960
vertex 0.500000 0.480866 0.453806
vertex 0.500000 0.490245 0.450960
endloop
endfacet
facet normal 0.097576 -0.990434 0.097568
outer loop
vertex 0.509754 0.450960 0.500000
vertex 0.509567 0.451903 0.509754
vertex 0.500000 0.450960 0.509754
endloop
endfacet
facet normal 0.097523 -0.990443 0.097525
outer loop
vertex 0.509754 0.450960 0.500000
vertex 0.500000 0.450960 0.509754
vertex 0.500000 0.450000 0.500000
endloop
endfacet
facet normal 0.009636 -0.097991 0.995141
outer loop
vertex 0.501903 0.490433 0.549039
vertex 0.500000 0.500000 0.550000
vertex 0.500000 0.490245 0.549039
endloop
endfacet
facet normal 0.009655 -0.097985 -0.995141
outer loop
vertex 0.500000 0.500000 0.450000
vertex 0.501903 0.490433 0.450960
vertex 0.500000 0.490245 0.450960
endloop
endfacet
facet normal 0.097523 -0.990439 -0.097573
outer loop
vertex 0.509567 0.451903 0.490245
vertex 0.509754 0.450960 0.500000
vertex 0.500000 0.450000 0.500000
endloop
endfacet
facet normal 0.097576 -0.990439 -0.097519
outer loop
vertex 0.509567 0.451903 0.490245
vertex 0.500000 0.450000 0.500000
vertex 0.500000 0.450960 0.490245
endloop
endfacet
facet normal 0.028627 -0.290184 0.956543
outer loop
vertex 0.503733 0.481234 0.546194
vertex 0.501903 0.490433 0.549039
vertex 0.500000 0.490245 0.549039
endloop
endfacet
facet normal 0.028547 -0.290194 0.956542
outer loop
vertex 0.503733 0.481234 0.546194
vertex 0.500000 0.490245 0.549039
vertex 0.500000 0.480866 0.546194
endloop
endfacet
facet normal 0.093859 -0.952718 -0.288996
outer loop
vertex 0.509012 0.454693 0.480866
vertex 0.509567 0.451903 0.490245
vertex 0.500000 0.450960 0.490245
endloop
endfacet
facet normal 0.093821 -0.952712 -0.289030
outer loop
vertex 0.509012 0.454693 0.480866
vertex 0.500000 0.450960 0.490245
vertex 0.500000 0.453806 0.480866
endloop
endfacet
facet normal 0.046337 -0.470887 0.880976
outer loop
vertex 0.505419 0.472755 0.541573
vertex 0.503733 0.481234 0.546194
vertex 0.500000 0.480866 0.546194
endloop
endfacet
facet normal 0.046358 -0.470879 0.880979
outer loop
vertex 0.505419 0.472755 0.541573
vertex 0.500000 0.480866 0.546194
vertex 0.500000 0.472221 0.541573
endloop
endfacet
facet normal 0.086525 -0.878604 -0.469646
outer loop
vertex 0.508110 0.459226 0.472221
vertex 0.509012 0.454693 0.480866
vertex 0.500000 0.453806 0.480866
endloop
endfacet
facet normal 0.086559 -0.878614 -0.469623
outer loop
vertex 0.508110 0.459226 0.472221
vertex 0.500000 0.453806 0.480866
vertex 0.500000 0.458427 0.472221
endloop
endfacet
facet normal 0.062327 -0.633179 0.771492
outer loop
vertex 0.506898 0.465324 0.535356
vertex 0.505419 0.472755 0.541573
vertex 0.500000 0.472221 0.541573
endloop
endfacet
facet normal 0.062377 -0.633133 0.771526
outer loop
vertex 0.506898 0.465324 0.535356
vertex 0.500000 0.472221 0.541573
vertex 0.500000 0.464645 0.535356
endloop
endfacet
facet normal 0.075929 -0.770796 -0.632541
outer loop
vertex 0.506898 0.465324 0.464645
vertex 0.508110 0.459226 0.472221
vertex 0.500000 0.458427 0.472221
endloop
endfacet
facet normal 0.075931 -0.770790 -0.632548
outer loop
vertex 0.506898 0.465324 0.464645
vertex 0.500000 0.458427 0.472221
vertex 0.500000 0.464645 0.464645
endloop
endfacet
facet normal 0.075926 -0.770799 0.632538
outer loop
vertex 0.508110 0.459226 0.527778
vertex 0.506898 0.465324 0.535356
vertex 0.500000 0.464645 0.535356
endloop
endfacet
facet normal 0.075935 -0.770793 0.632544
outer loop
vertex 0.508110 0.459226 0.527778
vertex 0.500000 0.464645 0.535356
vertex 0.500000 0.458427 0.527778
endloop
endfacet
facet normal 0.062376 -0.633165 -0.771499
outer loop
vertex 0.505419 0.472755 0.458427
vertex 0.506898 0.465324 0.464645
vertex 0.500000 0.464645 0.464645
endloop
endfacet
facet normal 0.062329 -0.633144 -0.771521
outer loop
vertex 0.505419 0.472755 0.458427
vertex 0.500000 0.464645 0.464645
vertex 0.500000 0.472221 0.458427
endloop
endfacet
facet normal 0.086556 -0.878599 0.469650
outer loop
vertex 0.509012 0.454693 0.519134
vertex 0.508110 0.459226 0.527778
vertex 0.500000 0.458427 0.527778
endloop
endfacet
facet normal 0.086523 -0.878618 0.469622
outer loop
vertex 0.509012 0.454693 0.519134
vertex 0.500000 0.458427 0.527778
vertex 0.500000 0.453806 0.519134
endloop
endfacet
facet normal -0.086527 -0.878613 -0.469631
outer loop
vertex 0.500000 0.458427 0.472221
vertex 0.500000 0.453806 0.480866
vertex 0.490988 0.454693 0.480866
endloop
endfacet
facet normal -0.086558 -0.878601 -0.469646
outer loop
vertex 0.500000 0.458427 0.472221
vertex 0.490988 0.454693 0.480866
vertex 0.491890 0.459226 0.472221
endloop
endfacet
facet normal -0.062334 -0.633138 0.771525
outer loop
vertex 0.500000 0.464645 0.535356
vertex 0.500000 0.472221 0.541573
vertex 0.494581 0.472755 0.541573
endloop
endfacet
facet normal -0.062366 -0.633165 0.771500
outer loop
vertex 0.500000 0.464645 0.535356
vertex 0.494581 0.472755 0.541573
vertex 0.493103 0.465324 0.535356
endloop
endfacet
facet normal -0.075935 -0.770791 -0.632547
outer loop
vertex 0.500000 0.464645 0.464645
vertex 0.500000 0.458427 0.472221
vertex 0.491890 0.459226 0.472221
endloop
endfacet
facet normal -0.075925 -0.770791 -0.632547
outer loop
vertex 0.500000 0.464645 0.464645
vertex 0.491890 0.459226 0.472221
vertex 0.493103 0.465324 0.464645
endloop
endfacet
facet normal -0.075934 -0.770793 0.632544
outer loop
vertex 0.500000 0.458427 0.527778
vertex 0.500000 0.464645 0.535356
vertex 0.493103 0.465324 0.535356
endloop
endfacet
facet normal -0.075929 -0.770796 0.632541
outer loop
vertex 0.500000 0.458427 0.527778
vertex 0.493103 0.465324 0.535356
vertex 0.491890 0.459226 0.527778
endloop
endfacet
facet normal -0.062375 -0.633140 -0.771520
outer loop
vertex 0.500000 0.472221 0.458427
vertex 0.500000 0.464645 0.464645
vertex 0.493103 0.465324 0.464645
endloop
endfacet
facet normal -0.062332 -0.633175 -0.771495
outer loop
vertex 0.500000 0.472221 0.458427
vertex 0.493103 0.465324 0.464645
vertex 0.494581 0.472755 0.458427
endloop
endfacet
facet normal -0.086553 -0.878612 0.469628
outer loop
vertex 0.500000 0.453806 0.519134
vertex 0.500000 0.458427 0.527778
vertex 0.491890 0.459226 0.527778
endloop
endfacet
facet normal -0.086527 -0.878604 0.469647
outer loop
vertex 0.500000 0.453806 0.519134
vertex 0.491890 0.459226 0.527778
vertex 0.490988 0.454693 0.519134
endloop
endfacet
facet normal -0.046362 -0.470879 -0.880979
outer loop
vertex 0.500000 0.480866 0.453806
vertex 0.500000 0.472221 0.458427
vertex 0.494581 0.472755 0.458427
endloop
endfacet
facet normal -0.046363 -0.470878 -0.880979
outer loop
vertex 0.500000 0.480866 0.453806
vertex 0.494581 0.472755 0.458427
vertex 0.496267 0.481234 0.453806
endloop
endfacet
facet normal -0.093823 -0.952711 0.289033
outer loop
vertex 0.500000 0.450960 0.509754
vertex 0.500000 0.453806 0.519134
vertex 0.490988 0.454693 0.519134
endloop
endfacet
facet normal -0.093860 -0.952718 0.288995
outer loop
vertex 0.500000 0.450960 0.509754
vertex 0.490988 0.454693 0.519134
vertex 0.490433 0.451903 0.509754
endloop
endfacet
facet normal -0.028585 -0.290190 -0.956542
outer loop
vertex 0.500000 0.490245 0.450960
vertex 0.500000 0.480866 0.453806
vertex 0.496267 0.481234 0.453806
endloop
endfacet
facet normal -0.028598 -0.290182 -0.956544
outer loop
vertex 0.500000 0.490245 0.450960
vertex 0.496267 0.481234 0.453806
vertex 0.498097 0.490433 0.450960
endloop
endfacet
facet normal -0.097578 -0.990439 0.097520
outer loop
vertex 0.500000 0.450000 0.500000
vertex 0.500000 0.450960 0.509754
vertex 0.490433 0.451903 0.509754
endloop
endfacet
facet normal -0.097522 -0.990439 0.097575
outer loop
vertex 0.500000 0.450000 0.500000
vertex 0.490433 0.451903 0.509754
vertex 0.490245 0.450960 0.500000
endloop
endfacet
facet normal -0.009636 -0.097994 0.995140
outer loop
vertex 0.500000 0.490245 0.549039
vertex 0.500000 0.500000 0.550000
vertex 0.498097 0.490433 0.549039
endloop
endfacet
facet normal -0.009655 -0.097988 -0.995141
outer loop
vertex 0.500000 0.500000 0.450000
vertex 0.500000 0.490245 0.450960
vertex 0.498097 0.490433 0.450960
endloop
endfacet
facet normal -0.097524 -0.990443 -0.097526
outer loop
vertex 0.500000 0.450960 0.490245
vertex 0.500000 0.450000 0.500000
vertex 0.490245 0.450960 0.500000
endloop
endfacet
facet normal -0.097577 -0.990434 -0.097570
outer loop
vertex 0.500000 0.450960 0.490245
vertex 0.490245 0.450960 0.500000
vertex 0.490433 0.451903 0.490245
endloop
endfacet
facet normal -0.028579 -0.290192 0.956541
outer loop
vertex 0.500000 0.480866 0.546194
vertex 0.500000 0.490245 0.549039
vertex 0.498097 0.490433 0.549039
endloop
endfacet
facet normal -0.028572 -0.290185 0.956544
outer loop
vertex 0.500000 0.480866 0.546194
vertex 0.498097 0.490433 0.549039
vertex 0.496267 0.481234 0.546194
endloop
endfacet
facet normal -0.093859 -0.952706 -0.289035
outer loop
vertex 0.500000 0.453806 0.480866
vertex 0.500000 0.450960 0.490245
vertex 0.490433 0.451903 0.490245
endloop
endfacet
facet normal -0.093823 -0.952724 -0.288989
outer loop
vertex 0.500000 0.453806 0.480866
vertex 0.490433 0.451903 0.490245
vertex 0.490988 0.454693 0.480866
endloop
endfacet
facet normal -0.046338 -0.470880 0.880980
outer loop
vertex 0.500000 0.472221 0.541573
vertex 0.500000 0.480866 0.546194
vertex 0.496267 0.481234 0.546194
endloop
endfacet
facet normal -0.046358 -0.470878 0.880979
outer loop
vertex 0.500000 0.472221 0.541573
vertex 0.496267 0.481234 0.546194
vertex 0.494581 0.472755 0.541573
endloop
endfacet
facet normal -0.084663 -0.279034 -0.956542
outer loop
vertex 0.498097 0.490433 0.450960
vertex 0.496267 0.481234 0.453806
vertex 0.492677 0.482322 0.453806
endloop
endfacet
facet normal -0.084642 -0.279042 -0.956541
outer loop
vertex 0.498097 0.490433 0.450960
vertex 0.492677 0.482322 0.453806
vertex 0.496267 0.490988 0.450960
endloop
endfacet
facet normal -0.288884 -0.952377 0.097586
outer loop
vertex 0.490245 0.450960 0.500000
vertex 0.490433 0.451903 0.509754
vertex 0.481234 0.454693 0.509754
endloop
endfacet
facet normal -0.288928 -0.952370 0.097532
outer loop
vertex 0.490245 0.450960 0.500000
vertex 0.481234 0.454693 0.509754
vertex 0.480866 0.453806 0.500000
endloop
endfacet
facet normal -0.028557 -0.094227 0.995141
outer loop
vertex 0.498097 0.490433 0.549039
vertex 0.500000 0.500000 0.550000
vertex 0.496267 0.490988 0.549039
endloop
endfacet
facet normal -0.028573 -0.094221 -0.995141
outer loop
vertex 0.500000 0.500000 0.450000
vertex 0.498097 0.490433 0.450960
vertex 0.496267 0.490988 0.450960
endloop
endfacet
facet normal -0.288924 -0.952366 -0.097584
outer loop
vertex 0.490433 0.451903 0.490245
vertex 0.490245 0.450960 0.500000
vertex 0.480866 0.453806 0.500000
endloop
endfacet
facet normal -0.288884 -0.952383 -0.097534
outer loop
vertex 0.490433 0.451903 0.490245
vertex 0.480866 0.453806 0.500000
vertex 0.481234 0.454693 0.490245
endloop
endfacet
facet normal -0.084621 -0.279034 0.956545
outer loop
vertex 0.496267 0.481234 0.546194
vertex 0.498097 0.490433 0.549039
vertex 0.496267 0.490988 0.549039
endloop
endfacet
facet normal -0.084648 -0.279038 0.956542
outer loop
vertex 0.496267 0.481234 0.546194
vertex 0.496267 0.490988 0.549039
vertex 0.492677 0.482322 0.546194
endloop
endfacet
facet normal -0.277884 -0.916113 -0.288993
outer loop
vertex 0.490988 0.454693 0.480866
vertex 0.490433 0.451903 0.490245
vertex 0.481234 0.454693 0.490245
endloop
endfacet
facet normal -0.277929 -0.916084 -0.289043
outer loop
vertex 0.490988 0.454693 0.480866
vertex 0.481234 0.454693 0.490245
vertex 0.482322 0.457323 0.480866
endloop
endfacet
facet normal -0.137381 -0.452780 0.880975
outer loop
vertex 0.494581 0.472755 0.541573
vertex 0.496267 0.481234 0.546194
vertex 0.492677 0.482322 0.546194
endloop
endfacet
facet normal -0.137377 -0.452780 0.880975
outer loop
vertex 0.494581 0.472755 0.541573
vertex 0.492677 0.482322 0.546194
vertex 0.489369 0.474336 0.541573
endloop
endfacet
facet normal -0.256311 -0.844835 -0.469636
outer loop
vertex 0.491890 0.459226 0.472221
vertex 0.490988 0.454693 0.480866
vertex 0.482322 0.457323 0.480866
endloop
endfacet
facet normal -0.256256 -0.844870 -0.469602
outer loop
vertex 0.491890 0.459226 0.472221
vertex 0.482322 0.457323 0.480866
vertex 0.484091 0.461591 0.472221
endloop
endfacet
facet normal -0.184709 -0.608827 0.771500
outer loop
vertex 0.493103 0.465324 0.535356
vertex 0.494581 0.472755 0.541573
vertex 0.489369 0.474336 0.541573
endloop
endfacet
facet normal -0.184687 -0.608817 0.771513
outer loop
vertex 0.493103 0.465324 0.535356
vertex 0.489369 0.474336 0.541573
vertex 0.486470 0.467336 0.535356
endloop
endfacet
facet normal -0.224808 -0.741180 -0.632545
outer loop
vertex 0.493103 0.465324 0.464645
vertex 0.491890 0.459226 0.472221
vertex 0.484091 0.461591 0.472221
endloop
endfacet
facet normal -0.224833 -0.741157 -0.632563
outer loop
vertex 0.493103 0.465324 0.464645
vertex 0.484091 0.461591 0.472221
vertex 0.486470 0.467336 0.464645
endloop
endfacet
facet normal -0.224838 -0.741174 0.632541
outer loop
vertex 0.491890 0.459226 0.527778
vertex 0.493103 0.465324 0.535356
vertex 0.486470 0.467336 0.535356
endloop
endfacet
facet normal -0.224808 -0.741170 0.632557
outer loop
vertex 0.491890 0.459226 0.527778
vertex 0.486470 0.467336 0.535356
vertex 0.484091 0.461591 0.527778
endloop
endfacet
facet normal -0.184689 -0.608835 -0.771498
outer loop
vertex 0.494581 0.472755 0.458427
vertex 0.493103 0.465324 0.464645
vertex 0.486470 0.467336 0.464645
endloop
endfacet
facet normal -0.184718 -0.608813 -0.771509
outer loop
vertex 0.494581 0.472755 0.458427
vertex 0.486470 0.467336 0.464645
vertex 0.489369 0.474336 0.458427
endloop
endfacet
facet normal -0.256248 -0.844844 0.469654
outer loop
vertex 0.490988 0.454693 0.519134
vertex 0.491890 0.459226 0.527778
vertex 0.484091 0.461591 0.527778
endloop
endfacet
facet normal -0.256317 -0.844854 0.469599
outer loop
vertex 0.490988 0.454693 0.519134
vertex 0.484091 0.461591 0.527778
vertex 0.482322 0.457323 0.519134
endloop
endfacet
facet normal -0.137369 -0.452775 -0.880979
outer loop
vertex 0.496267 0.481234 0.453806
vertex 0.494581 0.472755 0.458427
vertex 0.489369 0.474336 0.458427
endloop
endfacet
facet normal -0.137360 -0.452787 -0.880975
outer loop
vertex 0.496267 0.481234 0.453806
vertex 0.489369 0.474336 0.458427
vertex 0.492677 0.482322 0.453806
endloop
endfacet
facet normal -0.277933 -0.916098 0.288994
outer loop
vertex 0.490433 0.451903 0.509754
vertex 0.490988 0.454693 0.519134
vertex 0.482322 0.457323 0.519134
endloop
endfacet
facet normal -0.277881 -0.916101 0.289035
outer loop
vertex 0.490433 0.451903 0.509754
vertex 0.482322 0.457323 0.519134
vertex 0.481234 0.454693 0.509754
endloop
endfacet
facet normal -0.299921 -0.561089 0.771509
outer loop
vertex 0.486470 0.467336 0.535356
vertex 0.489369 0.474336 0.541573
vertex 0.484567 0.476903 0.541573
endloop
endfacet
facet normal -0.299883 -0.561098 0.771517
outer loop
vertex 0.486470 0.467336 0.535356
vertex 0.484567 0.476903 0.541573
vertex 0.480357 0.470603 0.535356
endloop
endfacet
facet normal -0.365110 -0.683047 -0.632568
outer loop
vertex 0.486470 0.467336 0.464645
vertex 0.484091 0.461591 0.472221
vertex 0.476903 0.465433 0.472221
endloop
endfacet
facet normal -0.365092 -0.683083 -0.632539
outer loop
vertex 0.486470 0.467336 0.464645
vertex 0.476903 0.465433 0.472221
vertex 0.480357 0.470603 0.464645
endloop
endfacet
facet normal -0.365075 -0.683072 0.632560
outer loop
vertex 0.484091 0.461591 0.527778
vertex 0.486470 0.467336 0.535356
vertex 0.480357 0.470603 0.535356
endloop
endfacet
facet normal -0.365127 -0.683063 0.632540
outer loop
vertex 0.484091 0.461591 0.527778
vertex 0.480357 0.470603 0.535356
vertex 0.476903 0.465433 0.527778
endloop
endfacet
facet normal -0.299899 -0.561102 -0.771509
outer loop
vertex 0.489369 0.474336 0.458427
vertex 0.486470 0.467336 0.464645
vertex 0.480357 0.470603 0.464645
endloop
endfacet
facet normal -0.299907 -0.561089 -0.771515
outer loop
vertex 0.489369 0.474336 0.458427
vertex 0.480357 0.470603 0.464645
vertex 0.484567 0.476903 0.458427
endloop
endfacet
facet normal -0.416207 -0.778622 0.469596
outer loop
vertex 0.482322 0.457323 0.519134
vertex 0.484091 0.461591 0.527778
vertex 0.476903 0.465433 0.527778
endloop
endfacet
facet normal -0.416146 -0.778629 0.469638
outer loop
vertex 0.482322 0.457323 0.519134
vertex 0.476903 0.465433 0.527778
vertex 0.474336 0.461591 0.519134
endloop
endfacet
facet normal -0.223049 -0.417287 -0.880977
outer loop
vertex 0.492677 0.482322 0.453806
vertex 0.489369 0.474336 0.458427
vertex 0.484567 0.476903 0.458427
endloop
endfacet
facet normal -0.223047 -0.417297 -0.880973
outer loop
vertex 0.492677 0.482322 0.453806
vertex 0.484567 0.476903 0.458427
vertex 0.489369 0.484091 0.453806
endloop
endfacet
facet normal -0.451249 -0.844294 0.289036
outer loop
vertex 0.481234 0.454693 0.509754
vertex 0.482322 0.457323 0.519134
vertex 0.474336 0.461591 0.519134
endloop
endfacet
facet normal -0.451293 -0.844284 0.288998
outer loop
vertex 0.481234 0.454693 0.509754
vertex 0.474336 0.461591 0.519134
vertex 0.472755 0.459226 0.509754
endloop
endfacet
facet normal -0.137442 -0.257174 -0.956541
outer loop
vertex 0.496267 0.490988 0.450960
vertex 0.492677 0.482322 0.453806
vertex 0.489369 0.484091 0.453806
endloop
endfacet
facet normal -0.137465 -0.257152 -0.956544
outer loop
vertex 0.496267 0.490988 0.450960
vertex 0.489369 0.484091 0.453806
vertex 0.494581 0.491890 0.450960
endloop
endfacet
facet normal -0.469159 -0.877711 0.097533
outer loop
vertex 0.480866 0.453806 0.500000
vertex 0.481234 0.454693 0.509754
vertex 0.472755 0.459226 0.509754
endloop
endfacet
facet normal -0.469143 -0.877717 0.097556
outer loop
vertex 0.480866 0.453806 0.500000
vertex 0.472755 0.459226 0.509754
vertex 0.472221 0.458427 0.500000
endloop
endfacet
facet normal -0.046430 -0.086834 0.995140
outer loop
vertex 0.496267 0.490988 0.549039
vertex 0.500000 0.500000 0.550000
vertex 0.494581 0.491890 0.549039
endloop
endfacet
facet normal -0.046405 -0.086832 -0.995142
outer loop
vertex 0.500000 0.500000 0.450000
vertex 0.496267 0.490988 0.450960
vertex 0.494581 0.491890 0.450960
endloop
endfacet
facet normal -0.469140 -0.877721 -0.097533
outer loop
vertex 0.481234 0.454693 0.490245
vertex 0.480866 0.453806 0.500000
vertex 0.472221 0.458427 0.500000
endloop
endfacet
facet normal -0.469161 -0.877708 -0.097553
outer loop
vertex 0.481234 0.454693 0.490245
vertex 0.472221 0.458427 0.500000
vertex 0.472755 0.459226 0.490245
endloop
endfacet
facet normal -0.137467 -0.257168 0.956539
outer loop
vertex 0.492677 0.482322 0.546194
vertex 0.496267 0.490988 0.549039
vertex 0.494581 0.491890 0.549039
endloop
endfacet
facet normal -0.137474 -0.257162 0.956540
outer loop
vertex 0.492677 0.482322 0.546194
vertex 0.494581 0.491890 0.549039
vertex 0.489369 0.484091 0.546194
endloop
endfacet
facet normal -0.451288 -0.844270 -0.289045
outer loop
vertex 0.482322 0.457323 0.480866
vertex 0.481234 0.454693 0.490245
vertex 0.472755 0.459226 0.490245
endloop
endfacet
facet normal -0.451250 -0.844310 -0.288987
outer loop
vertex 0.482322 0.457323 0.480866
vertex 0.472755 0.459226 0.490245
vertex 0.474336 0.461591 0.480866
endloop
endfacet
facet normal -0.223026 -0.417294 0.880980
outer loop
vertex 0.489369 0.474336 0.541573
vertex 0.492677 0.482322 0.546194
vertex 0.489369 0.484091 0.546194
endloop
endfacet
facet normal -0.223044 -0.417294 0.880975
outer loop
vertex 0.489369 0.474336 0.541573
vertex 0.489369 0.484091 0.546194
vertex 0.484567 0.476903 0.541573
endloop
endfacet
facet normal -0.416159 -0.778643 -0.469602
outer loop
vertex 0.484091 0.461591 0.472221
vertex 0.482322 0.457323 0.480866
vertex 0.474336 0.461591 0.480866
endloop
endfacet
facet normal -0.416192 -0.778605 -0.469636
outer loop
vertex 0.484091 0.461591 0.472221
vertex 0.474336 0.461591 0.480866
vertex 0.476903 0.465433 0.472221
endloop
endfacet
facet normal -0.631377 -0.769316 0.097546
outer loop
vertex 0.472221 0.458427 0.500000
vertex 0.472755 0.459226 0.509754
vertex 0.465324 0.465324 0.509754
endloop
endfacet
facet normal -0.631350 -0.769336 0.097573
outer loop
vertex 0.472221 0.458427 0.500000
vertex 0.465324 0.465324 0.509754
vertex 0.464645 0.464645 0.500000
endloop
endfacet
facet normal -0.062441 -0.076117 0.995142
outer loop
vertex 0.494581 0.491890 0.549039
vertex 0.500000 0.500000 0.550000
vertex 0.493103 0.493103 0.549039
endloop
endfacet
facet normal -0.062472 -0.076109 -0.995141
outer loop
vertex 0.500000 0.500000 0.450000
vertex 0.494581 0.491890 0.450960
vertex 0.493103 0.493103 0.450960
endloop
endfacet
facet normal -0.631350 -0.769338 -0.097549
outer loop
vertex 0.472755 0.459226 0.490245
vertex 0.472221 0.458427 0.500000
vertex 0.464645 0.464645 0.500000
endloop
endfacet
facet normal -0.631373 -0.769317 -0.097571
outer loop
vertex 0.472755 0.459226 0.490245
vertex 0.464645 0.464645 0.500000
vertex 0.465324 0.465324 0.490245
endloop
endfacet
facet normal -0.184950 -0.225399 0.956551
outer loop
vertex 0.489369 0.484091 0.546194
vertex 0.494581 0.491890 0.549039
vertex 0.493103 0.493103 0.549039
endloop
endfacet
facet normal -0.184986 -0.225403 0.956543
outer loop
vertex 0.489369 0.484091 0.546194
vertex 0.493103 0.493103 0.549039
vertex 0.486470 0.486470 0.546194
endloop
endfacet
facet normal -0.607328 -0.740019 -0.289005
outer loop
vertex 0.474336 0.461591 0.480866
vertex 0.472755 0.459226 0.490245
vertex 0.465324 0.465324 0.490245
endloop
endfacet
facet normal -0.607330 -0.740015 -0.289013
outer loop
vertex 0.474336 0.461591 0.480866
vertex 0.465324 0.465324 0.490245
vertex 0.467336 0.467336 0.480866
endloop
endfacet
facet normal -0.300192 -0.365768 0.880965
outer loop
vertex 0.484567 0.476903 0.541573
vertex 0.489369 0.484091 0.546194
vertex 0.486470 0.486470 0.546194
endloop
endfacet
facet normal -0.300156 -0.365772 0.880975
outer loop
vertex 0.484567 0.476903 0.541573
vertex 0.486470 0.486470 0.546194
vertex 0.480357 0.480357 0.541573
endloop
endfacet
facet normal -0.560099 -0.682447 -0.469633
outer loop
vertex 0.476903 0.465433 0.472221
vertex 0.474336 0.461591 0.480866
vertex 0.467336 0.467336 0.480866
endloop
endfacet
facet normal -0.560075 -0.682489 -0.469602
outer loop
vertex 0.476903 0.465433 0.472221
vertex 0.467336 0.467336 0.480866
vertex 0.470603 0.470603 0.472221
endloop
endfacet
facet normal -0.403596 -0.491799 0.771520
outer loop
vertex 0.480357 0.470603 0.535356
vertex 0.484567 0.476903 0.541573
vertex 0.480357 0.480357 0.541573
endloop
endfacet
facet normal -0.403618 -0.491798 0.771510
outer loop
vertex 0.480357 0.470603 0.535356
vertex 0.480357 0.480357 0.541573
vertex 0.475000 0.475000 0.535356
endloop
endfacet
facet normal -0.491343 -0.598725 -0.632542
outer loop
vertex 0.480357 0.470603 0.464645
vertex 0.476903 0.465433 0.472221
vertex 0.470603 0.470603 0.472221
endloop
endfacet
facet normal -0.491356 -0.598692 -0.632564
outer loop
vertex 0.480357 0.470603 0.464645
vertex 0.470603 0.470603 0.472221
vertex 0.475000 0.475000 0.464645
endloop
endfacet
facet normal -0.491377 -0.598708 0.632532
outer loop
vertex 0.476903 0.465433 0.527778
vertex 0.480357 0.470603 0.535356
vertex 0.475000 0.475000 0.535356
endloop
endfacet
facet normal -0.491329 -0.598719 0.632559
outer loop
vertex 0.476903 0.465433 0.527778
vertex 0.475000 0.475000 0.535356
vertex 0.470603 0.470603 0.527778
endloop
endfacet
facet normal -0.403621 -0.491785 -0.771516
outer loop
vertex 0.484567 0.476903 0.458427
vertex 0.480357 0.470603 0.464645
vertex 0.475000 0.475000 0.464645
endloop
endfacet
facet normal -0.403605 -0.491819 -0.771503
outer loop
vertex 0.484567 0.476903 0.458427
vertex 0.475000 0.475000 0.464645
vertex 0.480357 0.480357 0.458427
endloop
endfacet
facet normal -0.560065 -0.682476 0.469631
outer loop
vertex 0.474336 0.461591 0.519134
vertex 0.476903 0.465433 0.527778
vertex 0.470603 0.470603 0.527778
endloop
endfacet
facet normal -0.560107 -0.682457 0.469610
outer loop
vertex 0.474336 0.461591 0.519134
vertex 0.470603 0.470603 0.527778
vertex 0.467336 0.467336 0.519134
endloop
endfacet
facet normal -0.300169 -0.365777 -0.880969
outer loop
vertex 0.489369 0.484091 0.453806
vertex 0.484567 0.476903 0.458427
vertex 0.480357 0.480357 0.458427
endloop
endfacet
facet normal -0.300160 -0.365761 -0.880978
outer loop
vertex 0.489369 0.484091 0.453806
vertex 0.480357 0.480357 0.458427
vertex 0.486470 0.486470 0.453806
endloop
endfacet
facet normal -0.607348 -0.740003 0.289007
outer loop
vertex 0.472755 0.459226 0.509754
vertex 0.474336 0.461591 0.519134
vertex 0.467336 0.467336 0.519134
endloop
endfacet
facet normal -0.607316 -0.740027 0.289009
outer loop
vertex 0.472755 0.459226 0.509754
vertex 0.467336 0.467336 0.519134
vertex 0.465324 0.465324 0.509754
endloop
endfacet
facet normal -0.184989 -0.225407 -0.956541
outer loop
vertex 0.494581 0.491890 0.450960
vertex 0.489369 0.484091 0.453806
vertex 0.486470 0.486470 0.453806
endloop
endfacet
facet normal -0.184971 -0.225387 -0.956549
outer loop
vertex 0.494581 0.491890 0.450960
vertex 0.486470 0.486470 0.453806
vertex 0.493103 0.493103 0.450960
endloop
endfacet
facet normal -0.598714 -0.491334 -0.632560
outer loop
vertex 0.475000 0.475000 0.464645
vertex 0.470603 0.470603 0.472221
vertex 0.465433 0.476903 0.472221
endloop
endfacet
facet normal -0.598703 -0.491371 -0.632541
outer loop
vertex 0.475000 0.475000 0.464645
vertex 0.465433 0.476903 0.472221
vertex 0.470603 0.480357 0.464645
endloop
endfacet
facet normal -0.598695 -0.491359 0.632559
outer loop
vertex 0.470603 0.470603 0.527778
vertex 0.475000 0.475000 0.535356
vertex 0.470603 0.480357 0.535356
endloop
endfacet
facet normal -0.598731 -0.491344 0.632536
outer loop
vertex 0.470603 0.470603 0.527778
vertex 0.470603 0.480357 0.535356
vertex 0.465433 0.476903 0.527778
endloop
endfacet
facet normal -0.491801 -0.403628 -0.771503
outer loop
vertex 0.480357 0.480357 0.458427
vertex 0.475000 0.475000 0.464645
vertex 0.470603 0.480357 0.464645
endloop
endfacet
facet normal -0.491806 -0.403594 -0.771517
outer loop
vertex 0.480357 0.480357 0.458427
vertex 0.470603 0.480357 0.464645
vertex 0.476903 0.484567 0.458427
endloop
endfacet
facet normal -0.682485 -0.560078 0.469603
outer loop
vertex 0.467336 0.467336 0.519134
vertex 0.470603 0.470603 0.527778
vertex 0.465433 0.476903 0.527778
endloop
endfacet
facet normal -0.682451 -0.560092 0.469635
outer loop
vertex 0.467336 0.467336 0.519134
vertex 0.465433 0.476903 0.527778
vertex 0.461591 0.474336 0.519134
endloop
endfacet
facet normal -0.365763 -0.300161 -0.880977
outer loop
vertex 0.486470 0.486470 0.453806
vertex 0.480357 0.480357 0.458427
vertex 0.476903 0.484567 0.458427
endloop
endfacet
facet normal -0.365773 -0.300170 -0.880970
outer loop
vertex 0.486470 0.486470 0.453806
vertex 0.476903 0.484567 0.458427
vertex 0.484091 0.489369 0.453806
endloop
endfacet
facet normal -0.740015 -0.607329 0.289016
outer loop
vertex 0.465324 0.465324 0.509754
vertex 0.467336 0.467336 0.519134
vertex 0.461591 0.474336 0.519134
endloop
endfacet
facet normal -0.740019 -0.607328 0.289005
outer loop
vertex 0.465324 0.465324 0.509754
vertex 0.461591 0.474336 0.519134
vertex 0.459226 0.472755 0.509754
endloop
endfacet
facet normal -0.225406 -0.184982 -0.956543
outer loop
vertex 0.493103 0.493103 0.450960
vertex 0.486470 0.486470 0.453806
vertex 0.484091 0.489369 0.453806
endloop
endfacet
facet normal -0.225386 -0.184980 -0.956548
outer loop
vertex 0.493103 0.493103 0.450960
vertex 0.484091 0.489369 0.453806
vertex 0.491890 0.494581 0.450960
endloop
endfacet
facet normal -0.769319 -0.631371 0.097570
outer loop
vertex 0.464645 0.464645 0.500000
vertex 0.465324 0.465324 0.509754
vertex 0.459226 0.472755 0.509754
endloop
endfacet
facet normal -0.769338 -0.631351 0.097546
outer loop
vertex 0.464645 0.464645 0.500000
vertex 0.459226 0.472755 0.509754
vertex 0.458427 0.472221 0.500000
endloop
endfacet
facet normal -0.076121 -0.062468 0.995140
outer loop
vertex 0.493103 0.493103 0.549039
vertex 0.500000 0.500000 0.550000
vertex 0.491890 0.494581 0.549039
endloop
endfacet
facet normal -0.076121 -0.062465 -0.995140
outer loop
vertex 0.500000 0.500000 0.450000
vertex 0.493103 0.493103 0.450960
vertex 0.491890 0.494581 0.450960
endloop
endfacet
facet normal -0.769335 -0.631351 -0.097573
outer loop
vertex 0.465324 0.465324 0.490245
vertex 0.464645 0.464645 0.500000
vertex 0.458427 0.472221 0.500000
endloop
endfacet
facet normal -0.769320 -0.631373 -0.097542
outer loop
vertex 0.465324 0.465324 0.490245
vertex 0.458427 0.472221 0.500000
vertex 0.459226 0.472755 0.490245
endloop
endfacet
facet normal -0.225389 -0.184996 0.956544
outer loop
vertex 0.486470 0.486470 0.546194
vertex 0.493103 0.493103 0.549039
vertex 0.491890 0.494581 0.549039
endloop
endfacet
facet normal -0.225403 -0.184974 0.956545
outer loop
vertex 0.486470 0.486470 0.546194
vertex 0.491890 0.494581 0.549039
vertex 0.484091 0.489369 0.546194
endloop
endfacet
facet normal -0.740018 -0.607324 -0.289017
outer loop
vertex 0.467336 0.467336 0.480866
vertex 0.465324 0.465324 0.490245
vertex 0.459226 0.472755 0.490245
endloop
endfacet
facet normal -0.740017 -0.607332 -0.289002
outer loop
vertex 0.467336 0.467336 0.480866
vertex 0.459226 0.472755 0.490245
vertex 0.461591 0.474336 0.480866
endloop
endfacet
facet normal -0.365763 -0.300175 0.880972
outer loop
vertex 0.480357 0.480357 0.541573
vertex 0.486470 0.486470 0.546194
vertex 0.484091 0.489369 0.546194
endloop
endfacet
facet normal -0.365765 -0.300157 0.880978
outer loop
vertex 0.480357 0.480357 0.541573
vertex 0.484091 0.489369 0.546194
vertex 0.476903 0.484567 0.541573
endloop
endfacet
facet normal -0.682463 -0.560106 -0.469602
outer loop
vertex 0.470603 0.470603 0.472221
vertex 0.467336 0.467336 0.480866
vertex 0.461591 0.474336 0.480866
endloop
endfacet
facet normal -0.682472 -0.560067 -0.469634
outer loop
vertex 0.470603 0.470603 0.472221
vertex 0.461591 0.474336 0.480866
vertex 0.465433 0.476903 0.472221
endloop
endfacet
facet normal -0.491818 -0.403604 0.771505
outer loop
vertex 0.475000 0.475000 0.535356
vertex 0.480357 0.480357 0.541573
vertex 0.476903 0.484567 0.541573
endloop
endfacet
facet normal -0.491788 -0.403610 0.771521
outer loop
vertex 0.475000 0.475000 0.535356
vertex 0.476903 0.484567 0.541573
vertex 0.470603 0.480357 0.535356
endloop
endfacet
facet normal -0.086843 -0.046420 0.995140
outer loop
vertex 0.491890 0.494581 0.549039
vertex 0.500000 0.500000 0.550000
vertex 0.490988 0.496267 0.549039
endloop
endfacet
facet normal -0.086820 -0.046415 -0.995142
outer loop
vertex 0.500000 0.500000 0.450000
vertex 0.491890 0.494581 0.450960
vertex 0.490988 0.496267 0.450960
endloop
endfacet
facet normal -0.877717 -0.469143 -0.097558
outer loop
vertex 0.459226 0.472755 0.490245
vertex 0.458427 0.472221 0.500000
vertex 0.453806 0.480866 0.500000
endloop
endfacet
facet normal -0.877712 -0.469157 -0.097534
outer loop
vertex 0.459226 0.472755 0.490245
vertex 0.453806 0.480866 0.500000
vertex 0.454693 0.481234 0.490245
endloop
endfacet
facet normal -0.257170 -0.137478 0.956537
outer loop
vertex 0.484091 0.489369 0.546194
vertex 0.491890 0.494581 0.549039
vertex 0.490988 0.496267 0.549039
endloop
endfacet
facet normal -0.257163 -0.137442 0.956544
outer loop
vertex 0.484091 0.489369 0.546194
vertex 0.490988 0.496267 0.549039
vertex 0.482322 0.492677 0.546194
endloop
endfacet
facet normal -0.844283 -0.451295 -0.288997
outer loop
vertex 0.461591 0.474336 0.480866
vertex 0.459226 0.472755 0.490245
vertex 0.454693 0.481234 0.490245
endloop
endfacet
facet normal -0.844297 -0.451239 -0.289042
outer loop
vertex 0.461591 0.474336 0.480866
vertex 0.454693 0.481234 0.490245
vertex 0.457323 0.482322 0.480866
endloop
endfacet
facet normal -0.417313 -0.223036 0.880968
outer loop
vertex 0.476903 0.484567 0.541573
vertex 0.484091 0.489369 0.546194
vertex 0.482322 0.492677 0.546194
endloop
endfacet
facet normal -0.417290 -0.223050 0.880975
outer loop
vertex 0.476903 0.484567 0.541573
vertex 0.482322 0.492677 0.546194
vertex 0.474336 0.489369 0.541573
endloop
endfacet
facet normal -0.778630 -0.416149 -0.469633
outer loop
vertex 0.465433 0.476903 0.472221
vertex 0.461591 0.474336 0.480866
vertex 0.457323 0.482322 0.480866
endloop
endfacet
facet normal -0.778622 -0.416203 -0.469598
outer loop
vertex 0.465433 0.476903 0.472221
vertex 0.457323 0.482322 0.480866
vertex 0.461591 0.484091 0.472221
endloop
endfacet
facet normal -0.561077 -0.299910 0.771522
outer loop
vertex 0.470603 0.480357 0.535356
vertex 0.476903 0.484567 0.541573
vertex 0.474336 0.489369 0.541573
endloop
endfacet
facet normal -0.561102 -0.299899 0.771509
outer loop
vertex 0.470603 0.480357 0.535356
vertex 0.474336 0.489369 0.541573
vertex 0.467336 0.486470 0.535356
endloop
endfacet
facet normal -0.683066 -0.365120 -0.632541
outer loop
vertex 0.470603 0.480357 0.464645
vertex 0.465433 0.476903 0.472221
vertex 0.461591 0.484091 0.472221
endloop
endfacet
facet normal -0.683062 -0.365082 -0.632567
outer loop
vertex 0.470603 0.480357 0.464645
vertex 0.461591 0.484091 0.472221
vertex 0.467336 0.486470 0.464645
endloop
endfacet
facet normal -0.683085 -0.365089 0.632538
outer loop
vertex 0.465433 0.476903 0.527778
vertex 0.470603 0.480357 0.535356
vertex 0.467336 0.486470 0.535356
endloop
endfacet
facet normal -0.683049 -0.365116 0.632562
outer loop
vertex 0.465433 0.476903 0.527778
vertex 0.467336 0.486470 0.535356
vertex 0.461591 0.484091 0.527778
endloop
endfacet
facet normal -0.561100 -0.299891 -0.771513
outer loop
vertex 0.476903 0.484567 0.458427
vertex 0.470603 0.480357 0.464645
vertex 0.467336 0.486470 0.464645
endloop
endfacet
facet normal -0.561091 -0.299917 -0.771509
outer loop
vertex 0.476903 0.484567 0.458427
vertex 0.467336 0.486470 0.464645
vertex 0.474336 0.489369 0.458427
endloop
endfacet
facet normal -0.778601 -0.416193 0.469642
outer loop
vertex 0.461591 0.474336 0.519134
vertex 0.465433 0.476903 0.527778
vertex 0.461591 0.484091 0.527778
endloop
endfacet
facet normal -0.778644 -0.416167 0.469594
outer loop
vertex 0.461591 0.474336 0.519134
vertex 0.461591 0.484091 0.527778
vertex 0.457323 0.482322 0.519134
endloop
endfacet
facet normal -0.417293 -0.223052 -0.880973
outer loop
vertex 0.484091 0.489369 0.453806
vertex 0.476903 0.484567 0.458427
vertex 0.474336 0.489369 0.458427
endloop
endfacet
facet normal -0.417303 -0.223034 -0.880973
outer loop
vertex 0.484091 0.489369 0.453806
vertex 0.474336 0.489369 0.458427
vertex 0.482322 0.492677 0.453806
endloop
endfacet
facet normal -0.844304 -0.451255 0.288998
outer loop
vertex 0.459226 0.472755 0.509754
vertex 0.461591 0.474336 0.519134
vertex 0.457323 0.482322 0.519134
endloop
endfacet
facet normal -0.844274 -0.451284 0.289040
outer loop
vertex 0.459226 0.472755 0.509754
vertex 0.457323 0.482322 0.519134
vertex 0.454693 0.481234 0.509754
endloop
endfacet
facet normal -0.257160 -0.137457 -0.956543
outer loop
vertex 0.491890 0.494581 0.450960
vertex 0.484091 0.489369 0.453806
vertex 0.482322 0.492677 0.453806
endloop
endfacet
facet normal -0.257152 -0.137453 -0.956545
outer loop
vertex 0.491890 0.494581 0.450960
vertex 0.482322 0.492677 0.453806
vertex 0.490988 0.496267 0.450960
endloop
endfacet
facet normal -0.877709 -0.469158 0.097557
outer loop
vertex 0.458427 0.472221 0.500000
vertex 0.459226 0.472755 0.509754
vertex 0.454693 0.481234 0.509754
endloop
endfacet
facet normal -0.877720 -0.469142 0.097534
outer loop
vertex 0.458427 0.472221 0.500000
vertex 0.454693 0.481234 0.509754
vertex 0.453806 0.480866 0.500000
endloop
endfacet
facet normal -0.741159 -0.224832 0.632562
outer loop
vertex 0.461591 0.484091 0.527778
vertex 0.467336 0.486470 0.535356
vertex 0.465324 0.493103 0.535356
endloop
endfacet
facet normal -0.741184 -0.224810 0.632540
outer loop
vertex 0.461591 0.484091 0.527778
vertex 0.465324 0.493103 0.535356
vertex 0.459226 0.491890 0.527778
endloop
endfacet
facet normal -0.608822 -0.184685 -0.771509
outer loop
vertex 0.474336 0.489369 0.458427
vertex 0.467336 0.486470 0.464645
vertex 0.465324 0.493103 0.464645
endloop
endfacet
facet normal -0.608827 -0.184722 -0.771497
outer loop
vertex 0.474336 0.489369 0.458427
vertex 0.465324 0.493103 0.464645
vertex 0.472755 0.494581 0.458427
endloop
endfacet
facet normal -0.844877 -0.256252 0.469593
outer loop
vertex 0.457323 0.482322 0.519134
vertex 0.461591 0.484091 0.527778
vertex 0.459226 0.491890 0.527778
endloop
endfacet
facet normal -0.844831 -0.256308 0.469646
outer loop
vertex 0.457323 0.482322 0.519134
vertex 0.459226 0.491890 0.527778
vertex 0.454693 0.490988 0.519134
endloop
endfacet
facet normal -0.452778 -0.137376 -0.880976
outer loop
vertex 0.482322 0.492677 0.453806
vertex 0.474336 0.489369 0.458427
vertex 0.472755 0.494581 0.458427
endloop
endfacet
facet normal -0.452779 -0.137359 -0.880979
outer loop
vertex 0.482322 0.492677 0.453806
vertex 0.472755 0.494581 0.458427
vertex 0.481234 0.496267 0.453806
endloop
endfacet
facet normal -0.916083 -0.277936 0.289039
outer loop
vertex 0.454693 0.481234 0.509754
vertex 0.457323 0.482322 0.519134
vertex 0.454693 0.490988 0.519134
endloop
endfacet
facet normal -0.916115 -0.277879 0.288991
outer loop
vertex 0.454693 0.481234 0.509754
vertex 0.454693 0.490988 0.519134
vertex 0.451903 0.490433 0.509754
endloop
endfacet
facet normal -0.279043 -0.084656 -0.956540
outer loop
vertex 0.490988 0.496267 0.450960
vertex 0.482322 0.492677 0.453806
vertex 0.481234 0.496267 0.453806
endloop
endfacet
facet normal -0.279028 -0.084624 -0.956547
outer loop
vertex 0.490988 0.496267 0.450960
vertex 0.481234 0.496267 0.453806
vertex 0.490433 0.498097 0.450960
endloop
endfacet
facet normal -0.952382 -0.288886 0.097535
outer loop
vertex 0.453806 0.480866 0.500000
vertex 0.454693 0.481234 0.509754
vertex 0.451903 0.490433 0.509754
endloop
endfacet
facet normal -0.952365 -0.288931 0.097575
outer loop
vertex 0.453806 0.480866 0.500000
vertex 0.451903 0.490433 0.509754
vertex 0.450960 0.490245 0.500000
endloop
endfacet
facet normal -0.094232 -0.028575 0.995140
outer loop
vertex 0.490988 0.496267 0.549039
vertex 0.500000 0.500000 0.550000
vertex 0.490433 0.498097 0.549039
endloop
endfacet
facet normal -0.094228 -0.028576 -0.995140
outer loop
vertex 0.500000 0.500000 0.450000
vertex 0.490988 0.496267 0.450960
vertex 0.490433 0.498097 0.450960
endloop
endfacet
facet normal -0.952368 -0.288935 -0.097534
outer loop
vertex 0.454693 0.481234 0.490245
vertex 0.453806 0.480866 0.500000
vertex 0.450960 0.490245 0.500000
endloop
endfacet
facet normal -0.952381 -0.288875 -0.097579
outer loop
vertex 0.454693 0.481234 0.490245
vertex 0.450960 0.490245 0.500000
vertex 0.451903 0.490433 0.490245
endloop
endfacet
facet normal -0.279042 -0.084630 0.956542
outer loop
vertex 0.482322 0.492677 0.546194
vertex 0.490988 0.496267 0.549039
vertex 0.490433 0.498097 0.549039
endloop
endfacet
facet normal -0.279042 -0.084654 0.956540
outer loop
vertex 0.482322 0.492677 0.546194
vertex 0.490433 0.498097 0.549039
vertex 0.481234 0.496267 0.546194
endloop
endfacet
facet normal -0.916099 -0.277885 -0.289036
outer loop
vertex 0.457323 0.482322 0.480866
vertex 0.454693 0.481234 0.490245
vertex 0.451903 0.490433 0.490245
endloop
endfacet
facet normal -0.916098 -0.277933 -0.288994
outer loop
vertex 0.457323 0.482322 0.480866
vertex 0.451903 0.490433 0.490245
vertex 0.454693 0.490988 0.480866
endloop
endfacet
facet normal -0.452786 -0.137373 0.880973
outer loop
vertex 0.474336 0.489369 0.541573
vertex 0.482322 0.492677 0.546194
vertex 0.481234 0.496267 0.546194
endloop
endfacet
facet normal -0.452770 -0.137367 0.880982
outer loop
vertex 0.474336 0.489369 0.541573
vertex 0.481234 0.496267 0.546194
vertex 0.472755 0.494581 0.541573
endloop
endfacet
facet normal -0.844857 -0.256315 -0.469594
outer loop
vertex 0.461591 0.484091 0.472221
vertex 0.457323 0.482322 0.480866
vertex 0.454693 0.490988 0.480866
endloop
endfacet
facet normal -0.844844 -0.256256 -0.469650
outer loop
vertex 0.461591 0.484091 0.472221
vertex 0.454693 0.490988 0.480866
vertex 0.459226 0.491890 0.472221
endloop
endfacet
facet normal -0.608809 -0.184702 0.771516
outer loop
vertex 0.467336 0.486470 0.535356
vertex 0.474336 0.489369 0.541573
vertex 0.472755 0.494581 0.541573
endloop
endfacet
facet normal -0.608828 -0.184695 0.771503
outer loop
vertex 0.467336 0.486470 0.535356
vertex 0.472755 0.494581 0.541573
vertex 0.465324 0.493103 0.535356
endloop
endfacet
facet normal -0.741168 -0.224802 -0.632561
outer loop
vertex 0.467336 0.486470 0.464645
vertex 0.461591 0.484091 0.472221
vertex 0.459226 0.491890 0.472221
endloop
endfacet
facet normal -0.741170 -0.224836 -0.632547
outer loop
vertex 0.467336 0.486470 0.464645
vertex 0.459226 0.491890 0.472221
vertex 0.465324 0.493103 0.464645
endloop
endfacet
facet normal -0.990438 -0.097526 -0.097576
outer loop
vertex 0.451903 0.490433 0.490245
vertex 0.450960 0.490245 0.500000
vertex 0.450000 0.500000 0.500000
endloop
endfacet
facet normal -0.990439 -0.097520 -0.097575
outer loop
vertex 0.451903 0.490433 0.490245
vertex 0.450000 0.500000 0.500000
vertex 0.450961 0.500000 0.490245
endloop
endfacet
facet normal -0.290182 -0.028598 0.956544
outer loop
vertex 0.481234 0.496267 0.546194
vertex 0.490433 0.498097 0.549039
vertex 0.490245 0.500000 0.549039
endloop
endfacet
facet normal -0.290194 -0.028566 0.956541
outer loop
vertex 0.481234 0.496267 0.546194
vertex 0.490245 0.500000 0.549039
vertex 0.480866 0.500000 0.546194
endloop
endfacet
facet normal -0.952724 -0.093808 -0.288993
outer loop
vertex 0.454693 0.490988 0.480866
vertex 0.451903 0.490433 0.490245
vertex 0.450961 0.500000 0.490245
endloop
endfacet
facet normal -0.952725 -0.093823 -0.288985
outer loop
vertex 0.454693 0.490988 0.480866
vertex 0.450961 0.500000 0.490245
vertex 0.453806 0.500000 0.480866
endloop
endfacet
facet normal -0.470885 -0.046363 0.880975
outer loop
vertex 0.472755 0.494581 0.541573
vertex 0.481234 0.496267 0.546194
vertex 0.480866 0.500000 0.546194
endloop
endfacet
facet normal -0.470890 -0.046359 0.880973
outer loop
vertex 0.472755 0.494581 0.541573
vertex 0.480866 0.500000 0.546194
vertex 0.472221 0.500000 0.541573
endloop
endfacet
facet normal -0.878606 -0.086517 -0.469645
outer loop
vertex 0.459226 0.491890 0.472221
vertex 0.454693 0.490988 0.480866
vertex 0.453806 0.500000 0.480866
endloop
endfacet
facet normal -0.878614 -0.086565 -0.469620
outer loop
vertex 0.459226 0.491890 0.472221
vertex 0.453806 0.500000 0.480866
vertex 0.458427 0.500000 0.472221
endloop
endfacet
facet normal -0.633169 -0.062323 0.771500
outer loop
vertex 0.465324 0.493103 0.535356
vertex 0.472755 0.494581 0.541573
vertex 0.472221 0.500000 0.541573
endloop
endfacet
facet normal -0.633139 -0.062371 0.771521
outer loop
vertex 0.465324 0.493103 0.535356
vertex 0.472221 0.500000 0.541573
vertex 0.464645 0.500000 0.535356
endloop
endfacet
facet normal -0.770792 -0.075935 -0.632545
outer loop
vertex 0.465324 0.493103 0.464645
vertex 0.459226 0.491890 0.472221
vertex 0.458427 0.500000 0.472221
endloop
endfacet
facet normal -0.770794 -0.075931 -0.632544
outer loop
vertex 0.465324 0.493103 0.464645
vertex 0.458427 0.500000 0.472221
vertex 0.464645 0.500000 0.464645
endloop
endfacet
facet normal -0.770796 -0.075937 0.632540
outer loop
vertex 0.459226 0.491890 0.527778
vertex 0.465324 0.493103 0.535356
vertex 0.464645 0.500000 0.535356
endloop
endfacet
facet normal -0.770796 -0.075935 0.632541
outer loop
vertex 0.459226 0.491890 0.527778
vertex 0.464645 0.500000 0.535356
vertex 0.458427 0.500000 0.527778
endloop
endfacet
facet normal -0.633164 -0.062373 -0.771501
outer loop
vertex 0.472755 0.494581 0.458427
vertex 0.465324 0.493103 0.464645
vertex 0.464645 0.500000 0.464645
endloop
endfacet
facet normal -0.633149 -0.062320 -0.771517
outer loop
vertex 0.472755 0.494581 0.458427
vertex 0.464645 0.500000 0.464645
vertex 0.472221 0.500000 0.458427
endloop
endfacet
facet normal -0.878602 -0.086552 0.469646
outer loop
vertex 0.454693 0.490988 0.519134
vertex 0.459226 0.491890 0.527778
vertex 0.458427 0.500000 0.527778
endloop
endfacet
facet normal -0.878617 -0.086530 0.469622
outer loop
vertex 0.454693 0.490988 0.519134
vertex 0.458427 0.500000 0.527778
vertex 0.453806 0.500000 0.519134
endloop
endfacet
facet normal -0.470880 -0.046358 -0.880979
outer loop
vertex 0.481234 0.496267 0.453806
vertex 0.472755 0.494581 0.458427
vertex 0.472221 0.500000 0.458427
endloop
endfacet
facet normal -0.470889 -0.046364 -0.880973
outer loop
vertex 0.481234 0.496267 0.453806
vertex 0.472221 0.500000 0.458427
vertex 0.480866 0.500000 0.453806
endloop
endfacet
facet normal -0.952723 -0.093822 0.288992
outer loop
vertex 0.451903 0.490433 0.509754
vertex 0.454693 0.490988 0.519134
vertex 0.453806 0.500000 0.519134
endloop
endfacet
facet normal -0.952726 -0.093809 0.288985
outer loop
vertex 0.451903 0.490433 0.509754
vertex 0.453806 0.500000 0.519134
vertex 0.450961 0.500000 0.509754
endloop
endfacet
facet normal -0.290186 -0.028572 -0.956544
outer loop
vertex 0.490433 0.498097 0.450960
vertex 0.481234 0.496267 0.453806
vertex 0.480866 0.500000 0.453806
endloop
endfacet
facet normal -0.290194 -0.028586 -0.956541
outer loop
vertex 0.490433 0.498097 0.450960
vertex 0.480866 0.500000 0.453806
vertex 0.490245 0.500000 0.450960
endloop
endfacet
facet normal -0.990439 -0.097519 0.097576
outer loop
vertex 0.450960 0.490245 0.500000
vertex 0.451903 0.490433 0.509754
vertex 0.450961 0.500000 0.509754
endloop
endfacet
facet normal -0.990438 -0.097525 0.097574
outer loop
vertex 0.450960 0.490245 0.500000
vertex 0.450961 0.500000 0.509754
vertex 0.450000 0.500000 0.500000
endloop
endfacet
facet normal -0.098011 -0.009655 0.995139
outer loop
vertex 0.490433 0.498097 0.549039
vertex 0.500000 0.500000 0.550000
vertex 0.490245 0.500000 0.549039
endloop
endfacet
facet normal -0.097985 -0.009655 -0.995141
outer loop
vertex 0.500000 0.500000 0.450000
vertex 0.490433 0.498097 0.450960
vertex 0.490245 0.500000 0.450960
endloop
endfacet
facet normal -0.633142 0.062370 -0.771519
outer loop
vertex 0.472221 0.500000 0.458427
vertex 0.464645 0.500000 0.464645
vertex 0.465324 0.506898 0.464645
endloop
endfacet
facet normal -0.633173 0.062323 -0.771497
outer loop
vertex 0.472221 0.500000 0.458427
vertex 0.465324 0.506898 0.464645
vertex 0.472755 0.505419 0.458427
endloop
endfacet
facet normal -0.878614 0.086565 0.469622
outer loop
vertex 0.453806 0.500000 0.519134
vertex 0.458427 0.500000 0.527778
vertex 0.459226 0.508110 0.527778
endloop
endfacet
facet normal -0.878603 0.086518 0.469650
outer loop
vertex 0.453806 0.500000 0.519134
vertex 0.459226 0.508110 0.527778
vertex 0.454693 0.509012 0.519134
endloop
endfacet
facet normal -0.470880 0.046358 -0.880978
outer loop
vertex 0.480866 0.500000 0.453806
vertex 0.472221 0.500000 0.458427
vertex 0.472755 0.505419 0.458427
endloop
endfacet
facet normal -0.470879 0.046363 -0.880979
outer loop
vertex 0.480866 0.500000 0.453806
vertex 0.472755 0.505419 0.458427
vertex 0.481234 0.503733 0.453806
endloop
endfacet
facet normal -0.952725 0.093822 0.288984
outer loop
vertex 0.450961 0.500000 0.509754
vertex 0.453806 0.500000 0.519134
vertex 0.454693 0.509012 0.519134
endloop
endfacet
facet normal -0.952724 0.093808 0.288994
outer loop
vertex 0.450961 0.500000 0.509754
vertex 0.454693 0.509012 0.519134
vertex 0.451903 0.509567 0.509754
endloop
endfacet
facet normal -0.290192 0.028566 -0.956542
outer loop
vertex 0.490245 0.500000 0.450960
vertex 0.480866 0.500000 0.453806
vertex 0.481234 0.503733 0.453806
endloop
endfacet
facet normal -0.290178 0.028596 -0.956545
outer loop
vertex 0.490245 0.500000 0.450960
vertex 0.481234 0.503733 0.453806
vertex 0.490433 0.501903 0.450960
endloop
endfacet
facet normal -0.990438 0.097529 0.097574
outer loop
vertex 0.450000 0.500000 0.500000
vertex 0.450961 0.500000 0.509754
vertex 0.451903 0.509567 0.509754
endloop
endfacet
facet normal -0.990439 0.097564 0.097525
outer loop
vertex 0.450000 0.500000 0.500000
vertex 0.451903 0.509567 0.509754
vertex 0.450961 0.509754 0.500000
endloop
endfacet
facet normal -0.097994 0.009655 0.995140
outer loop
vertex 0.490245 0.500000 0.549039
vertex 0.500000 0.500000 0.550000
vertex 0.490433 0.501903 0.549039
endloop
endfacet
facet normal -0.097987 0.009655 -0.995141
outer loop
vertex 0.500000 0.500000 0.450000
vertex 0.490245 0.500000 0.450960
vertex 0.490433 0.501903 0.450960
endloop
endfacet
facet normal -0.990435 0.097564 -0.097574
outer loop
vertex 0.450961 0.500000 0.490245
vertex 0.450000 0.500000 0.500000
vertex 0.450961 0.509754 0.500000
endloop
endfacet
facet normal -0.990443 0.097529 -0.097525
outer loop
vertex 0.450961 0.500000 0.490245
vertex 0.450961 0.509754 0.500000
vertex 0.451903 0.509567 0.490245
endloop
endfacet
facet normal -0.290193 0.028585 0.956541
outer loop
vertex 0.480866 0.500000 0.546194
vertex 0.490245 0.500000 0.549039
vertex 0.490433 0.501903 0.549039
endloop
endfacet
facet normal -0.290180 0.028571 0.956546
outer loop
vertex 0.480866 0.500000 0.546194
vertex 0.490433 0.501903 0.549039
vertex 0.481234 0.503733 0.546194
endloop
endfacet
facet normal -0.952727 0.093808 -0.288984
outer loop
vertex 0.453806 0.500000 0.480866
vertex 0.450961 0.500000 0.490245
vertex 0.451903 0.509567 0.490245
endloop
endfacet
facet normal -0.952721 0.093823 -0.288999
outer loop
vertex 0.453806 0.500000 0.480866
vertex 0.451903 0.509567 0.490245
vertex 0.454693 0.509012 0.480866
endloop
endfacet
facet normal -0.470885 0.046363 0.880976
outer loop
vertex 0.472221 0.500000 0.541573
vertex 0.480866 0.500000 0.546194
vertex 0.481234 0.503733 0.546194
endloop
endfacet
facet normal -0.470883 0.046358 0.880977
outer loop
vertex 0.472221 0.500000 0.541573
vertex 0.481234 0.503733 0.546194
vertex 0.472755 0.505419 0.541573
endloop
endfacet
facet normal -0.878617 0.086528 -0.469622
outer loop
vertex 0.458427 0.500000 0.472221
vertex 0.453806 0.500000 0.480866
vertex 0.454693 0.509012 0.480866
endloop
endfacet
facet normal -0.878602 0.086552 -0.469646
outer loop
vertex 0.458427 0.500000 0.472221
vertex 0.454693 0.509012 0.480866
vertex 0.459226 0.508110 0.472221
endloop
endfacet
facet normal -0.633143 0.062320 0.771522
outer loop
vertex 0.464645 0.500000 0.535356
vertex 0.472221 0.500000 0.541573
vertex 0.472755 0.505419 0.541573
endloop
endfacet
facet normal -0.633160 0.062372 0.771504
outer loop
vertex 0.464645 0.500000 0.535356
vertex 0.472755 0.505419 0.541573
vertex 0.465324 0.506898 0.535356
endloop
endfacet
facet normal -0.770790 0.075935 -0.632548
outer loop
vertex 0.464645 0.500000 0.464645
vertex 0.458427 0.500000 0.472221
vertex 0.459226 0.508110 0.472221
endloop
endfacet
facet normal -0.770794 0.075930 -0.632544
outer loop
vertex 0.464645 0.500000 0.464645
vertex 0.459226 0.508110 0.472221
vertex 0.465324 0.506898 0.464645
endloop
endfacet
facet normal -0.770795 0.075937 0.632542
outer loop
vertex 0.458427 0.500000 0.527778
vertex 0.464645 0.500000 0.535356
vertex 0.465324 0.506898 0.535356
endloop
endfacet
facet normal -0.770796 0.075934 0.632541
outer loop
vertex 0.458427 0.500000 0.527778
vertex 0.465324 0.506898 0.535356
vertex 0.459226 0.508110 0.527778
endloop
endfacet
facet normal -0.916113 0.277882 -0.288994
outer loop
vertex 0.454693 0.509012 0.480866
vertex 0.451903 0.509567 0.490245
vertex 0.454693 0.518766 0.490245
endloop
endfacet
facet normal -0.916082 0.277937 -0.289040
outer loop
vertex 0.454693 0.509012 0.480866
vertex 0.454693 0.518766 0.490245
vertex 0.457323 0.517677 0.480866
endloop
endfacet
facet normal -0.452777 0.137359 0.880980
outer loop
vertex 0.472755 0.505419 0.541573
vertex 0.481234 0.503733 0.546194
vertex 0.482322 0.507322 0.546194
endloop
endfacet
facet normal -0.452778 0.137378 0.880976
outer loop
vertex 0.472755 0.505419 0.541573
vertex 0.482322 0.507322 0.546194
vertex 0.474336 0.510630 0.541573
endloop
endfacet
facet normal -0.844832 0.256315 -0.469639
outer loop
vertex 0.459226 0.508110 0.472221
vertex 0.454693 0.509012 0.480866
vertex 0.457323 0.517677 0.480866
endloop
endfacet
facet normal -0.844875 0.256253 -0.469596
outer loop
vertex 0.459226 0.508110 0.472221
vertex 0.457323 0.517677 0.480866
vertex 0.461591 0.515909 0.472221
endloop
endfacet
facet normal -0.608818 0.184722 0.771504
outer loop
vertex 0.465324 0.506898 0.535356
vertex 0.472755 0.505419 0.541573
vertex 0.474336 0.510630 0.541573
endloop
endfacet
facet normal -0.608819 0.184682 0.771513
outer loop
vertex 0.465324 0.506898 0.535356
vertex 0.474336 0.510630 0.541573
vertex 0.467336 0.513530 0.535356
endloop
endfacet
facet normal -0.741176 0.224812 -0.632549
outer loop
vertex 0.465324 0.506898 0.464645
vertex 0.459226 0.508110 0.472221
vertex 0.461591 0.515909 0.472221
endloop
endfacet
facet normal -0.741159 0.224826 -0.632564
outer loop
vertex 0.465324 0.506898 0.464645
vertex 0.461591 0.515909 0.472221
vertex 0.467336 0.513530 0.464645
endloop
endfacet
facet normal -0.741178 0.224838 0.632537
outer loop
vertex 0.459226 0.508110 0.527778
vertex 0.465324 0.506898 0.535356
vertex 0.467336 0.513530 0.535356
endloop
endfacet
facet normal -0.741170 0.224804 0.632559
outer loop
vertex 0.459226 0.508110 0.527778
vertex 0.467336 0.513530 0.535356
vertex 0.461591 0.515909 0.527778
endloop
endfacet
facet normal -0.608830 0.184696 -0.771501
outer loop
vertex 0.472755 0.505419 0.458427
vertex 0.465324 0.506898 0.464645
vertex 0.467336 0.513530 0.464645
endloop
endfacet
facet normal -0.608811 0.184710 -0.771512
outer loop
vertex 0.472755 0.505419 0.458427
vertex 0.467336 0.513530 0.464645
vertex 0.474336 0.510630 0.458427
endloop
endfacet
facet normal -0.844851 0.256245 0.469643
outer loop
vertex 0.454693 0.509012 0.519134
vertex 0.459226 0.508110 0.527778
vertex 0.461591 0.515909 0.527778
endloop
endfacet
facet normal -0.844849 0.256316 0.469608
outer loop
vertex 0.454693 0.509012 0.519134
vertex 0.461591 0.515909 0.527778
vertex 0.457323 0.517677 0.519134
endloop
endfacet
facet normal -0.452770 0.137368 -0.880982
outer loop
vertex 0.481234 0.503733 0.453806
vertex 0.472755 0.505419 0.458427
vertex 0.474336 0.510630 0.458427
endloop
endfacet
facet normal -0.452776 0.137372 -0.880979
outer loop
vertex 0.481234 0.503733 0.453806
vertex 0.474336 0.510630 0.458427
vertex 0.482322 0.507322 0.453806
endloop
endfacet
facet normal -0.916101 0.277931 0.288987
outer loop
vertex 0.451903 0.509567 0.509754
vertex 0.454693 0.509012 0.519134
vertex 0.457323 0.517677 0.519134
endloop
endfacet
facet normal -0.916098 0.277885 0.289041
outer loop
vertex 0.451903 0.509567 0.509754
vertex 0.457323 0.517677 0.519134
vertex 0.454693 0.518766 0.509754
endloop
endfacet
facet normal -0.279030 0.084654 -0.956544
outer loop
vertex 0.490433 0.501903 0.450960
vertex 0.481234 0.503733 0.453806
vertex 0.482322 0.507322 0.453806
endloop
endfacet
facet normal -0.279061 0.084632 -0.956537
outer loop
vertex 0.490433 0.501903 0.450960
vertex 0.482322 0.507322 0.453806
vertex 0.490988 0.503733 0.450960
endloop
endfacet
facet normal -0.952380 0.288895 0.097527
outer loop
vertex 0.450961 0.509754 0.500000
vertex 0.451903 0.509567 0.509754
vertex 0.454693 0.518766 0.509754
endloop
endfacet
facet normal -0.952385 0.288878 0.097533
outer loop
vertex 0.450961 0.509754 0.500000
vertex 0.454693 0.518766 0.509754
vertex 0.453806 0.519134 0.500000
endloop
endfacet
facet normal -0.094237 0.028577 0.995140
outer loop
vertex 0.490433 0.501903 0.549039
vertex 0.500000 0.500000 0.550000
vertex 0.490988 0.503733 0.549039
endloop
endfacet
facet normal -0.094216 0.028576 -0.995142
outer loop
vertex 0.500000 0.500000 0.450000
vertex 0.490433 0.501903 0.450960
vertex 0.490988 0.503733 0.450960
endloop
endfacet
facet normal -0.952385 0.288879 -0.097527
outer loop
vertex 0.451903 0.509567 0.490245
vertex 0.450961 0.509754 0.500000
vertex 0.453806 0.519134 0.500000
endloop
endfacet
facet normal -0.952382 0.288887 -0.097534
outer loop
vertex 0.451903 0.509567 0.490245
vertex 0.453806 0.519134 0.500000
vertex 0.454693 0.518766 0.490245
endloop
endfacet
facet normal -0.279042 0.084630 0.956542
outer loop
vertex 0.481234 0.503733 0.546194
vertex 0.490433 0.501903 0.549039
vertex 0.490988 0.503733 0.549039
endloop
endfacet
facet normal -0.279042 0.084654 0.956540
outer loop
vertex 0.481234 0.503733 0.546194
vertex 0.490988 0.503733 0.549039
vertex 0.482322 0.507322 0.546194
endloop
endfacet
facet normal -0.417300 0.223046 -0.880972
outer loop
vertex 0.482322 0.507322 0.453806
vertex 0.474336 0.510630 0.458427
vertex 0.476903 0.515433 0.458427
endloop
endfacet
facet normal -0.417307 0.223040 -0.880970
outer loop
vertex 0.482322 0.507322 0.453806
vertex 0.476903 0.515433 0.458427
vertex 0.484091 0.510630 0.453806
endloop
endfacet
facet normal -0.844295 0.451240 0.289047
outer loop
vertex 0.454693 0.518766 0.509754
vertex 0.457323 0.517677 0.519134
vertex 0.461591 0.525664 0.519134
endloop
endfacet
facet normal -0.844276 0.451322 0.288974
outer loop
vertex 0.454693 0.518766 0.509754
vertex 0.461591 0.525664 0.519134
vertex 0.459226 0.527245 0.509754
endloop
endfacet
facet normal -0.257170 0.137446 -0.956542
outer loop
vertex 0.490988 0.503733 0.450960
vertex 0.482322 0.507322 0.453806
vertex 0.484091 0.510630 0.453806
endloop
endfacet
facet normal -0.257152 0.137485 -0.956541
outer loop
vertex 0.490988 0.503733 0.450960
vertex 0.484091 0.510630 0.453806
vertex 0.491890 0.505419 0.450960
endloop
endfacet
facet normal -0.877705 0.469172 0.097532
outer loop
vertex 0.453806 0.519134 0.500000
vertex 0.454693 0.518766 0.509754
vertex 0.459226 0.527245 0.509754
endloop
endfacet
facet normal -0.877713 0.469149 0.097570
outer loop
vertex 0.453806 0.519134 0.500000
vertex 0.459226 0.527245 0.509754
vertex 0.458427 0.527778 0.500000
endloop
endfacet
facet normal -0.086843 0.046420 0.995140
outer loop
vertex 0.490988 0.503733 0.549039
vertex 0.500000 0.500000 0.550000
vertex 0.491890 0.505419 0.549039
endloop
endfacet
facet normal -0.086827 0.046415 -0.995142
outer loop
vertex 0.500000 0.500000 0.450000
vertex 0.490988 0.503733 0.450960
vertex 0.491890 0.505419 0.450960
endloop
endfacet
facet normal -0.877719 0.469145 -0.097529
outer loop
vertex 0.454693 0.518766 0.490245
vertex 0.453806 0.519134 0.500000
vertex 0.458427 0.527778 0.500000
endloop
endfacet
facet normal -0.877697 0.469177 -0.097576
outer loop
vertex 0.454693 0.518766 0.490245
vertex 0.458427 0.527778 0.500000
vertex 0.459226 0.527245 0.490245
endloop
endfacet
facet normal -0.257159 0.137457 0.956543
outer loop
vertex 0.482322 0.507322 0.546194
vertex 0.490988 0.503733 0.549039
vertex 0.491890 0.505419 0.549039
endloop
endfacet
facet normal -0.257169 0.137458 0.956540
outer loop
vertex 0.482322 0.507322 0.546194
vertex 0.491890 0.505419 0.549039
vertex 0.484091 0.510630 0.546194
endloop
endfacet
facet normal -0.844264 0.451301 -0.289042
outer loop
vertex 0.457323 0.517677 0.480866
vertex 0.454693 0.518766 0.490245
vertex 0.459226 0.527245 0.490245
endloop
endfacet
facet normal -0.844309 0.451258 -0.288976
outer loop
vertex 0.457323 0.517677 0.480866
vertex 0.459226 0.527245 0.490245
vertex 0.461591 0.525664 0.480866
endloop
endfacet
facet normal -0.417306 0.223039 0.880971
outer loop
vertex 0.474336 0.510630 0.541573
vertex 0.482322 0.507322 0.546194
vertex 0.484091 0.510630 0.546194
endloop
endfacet
facet normal -0.417287 0.223049 0.880977
outer loop
vertex 0.474336 0.510630 0.541573
vertex 0.484091 0.510630 0.546194
vertex 0.476903 0.515433 0.541573
endloop
endfacet
facet normal -0.778649 0.416159 -0.469592
outer loop
vertex 0.461591 0.515909 0.472221
vertex 0.457323 0.517677 0.480866
vertex 0.461591 0.525664 0.480866
endloop
endfacet
facet normal -0.778607 0.416193 -0.469633
outer loop
vertex 0.461591 0.515909 0.472221
vertex 0.461591 0.525664 0.480866
vertex 0.465433 0.523097 0.472221
endloop
endfacet
facet normal -0.561094 0.299909 0.771510
outer loop
vertex 0.467336 0.513530 0.535356
vertex 0.474336 0.510630 0.541573
vertex 0.476903 0.515433 0.541573
endloop
endfacet
facet normal -0.561098 0.299894 0.771513
outer loop
vertex 0.467336 0.513530 0.535356
vertex 0.476903 0.515433 0.541573
vertex 0.470603 0.519642 0.535356
endloop
endfacet
facet normal -0.683044 0.365121 -0.632564
outer loop
vertex 0.467336 0.513530 0.464645
vertex 0.461591 0.515909 0.472221
vertex 0.465433 0.523097 0.472221
endloop
endfacet
facet normal -0.683084 0.365085 -0.632542
outer loop
vertex 0.467336 0.513530 0.464645
vertex 0.465433 0.523097 0.472221
vertex 0.470603 0.519642 0.464645
endloop
endfacet
facet normal -0.683061 0.365080 0.632570
outer loop
vertex 0.461591 0.515909 0.527778
vertex 0.467336 0.513530 0.535356
vertex 0.470603 0.519642 0.535356
endloop
endfacet
facet normal -0.683071 0.365126 0.632532
outer loop
vertex 0.461591 0.515909 0.527778
vertex 0.470603 0.519642 0.535356
vertex 0.465433 0.523097 0.527778
endloop
endfacet
facet normal -0.561110 0.299896 -0.771504
outer loop
vertex 0.474336 0.510630 0.458427
vertex 0.467336 0.513530 0.464645
vertex 0.470603 0.519642 0.464645
endloop
endfacet
facet normal -0.561085 0.299905 -0.771518
outer loop
vertex 0.474336 0.510630 0.458427
vertex 0.470603 0.519642 0.464645
vertex 0.476903 0.515433 0.458427
endloop
endfacet
facet normal -0.778617 0.416213 0.469597
outer loop
vertex 0.457323 0.517677 0.519134
vertex 0.461591 0.515909 0.527778
vertex 0.465433 0.523097 0.527778
endloop
endfacet
facet normal -0.778633 0.416152 0.469626
outer loop
vertex 0.457323 0.517677 0.519134
vertex 0.465433 0.523097 0.527778
vertex 0.461591 0.525664 0.519134
endloop
endfacet
facet normal -0.365778 0.300164 0.880970
outer loop
vertex 0.476903 0.515433 0.541573
vertex 0.484091 0.510630 0.546194
vertex 0.486470 0.513530 0.546194
endloop
endfacet
facet normal -0.365759 0.300168 0.880976
outer loop
vertex 0.476903 0.515433 0.541573
vertex 0.486470 0.513530 0.546194
vertex 0.480357 0.519642 0.541573
endloop
endfacet
facet normal -0.682454 0.560094 -0.469628
outer loop
vertex 0.465433 0.523097 0.472221
vertex 0.461591 0.525664 0.480866
vertex 0.467336 0.532664 0.480866
endloop
endfacet
facet normal -0.682483 0.560078 -0.469606
outer loop
vertex 0.465433 0.523097 0.472221
vertex 0.467336 0.532664 0.480866
vertex 0.470603 0.529397 0.472221
endloop
endfacet
facet normal -0.491803 0.403599 0.771517
outer loop
vertex 0.470603 0.519642 0.535356
vertex 0.476903 0.515433 0.541573
vertex 0.480357 0.519642 0.541573
endloop
endfacet
facet normal -0.491798 0.403618 0.771510
outer loop
vertex 0.470603 0.519642 0.535356
vertex 0.480357 0.519642 0.541573
vertex 0.475000 0.525000 0.535356
endloop
endfacet
facet normal -0.598721 0.491346 -0.632544
outer loop
vertex 0.470603 0.519642 0.464645
vertex 0.465433 0.523097 0.472221
vertex 0.470603 0.529397 0.472221
endloop
endfacet
facet normal -0.598692 0.491356 -0.632564
outer loop
vertex 0.470603 0.519642 0.464645
vertex 0.470603 0.529397 0.472221
vertex 0.475000 0.525000 0.464645
endloop
endfacet
facet normal -0.598708 0.491377 0.632532
outer loop
vertex 0.465433 0.523097 0.527778
vertex 0.470603 0.519642 0.535356
vertex 0.475000 0.525000 0.535356
endloop
endfacet
facet normal -0.598717 0.491327 0.632563
outer loop
vertex 0.465433 0.523097 0.527778
vertex 0.475000 0.525000 0.535356
vertex 0.470603 0.529397 0.527778
endloop
endfacet
facet normal -0.491797 0.403618 -0.771510
outer loop
vertex 0.476903 0.515433 0.458427
vertex 0.470603 0.519642 0.464645
vertex 0.475000 0.525000 0.464645
endloop
endfacet
facet normal -0.491814 0.403610 -0.771504
outer loop
vertex 0.476903 0.515433 0.458427
vertex 0.475000 0.525000 0.464645
vertex 0.480357 0.519642 0.458427
endloop
endfacet
facet normal -0.682477 0.560059 0.469638
outer loop
vertex 0.461591 0.525664 0.519134
vertex 0.465433 0.523097 0.527778
vertex 0.470603 0.529397 0.527778
endloop
endfacet
facet normal -0.682461 0.560106 0.469604
outer loop
vertex 0.461591 0.525664 0.519134
vertex 0.470603 0.529397 0.527778
vertex 0.467336 0.532664 0.519134
endloop
endfacet
facet normal -0.365778 0.300157 -0.880973
outer loop
vertex 0.484091 0.510630 0.453806
vertex 0.476903 0.515433 0.458427
vertex 0.480357 0.519642 0.458427
endloop
endfacet
facet normal -0.365756 0.300180 -0.880973
outer loop
vertex 0.484091 0.510630 0.453806
vertex 0.480357 0.519642 0.458427
vertex 0.486470 0.513530 0.453806
endloop
endfacet
facet normal -0.740022 0.607335 0.288982
outer loop
vertex 0.459226 0.527245 0.509754
vertex 0.461591 0.525664 0.519134
vertex 0.467336 0.532664 0.519134
endloop
endfacet
facet normal -0.740040 0.607302 0.289007
outer loop
vertex 0.459226 0.527245 0.509754
vertex 0.467336 0.532664 0.519134
vertex 0.465324 0.534676 0.509754
endloop
endfacet
facet normal -0.225402 0.184972 -0.956545
outer loop
vertex 0.491890 0.505419 0.450960
vertex 0.484091 0.510630 0.453806
vertex 0.486470 0.513530 0.453806
endloop
endfacet
facet normal -0.225427 0.184986 -0.956537
outer loop
vertex 0.491890 0.505419 0.450960
vertex 0.486470 0.513530 0.453806
vertex 0.493103 0.506898 0.450960
endloop
endfacet
facet normal -0.769342 0.631340 0.097581
outer loop
vertex 0.458427 0.527778 0.500000
vertex 0.459226 0.527245 0.509754
vertex 0.465324 0.534676 0.509754
endloop
endfacet
facet normal -0.769334 0.631352 0.097571
outer loop
vertex 0.458427 0.527778 0.500000
vertex 0.465324 0.534676 0.509754
vertex 0.464645 0.535356 0.500000
endloop
endfacet
facet normal -0.076119 0.062466 0.995140
outer loop
vertex 0.491890 0.505419 0.549039
vertex 0.500000 0.500000 0.550000
vertex 0.493103 0.506898 0.549039
endloop
endfacet
facet normal -0.076120 0.062463 -0.995140
outer loop
vertex 0.500000 0.500000 0.450000
vertex 0.491890 0.505419 0.450960
vertex 0.493103 0.506898 0.450960
endloop
endfacet
facet normal -0.769337 0.631348 -0.097573
outer loop
vertex 0.459226 0.527245 0.490245
vertex 0.458427 0.527778 0.500000
vertex 0.464645 0.535356 0.500000
endloop
endfacet
facet normal -0.769338 0.631346 -0.097580
outer loop
vertex 0.459226 0.527245 0.490245
vertex 0.464645 0.535356 0.500000
vertex 0.465324 0.534676 0.490245
endloop
endfacet
facet normal -0.225420 0.184973 0.956541
outer loop
vertex 0.484091 0.510630 0.546194
vertex 0.491890 0.505419 0.549039
vertex 0.493103 0.506898 0.549039
endloop
endfacet
facet normal -0.225415 0.184979 0.956541
outer loop
vertex 0.484091 0.510630 0.546194
vertex 0.493103 0.506898 0.549039
vertex 0.486470 0.513530 0.546194
endloop
endfacet
facet normal -0.740047 0.607311 -0.288972
outer loop
vertex 0.461591 0.525664 0.480866
vertex 0.459226 0.527245 0.490245
vertex 0.465324 0.534676 0.490245
endloop
endfacet
facet normal -0.740013 0.607328 -0.289021
outer loop
vertex 0.461591 0.525664 0.480866
vertex 0.465324 0.534676 0.490245
vertex 0.467336 0.532664 0.480866
endloop
endfacet
facet normal -0.607331 0.740016 0.289009
outer loop
vertex 0.465324 0.534676 0.509754
vertex 0.467336 0.532664 0.519134
vertex 0.474336 0.538409 0.519134
endloop
endfacet
facet normal -0.607305 0.740050 0.288974
outer loop
vertex 0.465324 0.534676 0.509754
vertex 0.474336 0.538409 0.519134
vertex 0.472756 0.540774 0.509754
endloop
endfacet
facet normal -0.184974 0.225403 -0.956545
outer loop
vertex 0.493103 0.506898 0.450960
vertex 0.486470 0.513530 0.453806
vertex 0.489369 0.515909 0.453806
endloop
endfacet
facet normal -0.184980 0.225398 -0.956545
outer loop
vertex 0.493103 0.506898 0.450960
vertex 0.489369 0.515909 0.453806
vertex 0.494581 0.508110 0.450960
endloop
endfacet
facet normal -0.631346 0.769338 0.097576
outer loop
vertex 0.464645 0.535356 0.500000
vertex 0.465324 0.534676 0.509754
vertex 0.472756 0.540774 0.509754
endloop
endfacet
facet normal -0.631345 0.769338 0.097582
outer loop
vertex 0.464645 0.535356 0.500000
vertex 0.472756 0.540774 0.509754
vertex 0.472221 0.541573 0.500000
endloop
endfacet
facet normal -0.062466 0.076117 0.995140
outer loop
vertex 0.493103 0.506898 0.549039
vertex 0.500000 0.500000 0.550000
vertex 0.494581 0.508110 0.549039
endloop
endfacet
facet normal -0.062459 0.076110 -0.995141
outer loop
vertex 0.500000 0.500000 0.450000
vertex 0.493103 0.506898 0.450960
vertex 0.494581 0.508110 0.450960
endloop
endfacet
facet normal -0.631345 0.769338 -0.097583
outer loop
vertex 0.465324 0.534676 0.490245
vertex 0.464645 0.535356 0.500000
vertex 0.472221 0.541573 0.500000
endloop
endfacet
facet normal -0.631344 0.769339 -0.097580
outer loop
vertex 0.465324 0.534676 0.490245
vertex 0.472221 0.541573 0.500000
vertex 0.472756 0.540774 0.490245
endloop
endfacet
facet normal -0.184982 0.225400 0.956544
outer loop
vertex 0.486470 0.513530 0.546194
vertex 0.493103 0.506898 0.549039
vertex 0.494581 0.508110 0.549039
endloop
endfacet
facet normal -0.184998 0.225402 0.956540
outer loop
vertex 0.486470 0.513530 0.546194
vertex 0.494581 0.508110 0.549039
vertex 0.489369 0.515909 0.546194
endloop
endfacet
facet normal -0.607296 0.740040 -0.289019
outer loop
vertex 0.467336 0.532664 0.480866
vertex 0.465324 0.534676 0.490245
vertex 0.472756 0.540774 0.490245
endloop
endfacet
facet normal -0.607336 0.740028 -0.288967
outer loop
vertex 0.467336 0.532664 0.480866
vertex 0.472756 0.540774 0.490245
vertex 0.474336 0.538409 0.480866
endloop
endfacet
facet normal -0.300161 0.365754 0.880981
outer loop
vertex 0.480357 0.519642 0.541573
vertex 0.486470 0.513530 0.546194
vertex 0.489369 0.515909 0.546194
endloop
endfacet
facet normal -0.300171 0.365780 0.880967
outer loop
vertex 0.480357 0.519642 0.541573
vertex 0.489369 0.515909 0.546194
vertex 0.484567 0.523097 0.541573
endloop
endfacet
facet normal -0.560097 0.682465 -0.469608
outer loop
vertex 0.470603 0.529397 0.472221
vertex 0.467336 0.532664 0.480866
vertex 0.474336 0.538409 0.480866
endloop
endfacet
facet normal -0.560067 0.682472 -0.469634
outer loop
vertex 0.470603 0.529397 0.472221
vertex 0.474336 0.538409 0.480866
vertex 0.476903 0.534567 0.472221
endloop
endfacet
facet normal -0.403598 0.491821 0.771506
outer loop
vertex 0.475000 0.525000 0.535356
vertex 0.480357 0.519642 0.541573
vertex 0.484567 0.523097 0.541573
endloop
endfacet
facet normal -0.403619 0.491784 0.771518
outer loop
vertex 0.475000 0.525000 0.535356
vertex 0.484567 0.523097 0.541573
vertex 0.480357 0.529397 0.535356
endloop
endfacet
facet normal -0.491324 0.598715 -0.632567
outer loop
vertex 0.475000 0.525000 0.464645
vertex 0.470603 0.529397 0.472221
vertex 0.476903 0.534567 0.472221
endloop
endfacet
facet normal -0.491365 0.598704 -0.632546
outer loop
vertex 0.475000 0.525000 0.464645
vertex 0.476903 0.534567 0.472221
vertex 0.480357 0.529397 0.464645
endloop
endfacet
facet normal -0.491357 0.598692 0.632563
outer loop
vertex 0.470603 0.529397 0.527778
vertex 0.475000 0.525000 0.535356
vertex 0.480357 0.529397 0.535356
endloop
endfacet
facet normal -0.491340 0.598732 0.632538
outer loop
vertex 0.470603 0.529397 0.527778
vertex 0.480357 0.529397 0.535356
vertex 0.476903 0.534567 0.527778
endloop
endfacet
facet normal -0.403626 0.491799 -0.771505
outer loop
vertex 0.480357 0.519642 0.458427
vertex 0.475000 0.525000 0.464645
vertex 0.480357 0.529397 0.464645
endloop
endfacet
facet normal -0.403602 0.491804 -0.771514
outer loop
vertex 0.480357 0.519642 0.458427
vertex 0.480357 0.529397 0.464645
vertex 0.484567 0.523097 0.458427
endloop
endfacet
facet normal -0.560071 0.682492 0.469601
outer loop
vertex 0.467336 0.532664 0.519134
vertex 0.470603 0.529397 0.527778
vertex 0.476903 0.534567 0.527778
endloop
endfacet
facet normal -0.560092 0.682448 0.469640
outer loop
vertex 0.467336 0.532664 0.519134
vertex 0.476903 0.534567 0.527778
vertex 0.474336 0.538409 0.519134
endloop
endfacet
facet normal -0.300174 0.365767 -0.880971
outer loop
vertex 0.486470 0.513530 0.453806
vertex 0.480357 0.519642 0.458427
vertex 0.484567 0.523097 0.458427
endloop
endfacet
facet normal -0.300167 0.365769 -0.880973
outer loop
vertex 0.486470 0.513530 0.453806
vertex 0.484567 0.523097 0.458427
vertex 0.489369 0.515909 0.453806
endloop
endfacet
facet normal -0.416155 0.778626 -0.469634
outer loop
vertex 0.476903 0.534567 0.472221
vertex 0.474336 0.538409 0.480866
vertex 0.482322 0.542677 0.480866
endloop
endfacet
facet normal -0.416202 0.778624 -0.469596
outer loop
vertex 0.476903 0.534567 0.472221
vertex 0.482322 0.542677 0.480866
vertex 0.484091 0.538409 0.472221
endloop
endfacet
facet normal -0.299907 0.561089 0.771515
outer loop
vertex 0.480357 0.529397 0.535356
vertex 0.484567 0.523097 0.541573
vertex 0.489369 0.525664 0.541573
endloop
endfacet
facet normal -0.299898 0.561092 0.771516
outer loop
vertex 0.480357 0.529397 0.535356
vertex 0.489369 0.525664 0.541573
vertex 0.486470 0.532664 0.535356
endloop
endfacet
facet normal -0.365119 0.683064 -0.632543
outer loop
vertex 0.480357 0.529397 0.464645
vertex 0.476903 0.534567 0.472221
vertex 0.484091 0.538409 0.472221
endloop
endfacet
facet normal -0.365096 0.683065 -0.632556
outer loop
vertex 0.480357 0.529397 0.464645
vertex 0.484091 0.538409 0.472221
vertex 0.486470 0.532664 0.464645
endloop
endfacet
facet normal -0.365098 0.683083 0.632535
outer loop
vertex 0.476903 0.534567 0.527778
vertex 0.480357 0.529397 0.535356
vertex 0.486470 0.532664 0.535356
endloop
endfacet
facet normal -0.365116 0.683058 0.632553
outer loop
vertex 0.476903 0.534567 0.527778
vertex 0.486470 0.532664 0.535356
vertex 0.484091 0.538409 0.527778
endloop
endfacet
facet normal -0.299897 0.561092 -0.771516
outer loop
vertex 0.484567 0.523097 0.458427
vertex 0.480357 0.529397 0.464645
vertex 0.486470 0.532664 0.464645
endloop
endfacet
facet normal -0.299910 0.561095 -0.771509
outer loop
vertex 0.484567 0.523097 0.458427
vertex 0.486470 0.532664 0.464645
vertex 0.489369 0.525664 0.458427
endloop
endfacet
facet normal -0.416192 0.778604 0.469638
outer loop
vertex 0.474336 0.538409 0.519134
vertex 0.476903 0.534567 0.527778
vertex 0.484091 0.538409 0.527778
endloop
endfacet
facet normal -0.416160 0.778646 0.469597
outer loop
vertex 0.474336 0.538409 0.519134
vertex 0.484091 0.538409 0.527778
vertex 0.482322 0.542677 0.519134
endloop
endfacet
facet normal -0.223046 0.417297 -0.880973
outer loop
vertex 0.489369 0.515909 0.453806
vertex 0.484567 0.523097 0.458427
vertex 0.489369 0.525664 0.458427
endloop
endfacet
facet normal -0.223047 0.417297 -0.880973
outer loop
vertex 0.489369 0.515909 0.453806
vertex 0.489369 0.525664 0.458427
vertex 0.492677 0.517677 0.453806
endloop
endfacet
facet normal -0.451261 0.844306 0.288983
outer loop
vertex 0.472756 0.540774 0.509754
vertex 0.474336 0.538409 0.519134
vertex 0.482322 0.542677 0.519134
endloop
endfacet
facet normal -0.451309 0.844260 0.289042
outer loop
vertex 0.472756 0.540774 0.509754
vertex 0.482322 0.542677 0.519134
vertex 0.481234 0.545307 0.509754
endloop
endfacet
facet normal -0.137440 0.257165 -0.956544
outer loop
vertex 0.494581 0.508110 0.450960
vertex 0.489369 0.515909 0.453806
vertex 0.492677 0.517677 0.453806
endloop
endfacet
facet normal -0.137493 0.257169 -0.956535
outer loop
vertex 0.494581 0.508110 0.450960
vertex 0.492677 0.517677 0.453806
vertex 0.496267 0.509012 0.450960
endloop
endfacet
facet normal -0.469190 0.877690 0.097577
outer loop
vertex 0.472221 0.541573 0.500000
vertex 0.472756 0.540774 0.509754
vertex 0.481234 0.545307 0.509754
endloop
endfacet
facet normal -0.469143 0.877722 0.097517
outer loop
vertex 0.472221 0.541573 0.500000
vertex 0.481234 0.545307 0.509754
vertex 0.480866 0.546194 0.500000
endloop
endfacet
facet normal -0.046430 0.086834 0.995140
outer loop
vertex 0.494581 0.508110 0.549039
vertex 0.500000 0.500000 0.550000
vertex 0.496267 0.509012 0.549039
endloop
endfacet
facet normal -0.046405 0.086831 -0.995142
outer loop
vertex 0.500000 0.500000 0.450000
vertex 0.494581 0.508110 0.450960
vertex 0.496267 0.509012 0.450960
endloop
endfacet
facet normal -0.469143 0.877716 -0.097572
outer loop
vertex 0.472756 0.540774 0.490245
vertex 0.472221 0.541573 0.500000
vertex 0.480866 0.546194 0.500000
endloop
endfacet
facet normal -0.469185 0.877699 -0.097522
outer loop
vertex 0.472756 0.540774 0.490245
vertex 0.480866 0.546194 0.500000
vertex 0.481234 0.545307 0.490245
endloop
endfacet
facet normal -0.137446 0.257162 0.956544
outer loop
vertex 0.489369 0.515909 0.546194
vertex 0.494581 0.508110 0.549039
vertex 0.496267 0.509012 0.549039
endloop
endfacet
facet normal -0.137448 0.257167 0.956542
outer loop
vertex 0.489369 0.515909 0.546194
vertex 0.496267 0.509012 0.549039
vertex 0.492677 0.517677 0.546194
endloop
endfacet
facet normal -0.451321 0.844272 -0.288988
outer loop
vertex 0.474336 0.538409 0.480866
vertex 0.472756 0.540774 0.490245
vertex 0.481234 0.545307 0.490245
endloop
endfacet
facet normal -0.451246 0.844293 -0.289045
outer loop
vertex 0.474336 0.538409 0.480866
vertex 0.481234 0.545307 0.490245
vertex 0.482322 0.542677 0.480866
endloop
endfacet
facet normal -0.223032 0.417306 0.880973
outer loop
vertex 0.484567 0.523097 0.541573
vertex 0.489369 0.515909 0.546194
vertex 0.492677 0.517677 0.546194
endloop
endfacet
facet normal -0.223043 0.417293 0.880976
outer loop
vertex 0.484567 0.523097 0.541573
vertex 0.492677 0.517677 0.546194
vertex 0.489369 0.525664 0.541573
endloop
endfacet
facet normal -0.084665 0.279039 -0.956540
outer loop
vertex 0.496267 0.509012 0.450960
vertex 0.492677 0.517677 0.453806
vertex 0.496267 0.518766 0.453806
endloop
endfacet
facet normal -0.084640 0.279036 -0.956543
outer loop
vertex 0.496267 0.509012 0.450960
vertex 0.496267 0.518766 0.453806
vertex 0.498097 0.509567 0.450960
endloop
endfacet
facet normal -0.288883 0.952383 0.097537
outer loop
vertex 0.480866 0.546194 0.500000
vertex 0.481234 0.545307 0.509754
vertex 0.490433 0.548097 0.509754
endloop
endfacet
facet normal -0.288878 0.952386 0.097525
outer loop
vertex 0.480866 0.546194 0.500000
vertex 0.490433 0.548097 0.509754
vertex 0.490245 0.549039 0.500000
endloop
endfacet
facet normal -0.028557 0.094227 0.995141
outer loop
vertex 0.496267 0.509012 0.549039
vertex 0.500000 0.500000 0.550000
vertex 0.498097 0.509567 0.549039
endloop
endfacet
facet normal -0.028573 0.094221 -0.995141
outer loop
vertex 0.500000 0.500000 0.450000
vertex 0.496267 0.509012 0.450960
vertex 0.498097 0.509567 0.450960
endloop
endfacet
facet normal -0.288876 0.952385 -0.097537
outer loop
vertex 0.481234 0.545307 0.490245
vertex 0.480866 0.546194 0.500000
vertex 0.490245 0.549039 0.500000
endloop
endfacet
facet normal -0.288884 0.952384 -0.097525
outer loop
vertex 0.481234 0.545307 0.490245
vertex 0.490245 0.549039 0.500000
vertex 0.490433 0.548097 0.490245
endloop
endfacet
facet normal -0.084626 0.279049 0.956541
outer loop
vertex 0.492677 0.517677 0.546194
vertex 0.496267 0.509012 0.549039
vertex 0.498097 0.509567 0.549039
endloop
endfacet
facet normal -0.084647 0.279033 0.956544
outer loop
vertex 0.492677 0.517677 0.546194
vertex 0.498097 0.509567 0.549039
vertex 0.496267 0.518766 0.546194
endloop
endfacet
facet normal -0.277874 0.916102 -0.289039
outer loop
vertex 0.482322 0.542677 0.480866
vertex 0.481234 0.545307 0.490245
vertex 0.490433 0.548097 0.490245
endloop
endfacet
facet normal -0.277938 0.916098 -0.288989
outer loop
vertex 0.482322 0.542677 0.480866
vertex 0.490433 0.548097 0.490245
vertex 0.490988 0.545307 0.480866
endloop
endfacet
facet normal -0.137367 0.452779 0.880978
outer loop
vertex 0.489369 0.525664 0.541573
vertex 0.492677 0.517677 0.546194
vertex 0.496267 0.518766 0.546194
endloop
endfacet
facet normal -0.137350 0.452806 0.880966
outer loop
vertex 0.489369 0.525664 0.541573
vertex 0.496267 0.518766 0.546194
vertex 0.494581 0.527245 0.541573
endloop
endfacet
facet normal -0.256323 0.844848 -0.469607
outer loop
vertex 0.484091 0.538409 0.472221
vertex 0.482322 0.542677 0.480866
vertex 0.490988 0.545307 0.480866
endloop
endfacet
facet normal -0.256245 0.844846 -0.469653
outer loop
vertex 0.484091 0.538409 0.472221
vertex 0.490988 0.545307 0.480866
vertex 0.491890 0.540774 0.472221
endloop
endfacet
facet normal -0.184655 0.608819 0.771519
outer loop
vertex 0.486470 0.532664 0.535356
vertex 0.489369 0.525664 0.541573
vertex 0.494581 0.527245 0.541573
endloop
endfacet
facet normal -0.184684 0.608813 0.771517
outer loop
vertex 0.486470 0.532664 0.535356
vertex 0.494581 0.527245 0.541573
vertex 0.493103 0.534676 0.535356
endloop
endfacet
facet normal -0.224809 0.741172 -0.632555
outer loop
vertex 0.486470 0.532664 0.464645
vertex 0.484091 0.538409 0.472221
vertex 0.491890 0.540774 0.472221
endloop
endfacet
facet normal -0.224831 0.741173 -0.632545
outer loop
vertex 0.486470 0.532664 0.464645
vertex 0.491890 0.540774 0.472221
vertex 0.493103 0.534676 0.464645
endloop
endfacet
facet normal -0.224835 0.741162 0.632556
outer loop
vertex 0.484091 0.538409 0.527778
vertex 0.486470 0.532664 0.535356
vertex 0.493103 0.534676 0.535356
endloop
endfacet
facet normal -0.224809 0.741185 0.632539
outer loop
vertex 0.484091 0.538409 0.527778
vertex 0.493103 0.534676 0.535356
vertex 0.491890 0.540774 0.527778
endloop
endfacet
facet normal -0.184690 0.608821 -0.771509
outer loop
vertex 0.489369 0.525664 0.458427
vertex 0.486470 0.532664 0.464645
vertex 0.493103 0.534676 0.464645
endloop
endfacet
facet normal -0.184658 0.608823 -0.771515
outer loop
vertex 0.489369 0.525664 0.458427
vertex 0.493103 0.534676 0.464645
vertex 0.494581 0.527245 0.458427
endloop
endfacet
facet normal -0.256257 0.844862 0.469617
outer loop
vertex 0.482322 0.542677 0.519134
vertex 0.484091 0.538409 0.527778
vertex 0.491890 0.540774 0.527778
endloop
endfacet
facet normal -0.256315 0.844830 0.469643
outer loop
vertex 0.482322 0.542677 0.519134
vertex 0.491890 0.540774 0.527778
vertex 0.490988 0.545307 0.519134
endloop
endfacet
facet normal -0.137341 0.452791 -0.880975
outer loop
vertex 0.492677 0.517677 0.453806
vertex 0.489369 0.525664 0.458427
vertex 0.494581 0.527245 0.458427
endloop
endfacet
facet normal -0.137352 0.452802 -0.880968
outer loop
vertex 0.492677 0.517677 0.453806
vertex 0.494581 0.527245 0.458427
vertex 0.496267 0.518766 0.453806
endloop
endfacet
facet normal -0.277931 0.916084 0.289042
outer loop
vertex 0.481234 0.545307 0.509754
vertex 0.482322 0.542677 0.519134
vertex 0.490988 0.545307 0.519134
endloop
endfacet
facet normal -0.277880 0.916116 0.288989
outer loop
vertex 0.481234 0.545307 0.509754
vertex 0.490988 0.545307 0.519134
vertex 0.490433 0.548097 0.509754
endloop
endfacet
facet normal -0.062383 0.633137 0.771522
outer loop
vertex 0.493103 0.534676 0.535356
vertex 0.494581 0.527245 0.541573
vertex 0.500000 0.527778 0.541573
endloop
endfacet
facet normal -0.062378 0.633139 0.771521
outer loop
vertex 0.493103 0.534676 0.535356
vertex 0.500000 0.527778 0.541573
vertex 0.500000 0.535356 0.535356
endloop
endfacet
facet normal -0.075929 0.770791 -0.632547
outer loop
vertex 0.493103 0.534676 0.464645
vertex 0.491890 0.540774 0.472221
vertex 0.500000 0.541573 0.472221
endloop
endfacet
facet normal -0.075938 0.770791 -0.632547
outer loop
vertex 0.493103 0.534676 0.464645
vertex 0.500000 0.541573 0.472221
vertex 0.500000 0.535356 0.464645
endloop
endfacet
facet normal -0.075935 0.770793 0.632544
outer loop
vertex 0.491890 0.540774 0.527778
vertex 0.493103 0.534676 0.535356
vertex 0.500000 0.535356 0.535356
endloop
endfacet
facet normal -0.075935 0.770799 0.632537
outer loop
vertex 0.491890 0.540774 0.527778
vertex 0.500000 0.535356 0.535356
vertex 0.500000 0.541573 0.527778
endloop
endfacet
facet normal -0.062374 0.633140 -0.771520
outer loop
vertex 0.494581 0.527245 0.458427
vertex 0.493103 0.534676 0.464645
vertex 0.500000 0.535356 0.464645
endloop
endfacet
facet normal -0.062381 0.633137 -0.771522
outer loop
vertex 0.494581 0.527245 0.458427
vertex 0.500000 0.535356 0.464645
vertex 0.500000 0.527778 0.458427
endloop
endfacet
facet normal -0.086556 0.878595 0.469659
outer loop
vertex 0.490988 0.545307 0.519134
vertex 0.491890 0.540774 0.527778
vertex 0.500000 0.541573 0.527778
endloop
endfacet
facet normal -0.086519 0.878613 0.469631
outer loop
vertex 0.490988 0.545307 0.519134
vertex 0.500000 0.541573 0.527778
vertex 0.500000 0.546194 0.519134
endloop
endfacet
facet normal -0.046399 0.470893 -0.880969
outer loop
vertex 0.496267 0.518766 0.453806
vertex 0.494581 0.527245 0.458427
vertex 0.500000 0.527778 0.458427
endloop
endfacet
facet normal -0.046351 0.470882 -0.880978
outer loop
vertex 0.496267 0.518766 0.453806
vertex 0.500000 0.527778 0.458427
vertex 0.500000 0.519134 0.453806
endloop
endfacet
facet normal -0.093819 0.952723 0.288994
outer loop
vertex 0.490433 0.548097 0.509754
vertex 0.490988 0.545307 0.519134
vertex 0.500000 0.546194 0.519134
endloop
endfacet
facet normal -0.093862 0.952706 0.289035
outer loop
vertex 0.490433 0.548097 0.509754
vertex 0.500000 0.546194 0.519134
vertex 0.500000 0.549039 0.509754
endloop
endfacet
facet normal -0.028559 0.290185 -0.956544
outer loop
vertex 0.498097 0.509567 0.450960
vertex 0.496267 0.518766 0.453806
vertex 0.500000 0.519134 0.453806
endloop
endfacet
facet normal -0.028649 0.290192 -0.956540
outer loop
vertex 0.498097 0.509567 0.450960
vertex 0.500000 0.519134 0.453806
vertex 0.500000 0.509754 0.450960
endloop
endfacet
facet normal -0.097577 0.990439 0.097519
outer loop
vertex 0.490245 0.549039 0.500000
vertex 0.490433 0.548097 0.509754
vertex 0.500000 0.549039 0.509754
endloop
endfacet
facet normal -0.097584 0.990438 0.097516
outer loop
vertex 0.490245 0.549039 0.500000
vertex 0.500000 0.549039 0.509754
vertex 0.500000 0.550000 0.500000
endloop
endfacet
facet normal -0.009636 0.097994 0.995140
outer loop
vertex 0.498097 0.509567 0.549039
vertex 0.500000 0.500000 0.550000
vertex 0.500000 0.509754 0.549039
endloop
endfacet
facet normal -0.009655 0.097988 -0.995141
outer loop
vertex 0.500000 0.500000 0.450000
vertex 0.498097 0.509567 0.450960
vertex 0.500000 0.509754 0.450960
endloop
endfacet
facet normal -0.097584 0.990438 -0.097516
outer loop
vertex 0.490433 0.548097 0.490245
vertex 0.490245 0.549039 0.500000
vertex 0.500000 0.550000 0.500000
endloop
endfacet
facet normal -0.097577 0.990439 -0.097520
outer loop
vertex 0.490433 0.548097 0.490245
vertex 0.500000 0.550000 0.500000
vertex 0.500000 0.549039 0.490245
endloop
endfacet
facet normal -0.028628 0.290182 0.956543
outer loop
vertex 0.496267 0.518766 0.546194
vertex 0.498097 0.509567 0.549039
vertex 0.500000 0.509754 0.549039
endloop
endfacet
facet normal -0.028547 0.290190 0.956543
outer loop
vertex 0.496267 0.518766 0.546194
vertex 0.500000 0.509754 0.549039
vertex 0.500000 0.519134 0.546194
endloop
endfacet
facet normal -0.093860 0.952720 -0.288990
outer loop
vertex 0.490988 0.545307 0.480866
vertex 0.490433 0.548097 0.490245
vertex 0.500000 0.549039 0.490245
endloop
endfacet
facet normal -0.093819 0.952711 -0.289033
outer loop
vertex 0.490988 0.545307 0.480866
vertex 0.500000 0.549039 0.490245
vertex 0.500000 0.546194 0.480866
endloop
endfacet
facet normal -0.046365 0.470898 0.880969
outer loop
vertex 0.494581 0.527245 0.541573
vertex 0.496267 0.518766 0.546194
vertex 0.500000 0.519134 0.546194
endloop
endfacet
facet normal -0.046393 0.470882 0.880975
outer loop
vertex 0.494581 0.527245 0.541573
vertex 0.500000 0.519134 0.546194
vertex 0.500000 0.527778 0.541573
endloop
endfacet
facet normal -0.086522 0.878598 -0.469659
outer loop
vertex 0.491890 0.540774 0.472221
vertex 0.490988 0.545307 0.480866
vertex 0.500000 0.546194 0.480866
endloop
endfacet
facet normal -0.086560 0.878611 -0.469627
outer loop
vertex 0.491890 0.540774 0.472221
vertex 0.500000 0.546194 0.480866
vertex 0.500000 0.541573 0.472221
endloop
endfacet
endsolid Exported from Blender-2.82 (sub 7)
