solid Exported from Blender-2.82 (sub 7)
facet normal 0.086494 0.878607 -0.469647
outer loop
vertex 1.500000 1.041573 0.672221
vertex 1.500000 1.046194 0.680866
vertex 1.509012 1.045307 0.680866
endloop
endfacet
facet normal 0.086559 0.878563 -0.469718
outer loop
vertex 1.500000 1.041573 0.672221
vertex 1.509012 1.045307 0.680866
vertex 1.508110 1.040774 0.672221
endloop
endfacet
facet normal 0.062276 0.633034 0.771615
outer loop
vertex 1.500000 1.035356 0.735356
vertex 1.500000 1.027778 0.741573
vertex 1.505419 1.027245 0.741573
endloop
endfacet
facet normal 0.062405 0.633092 0.771557
outer loop
vertex 1.500000 1.035356 0.735356
vertex 1.505419 1.027245 0.741573
vertex 1.506898 1.034676 0.735356
endloop
endfacet
facet normal 0.075947 0.770800 -0.632534
outer loop
vertex 1.500000 1.035356 0.664645
vertex 1.500000 1.041573 0.672221
vertex 1.508110 1.040774 0.672221
endloop
endfacet
facet normal 0.075990 0.770780 -0.632553
outer loop
vertex 1.500000 1.035356 0.664645
vertex 1.508110 1.040774 0.672221
vertex 1.506898 1.034676 0.664645
endloop
endfacet
facet normal 0.075985 0.770877 0.632436
outer loop
vertex 1.500000 1.041573 0.727778
vertex 1.500000 1.035356 0.735356
vertex 1.506898 1.034676 0.735356
endloop
endfacet
facet normal 0.075955 0.770877 0.632440
outer loop
vertex 1.500000 1.041573 0.727778
vertex 1.506898 1.034676 0.735356
vertex 1.508110 1.040774 0.727778
endloop
endfacet
facet normal 0.062418 0.633089 -0.771559
outer loop
vertex 1.500000 1.027778 0.658427
vertex 1.500000 1.035356 0.664645
vertex 1.506898 1.034676 0.664645
endloop
endfacet
facet normal 0.062265 0.633185 -0.771492
outer loop
vertex 1.500000 1.027778 0.658427
vertex 1.506898 1.034676 0.664645
vertex 1.505419 1.027245 0.658427
endloop
endfacet
facet normal 0.086562 0.878571 0.469703
outer loop
vertex 1.500000 1.046194 0.719134
vertex 1.500000 1.041573 0.727778
vertex 1.508110 1.040774 0.727778
endloop
endfacet
facet normal 0.086486 0.878554 0.469748
outer loop
vertex 1.500000 1.046194 0.719134
vertex 1.508110 1.040774 0.727778
vertex 1.509012 1.045307 0.719134
endloop
endfacet
facet normal 0.046305 0.470941 -0.880948
outer loop
vertex 1.500000 1.019134 0.653806
vertex 1.500000 1.027778 0.658427
vertex 1.505419 1.027245 0.658427
endloop
endfacet
facet normal 0.046447 0.470877 -0.880975
outer loop
vertex 1.500000 1.019134 0.653806
vertex 1.505419 1.027245 0.658427
vertex 1.503733 1.018766 0.653806
endloop
endfacet
facet normal 0.093788 0.952733 0.288971
outer loop
vertex 1.500000 1.049039 0.709754
vertex 1.500000 1.046194 0.719134
vertex 1.509012 1.045307 0.719134
endloop
endfacet
facet normal 0.093808 0.952747 0.288919
outer loop
vertex 1.500000 1.049039 0.709754
vertex 1.509012 1.045307 0.719134
vertex 1.509567 1.048097 0.709754
endloop
endfacet
facet normal 0.028619 0.290230 -0.956529
outer loop
vertex 1.500000 1.009754 0.650960
vertex 1.500000 1.019134 0.653806
vertex 1.503733 1.018766 0.653806
endloop
endfacet
facet normal 0.028499 0.290282 -0.956517
outer loop
vertex 1.500000 1.009754 0.650960
vertex 1.503733 1.018766 0.653806
vertex 1.501903 1.009567 0.650960
endloop
endfacet
facet normal 0.097520 0.990438 0.097583
outer loop
vertex 1.500000 1.050000 0.700000
vertex 1.500000 1.049039 0.709754
vertex 1.509567 1.048097 0.709754
endloop
endfacet
facet normal 0.097579 0.990436 0.097541
outer loop
vertex 1.500000 1.050000 0.700000
vertex 1.509567 1.048097 0.709754
vertex 1.509754 1.049039 0.700000
endloop
endfacet
facet normal 0.009686 0.098036 0.995136
outer loop
vertex 1.500000 1.009754 0.749039
vertex 1.500000 1.000000 0.750000
vertex 1.501903 1.009567 0.749039
endloop
endfacet
facet normal 0.009613 0.097949 -0.995145
outer loop
vertex 1.500000 1.000000 0.650000
vertex 1.500000 1.009754 0.650960
vertex 1.501903 1.009567 0.650960
endloop
endfacet
facet normal 0.097576 0.990432 -0.097583
outer loop
vertex 1.500000 1.049039 0.690245
vertex 1.500000 1.050000 0.700000
vertex 1.509754 1.049039 0.700000
endloop
endfacet
facet normal 0.097522 0.990444 -0.097518
outer loop
vertex 1.500000 1.049039 0.690245
vertex 1.509754 1.049039 0.700000
vertex 1.509567 1.048097 0.690245
endloop
endfacet
facet normal 0.028509 0.290152 0.956556
outer loop
vertex 1.500000 1.019134 0.746194
vertex 1.500000 1.009754 0.749039
vertex 1.501903 1.009567 0.749039
endloop
endfacet
facet normal 0.028598 0.290157 0.956552
outer loop
vertex 1.500000 1.019134 0.746194
vertex 1.501903 1.009567 0.749039
vertex 1.503733 1.018766 0.746194
endloop
endfacet
facet normal 0.093807 0.952732 -0.288966
outer loop
vertex 1.500000 1.046194 0.680866
vertex 1.500000 1.049039 0.690245
vertex 1.509567 1.048097 0.690245
endloop
endfacet
facet normal 0.093789 0.952729 -0.288984
outer loop
vertex 1.500000 1.046194 0.680866
vertex 1.509567 1.048097 0.690245
vertex 1.509012 1.045307 0.680866
endloop
endfacet
facet normal 0.046431 0.470948 0.880939
outer loop
vertex 1.500000 1.027778 0.741573
vertex 1.500000 1.019134 0.746194
vertex 1.503733 1.018766 0.746194
endloop
endfacet
facet normal 0.046307 0.470880 0.880981
outer loop
vertex 1.500000 1.027778 0.741573
vertex 1.503733 1.018766 0.746194
vertex 1.505419 1.027245 0.741573
endloop
endfacet
facet normal 0.277865 0.916129 -0.288960
outer loop
vertex 1.509012 1.045307 0.680866
vertex 1.509567 1.048097 0.690245
vertex 1.518766 1.045307 0.690245
endloop
endfacet
facet normal 0.278033 0.916017 -0.289155
outer loop
vertex 1.509012 1.045307 0.680866
vertex 1.518766 1.045307 0.690245
vertex 1.517677 1.042677 0.680866
endloop
endfacet
facet normal 0.137366 0.452813 0.880961
outer loop
vertex 1.505419 1.027245 0.741573
vertex 1.503733 1.018766 0.746194
vertex 1.507322 1.017677 0.746194
endloop
endfacet
facet normal 0.137390 0.452802 0.880962
outer loop
vertex 1.505419 1.027245 0.741573
vertex 1.507322 1.017677 0.746194
vertex 1.510630 1.025664 0.741573
endloop
endfacet
facet normal 0.256406 0.844752 -0.469734
outer loop
vertex 1.508110 1.040774 0.672221
vertex 1.509012 1.045307 0.680866
vertex 1.517677 1.042677 0.680866
endloop
endfacet
facet normal 0.256216 0.844943 -0.469494
outer loop
vertex 1.508110 1.040774 0.672221
vertex 1.517677 1.042677 0.680866
vertex 1.515909 1.038409 0.672221
endloop
endfacet
facet normal 0.184706 0.608747 0.771564
outer loop
vertex 1.506898 1.034676 0.735356
vertex 1.505419 1.027245 0.741573
vertex 1.510630 1.025664 0.741573
endloop
endfacet
facet normal 0.184682 0.608730 0.771583
outer loop
vertex 1.506898 1.034676 0.735356
vertex 1.510630 1.025664 0.741573
vertex 1.513530 1.032664 0.735356
endloop
endfacet
facet normal 0.224752 0.741207 -0.632533
outer loop
vertex 1.506898 1.034676 0.664645
vertex 1.508110 1.040774 0.672221
vertex 1.515909 1.038409 0.672221
endloop
endfacet
facet normal 0.224845 0.741122 -0.632601
outer loop
vertex 1.506898 1.034676 0.664645
vertex 1.515909 1.038409 0.672221
vertex 1.513530 1.032664 0.664645
endloop
endfacet
facet normal 0.224883 0.741252 0.632435
outer loop
vertex 1.508110 1.040774 0.727778
vertex 1.506898 1.034676 0.735356
vertex 1.513530 1.032664 0.735356
endloop
endfacet
facet normal 0.224770 0.741230 0.632500
outer loop
vertex 1.508110 1.040774 0.727778
vertex 1.513530 1.032664 0.735356
vertex 1.515909 1.038409 0.727778
endloop
endfacet
facet normal 0.184699 0.608806 -0.771519
outer loop
vertex 1.505419 1.027245 0.658427
vertex 1.506898 1.034676 0.664645
vertex 1.513530 1.032664 0.664645
endloop
endfacet
facet normal 0.184715 0.608776 -0.771539
outer loop
vertex 1.505419 1.027245 0.658427
vertex 1.513530 1.032664 0.664645
vertex 1.510630 1.025664 0.658427
endloop
endfacet
facet normal 0.256187 0.844818 0.469735
outer loop
vertex 1.509012 1.045307 0.719134
vertex 1.508110 1.040774 0.727778
vertex 1.515909 1.038409 0.727778
endloop
endfacet
facet normal 0.256422 0.844836 0.469574
outer loop
vertex 1.509012 1.045307 0.719134
vertex 1.515909 1.038409 0.727778
vertex 1.517677 1.042677 0.719134
endloop
endfacet
facet normal 0.137381 0.452802 -0.880964
outer loop
vertex 1.503733 1.018766 0.653806
vertex 1.505419 1.027245 0.658427
vertex 1.510630 1.025664 0.658427
endloop
endfacet
facet normal 0.137389 0.452827 -0.880950
outer loop
vertex 1.503733 1.018766 0.653806
vertex 1.510630 1.025664 0.658427
vertex 1.507322 1.017677 0.653806
endloop
endfacet
facet normal 0.278039 0.916080 0.288950
outer loop
vertex 1.509567 1.048097 0.709754
vertex 1.509012 1.045307 0.719134
vertex 1.517677 1.042677 0.719134
endloop
endfacet
facet normal 0.277861 0.916089 0.289091
outer loop
vertex 1.509567 1.048097 0.709754
vertex 1.517677 1.042677 0.719134
vertex 1.518766 1.045307 0.709754
endloop
endfacet
facet normal 0.084669 0.279064 -0.956532
outer loop
vertex 1.501903 1.009567 0.650960
vertex 1.503733 1.018766 0.653806
vertex 1.507322 1.017677 0.653806
endloop
endfacet
facet normal 0.084644 0.279136 -0.956514
outer loop
vertex 1.501903 1.009567 0.650960
vertex 1.507322 1.017677 0.653806
vertex 1.503733 1.009012 0.650960
endloop
endfacet
facet normal 0.288857 0.952390 0.097546
outer loop
vertex 1.509754 1.049039 0.700000
vertex 1.509567 1.048097 0.709754
vertex 1.518766 1.045307 0.709754
endloop
endfacet
facet normal 0.288863 0.952393 0.097499
outer loop
vertex 1.509754 1.049039 0.700000
vertex 1.518766 1.045307 0.709754
vertex 1.519134 1.046194 0.700000
endloop
endfacet
facet normal 0.028557 0.094282 0.995136
outer loop
vertex 1.501903 1.009567 0.749039
vertex 1.500000 1.000000 0.750000
vertex 1.503733 1.009012 0.749039
endloop
endfacet
facet normal 0.028538 0.094171 -0.995147
outer loop
vertex 1.500000 1.000000 0.650000
vertex 1.501903 1.009567 0.650960
vertex 1.503733 1.009012 0.650960
endloop
endfacet
facet normal 0.288854 0.952398 -0.097477
outer loop
vertex 1.509567 1.048097 0.690245
vertex 1.509754 1.049039 0.700000
vertex 1.519134 1.046194 0.700000
endloop
endfacet
facet normal 0.288868 0.952386 -0.097547
outer loop
vertex 1.509567 1.048097 0.690245
vertex 1.519134 1.046194 0.700000
vertex 1.518766 1.045307 0.690245
endloop
endfacet
facet normal 0.084625 0.278995 0.956556
outer loop
vertex 1.503733 1.018766 0.746194
vertex 1.501903 1.009567 0.749039
vertex 1.503733 1.009012 0.749039
endloop
endfacet
facet normal 0.084668 0.278994 0.956553
outer loop
vertex 1.503733 1.018766 0.746194
vertex 1.503733 1.009012 0.749039
vertex 1.507322 1.017677 0.746194
endloop
endfacet
facet normal 0.223035 0.417316 -0.880967
outer loop
vertex 1.507322 1.017677 0.653806
vertex 1.510630 1.025664 0.658427
vertex 1.515433 1.023097 0.658427
endloop
endfacet
facet normal 0.223055 0.417328 -0.880956
outer loop
vertex 1.507322 1.017677 0.653806
vertex 1.515433 1.023097 0.658427
vertex 1.510630 1.015909 0.653806
endloop
endfacet
facet normal 0.451163 0.844307 0.289132
outer loop
vertex 1.518766 1.045307 0.709754
vertex 1.517677 1.042677 0.719134
vertex 1.525664 1.038409 0.719134
endloop
endfacet
facet normal 0.451354 0.844266 0.288953
outer loop
vertex 1.518766 1.045307 0.709754
vertex 1.525664 1.038409 0.719134
vertex 1.527245 1.040774 0.709754
endloop
endfacet
facet normal 0.137480 0.257225 -0.956522
outer loop
vertex 1.503733 1.009012 0.650960
vertex 1.507322 1.017677 0.653806
vertex 1.510630 1.015909 0.653806
endloop
endfacet
facet normal 0.137555 0.257092 -0.956547
outer loop
vertex 1.503733 1.009012 0.650960
vertex 1.510630 1.015909 0.653806
vertex 1.505419 1.008110 0.650960
endloop
endfacet
facet normal 0.469210 0.877687 0.097510
outer loop
vertex 1.519134 1.046194 0.700000
vertex 1.518766 1.045307 0.709754
vertex 1.527245 1.040774 0.709754
endloop
endfacet
facet normal 0.469201 0.877688 0.097548
outer loop
vertex 1.519134 1.046194 0.700000
vertex 1.527245 1.040774 0.709754
vertex 1.527778 1.041573 0.700000
endloop
endfacet
facet normal 0.046436 0.086856 0.995138
outer loop
vertex 1.503733 1.009012 0.749039
vertex 1.500000 1.000000 0.750000
vertex 1.505419 1.008110 0.749039
endloop
endfacet
facet normal 0.046424 0.086769 -0.995146
outer loop
vertex 1.500000 1.000000 0.650000
vertex 1.503733 1.009012 0.650960
vertex 1.505419 1.008110 0.650960
endloop
endfacet
facet normal 0.469197 0.877692 -0.097519
outer loop
vertex 1.518766 1.045307 0.690245
vertex 1.519134 1.046194 0.700000
vertex 1.527778 1.041573 0.700000
endloop
endfacet
facet normal 0.469210 0.877686 -0.097517
outer loop
vertex 1.518766 1.045307 0.690245
vertex 1.527778 1.041573 0.700000
vertex 1.527245 1.040774 0.690245
endloop
endfacet
facet normal 0.137556 0.257130 0.956537
outer loop
vertex 1.507322 1.017677 0.746194
vertex 1.503733 1.009012 0.749039
vertex 1.505419 1.008110 0.749039
endloop
endfacet
facet normal 0.137422 0.257110 0.956561
outer loop
vertex 1.507322 1.017677 0.746194
vertex 1.505419 1.008110 0.749039
vertex 1.510630 1.015909 0.746194
endloop
endfacet
facet normal 0.451325 0.844209 -0.289167
outer loop
vertex 1.517677 1.042677 0.680866
vertex 1.518766 1.045307 0.690245
vertex 1.527245 1.040774 0.690245
endloop
endfacet
facet normal 0.451181 0.844353 -0.288971
outer loop
vertex 1.517677 1.042677 0.680866
vertex 1.527245 1.040774 0.690245
vertex 1.525664 1.038409 0.680866
endloop
endfacet
facet normal 0.223038 0.417295 0.880976
outer loop
vertex 1.510630 1.025664 0.741573
vertex 1.507322 1.017677 0.746194
vertex 1.510630 1.015909 0.746194
endloop
endfacet
facet normal 0.223030 0.417323 0.880965
outer loop
vertex 1.510630 1.025664 0.741573
vertex 1.510630 1.015909 0.746194
vertex 1.515433 1.023097 0.741573
endloop
endfacet
facet normal 0.416111 0.778709 -0.469536
outer loop
vertex 1.515909 1.038409 0.672221
vertex 1.517677 1.042677 0.680866
vertex 1.525664 1.038409 0.680866
endloop
endfacet
facet normal 0.416186 0.778620 -0.469617
outer loop
vertex 1.515909 1.038409 0.672221
vertex 1.525664 1.038409 0.680866
vertex 1.523097 1.034567 0.672221
endloop
endfacet
facet normal 0.299827 0.561062 0.771565
outer loop
vertex 1.513530 1.032664 0.735356
vertex 1.510630 1.025664 0.741573
vertex 1.515433 1.023097 0.741573
endloop
endfacet
facet normal 0.299895 0.561040 0.771554
outer loop
vertex 1.513530 1.032664 0.735356
vertex 1.515433 1.023097 0.741573
vertex 1.519642 1.029397 0.735356
endloop
endfacet
facet normal 0.365095 0.683044 -0.632579
outer loop
vertex 1.513530 1.032664 0.664645
vertex 1.515909 1.038409 0.672221
vertex 1.523097 1.034567 0.672221
endloop
endfacet
facet normal 0.365092 0.682995 -0.632634
outer loop
vertex 1.513530 1.032664 0.664645
vertex 1.523097 1.034567 0.672221
vertex 1.519642 1.029397 0.664645
endloop
endfacet
facet normal 0.365142 0.683116 0.632474
outer loop
vertex 1.515909 1.038409 0.727778
vertex 1.513530 1.032664 0.735356
vertex 1.519642 1.029397 0.735356
endloop
endfacet
facet normal 0.365117 0.683084 0.632524
outer loop
vertex 1.515909 1.038409 0.727778
vertex 1.519642 1.029397 0.735356
vertex 1.523097 1.034567 0.727778
endloop
endfacet
facet normal 0.299908 0.561071 -0.771528
outer loop
vertex 1.510630 1.025664 0.658427
vertex 1.513530 1.032664 0.664645
vertex 1.519642 1.029397 0.664645
endloop
endfacet
facet normal 0.299887 0.561138 -0.771486
outer loop
vertex 1.510630 1.025664 0.658427
vertex 1.519642 1.029397 0.664645
vertex 1.515433 1.023097 0.658427
endloop
endfacet
facet normal 0.416197 0.778635 0.469583
outer loop
vertex 1.517677 1.042677 0.719134
vertex 1.515909 1.038409 0.727778
vertex 1.523097 1.034567 0.727778
endloop
endfacet
facet normal 0.416080 0.778664 0.469638
outer loop
vertex 1.517677 1.042677 0.719134
vertex 1.523097 1.034567 0.727778
vertex 1.525664 1.038409 0.719134
endloop
endfacet
facet normal 0.300097 0.365824 0.880974
outer loop
vertex 1.515433 1.023097 0.741573
vertex 1.510630 1.015909 0.746194
vertex 1.513530 1.013530 0.746194
endloop
endfacet
facet normal 0.300244 0.365785 0.880940
outer loop
vertex 1.515433 1.023097 0.741573
vertex 1.513530 1.013530 0.746194
vertex 1.519642 1.019642 0.741573
endloop
endfacet
facet normal 0.560100 0.682472 -0.469595
outer loop
vertex 1.523097 1.034567 0.672221
vertex 1.525664 1.038409 0.680866
vertex 1.532664 1.032664 0.680866
endloop
endfacet
facet normal 0.560070 0.682502 -0.469588
outer loop
vertex 1.523097 1.034567 0.672221
vertex 1.532664 1.032664 0.680866
vertex 1.529397 1.029397 0.672221
endloop
endfacet
facet normal 0.403634 0.491697 0.771566
outer loop
vertex 1.519642 1.029397 0.735356
vertex 1.515433 1.023097 0.741573
vertex 1.519642 1.019642 0.741573
endloop
endfacet
facet normal 0.403551 0.491746 0.771578
outer loop
vertex 1.519642 1.029397 0.735356
vertex 1.519642 1.019642 0.741573
vertex 1.525000 1.025000 0.735356
endloop
endfacet
facet normal 0.491304 0.598686 -0.632611
outer loop
vertex 1.519642 1.029397 0.664645
vertex 1.523097 1.034567 0.672221
vertex 1.529397 1.029397 0.672221
endloop
endfacet
facet normal 0.491301 0.598707 -0.632592
outer loop
vertex 1.519642 1.029397 0.664645
vertex 1.529397 1.029397 0.672221
vertex 1.525000 1.025000 0.664645
endloop
endfacet
facet normal 0.491360 0.598756 0.632500
outer loop
vertex 1.523097 1.034567 0.727778
vertex 1.519642 1.029397 0.735356
vertex 1.525000 1.025000 0.735356
endloop
endfacet
facet normal 0.491357 0.598751 0.632507
outer loop
vertex 1.523097 1.034567 0.727778
vertex 1.525000 1.025000 0.735356
vertex 1.529397 1.029397 0.727778
endloop
endfacet
facet normal 0.403618 0.491807 -0.771504
outer loop
vertex 1.515433 1.023097 0.658427
vertex 1.519642 1.029397 0.664645
vertex 1.525000 1.025000 0.664645
endloop
endfacet
facet normal 0.403631 0.491724 -0.771550
outer loop
vertex 1.515433 1.023097 0.658427
vertex 1.525000 1.025000 0.664645
vertex 1.519642 1.019642 0.658427
endloop
endfacet
facet normal 0.560058 0.682465 0.469656
outer loop
vertex 1.525664 1.038409 0.719134
vertex 1.523097 1.034567 0.727778
vertex 1.529397 1.029397 0.727778
endloop
endfacet
facet normal 0.560096 0.682460 0.469618
outer loop
vertex 1.525664 1.038409 0.719134
vertex 1.529397 1.029397 0.727778
vertex 1.532664 1.032664 0.719134
endloop
endfacet
facet normal 0.300232 0.365750 -0.880959
outer loop
vertex 1.510630 1.015909 0.653806
vertex 1.515433 1.023097 0.658427
vertex 1.519642 1.019642 0.658427
endloop
endfacet
facet normal 0.300137 0.365890 -0.880933
outer loop
vertex 1.510630 1.015909 0.653806
vertex 1.519642 1.019642 0.658427
vertex 1.513530 1.013530 0.653806
endloop
endfacet
facet normal 0.607345 0.740020 0.288967
outer loop
vertex 1.527245 1.040774 0.709754
vertex 1.525664 1.038409 0.719134
vertex 1.532664 1.032664 0.719134
endloop
endfacet
facet normal 0.607293 0.740057 0.288982
outer loop
vertex 1.527245 1.040774 0.709754
vertex 1.532664 1.032664 0.719134
vertex 1.534676 1.034676 0.709754
endloop
endfacet
facet normal 0.184955 0.225498 -0.956526
outer loop
vertex 1.505419 1.008110 0.650960
vertex 1.510630 1.015909 0.653806
vertex 1.513530 1.013530 0.653806
endloop
endfacet
facet normal 0.184923 0.225601 -0.956508
outer loop
vertex 1.505419 1.008110 0.650960
vertex 1.513530 1.013530 0.653806
vertex 1.506898 1.006898 0.650960
endloop
endfacet
facet normal 0.631342 0.769347 0.097533
outer loop
vertex 1.527778 1.041573 0.700000
vertex 1.527245 1.040774 0.709754
vertex 1.534676 1.034676 0.709754
endloop
endfacet
facet normal 0.631228 0.769424 0.097659
outer loop
vertex 1.527778 1.041573 0.700000
vertex 1.534676 1.034676 0.709754
vertex 1.535356 1.035356 0.700000
endloop
endfacet
facet normal 0.062408 0.076176 0.995139
outer loop
vertex 1.505419 1.008110 0.749039
vertex 1.500000 1.000000 0.750000
vertex 1.506898 1.006898 0.749039
endloop
endfacet
facet normal 0.062409 0.076114 -0.995144
outer loop
vertex 1.500000 1.000000 0.650000
vertex 1.505419 1.008110 0.650960
vertex 1.506898 1.006898 0.650960
endloop
endfacet
facet normal 0.631253 0.769419 -0.097539
outer loop
vertex 1.527245 1.040774 0.690245
vertex 1.527778 1.041573 0.700000
vertex 1.535356 1.035356 0.700000
endloop
endfacet
facet normal 0.631322 0.769351 -0.097634
outer loop
vertex 1.527245 1.040774 0.690245
vertex 1.535356 1.035356 0.700000
vertex 1.534676 1.034676 0.690245
endloop
endfacet
facet normal 0.184817 0.225514 0.956549
outer loop
vertex 1.510630 1.015909 0.746194
vertex 1.505419 1.008110 0.749039
vertex 1.506898 1.006898 0.749039
endloop
endfacet
facet normal 0.184913 0.225423 0.956552
outer loop
vertex 1.510630 1.015909 0.746194
vertex 1.506898 1.006898 0.749039
vertex 1.513530 1.013530 0.746194
endloop
endfacet
facet normal 0.607299 0.740052 -0.288984
outer loop
vertex 1.525664 1.038409 0.680866
vertex 1.527245 1.040774 0.690245
vertex 1.534676 1.034676 0.690245
endloop
endfacet
facet normal 0.607330 0.740007 -0.289032
outer loop
vertex 1.525664 1.038409 0.680866
vertex 1.534676 1.034676 0.690245
vertex 1.532664 1.032664 0.680866
endloop
endfacet
facet normal 0.740023 0.607330 0.288991
outer loop
vertex 1.534676 1.034676 0.709754
vertex 1.532664 1.032664 0.719134
vertex 1.538409 1.025664 0.719134
endloop
endfacet
facet normal 0.740045 0.607316 0.288965
outer loop
vertex 1.534676 1.034676 0.709754
vertex 1.538409 1.025664 0.719134
vertex 1.540774 1.027245 0.709754
endloop
endfacet
facet normal 0.225489 0.184986 -0.956522
outer loop
vertex 1.506898 1.006898 0.650960
vertex 1.513530 1.013530 0.653806
vertex 1.515909 1.010630 0.653806
endloop
endfacet
facet normal 0.225536 0.184811 -0.956545
outer loop
vertex 1.506898 1.006898 0.650960
vertex 1.515909 1.010630 0.653806
vertex 1.508110 1.005419 0.650960
endloop
endfacet
facet normal 0.769350 0.631320 0.097648
outer loop
vertex 1.535356 1.035356 0.700000
vertex 1.534676 1.034676 0.709754
vertex 1.540774 1.027245 0.709754
endloop
endfacet
facet normal 0.769428 0.631242 0.097539
outer loop
vertex 1.535356 1.035356 0.700000
vertex 1.540774 1.027245 0.709754
vertex 1.541573 1.027778 0.700000
endloop
endfacet
facet normal 0.076196 0.062452 0.995135
outer loop
vertex 1.506898 1.006898 0.749039
vertex 1.500000 1.000000 0.750000
vertex 1.508110 1.005419 0.749039
endloop
endfacet
facet normal 0.076109 0.062390 -0.995146
outer loop
vertex 1.500000 1.000000 0.650000
vertex 1.506898 1.006898 0.650960
vertex 1.508110 1.005419 0.650960
endloop
endfacet
facet normal 0.769418 0.631238 -0.097642
outer loop
vertex 1.534676 1.034676 0.690245
vertex 1.535356 1.035356 0.700000
vertex 1.541573 1.027778 0.700000
endloop
endfacet
facet normal 0.769364 0.631323 -0.097520
outer loop
vertex 1.534676 1.034676 0.690245
vertex 1.541573 1.027778 0.700000
vertex 1.540774 1.027245 0.690245
endloop
endfacet
facet normal 0.225534 0.184800 0.956548
outer loop
vertex 1.513530 1.013530 0.746194
vertex 1.506898 1.006898 0.749039
vertex 1.508110 1.005419 0.749039
endloop
endfacet
facet normal 0.225401 0.184895 0.956561
outer loop
vertex 1.513530 1.013530 0.746194
vertex 1.508110 1.005419 0.749039
vertex 1.515909 1.010630 0.746194
endloop
endfacet
facet normal 0.740035 0.607296 -0.289032
outer loop
vertex 1.532664 1.032664 0.680866
vertex 1.534676 1.034676 0.690245
vertex 1.540774 1.027245 0.690245
endloop
endfacet
facet normal 0.740017 0.607342 -0.288980
outer loop
vertex 1.532664 1.032664 0.680866
vertex 1.540774 1.027245 0.690245
vertex 1.538409 1.025664 0.680866
endloop
endfacet
facet normal 0.365883 0.300126 0.880939
outer loop
vertex 1.519642 1.019642 0.741573
vertex 1.513530 1.013530 0.746194
vertex 1.515909 1.010630 0.746194
endloop
endfacet
facet normal 0.365725 0.300219 0.880973
outer loop
vertex 1.519642 1.019642 0.741573
vertex 1.515909 1.010630 0.746194
vertex 1.523097 1.015433 0.741573
endloop
endfacet
facet normal 0.682471 0.560101 -0.469597
outer loop
vertex 1.529397 1.029397 0.672221
vertex 1.532664 1.032664 0.680866
vertex 1.538409 1.025664 0.680866
endloop
endfacet
facet normal 0.682484 0.560092 -0.469587
outer loop
vertex 1.529397 1.029397 0.672221
vertex 1.538409 1.025664 0.680866
vertex 1.534567 1.023097 0.672221
endloop
endfacet
facet normal 0.491677 0.403617 0.771587
outer loop
vertex 1.525000 1.025000 0.735356
vertex 1.519642 1.019642 0.741573
vertex 1.523097 1.015433 0.741573
endloop
endfacet
facet normal 0.491786 0.403576 0.771540
outer loop
vertex 1.525000 1.025000 0.735356
vertex 1.523097 1.015433 0.741573
vertex 1.529397 1.019642 0.735356
endloop
endfacet
facet normal 0.598688 0.491282 -0.632625
outer loop
vertex 1.525000 1.025000 0.664645
vertex 1.529397 1.029397 0.672221
vertex 1.534567 1.023097 0.672221
endloop
endfacet
facet normal 0.598676 0.491298 -0.632624
outer loop
vertex 1.525000 1.025000 0.664645
vertex 1.534567 1.023097 0.672221
vertex 1.529397 1.019642 0.664645
endloop
endfacet
facet normal 0.598746 0.491351 0.632516
outer loop
vertex 1.529397 1.029397 0.727778
vertex 1.525000 1.025000 0.735356
vertex 1.529397 1.019642 0.735356
endloop
endfacet
facet normal 0.598744 0.491344 0.632524
outer loop
vertex 1.529397 1.029397 0.727778
vertex 1.529397 1.019642 0.735356
vertex 1.534567 1.023097 0.727778
endloop
endfacet
facet normal 0.491790 0.403572 -0.771539
outer loop
vertex 1.519642 1.019642 0.658427
vertex 1.525000 1.025000 0.664645
vertex 1.529397 1.019642 0.664645
endloop
endfacet
facet normal 0.491782 0.403702 -0.771476
outer loop
vertex 1.519642 1.019642 0.658427
vertex 1.529397 1.019642 0.664645
vertex 1.523097 1.015433 0.658427
endloop
endfacet
facet normal 0.682479 0.560078 0.469611
outer loop
vertex 1.532664 1.032664 0.719134
vertex 1.529397 1.029397 0.727778
vertex 1.534567 1.023097 0.727778
endloop
endfacet
facet normal 0.682431 0.560102 0.469654
outer loop
vertex 1.532664 1.032664 0.719134
vertex 1.534567 1.023097 0.727778
vertex 1.538409 1.025664 0.719134
endloop
endfacet
facet normal 0.365763 0.300257 -0.880945
outer loop
vertex 1.513530 1.013530 0.653806
vertex 1.519642 1.019642 0.658427
vertex 1.523097 1.015433 0.658427
endloop
endfacet
facet normal 0.365830 0.300098 -0.880971
outer loop
vertex 1.513530 1.013530 0.653806
vertex 1.523097 1.015433 0.658427
vertex 1.515909 1.010630 0.653806
endloop
endfacet
facet normal 0.778664 0.416104 -0.469616
outer loop
vertex 1.534567 1.023097 0.672221
vertex 1.538409 1.025664 0.680866
vertex 1.542677 1.017677 0.680866
endloop
endfacet
facet normal 0.778659 0.416198 -0.469542
outer loop
vertex 1.534567 1.023097 0.672221
vertex 1.542677 1.017677 0.680866
vertex 1.538409 1.015909 0.672221
endloop
endfacet
facet normal 0.561058 0.299826 0.771569
outer loop
vertex 1.529397 1.019642 0.735356
vertex 1.523097 1.015433 0.741573
vertex 1.525664 1.010630 0.741573
endloop
endfacet
facet normal 0.561025 0.299897 0.771565
outer loop
vertex 1.529397 1.019642 0.735356
vertex 1.525664 1.010630 0.741573
vertex 1.532664 1.013530 0.735356
endloop
endfacet
facet normal 0.683040 0.365087 -0.632588
outer loop
vertex 1.529397 1.019642 0.664645
vertex 1.534567 1.023097 0.672221
vertex 1.538409 1.015909 0.672221
endloop
endfacet
facet normal 0.683014 0.365089 -0.632615
outer loop
vertex 1.529397 1.019642 0.664645
vertex 1.538409 1.015909 0.672221
vertex 1.532664 1.013530 0.664645
endloop
endfacet
facet normal 0.683103 0.365122 0.632500
outer loop
vertex 1.534567 1.023097 0.727778
vertex 1.529397 1.019642 0.735356
vertex 1.532664 1.013530 0.735356
endloop
endfacet
facet normal 0.683096 0.365138 0.632498
outer loop
vertex 1.534567 1.023097 0.727778
vertex 1.532664 1.013530 0.735356
vertex 1.538409 1.015909 0.727778
endloop
endfacet
facet normal 0.561091 0.299912 -0.771512
outer loop
vertex 1.523097 1.015433 0.658427
vertex 1.529397 1.019642 0.664645
vertex 1.532664 1.013530 0.664645
endloop
endfacet
facet normal 0.561097 0.299868 -0.771524
outer loop
vertex 1.523097 1.015433 0.658427
vertex 1.532664 1.013530 0.664645
vertex 1.525664 1.010630 0.658427
endloop
endfacet
facet normal 0.778618 0.416152 0.469650
outer loop
vertex 1.538409 1.025664 0.719134
vertex 1.534567 1.023097 0.727778
vertex 1.538409 1.015909 0.727778
endloop
endfacet
facet normal 0.778669 0.416113 0.469601
outer loop
vertex 1.538409 1.025664 0.719134
vertex 1.538409 1.015909 0.727778
vertex 1.542677 1.017677 0.719134
endloop
endfacet
facet normal 0.417325 0.223044 -0.880960
outer loop
vertex 1.515909 1.010630 0.653806
vertex 1.523097 1.015433 0.658427
vertex 1.525664 1.010630 0.658427
endloop
endfacet
facet normal 0.417311 0.223027 -0.880971
outer loop
vertex 1.515909 1.010630 0.653806
vertex 1.525664 1.010630 0.658427
vertex 1.517677 1.007322 0.653806
endloop
endfacet
facet normal 0.844358 0.451196 0.288933
outer loop
vertex 1.540774 1.027245 0.709754
vertex 1.538409 1.025664 0.719134
vertex 1.542677 1.017677 0.719134
endloop
endfacet
facet normal 0.844227 0.451337 0.289094
outer loop
vertex 1.540774 1.027245 0.709754
vertex 1.542677 1.017677 0.719134
vertex 1.545307 1.018766 0.709754
endloop
endfacet
facet normal 0.257202 0.137456 -0.956532
outer loop
vertex 1.508110 1.005419 0.650960
vertex 1.515909 1.010630 0.653806
vertex 1.517677 1.007322 0.653806
endloop
endfacet
facet normal 0.257173 0.137608 -0.956518
outer loop
vertex 1.508110 1.005419 0.650960
vertex 1.517677 1.007322 0.653806
vertex 1.509012 1.003733 0.650960
endloop
endfacet
facet normal 0.877669 0.469235 0.097547
outer loop
vertex 1.541573 1.027778 0.700000
vertex 1.540774 1.027245 0.709754
vertex 1.545307 1.018766 0.709754
endloop
endfacet
facet normal 0.877698 0.469185 0.097524
outer loop
vertex 1.541573 1.027778 0.700000
vertex 1.545307 1.018766 0.709754
vertex 1.546194 1.019134 0.700000
endloop
endfacet
facet normal 0.086872 0.046469 0.995135
outer loop
vertex 1.508110 1.005419 0.749039
vertex 1.500000 1.000000 0.750000
vertex 1.509012 1.003733 0.749039
endloop
endfacet
facet normal 0.086752 0.046422 -0.995148
outer loop
vertex 1.500000 1.000000 0.650000
vertex 1.508110 1.005419 0.650960
vertex 1.509012 1.003733 0.650960
endloop
endfacet
facet normal 0.877689 0.469200 -0.097539
outer loop
vertex 1.540774 1.027245 0.690245
vertex 1.541573 1.027778 0.700000
vertex 1.546194 1.019134 0.700000
endloop
endfacet
facet normal 0.877675 0.469232 -0.097510
outer loop
vertex 1.540774 1.027245 0.690245
vertex 1.546194 1.019134 0.700000
vertex 1.545307 1.018766 0.690245
endloop
endfacet
facet normal 0.257047 0.137551 0.956560
outer loop
vertex 1.515909 1.010630 0.746194
vertex 1.508110 1.005419 0.749039
vertex 1.509012 1.003733 0.749039
endloop
endfacet
facet normal 0.257153 0.137438 0.956547
outer loop
vertex 1.515909 1.010630 0.746194
vertex 1.509012 1.003733 0.749039
vertex 1.517677 1.007322 0.746194
endloop
endfacet
facet normal 0.844268 0.451331 -0.288983
outer loop
vertex 1.538409 1.025664 0.680866
vertex 1.540774 1.027245 0.690245
vertex 1.545307 1.018766 0.690245
endloop
endfacet
facet normal 0.844294 0.451196 -0.289120
outer loop
vertex 1.538409 1.025664 0.680866
vertex 1.545307 1.018766 0.690245
vertex 1.542677 1.017677 0.680866
endloop
endfacet
facet normal 0.417327 0.223010 0.880968
outer loop
vertex 1.523097 1.015433 0.741573
vertex 1.515909 1.010630 0.746194
vertex 1.517677 1.007322 0.746194
endloop
endfacet
facet normal 0.417302 0.223036 0.880973
outer loop
vertex 1.523097 1.015433 0.741573
vertex 1.517677 1.007322 0.746194
vertex 1.525664 1.010630 0.741573
endloop
endfacet
facet normal 0.279096 0.084685 -0.956522
outer loop
vertex 1.509012 1.003733 0.650960
vertex 1.517677 1.007322 0.653806
vertex 1.518766 1.003733 0.653806
endloop
endfacet
facet normal 0.279071 0.084693 -0.956528
outer loop
vertex 1.509012 1.003733 0.650960
vertex 1.518766 1.003733 0.653806
vertex 1.509567 1.001903 0.650960
endloop
endfacet
facet normal 0.952395 0.288856 0.097501
outer loop
vertex 1.546194 1.019134 0.700000
vertex 1.545307 1.018766 0.709754
vertex 1.548097 1.009567 0.709754
endloop
endfacet
facet normal 0.952392 0.288859 0.097515
outer loop
vertex 1.546194 1.019134 0.700000
vertex 1.548097 1.009567 0.709754
vertex 1.549039 1.009754 0.700000
endloop
endfacet
facet normal 0.094271 0.028586 0.995136
outer loop
vertex 1.509012 1.003733 0.749039
vertex 1.500000 1.000000 0.750000
vertex 1.509567 1.001903 0.749039
endloop
endfacet
facet normal 0.094193 0.028560 -0.995144
outer loop
vertex 1.500000 1.000000 0.650000
vertex 1.509012 1.003733 0.650960
vertex 1.509567 1.001903 0.650960
endloop
endfacet
facet normal 0.952392 0.288868 -0.097493
outer loop
vertex 1.545307 1.018766 0.690245
vertex 1.546194 1.019134 0.700000
vertex 1.549039 1.009754 0.700000
endloop
endfacet
facet normal 0.952398 0.288845 -0.097503
outer loop
vertex 1.545307 1.018766 0.690245
vertex 1.549039 1.009754 0.700000
vertex 1.548097 1.009567 0.690245
endloop
endfacet
facet normal 0.279041 0.084657 0.956540
outer loop
vertex 1.517677 1.007322 0.746194
vertex 1.509012 1.003733 0.749039
vertex 1.509567 1.001903 0.749039
endloop
endfacet
facet normal 0.278981 0.084658 0.956558
outer loop
vertex 1.517677 1.007322 0.746194
vertex 1.509567 1.001903 0.749039
vertex 1.518766 1.003733 0.746194
endloop
endfacet
facet normal 0.916085 0.277832 -0.289134
outer loop
vertex 1.542677 1.017677 0.680866
vertex 1.545307 1.018766 0.690245
vertex 1.548097 1.009567 0.690245
endloop
endfacet
facet normal 0.916072 0.278051 -0.288964
outer loop
vertex 1.542677 1.017677 0.680866
vertex 1.548097 1.009567 0.690245
vertex 1.545307 1.009012 0.680866
endloop
endfacet
facet normal 0.452787 0.137398 0.880969
outer loop
vertex 1.525664 1.010630 0.741573
vertex 1.517677 1.007322 0.746194
vertex 1.518766 1.003733 0.746194
endloop
endfacet
facet normal 0.452810 0.137375 0.880960
outer loop
vertex 1.525664 1.010630 0.741573
vertex 1.518766 1.003733 0.746194
vertex 1.527245 1.005419 0.741573
endloop
endfacet
facet normal 0.844861 0.256394 -0.469545
outer loop
vertex 1.538409 1.015909 0.672221
vertex 1.542677 1.017677 0.680866
vertex 1.545307 1.009012 0.680866
endloop
endfacet
facet normal 0.844826 0.256205 -0.469710
outer loop
vertex 1.538409 1.015909 0.672221
vertex 1.545307 1.009012 0.680866
vertex 1.540774 1.008110 0.672221
endloop
endfacet
facet normal 0.608760 0.184694 0.771557
outer loop
vertex 1.532664 1.013530 0.735356
vertex 1.525664 1.010630 0.741573
vertex 1.527245 1.005419 0.741573
endloop
endfacet
facet normal 0.608756 0.184695 0.771560
outer loop
vertex 1.532664 1.013530 0.735356
vertex 1.527245 1.005419 0.741573
vertex 1.534676 1.006898 0.735356
endloop
endfacet
facet normal 0.741155 0.224746 -0.632596
outer loop
vertex 1.532664 1.013530 0.664645
vertex 1.538409 1.015909 0.672221
vertex 1.540774 1.008110 0.672221
endloop
endfacet
facet normal 0.741161 0.224862 -0.632549
outer loop
vertex 1.532664 1.013530 0.664645
vertex 1.540774 1.008110 0.672221
vertex 1.534676 1.006898 0.664645
endloop
endfacet
facet normal 0.741205 0.224817 0.632512
outer loop
vertex 1.538409 1.015909 0.727778
vertex 1.532664 1.013530 0.735356
vertex 1.534676 1.006898 0.735356
endloop
endfacet
facet normal 0.741260 0.224814 0.632449
outer loop
vertex 1.538409 1.015909 0.727778
vertex 1.534676 1.006898 0.735356
vertex 1.540774 1.008110 0.727778
endloop
endfacet
facet normal 0.608835 0.184713 -0.771493
outer loop
vertex 1.525664 1.010630 0.658427
vertex 1.532664 1.013530 0.664645
vertex 1.534676 1.006898 0.664645
endloop
endfacet
facet normal 0.608787 0.184748 -0.771522
outer loop
vertex 1.525664 1.010630 0.658427
vertex 1.534676 1.006898 0.664645
vertex 1.527245 1.005419 0.658427
endloop
endfacet
facet normal 0.844901 0.256204 0.469577
outer loop
vertex 1.542677 1.017677 0.719134
vertex 1.538409 1.015909 0.727778
vertex 1.540774 1.008110 0.727778
endloop
endfacet
facet normal 0.844748 0.256395 0.469746
outer loop
vertex 1.542677 1.017677 0.719134
vertex 1.540774 1.008110 0.727778
vertex 1.545307 1.009012 0.719134
endloop
endfacet
facet normal 0.452811 0.137371 -0.880960
outer loop
vertex 1.517677 1.007322 0.653806
vertex 1.525664 1.010630 0.658427
vertex 1.527245 1.005419 0.658427
endloop
endfacet
facet normal 0.452795 0.137403 -0.880964
outer loop
vertex 1.517677 1.007322 0.653806
vertex 1.527245 1.005419 0.658427
vertex 1.518766 1.003733 0.653806
endloop
endfacet
facet normal 0.916028 0.278042 0.289110
outer loop
vertex 1.545307 1.018766 0.709754
vertex 1.542677 1.017677 0.719134
vertex 1.545307 1.009012 0.719134
endloop
endfacet
facet normal 0.916139 0.277859 0.288934
outer loop
vertex 1.545307 1.018766 0.709754
vertex 1.545307 1.009012 0.719134
vertex 1.548097 1.009567 0.709754
endloop
endfacet
facet normal 0.770776 0.075942 -0.632564
outer loop
vertex 1.534676 1.006898 0.664645
vertex 1.540774 1.008110 0.672221
vertex 1.541573 1.000000 0.672221
endloop
endfacet
facet normal 0.770795 0.075992 -0.632535
outer loop
vertex 1.534676 1.006898 0.664645
vertex 1.541573 1.000000 0.672221
vertex 1.535356 1.000000 0.664645
endloop
endfacet
facet normal 0.770853 0.075977 0.632466
outer loop
vertex 1.540774 1.008110 0.727778
vertex 1.534676 1.006898 0.735356
vertex 1.535356 1.000000 0.735356
endloop
endfacet
facet normal 0.770883 0.075978 0.632430
outer loop
vertex 1.540774 1.008110 0.727778
vertex 1.535356 1.000000 0.735356
vertex 1.541573 1.000000 0.727778
endloop
endfacet
facet normal 0.633158 0.062388 -0.771504
outer loop
vertex 1.527245 1.005419 0.658427
vertex 1.534676 1.006898 0.664645
vertex 1.535356 1.000000 0.664645
endloop
endfacet
facet normal 0.633091 0.062295 -0.771567
outer loop
vertex 1.527245 1.005419 0.658427
vertex 1.535356 1.000000 0.664645
vertex 1.527778 1.000000 0.658427
endloop
endfacet
facet normal 0.878541 0.086555 0.469759
outer loop
vertex 1.545307 1.009012 0.719134
vertex 1.540774 1.008110 0.727778
vertex 1.541573 1.000000 0.727778
endloop
endfacet
facet normal 0.878595 0.086469 0.469675
outer loop
vertex 1.545307 1.009012 0.719134
vertex 1.541573 1.000000 0.727778
vertex 1.546194 1.000000 0.719134
endloop
endfacet
facet normal 0.470917 0.046324 -0.880961
outer loop
vertex 1.518766 1.003733 0.653806
vertex 1.527245 1.005419 0.658427
vertex 1.527778 1.000000 0.658427
endloop
endfacet
facet normal 0.470933 0.046453 -0.880945
outer loop
vertex 1.518766 1.003733 0.653806
vertex 1.527778 1.000000 0.658427
vertex 1.519134 1.000000 0.653806
endloop
endfacet
facet normal 0.952747 0.093757 0.288933
outer loop
vertex 1.548097 1.009567 0.709754
vertex 1.545307 1.009012 0.719134
vertex 1.546194 1.000000 0.719134
endloop
endfacet
facet normal 0.952730 0.093813 0.288972
outer loop
vertex 1.548097 1.009567 0.709754
vertex 1.546194 1.000000 0.719134
vertex 1.549039 1.000000 0.709754
endloop
endfacet
facet normal 0.290254 0.028599 -0.956522
outer loop
vertex 1.509567 1.001903 0.650960
vertex 1.518766 1.003733 0.653806
vertex 1.519134 1.000000 0.653806
endloop
endfacet
facet normal 0.290210 0.028495 -0.956539
outer loop
vertex 1.509567 1.001903 0.650960
vertex 1.519134 1.000000 0.653806
vertex 1.509754 1.000000 0.650960
endloop
endfacet
facet normal 0.990444 0.097524 0.097520
outer loop
vertex 1.549039 1.009754 0.700000
vertex 1.548097 1.009567 0.709754
vertex 1.549039 1.000000 0.709754
endloop
endfacet
facet normal 0.990431 0.097594 0.097577
outer loop
vertex 1.549039 1.009754 0.700000
vertex 1.549039 1.000000 0.709754
vertex 1.550000 1.000000 0.700000
endloop
endfacet
facet normal 0.098043 0.009636 0.995135
outer loop
vertex 1.509567 1.001903 0.749039
vertex 1.500000 1.000000 0.750000
vertex 1.509754 1.000000 0.749039
endloop
endfacet
facet normal 0.097932 0.009623 -0.995147
outer loop
vertex 1.500000 1.000000 0.650000
vertex 1.509567 1.001903 0.650960
vertex 1.509754 1.000000 0.650960
endloop
endfacet
facet normal 0.990441 0.097565 -0.097511
outer loop
vertex 1.548097 1.009567 0.690245
vertex 1.549039 1.009754 0.700000
vertex 1.550000 1.000000 0.700000
endloop
endfacet
facet normal 0.990436 0.097553 -0.097567
outer loop
vertex 1.548097 1.009567 0.690245
vertex 1.550000 1.000000 0.700000
vertex 1.549039 1.000000 0.690245
endloop
endfacet
facet normal 0.290185 0.028501 0.956546
outer loop
vertex 1.518766 1.003733 0.746194
vertex 1.509567 1.001903 0.749039
vertex 1.509754 1.000000 0.749039
endloop
endfacet
facet normal 0.290140 0.028573 0.956558
outer loop
vertex 1.518766 1.003733 0.746194
vertex 1.509754 1.000000 0.749039
vertex 1.519134 1.000000 0.746194
endloop
endfacet
facet normal 0.952734 0.093803 -0.288960
outer loop
vertex 1.545307 1.009012 0.680866
vertex 1.548097 1.009567 0.690245
vertex 1.549039 1.000000 0.690245
endloop
endfacet
facet normal 0.952725 0.093766 -0.289004
outer loop
vertex 1.545307 1.009012 0.680866
vertex 1.549039 1.000000 0.690245
vertex 1.546194 1.000000 0.680866
endloop
endfacet
facet normal 0.470861 0.046423 0.880985
outer loop
vertex 1.527245 1.005419 0.741573
vertex 1.518766 1.003733 0.746194
vertex 1.519134 1.000000 0.746194
endloop
endfacet
facet normal 0.470948 0.046345 0.880943
outer loop
vertex 1.527245 1.005419 0.741573
vertex 1.519134 1.000000 0.746194
vertex 1.527778 1.000000 0.741573
endloop
endfacet
facet normal 0.878579 0.086477 -0.469702
outer loop
vertex 1.540774 1.008110 0.672221
vertex 1.545307 1.009012 0.680866
vertex 1.546194 1.000000 0.680866
endloop
endfacet
facet normal 0.878603 0.086575 -0.469640
outer loop
vertex 1.540774 1.008110 0.672221
vertex 1.546194 1.000000 0.680866
vertex 1.541573 1.000000 0.672221
endloop
endfacet
facet normal 0.633115 0.062237 0.771551
outer loop
vertex 1.534676 1.006898 0.735356
vertex 1.527245 1.005419 0.741573
vertex 1.527778 1.000000 0.741573
endloop
endfacet
facet normal 0.633030 0.062441 0.771605
outer loop
vertex 1.534676 1.006898 0.735356
vertex 1.527778 1.000000 0.741573
vertex 1.535356 1.000000 0.735356
endloop
endfacet
facet normal 0.098031 -0.009636 0.995137
outer loop
vertex 1.509754 1.000000 0.749039
vertex 1.500000 1.000000 0.750000
vertex 1.509567 0.998097 0.749039
endloop
endfacet
facet normal 0.097932 -0.009623 -0.995147
outer loop
vertex 1.500000 1.000000 0.650000
vertex 1.509754 1.000000 0.650960
vertex 1.509567 0.998097 0.650960
endloop
endfacet
facet normal 0.990435 -0.097572 -0.097565
outer loop
vertex 1.549039 1.000000 0.690245
vertex 1.550000 1.000000 0.700000
vertex 1.549039 0.990245 0.700000
endloop
endfacet
facet normal 0.990443 -0.097534 -0.097522
outer loop
vertex 1.549039 1.000000 0.690245
vertex 1.549039 0.990245 0.700000
vertex 1.548097 0.990433 0.690245
endloop
endfacet
facet normal 0.290118 -0.028495 0.956567
outer loop
vertex 1.519134 1.000000 0.746194
vertex 1.509754 1.000000 0.749039
vertex 1.509567 0.998097 0.749039
endloop
endfacet
facet normal 0.290174 -0.028575 0.956547
outer loop
vertex 1.519134 1.000000 0.746194
vertex 1.509567 0.998097 0.749039
vertex 1.518766 0.996267 0.746194
endloop
endfacet
facet normal 0.952723 -0.093802 -0.288999
outer loop
vertex 1.546194 1.000000 0.680866
vertex 1.549039 1.000000 0.690245
vertex 1.548097 0.990433 0.690245
endloop
endfacet
facet normal 0.952736 -0.093767 -0.288966
outer loop
vertex 1.546194 1.000000 0.680866
vertex 1.548097 0.990433 0.690245
vertex 1.545307 0.990988 0.680866
endloop
endfacet
facet normal 0.470933 -0.046454 0.880945
outer loop
vertex 1.527778 1.000000 0.741573
vertex 1.519134 1.000000 0.746194
vertex 1.518766 0.996267 0.746194
endloop
endfacet
facet normal 0.470901 -0.046323 0.880969
outer loop
vertex 1.527778 1.000000 0.741573
vertex 1.518766 0.996267 0.746194
vertex 1.527245 0.994581 0.741573
endloop
endfacet
facet normal 0.878620 -0.086460 -0.469629
outer loop
vertex 1.541573 1.000000 0.672221
vertex 1.546194 1.000000 0.680866
vertex 1.545307 0.990988 0.680866
endloop
endfacet
facet normal 0.878555 -0.086595 -0.469726
outer loop
vertex 1.541573 1.000000 0.672221
vertex 1.545307 0.990988 0.680866
vertex 1.540774 0.991890 0.672221
endloop
endfacet
facet normal 0.633036 -0.062299 0.771612
outer loop
vertex 1.535356 1.000000 0.735356
vertex 1.527778 1.000000 0.741573
vertex 1.527245 0.994581 0.741573
endloop
endfacet
facet normal 0.633095 -0.062401 0.771555
outer loop
vertex 1.535356 1.000000 0.735356
vertex 1.527245 0.994581 0.741573
vertex 1.534676 0.993103 0.735356
endloop
endfacet
facet normal 0.770797 -0.075967 -0.632535
outer loop
vertex 1.535356 1.000000 0.664645
vertex 1.541573 1.000000 0.672221
vertex 1.540774 0.991890 0.672221
endloop
endfacet
facet normal 0.770759 -0.075971 -0.632581
outer loop
vertex 1.535356 1.000000 0.664645
vertex 1.540774 0.991890 0.672221
vertex 1.534676 0.993103 0.664645
endloop
endfacet
facet normal 0.770876 -0.076018 0.632433
outer loop
vertex 1.541573 1.000000 0.727778
vertex 1.535356 1.000000 0.735356
vertex 1.534676 0.993103 0.735356
endloop
endfacet
facet normal 0.770853 -0.075953 0.632469
outer loop
vertex 1.541573 1.000000 0.727778
vertex 1.534676 0.993103 0.735356
vertex 1.540774 0.991890 0.727778
endloop
endfacet
facet normal 0.633097 -0.062445 -0.771550
outer loop
vertex 1.527778 1.000000 0.658427
vertex 1.535356 1.000000 0.664645
vertex 1.534676 0.993103 0.664645
endloop
endfacet
facet normal 0.633171 -0.062233 -0.771506
outer loop
vertex 1.527778 1.000000 0.658427
vertex 1.534676 0.993103 0.664645
vertex 1.527245 0.994581 0.658427
endloop
endfacet
facet normal 0.878583 -0.086583 0.469676
outer loop
vertex 1.546194 1.000000 0.719134
vertex 1.541573 1.000000 0.727778
vertex 1.540774 0.991890 0.727778
endloop
endfacet
facet normal 0.878556 -0.086444 0.469751
outer loop
vertex 1.546194 1.000000 0.719134
vertex 1.540774 0.991890 0.727778
vertex 1.545307 0.990988 0.719134
endloop
endfacet
facet normal 0.470953 -0.046346 -0.880940
outer loop
vertex 1.519134 1.000000 0.653806
vertex 1.527778 1.000000 0.658427
vertex 1.527245 0.994581 0.658427
endloop
endfacet
facet normal 0.470880 -0.046421 -0.880975
outer loop
vertex 1.519134 1.000000 0.653806
vertex 1.527245 0.994581 0.658427
vertex 1.518766 0.996267 0.653806
endloop
endfacet
facet normal 0.952736 -0.093755 0.288971
outer loop
vertex 1.549039 1.000000 0.709754
vertex 1.546194 1.000000 0.719134
vertex 1.545307 0.990988 0.719134
endloop
endfacet
facet normal 0.952742 -0.093814 0.288933
outer loop
vertex 1.549039 1.000000 0.709754
vertex 1.545307 0.990988 0.719134
vertex 1.548097 0.990433 0.709754
endloop
endfacet
facet normal 0.290226 -0.028596 -0.956531
outer loop
vertex 1.509754 1.000000 0.650960
vertex 1.519134 1.000000 0.653806
vertex 1.518766 0.996267 0.653806
endloop
endfacet
facet normal 0.290254 -0.028500 -0.956525
outer loop
vertex 1.509754 1.000000 0.650960
vertex 1.518766 0.996267 0.653806
vertex 1.509567 0.998097 0.650960
endloop
endfacet
facet normal 0.990436 -0.097543 0.097576
outer loop
vertex 1.550000 1.000000 0.700000
vertex 1.549039 1.000000 0.709754
vertex 1.548097 0.990433 0.709754
endloop
endfacet
facet normal 0.990439 -0.097564 0.097532
outer loop
vertex 1.550000 1.000000 0.700000
vertex 1.548097 0.990433 0.709754
vertex 1.549039 0.990245 0.700000
endloop
endfacet
facet normal 0.741236 -0.224848 0.632465
outer loop
vertex 1.540774 0.991890 0.727778
vertex 1.534676 0.993103 0.735356
vertex 1.532664 0.986470 0.735356
endloop
endfacet
facet normal 0.741237 -0.224756 0.632497
outer loop
vertex 1.540774 0.991890 0.727778
vertex 1.532664 0.986470 0.735356
vertex 1.538409 0.984091 0.727778
endloop
endfacet
facet normal 0.608847 -0.184715 -0.771483
outer loop
vertex 1.527245 0.994581 0.658427
vertex 1.534676 0.993103 0.664645
vertex 1.532664 0.986470 0.664645
endloop
endfacet
facet normal 0.608821 -0.184689 -0.771509
outer loop
vertex 1.527245 0.994581 0.658427
vertex 1.532664 0.986470 0.664645
vertex 1.525664 0.989369 0.658427
endloop
endfacet
facet normal 0.844808 -0.256199 0.469747
outer loop
vertex 1.545307 0.990988 0.719134
vertex 1.540774 0.991890 0.727778
vertex 1.538409 0.984091 0.727778
endloop
endfacet
facet normal 0.844825 -0.256369 0.469622
outer loop
vertex 1.545307 0.990988 0.719134
vertex 1.538409 0.984091 0.727778
vertex 1.542677 0.982322 0.719134
endloop
endfacet
facet normal 0.452811 -0.137344 -0.880965
outer loop
vertex 1.518766 0.996267 0.653806
vertex 1.527245 0.994581 0.658427
vertex 1.525664 0.989369 0.658427
endloop
endfacet
facet normal 0.452789 -0.137364 -0.880973
outer loop
vertex 1.518766 0.996267 0.653806
vertex 1.525664 0.989369 0.658427
vertex 1.517677 0.992677 0.653806
endloop
endfacet
facet normal 0.916089 -0.278029 0.288929
outer loop
vertex 1.548097 0.990433 0.709754
vertex 1.545307 0.990988 0.719134
vertex 1.542677 0.982322 0.719134
endloop
endfacet
facet normal 0.916099 -0.277844 0.289076
outer loop
vertex 1.548097 0.990433 0.709754
vertex 1.542677 0.982322 0.719134
vertex 1.545307 0.981234 0.709754
endloop
endfacet
facet normal 0.279077 -0.084686 -0.956527
outer loop
vertex 1.509567 0.998097 0.650960
vertex 1.518766 0.996267 0.653806
vertex 1.517677 0.992677 0.653806
endloop
endfacet
facet normal 0.279083 -0.084643 -0.956529
outer loop
vertex 1.509567 0.998097 0.650960
vertex 1.517677 0.992677 0.653806
vertex 1.509012 0.996267 0.650960
endloop
endfacet
facet normal 0.952392 -0.288852 0.097544
outer loop
vertex 1.549039 0.990245 0.700000
vertex 1.548097 0.990433 0.709754
vertex 1.545307 0.981234 0.709754
endloop
endfacet
facet normal 0.952384 -0.288893 0.097499
outer loop
vertex 1.549039 0.990245 0.700000
vertex 1.545307 0.981234 0.709754
vertex 1.546194 0.980866 0.700000
endloop
endfacet
facet normal 0.094271 -0.028586 0.995136
outer loop
vertex 1.509567 0.998097 0.749039
vertex 1.500000 1.000000 0.750000
vertex 1.509012 0.996267 0.749039
endloop
endfacet
facet normal 0.094193 -0.028560 -0.995144
outer loop
vertex 1.500000 1.000000 0.650000
vertex 1.509567 0.998097 0.650960
vertex 1.509012 0.996267 0.650960
endloop
endfacet
facet normal 0.952379 -0.288897 -0.097532
outer loop
vertex 1.548097 0.990433 0.690245
vertex 1.549039 0.990245 0.700000
vertex 1.546194 0.980866 0.700000
endloop
endfacet
facet normal 0.952400 -0.288844 -0.097489
outer loop
vertex 1.548097 0.990433 0.690245
vertex 1.546194 0.980866 0.700000
vertex 1.545307 0.981234 0.690245
endloop
endfacet
facet normal 0.278999 -0.084641 0.956554
outer loop
vertex 1.518766 0.996267 0.746194
vertex 1.509567 0.998097 0.749039
vertex 1.509012 0.996267 0.749039
endloop
endfacet
facet normal 0.279003 -0.084640 0.956553
outer loop
vertex 1.518766 0.996267 0.746194
vertex 1.509012 0.996267 0.749039
vertex 1.517677 0.992677 0.746194
endloop
endfacet
facet normal 0.916133 -0.277849 -0.288965
outer loop
vertex 1.545307 0.990988 0.680866
vertex 1.548097 0.990433 0.690245
vertex 1.545307 0.981234 0.690245
endloop
endfacet
facet normal 0.916038 -0.278006 -0.289116
outer loop
vertex 1.545307 0.990988 0.680866
vertex 1.545307 0.981234 0.690245
vertex 1.542677 0.982322 0.680866
endloop
endfacet
facet normal 0.452799 -0.137368 0.880967
outer loop
vertex 1.527245 0.994581 0.741573
vertex 1.518766 0.996267 0.746194
vertex 1.517677 0.992677 0.746194
endloop
endfacet
facet normal 0.452796 -0.137344 0.880973
outer loop
vertex 1.527245 0.994581 0.741573
vertex 1.517677 0.992677 0.746194
vertex 1.525664 0.989369 0.741573
endloop
endfacet
facet normal 0.844780 -0.256365 -0.469705
outer loop
vertex 1.540774 0.991890 0.672221
vertex 1.545307 0.990988 0.680866
vertex 1.542677 0.982322 0.680866
endloop
endfacet
facet normal 0.844911 -0.256202 -0.469560
outer loop
vertex 1.540774 0.991890 0.672221
vertex 1.542677 0.982322 0.680866
vertex 1.538409 0.984091 0.672221
endloop
endfacet
facet normal 0.608764 -0.184698 0.771552
outer loop
vertex 1.534676 0.993103 0.735356
vertex 1.527245 0.994581 0.741573
vertex 1.525664 0.989369 0.741573
endloop
endfacet
facet normal 0.608783 -0.184648 0.771550
outer loop
vertex 1.534676 0.993103 0.735356
vertex 1.525664 0.989369 0.741573
vertex 1.532664 0.986470 0.735356
endloop
endfacet
facet normal 0.741181 -0.224774 -0.632556
outer loop
vertex 1.534676 0.993103 0.664645
vertex 1.540774 0.991890 0.672221
vertex 1.538409 0.984091 0.672221
endloop
endfacet
facet normal 0.741130 -0.224797 -0.632608
outer loop
vertex 1.534676 0.993103 0.664645
vertex 1.538409 0.984091 0.672221
vertex 1.532664 0.986470 0.664645
endloop
endfacet
facet normal 0.877722 -0.469147 -0.097493
outer loop
vertex 1.545307 0.981234 0.690245
vertex 1.546194 0.980866 0.700000
vertex 1.541573 0.972221 0.700000
endloop
endfacet
facet normal 0.877658 -0.469247 -0.097583
outer loop
vertex 1.545307 0.981234 0.690245
vertex 1.541573 0.972221 0.700000
vertex 1.540774 0.972755 0.690245
endloop
endfacet
facet normal 0.257082 -0.137556 0.956550
outer loop
vertex 1.517677 0.992677 0.746194
vertex 1.509012 0.996267 0.749039
vertex 1.508110 0.994581 0.749039
endloop
endfacet
facet normal 0.257104 -0.137419 0.956564
outer loop
vertex 1.517677 0.992677 0.746194
vertex 1.508110 0.994581 0.749039
vertex 1.515909 0.989369 0.746194
endloop
endfacet
facet normal 0.844231 -0.451336 -0.289083
outer loop
vertex 1.542677 0.982322 0.680866
vertex 1.545307 0.981234 0.690245
vertex 1.540774 0.972755 0.690245
endloop
endfacet
facet normal 0.844319 -0.451245 -0.288970
outer loop
vertex 1.542677 0.982322 0.680866
vertex 1.540774 0.972755 0.690245
vertex 1.538409 0.974336 0.680866
endloop
endfacet
facet normal 0.417325 -0.223034 0.880963
outer loop
vertex 1.525664 0.989369 0.741573
vertex 1.517677 0.992677 0.746194
vertex 1.515909 0.989369 0.746194
endloop
endfacet
facet normal 0.417309 -0.223069 0.880962
outer loop
vertex 1.525664 0.989369 0.741573
vertex 1.515909 0.989369 0.746194
vertex 1.523097 0.984567 0.741573
endloop
endfacet
facet normal 0.778655 -0.416165 -0.469577
outer loop
vertex 1.538409 0.984091 0.672221
vertex 1.542677 0.982322 0.680866
vertex 1.538409 0.974336 0.680866
endloop
endfacet
facet normal 0.778630 -0.416169 -0.469616
outer loop
vertex 1.538409 0.984091 0.672221
vertex 1.538409 0.974336 0.680866
vertex 1.534567 0.976903 0.672221
endloop
endfacet
facet normal 0.561044 -0.299919 0.771543
outer loop
vertex 1.532664 0.986470 0.735356
vertex 1.525664 0.989369 0.741573
vertex 1.523097 0.984567 0.741573
endloop
endfacet
facet normal 0.561045 -0.299836 0.771575
outer loop
vertex 1.532664 0.986470 0.735356
vertex 1.523097 0.984567 0.741573
vertex 1.529397 0.980357 0.735356
endloop
endfacet
facet normal 0.683020 -0.365089 -0.632609
outer loop
vertex 1.532664 0.986470 0.664645
vertex 1.538409 0.984091 0.672221
vertex 1.534567 0.976903 0.672221
endloop
endfacet
facet normal 0.683078 -0.365059 -0.632563
outer loop
vertex 1.532664 0.986470 0.664645
vertex 1.534567 0.976903 0.672221
vertex 1.529397 0.980357 0.664645
endloop
endfacet
facet normal 0.683126 -0.365096 0.632490
outer loop
vertex 1.538409 0.984091 0.727778
vertex 1.532664 0.986470 0.735356
vertex 1.529397 0.980357 0.735356
endloop
endfacet
facet normal 0.683114 -0.365133 0.632482
outer loop
vertex 1.538409 0.984091 0.727778
vertex 1.529397 0.980357 0.735356
vertex 1.534567 0.976903 0.727778
endloop
endfacet
facet normal 0.561130 -0.299881 -0.771495
outer loop
vertex 1.525664 0.989369 0.658427
vertex 1.532664 0.986470 0.664645
vertex 1.529397 0.980357 0.664645
endloop
endfacet
facet normal 0.561064 -0.299918 -0.771529
outer loop
vertex 1.525664 0.989369 0.658427
vertex 1.529397 0.980357 0.664645
vertex 1.523097 0.984567 0.658427
endloop
endfacet
facet normal 0.778610 -0.416183 0.469636
outer loop
vertex 1.542677 0.982322 0.719134
vertex 1.538409 0.984091 0.727778
vertex 1.534567 0.976903 0.727778
endloop
endfacet
facet normal 0.778638 -0.416121 0.469644
outer loop
vertex 1.542677 0.982322 0.719134
vertex 1.534567 0.976903 0.727778
vertex 1.538409 0.974336 0.719134
endloop
endfacet
facet normal 0.417296 -0.223097 -0.880961
outer loop
vertex 1.517677 0.992677 0.653806
vertex 1.525664 0.989369 0.658427
vertex 1.523097 0.984567 0.658427
endloop
endfacet
facet normal 0.417343 -0.223012 -0.880960
outer loop
vertex 1.517677 0.992677 0.653806
vertex 1.523097 0.984567 0.658427
vertex 1.515909 0.989369 0.653806
endloop
endfacet
facet normal 0.844286 -0.451240 0.289074
outer loop
vertex 1.545307 0.981234 0.709754
vertex 1.542677 0.982322 0.719134
vertex 1.538409 0.974336 0.719134
endloop
endfacet
facet normal 0.844278 -0.451347 0.288931
outer loop
vertex 1.545307 0.981234 0.709754
vertex 1.538409 0.974336 0.719134
vertex 1.540774 0.972755 0.709754
endloop
endfacet
facet normal 0.257213 -0.137474 -0.956526
outer loop
vertex 1.509012 0.996267 0.650960
vertex 1.517677 0.992677 0.653806
vertex 1.515909 0.989369 0.653806
endloop
endfacet
facet normal 0.257138 -0.137539 -0.956537
outer loop
vertex 1.509012 0.996267 0.650960
vertex 1.515909 0.989369 0.653806
vertex 1.508110 0.994581 0.650960
endloop
endfacet
facet normal 0.877678 -0.469226 0.097510
outer loop
vertex 1.546194 0.980866 0.700000
vertex 1.545307 0.981234 0.709754
vertex 1.540774 0.972755 0.709754
endloop
endfacet
facet normal 0.877709 -0.469153 0.097586
outer loop
vertex 1.546194 0.980866 0.700000
vertex 1.540774 0.972755 0.709754
vertex 1.541573 0.972221 0.700000
endloop
endfacet
facet normal 0.086872 -0.046469 0.995135
outer loop
vertex 1.509012 0.996267 0.749039
vertex 1.500000 1.000000 0.750000
vertex 1.508110 0.994581 0.749039
endloop
endfacet
facet normal 0.086765 -0.046422 -0.995147
outer loop
vertex 1.500000 1.000000 0.650000
vertex 1.509012 0.996267 0.650960
vertex 1.508110 0.994581 0.650960
endloop
endfacet
facet normal 0.491764 -0.403624 -0.771528
outer loop
vertex 1.523097 0.984567 0.658427
vertex 1.529397 0.980357 0.664645
vertex 1.525000 0.975000 0.664645
endloop
endfacet
facet normal 0.491802 -0.403618 -0.771507
outer loop
vertex 1.523097 0.984567 0.658427
vertex 1.525000 0.975000 0.664645
vertex 1.519642 0.980357 0.658427
endloop
endfacet
facet normal 0.682464 -0.560066 0.469647
outer loop
vertex 1.538409 0.974336 0.719134
vertex 1.534567 0.976903 0.727778
vertex 1.529397 0.970603 0.727778
endloop
endfacet
facet normal 0.682444 -0.560115 0.469618
outer loop
vertex 1.538409 0.974336 0.719134
vertex 1.529397 0.970603 0.727778
vertex 1.532664 0.967336 0.719134
endloop
endfacet
facet normal 0.365792 -0.300195 -0.880954
outer loop
vertex 1.515909 0.989369 0.653806
vertex 1.523097 0.984567 0.658427
vertex 1.519642 0.980357 0.658427
endloop
endfacet
facet normal 0.365821 -0.300184 -0.880945
outer loop
vertex 1.515909 0.989369 0.653806
vertex 1.519642 0.980357 0.658427
vertex 1.513530 0.986470 0.653806
endloop
endfacet
facet normal 0.740016 -0.607354 0.288961
outer loop
vertex 1.540774 0.972755 0.709754
vertex 1.538409 0.974336 0.719134
vertex 1.532664 0.967336 0.719134
endloop
endfacet
facet normal 0.740049 -0.607296 0.288997
outer loop
vertex 1.540774 0.972755 0.709754
vertex 1.532664 0.967336 0.719134
vertex 1.534676 0.965324 0.709754
endloop
endfacet
facet normal 0.225433 -0.184998 -0.956533
outer loop
vertex 1.508110 0.994581 0.650960
vertex 1.515909 0.989369 0.653806
vertex 1.513530 0.986470 0.653806
endloop
endfacet
facet normal 0.225502 -0.184905 -0.956535
outer loop
vertex 1.508110 0.994581 0.650960
vertex 1.513530 0.986470 0.653806
vertex 1.506898 0.993103 0.650960
endloop
endfacet
facet normal 0.769355 -0.631325 0.097579
outer loop
vertex 1.541573 0.972221 0.700000
vertex 1.540774 0.972755 0.709754
vertex 1.534676 0.965324 0.709754
endloop
endfacet
facet normal 0.769345 -0.631335 0.097595
outer loop
vertex 1.541573 0.972221 0.700000
vertex 1.534676 0.965324 0.709754
vertex 1.535356 0.964645 0.700000
endloop
endfacet
facet normal 0.076176 -0.062477 0.995135
outer loop
vertex 1.508110 0.994581 0.749039
vertex 1.500000 1.000000 0.750000
vertex 1.506898 0.993103 0.749039
endloop
endfacet
facet normal 0.076128 -0.062416 -0.995143
outer loop
vertex 1.500000 1.000000 0.650000
vertex 1.508110 0.994581 0.650960
vertex 1.506898 0.993103 0.650960
endloop
endfacet
facet normal 0.769337 -0.631346 -0.097581
outer loop
vertex 1.540774 0.972755 0.690245
vertex 1.541573 0.972221 0.700000
vertex 1.535356 0.964645 0.700000
endloop
endfacet
facet normal 0.769363 -0.631317 -0.097573
outer loop
vertex 1.540774 0.972755 0.690245
vertex 1.535356 0.964645 0.700000
vertex 1.534676 0.965324 0.690245
endloop
endfacet
facet normal 0.225432 -0.184839 0.956564
outer loop
vertex 1.515909 0.989369 0.746194
vertex 1.508110 0.994581 0.749039
vertex 1.506898 0.993103 0.749039
endloop
endfacet
facet normal 0.225378 -0.184939 0.956558
outer loop
vertex 1.515909 0.989369 0.746194
vertex 1.506898 0.993103 0.749039
vertex 1.513530 0.986470 0.746194
endloop
endfacet
facet normal 0.740045 -0.607305 -0.288987
outer loop
vertex 1.538409 0.974336 0.680866
vertex 1.540774 0.972755 0.690245
vertex 1.534676 0.965324 0.690245
endloop
endfacet
facet normal 0.740002 -0.607336 -0.289032
outer loop
vertex 1.538409 0.974336 0.680866
vertex 1.534676 0.965324 0.690245
vertex 1.532664 0.967336 0.680866
endloop
endfacet
facet normal 0.365795 -0.300184 0.880956
outer loop
vertex 1.523097 0.984567 0.741573
vertex 1.515909 0.989369 0.746194
vertex 1.513530 0.986470 0.746194
endloop
endfacet
facet normal 0.365799 -0.300183 0.880955
outer loop
vertex 1.523097 0.984567 0.741573
vertex 1.513530 0.986470 0.746194
vertex 1.519642 0.980357 0.741573
endloop
endfacet
facet normal 0.682454 -0.560116 -0.469603
outer loop
vertex 1.534567 0.976903 0.672221
vertex 1.538409 0.974336 0.680866
vertex 1.532664 0.967336 0.680866
endloop
endfacet
facet normal 0.682505 -0.560079 -0.469572
outer loop
vertex 1.534567 0.976903 0.672221
vertex 1.532664 0.967336 0.680866
vertex 1.529397 0.970603 0.672221
endloop
endfacet
facet normal 0.491729 -0.403588 0.771569
outer loop
vertex 1.529397 0.980357 0.735356
vertex 1.523097 0.984567 0.741573
vertex 1.519642 0.980357 0.741573
endloop
endfacet
facet normal 0.491728 -0.403586 0.771571
outer loop
vertex 1.529397 0.980357 0.735356
vertex 1.519642 0.980357 0.741573
vertex 1.525000 0.975000 0.735356
endloop
endfacet
facet normal 0.598722 -0.491301 -0.632578
outer loop
vertex 1.529397 0.980357 0.664645
vertex 1.534567 0.976903 0.672221
vertex 1.529397 0.970603 0.672221
endloop
endfacet
facet normal 0.598628 -0.491360 -0.632621
outer loop
vertex 1.529397 0.980357 0.664645
vertex 1.529397 0.970603 0.672221
vertex 1.525000 0.975000 0.664645
endloop
endfacet
facet normal 0.598734 -0.491443 0.632456
outer loop
vertex 1.534567 0.976903 0.727778
vertex 1.529397 0.980357 0.735356
vertex 1.525000 0.975000 0.735356
endloop
endfacet
facet normal 0.598751 -0.491335 0.632524
outer loop
vertex 1.534567 0.976903 0.727778
vertex 1.525000 0.975000 0.735356
vertex 1.529397 0.970603 0.727778
endloop
endfacet
facet normal 0.184880 -0.225461 0.956549
outer loop
vertex 1.513530 0.986470 0.746194
vertex 1.506898 0.993103 0.749039
vertex 1.505419 0.991890 0.749039
endloop
endfacet
facet normal 0.184924 -0.225405 0.956554
outer loop
vertex 1.513530 0.986470 0.746194
vertex 1.505419 0.991890 0.749039
vertex 1.510630 0.984091 0.746194
endloop
endfacet
facet normal 0.607288 -0.740039 -0.289038
outer loop
vertex 1.532664 0.967336 0.680866
vertex 1.534676 0.965324 0.690245
vertex 1.527245 0.959226 0.690245
endloop
endfacet
facet normal 0.607340 -0.740020 -0.288979
outer loop
vertex 1.532664 0.967336 0.680866
vertex 1.527245 0.959226 0.690245
vertex 1.525664 0.961591 0.680866
endloop
endfacet
facet normal 0.300136 -0.365864 0.880944
outer loop
vertex 1.519642 0.980357 0.741573
vertex 1.513530 0.986470 0.746194
vertex 1.510630 0.984091 0.746194
endloop
endfacet
facet normal 0.300150 -0.365778 0.880975
outer loop
vertex 1.519642 0.980357 0.741573
vertex 1.510630 0.984091 0.746194
vertex 1.515433 0.976903 0.741573
endloop
endfacet
facet normal 0.560120 -0.682471 -0.469573
outer loop
vertex 1.529397 0.970603 0.672221
vertex 1.532664 0.967336 0.680866
vertex 1.525664 0.961591 0.680866
endloop
endfacet
facet normal 0.560063 -0.682492 -0.469610
outer loop
vertex 1.529397 0.970603 0.672221
vertex 1.525664 0.961591 0.680866
vertex 1.523097 0.965433 0.672221
endloop
endfacet
facet normal 0.403562 -0.491794 0.771541
outer loop
vertex 1.525000 0.975000 0.735356
vertex 1.519642 0.980357 0.741573
vertex 1.515433 0.976903 0.741573
endloop
endfacet
facet normal 0.403563 -0.491749 0.771570
outer loop
vertex 1.525000 0.975000 0.735356
vertex 1.515433 0.976903 0.741573
vertex 1.519642 0.970603 0.735356
endloop
endfacet
facet normal 0.491304 -0.598680 -0.632616
outer loop
vertex 1.525000 0.975000 0.664645
vertex 1.529397 0.970603 0.672221
vertex 1.523097 0.965433 0.672221
endloop
endfacet
facet normal 0.491296 -0.598709 -0.632595
outer loop
vertex 1.525000 0.975000 0.664645
vertex 1.523097 0.965433 0.672221
vertex 1.519642 0.970603 0.664645
endloop
endfacet
facet normal 0.491356 -0.598751 0.632508
outer loop
vertex 1.529397 0.970603 0.727778
vertex 1.525000 0.975000 0.735356
vertex 1.519642 0.970603 0.735356
endloop
endfacet
facet normal 0.491357 -0.598751 0.632507
outer loop
vertex 1.529397 0.970603 0.727778
vertex 1.519642 0.970603 0.735356
vertex 1.523097 0.965433 0.727778
endloop
endfacet
facet normal 0.403618 -0.491807 -0.771504
outer loop
vertex 1.519642 0.980357 0.658427
vertex 1.525000 0.975000 0.664645
vertex 1.519642 0.970603 0.664645
endloop
endfacet
facet normal 0.403596 -0.491820 -0.771507
outer loop
vertex 1.519642 0.980357 0.658427
vertex 1.519642 0.970603 0.664645
vertex 1.515433 0.976903 0.658427
endloop
endfacet
facet normal 0.560071 -0.682480 0.469619
outer loop
vertex 1.532664 0.967336 0.719134
vertex 1.529397 0.970603 0.727778
vertex 1.523097 0.965433 0.727778
endloop
endfacet
facet normal 0.560087 -0.682443 0.469653
outer loop
vertex 1.532664 0.967336 0.719134
vertex 1.523097 0.965433 0.727778
vertex 1.525664 0.961591 0.719134
endloop
endfacet
facet normal 0.300181 -0.365805 -0.880953
outer loop
vertex 1.513530 0.986470 0.653806
vertex 1.519642 0.980357 0.658427
vertex 1.515433 0.976903 0.658427
endloop
endfacet
facet normal 0.300096 -0.365841 -0.880967
outer loop
vertex 1.513530 0.986470 0.653806
vertex 1.515433 0.976903 0.658427
vertex 1.510630 0.984091 0.653806
endloop
endfacet
facet normal 0.607338 -0.740011 0.289006
outer loop
vertex 1.534676 0.965324 0.709754
vertex 1.532664 0.967336 0.719134
vertex 1.525664 0.961591 0.719134
endloop
endfacet
facet normal 0.607303 -0.740062 0.288949
outer loop
vertex 1.534676 0.965324 0.709754
vertex 1.525664 0.961591 0.719134
vertex 1.527245 0.959226 0.709754
endloop
endfacet
facet normal 0.184965 -0.225503 -0.956523
outer loop
vertex 1.506898 0.993103 0.650960
vertex 1.513530 0.986470 0.653806
vertex 1.510630 0.984091 0.653806
endloop
endfacet
facet normal 0.184940 -0.225500 -0.956529
outer loop
vertex 1.506898 0.993103 0.650960
vertex 1.510630 0.984091 0.653806
vertex 1.505419 0.991890 0.650960
endloop
endfacet
facet normal 0.631332 -0.769350 0.097577
outer loop
vertex 1.535356 0.964645 0.700000
vertex 1.534676 0.965324 0.709754
vertex 1.527245 0.959226 0.709754
endloop
endfacet
facet normal 0.631316 -0.769370 0.097515
outer loop
vertex 1.535356 0.964645 0.700000
vertex 1.527245 0.959226 0.709754
vertex 1.527778 0.958427 0.700000
endloop
endfacet
facet normal 0.062443 -0.076157 0.995139
outer loop
vertex 1.506898 0.993103 0.749039
vertex 1.500000 1.000000 0.750000
vertex 1.505419 0.991890 0.749039
endloop
endfacet
facet normal 0.062385 -0.076093 -0.995147
outer loop
vertex 1.500000 1.000000 0.650000
vertex 1.506898 0.993103 0.650960
vertex 1.505419 0.991890 0.650960
endloop
endfacet
facet normal 0.631291 -0.769386 -0.097559
outer loop
vertex 1.534676 0.965324 0.690245
vertex 1.535356 0.964645 0.700000
vertex 1.527778 0.958427 0.700000
endloop
endfacet
facet normal 0.631358 -0.769337 -0.097513
outer loop
vertex 1.534676 0.965324 0.690245
vertex 1.527778 0.958427 0.700000
vertex 1.527245 0.959226 0.690245
endloop
endfacet
facet normal 0.416171 -0.778599 0.469664
outer loop
vertex 1.525664 0.961591 0.719134
vertex 1.523097 0.965433 0.727778
vertex 1.515909 0.961591 0.727778
endloop
endfacet
facet normal 0.416106 -0.778683 0.469584
outer loop
vertex 1.525664 0.961591 0.719134
vertex 1.515909 0.961591 0.727778
vertex 1.517677 0.957323 0.719134
endloop
endfacet
facet normal 0.223047 -0.417322 -0.880961
outer loop
vertex 1.510630 0.984091 0.653806
vertex 1.515433 0.976903 0.658427
vertex 1.510630 0.974336 0.658427
endloop
endfacet
facet normal 0.223171 -0.417307 -0.880937
outer loop
vertex 1.510630 0.984091 0.653806
vertex 1.510630 0.974336 0.658427
vertex 1.507322 0.982322 0.653806
endloop
endfacet
facet normal 0.451193 -0.844354 0.288949
outer loop
vertex 1.527245 0.959226 0.709754
vertex 1.525664 0.961591 0.719134
vertex 1.517677 0.957323 0.719134
endloop
endfacet
facet normal 0.451338 -0.844221 0.289110
outer loop
vertex 1.527245 0.959226 0.709754
vertex 1.517677 0.957323 0.719134
vertex 1.518766 0.954693 0.709754
endloop
endfacet
facet normal 0.137534 -0.257145 -0.956536
outer loop
vertex 1.505419 0.991890 0.650960
vertex 1.510630 0.984091 0.653806
vertex 1.507322 0.982322 0.653806
endloop
endfacet
facet normal 0.137560 -0.257151 -0.956531
outer loop
vertex 1.505419 0.991890 0.650960
vertex 1.507322 0.982322 0.653806
vertex 1.503733 0.990988 0.650960
endloop
endfacet
facet normal 0.469213 -0.877683 0.097529
outer loop
vertex 1.527778 0.958427 0.700000
vertex 1.527245 0.959226 0.709754
vertex 1.518766 0.954693 0.709754
endloop
endfacet
facet normal 0.469202 -0.877690 0.097523
outer loop
vertex 1.527778 0.958427 0.700000
vertex 1.518766 0.954693 0.709754
vertex 1.519134 0.953806 0.700000
endloop
endfacet
facet normal 0.046436 -0.086856 0.995138
outer loop
vertex 1.505419 0.991890 0.749039
vertex 1.500000 1.000000 0.750000
vertex 1.503733 0.990988 0.749039
endloop
endfacet
facet normal 0.046443 -0.086769 -0.995145
outer loop
vertex 1.500000 1.000000 0.650000
vertex 1.505419 0.991890 0.650960
vertex 1.503733 0.990988 0.650960
endloop
endfacet
facet normal 0.469196 -0.877691 -0.097538
outer loop
vertex 1.527245 0.959226 0.690245
vertex 1.527778 0.958427 0.700000
vertex 1.519134 0.953806 0.700000
endloop
endfacet
facet normal 0.469216 -0.877685 -0.097492
outer loop
vertex 1.527245 0.959226 0.690245
vertex 1.519134 0.953806 0.700000
vertex 1.518766 0.954693 0.690245
endloop
endfacet
facet normal 0.137532 -0.257047 0.956563
outer loop
vertex 1.510630 0.984091 0.746194
vertex 1.505419 0.991890 0.749039
vertex 1.503733 0.990988 0.749039
endloop
endfacet
facet normal 0.137483 -0.257106 0.956554
outer loop
vertex 1.510630 0.984091 0.746194
vertex 1.503733 0.990988 0.749039
vertex 1.507322 0.982322 0.746194
endloop
endfacet
facet normal 0.451354 -0.844255 -0.288985
outer loop
vertex 1.525664 0.961591 0.680866
vertex 1.527245 0.959226 0.690245
vertex 1.518766 0.954693 0.690245
endloop
endfacet
facet normal 0.451164 -0.844301 -0.289148
outer loop
vertex 1.525664 0.961591 0.680866
vertex 1.518766 0.954693 0.690245
vertex 1.517677 0.957323 0.680866
endloop
endfacet
facet normal 0.223133 -0.417272 0.880963
outer loop
vertex 1.515433 0.976903 0.741573
vertex 1.510630 0.984091 0.746194
vertex 1.507322 0.982322 0.746194
endloop
endfacet
facet normal 0.223062 -0.417333 0.880952
outer loop
vertex 1.515433 0.976903 0.741573
vertex 1.507322 0.982322 0.746194
vertex 1.510630 0.974336 0.741573
endloop
endfacet
facet normal 0.416110 -0.778666 -0.469607
outer loop
vertex 1.523097 0.965433 0.672221
vertex 1.525664 0.961591 0.680866
vertex 1.517677 0.957323 0.680866
endloop
endfacet
facet normal 0.416188 -0.778659 -0.469550
outer loop
vertex 1.523097 0.965433 0.672221
vertex 1.517677 0.957323 0.680866
vertex 1.515909 0.961591 0.672221
endloop
endfacet
facet normal 0.299869 -0.561056 0.771553
outer loop
vertex 1.519642 0.970603 0.735356
vertex 1.515433 0.976903 0.741573
vertex 1.510630 0.974336 0.741573
endloop
endfacet
facet normal 0.299883 -0.561044 0.771556
outer loop
vertex 1.519642 0.970603 0.735356
vertex 1.510630 0.974336 0.741573
vertex 1.513530 0.967336 0.735356
endloop
endfacet
facet normal 0.365085 -0.683013 -0.632619
outer loop
vertex 1.519642 0.970603 0.664645
vertex 1.523097 0.965433 0.672221
vertex 1.515909 0.961591 0.672221
endloop
endfacet
facet normal 0.365093 -0.683038 -0.632587
outer loop
vertex 1.519642 0.970603 0.664645
vertex 1.515909 0.961591 0.672221
vertex 1.513530 0.967336 0.664645
endloop
endfacet
facet normal 0.365128 -0.683101 0.632499
outer loop
vertex 1.523097 0.965433 0.727778
vertex 1.519642 0.970603 0.735356
vertex 1.513530 0.967336 0.735356
endloop
endfacet
facet normal 0.365110 -0.683105 0.632504
outer loop
vertex 1.523097 0.965433 0.727778
vertex 1.513530 0.967336 0.735356
vertex 1.515909 0.961591 0.727778
endloop
endfacet
facet normal 0.299919 -0.561090 -0.771509
outer loop
vertex 1.515433 0.976903 0.658427
vertex 1.519642 0.970603 0.664645
vertex 1.513530 0.967336 0.664645
endloop
endfacet
facet normal 0.299881 -0.561129 -0.771496
outer loop
vertex 1.515433 0.976903 0.658427
vertex 1.513530 0.967336 0.664645
vertex 1.510630 0.974336 0.658427
endloop
endfacet
facet normal 0.277853 -0.916080 -0.289129
outer loop
vertex 1.517677 0.957323 0.680866
vertex 1.518766 0.954693 0.690245
vertex 1.509567 0.951903 0.690245
endloop
endfacet
facet normal 0.278041 -0.916074 -0.288966
outer loop
vertex 1.517677 0.957323 0.680866
vertex 1.509567 0.951903 0.690245
vertex 1.509012 0.954693 0.680866
endloop
endfacet
facet normal 0.137270 -0.452861 0.880951
outer loop
vertex 1.510630 0.974336 0.741573
vertex 1.507322 0.982322 0.746194
vertex 1.503733 0.981234 0.746194
endloop
endfacet
facet normal 0.137373 -0.452818 0.880956
outer loop
vertex 1.510630 0.974336 0.741573
vertex 1.503733 0.981234 0.746194
vertex 1.505419 0.972755 0.741573
endloop
endfacet
facet normal 0.256422 -0.844856 -0.469537
outer loop
vertex 1.515909 0.961591 0.672221
vertex 1.517677 0.957323 0.680866
vertex 1.509012 0.954693 0.680866
endloop
endfacet
facet normal 0.256201 -0.844826 -0.469712
outer loop
vertex 1.515909 0.961591 0.672221
vertex 1.509012 0.954693 0.680866
vertex 1.508110 0.959226 0.672221
endloop
endfacet
facet normal 0.184690 -0.608718 0.771590
outer loop
vertex 1.513530 0.967336 0.735356
vertex 1.510630 0.974336 0.741573
vertex 1.505419 0.972755 0.741573
endloop
endfacet
facet normal 0.184680 -0.608754 0.771565
outer loop
vertex 1.513530 0.967336 0.735356
vertex 1.505419 0.972755 0.741573
vertex 1.506898 0.965324 0.735356
endloop
endfacet
facet normal 0.224748 -0.741152 -0.632600
outer loop
vertex 1.513530 0.967336 0.664645
vertex 1.515909 0.961591 0.672221
vertex 1.508110 0.959226 0.672221
endloop
endfacet
facet normal 0.224854 -0.741177 -0.632532
outer loop
vertex 1.513530 0.967336 0.664645
vertex 1.508110 0.959226 0.672221
vertex 1.506898 0.965324 0.664645
endloop
endfacet
facet normal 0.224872 -0.741188 0.632514
outer loop
vertex 1.515909 0.961591 0.727778
vertex 1.513530 0.967336 0.735356
vertex 1.506898 0.965324 0.735356
endloop
endfacet
facet normal 0.224789 -0.741275 0.632441
outer loop
vertex 1.515909 0.961591 0.727778
vertex 1.506898 0.965324 0.735356
vertex 1.508110 0.959226 0.727778
endloop
endfacet
facet normal 0.184695 -0.608793 -0.771530
outer loop
vertex 1.510630 0.974336 0.658427
vertex 1.513530 0.967336 0.664645
vertex 1.506898 0.965324 0.664645
endloop
endfacet
facet normal 0.184720 -0.608792 -0.771525
outer loop
vertex 1.510630 0.974336 0.658427
vertex 1.506898 0.965324 0.664645
vertex 1.505419 0.972755 0.658427
endloop
endfacet
facet normal 0.256201 -0.844905 0.469572
outer loop
vertex 1.517677 0.957323 0.719134
vertex 1.515909 0.961591 0.727778
vertex 1.508110 0.959226 0.727778
endloop
endfacet
facet normal 0.256401 -0.844747 0.469746
outer loop
vertex 1.517677 0.957323 0.719134
vertex 1.508110 0.959226 0.727778
vertex 1.509012 0.954693 0.719134
endloop
endfacet
facet normal 0.137388 -0.452837 -0.880944
outer loop
vertex 1.507322 0.982322 0.653806
vertex 1.510630 0.974336 0.658427
vertex 1.505419 0.972755 0.658427
endloop
endfacet
facet normal 0.137263 -0.452855 -0.880955
outer loop
vertex 1.507322 0.982322 0.653806
vertex 1.505419 0.972755 0.658427
vertex 1.503733 0.981234 0.653806
endloop
endfacet
facet normal 0.278039 -0.916028 0.289115
outer loop
vertex 1.518766 0.954693 0.709754
vertex 1.517677 0.957323 0.719134
vertex 1.509012 0.954693 0.719134
endloop
endfacet
facet normal 0.277862 -0.916141 0.288926
outer loop
vertex 1.518766 0.954693 0.709754
vertex 1.509012 0.954693 0.719134
vertex 1.509567 0.951903 0.709754
endloop
endfacet
facet normal 0.084609 -0.279116 -0.956523
outer loop
vertex 1.503733 0.990988 0.650960
vertex 1.507322 0.982322 0.653806
vertex 1.503733 0.981234 0.653806
endloop
endfacet
facet normal 0.084645 -0.279041 -0.956541
outer loop
vertex 1.503733 0.990988 0.650960
vertex 1.503733 0.981234 0.653806
vertex 1.501903 0.990433 0.650960
endloop
endfacet
facet normal 0.288860 -0.952392 0.097511
outer loop
vertex 1.519134 0.953806 0.700000
vertex 1.518766 0.954693 0.709754
vertex 1.509567 0.951903 0.709754
endloop
endfacet
facet normal 0.288955 -0.952355 0.097599
outer loop
vertex 1.519134 0.953806 0.700000
vertex 1.509567 0.951903 0.709754
vertex 1.509754 0.950960 0.700000
endloop
endfacet
facet normal 0.028557 -0.094283 0.995136
outer loop
vertex 1.503733 0.990988 0.749039
vertex 1.500000 1.000000 0.750000
vertex 1.501903 0.990433 0.749039
endloop
endfacet
facet normal 0.028538 -0.094171 -0.995147
outer loop
vertex 1.500000 1.000000 0.650000
vertex 1.503733 0.990988 0.650960
vertex 1.501903 0.990433 0.650960
endloop
endfacet
facet normal 0.288962 -0.952363 -0.097497
outer loop
vertex 1.518766 0.954693 0.690245
vertex 1.519134 0.953806 0.700000
vertex 1.509754 0.950960 0.700000
endloop
endfacet
facet normal 0.288847 -0.952388 -0.097593
outer loop
vertex 1.518766 0.954693 0.690245
vertex 1.509754 0.950960 0.700000
vertex 1.509567 0.951903 0.690245
endloop
endfacet
facet normal 0.084622 -0.278985 0.956560
outer loop
vertex 1.507322 0.982322 0.746194
vertex 1.503733 0.990988 0.749039
vertex 1.501903 0.990433 0.749039
endloop
endfacet
facet normal 0.084569 -0.279005 0.956559
outer loop
vertex 1.507322 0.982322 0.746194
vertex 1.501903 0.990433 0.749039
vertex 1.503733 0.981234 0.746194
endloop
endfacet
facet normal 0.046402 -0.470889 -0.880971
outer loop
vertex 1.503733 0.981234 0.653806
vertex 1.505419 0.972755 0.658427
vertex 1.500000 0.972221 0.658427
endloop
endfacet
facet normal 0.046422 -0.470905 -0.880961
outer loop
vertex 1.503733 0.981234 0.653806
vertex 1.500000 0.972221 0.658427
vertex 1.500000 0.980866 0.653806
endloop
endfacet
facet normal 0.093775 -0.952746 0.288933
outer loop
vertex 1.509567 0.951903 0.709754
vertex 1.509012 0.954693 0.719134
vertex 1.500000 0.953806 0.719134
endloop
endfacet
facet normal 0.093903 -0.952701 0.289039
outer loop
vertex 1.509567 0.951903 0.709754
vertex 1.500000 0.953806 0.719134
vertex 1.500000 0.950960 0.709754
endloop
endfacet
facet normal 0.028612 -0.290275 -0.956515
outer loop
vertex 1.501903 0.990433 0.650960
vertex 1.503733 0.981234 0.653806
vertex 1.500000 0.980866 0.653806
endloop
endfacet
facet normal 0.028698 -0.290227 -0.956527
outer loop
vertex 1.501903 0.990433 0.650960
vertex 1.500000 0.980866 0.653806
vertex 1.500000 0.990245 0.650960
endloop
endfacet
facet normal 0.097625 -0.990422 0.097642
outer loop
vertex 1.509754 0.950960 0.700000
vertex 1.509567 0.951903 0.709754
vertex 1.500000 0.950960 0.709754
endloop
endfacet
facet normal 0.097480 -0.990452 0.097478
outer loop
vertex 1.509754 0.950960 0.700000
vertex 1.500000 0.950960 0.709754
vertex 1.500000 0.950000 0.700000
endloop
endfacet
facet normal 0.009685 -0.098025 0.995137
outer loop
vertex 1.501903 0.990433 0.749039
vertex 1.500000 1.000000 0.750000
vertex 1.500000 0.990245 0.749039
endloop
endfacet
facet normal 0.009702 -0.097938 -0.995145
outer loop
vertex 1.500000 1.000000 0.650000
vertex 1.501903 0.990433 0.650960
vertex 1.500000 0.990245 0.650960
endloop
endfacet
facet normal 0.097481 -0.990440 -0.097603
outer loop
vertex 1.509567 0.951903 0.690245
vertex 1.509754 0.950960 0.700000
vertex 1.500000 0.950000 0.700000
endloop
endfacet
facet normal 0.097627 -0.990436 -0.097494
outer loop
vertex 1.509567 0.951903 0.690245
vertex 1.500000 0.950000 0.700000
vertex 1.500000 0.950960 0.690245
endloop
endfacet
facet normal 0.028698 -0.290157 0.956549
outer loop
vertex 1.503733 0.981234 0.746194
vertex 1.501903 0.990433 0.749039
vertex 1.500000 0.990245 0.749039
endloop
endfacet
facet normal 0.028600 -0.290169 0.956548
outer loop
vertex 1.503733 0.981234 0.746194
vertex 1.500000 0.990245 0.749039
vertex 1.500000 0.980866 0.746194
endloop
endfacet
facet normal 0.093907 -0.952723 -0.288963
outer loop
vertex 1.509012 0.954693 0.680866
vertex 1.509567 0.951903 0.690245
vertex 1.500000 0.950960 0.690245
endloop
endfacet
facet normal 0.093773 -0.952702 -0.289077
outer loop
vertex 1.509012 0.954693 0.680866
vertex 1.500000 0.950960 0.690245
vertex 1.500000 0.953806 0.680866
endloop
endfacet
facet normal 0.046427 -0.470880 0.880975
outer loop
vertex 1.505419 0.972755 0.741573
vertex 1.503733 0.981234 0.746194
vertex 1.500000 0.980866 0.746194
endloop
endfacet
facet normal 0.046412 -0.470896 0.880967
outer loop
vertex 1.505419 0.972755 0.741573
vertex 1.500000 0.980866 0.746194
vertex 1.500000 0.972221 0.741573
endloop
endfacet
facet normal 0.086476 -0.878574 -0.469713
outer loop
vertex 1.508110 0.959226 0.672221
vertex 1.509012 0.954693 0.680866
vertex 1.500000 0.953806 0.680866
endloop
endfacet
facet normal 0.086563 -0.878606 -0.469636
outer loop
vertex 1.508110 0.959226 0.672221
vertex 1.500000 0.953806 0.680866
vertex 1.500000 0.958427 0.672221
endloop
endfacet
facet normal 0.062379 -0.633103 0.771550
outer loop
vertex 1.506898 0.965324 0.735356
vertex 1.505419 0.972755 0.741573
vertex 1.500000 0.972221 0.741573
endloop
endfacet
facet normal 0.062328 -0.633121 0.771540
outer loop
vertex 1.506898 0.965324 0.735356
vertex 1.500000 0.972221 0.741573
vertex 1.500000 0.964645 0.735356
endloop
endfacet
facet normal 0.075940 -0.770783 -0.632556
outer loop
vertex 1.506898 0.965324 0.664645
vertex 1.508110 0.959226 0.672221
vertex 1.500000 0.958427 0.672221
endloop
endfacet
facet normal 0.075863 -0.770742 -0.632615
outer loop
vertex 1.506898 0.965324 0.664645
vertex 1.500000 0.958427 0.672221
vertex 1.500000 0.964645 0.664645
endloop
endfacet
facet normal 0.075873 -0.770870 0.632457
outer loop
vertex 1.508110 0.959226 0.727778
vertex 1.506898 0.965324 0.735356
vertex 1.500000 0.964645 0.735356
endloop
endfacet
facet normal 0.075939 -0.770833 0.632495
outer loop
vertex 1.508110 0.959226 0.727778
vertex 1.500000 0.964645 0.735356
vertex 1.500000 0.958427 0.727778
endloop
endfacet
facet normal 0.062324 -0.633176 -0.771495
outer loop
vertex 1.505419 0.972755 0.658427
vertex 1.506898 0.965324 0.664645
vertex 1.500000 0.964645 0.664645
endloop
endfacet
facet normal 0.062391 -0.633187 -0.771480
outer loop
vertex 1.505419 0.972755 0.658427
vertex 1.500000 0.964645 0.664645
vertex 1.500000 0.972221 0.658427
endloop
endfacet
facet normal 0.086552 -0.878542 0.469757
outer loop
vertex 1.509012 0.954693 0.719134
vertex 1.508110 0.959226 0.727778
vertex 1.500000 0.958427 0.727778
endloop
endfacet
facet normal 0.086478 -0.878585 0.469691
outer loop
vertex 1.509012 0.954693 0.719134
vertex 1.500000 0.958427 0.727778
vertex 1.500000 0.953806 0.719134
endloop
endfacet
facet normal -0.086479 -0.878609 -0.469647
outer loop
vertex 1.500000 0.958427 0.672221
vertex 1.500000 0.953806 0.680866
vertex 1.490988 0.954693 0.680866
endloop
endfacet
facet normal -0.086553 -0.878568 -0.469709
outer loop
vertex 1.500000 0.958427 0.672221
vertex 1.490988 0.954693 0.680866
vertex 1.491890 0.959226 0.672221
endloop
endfacet
facet normal -0.062384 -0.633125 0.771532
outer loop
vertex 1.500000 0.964645 0.735356
vertex 1.500000 0.972221 0.741573
vertex 1.494581 0.972755 0.741573
endloop
endfacet
facet normal -0.062334 -0.633100 0.771556
outer loop
vertex 1.500000 0.964645 0.735356
vertex 1.494581 0.972755 0.741573
vertex 1.493103 0.965324 0.735356
endloop
endfacet
facet normal -0.075931 -0.770749 -0.632598
outer loop
vertex 1.500000 0.964645 0.664645
vertex 1.500000 0.958427 0.672221
vertex 1.491890 0.959226 0.672221
endloop
endfacet
facet normal -0.075878 -0.770783 -0.632563
outer loop
vertex 1.500000 0.964645 0.664645
vertex 1.491890 0.959226 0.672221
vertex 1.493103 0.965324 0.664645
endloop
endfacet
facet normal -0.075880 -0.770839 0.632495
outer loop
vertex 1.500000 0.958427 0.727778
vertex 1.500000 0.964645 0.735356
vertex 1.493103 0.965324 0.735356
endloop
endfacet
facet normal -0.075941 -0.770860 0.632461
outer loop
vertex 1.500000 0.958427 0.727778
vertex 1.493103 0.965324 0.735356
vertex 1.491890 0.959226 0.727778
endloop
endfacet
facet normal -0.062336 -0.633191 -0.771481
outer loop
vertex 1.500000 0.972221 0.658427
vertex 1.500000 0.964645 0.664645
vertex 1.493103 0.965324 0.664645
endloop
endfacet
facet normal -0.062405 -0.633154 -0.771506
outer loop
vertex 1.500000 0.972221 0.658427
vertex 1.493103 0.965324 0.664645
vertex 1.494581 0.972755 0.658427
endloop
endfacet
facet normal -0.086562 -0.878581 0.469684
outer loop
vertex 1.500000 0.953806 0.719134
vertex 1.500000 0.958427 0.727778
vertex 1.491890 0.959226 0.727778
endloop
endfacet
facet normal -0.086470 -0.878551 0.469756
outer loop
vertex 1.500000 0.953806 0.719134
vertex 1.491890 0.959226 0.727778
vertex 1.490988 0.954693 0.719134
endloop
endfacet
facet normal -0.046403 -0.470910 -0.880960
outer loop
vertex 1.500000 0.980866 0.653806
vertex 1.500000 0.972221 0.658427
vertex 1.494581 0.972755 0.658427
endloop
endfacet
facet normal -0.046423 -0.470894 -0.880968
outer loop
vertex 1.500000 0.980866 0.653806
vertex 1.494581 0.972755 0.658427
vertex 1.496267 0.981234 0.653806
endloop
endfacet
facet normal -0.093774 -0.952711 0.289048
outer loop
vertex 1.500000 0.950960 0.709754
vertex 1.500000 0.953806 0.719134
vertex 1.490988 0.954693 0.719134
endloop
endfacet
facet normal -0.093906 -0.952733 0.288932
outer loop
vertex 1.500000 0.950960 0.709754
vertex 1.490988 0.954693 0.719134
vertex 1.490433 0.951903 0.709754
endloop
endfacet
facet normal -0.028614 -0.290246 -0.956524
outer loop
vertex 1.500000 0.990245 0.650960
vertex 1.500000 0.980866 0.653806
vertex 1.496267 0.981234 0.653806
endloop
endfacet
facet normal -0.028695 -0.290245 -0.956522
outer loop
vertex 1.500000 0.990245 0.650960
vertex 1.496267 0.981234 0.653806
vertex 1.498097 0.990433 0.650960
endloop
endfacet
facet normal -0.097623 -0.990436 0.097504
outer loop
vertex 1.500000 0.950000 0.700000
vertex 1.500000 0.950960 0.709754
vertex 1.490433 0.951903 0.709754
endloop
endfacet
facet normal -0.097472 -0.990438 0.097628
outer loop
vertex 1.500000 0.950000 0.700000
vertex 1.490433 0.951903 0.709754
vertex 1.490245 0.950960 0.700000
endloop
endfacet
facet normal -0.009685 -0.098025 0.995137
outer loop
vertex 1.500000 0.990245 0.749039
vertex 1.500000 1.000000 0.750000
vertex 1.498097 0.990433 0.749039
endloop
endfacet
facet normal -0.009702 -0.097938 -0.995145
outer loop
vertex 1.500000 1.000000 0.650000
vertex 1.500000 0.990245 0.650960
vertex 1.498097 0.990433 0.650960
endloop
endfacet
facet normal -0.097471 -0.990453 -0.097477
outer loop
vertex 1.500000 0.950960 0.690245
vertex 1.500000 0.950000 0.700000
vertex 1.490245 0.950960 0.700000
endloop
endfacet
facet normal -0.097628 -0.990422 -0.097636
outer loop
vertex 1.500000 0.950960 0.690245
vertex 1.490245 0.950960 0.700000
vertex 1.490433 0.951903 0.690245
endloop
endfacet
facet normal -0.028650 -0.290182 0.956542
outer loop
vertex 1.500000 0.980866 0.746194
vertex 1.500000 0.990245 0.749039
vertex 1.498097 0.990433 0.749039
endloop
endfacet
facet normal -0.028625 -0.290139 0.956556
outer loop
vertex 1.500000 0.980866 0.746194
vertex 1.498097 0.990433 0.749039
vertex 1.496267 0.981234 0.746194
endloop
endfacet
facet normal -0.093903 -0.952691 -0.289072
outer loop
vertex 1.500000 0.953806 0.680866
vertex 1.500000 0.950960 0.690245
vertex 1.490433 0.951903 0.690245
endloop
endfacet
facet normal -0.093779 -0.952736 -0.288963
outer loop
vertex 1.500000 0.953806 0.680866
vertex 1.490433 0.951903 0.690245
vertex 1.490988 0.954693 0.680866
endloop
endfacet
facet normal -0.046429 -0.470882 0.880974
outer loop
vertex 1.500000 0.972221 0.741573
vertex 1.500000 0.980866 0.746194
vertex 1.496267 0.981234 0.746194
endloop
endfacet
facet normal -0.046411 -0.470905 0.880963
outer loop
vertex 1.500000 0.972221 0.741573
vertex 1.496267 0.981234 0.746194
vertex 1.494581 0.972755 0.741573
endloop
endfacet
facet normal -0.084586 -0.279115 -0.956525
outer loop
vertex 1.498097 0.990433 0.650960
vertex 1.496267 0.981234 0.653806
vertex 1.492677 0.982322 0.653806
endloop
endfacet
facet normal -0.084639 -0.279070 -0.956533
outer loop
vertex 1.498097 0.990433 0.650960
vertex 1.492677 0.982322 0.653806
vertex 1.496267 0.990988 0.650960
endloop
endfacet
facet normal -0.288846 -0.952385 0.097625
outer loop
vertex 1.490245 0.950960 0.700000
vertex 1.490433 0.951903 0.709754
vertex 1.481234 0.954693 0.709754
endloop
endfacet
facet normal -0.288996 -0.952350 0.097526
outer loop
vertex 1.490245 0.950960 0.700000
vertex 1.481234 0.954693 0.709754
vertex 1.480866 0.953806 0.700000
endloop
endfacet
facet normal -0.028559 -0.094279 0.995136
outer loop
vertex 1.498097 0.990433 0.749039
vertex 1.500000 1.000000 0.750000
vertex 1.496267 0.990988 0.749039
endloop
endfacet
facet normal -0.028541 -0.094166 -0.995147
outer loop
vertex 1.500000 1.000000 0.650000
vertex 1.498097 0.990433 0.650960
vertex 1.496267 0.990988 0.650960
endloop
endfacet
facet normal -0.288970 -0.952346 -0.097637
outer loop
vertex 1.490433 0.951903 0.690245
vertex 1.490245 0.950960 0.700000
vertex 1.480866 0.953806 0.700000
endloop
endfacet
facet normal -0.288863 -0.952394 -0.097490
outer loop
vertex 1.490433 0.951903 0.690245
vertex 1.480866 0.953806 0.700000
vertex 1.481234 0.954693 0.690245
endloop
endfacet
facet normal -0.084630 -0.279012 0.956551
outer loop
vertex 1.496267 0.981234 0.746194
vertex 1.498097 0.990433 0.749039
vertex 1.496267 0.990988 0.749039
endloop
endfacet
facet normal -0.084539 -0.279005 0.956561
outer loop
vertex 1.496267 0.981234 0.746194
vertex 1.496267 0.990988 0.749039
vertex 1.492677 0.982322 0.746194
endloop
endfacet
facet normal -0.277864 -0.916122 -0.288984
outer loop
vertex 1.490988 0.954693 0.680866
vertex 1.490433 0.951903 0.690245
vertex 1.481234 0.954693 0.690245
endloop
endfacet
facet normal -0.278001 -0.916036 -0.289127
outer loop
vertex 1.490988 0.954693 0.680866
vertex 1.481234 0.954693 0.690245
vertex 1.482322 0.957323 0.680866
endloop
endfacet
facet normal -0.137215 -0.452830 0.880975
outer loop
vertex 1.494581 0.972755 0.741573
vertex 1.496267 0.981234 0.746194
vertex 1.492677 0.982322 0.746194
endloop
endfacet
facet normal -0.137358 -0.452841 0.880947
outer loop
vertex 1.494581 0.972755 0.741573
vertex 1.492677 0.982322 0.746194
vertex 1.489369 0.974336 0.741573
endloop
endfacet
facet normal -0.256378 -0.844779 -0.469700
outer loop
vertex 1.491890 0.959226 0.672221
vertex 1.490988 0.954693 0.680866
vertex 1.482322 0.957323 0.680866
endloop
endfacet
facet normal -0.256211 -0.844899 -0.469575
outer loop
vertex 1.491890 0.959226 0.672221
vertex 1.482322 0.957323 0.680866
vertex 1.484091 0.961591 0.672221
endloop
endfacet
facet normal -0.184655 -0.608779 0.771551
outer loop
vertex 1.493103 0.965324 0.735356
vertex 1.494581 0.972755 0.741573
vertex 1.489369 0.974336 0.741573
endloop
endfacet
facet normal -0.184660 -0.608770 0.771556
outer loop
vertex 1.493103 0.965324 0.735356
vertex 1.489369 0.974336 0.741573
vertex 1.486470 0.967336 0.735356
endloop
endfacet
facet normal -0.224760 -0.741173 -0.632571
outer loop
vertex 1.493103 0.965324 0.664645
vertex 1.491890 0.959226 0.672221
vertex 1.484091 0.961591 0.672221
endloop
endfacet
facet normal -0.224800 -0.741133 -0.632603
outer loop
vertex 1.493103 0.965324 0.664645
vertex 1.484091 0.961591 0.672221
vertex 1.486470 0.967336 0.664645
endloop
endfacet
facet normal -0.224845 -0.741237 0.632466
outer loop
vertex 1.491890 0.959226 0.727778
vertex 1.493103 0.965324 0.735356
vertex 1.486470 0.967336 0.735356
endloop
endfacet
facet normal -0.224780 -0.741222 0.632506
outer loop
vertex 1.491890 0.959226 0.727778
vertex 1.486470 0.967336 0.735356
vertex 1.484091 0.961591 0.727778
endloop
endfacet
facet normal -0.184675 -0.608836 -0.771501
outer loop
vertex 1.494581 0.972755 0.658427
vertex 1.493103 0.965324 0.664645
vertex 1.486470 0.967336 0.664645
endloop
endfacet
facet normal -0.184687 -0.608823 -0.771509
outer loop
vertex 1.494581 0.972755 0.658427
vertex 1.486470 0.967336 0.664645
vertex 1.489369 0.974336 0.658427
endloop
endfacet
facet normal -0.256181 -0.844814 0.469745
outer loop
vertex 1.490988 0.954693 0.719134
vertex 1.491890 0.959226 0.727778
vertex 1.484091 0.961591 0.727778
endloop
endfacet
facet normal -0.256392 -0.844824 0.469612
outer loop
vertex 1.490988 0.954693 0.719134
vertex 1.484091 0.961591 0.727778
vertex 1.482322 0.957323 0.719134
endloop
endfacet
facet normal -0.137348 -0.452809 -0.880965
outer loop
vertex 1.496267 0.981234 0.653806
vertex 1.494581 0.972755 0.658427
vertex 1.489369 0.974336 0.658427
endloop
endfacet
facet normal -0.137241 -0.452910 -0.880930
outer loop
vertex 1.496267 0.981234 0.653806
vertex 1.489369 0.974336 0.658427
vertex 1.492677 0.982322 0.653806
endloop
endfacet
facet normal -0.278021 -0.916086 0.288947
outer loop
vertex 1.490433 0.951903 0.709754
vertex 1.490988 0.954693 0.719134
vertex 1.482322 0.957323 0.719134
endloop
endfacet
facet normal -0.277851 -0.916092 0.289091
outer loop
vertex 1.490433 0.951903 0.709754
vertex 1.482322 0.957323 0.719134
vertex 1.481234 0.954693 0.709754
endloop
endfacet
facet normal -0.299911 -0.561047 0.771544
outer loop
vertex 1.486470 0.967336 0.735356
vertex 1.489369 0.974336 0.741573
vertex 1.484567 0.976903 0.741573
endloop
endfacet
facet normal -0.299851 -0.561042 0.771570
outer loop
vertex 1.486470 0.967336 0.735356
vertex 1.484567 0.976903 0.741573
vertex 1.480357 0.970603 0.735356
endloop
endfacet
facet normal -0.365087 -0.683029 -0.632600
outer loop
vertex 1.486470 0.967336 0.664645
vertex 1.484091 0.961591 0.672221
vertex 1.476903 0.965433 0.672221
endloop
endfacet
facet normal -0.365053 -0.683087 -0.632557
outer loop
vertex 1.486470 0.967336 0.664645
vertex 1.476903 0.965433 0.672221
vertex 1.480357 0.970603 0.664645
endloop
endfacet
facet normal -0.365081 -0.683124 0.632501
outer loop
vertex 1.484091 0.961591 0.727778
vertex 1.486470 0.967336 0.735356
vertex 1.480357 0.970603 0.735356
endloop
endfacet
facet normal -0.365121 -0.683139 0.632461
outer loop
vertex 1.484091 0.961591 0.727778
vertex 1.480357 0.970603 0.735356
vertex 1.476903 0.965433 0.727778
endloop
endfacet
facet normal -0.299888 -0.561116 -0.771503
outer loop
vertex 1.489369 0.974336 0.658427
vertex 1.486470 0.967336 0.664645
vertex 1.480357 0.970603 0.664645
endloop
endfacet
facet normal -0.299913 -0.561082 -0.771518
outer loop
vertex 1.489369 0.974336 0.658427
vertex 1.480357 0.970603 0.664645
vertex 1.484567 0.976903 0.658427
endloop
endfacet
facet normal -0.416178 -0.778624 0.469618
outer loop
vertex 1.482322 0.957323 0.719134
vertex 1.484091 0.961591 0.727778
vertex 1.476903 0.965433 0.727778
endloop
endfacet
facet normal -0.416130 -0.778632 0.469648
outer loop
vertex 1.482322 0.957323 0.719134
vertex 1.476903 0.965433 0.727778
vertex 1.474336 0.961591 0.719134
endloop
endfacet
facet normal -0.223111 -0.417338 -0.880937
outer loop
vertex 1.492677 0.982322 0.653806
vertex 1.489369 0.974336 0.658427
vertex 1.484567 0.976903 0.658427
endloop
endfacet
facet normal -0.223126 -0.417272 -0.880964
outer loop
vertex 1.492677 0.982322 0.653806
vertex 1.484567 0.976903 0.658427
vertex 1.489369 0.984091 0.653806
endloop
endfacet
facet normal -0.451226 -0.844299 0.289057
outer loop
vertex 1.481234 0.954693 0.709754
vertex 1.482322 0.957323 0.719134
vertex 1.474336 0.961591 0.719134
endloop
endfacet
facet normal -0.451354 -0.844267 0.288949
outer loop
vertex 1.481234 0.954693 0.709754
vertex 1.474336 0.961591 0.719134
vertex 1.472755 0.959226 0.709754
endloop
endfacet
facet normal -0.137505 -0.257164 -0.956535
outer loop
vertex 1.496267 0.990988 0.650960
vertex 1.492677 0.982322 0.653806
vertex 1.489369 0.984091 0.653806
endloop
endfacet
facet normal -0.137583 -0.257100 -0.956541
outer loop
vertex 1.496267 0.990988 0.650960
vertex 1.489369 0.984091 0.653806
vertex 1.494581 0.991890 0.650960
endloop
endfacet
facet normal -0.469209 -0.877685 0.097529
outer loop
vertex 1.480866 0.953806 0.700000
vertex 1.481234 0.954693 0.709754
vertex 1.472755 0.959226 0.709754
endloop
endfacet
facet normal -0.469159 -0.877705 0.097593
outer loop
vertex 1.480866 0.953806 0.700000
vertex 1.472755 0.959226 0.709754
vertex 1.472221 0.958427 0.700000
endloop
endfacet
facet normal -0.046484 -0.086864 0.995135
outer loop
vertex 1.496267 0.990988 0.749039
vertex 1.500000 1.000000 0.750000
vertex 1.494581 0.991890 0.749039
endloop
endfacet
facet normal -0.046440 -0.086776 -0.995145
outer loop
vertex 1.500000 1.000000 0.650000
vertex 1.496267 0.990988 0.650960
vertex 1.494581 0.991890 0.650960
endloop
endfacet
facet normal -0.469157 -0.877713 -0.097530
outer loop
vertex 1.481234 0.954693 0.690245
vertex 1.480866 0.953806 0.700000
vertex 1.472221 0.958427 0.700000
endloop
endfacet
facet normal -0.469212 -0.877679 -0.097572
outer loop
vertex 1.481234 0.954693 0.690245
vertex 1.472221 0.958427 0.700000
vertex 1.472755 0.959226 0.690245
endloop
endfacet
facet normal -0.137522 -0.257078 0.956556
outer loop
vertex 1.492677 0.982322 0.746194
vertex 1.496267 0.990988 0.749039
vertex 1.494581 0.991890 0.749039
endloop
endfacet
facet normal -0.137473 -0.257087 0.956560
outer loop
vertex 1.492677 0.982322 0.746194
vertex 1.494581 0.991890 0.749039
vertex 1.489369 0.984091 0.746194
endloop
endfacet
facet normal -0.451334 -0.844237 -0.289071
outer loop
vertex 1.482322 0.957323 0.680866
vertex 1.481234 0.954693 0.690245
vertex 1.472755 0.959226 0.690245
endloop
endfacet
facet normal -0.451236 -0.844315 -0.288994
outer loop
vertex 1.482322 0.957323 0.680866
vertex 1.472755 0.959226 0.690245
vertex 1.474336 0.961591 0.680866
endloop
endfacet
facet normal -0.223153 -0.417309 0.880940
outer loop
vertex 1.489369 0.974336 0.741573
vertex 1.492677 0.982322 0.746194
vertex 1.489369 0.984091 0.746194
endloop
endfacet
facet normal -0.223089 -0.417314 0.880954
outer loop
vertex 1.489369 0.974336 0.741573
vertex 1.489369 0.984091 0.746194
vertex 1.484567 0.976903 0.741573
endloop
endfacet
facet normal -0.416145 -0.778678 -0.469557
outer loop
vertex 1.484091 0.961591 0.672221
vertex 1.482322 0.957323 0.680866
vertex 1.474336 0.961591 0.680866
endloop
endfacet
facet normal -0.416183 -0.778614 -0.469631
outer loop
vertex 1.484091 0.961591 0.672221
vertex 1.474336 0.961591 0.680866
vertex 1.476903 0.965433 0.672221
endloop
endfacet
facet normal -0.631335 -0.769346 0.097589
outer loop
vertex 1.472221 0.958427 0.700000
vertex 1.472755 0.959226 0.709754
vertex 1.465324 0.965324 0.709754
endloop
endfacet
facet normal -0.631406 -0.769300 0.097491
outer loop
vertex 1.472221 0.958427 0.700000
vertex 1.465324 0.965324 0.709754
vertex 1.464645 0.964645 0.700000
endloop
endfacet
facet normal -0.062471 -0.076141 0.995138
outer loop
vertex 1.494581 0.991890 0.749039
vertex 1.500000 1.000000 0.750000
vertex 1.493103 0.993103 0.749039
endloop
endfacet
facet normal -0.062414 -0.076078 -0.995147
outer loop
vertex 1.500000 1.000000 0.650000
vertex 1.494581 0.991890 0.650960
vertex 1.493103 0.993103 0.650960
endloop
endfacet
facet normal -0.631404 -0.769292 -0.097567
outer loop
vertex 1.472755 0.959226 0.690245
vertex 1.472221 0.958427 0.700000
vertex 1.464645 0.964645 0.700000
endloop
endfacet
facet normal -0.631336 -0.769357 -0.097492
outer loop
vertex 1.472755 0.959226 0.690245
vertex 1.464645 0.964645 0.700000
vertex 1.465324 0.965324 0.690245
endloop
endfacet
facet normal -0.184952 -0.225349 0.956562
outer loop
vertex 1.489369 0.984091 0.746194
vertex 1.494581 0.991890 0.749039
vertex 1.493103 0.993103 0.749039
endloop
endfacet
facet normal -0.184956 -0.225342 0.956563
outer loop
vertex 1.489369 0.984091 0.746194
vertex 1.493103 0.993103 0.749039
vertex 1.486470 0.986470 0.746194
endloop
endfacet
facet normal -0.607299 -0.740052 -0.288984
outer loop
vertex 1.474336 0.961591 0.680866
vertex 1.472755 0.959226 0.690245
vertex 1.465324 0.965324 0.690245
endloop
endfacet
facet normal -0.607307 -0.740028 -0.289026
outer loop
vertex 1.474336 0.961591 0.680866
vertex 1.465324 0.965324 0.690245
vertex 1.467336 0.967336 0.680866
endloop
endfacet
facet normal -0.300182 -0.365782 0.880962
outer loop
vertex 1.484567 0.976903 0.741573
vertex 1.489369 0.984091 0.746194
vertex 1.486470 0.986470 0.746194
endloop
endfacet
facet normal -0.300113 -0.365820 0.880970
outer loop
vertex 1.484567 0.976903 0.741573
vertex 1.486470 0.986470 0.746194
vertex 1.480357 0.980357 0.741573
endloop
endfacet
facet normal -0.560092 -0.682464 -0.469617
outer loop
vertex 1.476903 0.965433 0.672221
vertex 1.474336 0.961591 0.680866
vertex 1.467336 0.967336 0.680866
endloop
endfacet
facet normal -0.560081 -0.682507 -0.469568
outer loop
vertex 1.476903 0.965433 0.672221
vertex 1.467336 0.967336 0.680866
vertex 1.470603 0.970603 0.672221
endloop
endfacet
facet normal -0.403476 -0.491769 0.771603
outer loop
vertex 1.480357 0.970603 0.735356
vertex 1.484567 0.976903 0.741573
vertex 1.480357 0.980357 0.741573
endloop
endfacet
facet normal -0.403635 -0.491754 0.771529
outer loop
vertex 1.480357 0.970603 0.735356
vertex 1.480357 0.980357 0.741573
vertex 1.475000 0.975000 0.735356
endloop
endfacet
facet normal -0.491322 -0.598708 -0.632576
outer loop
vertex 1.480357 0.970603 0.664645
vertex 1.476903 0.965433 0.672221
vertex 1.470603 0.970603 0.672221
endloop
endfacet
facet normal -0.491359 -0.598639 -0.632612
outer loop
vertex 1.480357 0.970603 0.664645
vertex 1.470603 0.970603 0.672221
vertex 1.475000 0.975000 0.664645
endloop
endfacet
facet normal -0.491447 -0.598726 0.632461
outer loop
vertex 1.476903 0.965433 0.727778
vertex 1.480357 0.970603 0.735356
vertex 1.475000 0.975000 0.735356
endloop
endfacet
facet normal -0.491354 -0.598747 0.632514
outer loop
vertex 1.476903 0.965433 0.727778
vertex 1.475000 0.975000 0.735356
vertex 1.470603 0.970603 0.727778
endloop
endfacet
facet normal -0.403644 -0.491729 -0.771540
outer loop
vertex 1.484567 0.976903 0.658427
vertex 1.480357 0.970603 0.664645
vertex 1.475000 0.975000 0.664645
endloop
endfacet
facet normal -0.403568 -0.491901 -0.771470
outer loop
vertex 1.484567 0.976903 0.658427
vertex 1.475000 0.975000 0.664645
vertex 1.480357 0.980357 0.658427
endloop
endfacet
facet normal -0.560058 -0.682465 0.469656
outer loop
vertex 1.474336 0.961591 0.719134
vertex 1.476903 0.965433 0.727778
vertex 1.470603 0.970603 0.727778
endloop
endfacet
facet normal -0.560086 -0.682462 0.469626
outer loop
vertex 1.474336 0.961591 0.719134
vertex 1.470603 0.970603 0.727778
vertex 1.467336 0.967336 0.719134
endloop
endfacet
facet normal -0.300138 -0.365829 -0.880957
outer loop
vertex 1.489369 0.984091 0.653806
vertex 1.484567 0.976903 0.658427
vertex 1.480357 0.980357 0.658427
endloop
endfacet
facet normal -0.300180 -0.365791 -0.880959
outer loop
vertex 1.489369 0.984091 0.653806
vertex 1.480357 0.980357 0.658427
vertex 1.486470 0.986470 0.653806
endloop
endfacet
facet normal -0.607337 -0.740039 0.288937
outer loop
vertex 1.472755 0.959226 0.709754
vertex 1.474336 0.961591 0.719134
vertex 1.467336 0.967336 0.719134
endloop
endfacet
facet normal -0.607298 -0.740043 0.289006
outer loop
vertex 1.472755 0.959226 0.709754
vertex 1.467336 0.967336 0.719134
vertex 1.465324 0.965324 0.709754
endloop
endfacet
facet normal -0.184994 -0.225436 -0.956533
outer loop
vertex 1.494581 0.991890 0.650960
vertex 1.489369 0.984091 0.653806
vertex 1.486470 0.986470 0.653806
endloop
endfacet
facet normal -0.185010 -0.225386 -0.956542
outer loop
vertex 1.494581 0.991890 0.650960
vertex 1.486470 0.986470 0.653806
vertex 1.493103 0.993103 0.650960
endloop
endfacet
facet normal -0.598684 -0.491279 -0.632632
outer loop
vertex 1.475000 0.975000 0.664645
vertex 1.470603 0.970603 0.672221
vertex 1.465433 0.976903 0.672221
endloop
endfacet
facet normal -0.598665 -0.491390 -0.632564
outer loop
vertex 1.475000 0.975000 0.664645
vertex 1.465433 0.976903 0.672221
vertex 1.470603 0.980357 0.664645
endloop
endfacet
facet normal -0.598689 -0.491417 0.632519
outer loop
vertex 1.470603 0.970603 0.727778
vertex 1.475000 0.975000 0.735356
vertex 1.470603 0.980357 0.735356
endloop
endfacet
facet normal -0.598782 -0.491361 0.632475
outer loop
vertex 1.470603 0.970603 0.727778
vertex 1.470603 0.980357 0.735356
vertex 1.465433 0.976903 0.727778
endloop
endfacet
facet normal -0.491806 -0.403686 -0.771469
outer loop
vertex 1.480357 0.980357 0.658427
vertex 1.475000 0.975000 0.664645
vertex 1.470603 0.980357 0.664645
endloop
endfacet
facet normal -0.491850 -0.403517 -0.771529
outer loop
vertex 1.480357 0.980357 0.658427
vertex 1.470603 0.980357 0.664645
vertex 1.476903 0.984567 0.658427
endloop
endfacet
facet normal -0.682482 -0.560071 0.469616
outer loop
vertex 1.467336 0.967336 0.719134
vertex 1.470603 0.970603 0.727778
vertex 1.465433 0.976903 0.727778
endloop
endfacet
facet normal -0.682441 -0.560093 0.469649
outer loop
vertex 1.467336 0.967336 0.719134
vertex 1.465433 0.976903 0.727778
vertex 1.461591 0.974336 0.719134
endloop
endfacet
facet normal -0.365821 -0.300131 -0.880963
outer loop
vertex 1.486470 0.986470 0.653806
vertex 1.480357 0.980357 0.658427
vertex 1.476903 0.984567 0.658427
endloop
endfacet
facet normal -0.365791 -0.300180 -0.880959
outer loop
vertex 1.486470 0.986470 0.653806
vertex 1.476903 0.984567 0.658427
vertex 1.484091 0.989369 0.653806
endloop
endfacet
facet normal -0.740016 -0.607333 0.289003
outer loop
vertex 1.465324 0.965324 0.709754
vertex 1.467336 0.967336 0.719134
vertex 1.461591 0.974336 0.719134
endloop
endfacet
facet normal -0.740059 -0.607304 0.288954
outer loop
vertex 1.465324 0.965324 0.709754
vertex 1.461591 0.974336 0.719134
vertex 1.459226 0.972755 0.709754
endloop
endfacet
facet normal -0.225421 -0.184999 -0.956536
outer loop
vertex 1.493103 0.993103 0.650960
vertex 1.486470 0.986470 0.653806
vertex 1.484091 0.989369 0.653806
endloop
endfacet
facet normal -0.225409 -0.185009 -0.956537
outer loop
vertex 1.493103 0.993103 0.650960
vertex 1.484091 0.989369 0.653806
vertex 1.491890 0.994581 0.650960
endloop
endfacet
facet normal -0.769362 -0.631330 0.097491
outer loop
vertex 1.464645 0.964645 0.700000
vertex 1.465324 0.965324 0.709754
vertex 1.459226 0.972755 0.709754
endloop
endfacet
facet normal -0.769295 -0.631395 0.097599
outer loop
vertex 1.464645 0.964645 0.700000
vertex 1.459226 0.972755 0.709754
vertex 1.458427 0.972221 0.700000
endloop
endfacet
facet normal -0.076153 -0.062508 0.995135
outer loop
vertex 1.493103 0.993103 0.749039
vertex 1.500000 1.000000 0.750000
vertex 1.491890 0.994581 0.749039
endloop
endfacet
facet normal -0.076104 -0.062446 -0.995143
outer loop
vertex 1.500000 1.000000 0.650000
vertex 1.493103 0.993103 0.650960
vertex 1.491890 0.994581 0.650960
endloop
endfacet
facet normal -0.769296 -0.631409 -0.097499
outer loop
vertex 1.465324 0.965324 0.690245
vertex 1.464645 0.964645 0.700000
vertex 1.458427 0.972221 0.700000
endloop
endfacet
facet normal -0.769363 -0.631316 -0.097573
outer loop
vertex 1.465324 0.965324 0.690245
vertex 1.458427 0.972221 0.700000
vertex 1.459226 0.972755 0.690245
endloop
endfacet
facet normal -0.225340 -0.184964 0.956562
outer loop
vertex 1.486470 0.986470 0.746194
vertex 1.493103 0.993103 0.749039
vertex 1.491890 0.994581 0.749039
endloop
endfacet
facet normal -0.225349 -0.184926 0.956567
outer loop
vertex 1.486470 0.986470 0.746194
vertex 1.491890 0.994581 0.749039
vertex 1.484091 0.989369 0.746194
endloop
endfacet
facet normal -0.740046 -0.607285 -0.289027
outer loop
vertex 1.467336 0.967336 0.680866
vertex 1.465324 0.965324 0.690245
vertex 1.459226 0.972755 0.690245
endloop
endfacet
facet normal -0.740021 -0.607331 -0.288995
outer loop
vertex 1.467336 0.967336 0.680866
vertex 1.459226 0.972755 0.690245
vertex 1.461591 0.974336 0.680866
endloop
endfacet
facet normal -0.365770 -0.300148 0.880979
outer loop
vertex 1.480357 0.980357 0.741573
vertex 1.486470 0.986470 0.746194
vertex 1.484091 0.989369 0.746194
endloop
endfacet
facet normal -0.365835 -0.300143 0.880953
outer loop
vertex 1.480357 0.980357 0.741573
vertex 1.484091 0.989369 0.746194
vertex 1.476903 0.984567 0.741573
endloop
endfacet
facet normal -0.682489 -0.560095 -0.469578
outer loop
vertex 1.470603 0.970603 0.672221
vertex 1.467336 0.967336 0.680866
vertex 1.461591 0.974336 0.680866
endloop
endfacet
facet normal -0.682480 -0.560084 -0.469604
outer loop
vertex 1.470603 0.970603 0.672221
vertex 1.461591 0.974336 0.680866
vertex 1.465433 0.976903 0.672221
endloop
endfacet
facet normal -0.491854 -0.403550 0.771510
outer loop
vertex 1.475000 0.975000 0.735356
vertex 1.480357 0.980357 0.741573
vertex 1.476903 0.984567 0.741573
endloop
endfacet
facet normal -0.491707 -0.403596 0.771579
outer loop
vertex 1.475000 0.975000 0.735356
vertex 1.476903 0.984567 0.741573
vertex 1.470603 0.980357 0.735356
endloop
endfacet
facet normal -0.086847 -0.046469 0.995137
outer loop
vertex 1.491890 0.994581 0.749039
vertex 1.500000 1.000000 0.750000
vertex 1.490988 0.996267 0.749039
endloop
endfacet
facet normal -0.086765 -0.046422 -0.995147
outer loop
vertex 1.500000 1.000000 0.650000
vertex 1.491890 0.994581 0.650960
vertex 1.490988 0.996267 0.650960
endloop
endfacet
facet normal -0.877707 -0.469158 -0.097579
outer loop
vertex 1.459226 0.972755 0.690245
vertex 1.458427 0.972221 0.700000
vertex 1.453806 0.980866 0.700000
endloop
endfacet
facet normal -0.877673 -0.469235 -0.097513
outer loop
vertex 1.459226 0.972755 0.690245
vertex 1.453806 0.980866 0.700000
vertex 1.454693 0.981234 0.690245
endloop
endfacet
facet normal -0.257046 -0.137544 0.956561
outer loop
vertex 1.484091 0.989369 0.746194
vertex 1.491890 0.994581 0.749039
vertex 1.490988 0.996267 0.749039
endloop
endfacet
facet normal -0.257075 -0.137473 0.956563
outer loop
vertex 1.484091 0.989369 0.746194
vertex 1.490988 0.996267 0.749039
vertex 1.482322 0.992677 0.746194
endloop
endfacet
facet normal -0.844268 -0.451336 -0.288977
outer loop
vertex 1.461591 0.974336 0.680866
vertex 1.459226 0.972755 0.690245
vertex 1.454693 0.981234 0.690245
endloop
endfacet
facet normal -0.844283 -0.451228 -0.289101
outer loop
vertex 1.461591 0.974336 0.680866
vertex 1.454693 0.981234 0.690245
vertex 1.457323 0.982322 0.680866
endloop
endfacet
facet normal -0.417284 -0.223133 0.880957
outer loop
vertex 1.476903 0.984567 0.741573
vertex 1.484091 0.989369 0.746194
vertex 1.482322 0.992677 0.746194
endloop
endfacet
facet normal -0.417326 -0.223100 0.880946
outer loop
vertex 1.476903 0.984567 0.741573
vertex 1.482322 0.992677 0.746194
vertex 1.474336 0.989369 0.741573
endloop
endfacet
facet normal -0.778661 -0.416126 -0.469602
outer loop
vertex 1.465433 0.976903 0.672221
vertex 1.461591 0.974336 0.680866
vertex 1.457323 0.982322 0.680866
endloop
endfacet
facet normal -0.778638 -0.416198 -0.469576
outer loop
vertex 1.465433 0.976903 0.672221
vertex 1.457323 0.982322 0.680866
vertex 1.461591 0.984091 0.672221
endloop
endfacet
facet normal -0.561019 -0.299871 0.771580
outer loop
vertex 1.470603 0.980357 0.735356
vertex 1.476903 0.984567 0.741573
vertex 1.474336 0.989369 0.741573
endloop
endfacet
facet normal -0.561053 -0.299896 0.771545
outer loop
vertex 1.470603 0.980357 0.735356
vertex 1.474336 0.989369 0.741573
vertex 1.467336 0.986470 0.735356
endloop
endfacet
facet normal -0.683038 -0.365098 -0.632585
outer loop
vertex 1.470603 0.980357 0.664645
vertex 1.465433 0.976903 0.672221
vertex 1.461591 0.984091 0.672221
endloop
endfacet
facet normal -0.683059 -0.365051 -0.632589
outer loop
vertex 1.470603 0.980357 0.664645
vertex 1.461591 0.984091 0.672221
vertex 1.467336 0.986470 0.664645
endloop
endfacet
facet normal -0.683144 -0.365105 0.632465
outer loop
vertex 1.465433 0.976903 0.727778
vertex 1.470603 0.980357 0.735356
vertex 1.467336 0.986470 0.735356
endloop
endfacet
facet normal -0.683101 -0.365129 0.632499
outer loop
vertex 1.465433 0.976903 0.727778
vertex 1.467336 0.986470 0.735356
vertex 1.461591 0.984091 0.727778
endloop
endfacet
facet normal -0.561101 -0.299894 -0.771511
outer loop
vertex 1.476903 0.984567 0.658427
vertex 1.470603 0.980357 0.664645
vertex 1.467336 0.986470 0.664645
endloop
endfacet
facet normal -0.561086 -0.299930 -0.771508
outer loop
vertex 1.476903 0.984567 0.658427
vertex 1.467336 0.986470 0.664645
vertex 1.474336 0.989369 0.658427
endloop
endfacet
facet normal -0.778609 -0.416159 0.469658
outer loop
vertex 1.461591 0.974336 0.719134
vertex 1.465433 0.976903 0.727778
vertex 1.461591 0.984091 0.727778
endloop
endfacet
facet normal -0.778654 -0.416129 0.469611
outer loop
vertex 1.461591 0.974336 0.719134
vertex 1.461591 0.984091 0.727778
vertex 1.457323 0.982322 0.719134
endloop
endfacet
facet normal -0.417311 -0.223083 -0.880957
outer loop
vertex 1.484091 0.989369 0.653806
vertex 1.476903 0.984567 0.658427
vertex 1.474336 0.989369 0.658427
endloop
endfacet
facet normal -0.417315 -0.223182 -0.880930
outer loop
vertex 1.484091 0.989369 0.653806
vertex 1.474336 0.989369 0.658427
vertex 1.482322 0.992677 0.653806
endloop
endfacet
facet normal -0.844341 -0.451222 0.288942
outer loop
vertex 1.459226 0.972755 0.709754
vertex 1.461591 0.974336 0.719134
vertex 1.457323 0.982322 0.719134
endloop
endfacet
facet normal -0.844235 -0.451347 0.289057
outer loop
vertex 1.459226 0.972755 0.709754
vertex 1.457323 0.982322 0.719134
vertex 1.454693 0.981234 0.709754
endloop
endfacet
facet normal -0.257155 -0.137519 -0.956535
outer loop
vertex 1.491890 0.994581 0.650960
vertex 1.484091 0.989369 0.653806
vertex 1.482322 0.992677 0.653806
endloop
endfacet
facet normal -0.257150 -0.137546 -0.956533
outer loop
vertex 1.491890 0.994581 0.650960
vertex 1.482322 0.992677 0.653806
vertex 1.490988 0.996267 0.650960
endloop
endfacet
facet normal -0.877677 -0.469211 0.097590
outer loop
vertex 1.458427 0.972221 0.700000
vertex 1.459226 0.972755 0.709754
vertex 1.454693 0.981234 0.709754
endloop
endfacet
facet normal -0.877707 -0.469169 0.097525
outer loop
vertex 1.458427 0.972221 0.700000
vertex 1.454693 0.981234 0.709754
vertex 1.453806 0.980866 0.700000
endloop
endfacet
facet normal -0.741212 -0.224814 0.632506
outer loop
vertex 1.461591 0.984091 0.727778
vertex 1.467336 0.986470 0.735356
vertex 1.465324 0.993103 0.735356
endloop
endfacet
facet normal -0.741266 -0.224787 0.632451
outer loop
vertex 1.461591 0.984091 0.727778
vertex 1.465324 0.993103 0.735356
vertex 1.459226 0.991890 0.727778
endloop
endfacet
facet normal -0.608838 -0.184661 -0.771503
outer loop
vertex 1.474336 0.989369 0.658427
vertex 1.467336 0.986470 0.664645
vertex 1.465324 0.993103 0.664645
endloop
endfacet
facet normal -0.608815 -0.184719 -0.771507
outer loop
vertex 1.474336 0.989369 0.658427
vertex 1.465324 0.993103 0.664645
vertex 1.472755 0.994581 0.658427
endloop
endfacet
facet normal -0.844896 -0.256179 0.469598
outer loop
vertex 1.457323 0.982322 0.719134
vertex 1.461591 0.984091 0.727778
vertex 1.459226 0.991890 0.727778
endloop
endfacet
facet normal -0.844747 -0.256407 0.469743
outer loop
vertex 1.457323 0.982322 0.719134
vertex 1.459226 0.991890 0.727778
vertex 1.454693 0.990988 0.719134
endloop
endfacet
facet normal -0.452839 -0.137352 -0.880949
outer loop
vertex 1.482322 0.992677 0.653806
vertex 1.474336 0.989369 0.658427
vertex 1.472755 0.994581 0.658427
endloop
endfacet
facet normal -0.452819 -0.137221 -0.880980
outer loop
vertex 1.482322 0.992677 0.653806
vertex 1.472755 0.994581 0.658427
vertex 1.481234 0.996267 0.653806
endloop
endfacet
facet normal -0.916045 -0.278016 0.289083
outer loop
vertex 1.454693 0.981234 0.709754
vertex 1.457323 0.982322 0.719134
vertex 1.454693 0.990988 0.719134
endloop
endfacet
facet normal -0.916137 -0.277856 0.288945
outer loop
vertex 1.454693 0.981234 0.709754
vertex 1.454693 0.990988 0.719134
vertex 1.451903 0.990433 0.709754
endloop
endfacet
facet normal -0.279095 -0.084590 -0.956531
outer loop
vertex 1.490988 0.996267 0.650960
vertex 1.482322 0.992677 0.653806
vertex 1.481234 0.996267 0.653806
endloop
endfacet
facet normal -0.279095 -0.084643 -0.956526
outer loop
vertex 1.490988 0.996267 0.650960
vertex 1.481234 0.996267 0.653806
vertex 1.490433 0.998097 0.650960
endloop
endfacet
facet normal -0.952387 -0.288874 0.097525
outer loop
vertex 1.453806 0.980866 0.700000
vertex 1.454693 0.981234 0.709754
vertex 1.451903 0.990433 0.709754
endloop
endfacet
facet normal -0.952348 -0.288959 0.097648
outer loop
vertex 1.453806 0.980866 0.700000
vertex 1.451903 0.990433 0.709754
vertex 1.450960 0.990245 0.700000
endloop
endfacet
facet normal -0.094283 -0.028586 0.995135
outer loop
vertex 1.490988 0.996267 0.749039
vertex 1.500000 1.000000 0.750000
vertex 1.490433 0.998097 0.749039
endloop
endfacet
facet normal -0.094193 -0.028560 -0.995144
outer loop
vertex 1.500000 1.000000 0.650000
vertex 1.490988 0.996267 0.650960
vertex 1.490433 0.998097 0.650960
endloop
endfacet
facet normal -0.952354 -0.288986 -0.097510
outer loop
vertex 1.454693 0.981234 0.690245
vertex 1.453806 0.980866 0.700000
vertex 1.450960 0.990245 0.700000
endloop
endfacet
facet normal -0.952386 -0.288839 -0.097641
outer loop
vertex 1.454693 0.981234 0.690245
vertex 1.450960 0.990245 0.700000
vertex 1.451903 0.990433 0.690245
endloop
endfacet
facet normal -0.279027 -0.084599 0.956549
outer loop
vertex 1.482322 0.992677 0.746194
vertex 1.490988 0.996267 0.749039
vertex 1.490433 0.998097 0.749039
endloop
endfacet
facet normal -0.279018 -0.084568 0.956555
outer loop
vertex 1.482322 0.992677 0.746194
vertex 1.490433 0.998097 0.749039
vertex 1.481234 0.996267 0.746194
endloop
endfacet
facet normal -0.916085 -0.277854 -0.289113
outer loop
vertex 1.457323 0.982322 0.680866
vertex 1.454693 0.981234 0.690245
vertex 1.451903 0.990433 0.690245
endloop
endfacet
facet normal -0.916085 -0.277999 -0.288973
outer loop
vertex 1.457323 0.982322 0.680866
vertex 1.451903 0.990433 0.690245
vertex 1.454693 0.990988 0.680866
endloop
endfacet
facet normal -0.452889 -0.137217 0.880944
outer loop
vertex 1.474336 0.989369 0.741573
vertex 1.482322 0.992677 0.746194
vertex 1.481234 0.996267 0.746194
endloop
endfacet
facet normal -0.452777 -0.137358 0.880980
outer loop
vertex 1.474336 0.989369 0.741573
vertex 1.481234 0.996267 0.746194
vertex 1.472755 0.994581 0.741573
endloop
endfacet
facet normal -0.844851 -0.256387 -0.469566
outer loop
vertex 1.461591 0.984091 0.672221
vertex 1.457323 0.982322 0.680866
vertex 1.454693 0.990988 0.680866
endloop
endfacet
facet normal -0.844827 -0.256200 -0.469711
outer loop
vertex 1.461591 0.984091 0.672221
vertex 1.454693 0.990988 0.680866
vertex 1.459226 0.991890 0.672221
endloop
endfacet
facet normal -0.608769 -0.184627 0.771565
outer loop
vertex 1.467336 0.986470 0.735356
vertex 1.474336 0.989369 0.741573
vertex 1.472755 0.994581 0.741573
endloop
endfacet
facet normal -0.608771 -0.184673 0.771553
outer loop
vertex 1.467336 0.986470 0.735356
vertex 1.472755 0.994581 0.741573
vertex 1.465324 0.993103 0.735356
endloop
endfacet
facet normal -0.741151 -0.224765 -0.632595
outer loop
vertex 1.467336 0.986470 0.664645
vertex 1.461591 0.984091 0.672221
vertex 1.459226 0.991890 0.672221
endloop
endfacet
facet normal -0.741169 -0.224809 -0.632558
outer loop
vertex 1.467336 0.986470 0.664645
vertex 1.459226 0.991890 0.672221
vertex 1.465324 0.993103 0.664645
endloop
endfacet
facet normal -0.990440 -0.097456 -0.097628
outer loop
vertex 1.451903 0.990433 0.690245
vertex 1.450960 0.990245 0.700000
vertex 1.450000 1.000000 0.700000
endloop
endfacet
facet normal -0.990436 -0.097553 -0.097567
outer loop
vertex 1.451903 0.990433 0.690245
vertex 1.450000 1.000000 0.700000
vertex 1.450961 1.000000 0.690245
endloop
endfacet
facet normal -0.290136 -0.028698 0.956555
outer loop
vertex 1.481234 0.996267 0.746194
vertex 1.490433 0.998097 0.749039
vertex 1.490245 1.000000 0.749039
endloop
endfacet
facet normal -0.290166 -0.028599 0.956549
outer loop
vertex 1.481234 0.996267 0.746194
vertex 1.490245 1.000000 0.749039
vertex 1.480866 1.000000 0.746194
endloop
endfacet
facet normal -0.952730 -0.093822 -0.288969
outer loop
vertex 1.454693 0.990988 0.680866
vertex 1.451903 0.990433 0.690245
vertex 1.450961 1.000000 0.690245
endloop
endfacet
facet normal -0.952728 -0.093766 -0.288994
outer loop
vertex 1.454693 0.990988 0.680866
vertex 1.450961 1.000000 0.690245
vertex 1.453806 1.000000 0.680866
endloop
endfacet
facet normal -0.470876 -0.046423 0.880977
outer loop
vertex 1.472755 0.994581 0.741573
vertex 1.481234 0.996267 0.746194
vertex 1.480866 1.000000 0.746194
endloop
endfacet
facet normal -0.470917 -0.046412 0.880956
outer loop
vertex 1.472755 0.994581 0.741573
vertex 1.480866 1.000000 0.746194
vertex 1.472221 1.000000 0.741573
endloop
endfacet
facet normal -0.878586 -0.086478 -0.469689
outer loop
vertex 1.459226 0.991890 0.672221
vertex 1.454693 0.990988 0.680866
vertex 1.453806 1.000000 0.680866
endloop
endfacet
facet normal -0.878595 -0.086576 -0.469654
outer loop
vertex 1.459226 0.991890 0.672221
vertex 1.453806 1.000000 0.680866
vertex 1.458427 1.000000 0.672221
endloop
endfacet
facet normal -0.633097 -0.062375 0.771555
outer loop
vertex 1.465324 0.993103 0.735356
vertex 1.472755 0.994581 0.741573
vertex 1.472221 1.000000 0.741573
endloop
endfacet
facet normal -0.633134 -0.062322 0.771529
outer loop
vertex 1.465324 0.993103 0.735356
vertex 1.472221 1.000000 0.741573
vertex 1.464645 1.000000 0.735356
endloop
endfacet
facet normal -0.770776 -0.075942 -0.632564
outer loop
vertex 1.465324 0.993103 0.664645
vertex 1.459226 0.991890 0.672221
vertex 1.458427 1.000000 0.672221
endloop
endfacet
facet normal -0.770750 -0.075888 -0.632602
outer loop
vertex 1.465324 0.993103 0.664645
vertex 1.458427 1.000000 0.672221
vertex 1.464645 1.000000 0.664645
endloop
endfacet
facet normal -0.770865 -0.075879 0.632463
outer loop
vertex 1.459226 0.991890 0.727778
vertex 1.465324 0.993103 0.735356
vertex 1.464645 1.000000 0.735356
endloop
endfacet
facet normal -0.770827 -0.075974 0.632499
outer loop
vertex 1.459226 0.991890 0.727778
vertex 1.464645 1.000000 0.735356
vertex 1.458427 1.000000 0.727778
endloop
endfacet
facet normal -0.633175 -0.062315 -0.771496
outer loop
vertex 1.472755 0.994581 0.658427
vertex 1.465324 0.993103 0.664645
vertex 1.464645 1.000000 0.664645
endloop
endfacet
facet normal -0.633191 -0.062375 -0.771478
outer loop
vertex 1.472755 0.994581 0.658427
vertex 1.464645 1.000000 0.664645
vertex 1.472221 1.000000 0.658427
endloop
endfacet
facet normal -0.878552 -0.086533 0.469742
outer loop
vertex 1.454693 0.990988 0.719134
vertex 1.459226 0.991890 0.727778
vertex 1.458427 1.000000 0.727778
endloop
endfacet
facet normal -0.878584 -0.086489 0.469690
outer loop
vertex 1.454693 0.990988 0.719134
vertex 1.458427 1.000000 0.727778
vertex 1.453806 1.000000 0.719134
endloop
endfacet
facet normal -0.470904 -0.046410 -0.880963
outer loop
vertex 1.481234 0.996267 0.653806
vertex 1.472755 0.994581 0.658427
vertex 1.472221 1.000000 0.658427
endloop
endfacet
facet normal -0.470912 -0.046425 -0.880958
outer loop
vertex 1.481234 0.996267 0.653806
vertex 1.472221 1.000000 0.658427
vertex 1.480866 1.000000 0.653806
endloop
endfacet
facet normal -0.952741 -0.093798 0.288941
outer loop
vertex 1.451903 0.990433 0.709754
vertex 1.454693 0.990988 0.719134
vertex 1.453806 1.000000 0.719134
endloop
endfacet
facet normal -0.952736 -0.093793 0.288959
outer loop
vertex 1.451903 0.990433 0.709754
vertex 1.453806 1.000000 0.719134
vertex 1.450961 1.000000 0.709754
endloop
endfacet
facet normal -0.290250 -0.028624 -0.956522
outer loop
vertex 1.490433 0.998097 0.650960
vertex 1.481234 0.996267 0.653806
vertex 1.480866 1.000000 0.653806
endloop
endfacet
facet normal -0.290225 -0.028697 -0.956528
outer loop
vertex 1.490433 0.998097 0.650960
vertex 1.480866 1.000000 0.653806
vertex 1.490245 1.000000 0.650960
endloop
endfacet
facet normal -0.990430 -0.097543 0.097639
outer loop
vertex 1.450960 0.990245 0.700000
vertex 1.451903 0.990433 0.709754
vertex 1.450961 1.000000 0.709754
endloop
endfacet
facet normal -0.990444 -0.097468 0.097578
outer loop
vertex 1.450960 0.990245 0.700000
vertex 1.450961 1.000000 0.709754
vertex 1.450000 1.000000 0.700000
endloop
endfacet
facet normal -0.098021 -0.009697 0.995137
outer loop
vertex 1.490433 0.998097 0.749039
vertex 1.500000 1.000000 0.750000
vertex 1.490245 1.000000 0.749039
endloop
endfacet
facet normal -0.097921 -0.009685 -0.995147
outer loop
vertex 1.500000 1.000000 0.650000
vertex 1.490433 0.998097 0.650960
vertex 1.490245 1.000000 0.650960
endloop
endfacet
facet normal -0.633201 0.062310 -0.771476
outer loop
vertex 1.472221 1.000000 0.658427
vertex 1.464645 1.000000 0.664645
vertex 1.465324 1.006898 0.664645
endloop
endfacet
facet normal -0.633148 0.062371 -0.771514
outer loop
vertex 1.472221 1.000000 0.658427
vertex 1.465324 1.006898 0.664645
vertex 1.472755 1.005419 0.658427
endloop
endfacet
facet normal -0.878578 0.086582 0.469685
outer loop
vertex 1.453806 1.000000 0.719134
vertex 1.458427 1.000000 0.727778
vertex 1.459226 1.008110 0.727778
endloop
endfacet
facet normal -0.878562 0.086444 0.469741
outer loop
vertex 1.453806 1.000000 0.719134
vertex 1.459226 1.008110 0.727778
vertex 1.454693 1.009012 0.719134
endloop
endfacet
facet normal -0.470912 0.046412 -0.880959
outer loop
vertex 1.480866 1.000000 0.653806
vertex 1.472221 1.000000 0.658427
vertex 1.472755 1.005419 0.658427
endloop
endfacet
facet normal -0.470901 0.046423 -0.880964
outer loop
vertex 1.480866 1.000000 0.653806
vertex 1.472755 1.005419 0.658427
vertex 1.481234 1.003733 0.653806
endloop
endfacet
facet normal -0.952740 0.093755 0.288958
outer loop
vertex 1.450961 1.000000 0.709754
vertex 1.453806 1.000000 0.719134
vertex 1.454693 1.009012 0.719134
endloop
endfacet
facet normal -0.952737 0.093834 0.288941
outer loop
vertex 1.450961 1.000000 0.709754
vertex 1.454693 1.009012 0.719134
vertex 1.451903 1.009567 0.709754
endloop
endfacet
facet normal -0.290239 0.028624 -0.956526
outer loop
vertex 1.490245 1.000000 0.650960
vertex 1.480866 1.000000 0.653806
vertex 1.481234 1.003733 0.653806
endloop
endfacet
facet normal -0.290248 0.028697 -0.956521
outer loop
vertex 1.490245 1.000000 0.650960
vertex 1.481234 1.003733 0.653806
vertex 1.490433 1.001903 0.650960
endloop
endfacet
facet normal -0.990436 0.097543 0.097576
outer loop
vertex 1.450000 1.000000 0.700000
vertex 1.450961 1.000000 0.709754
vertex 1.451903 1.009567 0.709754
endloop
endfacet
facet normal -0.990439 0.097575 0.097521
outer loop
vertex 1.450000 1.000000 0.700000
vertex 1.451903 1.009567 0.709754
vertex 1.450961 1.009754 0.700000
endloop
endfacet
facet normal -0.098033 0.009697 0.995136
outer loop
vertex 1.490245 1.000000 0.749039
vertex 1.500000 1.000000 0.750000
vertex 1.490433 1.001903 0.749039
endloop
endfacet
facet normal -0.097921 0.009685 -0.995147
outer loop
vertex 1.500000 1.000000 0.650000
vertex 1.490245 1.000000 0.650960
vertex 1.490433 1.001903 0.650960
endloop
endfacet
facet normal -0.990433 0.097583 -0.097566
outer loop
vertex 1.450961 1.000000 0.690245
vertex 1.450000 1.000000 0.700000
vertex 1.450961 1.009754 0.700000
endloop
endfacet
facet normal -0.990444 0.097534 -0.097510
outer loop
vertex 1.450961 1.000000 0.690245
vertex 1.450961 1.009754 0.700000
vertex 1.451903 1.009567 0.690245
endloop
endfacet
facet normal -0.290147 0.028698 0.956552
outer loop
vertex 1.480866 1.000000 0.746194
vertex 1.490245 1.000000 0.749039
vertex 1.490433 1.001903 0.749039
endloop
endfacet
facet normal -0.290160 0.028599 0.956551
outer loop
vertex 1.480866 1.000000 0.746194
vertex 1.490433 1.001903 0.749039
vertex 1.481234 1.003733 0.746194
endloop
endfacet
facet normal -0.952728 0.093783 -0.288988
outer loop
vertex 1.453806 1.000000 0.680866
vertex 1.450961 1.000000 0.690245
vertex 1.451903 1.009567 0.690245
endloop
endfacet
facet normal -0.952730 0.093809 -0.288974
outer loop
vertex 1.453806 1.000000 0.680866
vertex 1.451903 1.009567 0.690245
vertex 1.454693 1.009012 0.680866
endloop
endfacet
facet normal -0.470897 0.046425 0.880966
outer loop
vertex 1.472221 1.000000 0.741573
vertex 1.480866 1.000000 0.746194
vertex 1.481234 1.003733 0.746194
endloop
endfacet
facet normal -0.470896 0.046411 0.880967
outer loop
vertex 1.472221 1.000000 0.741573
vertex 1.481234 1.003733 0.746194
vertex 1.472755 1.005419 0.741573
endloop
endfacet
facet normal -0.878611 0.086501 -0.469639
outer loop
vertex 1.458427 1.000000 0.672221
vertex 1.453806 1.000000 0.680866
vertex 1.454693 1.009012 0.680866
endloop
endfacet
facet normal -0.878570 0.086549 -0.469707
outer loop
vertex 1.458427 1.000000 0.672221
vertex 1.454693 1.009012 0.680866
vertex 1.459226 1.008110 0.672221
endloop
endfacet
facet normal -0.633131 0.062378 0.771527
outer loop
vertex 1.464645 1.000000 0.735356
vertex 1.472221 1.000000 0.741573
vertex 1.472755 1.005419 0.741573
endloop
endfacet
facet normal -0.633103 0.062311 0.771556
outer loop
vertex 1.464645 1.000000 0.735356
vertex 1.472755 1.005419 0.741573
vertex 1.465324 1.006898 0.735356
endloop
endfacet
facet normal -0.770746 0.075962 -0.632598
outer loop
vertex 1.464645 1.000000 0.664645
vertex 1.458427 1.000000 0.672221
vertex 1.459226 1.008110 0.672221
endloop
endfacet
facet normal -0.770792 0.075853 -0.632555
outer loop
vertex 1.464645 1.000000 0.664645
vertex 1.459226 1.008110 0.672221
vertex 1.465324 1.006898 0.664645
endloop
endfacet
facet normal -0.770831 0.075892 0.632502
outer loop
vertex 1.458427 1.000000 0.727778
vertex 1.464645 1.000000 0.735356
vertex 1.465324 1.006898 0.735356
endloop
endfacet
facet normal -0.770866 0.075954 0.632453
outer loop
vertex 1.458427 1.000000 0.727778
vertex 1.465324 1.006898 0.735356
vertex 1.459226 1.008110 0.727778
endloop
endfacet
facet normal -0.916129 0.277848 -0.288978
outer loop
vertex 1.454693 1.009012 0.680866
vertex 1.451903 1.009567 0.690245
vertex 1.454693 1.018766 0.690245
endloop
endfacet
facet normal -0.916020 0.278033 -0.289145
outer loop
vertex 1.454693 1.009012 0.680866
vertex 1.454693 1.018766 0.690245
vertex 1.457323 1.017677 0.680866
endloop
endfacet
facet normal -0.452827 0.137258 0.880970
outer loop
vertex 1.472755 1.005419 0.741573
vertex 1.481234 1.003733 0.746194
vertex 1.482322 1.007322 0.746194
endloop
endfacet
facet normal -0.452824 0.137380 0.880953
outer loop
vertex 1.472755 1.005419 0.741573
vertex 1.482322 1.007322 0.746194
vertex 1.474336 1.010630 0.741573
endloop
endfacet
facet normal -0.844770 0.256412 -0.469699
outer loop
vertex 1.459226 1.008110 0.672221
vertex 1.454693 1.009012 0.680866
vertex 1.457323 1.017677 0.680866
endloop
endfacet
facet normal -0.844925 0.256211 -0.469529
outer loop
vertex 1.459226 1.008110 0.672221
vertex 1.457323 1.017677 0.680866
vertex 1.461591 1.015909 0.672221
endloop
endfacet
facet normal -0.608734 0.184724 0.771570
outer loop
vertex 1.465324 1.006898 0.735356
vertex 1.472755 1.005419 0.741573
vertex 1.474336 1.010630 0.741573
endloop
endfacet
facet normal -0.608773 0.184643 0.771559
outer loop
vertex 1.465324 1.006898 0.735356
vertex 1.474336 1.010630 0.741573
vertex 1.467336 1.013530 0.735356
endloop
endfacet
facet normal -0.741191 0.224761 -0.632549
outer loop
vertex 1.465324 1.006898 0.664645
vertex 1.459226 1.008110 0.672221
vertex 1.461591 1.015909 0.672221
endloop
endfacet
facet normal -0.741117 0.224848 -0.632605
outer loop
vertex 1.465324 1.006898 0.664645
vertex 1.461591 1.015909 0.672221
vertex 1.467336 1.013530 0.664645
endloop
endfacet
facet normal -0.741256 0.224860 0.632438
outer loop
vertex 1.459226 1.008110 0.727778
vertex 1.465324 1.006898 0.735356
vertex 1.467336 1.013530 0.735356
endloop
endfacet
facet normal -0.741218 0.224780 0.632511
outer loop
vertex 1.459226 1.008110 0.727778
vertex 1.467336 1.013530 0.735356
vertex 1.461591 1.015909 0.727778
endloop
endfacet
facet normal -0.608822 0.184709 -0.771504
outer loop
vertex 1.472755 1.005419 0.658427
vertex 1.465324 1.006898 0.664645
vertex 1.467336 1.013530 0.664645
endloop
endfacet
facet normal -0.608794 0.184718 -0.771524
outer loop
vertex 1.472755 1.005419 0.658427
vertex 1.467336 1.013530 0.664645
vertex 1.474336 1.010630 0.658427
endloop
endfacet
facet normal -0.844804 0.256201 0.469751
outer loop
vertex 1.454693 1.009012 0.719134
vertex 1.459226 1.008110 0.727778
vertex 1.461591 1.015909 0.727778
endloop
endfacet
facet normal -0.844834 0.256419 0.469579
outer loop
vertex 1.454693 1.009012 0.719134
vertex 1.461591 1.015909 0.727778
vertex 1.457323 1.017677 0.719134
endloop
endfacet
facet normal -0.452809 0.137402 -0.880957
outer loop
vertex 1.481234 1.003733 0.653806
vertex 1.472755 1.005419 0.658427
vertex 1.474336 1.010630 0.658427
endloop
endfacet
facet normal -0.452863 0.137222 -0.880957
outer loop
vertex 1.481234 1.003733 0.653806
vertex 1.474336 1.010630 0.658427
vertex 1.482322 1.007322 0.653806
endloop
endfacet
facet normal -0.916079 0.278040 0.288951
outer loop
vertex 1.451903 1.009567 0.709754
vertex 1.454693 1.009012 0.719134
vertex 1.457323 1.017677 0.719134
endloop
endfacet
facet normal -0.916087 0.277861 0.289098
outer loop
vertex 1.451903 1.009567 0.709754
vertex 1.457323 1.017677 0.719134
vertex 1.454693 1.018766 0.709754
endloop
endfacet
facet normal -0.279111 0.084614 -0.956524
outer loop
vertex 1.490433 1.001903 0.650960
vertex 1.481234 1.003733 0.653806
vertex 1.482322 1.007322 0.653806
endloop
endfacet
facet normal -0.279034 0.084636 -0.956544
outer loop
vertex 1.490433 1.001903 0.650960
vertex 1.482322 1.007322 0.653806
vertex 1.490988 1.003733 0.650960
endloop
endfacet
facet normal -0.952394 0.288856 0.097511
outer loop
vertex 1.450961 1.009754 0.700000
vertex 1.451903 1.009567 0.709754
vertex 1.454693 1.018766 0.709754
endloop
endfacet
facet normal -0.952392 0.288859 0.097523
outer loop
vertex 1.450961 1.009754 0.700000
vertex 1.454693 1.018766 0.709754
vertex 1.453806 1.019134 0.700000
endloop
endfacet
facet normal -0.094271 0.028586 0.995136
outer loop
vertex 1.490433 1.001903 0.749039
vertex 1.500000 1.000000 0.750000
vertex 1.490988 1.003733 0.749039
endloop
endfacet
facet normal -0.094193 0.028560 -0.995144
outer loop
vertex 1.500000 1.000000 0.650000
vertex 1.490433 1.001903 0.650960
vertex 1.490988 1.003733 0.650960
endloop
endfacet
facet normal -0.952397 0.288847 -0.097502
outer loop
vertex 1.451903 1.009567 0.690245
vertex 1.450961 1.009754 0.700000
vertex 1.453806 1.019134 0.700000
endloop
endfacet
facet normal -0.952391 0.288864 -0.097514
outer loop
vertex 1.451903 1.009567 0.690245
vertex 1.453806 1.019134 0.700000
vertex 1.454693 1.018766 0.690245
endloop
endfacet
facet normal -0.279003 0.084649 0.956552
outer loop
vertex 1.481234 1.003733 0.746194
vertex 1.490433 1.001903 0.749039
vertex 1.490988 1.003733 0.749039
endloop
endfacet
facet normal -0.279003 0.084561 0.956560
outer loop
vertex 1.481234 1.003733 0.746194
vertex 1.490988 1.003733 0.749039
vertex 1.482322 1.007322 0.746194
endloop
endfacet
facet normal -0.417357 0.223074 -0.880938
outer loop
vertex 1.482322 1.007322 0.653806
vertex 1.474336 1.010630 0.658427
vertex 1.476903 1.015433 0.658427
endloop
endfacet
facet normal -0.417251 0.223129 -0.880974
outer loop
vertex 1.482322 1.007322 0.653806
vertex 1.476903 1.015433 0.658427
vertex 1.484091 1.010630 0.653806
endloop
endfacet
facet normal -0.844319 0.451175 0.289077
outer loop
vertex 1.454693 1.018766 0.709754
vertex 1.457323 1.017677 0.719134
vertex 1.461591 1.025664 0.719134
endloop
endfacet
facet normal -0.844272 0.451341 0.288956
outer loop
vertex 1.454693 1.018766 0.709754
vertex 1.461591 1.025664 0.719134
vertex 1.459226 1.027245 0.709754
endloop
endfacet
facet normal -0.257176 0.137537 -0.956527
outer loop
vertex 1.490988 1.003733 0.650960
vertex 1.482322 1.007322 0.653806
vertex 1.484091 1.010630 0.653806
endloop
endfacet
facet normal -0.257150 0.137546 -0.956533
outer loop
vertex 1.490988 1.003733 0.650960
vertex 1.484091 1.010630 0.653806
vertex 1.491890 1.005419 0.650960
endloop
endfacet
facet normal -0.877679 0.469221 0.097529
outer loop
vertex 1.453806 1.019134 0.700000
vertex 1.454693 1.018766 0.709754
vertex 1.459226 1.027245 0.709754
endloop
endfacet
facet normal -0.877689 0.469198 0.097551
outer loop
vertex 1.453806 1.019134 0.700000
vertex 1.459226 1.027245 0.709754
vertex 1.458427 1.027778 0.700000
endloop
endfacet
facet normal -0.086872 0.046469 0.995135
outer loop
vertex 1.490988 1.003733 0.749039
vertex 1.500000 1.000000 0.750000
vertex 1.491890 1.005419 0.749039
endloop
endfacet
facet normal -0.086752 0.046422 -0.995148
outer loop
vertex 1.500000 1.000000 0.650000
vertex 1.490988 1.003733 0.650960
vertex 1.491890 1.005419 0.650960
endloop
endfacet
facet normal -0.877681 0.469216 -0.097529
outer loop
vertex 1.454693 1.018766 0.690245
vertex 1.453806 1.019134 0.700000
vertex 1.458427 1.027778 0.700000
endloop
endfacet
facet normal -0.877681 0.469216 -0.097534
outer loop
vertex 1.454693 1.018766 0.690245
vertex 1.458427 1.027778 0.700000
vertex 1.459226 1.027245 0.690245
endloop
endfacet
facet normal -0.257084 0.137507 0.956556
outer loop
vertex 1.482322 1.007322 0.746194
vertex 1.490988 1.003733 0.749039
vertex 1.491890 1.005419 0.749039
endloop
endfacet
facet normal -0.257088 0.137512 0.956554
outer loop
vertex 1.482322 1.007322 0.746194
vertex 1.491890 1.005419 0.749039
vertex 1.484091 1.010630 0.746194
endloop
endfacet
facet normal -0.844215 0.451337 -0.289130
outer loop
vertex 1.457323 1.017677 0.680866
vertex 1.454693 1.018766 0.690245
vertex 1.459226 1.027245 0.690245
endloop
endfacet
facet normal -0.844359 0.451173 -0.288967
outer loop
vertex 1.457323 1.017677 0.680866
vertex 1.459226 1.027245 0.690245
vertex 1.461591 1.025664 0.680866
endloop
endfacet
facet normal -0.417286 0.223173 0.880946
outer loop
vertex 1.474336 1.010630 0.741573
vertex 1.482322 1.007322 0.746194
vertex 1.484091 1.010630 0.746194
endloop
endfacet
facet normal -0.417324 0.223026 0.880966
outer loop
vertex 1.474336 1.010630 0.741573
vertex 1.484091 1.010630 0.746194
vertex 1.476903 1.015433 0.741573
endloop
endfacet
facet normal -0.778695 0.416120 -0.469551
outer loop
vertex 1.461591 1.015909 0.672221
vertex 1.457323 1.017677 0.680866
vertex 1.461591 1.025664 0.680866
endloop
endfacet
facet normal -0.778637 0.416163 -0.469610
outer loop
vertex 1.461591 1.015909 0.672221
vertex 1.461591 1.025664 0.680866
vertex 1.465433 1.023097 0.672221
endloop
endfacet
facet normal -0.561023 0.299877 0.771574
outer loop
vertex 1.467336 1.013530 0.735356
vertex 1.474336 1.010630 0.741573
vertex 1.476903 1.015433 0.741573
endloop
endfacet
facet normal -0.561036 0.299875 0.771566
outer loop
vertex 1.467336 1.013530 0.735356
vertex 1.476903 1.015433 0.741573
vertex 1.470603 1.019642 0.735356
endloop
endfacet
facet normal -0.683046 0.365067 -0.632594
outer loop
vertex 1.467336 1.013530 0.664645
vertex 1.461591 1.015909 0.672221
vertex 1.465433 1.023097 0.672221
endloop
endfacet
facet normal -0.683017 0.365120 -0.632593
outer loop
vertex 1.467336 1.013530 0.664645
vertex 1.465433 1.023097 0.672221
vertex 1.470603 1.019642 0.664645
endloop
endfacet
facet normal -0.683096 0.365146 0.632494
outer loop
vertex 1.461591 1.015909 0.727778
vertex 1.467336 1.013530 0.735356
vertex 1.470603 1.019642 0.735356
endloop
endfacet
facet normal -0.683113 0.365123 0.632489
outer loop
vertex 1.461591 1.015909 0.727778
vertex 1.470603 1.019642 0.735356
vertex 1.465433 1.023097 0.727778
endloop
endfacet
facet normal -0.561075 0.299924 -0.771519
outer loop
vertex 1.474336 1.010630 0.658427
vertex 1.467336 1.013530 0.664645
vertex 1.470603 1.019642 0.664645
endloop
endfacet
facet normal -0.561110 0.299877 -0.771511
outer loop
vertex 1.474336 1.010630 0.658427
vertex 1.470603 1.019642 0.664645
vertex 1.476903 1.015433 0.658427
endloop
endfacet
facet normal -0.778636 0.416191 0.469586
outer loop
vertex 1.457323 1.017677 0.719134
vertex 1.461591 1.015909 0.727778
vertex 1.465433 1.023097 0.727778
endloop
endfacet
facet normal -0.778661 0.416065 0.469656
outer loop
vertex 1.457323 1.017677 0.719134
vertex 1.465433 1.023097 0.727778
vertex 1.461591 1.025664 0.719134
endloop
endfacet
facet normal -0.365815 0.300096 0.880978
outer loop
vertex 1.476903 1.015433 0.741573
vertex 1.484091 1.010630 0.746194
vertex 1.486470 1.013530 0.746194
endloop
endfacet
facet normal -0.365801 0.300169 0.880959
outer loop
vertex 1.476903 1.015433 0.741573
vertex 1.486470 1.013530 0.746194
vertex 1.480357 1.019642 0.741573
endloop
endfacet
facet normal -0.682468 0.560078 -0.469627
outer loop
vertex 1.465433 1.023097 0.672221
vertex 1.461591 1.025664 0.680866
vertex 1.467336 1.032664 0.680866
endloop
endfacet
facet normal -0.682489 0.560094 -0.469577
outer loop
vertex 1.465433 1.023097 0.672221
vertex 1.467336 1.032664 0.680866
vertex 1.470603 1.029397 0.672221
endloop
endfacet
facet normal -0.491781 0.403590 0.771535
outer loop
vertex 1.470603 1.019642 0.735356
vertex 1.476903 1.015433 0.741573
vertex 1.480357 1.019642 0.741573
endloop
endfacet
facet normal -0.491775 0.403573 0.771548
outer loop
vertex 1.470603 1.019642 0.735356
vertex 1.480357 1.019642 0.741573
vertex 1.475000 1.025000 0.735356
endloop
endfacet
facet normal -0.598681 0.491286 -0.632629
outer loop
vertex 1.470603 1.019642 0.664645
vertex 1.465433 1.023097 0.672221
vertex 1.470603 1.029397 0.672221
endloop
endfacet
facet normal -0.598676 0.491298 -0.632624
outer loop
vertex 1.470603 1.019642 0.664645
vertex 1.470603 1.029397 0.672221
vertex 1.475000 1.025000 0.664645
endloop
endfacet
facet normal -0.598737 0.491355 0.632522
outer loop
vertex 1.465433 1.023097 0.727778
vertex 1.470603 1.019642 0.735356
vertex 1.475000 1.025000 0.735356
endloop
endfacet
facet normal -0.598748 0.491342 0.632522
outer loop
vertex 1.465433 1.023097 0.727778
vertex 1.475000 1.025000 0.735356
vertex 1.470603 1.029397 0.727778
endloop
endfacet
facet normal -0.491837 0.403605 -0.771491
outer loop
vertex 1.476903 1.015433 0.658427
vertex 1.470603 1.019642 0.664645
vertex 1.475000 1.025000 0.664645
endloop
endfacet
facet normal -0.491816 0.403632 -0.771490
outer loop
vertex 1.476903 1.015433 0.658427
vertex 1.475000 1.025000 0.664645
vertex 1.480357 1.019642 0.658427
endloop
endfacet
facet normal -0.682472 0.560072 0.469629
outer loop
vertex 1.461591 1.025664 0.719134
vertex 1.465433 1.023097 0.727778
vertex 1.470603 1.029397 0.727778
endloop
endfacet
facet normal -0.682442 0.560087 0.469654
outer loop
vertex 1.461591 1.025664 0.719134
vertex 1.470603 1.029397 0.727778
vertex 1.467336 1.032664 0.719134
endloop
endfacet
facet normal -0.365773 0.300164 -0.880972
outer loop
vertex 1.484091 1.010630 0.653806
vertex 1.476903 1.015433 0.658427
vertex 1.480357 1.019642 0.658427
endloop
endfacet
facet normal -0.365843 0.300119 -0.880958
outer loop
vertex 1.484091 1.010630 0.653806
vertex 1.480357 1.019642 0.658427
vertex 1.486470 1.013530 0.653806
endloop
endfacet
facet normal -0.740039 0.607331 0.288949
outer loop
vertex 1.459226 1.027245 0.709754
vertex 1.461591 1.025664 0.719134
vertex 1.467336 1.032664 0.719134
endloop
endfacet
facet normal -0.740037 0.607306 0.289005
outer loop
vertex 1.459226 1.027245 0.709754
vertex 1.467336 1.032664 0.719134
vertex 1.465324 1.034676 0.709754
endloop
endfacet
facet normal -0.225473 0.184963 -0.956530
outer loop
vertex 1.491890 1.005419 0.650960
vertex 1.484091 1.010630 0.653806
vertex 1.486470 1.013530 0.653806
endloop
endfacet
facet normal -0.225474 0.184960 -0.956531
outer loop
vertex 1.491890 1.005419 0.650960
vertex 1.486470 1.013530 0.653806
vertex 1.493103 1.006898 0.650960
endloop
endfacet
facet normal -0.769359 0.631328 0.097530
outer loop
vertex 1.458427 1.027778 0.700000
vertex 1.459226 1.027245 0.709754
vertex 1.465324 1.034676 0.709754
endloop
endfacet
facet normal -0.769381 0.631297 0.097557
outer loop
vertex 1.458427 1.027778 0.700000
vertex 1.465324 1.034676 0.709754
vertex 1.464645 1.035356 0.700000
endloop
endfacet
facet normal -0.076173 0.062483 0.995135
outer loop
vertex 1.491890 1.005419 0.749039
vertex 1.500000 1.000000 0.750000
vertex 1.493103 1.006898 0.749039
endloop
endfacet
facet normal -0.076085 0.062420 -0.995145
outer loop
vertex 1.500000 1.000000 0.650000
vertex 1.491890 1.005419 0.650960
vertex 1.493103 1.006898 0.650960
endloop
endfacet
facet normal -0.769380 0.631304 -0.097521
outer loop
vertex 1.459226 1.027245 0.690245
vertex 1.458427 1.027778 0.700000
vertex 1.464645 1.035356 0.700000
endloop
endfacet
facet normal -0.769363 0.631321 -0.097546
outer loop
vertex 1.459226 1.027245 0.690245
vertex 1.464645 1.035356 0.700000
vertex 1.465324 1.034676 0.690245
endloop
endfacet
facet normal -0.225391 0.184832 0.956575
outer loop
vertex 1.484091 1.010630 0.746194
vertex 1.491890 1.005419 0.749039
vertex 1.493103 1.006898 0.749039
endloop
endfacet
facet normal -0.225416 0.184933 0.956550
outer loop
vertex 1.484091 1.010630 0.746194
vertex 1.493103 1.006898 0.749039
vertex 1.486470 1.013530 0.746194
endloop
endfacet
facet normal -0.740052 0.607291 -0.289000
outer loop
vertex 1.461591 1.025664 0.680866
vertex 1.459226 1.027245 0.690245
vertex 1.465324 1.034676 0.690245
endloop
endfacet
facet normal -0.740019 0.607321 -0.289022
outer loop
vertex 1.461591 1.025664 0.680866
vertex 1.465324 1.034676 0.690245
vertex 1.467336 1.032664 0.680866
endloop
endfacet
facet normal -0.607328 0.740021 0.289001
outer loop
vertex 1.465324 1.034676 0.709754
vertex 1.467336 1.032664 0.719134
vertex 1.474336 1.038409 0.719134
endloop
endfacet
facet normal -0.607262 0.740118 0.288892
outer loop
vertex 1.465324 1.034676 0.709754
vertex 1.474336 1.038409 0.719134
vertex 1.472756 1.040774 0.709754
endloop
endfacet
facet normal -0.185007 0.225444 -0.956529
outer loop
vertex 1.493103 1.006898 0.650960
vertex 1.486470 1.013530 0.653806
vertex 1.489369 1.015909 0.653806
endloop
endfacet
facet normal -0.184918 0.225457 -0.956543
outer loop
vertex 1.493103 1.006898 0.650960
vertex 1.489369 1.015909 0.653806
vertex 1.494581 1.008110 0.650960
endloop
endfacet
facet normal -0.631269 0.769404 0.097559
outer loop
vertex 1.464645 1.035356 0.700000
vertex 1.465324 1.034676 0.709754
vertex 1.472756 1.040774 0.709754
endloop
endfacet
facet normal -0.631339 0.769332 0.097673
outer loop
vertex 1.464645 1.035356 0.700000
vertex 1.472756 1.040774 0.709754
vertex 1.472221 1.041573 0.700000
endloop
endfacet
facet normal -0.062486 0.076160 0.995136
outer loop
vertex 1.493103 1.006898 0.749039
vertex 1.500000 1.000000 0.750000
vertex 1.494581 1.008110 0.749039
endloop
endfacet
facet normal -0.062438 0.076099 -0.995143
outer loop
vertex 1.500000 1.000000 0.650000
vertex 1.493103 1.006898 0.650960
vertex 1.494581 1.008110 0.650960
endloop
endfacet
facet normal -0.631331 0.769351 -0.097572
outer loop
vertex 1.465324 1.034676 0.690245
vertex 1.464645 1.035356 0.700000
vertex 1.472221 1.041573 0.700000
endloop
endfacet
facet normal -0.631266 0.769394 -0.097651
outer loop
vertex 1.465324 1.034676 0.690245
vertex 1.472221 1.041573 0.700000
vertex 1.472756 1.040774 0.690245
endloop
endfacet
facet normal -0.184864 0.225431 0.956560
outer loop
vertex 1.486470 1.013530 0.746194
vertex 1.493103 1.006898 0.749039
vertex 1.494581 1.008110 0.749039
endloop
endfacet
facet normal -0.184956 0.225342 0.956563
outer loop
vertex 1.486470 1.013530 0.746194
vertex 1.494581 1.008110 0.749039
vertex 1.489369 1.015909 0.746194
endloop
endfacet
facet normal -0.607224 0.740100 -0.289017
outer loop
vertex 1.467336 1.032664 0.680866
vertex 1.465324 1.034676 0.690245
vertex 1.472756 1.040774 0.690245
endloop
endfacet
facet normal -0.607349 0.740031 -0.288931
outer loop
vertex 1.467336 1.032664 0.680866
vertex 1.472756 1.040774 0.690245
vertex 1.474336 1.038409 0.680866
endloop
endfacet
facet normal -0.300165 0.365810 0.880956
outer loop
vertex 1.480357 1.019642 0.741573
vertex 1.486470 1.013530 0.746194
vertex 1.489369 1.015909 0.746194
endloop
endfacet
facet normal -0.300206 0.365788 0.880952
outer loop
vertex 1.480357 1.019642 0.741573
vertex 1.489369 1.015909 0.746194
vertex 1.484567 1.023097 0.741573
endloop
endfacet
facet normal -0.560096 0.682481 -0.469587
outer loop
vertex 1.470603 1.029397 0.672221
vertex 1.467336 1.032664 0.680866
vertex 1.474336 1.038409 0.680866
endloop
endfacet
facet normal -0.560061 0.682490 -0.469615
outer loop
vertex 1.470603 1.029397 0.672221
vertex 1.474336 1.038409 0.680866
vertex 1.476903 1.034567 0.672221
endloop
endfacet
facet normal -0.403568 0.491756 0.771563
outer loop
vertex 1.475000 1.025000 0.735356
vertex 1.480357 1.019642 0.741573
vertex 1.484567 1.023097 0.741573
endloop
endfacet
facet normal -0.403601 0.491686 0.771589
outer loop
vertex 1.475000 1.025000 0.735356
vertex 1.484567 1.023097 0.741573
vertex 1.480357 1.029397 0.735356
endloop
endfacet
facet normal -0.491308 0.598684 -0.632609
outer loop
vertex 1.475000 1.025000 0.664645
vertex 1.470603 1.029397 0.672221
vertex 1.476903 1.034567 0.672221
endloop
endfacet
facet normal -0.491388 0.598683 -0.632548
outer loop
vertex 1.475000 1.025000 0.664645
vertex 1.476903 1.034567 0.672221
vertex 1.480357 1.029397 0.664645
endloop
endfacet
facet normal -0.491418 0.598717 0.632492
outer loop
vertex 1.470603 1.029397 0.727778
vertex 1.475000 1.025000 0.735356
vertex 1.480357 1.029397 0.735356
endloop
endfacet
facet normal -0.491386 0.598763 0.632474
outer loop
vertex 1.470603 1.029397 0.727778
vertex 1.480357 1.029397 0.735356
vertex 1.476903 1.034567 0.727778
endloop
endfacet
facet normal -0.403655 0.491751 -0.771520
outer loop
vertex 1.480357 1.019642 0.658427
vertex 1.475000 1.025000 0.664645
vertex 1.480357 1.029397 0.664645
endloop
endfacet
facet normal -0.403596 0.491776 -0.771536
outer loop
vertex 1.480357 1.019642 0.658427
vertex 1.480357 1.029397 0.664645
vertex 1.484567 1.023097 0.658427
endloop
endfacet
facet normal -0.560062 0.682463 0.469654
outer loop
vertex 1.467336 1.032664 0.719134
vertex 1.470603 1.029397 0.727778
vertex 1.476903 1.034567 0.727778
endloop
endfacet
facet normal -0.560076 0.682463 0.469637
outer loop
vertex 1.467336 1.032664 0.719134
vertex 1.476903 1.034567 0.727778
vertex 1.474336 1.038409 0.719134
endloop
endfacet
facet normal -0.300216 0.365808 -0.880940
outer loop
vertex 1.486470 1.013530 0.653806
vertex 1.480357 1.019642 0.658427
vertex 1.484567 1.023097 0.658427
endloop
endfacet
facet normal -0.300187 0.365799 -0.880954
outer loop
vertex 1.486470 1.013530 0.653806
vertex 1.484567 1.023097 0.658427
vertex 1.489369 1.015909 0.653806
endloop
endfacet
facet normal -0.416144 0.778644 -0.469615
outer loop
vertex 1.476903 1.034567 0.672221
vertex 1.474336 1.038409 0.680866
vertex 1.482322 1.042677 0.680866
endloop
endfacet
facet normal -0.416181 0.778657 -0.469561
outer loop
vertex 1.476903 1.034567 0.672221
vertex 1.482322 1.042677 0.680866
vertex 1.484091 1.038409 0.672221
endloop
endfacet
facet normal -0.299895 0.561033 0.771560
outer loop
vertex 1.480357 1.029397 0.735356
vertex 1.484567 1.023097 0.741573
vertex 1.489369 1.025664 0.741573
endloop
endfacet
facet normal -0.299831 0.561056 0.771568
outer loop
vertex 1.480357 1.029397 0.735356
vertex 1.489369 1.025664 0.741573
vertex 1.486470 1.032664 0.735356
endloop
endfacet
facet normal -0.365090 0.683045 -0.632581
outer loop
vertex 1.480357 1.029397 0.664645
vertex 1.476903 1.034567 0.672221
vertex 1.484091 1.038409 0.672221
endloop
endfacet
facet normal -0.365051 0.683057 -0.632591
outer loop
vertex 1.480357 1.029397 0.664645
vertex 1.484091 1.038409 0.672221
vertex 1.486470 1.032664 0.664645
endloop
endfacet
facet normal -0.365092 0.683133 0.632484
outer loop
vertex 1.476903 1.034567 0.727778
vertex 1.480357 1.029397 0.735356
vertex 1.486470 1.032664 0.735356
endloop
endfacet
facet normal -0.365128 0.683118 0.632481
outer loop
vertex 1.476903 1.034567 0.727778
vertex 1.486470 1.032664 0.735356
vertex 1.484091 1.038409 0.727778
endloop
endfacet
facet normal -0.299866 0.561100 -0.771523
outer loop
vertex 1.484567 1.023097 0.658427
vertex 1.480357 1.029397 0.664645
vertex 1.486470 1.032664 0.664645
endloop
endfacet
facet normal -0.299923 0.561100 -0.771500
outer loop
vertex 1.484567 1.023097 0.658427
vertex 1.486470 1.032664 0.664645
vertex 1.489369 1.025664 0.658427
endloop
endfacet
facet normal -0.416174 0.778604 0.469655
outer loop
vertex 1.474336 1.038409 0.719134
vertex 1.476903 1.034567 0.727778
vertex 1.484091 1.038409 0.727778
endloop
endfacet
facet normal -0.416124 0.778652 0.469618
outer loop
vertex 1.474336 1.038409 0.719134
vertex 1.484091 1.038409 0.727778
vertex 1.482322 1.042677 0.719134
endloop
endfacet
facet normal -0.223079 0.417329 -0.880950
outer loop
vertex 1.489369 1.015909 0.653806
vertex 1.484567 1.023097 0.658427
vertex 1.489369 1.025664 0.658427
endloop
endfacet
facet normal -0.223050 0.417293 -0.880974
outer loop
vertex 1.489369 1.015909 0.653806
vertex 1.489369 1.025664 0.658427
vertex 1.492677 1.017677 0.653806
endloop
endfacet
facet normal -0.451242 0.844348 0.288889
outer loop
vertex 1.472756 1.040774 0.709754
vertex 1.474336 1.038409 0.719134
vertex 1.482322 1.042677 0.719134
endloop
endfacet
facet normal -0.451380 0.844211 0.289074
outer loop
vertex 1.472756 1.040774 0.709754
vertex 1.482322 1.042677 0.719134
vertex 1.481234 1.045307 0.709754
endloop
endfacet
facet normal -0.137462 0.257191 -0.956534
outer loop
vertex 1.494581 1.008110 0.650960
vertex 1.489369 1.015909 0.653806
vertex 1.492677 1.017677 0.653806
endloop
endfacet
facet normal -0.137560 0.257151 -0.956531
outer loop
vertex 1.494581 1.008110 0.650960
vertex 1.492677 1.017677 0.653806
vertex 1.496267 1.009012 0.650960
endloop
endfacet
facet normal -0.469254 0.877651 0.097618
outer loop
vertex 1.472221 1.041573 0.700000
vertex 1.472756 1.040774 0.709754
vertex 1.481234 1.045307 0.709754
endloop
endfacet
facet normal -0.469161 0.877710 0.097532
outer loop
vertex 1.472221 1.041573 0.700000
vertex 1.481234 1.045307 0.709754
vertex 1.480866 1.046194 0.700000
endloop
endfacet
facet normal -0.046434 0.086864 0.995137
outer loop
vertex 1.494581 1.008110 0.749039
vertex 1.500000 1.000000 0.750000
vertex 1.496267 1.009012 0.749039
endloop
endfacet
facet normal -0.046421 0.086776 -0.995146
outer loop
vertex 1.500000 1.000000 0.650000
vertex 1.494581 1.008110 0.650960
vertex 1.496267 1.009012 0.650960
endloop
endfacet
facet normal -0.469168 0.877696 -0.097629
outer loop
vertex 1.472756 1.040774 0.690245
vertex 1.472221 1.041573 0.700000
vertex 1.480866 1.046194 0.700000
endloop
endfacet
facet normal -0.469253 0.877665 -0.097498
outer loop
vertex 1.472756 1.040774 0.690245
vertex 1.480866 1.046194 0.700000
vertex 1.481234 1.045307 0.690245
endloop
endfacet
facet normal -0.137470 0.257061 0.956568
outer loop
vertex 1.489369 1.015909 0.746194
vertex 1.494581 1.008110 0.749039
vertex 1.496267 1.009012 0.749039
endloop
endfacet
facet normal -0.137426 0.257143 0.956552
outer loop
vertex 1.489369 1.015909 0.746194
vertex 1.496267 1.009012 0.749039
vertex 1.492677 1.017677 0.746194
endloop
endfacet
facet normal -0.451391 0.844254 -0.288933
outer loop
vertex 1.474336 1.038409 0.680866
vertex 1.472756 1.040774 0.690245
vertex 1.481234 1.045307 0.690245
endloop
endfacet
facet normal -0.451217 0.844294 -0.289086
outer loop
vertex 1.474336 1.038409 0.680866
vertex 1.481234 1.045307 0.690245
vertex 1.482322 1.042677 0.680866
endloop
endfacet
facet normal -0.223050 0.417344 0.880950
outer loop
vertex 1.484567 1.023097 0.741573
vertex 1.489369 1.015909 0.746194
vertex 1.492677 1.017677 0.746194
endloop
endfacet
facet normal -0.223062 0.417296 0.880970
outer loop
vertex 1.484567 1.023097 0.741573
vertex 1.492677 1.017677 0.746194
vertex 1.489369 1.025664 0.741573
endloop
endfacet
facet normal -0.084640 0.279097 -0.956525
outer loop
vertex 1.496267 1.009012 0.650960
vertex 1.492677 1.017677 0.653806
vertex 1.496267 1.018766 0.653806
endloop
endfacet
facet normal -0.084649 0.279103 -0.956523
outer loop
vertex 1.496267 1.009012 0.650960
vertex 1.496267 1.018766 0.653806
vertex 1.498097 1.009567 0.650960
endloop
endfacet
facet normal -0.288868 0.952386 0.097550
outer loop
vertex 1.480866 1.046194 0.700000
vertex 1.481234 1.045307 0.709754
vertex 1.490433 1.048097 0.709754
endloop
endfacet
facet normal -0.288881 0.952386 0.097512
outer loop
vertex 1.480866 1.046194 0.700000
vertex 1.490433 1.048097 0.709754
vertex 1.490245 1.049039 0.700000
endloop
endfacet
facet normal -0.028559 0.094277 0.995136
outer loop
vertex 1.496267 1.009012 0.749039
vertex 1.500000 1.000000 0.750000
vertex 1.498097 1.009567 0.749039
endloop
endfacet
facet normal -0.028541 0.094166 -0.995147
outer loop
vertex 1.500000 1.000000 0.650000
vertex 1.496267 1.009012 0.650960
vertex 1.498097 1.009567 0.650960
endloop
endfacet
facet normal -0.288892 0.952385 -0.097490
outer loop
vertex 1.481234 1.045307 0.690245
vertex 1.480866 1.046194 0.700000
vertex 1.490245 1.049039 0.700000
endloop
endfacet
facet normal -0.288856 0.952390 -0.097551
outer loop
vertex 1.481234 1.045307 0.690245
vertex 1.490245 1.049039 0.700000
vertex 1.490433 1.048097 0.690245
endloop
endfacet
facet normal -0.084628 0.279005 0.956553
outer loop
vertex 1.492677 1.017677 0.746194
vertex 1.496267 1.009012 0.749039
vertex 1.498097 1.009567 0.749039
endloop
endfacet
facet normal -0.084641 0.279006 0.956552
outer loop
vertex 1.492677 1.017677 0.746194
vertex 1.498097 1.009567 0.749039
vertex 1.496267 1.018766 0.746194
endloop
endfacet
facet normal -0.277859 0.916090 -0.289093
outer loop
vertex 1.482322 1.042677 0.680866
vertex 1.481234 1.045307 0.690245
vertex 1.490433 1.048097 0.690245
endloop
endfacet
facet normal -0.278014 0.916080 -0.288974
outer loop
vertex 1.482322 1.042677 0.680866
vertex 1.490433 1.048097 0.690245
vertex 1.490988 1.045307 0.680866
endloop
endfacet
facet normal -0.137330 0.452822 0.880961
outer loop
vertex 1.489369 1.025664 0.741573
vertex 1.492677 1.017677 0.746194
vertex 1.496267 1.018766 0.746194
endloop
endfacet
facet normal -0.137360 0.452789 0.880973
outer loop
vertex 1.489369 1.025664 0.741573
vertex 1.496267 1.018766 0.746194
vertex 1.494581 1.027245 0.741573
endloop
endfacet
facet normal -0.256399 0.844846 -0.469569
outer loop
vertex 1.484091 1.038409 0.672221
vertex 1.482322 1.042677 0.680866
vertex 1.490988 1.045307 0.680866
endloop
endfacet
facet normal -0.256195 0.844828 -0.469713
outer loop
vertex 1.484091 1.038409 0.672221
vertex 1.490988 1.045307 0.680866
vertex 1.491890 1.040774 0.672221
endloop
endfacet
facet normal -0.184674 0.608747 0.771572
outer loop
vertex 1.486470 1.032664 0.735356
vertex 1.489369 1.025664 0.741573
vertex 1.494581 1.027245 0.741573
endloop
endfacet
facet normal -0.184659 0.608792 0.771539
outer loop
vertex 1.486470 1.032664 0.735356
vertex 1.494581 1.027245 0.741573
vertex 1.493103 1.034676 0.735356
endloop
endfacet
facet normal -0.224743 0.741153 -0.632600
outer loop
vertex 1.486470 1.032664 0.664645
vertex 1.484091 1.038409 0.672221
vertex 1.491890 1.040774 0.672221
endloop
endfacet
facet normal -0.224816 0.741163 -0.632563
outer loop
vertex 1.486470 1.032664 0.664645
vertex 1.491890 1.040774 0.672221
vertex 1.493103 1.034676 0.664645
endloop
endfacet
facet normal -0.224824 0.741213 0.632501
outer loop
vertex 1.484091 1.038409 0.727778
vertex 1.486470 1.032664 0.735356
vertex 1.493103 1.034676 0.735356
endloop
endfacet
facet normal -0.224788 0.741248 0.632473
outer loop
vertex 1.484091 1.038409 0.727778
vertex 1.493103 1.034676 0.735356
vertex 1.491890 1.040774 0.727778
endloop
endfacet
facet normal -0.184688 0.608835 -0.771499
outer loop
vertex 1.489369 1.025664 0.658427
vertex 1.486470 1.032664 0.664645
vertex 1.493103 1.034676 0.664645
endloop
endfacet
facet normal -0.184669 0.608823 -0.771513
outer loop
vertex 1.489369 1.025664 0.658427
vertex 1.493103 1.034676 0.664645
vertex 1.494581 1.027245 0.658427
endloop
endfacet
facet normal -0.256215 0.844895 0.469581
outer loop
vertex 1.482322 1.042677 0.719134
vertex 1.484091 1.038409 0.727778
vertex 1.491890 1.040774 0.727778
endloop
endfacet
facet normal -0.256368 0.844748 0.469761
outer loop
vertex 1.482322 1.042677 0.719134
vertex 1.491890 1.040774 0.727778
vertex 1.490988 1.045307 0.719134
endloop
endfacet
facet normal -0.137359 0.452836 -0.880949
outer loop
vertex 1.492677 1.017677 0.653806
vertex 1.489369 1.025664 0.658427
vertex 1.494581 1.027245 0.658427
endloop
endfacet
facet normal -0.137342 0.452798 -0.880972
outer loop
vertex 1.492677 1.017677 0.653806
vertex 1.494581 1.027245 0.658427
vertex 1.496267 1.018766 0.653806
endloop
endfacet
facet normal -0.278007 0.916048 0.289082
outer loop
vertex 1.481234 1.045307 0.709754
vertex 1.482322 1.042677 0.719134
vertex 1.490988 1.045307 0.719134
endloop
endfacet
facet normal -0.277867 0.916139 0.288929
outer loop
vertex 1.481234 1.045307 0.709754
vertex 1.490988 1.045307 0.719134
vertex 1.490433 1.048097 0.709754
endloop
endfacet
facet normal -0.062265 0.633103 0.771559
outer loop
vertex 1.493103 1.034676 0.735356
vertex 1.494581 1.027245 0.741573
vertex 1.500000 1.027778 0.741573
endloop
endfacet
facet normal -0.062423 0.633027 0.771609
outer loop
vertex 1.493103 1.034676 0.735356
vertex 1.500000 1.027778 0.741573
vertex 1.500000 1.035356 0.735356
endloop
endfacet
facet normal -0.075952 0.770788 -0.632548
outer loop
vertex 1.493103 1.034676 0.664645
vertex 1.491890 1.040774 0.672221
vertex 1.500000 1.041573 0.672221
endloop
endfacet
facet normal -0.075989 0.770798 -0.632531
outer loop
vertex 1.493103 1.034676 0.664645
vertex 1.500000 1.041573 0.672221
vertex 1.500000 1.035356 0.664645
endloop
endfacet
facet normal -0.075995 0.770873 0.632440
outer loop
vertex 1.491890 1.040774 0.727778
vertex 1.493103 1.034676 0.735356
vertex 1.500000 1.035356 0.735356
endloop
endfacet
facet normal -0.075955 0.770884 0.632431
outer loop
vertex 1.491890 1.040774 0.727778
vertex 1.500000 1.035356 0.735356
vertex 1.500000 1.041573 0.727778
endloop
endfacet
facet normal -0.062432 0.633147 -0.771510
outer loop
vertex 1.494581 1.027245 0.658427
vertex 1.493103 1.034676 0.664645
vertex 1.500000 1.035356 0.664645
endloop
endfacet
facet normal -0.062260 0.633098 -0.771564
outer loop
vertex 1.494581 1.027245 0.658427
vertex 1.500000 1.035356 0.664645
vertex 1.500000 1.027778 0.658427
endloop
endfacet
facet normal -0.086559 0.878542 0.469757
outer loop
vertex 1.490988 1.045307 0.719134
vertex 1.491890 1.040774 0.727778
vertex 1.500000 1.041573 0.727778
endloop
endfacet
facet normal -0.086489 0.878584 0.469690
outer loop
vertex 1.490988 1.045307 0.719134
vertex 1.500000 1.041573 0.727778
vertex 1.500000 1.046194 0.719134
endloop
endfacet
facet normal -0.046319 0.470905 -0.880967
outer loop
vertex 1.496267 1.018766 0.653806
vertex 1.494581 1.027245 0.658427
vertex 1.500000 1.027778 0.658427
endloop
endfacet
facet normal -0.046428 0.470944 -0.880941
outer loop
vertex 1.496267 1.018766 0.653806
vertex 1.500000 1.027778 0.658427
vertex 1.500000 1.019134 0.653806
endloop
endfacet
facet normal -0.093791 0.952738 0.288952
outer loop
vertex 1.490433 1.048097 0.709754
vertex 1.490988 1.045307 0.719134
vertex 1.500000 1.046194 0.719134
endloop
endfacet
facet normal -0.093808 0.952742 0.288933
outer loop
vertex 1.490433 1.048097 0.709754
vertex 1.500000 1.046194 0.719134
vertex 1.500000 1.049039 0.709754
endloop
endfacet
facet normal -0.028622 0.290255 -0.956521
outer loop
vertex 1.498097 1.009567 0.650960
vertex 1.496267 1.018766 0.653806
vertex 1.500000 1.019134 0.653806
endloop
endfacet
facet normal -0.028496 0.290198 -0.956542
outer loop
vertex 1.498097 1.009567 0.650960
vertex 1.500000 1.019134 0.653806
vertex 1.500000 1.009754 0.650960
endloop
endfacet
facet normal -0.097525 0.990441 0.097547
outer loop
vertex 1.490245 1.049039 0.700000
vertex 1.490433 1.048097 0.709754
vertex 1.500000 1.049039 0.709754
endloop
endfacet
facet normal -0.097565 0.990434 0.097581
outer loop
vertex 1.490245 1.049039 0.700000
vertex 1.500000 1.049039 0.709754
vertex 1.500000 1.050000 0.700000
endloop
endfacet
facet normal -0.009686 0.098036 0.995136
outer loop
vertex 1.498097 1.009567 0.749039
vertex 1.500000 1.000000 0.750000
vertex 1.500000 1.009754 0.749039
endloop
endfacet
facet normal -0.009613 0.097949 -0.995145
outer loop
vertex 1.500000 1.000000 0.650000
vertex 1.498097 1.009567 0.650960
vertex 1.500000 1.009754 0.650960
endloop
endfacet
facet normal -0.097567 0.990438 -0.097536
outer loop
vertex 1.490433 1.048097 0.690245
vertex 1.490245 1.049039 0.700000
vertex 1.500000 1.050000 0.700000
endloop
endfacet
facet normal -0.097521 0.990439 -0.097573
outer loop
vertex 1.490433 1.048097 0.690245
vertex 1.500000 1.050000 0.700000
vertex 1.500000 1.049039 0.690245
endloop
endfacet
facet normal -0.028463 0.290148 0.956558
outer loop
vertex 1.496267 1.018766 0.746194
vertex 1.498097 1.009567 0.749039
vertex 1.500000 1.009754 0.749039
endloop
endfacet
facet normal -0.028622 0.290141 0.956556
outer loop
vertex 1.496267 1.018766 0.746194
vertex 1.500000 1.009754 0.749039
vertex 1.500000 1.019134 0.746194
endloop
endfacet
facet normal -0.093808 0.952738 -0.288948
outer loop
vertex 1.490988 1.045307 0.680866
vertex 1.490433 1.048097 0.690245
vertex 1.500000 1.049039 0.690245
endloop
endfacet
facet normal -0.093786 0.952724 -0.289000
outer loop
vertex 1.490988 1.045307 0.680866
vertex 1.500000 1.049039 0.690245
vertex 1.500000 1.046194 0.680866
endloop
endfacet
facet normal -0.046428 0.470896 0.880966
outer loop
vertex 1.494581 1.027245 0.741573
vertex 1.496267 1.018766 0.746194
vertex 1.500000 1.019134 0.746194
endloop
endfacet
facet normal -0.046310 0.470928 0.880956
outer loop
vertex 1.494581 1.027245 0.741573
vertex 1.500000 1.019134 0.746194
vertex 1.500000 1.027778 0.741573
endloop
endfacet
facet normal -0.086491 0.878581 -0.469696
outer loop
vertex 1.491890 1.040774 0.672221
vertex 1.490988 1.045307 0.680866
vertex 1.500000 1.046194 0.680866
endloop
endfacet
facet normal -0.086562 0.878597 -0.469654
outer loop
vertex 1.491890 1.040774 0.672221
vertex 1.500000 1.046194 0.680866
vertex 1.500000 1.041573 0.672221
endloop
endfacet
endsolid Exported from Blender-2.82 (sub 7)
