solid Exported from Blender-2.82 (sub 7)
facet normal 0.086489 0.878608 -0.469647
outer loop
vertex 0.750000 1.041573 0.472221
vertex 0.750000 1.046194 0.480866
vertex 0.759012 1.045307 0.480866
endloop
endfacet
facet normal 0.086566 0.878567 -0.469709
outer loop
vertex 0.750000 1.041573 0.472221
vertex 0.759012 1.045307 0.480866
vertex 0.758110 1.040774 0.472221
endloop
endfacet
facet normal 0.062254 0.633035 0.771616
outer loop
vertex 0.750000 1.035356 0.535356
vertex 0.750000 1.027778 0.541573
vertex 0.755419 1.027245 0.541573
endloop
endfacet
facet normal 0.062405 0.633084 0.771564
outer loop
vertex 0.750000 1.035356 0.535356
vertex 0.755419 1.027245 0.541573
vertex 0.756898 1.034676 0.535356
endloop
endfacet
facet normal 0.075946 0.770800 -0.632534
outer loop
vertex 0.750000 1.035356 0.464645
vertex 0.750000 1.041573 0.472221
vertex 0.758110 1.040774 0.472221
endloop
endfacet
facet normal 0.075982 0.770786 -0.632547
outer loop
vertex 0.750000 1.035356 0.464645
vertex 0.758110 1.040774 0.472221
vertex 0.756898 1.034676 0.464645
endloop
endfacet
facet normal 0.075989 0.770878 0.632434
outer loop
vertex 0.750000 1.041573 0.527778
vertex 0.750000 1.035356 0.535356
vertex 0.756898 1.034676 0.535356
endloop
endfacet
facet normal 0.075955 0.770866 0.632452
outer loop
vertex 0.750000 1.041573 0.527778
vertex 0.756898 1.034676 0.535356
vertex 0.758110 1.040774 0.527778
endloop
endfacet
facet normal 0.062406 0.633089 -0.771559
outer loop
vertex 0.750000 1.027778 0.458427
vertex 0.750000 1.035356 0.464645
vertex 0.756898 1.034676 0.464645
endloop
endfacet
facet normal 0.062275 0.633164 -0.771509
outer loop
vertex 0.750000 1.027778 0.458427
vertex 0.756898 1.034676 0.464645
vertex 0.755419 1.027245 0.458427
endloop
endfacet
facet normal 0.086567 0.878583 0.469679
outer loop
vertex 0.750000 1.046194 0.519134
vertex 0.750000 1.041573 0.527778
vertex 0.758110 1.040774 0.527778
endloop
endfacet
facet normal 0.086485 0.878554 0.469747
outer loop
vertex 0.750000 1.046194 0.519134
vertex 0.758110 1.040774 0.527778
vertex 0.759012 1.045307 0.519134
endloop
endfacet
facet normal 0.046311 0.470941 -0.880948
outer loop
vertex 0.750000 1.019134 0.453806
vertex 0.750000 1.027778 0.458427
vertex 0.755419 1.027245 0.458427
endloop
endfacet
facet normal 0.046436 0.470878 -0.880975
outer loop
vertex 0.750000 1.019134 0.453806
vertex 0.755419 1.027245 0.458427
vertex 0.753733 1.018766 0.453806
endloop
endfacet
facet normal 0.093788 0.952733 0.288971
outer loop
vertex 0.750000 1.049039 0.509754
vertex 0.750000 1.046194 0.519134
vertex 0.759012 1.045307 0.519134
endloop
endfacet
facet normal 0.093810 0.952745 0.288924
outer loop
vertex 0.750000 1.049039 0.509754
vertex 0.759012 1.045307 0.519134
vertex 0.759567 1.048097 0.509754
endloop
endfacet
facet normal 0.028605 0.290219 -0.956533
outer loop
vertex 0.750000 1.009754 0.450960
vertex 0.750000 1.019134 0.453806
vertex 0.753733 1.018766 0.453806
endloop
endfacet
facet normal 0.028500 0.290269 -0.956521
outer loop
vertex 0.750000 1.009754 0.450960
vertex 0.753733 1.018766 0.453806
vertex 0.751903 1.009567 0.450960
endloop
endfacet
facet normal 0.097522 0.990438 0.097583
outer loop
vertex 0.750000 1.050000 0.500000
vertex 0.750000 1.049039 0.509754
vertex 0.759567 1.048097 0.509754
endloop
endfacet
facet normal 0.097576 0.990437 0.097537
outer loop
vertex 0.750000 1.050000 0.500000
vertex 0.759567 1.048097 0.509754
vertex 0.759754 1.049039 0.500000
endloop
endfacet
facet normal 0.009637 0.098051 0.995135
outer loop
vertex 0.750000 1.009754 0.549039
vertex 0.750000 1.000000 0.550000
vertex 0.751903 1.009567 0.549039
endloop
endfacet
facet normal 0.009634 0.097952 -0.995145
outer loop
vertex 0.750000 1.000000 0.450000
vertex 0.750000 1.009754 0.450960
vertex 0.751903 1.009567 0.450960
endloop
endfacet
facet normal 0.097577 0.990432 -0.097583
outer loop
vertex 0.750000 1.049039 0.490245
vertex 0.750000 1.050000 0.500000
vertex 0.759754 1.049039 0.500000
endloop
endfacet
facet normal 0.097522 0.990444 -0.097516
outer loop
vertex 0.750000 1.049039 0.490245
vertex 0.759754 1.049039 0.500000
vertex 0.759567 1.048097 0.490245
endloop
endfacet
facet normal 0.028480 0.290136 0.956561
outer loop
vertex 0.750000 1.019134 0.546194
vertex 0.750000 1.009754 0.549039
vertex 0.751903 1.009567 0.549039
endloop
endfacet
facet normal 0.028599 0.290135 0.956558
outer loop
vertex 0.750000 1.019134 0.546194
vertex 0.751903 1.009567 0.549039
vertex 0.753733 1.018766 0.546194
endloop
endfacet
facet normal 0.093807 0.952732 -0.288966
outer loop
vertex 0.750000 1.046194 0.480866
vertex 0.750000 1.049039 0.490245
vertex 0.759567 1.048097 0.490245
endloop
endfacet
facet normal 0.093788 0.952729 -0.288981
outer loop
vertex 0.750000 1.046194 0.480866
vertex 0.759567 1.048097 0.490245
vertex 0.759012 1.045307 0.480866
endloop
endfacet
facet normal 0.046419 0.470939 0.880944
outer loop
vertex 0.750000 1.027778 0.541573
vertex 0.750000 1.019134 0.546194
vertex 0.753733 1.018766 0.546194
endloop
endfacet
facet normal 0.046324 0.470906 0.880966
outer loop
vertex 0.750000 1.027778 0.541573
vertex 0.753733 1.018766 0.546194
vertex 0.755419 1.027245 0.541573
endloop
endfacet
facet normal 0.277867 0.916128 -0.288963
outer loop
vertex 0.759012 1.045307 0.480866
vertex 0.759567 1.048097 0.490245
vertex 0.768766 1.045307 0.490245
endloop
endfacet
facet normal 0.278028 0.916023 -0.289139
outer loop
vertex 0.759012 1.045307 0.480866
vertex 0.768766 1.045307 0.490245
vertex 0.767677 1.042677 0.480866
endloop
endfacet
facet normal 0.137396 0.452810 0.880957
outer loop
vertex 0.755419 1.027245 0.541573
vertex 0.753733 1.018766 0.546194
vertex 0.757322 1.017677 0.546194
endloop
endfacet
facet normal 0.137372 0.452806 0.880963
outer loop
vertex 0.755419 1.027245 0.541573
vertex 0.757322 1.017677 0.546194
vertex 0.760630 1.025664 0.541573
endloop
endfacet
facet normal 0.256402 0.844770 -0.469705
outer loop
vertex 0.758110 1.040774 0.472221
vertex 0.759012 1.045307 0.480866
vertex 0.767677 1.042677 0.480866
endloop
endfacet
facet normal 0.256213 0.844928 -0.469523
outer loop
vertex 0.758110 1.040774 0.472221
vertex 0.767677 1.042677 0.480866
vertex 0.765909 1.038409 0.472221
endloop
endfacet
facet normal 0.184706 0.608757 0.771556
outer loop
vertex 0.756898 1.034676 0.535356
vertex 0.755419 1.027245 0.541573
vertex 0.760630 1.025664 0.541573
endloop
endfacet
facet normal 0.184673 0.608740 0.771578
outer loop
vertex 0.756898 1.034676 0.535356
vertex 0.760630 1.025664 0.541573
vertex 0.763530 1.032664 0.535356
endloop
endfacet
facet normal 0.224767 0.741195 -0.632543
outer loop
vertex 0.756898 1.034676 0.464645
vertex 0.758110 1.040774 0.472221
vertex 0.765909 1.038409 0.472221
endloop
endfacet
facet normal 0.224841 0.741121 -0.632602
outer loop
vertex 0.756898 1.034676 0.464645
vertex 0.765909 1.038409 0.472221
vertex 0.763530 1.032664 0.464645
endloop
endfacet
facet normal 0.224884 0.741245 0.632442
outer loop
vertex 0.758110 1.040774 0.527778
vertex 0.756898 1.034676 0.535356
vertex 0.763530 1.032664 0.535356
endloop
endfacet
facet normal 0.224770 0.741230 0.632500
outer loop
vertex 0.758110 1.040774 0.527778
vertex 0.763530 1.032664 0.535356
vertex 0.765909 1.038409 0.527778
endloop
endfacet
facet normal 0.184707 0.608814 -0.771511
outer loop
vertex 0.755419 1.027245 0.458427
vertex 0.756898 1.034676 0.464645
vertex 0.763530 1.032664 0.464645
endloop
endfacet
facet normal 0.184711 0.608798 -0.771523
outer loop
vertex 0.755419 1.027245 0.458427
vertex 0.763530 1.032664 0.464645
vertex 0.760630 1.025664 0.458427
endloop
endfacet
facet normal 0.256190 0.844805 0.469757
outer loop
vertex 0.759012 1.045307 0.519134
vertex 0.758110 1.040774 0.527778
vertex 0.765909 1.038409 0.527778
endloop
endfacet
facet normal 0.256413 0.844836 0.469579
outer loop
vertex 0.759012 1.045307 0.519134
vertex 0.765909 1.038409 0.527778
vertex 0.767677 1.042677 0.519134
endloop
endfacet
facet normal 0.137387 0.452808 -0.880959
outer loop
vertex 0.753733 1.018766 0.453806
vertex 0.755419 1.027245 0.458427
vertex 0.760630 1.025664 0.458427
endloop
endfacet
facet normal 0.137373 0.452802 -0.880965
outer loop
vertex 0.753733 1.018766 0.453806
vertex 0.760630 1.025664 0.458427
vertex 0.757322 1.017677 0.453806
endloop
endfacet
facet normal 0.278044 0.916076 0.288956
outer loop
vertex 0.759567 1.048097 0.509754
vertex 0.759012 1.045307 0.519134
vertex 0.767677 1.042677 0.519134
endloop
endfacet
facet normal 0.277859 0.916092 0.289084
outer loop
vertex 0.759567 1.048097 0.509754
vertex 0.767677 1.042677 0.519134
vertex 0.768766 1.045307 0.509754
endloop
endfacet
facet normal 0.084684 0.279089 -0.956524
outer loop
vertex 0.751903 1.009567 0.450960
vertex 0.753733 1.018766 0.453806
vertex 0.757322 1.017677 0.453806
endloop
endfacet
facet normal 0.084647 0.279097 -0.956525
outer loop
vertex 0.751903 1.009567 0.450960
vertex 0.757322 1.017677 0.453806
vertex 0.753733 1.009012 0.450960
endloop
endfacet
facet normal 0.288863 0.952388 0.097548
outer loop
vertex 0.759754 1.049039 0.500000
vertex 0.759567 1.048097 0.509754
vertex 0.768766 1.045307 0.509754
endloop
endfacet
facet normal 0.288859 0.952394 0.097496
outer loop
vertex 0.759754 1.049039 0.500000
vertex 0.768766 1.045307 0.509754
vertex 0.769134 1.046194 0.500000
endloop
endfacet
facet normal 0.028607 0.094265 0.995136
outer loop
vertex 0.751903 1.009567 0.549039
vertex 0.750000 1.000000 0.550000
vertex 0.753733 1.009012 0.549039
endloop
endfacet
facet normal 0.028583 0.094172 -0.995145
outer loop
vertex 0.750000 1.000000 0.450000
vertex 0.751903 1.009567 0.450960
vertex 0.753733 1.009012 0.450960
endloop
endfacet
facet normal 0.288857 0.952397 -0.097478
outer loop
vertex 0.759567 1.048097 0.490245
vertex 0.759754 1.049039 0.500000
vertex 0.769134 1.046194 0.500000
endloop
endfacet
facet normal 0.288866 0.952387 -0.097547
outer loop
vertex 0.759567 1.048097 0.490245
vertex 0.769134 1.046194 0.500000
vertex 0.768766 1.045307 0.490245
endloop
endfacet
facet normal 0.084665 0.279017 0.956547
outer loop
vertex 0.753733 1.018766 0.546194
vertex 0.751903 1.009567 0.549039
vertex 0.753733 1.009012 0.549039
endloop
endfacet
facet normal 0.084615 0.279000 0.956556
outer loop
vertex 0.753733 1.018766 0.546194
vertex 0.753733 1.009012 0.549039
vertex 0.757322 1.017677 0.546194
endloop
endfacet
facet normal 0.223034 0.417323 -0.880964
outer loop
vertex 0.757322 1.017677 0.453806
vertex 0.760630 1.025664 0.458427
vertex 0.765433 1.023097 0.458427
endloop
endfacet
facet normal 0.223045 0.417309 -0.880968
outer loop
vertex 0.757322 1.017677 0.453806
vertex 0.765433 1.023097 0.458427
vertex 0.760630 1.015909 0.453806
endloop
endfacet
facet normal 0.451164 0.844318 0.289098
outer loop
vertex 0.768766 1.045307 0.509754
vertex 0.767677 1.042677 0.519134
vertex 0.775664 1.038409 0.519134
endloop
endfacet
facet normal 0.451356 0.844263 0.288959
outer loop
vertex 0.768766 1.045307 0.509754
vertex 0.775664 1.038409 0.519134
vertex 0.777245 1.040774 0.509754
endloop
endfacet
facet normal 0.137485 0.257222 -0.956522
outer loop
vertex 0.753733 1.009012 0.450960
vertex 0.757322 1.017677 0.453806
vertex 0.760630 1.015909 0.453806
endloop
endfacet
facet normal 0.137552 0.257162 -0.956529
outer loop
vertex 0.753733 1.009012 0.450960
vertex 0.760630 1.015909 0.453806
vertex 0.755419 1.008110 0.450960
endloop
endfacet
facet normal 0.469218 0.877682 0.097510
outer loop
vertex 0.769134 1.046194 0.500000
vertex 0.768766 1.045307 0.509754
vertex 0.777245 1.040774 0.509754
endloop
endfacet
facet normal 0.469204 0.877685 0.097556
outer loop
vertex 0.769134 1.046194 0.500000
vertex 0.777245 1.040774 0.509754
vertex 0.777778 1.041573 0.500000
endloop
endfacet
facet normal 0.046434 0.086870 0.995137
outer loop
vertex 0.753733 1.009012 0.549039
vertex 0.750000 1.000000 0.550000
vertex 0.755419 1.008110 0.549039
endloop
endfacet
facet normal 0.046416 0.086779 -0.995146
outer loop
vertex 0.750000 1.000000 0.450000
vertex 0.753733 1.009012 0.450960
vertex 0.755419 1.008110 0.450960
endloop
endfacet
facet normal 0.469205 0.877688 -0.097520
outer loop
vertex 0.768766 1.045307 0.490245
vertex 0.769134 1.046194 0.500000
vertex 0.777778 1.041573 0.500000
endloop
endfacet
facet normal 0.469218 0.877680 -0.097527
outer loop
vertex 0.768766 1.045307 0.490245
vertex 0.777778 1.041573 0.500000
vertex 0.777245 1.040774 0.490245
endloop
endfacet
facet normal 0.137545 0.257121 0.956541
outer loop
vertex 0.757322 1.017677 0.546194
vertex 0.753733 1.009012 0.549039
vertex 0.755419 1.008110 0.549039
endloop
endfacet
facet normal 0.137451 0.257115 0.956556
outer loop
vertex 0.757322 1.017677 0.546194
vertex 0.755419 1.008110 0.549039
vertex 0.760630 1.015909 0.546194
endloop
endfacet
facet normal 0.451321 0.844212 -0.289165
outer loop
vertex 0.767677 1.042677 0.480866
vertex 0.768766 1.045307 0.490245
vertex 0.777245 1.040774 0.490245
endloop
endfacet
facet normal 0.451193 0.844355 -0.288944
outer loop
vertex 0.767677 1.042677 0.480866
vertex 0.777245 1.040774 0.490245
vertex 0.775664 1.038409 0.480866
endloop
endfacet
facet normal 0.223061 0.417323 0.880957
outer loop
vertex 0.760630 1.025664 0.541573
vertex 0.757322 1.017677 0.546194
vertex 0.760630 1.015909 0.546194
endloop
endfacet
facet normal 0.223043 0.417315 0.880965
outer loop
vertex 0.760630 1.025664 0.541573
vertex 0.760630 1.015909 0.546194
vertex 0.765433 1.023097 0.541573
endloop
endfacet
facet normal 0.416111 0.778709 -0.469536
outer loop
vertex 0.765909 1.038409 0.472221
vertex 0.767677 1.042677 0.480866
vertex 0.775664 1.038409 0.480866
endloop
endfacet
facet normal 0.416188 0.778630 -0.469598
outer loop
vertex 0.765909 1.038409 0.472221
vertex 0.775664 1.038409 0.480866
vertex 0.773097 1.034567 0.472221
endloop
endfacet
facet normal 0.299838 0.561040 0.771577
outer loop
vertex 0.763530 1.032664 0.535356
vertex 0.760630 1.025664 0.541573
vertex 0.765433 1.023097 0.541573
endloop
endfacet
facet normal 0.299904 0.561030 0.771559
outer loop
vertex 0.763530 1.032664 0.535356
vertex 0.765433 1.023097 0.541573
vertex 0.769642 1.029397 0.535356
endloop
endfacet
facet normal 0.365080 0.683031 -0.632603
outer loop
vertex 0.763530 1.032664 0.464645
vertex 0.765909 1.038409 0.472221
vertex 0.773097 1.034567 0.472221
endloop
endfacet
facet normal 0.365096 0.683004 -0.632622
outer loop
vertex 0.763530 1.032664 0.464645
vertex 0.773097 1.034567 0.472221
vertex 0.769642 1.029397 0.464645
endloop
endfacet
facet normal 0.365136 0.683098 0.632497
outer loop
vertex 0.765909 1.038409 0.527778
vertex 0.763530 1.032664 0.535356
vertex 0.769642 1.029397 0.535356
endloop
endfacet
facet normal 0.365113 0.683088 0.632521
outer loop
vertex 0.765909 1.038409 0.527778
vertex 0.769642 1.029397 0.535356
vertex 0.773097 1.034567 0.527778
endloop
endfacet
facet normal 0.299906 0.561053 -0.771541
outer loop
vertex 0.760630 1.025664 0.458427
vertex 0.763530 1.032664 0.464645
vertex 0.769642 1.029397 0.464645
endloop
endfacet
facet normal 0.299890 0.561126 -0.771494
outer loop
vertex 0.760630 1.025664 0.458427
vertex 0.769642 1.029397 0.464645
vertex 0.765433 1.023097 0.458427
endloop
endfacet
facet normal 0.416193 0.778651 0.469560
outer loop
vertex 0.767677 1.042677 0.519134
vertex 0.765909 1.038409 0.527778
vertex 0.773097 1.034567 0.527778
endloop
endfacet
facet normal 0.416083 0.778650 0.469658
outer loop
vertex 0.767677 1.042677 0.519134
vertex 0.773097 1.034567 0.527778
vertex 0.775664 1.038409 0.519134
endloop
endfacet
facet normal 0.300076 0.365848 0.880971
outer loop
vertex 0.765433 1.023097 0.541573
vertex 0.760630 1.015909 0.546194
vertex 0.763530 1.013530 0.546194
endloop
endfacet
facet normal 0.300269 0.365775 0.880936
outer loop
vertex 0.765433 1.023097 0.541573
vertex 0.763530 1.013530 0.546194
vertex 0.769642 1.019642 0.541573
endloop
endfacet
facet normal 0.560107 0.682468 -0.469592
outer loop
vertex 0.773097 1.034567 0.472221
vertex 0.775664 1.038409 0.480866
vertex 0.782664 1.032664 0.480866
endloop
endfacet
facet normal 0.560066 0.682497 -0.469600
outer loop
vertex 0.773097 1.034567 0.472221
vertex 0.782664 1.032664 0.480866
vertex 0.779397 1.029397 0.472221
endloop
endfacet
facet normal 0.403639 0.491728 0.771543
outer loop
vertex 0.769642 1.029397 0.535356
vertex 0.765433 1.023097 0.541573
vertex 0.769642 1.019642 0.541573
endloop
endfacet
facet normal 0.403543 0.491739 0.771587
outer loop
vertex 0.769642 1.029397 0.535356
vertex 0.769642 1.019642 0.541573
vertex 0.775000 1.025000 0.535356
endloop
endfacet
facet normal 0.491304 0.598698 -0.632599
outer loop
vertex 0.769642 1.029397 0.464645
vertex 0.773097 1.034567 0.472221
vertex 0.779397 1.029397 0.472221
endloop
endfacet
facet normal 0.491304 0.598691 -0.632605
outer loop
vertex 0.769642 1.029397 0.464645
vertex 0.779397 1.029397 0.472221
vertex 0.775000 1.025000 0.464645
endloop
endfacet
facet normal 0.491368 0.598739 0.632510
outer loop
vertex 0.773097 1.034567 0.527778
vertex 0.769642 1.029397 0.535356
vertex 0.775000 1.025000 0.535356
endloop
endfacet
facet normal 0.491345 0.598762 0.632506
outer loop
vertex 0.773097 1.034567 0.527778
vertex 0.775000 1.025000 0.535356
vertex 0.779397 1.029397 0.527778
endloop
endfacet
facet normal 0.403620 0.491823 -0.771493
outer loop
vertex 0.765433 1.023097 0.458427
vertex 0.769642 1.029397 0.464645
vertex 0.775000 1.025000 0.464645
endloop
endfacet
facet normal 0.403631 0.491724 -0.771550
outer loop
vertex 0.765433 1.023097 0.458427
vertex 0.775000 1.025000 0.464645
vertex 0.769642 1.019642 0.458427
endloop
endfacet
facet normal 0.560050 0.682471 0.469656
outer loop
vertex 0.775664 1.038409 0.519134
vertex 0.773097 1.034567 0.527778
vertex 0.779397 1.029397 0.527778
endloop
endfacet
facet normal 0.560091 0.682461 0.469622
outer loop
vertex 0.775664 1.038409 0.519134
vertex 0.779397 1.029397 0.527778
vertex 0.782664 1.032664 0.519134
endloop
endfacet
facet normal 0.300235 0.365757 -0.880955
outer loop
vertex 0.760630 1.015909 0.453806
vertex 0.765433 1.023097 0.458427
vertex 0.769642 1.019642 0.458427
endloop
endfacet
facet normal 0.300128 0.365869 -0.880944
outer loop
vertex 0.760630 1.015909 0.453806
vertex 0.769642 1.019642 0.458427
vertex 0.763530 1.013530 0.453806
endloop
endfacet
facet normal 0.607336 0.740032 0.288957
outer loop
vertex 0.777245 1.040774 0.509754
vertex 0.775664 1.038409 0.519134
vertex 0.782664 1.032664 0.519134
endloop
endfacet
facet normal 0.607290 0.740055 0.288994
outer loop
vertex 0.777245 1.040774 0.509754
vertex 0.782664 1.032664 0.519134
vertex 0.784676 1.034676 0.509754
endloop
endfacet
facet normal 0.184968 0.225473 -0.956530
outer loop
vertex 0.755419 1.008110 0.450960
vertex 0.760630 1.015909 0.453806
vertex 0.763530 1.013530 0.453806
endloop
endfacet
facet normal 0.184877 0.225556 -0.956528
outer loop
vertex 0.755419 1.008110 0.450960
vertex 0.763530 1.013530 0.453806
vertex 0.756898 1.006898 0.450960
endloop
endfacet
facet normal 0.631337 0.769352 0.097529
outer loop
vertex 0.777778 1.041573 0.500000
vertex 0.777245 1.040774 0.509754
vertex 0.784676 1.034676 0.509754
endloop
endfacet
facet normal 0.631230 0.769425 0.097641
outer loop
vertex 0.777778 1.041573 0.500000
vertex 0.784676 1.034676 0.509754
vertex 0.785356 1.035356 0.500000
endloop
endfacet
facet normal 0.062461 0.076192 0.995135
outer loop
vertex 0.755419 1.008110 0.549039
vertex 0.750000 1.000000 0.550000
vertex 0.756898 1.006898 0.549039
endloop
endfacet
facet normal 0.062386 0.076117 -0.995145
outer loop
vertex 0.750000 1.000000 0.450000
vertex 0.755419 1.008110 0.450960
vertex 0.756898 1.006898 0.450960
endloop
endfacet
facet normal 0.631239 0.769431 -0.097537
outer loop
vertex 0.777245 1.040774 0.490245
vertex 0.777778 1.041573 0.500000
vertex 0.785356 1.035356 0.500000
endloop
endfacet
facet normal 0.631326 0.769348 -0.097625
outer loop
vertex 0.777245 1.040774 0.490245
vertex 0.785356 1.035356 0.500000
vertex 0.784676 1.034676 0.490245
endloop
endfacet
facet normal 0.184796 0.225476 0.956562
outer loop
vertex 0.760630 1.015909 0.546194
vertex 0.755419 1.008110 0.549039
vertex 0.756898 1.006898 0.549039
endloop
endfacet
facet normal 0.184902 0.225411 0.956557
outer loop
vertex 0.760630 1.015909 0.546194
vertex 0.756898 1.006898 0.549039
vertex 0.763530 1.013530 0.546194
endloop
endfacet
facet normal 0.607292 0.740063 -0.288970
outer loop
vertex 0.775664 1.038409 0.480866
vertex 0.777245 1.040774 0.490245
vertex 0.784676 1.034676 0.490245
endloop
endfacet
facet normal 0.607324 0.740010 -0.289039
outer loop
vertex 0.775664 1.038409 0.480866
vertex 0.784676 1.034676 0.490245
vertex 0.782664 1.032664 0.480866
endloop
endfacet
facet normal 0.740013 0.607340 0.288996
outer loop
vertex 0.784676 1.034676 0.509754
vertex 0.782664 1.032664 0.519134
vertex 0.788409 1.025664 0.519134
endloop
endfacet
facet normal 0.740060 0.607298 0.288965
outer loop
vertex 0.784676 1.034676 0.509754
vertex 0.788409 1.025664 0.519134
vertex 0.790774 1.027245 0.509754
endloop
endfacet
facet normal 0.225503 0.185005 -0.956515
outer loop
vertex 0.756898 1.006898 0.450960
vertex 0.763530 1.013530 0.453806
vertex 0.765909 1.010630 0.453806
endloop
endfacet
facet normal 0.225537 0.184816 -0.956544
outer loop
vertex 0.756898 1.006898 0.450960
vertex 0.765909 1.010630 0.453806
vertex 0.758110 1.005419 0.450960
endloop
endfacet
facet normal 0.769350 0.631322 0.097637
outer loop
vertex 0.785356 1.035356 0.500000
vertex 0.784676 1.034676 0.509754
vertex 0.790774 1.027245 0.509754
endloop
endfacet
facet normal 0.769429 0.631242 0.097534
outer loop
vertex 0.785356 1.035356 0.500000
vertex 0.790774 1.027245 0.509754
vertex 0.791573 1.027778 0.500000
endloop
endfacet
facet normal 0.076188 0.062446 0.995136
outer loop
vertex 0.756898 1.006898 0.549039
vertex 0.750000 1.000000 0.550000
vertex 0.758110 1.005419 0.549039
endloop
endfacet
facet normal 0.076120 0.062384 -0.995145
outer loop
vertex 0.750000 1.000000 0.450000
vertex 0.756898 1.006898 0.450960
vertex 0.758110 1.005419 0.450960
endloop
endfacet
facet normal 0.769424 0.631233 -0.097633
outer loop
vertex 0.784676 1.034676 0.490245
vertex 0.785356 1.035356 0.500000
vertex 0.791573 1.027778 0.500000
endloop
endfacet
facet normal 0.769357 0.631332 -0.097515
outer loop
vertex 0.784676 1.034676 0.490245
vertex 0.791573 1.027778 0.500000
vertex 0.790774 1.027245 0.490245
endloop
endfacet
facet normal 0.225545 0.184824 0.956540
outer loop
vertex 0.763530 1.013530 0.546194
vertex 0.756898 1.006898 0.549039
vertex 0.758110 1.005419 0.549039
endloop
endfacet
facet normal 0.225388 0.184908 0.956561
outer loop
vertex 0.763530 1.013530 0.546194
vertex 0.758110 1.005419 0.549039
vertex 0.765909 1.010630 0.546194
endloop
endfacet
facet normal 0.740044 0.607284 -0.289036
outer loop
vertex 0.782664 1.032664 0.480866
vertex 0.784676 1.034676 0.490245
vertex 0.790774 1.027245 0.490245
endloop
endfacet
facet normal 0.740017 0.607345 -0.288976
outer loop
vertex 0.782664 1.032664 0.480866
vertex 0.790774 1.027245 0.490245
vertex 0.788409 1.025664 0.480866
endloop
endfacet
facet normal 0.365886 0.300156 0.880928
outer loop
vertex 0.769642 1.019642 0.541573
vertex 0.763530 1.013530 0.546194
vertex 0.765909 1.010630 0.546194
endloop
endfacet
facet normal 0.365732 0.300216 0.880971
outer loop
vertex 0.769642 1.019642 0.541573
vertex 0.765909 1.010630 0.546194
vertex 0.773097 1.015433 0.541573
endloop
endfacet
facet normal 0.682472 0.560096 -0.469601
outer loop
vertex 0.779397 1.029397 0.472221
vertex 0.782664 1.032664 0.480866
vertex 0.788409 1.025664 0.480866
endloop
endfacet
facet normal 0.682493 0.560076 -0.469593
outer loop
vertex 0.779397 1.029397 0.472221
vertex 0.788409 1.025664 0.480866
vertex 0.784567 1.023097 0.472221
endloop
endfacet
facet normal 0.491690 0.403604 0.771586
outer loop
vertex 0.775000 1.025000 0.535356
vertex 0.769642 1.019642 0.541573
vertex 0.773097 1.015433 0.541573
endloop
endfacet
facet normal 0.491772 0.403584 0.771544
outer loop
vertex 0.775000 1.025000 0.535356
vertex 0.773097 1.015433 0.541573
vertex 0.779397 1.019642 0.535356
endloop
endfacet
facet normal 0.598685 0.491298 -0.632615
outer loop
vertex 0.775000 1.025000 0.464645
vertex 0.779397 1.029397 0.472221
vertex 0.784567 1.023097 0.472221
endloop
endfacet
facet normal 0.598676 0.491298 -0.632624
outer loop
vertex 0.775000 1.025000 0.464645
vertex 0.784567 1.023097 0.472221
vertex 0.779397 1.019642 0.464645
endloop
endfacet
facet normal 0.598741 0.491345 0.632526
outer loop
vertex 0.779397 1.029397 0.527778
vertex 0.775000 1.025000 0.535356
vertex 0.779397 1.019642 0.535356
endloop
endfacet
facet normal 0.598739 0.491354 0.632521
outer loop
vertex 0.779397 1.029397 0.527778
vertex 0.779397 1.019642 0.535356
vertex 0.784567 1.023097 0.527778
endloop
endfacet
facet normal 0.491782 0.403585 -0.771537
outer loop
vertex 0.769642 1.019642 0.458427
vertex 0.775000 1.025000 0.464645
vertex 0.779397 1.019642 0.464645
endloop
endfacet
facet normal 0.491776 0.403683 -0.771490
outer loop
vertex 0.769642 1.019642 0.458427
vertex 0.779397 1.019642 0.464645
vertex 0.773097 1.015433 0.458427
endloop
endfacet
facet normal 0.682491 0.560060 0.469615
outer loop
vertex 0.782664 1.032664 0.519134
vertex 0.779397 1.029397 0.527778
vertex 0.784567 1.023097 0.527778
endloop
endfacet
facet normal 0.682440 0.560090 0.469653
outer loop
vertex 0.782664 1.032664 0.519134
vertex 0.784567 1.023097 0.527778
vertex 0.788409 1.025664 0.519134
endloop
endfacet
facet normal 0.365777 0.300258 -0.880938
outer loop
vertex 0.763530 1.013530 0.453806
vertex 0.769642 1.019642 0.458427
vertex 0.773097 1.015433 0.458427
endloop
endfacet
facet normal 0.365811 0.300092 -0.880981
outer loop
vertex 0.763530 1.013530 0.453806
vertex 0.773097 1.015433 0.458427
vertex 0.765909 1.010630 0.453806
endloop
endfacet
facet normal 0.778667 0.416113 -0.469604
outer loop
vertex 0.784567 1.023097 0.472221
vertex 0.788409 1.025664 0.480866
vertex 0.792677 1.017677 0.480866
endloop
endfacet
facet normal 0.778666 0.416179 -0.469546
outer loop
vertex 0.784567 1.023097 0.472221
vertex 0.792677 1.017677 0.480866
vertex 0.788409 1.015909 0.472221
endloop
endfacet
facet normal 0.561051 0.299840 0.771569
outer loop
vertex 0.779397 1.019642 0.535356
vertex 0.773097 1.015433 0.541573
vertex 0.775664 1.010630 0.541573
endloop
endfacet
facet normal 0.561026 0.299868 0.771575
outer loop
vertex 0.779397 1.019642 0.535356
vertex 0.775664 1.010630 0.541573
vertex 0.782664 1.013530 0.535356
endloop
endfacet
facet normal 0.683034 0.365090 -0.632593
outer loop
vertex 0.779397 1.019642 0.464645
vertex 0.784567 1.023097 0.472221
vertex 0.788409 1.015909 0.472221
endloop
endfacet
facet normal 0.683014 0.365089 -0.632615
outer loop
vertex 0.779397 1.019642 0.464645
vertex 0.788409 1.015909 0.472221
vertex 0.782664 1.013530 0.464645
endloop
endfacet
facet normal 0.683100 0.365130 0.632498
outer loop
vertex 0.784567 1.023097 0.527778
vertex 0.779397 1.019642 0.535356
vertex 0.782664 1.013530 0.535356
endloop
endfacet
facet normal 0.683100 0.365124 0.632502
outer loop
vertex 0.784567 1.023097 0.527778
vertex 0.782664 1.013530 0.535356
vertex 0.788409 1.015909 0.527778
endloop
endfacet
facet normal 0.561091 0.299912 -0.771512
outer loop
vertex 0.773097 1.015433 0.458427
vertex 0.779397 1.019642 0.464645
vertex 0.782664 1.013530 0.464645
endloop
endfacet
facet normal 0.561082 0.299860 -0.771538
outer loop
vertex 0.773097 1.015433 0.458427
vertex 0.782664 1.013530 0.464645
vertex 0.775664 1.010630 0.458427
endloop
endfacet
facet normal 0.778617 0.416159 0.469646
outer loop
vertex 0.788409 1.025664 0.519134
vertex 0.784567 1.023097 0.527778
vertex 0.788409 1.015909 0.527778
endloop
endfacet
facet normal 0.778678 0.416105 0.469592
outer loop
vertex 0.788409 1.025664 0.519134
vertex 0.788409 1.015909 0.527778
vertex 0.792677 1.017677 0.519134
endloop
endfacet
facet normal 0.417329 0.223046 -0.880958
outer loop
vertex 0.765909 1.010630 0.453806
vertex 0.773097 1.015433 0.458427
vertex 0.775664 1.010630 0.458427
endloop
endfacet
facet normal 0.417300 0.223028 -0.880976
outer loop
vertex 0.765909 1.010630 0.453806
vertex 0.775664 1.010630 0.458427
vertex 0.767677 1.007322 0.453806
endloop
endfacet
facet normal 0.844352 0.451204 0.288938
outer loop
vertex 0.790774 1.027245 0.509754
vertex 0.788409 1.025664 0.519134
vertex 0.792677 1.017677 0.519134
endloop
endfacet
facet normal 0.844232 0.451321 0.289107
outer loop
vertex 0.790774 1.027245 0.509754
vertex 0.792677 1.017677 0.519134
vertex 0.795307 1.018766 0.509754
endloop
endfacet
facet normal 0.257195 0.137474 -0.956531
outer loop
vertex 0.758110 1.005419 0.450960
vertex 0.765909 1.010630 0.453806
vertex 0.767677 1.007322 0.453806
endloop
endfacet
facet normal 0.257198 0.137597 -0.956513
outer loop
vertex 0.758110 1.005419 0.450960
vertex 0.767677 1.007322 0.453806
vertex 0.759012 1.003733 0.450960
endloop
endfacet
facet normal 0.877679 0.469221 0.097529
outer loop
vertex 0.791573 1.027778 0.500000
vertex 0.790774 1.027245 0.509754
vertex 0.795307 1.018766 0.509754
endloop
endfacet
facet normal 0.877683 0.469212 0.097533
outer loop
vertex 0.791573 1.027778 0.500000
vertex 0.795307 1.018766 0.509754
vertex 0.796194 1.019134 0.500000
endloop
endfacet
facet normal 0.086881 0.046474 0.995134
outer loop
vertex 0.758110 1.005419 0.549039
vertex 0.750000 1.000000 0.550000
vertex 0.759012 1.003733 0.549039
endloop
endfacet
facet normal 0.086777 0.046425 -0.995145
outer loop
vertex 0.750000 1.000000 0.450000
vertex 0.758110 1.005419 0.450960
vertex 0.759012 1.003733 0.450960
endloop
endfacet
facet normal 0.877689 0.469201 -0.097530
outer loop
vertex 0.790774 1.027245 0.490245
vertex 0.791573 1.027778 0.500000
vertex 0.796194 1.019134 0.500000
endloop
endfacet
facet normal 0.877678 0.469226 -0.097512
outer loop
vertex 0.790774 1.027245 0.490245
vertex 0.796194 1.019134 0.500000
vertex 0.795307 1.018766 0.490245
endloop
endfacet
facet normal 0.257061 0.137499 0.956563
outer loop
vertex 0.765909 1.010630 0.546194
vertex 0.758110 1.005419 0.549039
vertex 0.759012 1.003733 0.549039
endloop
endfacet
facet normal 0.257141 0.137451 0.956549
outer loop
vertex 0.765909 1.010630 0.546194
vertex 0.759012 1.003733 0.549039
vertex 0.767677 1.007322 0.546194
endloop
endfacet
facet normal 0.844265 0.451339 -0.288982
outer loop
vertex 0.788409 1.025664 0.480866
vertex 0.790774 1.027245 0.490245
vertex 0.795307 1.018766 0.490245
endloop
endfacet
facet normal 0.844302 0.451178 -0.289122
outer loop
vertex 0.788409 1.025664 0.480866
vertex 0.795307 1.018766 0.490245
vertex 0.792677 1.017677 0.480866
endloop
endfacet
facet normal 0.417333 0.223051 0.880955
outer loop
vertex 0.773097 1.015433 0.541573
vertex 0.765909 1.010630 0.546194
vertex 0.767677 1.007322 0.546194
endloop
endfacet
facet normal 0.417307 0.223028 0.880973
outer loop
vertex 0.773097 1.015433 0.541573
vertex 0.767677 1.007322 0.546194
vertex 0.775664 1.010630 0.541573
endloop
endfacet
facet normal 0.279091 0.084659 -0.956526
outer loop
vertex 0.759012 1.003733 0.450960
vertex 0.767677 1.007322 0.453806
vertex 0.768766 1.003733 0.453806
endloop
endfacet
facet normal 0.279071 0.084668 -0.956530
outer loop
vertex 0.759012 1.003733 0.450960
vertex 0.768766 1.003733 0.453806
vertex 0.759567 1.001903 0.450960
endloop
endfacet
facet normal 0.952394 0.288853 0.097515
outer loop
vertex 0.796194 1.019134 0.500000
vertex 0.795307 1.018766 0.509754
vertex 0.798097 1.009567 0.509754
endloop
endfacet
facet normal 0.952389 0.288869 0.097513
outer loop
vertex 0.796194 1.019134 0.500000
vertex 0.798097 1.009567 0.509754
vertex 0.799039 1.009754 0.500000
endloop
endfacet
facet normal 0.094271 0.028598 0.995136
outer loop
vertex 0.759012 1.003733 0.549039
vertex 0.750000 1.000000 0.550000
vertex 0.759567 1.001903 0.549039
endloop
endfacet
facet normal 0.094186 0.028566 -0.995145
outer loop
vertex 0.750000 1.000000 0.450000
vertex 0.759012 1.003733 0.450960
vertex 0.759567 1.001903 0.450960
endloop
endfacet
facet normal 0.952392 0.288865 -0.097502
outer loop
vertex 0.795307 1.018766 0.490245
vertex 0.796194 1.019134 0.500000
vertex 0.799039 1.009754 0.500000
endloop
endfacet
facet normal 0.952395 0.288855 -0.097503
outer loop
vertex 0.795307 1.018766 0.490245
vertex 0.799039 1.009754 0.500000
vertex 0.798097 1.009567 0.490245
endloop
endfacet
facet normal 0.278992 0.084625 0.956557
outer loop
vertex 0.767677 1.007322 0.546194
vertex 0.759012 1.003733 0.549039
vertex 0.759567 1.001903 0.549039
endloop
endfacet
facet normal 0.279007 0.084637 0.956552
outer loop
vertex 0.767677 1.007322 0.546194
vertex 0.759567 1.001903 0.549039
vertex 0.768766 1.003733 0.546194
endloop
endfacet
facet normal 0.916079 0.277853 -0.289131
outer loop
vertex 0.792677 1.017677 0.480866
vertex 0.795307 1.018766 0.490245
vertex 0.798097 1.009567 0.490245
endloop
endfacet
facet normal 0.916072 0.278045 -0.288968
outer loop
vertex 0.792677 1.017677 0.480866
vertex 0.798097 1.009567 0.490245
vertex 0.795307 1.009012 0.480866
endloop
endfacet
facet normal 0.452800 0.137404 0.880961
outer loop
vertex 0.775664 1.010630 0.541573
vertex 0.767677 1.007322 0.546194
vertex 0.768766 1.003733 0.546194
endloop
endfacet
facet normal 0.452827 0.137383 0.880951
outer loop
vertex 0.775664 1.010630 0.541573
vertex 0.768766 1.003733 0.546194
vertex 0.777245 1.005419 0.541573
endloop
endfacet
facet normal 0.844855 0.256427 -0.469537
outer loop
vertex 0.788409 1.015909 0.472221
vertex 0.792677 1.017677 0.480866
vertex 0.795307 1.009012 0.480866
endloop
endfacet
facet normal 0.844821 0.256199 -0.469722
outer loop
vertex 0.788409 1.015909 0.472221
vertex 0.795307 1.009012 0.480866
vertex 0.790774 1.008110 0.472221
endloop
endfacet
facet normal 0.608747 0.184713 0.771562
outer loop
vertex 0.782664 1.013530 0.535356
vertex 0.775664 1.010630 0.541573
vertex 0.777245 1.005419 0.541573
endloop
endfacet
facet normal 0.608764 0.184680 0.771557
outer loop
vertex 0.782664 1.013530 0.535356
vertex 0.777245 1.005419 0.541573
vertex 0.784676 1.006898 0.535356
endloop
endfacet
facet normal 0.741152 0.224737 -0.632604
outer loop
vertex 0.782664 1.013530 0.464645
vertex 0.788409 1.015909 0.472221
vertex 0.790774 1.008110 0.472221
endloop
endfacet
facet normal 0.741169 0.224851 -0.632543
outer loop
vertex 0.782664 1.013530 0.464645
vertex 0.790774 1.008110 0.472221
vertex 0.784676 1.006898 0.464645
endloop
endfacet
facet normal 0.741199 0.224859 0.632505
outer loop
vertex 0.788409 1.015909 0.527778
vertex 0.782664 1.013530 0.535356
vertex 0.784676 1.006898 0.535356
endloop
endfacet
facet normal 0.741265 0.224781 0.632456
outer loop
vertex 0.788409 1.015909 0.527778
vertex 0.784676 1.006898 0.535356
vertex 0.790774 1.008110 0.527778
endloop
endfacet
facet normal 0.608825 0.184698 -0.771504
outer loop
vertex 0.775664 1.010630 0.458427
vertex 0.782664 1.013530 0.464645
vertex 0.784676 1.006898 0.464645
endloop
endfacet
facet normal 0.608799 0.184717 -0.771520
outer loop
vertex 0.775664 1.010630 0.458427
vertex 0.784676 1.006898 0.464645
vertex 0.777245 1.005419 0.458427
endloop
endfacet
facet normal 0.844897 0.256218 0.469575
outer loop
vertex 0.792677 1.017677 0.519134
vertex 0.788409 1.015909 0.527778
vertex 0.790774 1.008110 0.527778
endloop
endfacet
facet normal 0.844743 0.256403 0.469752
outer loop
vertex 0.792677 1.017677 0.519134
vertex 0.790774 1.008110 0.527778
vertex 0.795307 1.009012 0.519134
endloop
endfacet
facet normal 0.452818 0.137381 -0.880955
outer loop
vertex 0.767677 1.007322 0.453806
vertex 0.775664 1.010630 0.458427
vertex 0.777245 1.005419 0.458427
endloop
endfacet
facet normal 0.452798 0.137390 -0.880964
outer loop
vertex 0.767677 1.007322 0.453806
vertex 0.777245 1.005419 0.458427
vertex 0.768766 1.003733 0.453806
endloop
endfacet
facet normal 0.916029 0.278035 0.289114
outer loop
vertex 0.795307 1.018766 0.509754
vertex 0.792677 1.017677 0.519134
vertex 0.795307 1.009012 0.519134
endloop
endfacet
facet normal 0.916134 0.277870 0.288940
outer loop
vertex 0.795307 1.018766 0.509754
vertex 0.795307 1.009012 0.519134
vertex 0.798097 1.009567 0.509754
endloop
endfacet
facet normal 0.770781 0.075942 -0.632558
outer loop
vertex 0.784676 1.006898 0.464645
vertex 0.790774 1.008110 0.472221
vertex 0.791573 1.000000 0.472221
endloop
endfacet
facet normal 0.770795 0.075992 -0.632535
outer loop
vertex 0.784676 1.006898 0.464645
vertex 0.791573 1.000000 0.472221
vertex 0.785356 1.000000 0.464645
endloop
endfacet
facet normal 0.770851 0.075977 0.632469
outer loop
vertex 0.790774 1.008110 0.527778
vertex 0.784676 1.006898 0.535356
vertex 0.785356 1.000000 0.535356
endloop
endfacet
facet normal 0.770884 0.075955 0.632431
outer loop
vertex 0.790774 1.008110 0.527778
vertex 0.785356 1.000000 0.535356
vertex 0.791573 1.000000 0.527778
endloop
endfacet
facet normal 0.633141 0.062415 -0.771516
outer loop
vertex 0.777245 1.005419 0.458427
vertex 0.784676 1.006898 0.464645
vertex 0.785356 1.000000 0.464645
endloop
endfacet
facet normal 0.633106 0.062278 -0.771556
outer loop
vertex 0.777245 1.005419 0.458427
vertex 0.785356 1.000000 0.464645
vertex 0.777778 1.000000 0.458427
endloop
endfacet
facet normal 0.878549 0.086544 0.469746
outer loop
vertex 0.795307 1.009012 0.519134
vertex 0.790774 1.008110 0.527778
vertex 0.791573 1.000000 0.527778
endloop
endfacet
facet normal 0.878585 0.086478 0.469691
outer loop
vertex 0.795307 1.009012 0.519134
vertex 0.791573 1.000000 0.527778
vertex 0.796194 1.000000 0.519134
endloop
endfacet
facet normal 0.470907 0.046324 -0.880966
outer loop
vertex 0.768766 1.003733 0.453806
vertex 0.777245 1.005419 0.458427
vertex 0.777778 1.000000 0.458427
endloop
endfacet
facet normal 0.470928 0.046415 -0.880950
outer loop
vertex 0.768766 1.003733 0.453806
vertex 0.777778 1.000000 0.458427
vertex 0.769134 1.000000 0.453806
endloop
endfacet
facet normal 0.952746 0.093757 0.288938
outer loop
vertex 0.798097 1.009567 0.509754
vertex 0.795307 1.009012 0.519134
vertex 0.796194 1.000000 0.519134
endloop
endfacet
facet normal 0.952732 0.093814 0.288966
outer loop
vertex 0.798097 1.009567 0.509754
vertex 0.796194 1.000000 0.519134
vertex 0.799039 1.000000 0.509754
endloop
endfacet
facet normal 0.290248 0.028625 -0.956523
outer loop
vertex 0.759567 1.001903 0.450960
vertex 0.768766 1.003733 0.453806
vertex 0.769134 1.000000 0.453806
endloop
endfacet
facet normal 0.290210 0.028495 -0.956539
outer loop
vertex 0.759567 1.001903 0.450960
vertex 0.769134 1.000000 0.453806
vertex 0.759754 1.000000 0.450960
endloop
endfacet
facet normal 0.990445 0.097513 0.097520
outer loop
vertex 0.799039 1.009754 0.500000
vertex 0.798097 1.009567 0.509754
vertex 0.799039 1.000000 0.509754
endloop
endfacet
facet normal 0.990431 0.097594 0.097583
outer loop
vertex 0.799039 1.009754 0.500000
vertex 0.799039 1.000000 0.509754
vertex 0.800000 1.000000 0.500000
endloop
endfacet
facet normal 0.098056 0.009630 0.995134
outer loop
vertex 0.759567 1.001903 0.549039
vertex 0.750000 1.000000 0.550000
vertex 0.759754 1.000000 0.549039
endloop
endfacet
facet normal 0.097944 0.009617 -0.995145
outer loop
vertex 0.750000 1.000000 0.450000
vertex 0.759567 1.001903 0.450960
vertex 0.759754 1.000000 0.450960
endloop
endfacet
facet normal 0.990438 0.097593 -0.097511
outer loop
vertex 0.798097 1.009567 0.490245
vertex 0.799039 1.009754 0.500000
vertex 0.800000 1.000000 0.500000
endloop
endfacet
facet normal 0.990438 0.097525 -0.097573
outer loop
vertex 0.798097 1.009567 0.490245
vertex 0.800000 1.000000 0.500000
vertex 0.799039 1.000000 0.490245
endloop
endfacet
facet normal 0.290175 0.028526 0.956548
outer loop
vertex 0.768766 1.003733 0.546194
vertex 0.759567 1.001903 0.549039
vertex 0.759754 1.000000 0.549039
endloop
endfacet
facet normal 0.290128 0.028598 0.956560
outer loop
vertex 0.768766 1.003733 0.546194
vertex 0.759754 1.000000 0.549039
vertex 0.769134 1.000000 0.546194
endloop
endfacet
facet normal 0.952732 0.093813 -0.288964
outer loop
vertex 0.795307 1.009012 0.480866
vertex 0.798097 1.009567 0.490245
vertex 0.799039 1.000000 0.490245
endloop
endfacet
facet normal 0.952728 0.093755 -0.288996
outer loop
vertex 0.795307 1.009012 0.480866
vertex 0.799039 1.000000 0.490245
vertex 0.796194 1.000000 0.480866
endloop
endfacet
facet normal 0.470880 0.046422 0.880975
outer loop
vertex 0.777245 1.005419 0.541573
vertex 0.768766 1.003733 0.546194
vertex 0.769134 1.000000 0.546194
endloop
endfacet
facet normal 0.470948 0.046319 0.880944
outer loop
vertex 0.777245 1.005419 0.541573
vertex 0.769134 1.000000 0.546194
vertex 0.777778 1.000000 0.541573
endloop
endfacet
facet normal 0.878581 0.086468 -0.469701
outer loop
vertex 0.790774 1.008110 0.472221
vertex 0.795307 1.009012 0.480866
vertex 0.796194 1.000000 0.480866
endloop
endfacet
facet normal 0.878605 0.086563 -0.469638
outer loop
vertex 0.790774 1.008110 0.472221
vertex 0.796194 1.000000 0.480866
vertex 0.791573 1.000000 0.472221
endloop
endfacet
facet normal 0.633109 0.062271 0.771554
outer loop
vertex 0.784676 1.006898 0.535356
vertex 0.777245 1.005419 0.541573
vertex 0.777778 1.000000 0.541573
endloop
endfacet
facet normal 0.633032 0.062400 0.771607
outer loop
vertex 0.784676 1.006898 0.535356
vertex 0.777778 1.000000 0.541573
vertex 0.785356 1.000000 0.535356
endloop
endfacet
facet normal 0.098043 -0.009630 0.995136
outer loop
vertex 0.759754 1.000000 0.549039
vertex 0.750000 1.000000 0.550000
vertex 0.759567 0.998097 0.549039
endloop
endfacet
facet normal 0.097938 -0.009617 -0.995146
outer loop
vertex 0.750000 1.000000 0.450000
vertex 0.759754 1.000000 0.450960
vertex 0.759567 0.998097 0.450960
endloop
endfacet
facet normal 0.990433 -0.097582 -0.097571
outer loop
vertex 0.799039 1.000000 0.490245
vertex 0.800000 1.000000 0.500000
vertex 0.799039 0.990245 0.500000
endloop
endfacet
facet normal 0.990443 -0.097525 -0.097523
outer loop
vertex 0.799039 1.000000 0.490245
vertex 0.799039 0.990245 0.500000
vertex 0.798097 0.990433 0.490245
endloop
endfacet
facet normal 0.290108 -0.028496 0.956569
outer loop
vertex 0.769134 1.000000 0.546194
vertex 0.759754 1.000000 0.549039
vertex 0.759567 0.998097 0.549039
endloop
endfacet
facet normal 0.290148 -0.028612 0.956554
outer loop
vertex 0.769134 1.000000 0.546194
vertex 0.759567 0.998097 0.549039
vertex 0.768766 0.996267 0.546194
endloop
endfacet
facet normal 0.952725 -0.093802 -0.288992
outer loop
vertex 0.796194 1.000000 0.480866
vertex 0.799039 1.000000 0.490245
vertex 0.798097 0.990433 0.490245
endloop
endfacet
facet normal 0.952736 -0.093766 -0.288967
outer loop
vertex 0.796194 1.000000 0.480866
vertex 0.798097 0.990433 0.490245
vertex 0.795307 0.990988 0.480866
endloop
endfacet
facet normal 0.470943 -0.046413 0.880942
outer loop
vertex 0.777778 1.000000 0.541573
vertex 0.769134 1.000000 0.546194
vertex 0.768766 0.996267 0.546194
endloop
endfacet
facet normal 0.470919 -0.046325 0.880959
outer loop
vertex 0.777778 1.000000 0.541573
vertex 0.768766 0.996267 0.546194
vertex 0.777245 0.994581 0.541573
endloop
endfacet
facet normal 0.878611 -0.086481 -0.469643
outer loop
vertex 0.791573 1.000000 0.472221
vertex 0.796194 1.000000 0.480866
vertex 0.795307 0.990988 0.480866
endloop
endfacet
facet normal 0.878570 -0.086549 -0.469706
outer loop
vertex 0.791573 1.000000 0.472221
vertex 0.795307 0.990988 0.480866
vertex 0.790774 0.991890 0.472221
endloop
endfacet
facet normal 0.633040 -0.062265 0.771611
outer loop
vertex 0.785356 1.000000 0.535356
vertex 0.777778 1.000000 0.541573
vertex 0.777245 0.994581 0.541573
endloop
endfacet
facet normal 0.633086 -0.062414 0.771561
outer loop
vertex 0.785356 1.000000 0.535356
vertex 0.777245 0.994581 0.541573
vertex 0.784676 0.993103 0.535356
endloop
endfacet
facet normal 0.770801 -0.075944 -0.632533
outer loop
vertex 0.785356 1.000000 0.464645
vertex 0.791573 1.000000 0.472221
vertex 0.790774 0.991890 0.472221
endloop
endfacet
facet normal 0.770765 -0.075999 -0.632570
outer loop
vertex 0.785356 1.000000 0.464645
vertex 0.790774 0.991890 0.472221
vertex 0.784676 0.993103 0.464645
endloop
endfacet
facet normal 0.770880 -0.076003 0.632430
outer loop
vertex 0.791573 1.000000 0.527778
vertex 0.785356 1.000000 0.535356
vertex 0.784676 0.993103 0.535356
endloop
endfacet
facet normal 0.770850 -0.075942 0.632474
outer loop
vertex 0.791573 1.000000 0.527778
vertex 0.784676 0.993103 0.535356
vertex 0.790774 0.991890 0.527778
endloop
endfacet
facet normal 0.633090 -0.062418 -0.771558
outer loop
vertex 0.777778 1.000000 0.458427
vertex 0.785356 1.000000 0.464645
vertex 0.784676 0.993103 0.464645
endloop
endfacet
facet normal 0.633183 -0.062286 -0.771492
outer loop
vertex 0.777778 1.000000 0.458427
vertex 0.784676 0.993103 0.464645
vertex 0.777245 0.994581 0.458427
endloop
endfacet
facet normal 0.878582 -0.086559 0.469682
outer loop
vertex 0.796194 1.000000 0.519134
vertex 0.791573 1.000000 0.527778
vertex 0.790774 0.991890 0.527778
endloop
endfacet
facet normal 0.878555 -0.086465 0.469749
outer loop
vertex 0.796194 1.000000 0.519134
vertex 0.790774 0.991890 0.527778
vertex 0.795307 0.990988 0.519134
endloop
endfacet
facet normal 0.470951 -0.046319 -0.880942
outer loop
vertex 0.769134 1.000000 0.453806
vertex 0.777778 1.000000 0.458427
vertex 0.777245 0.994581 0.458427
endloop
endfacet
facet normal 0.470901 -0.046423 -0.880964
outer loop
vertex 0.769134 1.000000 0.453806
vertex 0.777245 0.994581 0.458427
vertex 0.768766 0.996267 0.453806
endloop
endfacet
facet normal 0.952736 -0.093766 0.288967
outer loop
vertex 0.799039 1.000000 0.509754
vertex 0.796194 1.000000 0.519134
vertex 0.795307 0.990988 0.519134
endloop
endfacet
facet normal 0.952741 -0.093804 0.288938
outer loop
vertex 0.799039 1.000000 0.509754
vertex 0.795307 0.990988 0.519134
vertex 0.798097 0.990433 0.509754
endloop
endfacet
facet normal 0.290231 -0.028609 -0.956529
outer loop
vertex 0.759754 1.000000 0.450960
vertex 0.769134 1.000000 0.453806
vertex 0.768766 0.996267 0.453806
endloop
endfacet
facet normal 0.290260 -0.028525 -0.956523
outer loop
vertex 0.759754 1.000000 0.450960
vertex 0.768766 0.996267 0.453806
vertex 0.759567 0.998097 0.450960
endloop
endfacet
facet normal 0.990438 -0.097523 0.097581
outer loop
vertex 0.800000 1.000000 0.500000
vertex 0.799039 1.000000 0.509754
vertex 0.798097 0.990433 0.509754
endloop
endfacet
facet normal 0.990438 -0.097574 0.097533
outer loop
vertex 0.800000 1.000000 0.500000
vertex 0.798097 0.990433 0.509754
vertex 0.799039 0.990245 0.500000
endloop
endfacet
facet normal 0.741243 -0.224850 0.632457
outer loop
vertex 0.790774 0.991890 0.527778
vertex 0.784676 0.993103 0.535356
vertex 0.782664 0.986470 0.535356
endloop
endfacet
facet normal 0.741228 -0.224759 0.632507
outer loop
vertex 0.790774 0.991890 0.527778
vertex 0.782664 0.986470 0.535356
vertex 0.788409 0.984091 0.527778
endloop
endfacet
facet normal 0.608836 -0.184675 -0.771501
outer loop
vertex 0.777245 0.994581 0.458427
vertex 0.784676 0.993103 0.464645
vertex 0.782664 0.986470 0.464645
endloop
endfacet
facet normal 0.608830 -0.184692 -0.771502
outer loop
vertex 0.777245 0.994581 0.458427
vertex 0.782664 0.986470 0.464645
vertex 0.775664 0.989369 0.458427
endloop
endfacet
facet normal 0.844806 -0.256195 0.469751
outer loop
vertex 0.795307 0.990988 0.519134
vertex 0.790774 0.991890 0.527778
vertex 0.788409 0.984091 0.527778
endloop
endfacet
facet normal 0.844825 -0.256390 0.469611
outer loop
vertex 0.795307 0.990988 0.519134
vertex 0.788409 0.984091 0.527778
vertex 0.792677 0.982322 0.519134
endloop
endfacet
facet normal 0.452805 -0.137354 -0.880966
outer loop
vertex 0.768766 0.996267 0.453806
vertex 0.777245 0.994581 0.458427
vertex 0.775664 0.989369 0.458427
endloop
endfacet
facet normal 0.452800 -0.137359 -0.880968
outer loop
vertex 0.768766 0.996267 0.453806
vertex 0.775664 0.989369 0.458427
vertex 0.767677 0.992677 0.453806
endloop
endfacet
facet normal 0.916090 -0.278022 0.288932
outer loop
vertex 0.798097 0.990433 0.509754
vertex 0.795307 0.990988 0.519134
vertex 0.792677 0.982322 0.519134
endloop
endfacet
facet normal 0.916092 -0.277857 0.289085
outer loop
vertex 0.798097 0.990433 0.509754
vertex 0.792677 0.982322 0.519134
vertex 0.795307 0.981234 0.509754
endloop
endfacet
facet normal 0.279079 -0.084646 -0.956530
outer loop
vertex 0.759567 0.998097 0.450960
vertex 0.768766 0.996267 0.453806
vertex 0.767677 0.992677 0.453806
endloop
endfacet
facet normal 0.279095 -0.084643 -0.956526
outer loop
vertex 0.759567 0.998097 0.450960
vertex 0.767677 0.992677 0.453806
vertex 0.759012 0.996267 0.450960
endloop
endfacet
facet normal 0.952392 -0.288849 0.097548
outer loop
vertex 0.799039 0.990245 0.500000
vertex 0.798097 0.990433 0.509754
vertex 0.795307 0.981234 0.509754
endloop
endfacet
facet normal 0.952381 -0.288898 0.097510
outer loop
vertex 0.799039 0.990245 0.500000
vertex 0.795307 0.981234 0.509754
vertex 0.796194 0.980866 0.500000
endloop
endfacet
facet normal 0.094296 -0.028598 0.995133
outer loop
vertex 0.759567 0.998097 0.549039
vertex 0.750000 1.000000 0.550000
vertex 0.759012 0.996267 0.549039
endloop
endfacet
facet normal 0.094199 -0.028566 -0.995143
outer loop
vertex 0.750000 1.000000 0.450000
vertex 0.759567 0.998097 0.450960
vertex 0.759012 0.996267 0.450960
endloop
endfacet
facet normal 0.952380 -0.288894 -0.097536
outer loop
vertex 0.798097 0.990433 0.490245
vertex 0.799039 0.990245 0.500000
vertex 0.796194 0.980866 0.500000
endloop
endfacet
facet normal 0.952395 -0.288855 -0.097506
outer loop
vertex 0.798097 0.990433 0.490245
vertex 0.796194 0.980866 0.500000
vertex 0.795307 0.981234 0.490245
endloop
endfacet
facet normal 0.279000 -0.084616 0.956556
outer loop
vertex 0.768766 0.996267 0.546194
vertex 0.759567 0.998097 0.549039
vertex 0.759012 0.996267 0.549039
endloop
endfacet
facet normal 0.278992 -0.084615 0.956558
outer loop
vertex 0.768766 0.996267 0.546194
vertex 0.759012 0.996267 0.549039
vertex 0.767677 0.992677 0.546194
endloop
endfacet
facet normal 0.916128 -0.277864 -0.288965
outer loop
vertex 0.795307 0.990988 0.480866
vertex 0.798097 0.990433 0.490245
vertex 0.795307 0.981234 0.490245
endloop
endfacet
facet normal 0.916037 -0.278007 -0.289117
outer loop
vertex 0.795307 0.990988 0.480866
vertex 0.795307 0.981234 0.490245
vertex 0.792677 0.982322 0.480866
endloop
endfacet
facet normal 0.452803 -0.137358 0.880967
outer loop
vertex 0.777245 0.994581 0.541573
vertex 0.768766 0.996267 0.546194
vertex 0.767677 0.992677 0.546194
endloop
endfacet
facet normal 0.452815 -0.137365 0.880959
outer loop
vertex 0.777245 0.994581 0.541573
vertex 0.767677 0.992677 0.546194
vertex 0.775664 0.989369 0.541573
endloop
endfacet
facet normal 0.844776 -0.256374 -0.469708
outer loop
vertex 0.790774 0.991890 0.472221
vertex 0.795307 0.990988 0.480866
vertex 0.792677 0.982322 0.480866
endloop
endfacet
facet normal 0.844905 -0.256224 -0.469558
outer loop
vertex 0.790774 0.991890 0.472221
vertex 0.792677 0.982322 0.480866
vertex 0.788409 0.984091 0.472221
endloop
endfacet
facet normal 0.608783 -0.184669 0.771545
outer loop
vertex 0.784676 0.993103 0.535356
vertex 0.777245 0.994581 0.541573
vertex 0.775664 0.989369 0.541573
endloop
endfacet
facet normal 0.608767 -0.184671 0.771557
outer loop
vertex 0.784676 0.993103 0.535356
vertex 0.775664 0.989369 0.541573
vertex 0.782664 0.986470 0.535356
endloop
endfacet
facet normal 0.741182 -0.224744 -0.632566
outer loop
vertex 0.784676 0.993103 0.464645
vertex 0.790774 0.991890 0.472221
vertex 0.788409 0.984091 0.472221
endloop
endfacet
facet normal 0.741132 -0.224809 -0.632601
outer loop
vertex 0.784676 0.993103 0.464645
vertex 0.788409 0.984091 0.472221
vertex 0.782664 0.986470 0.464645
endloop
endfacet
facet normal 0.877710 -0.469165 -0.097513
outer loop
vertex 0.795307 0.981234 0.490245
vertex 0.796194 0.980866 0.500000
vertex 0.791573 0.972221 0.500000
endloop
endfacet
facet normal 0.877673 -0.469223 -0.097570
outer loop
vertex 0.795307 0.981234 0.490245
vertex 0.791573 0.972221 0.500000
vertex 0.790774 0.972755 0.490245
endloop
endfacet
facet normal 0.257093 -0.137575 0.956544
outer loop
vertex 0.767677 0.992677 0.546194
vertex 0.759012 0.996267 0.549039
vertex 0.758110 0.994581 0.549039
endloop
endfacet
facet normal 0.257104 -0.137406 0.956565
outer loop
vertex 0.767677 0.992677 0.546194
vertex 0.758110 0.994581 0.549039
vertex 0.765909 0.989369 0.546194
endloop
endfacet
facet normal 0.844233 -0.451327 -0.289093
outer loop
vertex 0.792677 0.982322 0.480866
vertex 0.795307 0.981234 0.490245
vertex 0.790774 0.972755 0.490245
endloop
endfacet
facet normal 0.844320 -0.451243 -0.288969
outer loop
vertex 0.792677 0.982322 0.480866
vertex 0.790774 0.972755 0.490245
vertex 0.788409 0.974336 0.480866
endloop
endfacet
facet normal 0.417319 -0.223022 0.880969
outer loop
vertex 0.775664 0.989369 0.541573
vertex 0.767677 0.992677 0.546194
vertex 0.765909 0.989369 0.546194
endloop
endfacet
facet normal 0.417314 -0.223093 0.880953
outer loop
vertex 0.775664 0.989369 0.541573
vertex 0.765909 0.989369 0.546194
vertex 0.773097 0.984567 0.541573
endloop
endfacet
facet normal 0.778667 -0.416143 -0.469577
outer loop
vertex 0.788409 0.984091 0.472221
vertex 0.792677 0.982322 0.480866
vertex 0.788409 0.974336 0.480866
endloop
endfacet
facet normal 0.778629 -0.416179 -0.469608
outer loop
vertex 0.788409 0.984091 0.472221
vertex 0.788409 0.974336 0.480866
vertex 0.784567 0.976903 0.472221
endloop
endfacet
facet normal 0.561030 -0.299889 0.771565
outer loop
vertex 0.782664 0.986470 0.535356
vertex 0.775664 0.989369 0.541573
vertex 0.773097 0.984567 0.541573
endloop
endfacet
facet normal 0.561043 -0.299832 0.771577
outer loop
vertex 0.782664 0.986470 0.535356
vertex 0.773097 0.984567 0.541573
vertex 0.779397 0.980357 0.535356
endloop
endfacet
facet normal 0.683032 -0.365086 -0.632598
outer loop
vertex 0.782664 0.986470 0.464645
vertex 0.788409 0.984091 0.472221
vertex 0.784567 0.976903 0.472221
endloop
endfacet
facet normal 0.683069 -0.365058 -0.632574
outer loop
vertex 0.782664 0.986470 0.464645
vertex 0.784567 0.976903 0.472221
vertex 0.779397 0.980357 0.464645
endloop
endfacet
facet normal 0.683126 -0.365086 0.632496
outer loop
vertex 0.788409 0.984091 0.527778
vertex 0.782664 0.986470 0.535356
vertex 0.779397 0.980357 0.535356
endloop
endfacet
facet normal 0.683119 -0.365130 0.632478
outer loop
vertex 0.788409 0.984091 0.527778
vertex 0.779397 0.980357 0.535356
vertex 0.784567 0.976903 0.527778
endloop
endfacet
facet normal 0.561116 -0.299878 -0.771506
outer loop
vertex 0.775664 0.989369 0.458427
vertex 0.782664 0.986470 0.464645
vertex 0.779397 0.980357 0.464645
endloop
endfacet
facet normal 0.561054 -0.299908 -0.771539
outer loop
vertex 0.775664 0.989369 0.458427
vertex 0.779397 0.980357 0.464645
vertex 0.773097 0.984567 0.458427
endloop
endfacet
facet normal 0.778634 -0.416169 0.469609
outer loop
vertex 0.792677 0.982322 0.519134
vertex 0.788409 0.984091 0.527778
vertex 0.784567 0.976903 0.527778
endloop
endfacet
facet normal 0.778627 -0.416129 0.469656
outer loop
vertex 0.792677 0.982322 0.519134
vertex 0.784567 0.976903 0.527778
vertex 0.788409 0.974336 0.519134
endloop
endfacet
facet normal 0.417312 -0.223079 -0.880958
outer loop
vertex 0.767677 0.992677 0.453806
vertex 0.775664 0.989369 0.458427
vertex 0.773097 0.984567 0.458427
endloop
endfacet
facet normal 0.417318 -0.223044 -0.880964
outer loop
vertex 0.767677 0.992677 0.453806
vertex 0.773097 0.984567 0.458427
vertex 0.765909 0.989369 0.453806
endloop
endfacet
facet normal 0.844296 -0.451225 0.289067
outer loop
vertex 0.795307 0.981234 0.509754
vertex 0.792677 0.982322 0.519134
vertex 0.788409 0.974336 0.519134
endloop
endfacet
facet normal 0.844271 -0.451351 0.288943
outer loop
vertex 0.795307 0.981234 0.509754
vertex 0.788409 0.974336 0.519134
vertex 0.790774 0.972755 0.509754
endloop
endfacet
facet normal 0.257208 -0.137491 -0.956525
outer loop
vertex 0.759012 0.996267 0.450960
vertex 0.767677 0.992677 0.453806
vertex 0.765909 0.989369 0.453806
endloop
endfacet
facet normal 0.257150 -0.137546 -0.956533
outer loop
vertex 0.759012 0.996267 0.450960
vertex 0.765909 0.989369 0.453806
vertex 0.758110 0.994581 0.450960
endloop
endfacet
facet normal 0.877677 -0.469225 0.097520
outer loop
vertex 0.796194 0.980866 0.500000
vertex 0.795307 0.981234 0.509754
vertex 0.790774 0.972755 0.509754
endloop
endfacet
facet normal 0.877700 -0.469170 0.097581
outer loop
vertex 0.796194 0.980866 0.500000
vertex 0.790774 0.972755 0.509754
vertex 0.791573 0.972221 0.500000
endloop
endfacet
facet normal 0.086856 -0.046474 0.995136
outer loop
vertex 0.759012 0.996267 0.549039
vertex 0.750000 1.000000 0.550000
vertex 0.758110 0.994581 0.549039
endloop
endfacet
facet normal 0.086764 -0.046425 -0.995147
outer loop
vertex 0.750000 1.000000 0.450000
vertex 0.759012 0.996267 0.450960
vertex 0.758110 0.994581 0.450960
endloop
endfacet
facet normal 0.491753 -0.403649 -0.771522
outer loop
vertex 0.773097 0.984567 0.458427
vertex 0.779397 0.980357 0.464645
vertex 0.775000 0.975000 0.464645
endloop
endfacet
facet normal 0.491809 -0.403589 -0.771518
outer loop
vertex 0.773097 0.984567 0.458427
vertex 0.775000 0.975000 0.464645
vertex 0.769642 0.980357 0.458427
endloop
endfacet
facet normal 0.682472 -0.560056 0.469648
outer loop
vertex 0.788409 0.974336 0.519134
vertex 0.784567 0.976903 0.527778
vertex 0.779397 0.970603 0.527778
endloop
endfacet
facet normal 0.682454 -0.560100 0.469622
outer loop
vertex 0.788409 0.974336 0.519134
vertex 0.779397 0.970603 0.527778
vertex 0.782664 0.967336 0.519134
endloop
endfacet
facet normal 0.365806 -0.300190 -0.880949
outer loop
vertex 0.765909 0.989369 0.453806
vertex 0.773097 0.984567 0.458427
vertex 0.769642 0.980357 0.458427
endloop
endfacet
facet normal 0.365789 -0.300192 -0.880956
outer loop
vertex 0.765909 0.989369 0.453806
vertex 0.769642 0.980357 0.458427
vertex 0.763530 0.986470 0.453806
endloop
endfacet
facet normal 0.740013 -0.607354 0.288966
outer loop
vertex 0.790774 0.972755 0.509754
vertex 0.788409 0.974336 0.519134
vertex 0.782664 0.967336 0.519134
endloop
endfacet
facet normal 0.740054 -0.607292 0.288992
outer loop
vertex 0.790774 0.972755 0.509754
vertex 0.782664 0.967336 0.519134
vertex 0.784676 0.965324 0.509754
endloop
endfacet
facet normal 0.225422 -0.184982 -0.956539
outer loop
vertex 0.758110 0.994581 0.450960
vertex 0.765909 0.989369 0.453806
vertex 0.763530 0.986470 0.453806
endloop
endfacet
facet normal 0.225522 -0.184977 -0.956516
outer loop
vertex 0.758110 0.994581 0.450960
vertex 0.763530 0.986470 0.453806
vertex 0.756898 0.993103 0.450960
endloop
endfacet
facet normal 0.769352 -0.631328 0.097588
outer loop
vertex 0.791573 0.972221 0.500000
vertex 0.790774 0.972755 0.509754
vertex 0.784676 0.965324 0.509754
endloop
endfacet
facet normal 0.769344 -0.631338 0.097586
outer loop
vertex 0.791573 0.972221 0.500000
vertex 0.784676 0.965324 0.509754
vertex 0.785356 0.964645 0.500000
endloop
endfacet
facet normal 0.076169 -0.062471 0.995136
outer loop
vertex 0.758110 0.994581 0.549039
vertex 0.750000 1.000000 0.550000
vertex 0.756898 0.993103 0.549039
endloop
endfacet
facet normal 0.076102 -0.062410 -0.995145
outer loop
vertex 0.750000 1.000000 0.450000
vertex 0.758110 0.994581 0.450960
vertex 0.756898 0.993103 0.450960
endloop
endfacet
facet normal 0.769344 -0.631338 -0.097582
outer loop
vertex 0.790774 0.972755 0.490245
vertex 0.791573 0.972221 0.500000
vertex 0.785356 0.964645 0.500000
endloop
endfacet
facet normal 0.769351 -0.631331 -0.097573
outer loop
vertex 0.790774 0.972755 0.490245
vertex 0.785356 0.964645 0.500000
vertex 0.784676 0.965324 0.490245
endloop
endfacet
facet normal 0.225414 -0.184855 0.956565
outer loop
vertex 0.765909 0.989369 0.546194
vertex 0.758110 0.994581 0.549039
vertex 0.756898 0.993103 0.549039
endloop
endfacet
facet normal 0.225372 -0.184947 0.956557
outer loop
vertex 0.765909 0.989369 0.546194
vertex 0.756898 0.993103 0.549039
vertex 0.763530 0.986470 0.546194
endloop
endfacet
facet normal 0.740056 -0.607294 -0.288981
outer loop
vertex 0.788409 0.974336 0.480866
vertex 0.790774 0.972755 0.490245
vertex 0.784676 0.965324 0.490245
endloop
endfacet
facet normal 0.739999 -0.607340 -0.289032
outer loop
vertex 0.788409 0.974336 0.480866
vertex 0.784676 0.965324 0.490245
vertex 0.782664 0.967336 0.480866
endloop
endfacet
facet normal 0.365804 -0.300163 0.880959
outer loop
vertex 0.773097 0.984567 0.541573
vertex 0.765909 0.989369 0.546194
vertex 0.763530 0.986470 0.546194
endloop
endfacet
facet normal 0.365796 -0.300207 0.880948
outer loop
vertex 0.773097 0.984567 0.541573
vertex 0.763530 0.986470 0.546194
vertex 0.769642 0.980357 0.541573
endloop
endfacet
facet normal 0.682465 -0.560105 -0.469600
outer loop
vertex 0.784567 0.976903 0.472221
vertex 0.788409 0.974336 0.480866
vertex 0.782664 0.967336 0.480866
endloop
endfacet
facet normal 0.682501 -0.560074 -0.469584
outer loop
vertex 0.784567 0.976903 0.472221
vertex 0.782664 0.967336 0.480866
vertex 0.779397 0.970603 0.472221
endloop
endfacet
facet normal 0.491740 -0.403561 0.771576
outer loop
vertex 0.779397 0.980357 0.535356
vertex 0.773097 0.984567 0.541573
vertex 0.769642 0.980357 0.541573
endloop
endfacet
facet normal 0.491723 -0.403609 0.771562
outer loop
vertex 0.779397 0.980357 0.535356
vertex 0.769642 0.980357 0.541573
vertex 0.775000 0.975000 0.535356
endloop
endfacet
facet normal 0.598708 -0.491322 -0.632576
outer loop
vertex 0.779397 0.980357 0.464645
vertex 0.784567 0.976903 0.472221
vertex 0.779397 0.970603 0.472221
endloop
endfacet
facet normal 0.598637 -0.491356 -0.632616
outer loop
vertex 0.779397 0.980357 0.464645
vertex 0.779397 0.970603 0.472221
vertex 0.775000 0.975000 0.464645
endloop
endfacet
facet normal 0.598728 -0.491424 0.632477
outer loop
vertex 0.784567 0.976903 0.527778
vertex 0.779397 0.980357 0.535356
vertex 0.775000 0.975000 0.535356
endloop
endfacet
facet normal 0.598745 -0.491356 0.632513
outer loop
vertex 0.784567 0.976903 0.527778
vertex 0.775000 0.975000 0.535356
vertex 0.779397 0.970603 0.527778
endloop
endfacet
facet normal 0.184884 -0.225416 0.956559
outer loop
vertex 0.763530 0.986470 0.546194
vertex 0.756898 0.993103 0.549039
vertex 0.755419 0.991890 0.549039
endloop
endfacet
facet normal 0.184876 -0.225395 0.956566
outer loop
vertex 0.763530 0.986470 0.546194
vertex 0.755419 0.991890 0.549039
vertex 0.760630 0.984091 0.546194
endloop
endfacet
facet normal 0.607290 -0.740039 -0.289034
outer loop
vertex 0.782664 0.967336 0.480866
vertex 0.784676 0.965324 0.490245
vertex 0.777245 0.959226 0.490245
endloop
endfacet
facet normal 0.607337 -0.740025 -0.288972
outer loop
vertex 0.782664 0.967336 0.480866
vertex 0.777245 0.959226 0.490245
vertex 0.775664 0.961591 0.480866
endloop
endfacet
facet normal 0.300124 -0.365865 0.880947
outer loop
vertex 0.769642 0.980357 0.541573
vertex 0.763530 0.986470 0.546194
vertex 0.760630 0.984091 0.546194
endloop
endfacet
facet normal 0.300165 -0.365784 0.880967
outer loop
vertex 0.769642 0.980357 0.541573
vertex 0.760630 0.984091 0.546194
vertex 0.765433 0.976903 0.541573
endloop
endfacet
facet normal 0.560106 -0.682477 -0.469581
outer loop
vertex 0.779397 0.970603 0.472221
vertex 0.782664 0.967336 0.480866
vertex 0.775664 0.961591 0.480866
endloop
endfacet
facet normal 0.560068 -0.682484 -0.469616
outer loop
vertex 0.779397 0.970603 0.472221
vertex 0.775664 0.961591 0.480866
vertex 0.773097 0.965433 0.472221
endloop
endfacet
facet normal 0.403566 -0.491793 0.771540
outer loop
vertex 0.775000 0.975000 0.535356
vertex 0.769642 0.980357 0.541573
vertex 0.765433 0.976903 0.541573
endloop
endfacet
facet normal 0.403570 -0.491763 0.771557
outer loop
vertex 0.775000 0.975000 0.535356
vertex 0.765433 0.976903 0.541573
vertex 0.769642 0.970603 0.535356
endloop
endfacet
facet normal 0.491297 -0.598689 -0.632613
outer loop
vertex 0.775000 0.975000 0.464645
vertex 0.779397 0.970603 0.472221
vertex 0.773097 0.965433 0.472221
endloop
endfacet
facet normal 0.491304 -0.598691 -0.632605
outer loop
vertex 0.775000 0.975000 0.464645
vertex 0.773097 0.965433 0.472221
vertex 0.769642 0.970603 0.464645
endloop
endfacet
facet normal 0.491360 -0.598742 0.632513
outer loop
vertex 0.779397 0.970603 0.527778
vertex 0.775000 0.975000 0.535356
vertex 0.769642 0.970603 0.535356
endloop
endfacet
facet normal 0.491349 -0.598755 0.632511
outer loop
vertex 0.779397 0.970603 0.527778
vertex 0.769642 0.970603 0.535356
vertex 0.773097 0.965433 0.527778
endloop
endfacet
facet normal 0.403615 -0.491817 -0.771499
outer loop
vertex 0.769642 0.980357 0.458427
vertex 0.775000 0.975000 0.464645
vertex 0.769642 0.970603 0.464645
endloop
endfacet
facet normal 0.403594 -0.491828 -0.771503
outer loop
vertex 0.769642 0.980357 0.458427
vertex 0.769642 0.970603 0.464645
vertex 0.765433 0.976903 0.458427
endloop
endfacet
facet normal 0.560070 -0.682488 0.469609
outer loop
vertex 0.782664 0.967336 0.519134
vertex 0.779397 0.970603 0.527778
vertex 0.773097 0.965433 0.527778
endloop
endfacet
facet normal 0.560078 -0.682442 0.469666
outer loop
vertex 0.782664 0.967336 0.519134
vertex 0.773097 0.965433 0.527778
vertex 0.775664 0.961591 0.519134
endloop
endfacet
facet normal 0.300198 -0.365796 -0.880951
outer loop
vertex 0.763530 0.986470 0.453806
vertex 0.769642 0.980357 0.458427
vertex 0.765433 0.976903 0.458427
endloop
endfacet
facet normal 0.300091 -0.365850 -0.880965
outer loop
vertex 0.763530 0.986470 0.453806
vertex 0.765433 0.976903 0.458427
vertex 0.760630 0.984091 0.453806
endloop
endfacet
facet normal 0.607335 -0.740018 0.288994
outer loop
vertex 0.784676 0.965324 0.509754
vertex 0.782664 0.967336 0.519134
vertex 0.775664 0.961591 0.519134
endloop
endfacet
facet normal 0.607302 -0.740058 0.288961
outer loop
vertex 0.784676 0.965324 0.509754
vertex 0.775664 0.961591 0.519134
vertex 0.777245 0.959226 0.509754
endloop
endfacet
facet normal 0.184971 -0.225464 -0.956531
outer loop
vertex 0.756898 0.993103 0.450960
vertex 0.763530 0.986470 0.453806
vertex 0.760630 0.984091 0.453806
endloop
endfacet
facet normal 0.184917 -0.225477 -0.956538
outer loop
vertex 0.756898 0.993103 0.450960
vertex 0.760630 0.984091 0.453806
vertex 0.755419 0.991890 0.450960
endloop
endfacet
facet normal 0.631338 -0.769346 0.097567
outer loop
vertex 0.785356 0.964645 0.500000
vertex 0.784676 0.965324 0.509754
vertex 0.777245 0.959226 0.509754
endloop
endfacet
facet normal 0.631304 -0.769380 0.097516
outer loop
vertex 0.785356 0.964645 0.500000
vertex 0.777245 0.959226 0.509754
vertex 0.777778 0.958427 0.500000
endloop
endfacet
facet normal 0.062443 -0.076169 0.995138
outer loop
vertex 0.756898 0.993103 0.549039
vertex 0.750000 1.000000 0.550000
vertex 0.755419 0.991890 0.549039
endloop
endfacet
facet normal 0.062437 -0.076095 -0.995144
outer loop
vertex 0.750000 1.000000 0.450000
vertex 0.756898 0.993103 0.450960
vertex 0.755419 0.991890 0.450960
endloop
endfacet
facet normal 0.631301 -0.769377 -0.097559
outer loop
vertex 0.784676 0.965324 0.490245
vertex 0.785356 0.964645 0.500000
vertex 0.777778 0.958427 0.500000
endloop
endfacet
facet normal 0.631341 -0.769352 -0.097503
outer loop
vertex 0.784676 0.965324 0.490245
vertex 0.777778 0.958427 0.500000
vertex 0.777245 0.959226 0.490245
endloop
endfacet
facet normal 0.416176 -0.778608 0.469646
outer loop
vertex 0.775664 0.961591 0.519134
vertex 0.773097 0.965433 0.527778
vertex 0.765909 0.961591 0.527778
endloop
endfacet
facet normal 0.416101 -0.778683 0.469588
outer loop
vertex 0.775664 0.961591 0.519134
vertex 0.765909 0.961591 0.527778
vertex 0.767677 0.957323 0.519134
endloop
endfacet
facet normal 0.223031 -0.417309 -0.880971
outer loop
vertex 0.760630 0.984091 0.453806
vertex 0.765433 0.976903 0.458427
vertex 0.760630 0.974336 0.458427
endloop
endfacet
facet normal 0.223165 -0.417307 -0.880938
outer loop
vertex 0.760630 0.984091 0.453806
vertex 0.760630 0.974336 0.458427
vertex 0.757322 0.982322 0.453806
endloop
endfacet
facet normal 0.451197 -0.844349 0.288958
outer loop
vertex 0.777245 0.959226 0.509754
vertex 0.775664 0.961591 0.519134
vertex 0.767677 0.957323 0.519134
endloop
endfacet
facet normal 0.451339 -0.844224 0.289099
outer loop
vertex 0.777245 0.959226 0.509754
vertex 0.767677 0.957323 0.519134
vertex 0.768766 0.954693 0.509754
endloop
endfacet
facet normal 0.137535 -0.257172 -0.956528
outer loop
vertex 0.755419 0.991890 0.450960
vertex 0.760630 0.984091 0.453806
vertex 0.757322 0.982322 0.453806
endloop
endfacet
facet normal 0.137608 -0.257173 -0.956518
outer loop
vertex 0.755419 0.991890 0.450960
vertex 0.757322 0.982322 0.453806
vertex 0.753733 0.990988 0.450960
endloop
endfacet
facet normal 0.469233 -0.877672 0.097530
outer loop
vertex 0.777778 0.958427 0.500000
vertex 0.777245 0.959226 0.509754
vertex 0.768766 0.954693 0.509754
endloop
endfacet
facet normal 0.469196 -0.877695 0.097504
outer loop
vertex 0.777778 0.958427 0.500000
vertex 0.768766 0.954693 0.509754
vertex 0.769134 0.953806 0.500000
endloop
endfacet
facet normal 0.046485 -0.086872 0.995134
outer loop
vertex 0.755419 0.991890 0.549039
vertex 0.750000 1.000000 0.550000
vertex 0.753733 0.990988 0.549039
endloop
endfacet
facet normal 0.046404 -0.086779 -0.995146
outer loop
vertex 0.750000 1.000000 0.450000
vertex 0.755419 0.991890 0.450960
vertex 0.753733 0.990988 0.450960
endloop
endfacet
facet normal 0.469205 -0.877688 -0.097521
outer loop
vertex 0.777245 0.959226 0.490245
vertex 0.777778 0.958427 0.500000
vertex 0.769134 0.953806 0.500000
endloop
endfacet
facet normal 0.469223 -0.877681 -0.097494
outer loop
vertex 0.777245 0.959226 0.490245
vertex 0.769134 0.953806 0.500000
vertex 0.768766 0.954693 0.490245
endloop
endfacet
facet normal 0.137545 -0.257072 0.956554
outer loop
vertex 0.760630 0.984091 0.546194
vertex 0.755419 0.991890 0.549039
vertex 0.753733 0.990988 0.549039
endloop
endfacet
facet normal 0.137483 -0.257094 0.956557
outer loop
vertex 0.760630 0.984091 0.546194
vertex 0.753733 0.990988 0.549039
vertex 0.757322 0.982322 0.546194
endloop
endfacet
facet normal 0.451358 -0.844253 -0.288985
outer loop
vertex 0.775664 0.961591 0.480866
vertex 0.777245 0.959226 0.490245
vertex 0.768766 0.954693 0.490245
endloop
endfacet
facet normal 0.451168 -0.844300 -0.289145
outer loop
vertex 0.775664 0.961591 0.480866
vertex 0.768766 0.954693 0.490245
vertex 0.767677 0.957323 0.480866
endloop
endfacet
facet normal 0.223149 -0.417260 0.880965
outer loop
vertex 0.765433 0.976903 0.541573
vertex 0.760630 0.984091 0.546194
vertex 0.757322 0.982322 0.546194
endloop
endfacet
facet normal 0.223056 -0.417348 0.880946
outer loop
vertex 0.765433 0.976903 0.541573
vertex 0.757322 0.982322 0.546194
vertex 0.760630 0.974336 0.541573
endloop
endfacet
facet normal 0.416098 -0.778674 -0.469605
outer loop
vertex 0.773097 0.965433 0.472221
vertex 0.775664 0.961591 0.480866
vertex 0.767677 0.957323 0.480866
endloop
endfacet
facet normal 0.416200 -0.778659 -0.469539
outer loop
vertex 0.773097 0.965433 0.472221
vertex 0.767677 0.957323 0.480866
vertex 0.765909 0.961591 0.472221
endloop
endfacet
facet normal 0.299861 -0.561066 0.771549
outer loop
vertex 0.769642 0.970603 0.535356
vertex 0.765433 0.976903 0.541573
vertex 0.760630 0.974336 0.541573
endloop
endfacet
facet normal 0.299881 -0.561027 0.771570
outer loop
vertex 0.769642 0.970603 0.535356
vertex 0.760630 0.974336 0.541573
vertex 0.763530 0.967336 0.535356
endloop
endfacet
facet normal 0.365085 -0.683018 -0.632613
outer loop
vertex 0.769642 0.970603 0.464645
vertex 0.773097 0.965433 0.472221
vertex 0.765909 0.961591 0.472221
endloop
endfacet
facet normal 0.365090 -0.683032 -0.632595
outer loop
vertex 0.769642 0.970603 0.464645
vertex 0.765909 0.961591 0.472221
vertex 0.763530 0.967336 0.464645
endloop
endfacet
facet normal 0.365140 -0.683091 0.632502
outer loop
vertex 0.773097 0.965433 0.527778
vertex 0.769642 0.970603 0.535356
vertex 0.763530 0.967336 0.535356
endloop
endfacet
facet normal 0.365110 -0.683105 0.632504
outer loop
vertex 0.773097 0.965433 0.527778
vertex 0.763530 0.967336 0.535356
vertex 0.765909 0.961591 0.527778
endloop
endfacet
facet normal 0.299919 -0.561090 -0.771509
outer loop
vertex 0.765433 0.976903 0.458427
vertex 0.769642 0.970603 0.464645
vertex 0.763530 0.967336 0.464645
endloop
endfacet
facet normal 0.299876 -0.561100 -0.771519
outer loop
vertex 0.765433 0.976903 0.458427
vertex 0.763530 0.967336 0.464645
vertex 0.760630 0.974336 0.458427
endloop
endfacet
facet normal 0.277840 -0.916079 -0.289145
outer loop
vertex 0.767677 0.957323 0.480866
vertex 0.768766 0.954693 0.490245
vertex 0.759567 0.951903 0.490245
endloop
endfacet
facet normal 0.278054 -0.916075 -0.288952
outer loop
vertex 0.767677 0.957323 0.480866
vertex 0.759567 0.951903 0.490245
vertex 0.759012 0.954693 0.480866
endloop
endfacet
facet normal 0.137279 -0.452870 0.880944
outer loop
vertex 0.760630 0.974336 0.541573
vertex 0.757322 0.982322 0.546194
vertex 0.753733 0.981234 0.546194
endloop
endfacet
facet normal 0.137370 -0.452818 0.880957
outer loop
vertex 0.760630 0.974336 0.541573
vertex 0.753733 0.981234 0.546194
vertex 0.755419 0.972755 0.541573
endloop
endfacet
facet normal 0.256427 -0.844844 -0.469557
outer loop
vertex 0.765909 0.961591 0.472221
vertex 0.767677 0.957323 0.480866
vertex 0.759012 0.954693 0.480866
endloop
endfacet
facet normal 0.256188 -0.844827 -0.469717
outer loop
vertex 0.765909 0.961591 0.472221
vertex 0.759012 0.954693 0.480866
vertex 0.758110 0.959226 0.472221
endloop
endfacet
facet normal 0.184693 -0.608740 0.771573
outer loop
vertex 0.763530 0.967336 0.535356
vertex 0.760630 0.974336 0.541573
vertex 0.755419 0.972755 0.541573
endloop
endfacet
facet normal 0.184670 -0.608764 0.771559
outer loop
vertex 0.763530 0.967336 0.535356
vertex 0.755419 0.972755 0.541573
vertex 0.756898 0.965324 0.535356
endloop
endfacet
facet normal 0.224751 -0.741152 -0.632599
outer loop
vertex 0.763530 0.967336 0.464645
vertex 0.765909 0.961591 0.472221
vertex 0.758110 0.959226 0.472221
endloop
endfacet
facet normal 0.224845 -0.741159 -0.632556
outer loop
vertex 0.763530 0.967336 0.464645
vertex 0.758110 0.959226 0.472221
vertex 0.756898 0.965324 0.464645
endloop
endfacet
facet normal 0.224862 -0.741202 0.632500
outer loop
vertex 0.765909 0.961591 0.527778
vertex 0.763530 0.967336 0.535356
vertex 0.756898 0.965324 0.535356
endloop
endfacet
facet normal 0.224782 -0.741260 0.632461
outer loop
vertex 0.765909 0.961591 0.527778
vertex 0.756898 0.965324 0.535356
vertex 0.758110 0.959226 0.527778
endloop
endfacet
facet normal 0.184692 -0.608809 -0.771519
outer loop
vertex 0.760630 0.974336 0.458427
vertex 0.763530 0.967336 0.464645
vertex 0.756898 0.965324 0.464645
endloop
endfacet
facet normal 0.184717 -0.608816 -0.771507
outer loop
vertex 0.760630 0.974336 0.458427
vertex 0.756898 0.965324 0.464645
vertex 0.755419 0.972755 0.458427
endloop
endfacet
facet normal 0.256206 -0.844901 0.469576
outer loop
vertex 0.767677 0.957323 0.519134
vertex 0.765909 0.961591 0.527778
vertex 0.758110 0.959226 0.527778
endloop
endfacet
facet normal 0.256407 -0.844741 0.469753
outer loop
vertex 0.767677 0.957323 0.519134
vertex 0.758110 0.959226 0.527778
vertex 0.759012 0.954693 0.519134
endloop
endfacet
facet normal 0.137396 -0.452837 -0.880943
outer loop
vertex 0.757322 0.982322 0.453806
vertex 0.760630 0.974336 0.458427
vertex 0.755419 0.972755 0.458427
endloop
endfacet
facet normal 0.137274 -0.452836 -0.880963
outer loop
vertex 0.757322 0.982322 0.453806
vertex 0.755419 0.972755 0.458427
vertex 0.753733 0.981234 0.453806
endloop
endfacet
facet normal 0.278036 -0.916031 0.289109
outer loop
vertex 0.768766 0.954693 0.509754
vertex 0.767677 0.957323 0.519134
vertex 0.759012 0.954693 0.519134
endloop
endfacet
facet normal 0.277861 -0.916138 0.288937
outer loop
vertex 0.768766 0.954693 0.509754
vertex 0.759012 0.954693 0.519134
vertex 0.759567 0.951903 0.509754
endloop
endfacet
facet normal 0.084589 -0.279091 -0.956532
outer loop
vertex 0.753733 0.990988 0.450960
vertex 0.757322 0.982322 0.453806
vertex 0.753733 0.981234 0.453806
endloop
endfacet
facet normal 0.084644 -0.279087 -0.956528
outer loop
vertex 0.753733 0.990988 0.450960
vertex 0.753733 0.981234 0.453806
vertex 0.751903 0.990433 0.450960
endloop
endfacet
facet normal 0.288855 -0.952394 0.097510
outer loop
vertex 0.769134 0.953806 0.500000
vertex 0.768766 0.954693 0.509754
vertex 0.759567 0.951903 0.509754
endloop
endfacet
facet normal 0.288952 -0.952355 0.097601
outer loop
vertex 0.769134 0.953806 0.500000
vertex 0.759567 0.951903 0.509754
vertex 0.759754 0.950960 0.500000
endloop
endfacet
facet normal 0.028607 -0.094265 0.995136
outer loop
vertex 0.753733 0.990988 0.549039
vertex 0.750000 1.000000 0.550000
vertex 0.751903 0.990433 0.549039
endloop
endfacet
facet normal 0.028583 -0.094172 -0.995145
outer loop
vertex 0.750000 1.000000 0.450000
vertex 0.753733 0.990988 0.450960
vertex 0.751903 0.990433 0.450960
endloop
endfacet
facet normal 0.288959 -0.952364 -0.097496
outer loop
vertex 0.768766 0.954693 0.490245
vertex 0.769134 0.953806 0.500000
vertex 0.759754 0.950960 0.500000
endloop
endfacet
facet normal 0.288848 -0.952387 -0.097597
outer loop
vertex 0.768766 0.954693 0.490245
vertex 0.759754 0.950960 0.500000
vertex 0.759567 0.951903 0.490245
endloop
endfacet
facet normal 0.084609 -0.278972 0.956565
outer loop
vertex 0.757322 0.982322 0.546194
vertex 0.753733 0.990988 0.549039
vertex 0.751903 0.990433 0.549039
endloop
endfacet
facet normal 0.084592 -0.279021 0.956552
outer loop
vertex 0.757322 0.982322 0.546194
vertex 0.751903 0.990433 0.549039
vertex 0.753733 0.981234 0.546194
endloop
endfacet
facet normal 0.046403 -0.470896 -0.880967
outer loop
vertex 0.753733 0.981234 0.453806
vertex 0.755419 0.972755 0.458427
vertex 0.750000 0.972221 0.458427
endloop
endfacet
facet normal 0.046424 -0.470896 -0.880966
outer loop
vertex 0.753733 0.981234 0.453806
vertex 0.750000 0.972221 0.458427
vertex 0.750000 0.980866 0.453806
endloop
endfacet
facet normal 0.093766 -0.952746 0.288933
outer loop
vertex 0.759567 0.951903 0.509754
vertex 0.759012 0.954693 0.519134
vertex 0.750000 0.953806 0.519134
endloop
endfacet
facet normal 0.093900 -0.952699 0.289045
outer loop
vertex 0.759567 0.951903 0.509754
vertex 0.750000 0.953806 0.519134
vertex 0.750000 0.950960 0.509754
endloop
endfacet
facet normal 0.028605 -0.290240 -0.956526
outer loop
vertex 0.751903 0.990433 0.450960
vertex 0.753733 0.981234 0.453806
vertex 0.750000 0.980866 0.453806
endloop
endfacet
facet normal 0.028699 -0.290257 -0.956518
outer loop
vertex 0.751903 0.990433 0.450960
vertex 0.750000 0.980866 0.453806
vertex 0.750000 0.990245 0.450960
endloop
endfacet
facet normal 0.097619 -0.990425 0.097621
outer loop
vertex 0.759754 0.950960 0.500000
vertex 0.759567 0.951903 0.509754
vertex 0.750000 0.950960 0.509754
endloop
endfacet
facet normal 0.097486 -0.990450 0.097498
outer loop
vertex 0.759754 0.950960 0.500000
vertex 0.750000 0.950960 0.509754
vertex 0.750000 0.950000 0.500000
endloop
endfacet
facet normal 0.009685 -0.098040 0.995135
outer loop
vertex 0.751903 0.990433 0.549039
vertex 0.750000 1.000000 0.550000
vertex 0.750000 0.990245 0.549039
endloop
endfacet
facet normal 0.009684 -0.097941 -0.995145
outer loop
vertex 0.750000 1.000000 0.450000
vertex 0.751903 0.990433 0.450960
vertex 0.750000 0.990245 0.450960
endloop
endfacet
facet normal 0.097487 -0.990439 -0.097603
outer loop
vertex 0.759567 0.951903 0.490245
vertex 0.759754 0.950960 0.500000
vertex 0.750000 0.950000 0.500000
endloop
endfacet
facet normal 0.097619 -0.990437 -0.097494
outer loop
vertex 0.759567 0.951903 0.490245
vertex 0.750000 0.950000 0.500000
vertex 0.750000 0.950960 0.490245
endloop
endfacet
facet normal 0.028630 -0.290123 0.956561
outer loop
vertex 0.753733 0.981234 0.546194
vertex 0.751903 0.990433 0.549039
vertex 0.750000 0.990245 0.549039
endloop
endfacet
facet normal 0.028600 -0.290157 0.956551
outer loop
vertex 0.753733 0.981234 0.546194
vertex 0.750000 0.990245 0.549039
vertex 0.750000 0.980866 0.546194
endloop
endfacet
facet normal 0.093902 -0.952724 -0.288964
outer loop
vertex 0.759012 0.954693 0.480866
vertex 0.759567 0.951903 0.490245
vertex 0.750000 0.950960 0.490245
endloop
endfacet
facet normal 0.093759 -0.952704 -0.289075
outer loop
vertex 0.759012 0.954693 0.480866
vertex 0.750000 0.950960 0.490245
vertex 0.750000 0.953806 0.480866
endloop
endfacet
facet normal 0.046442 -0.470890 0.880968
outer loop
vertex 0.755419 0.972755 0.541573
vertex 0.753733 0.981234 0.546194
vertex 0.750000 0.980866 0.546194
endloop
endfacet
facet normal 0.046394 -0.470910 0.880960
outer loop
vertex 0.755419 0.972755 0.541573
vertex 0.750000 0.980866 0.546194
vertex 0.750000 0.972221 0.541573
endloop
endfacet
facet normal 0.086468 -0.878574 -0.469713
outer loop
vertex 0.758110 0.959226 0.472221
vertex 0.759012 0.954693 0.480866
vertex 0.750000 0.953806 0.480866
endloop
endfacet
facet normal 0.086558 -0.878604 -0.469641
outer loop
vertex 0.758110 0.959226 0.472221
vertex 0.750000 0.953806 0.480866
vertex 0.750000 0.958427 0.472221
endloop
endfacet
facet normal 0.062381 -0.633082 0.771567
outer loop
vertex 0.756898 0.965324 0.535356
vertex 0.755419 0.972755 0.541573
vertex 0.750000 0.972221 0.541573
endloop
endfacet
facet normal 0.062327 -0.633129 0.771533
outer loop
vertex 0.756898 0.965324 0.535356
vertex 0.750000 0.972221 0.541573
vertex 0.750000 0.964645 0.535356
endloop
endfacet
facet normal 0.075938 -0.770782 -0.632557
outer loop
vertex 0.756898 0.965324 0.464645
vertex 0.758110 0.959226 0.472221
vertex 0.750000 0.958427 0.472221
endloop
endfacet
facet normal 0.075871 -0.770755 -0.632598
outer loop
vertex 0.756898 0.965324 0.464645
vertex 0.750000 0.958427 0.472221
vertex 0.750000 0.964645 0.464645
endloop
endfacet
facet normal 0.075880 -0.770865 0.632462
outer loop
vertex 0.758110 0.959226 0.527778
vertex 0.756898 0.965324 0.535356
vertex 0.750000 0.964645 0.535356
endloop
endfacet
facet normal 0.075944 -0.770833 0.632494
outer loop
vertex 0.758110 0.959226 0.527778
vertex 0.750000 0.964645 0.535356
vertex 0.750000 0.958427 0.527778
endloop
endfacet
facet normal 0.062323 -0.633153 -0.771513
outer loop
vertex 0.755419 0.972755 0.458427
vertex 0.756898 0.965324 0.464645
vertex 0.750000 0.964645 0.464645
endloop
endfacet
facet normal 0.062400 -0.633187 -0.771480
outer loop
vertex 0.755419 0.972755 0.458427
vertex 0.750000 0.964645 0.464645
vertex 0.750000 0.972221 0.458427
endloop
endfacet
facet normal 0.086550 -0.878548 0.469748
outer loop
vertex 0.759012 0.954693 0.519134
vertex 0.758110 0.959226 0.527778
vertex 0.750000 0.958427 0.527778
endloop
endfacet
facet normal 0.086468 -0.878586 0.469691
outer loop
vertex 0.759012 0.954693 0.519134
vertex 0.750000 0.958427 0.527778
vertex 0.750000 0.953806 0.519134
endloop
endfacet
facet normal -0.086466 -0.878610 -0.469648
outer loop
vertex 0.750000 0.958427 0.472221
vertex 0.750000 0.953806 0.480866
vertex 0.740988 0.954693 0.480866
endloop
endfacet
facet normal -0.086560 -0.878568 -0.469709
outer loop
vertex 0.750000 0.958427 0.472221
vertex 0.740988 0.954693 0.480866
vertex 0.741890 0.959226 0.472221
endloop
endfacet
facet normal -0.062394 -0.633124 0.771531
outer loop
vertex 0.750000 0.964645 0.535356
vertex 0.750000 0.972221 0.541573
vertex 0.744581 0.972755 0.541573
endloop
endfacet
facet normal -0.062333 -0.633107 0.771551
outer loop
vertex 0.750000 0.964645 0.535356
vertex 0.744581 0.972755 0.541573
vertex 0.743103 0.965324 0.535356
endloop
endfacet
facet normal -0.075936 -0.770749 -0.632598
outer loop
vertex 0.750000 0.964645 0.464645
vertex 0.750000 0.958427 0.472221
vertex 0.741890 0.959226 0.472221
endloop
endfacet
facet normal -0.075884 -0.770788 -0.632556
outer loop
vertex 0.750000 0.964645 0.464645
vertex 0.741890 0.959226 0.472221
vertex 0.743103 0.965324 0.464645
endloop
endfacet
facet normal -0.075887 -0.770840 0.632493
outer loop
vertex 0.750000 0.958427 0.527778
vertex 0.750000 0.964645 0.535356
vertex 0.743103 0.965324 0.535356
endloop
endfacet
facet normal -0.075947 -0.770854 0.632468
outer loop
vertex 0.750000 0.958427 0.527778
vertex 0.743103 0.965324 0.535356
vertex 0.741890 0.959226 0.527778
endloop
endfacet
facet normal -0.062341 -0.633191 -0.771481
outer loop
vertex 0.750000 0.972221 0.458427
vertex 0.750000 0.964645 0.464645
vertex 0.743103 0.965324 0.464645
endloop
endfacet
facet normal -0.062388 -0.633153 -0.771508
outer loop
vertex 0.750000 0.972221 0.458427
vertex 0.743103 0.965324 0.464645
vertex 0.744581 0.972755 0.458427
endloop
endfacet
facet normal -0.086561 -0.878583 0.469680
outer loop
vertex 0.750000 0.953806 0.519134
vertex 0.750000 0.958427 0.527778
vertex 0.741890 0.959226 0.527778
endloop
endfacet
facet normal -0.086459 -0.878556 0.469748
outer loop
vertex 0.750000 0.953806 0.519134
vertex 0.741890 0.959226 0.527778
vertex 0.740988 0.954693 0.519134
endloop
endfacet
facet normal -0.046395 -0.470910 -0.880960
outer loop
vertex 0.750000 0.980866 0.453806
vertex 0.750000 0.972221 0.458427
vertex 0.744581 0.972755 0.458427
endloop
endfacet
facet normal -0.046423 -0.470878 -0.880976
outer loop
vertex 0.750000 0.980866 0.453806
vertex 0.744581 0.972755 0.458427
vertex 0.746267 0.981234 0.453806
endloop
endfacet
facet normal -0.093763 -0.952712 0.289048
outer loop
vertex 0.750000 0.950960 0.509754
vertex 0.750000 0.953806 0.519134
vertex 0.740988 0.954693 0.519134
endloop
endfacet
facet normal -0.093903 -0.952732 0.288937
outer loop
vertex 0.750000 0.950960 0.509754
vertex 0.740988 0.954693 0.519134
vertex 0.740433 0.951903 0.509754
endloop
endfacet
facet normal -0.028631 -0.290250 -0.956522
outer loop
vertex 0.750000 0.990245 0.450960
vertex 0.750000 0.980866 0.453806
vertex 0.746267 0.981234 0.453806
endloop
endfacet
facet normal -0.028647 -0.290237 -0.956526
outer loop
vertex 0.750000 0.990245 0.450960
vertex 0.746267 0.981234 0.453806
vertex 0.748097 0.990433 0.450960
endloop
endfacet
facet normal -0.097620 -0.990436 0.097504
outer loop
vertex 0.750000 0.950000 0.500000
vertex 0.750000 0.950960 0.509754
vertex 0.740433 0.951903 0.509754
endloop
endfacet
facet normal -0.097474 -0.990438 0.097625
outer loop
vertex 0.750000 0.950000 0.500000
vertex 0.740433 0.951903 0.509754
vertex 0.740245 0.950960 0.500000
endloop
endfacet
facet normal -0.009685 -0.098040 0.995135
outer loop
vertex 0.750000 0.990245 0.549039
vertex 0.750000 1.000000 0.550000
vertex 0.748097 0.990433 0.549039
endloop
endfacet
facet normal -0.009684 -0.097941 -0.995145
outer loop
vertex 0.750000 1.000000 0.450000
vertex 0.750000 0.990245 0.450960
vertex 0.748097 0.990433 0.450960
endloop
endfacet
facet normal -0.097477 -0.990452 -0.097478
outer loop
vertex 0.750000 0.950960 0.490245
vertex 0.750000 0.950000 0.500000
vertex 0.740245 0.950960 0.500000
endloop
endfacet
facet normal -0.097617 -0.990424 -0.097633
outer loop
vertex 0.750000 0.950960 0.490245
vertex 0.740245 0.950960 0.500000
vertex 0.740433 0.951903 0.490245
endloop
endfacet
facet normal -0.028632 -0.290166 0.956548
outer loop
vertex 0.750000 0.980866 0.546194
vertex 0.750000 0.990245 0.549039
vertex 0.748097 0.990433 0.549039
endloop
endfacet
facet normal -0.028599 -0.290135 0.956558
outer loop
vertex 0.750000 0.980866 0.546194
vertex 0.748097 0.990433 0.549039
vertex 0.746267 0.981234 0.546194
endloop
endfacet
facet normal -0.093899 -0.952691 -0.289072
outer loop
vertex 0.750000 0.953806 0.480866
vertex 0.750000 0.950960 0.490245
vertex 0.740433 0.951903 0.490245
endloop
endfacet
facet normal -0.093763 -0.952738 -0.288961
outer loop
vertex 0.750000 0.953806 0.480866
vertex 0.740433 0.951903 0.490245
vertex 0.740988 0.954693 0.480866
endloop
endfacet
facet normal -0.046417 -0.470896 0.880967
outer loop
vertex 0.750000 0.972221 0.541573
vertex 0.750000 0.980866 0.546194
vertex 0.746267 0.981234 0.546194
endloop
endfacet
facet normal -0.046411 -0.470905 0.880963
outer loop
vertex 0.750000 0.972221 0.541573
vertex 0.746267 0.981234 0.546194
vertex 0.744581 0.972755 0.541573
endloop
endfacet
facet normal -0.084595 -0.279103 -0.956528
outer loop
vertex 0.748097 0.990433 0.450960
vertex 0.746267 0.981234 0.453806
vertex 0.742677 0.982322 0.453806
endloop
endfacet
facet normal -0.084588 -0.279065 -0.956540
outer loop
vertex 0.748097 0.990433 0.450960
vertex 0.742677 0.982322 0.453806
vertex 0.746267 0.990988 0.450960
endloop
endfacet
facet normal -0.288849 -0.952382 0.097646
outer loop
vertex 0.740245 0.950960 0.500000
vertex 0.740433 0.951903 0.509754
vertex 0.731234 0.954693 0.509754
endloop
endfacet
facet normal -0.288988 -0.952354 0.097503
outer loop
vertex 0.740245 0.950960 0.500000
vertex 0.731234 0.954693 0.509754
vertex 0.730866 0.953806 0.500000
endloop
endfacet
facet normal -0.028607 -0.094265 0.995136
outer loop
vertex 0.748097 0.990433 0.549039
vertex 0.750000 1.000000 0.550000
vertex 0.746267 0.990988 0.549039
endloop
endfacet
facet normal -0.028583 -0.094172 -0.995145
outer loop
vertex 0.750000 1.000000 0.450000
vertex 0.748097 0.990433 0.450960
vertex 0.746267 0.990988 0.450960
endloop
endfacet
facet normal -0.288983 -0.952344 -0.097620
outer loop
vertex 0.740433 0.951903 0.490245
vertex 0.740245 0.950960 0.500000
vertex 0.730866 0.953806 0.500000
endloop
endfacet
facet normal -0.288856 -0.952394 -0.097508
outer loop
vertex 0.740433 0.951903 0.490245
vertex 0.730866 0.953806 0.500000
vertex 0.731234 0.954693 0.490245
endloop
endfacet
facet normal -0.084665 -0.279017 0.956547
outer loop
vertex 0.746267 0.981234 0.546194
vertex 0.748097 0.990433 0.549039
vertex 0.746267 0.990988 0.549039
endloop
endfacet
facet normal -0.084540 -0.278997 0.956563
outer loop
vertex 0.746267 0.981234 0.546194
vertex 0.746267 0.990988 0.549039
vertex 0.742677 0.982322 0.546194
endloop
endfacet
facet normal -0.277858 -0.916130 -0.288964
outer loop
vertex 0.740988 0.954693 0.480866
vertex 0.740433 0.951903 0.490245
vertex 0.731234 0.954693 0.490245
endloop
endfacet
facet normal -0.278012 -0.916038 -0.289109
outer loop
vertex 0.740988 0.954693 0.480866
vertex 0.731234 0.954693 0.490245
vertex 0.732322 0.957323 0.480866
endloop
endfacet
facet normal -0.137225 -0.452844 0.880966
outer loop
vertex 0.744581 0.972755 0.541573
vertex 0.746267 0.981234 0.546194
vertex 0.742677 0.982322 0.546194
endloop
endfacet
facet normal -0.137357 -0.452855 0.880940
outer loop
vertex 0.744581 0.972755 0.541573
vertex 0.742677 0.982322 0.546194
vertex 0.739369 0.974336 0.541573
endloop
endfacet
facet normal -0.256376 -0.844773 -0.469712
outer loop
vertex 0.741890 0.959226 0.472221
vertex 0.740988 0.954693 0.480866
vertex 0.732322 0.957323 0.480866
endloop
endfacet
facet normal -0.256210 -0.844907 -0.469561
outer loop
vertex 0.741890 0.959226 0.472221
vertex 0.732322 0.957323 0.480866
vertex 0.734091 0.961591 0.472221
endloop
endfacet
facet normal -0.184660 -0.608785 0.771545
outer loop
vertex 0.743103 0.965324 0.535356
vertex 0.744581 0.972755 0.541573
vertex 0.739369 0.974336 0.541573
endloop
endfacet
facet normal -0.184660 -0.608770 0.771556
outer loop
vertex 0.743103 0.965324 0.535356
vertex 0.739369 0.974336 0.541573
vertex 0.736470 0.967336 0.535356
endloop
endfacet
facet normal -0.224761 -0.741162 -0.632583
outer loop
vertex 0.743103 0.965324 0.464645
vertex 0.741890 0.959226 0.472221
vertex 0.734091 0.961591 0.472221
endloop
endfacet
facet normal -0.224802 -0.741140 -0.632595
outer loop
vertex 0.743103 0.965324 0.464645
vertex 0.734091 0.961591 0.472221
vertex 0.736470 0.967336 0.464645
endloop
endfacet
facet normal -0.224831 -0.741233 0.632474
outer loop
vertex 0.741890 0.959226 0.527778
vertex 0.743103 0.965324 0.535356
vertex 0.736470 0.967336 0.535356
endloop
endfacet
facet normal -0.224780 -0.741222 0.632506
outer loop
vertex 0.741890 0.959226 0.527778
vertex 0.736470 0.967336 0.535356
vertex 0.734091 0.961591 0.527778
endloop
endfacet
facet normal -0.184679 -0.608827 -0.771507
outer loop
vertex 0.744581 0.972755 0.458427
vertex 0.743103 0.965324 0.464645
vertex 0.736470 0.967336 0.464645
endloop
endfacet
facet normal -0.184679 -0.608843 -0.771495
outer loop
vertex 0.744581 0.972755 0.458427
vertex 0.736470 0.967336 0.464645
vertex 0.739369 0.974336 0.458427
endloop
endfacet
facet normal -0.256190 -0.844805 0.469757
outer loop
vertex 0.740988 0.954693 0.519134
vertex 0.741890 0.959226 0.527778
vertex 0.734091 0.961591 0.527778
endloop
endfacet
facet normal -0.256391 -0.844824 0.469612
outer loop
vertex 0.740988 0.954693 0.519134
vertex 0.734091 0.961591 0.527778
vertex 0.732322 0.957323 0.519134
endloop
endfacet
facet normal -0.137361 -0.452815 -0.880960
outer loop
vertex 0.746267 0.981234 0.453806
vertex 0.744581 0.972755 0.458427
vertex 0.739369 0.974336 0.458427
endloop
endfacet
facet normal -0.137253 -0.452894 -0.880936
outer loop
vertex 0.746267 0.981234 0.453806
vertex 0.739369 0.974336 0.458427
vertex 0.742677 0.982322 0.453806
endloop
endfacet
facet normal -0.278023 -0.916091 0.288931
outer loop
vertex 0.740433 0.951903 0.509754
vertex 0.740988 0.954693 0.519134
vertex 0.732322 0.957323 0.519134
endloop
endfacet
facet normal -0.277848 -0.916097 0.289078
outer loop
vertex 0.740433 0.951903 0.509754
vertex 0.732322 0.957323 0.519134
vertex 0.731234 0.954693 0.509754
endloop
endfacet
facet normal -0.299903 -0.561040 0.771552
outer loop
vertex 0.736470 0.967336 0.535356
vertex 0.739369 0.974336 0.541573
vertex 0.734567 0.976903 0.541573
endloop
endfacet
facet normal -0.299840 -0.561033 0.771582
outer loop
vertex 0.736470 0.967336 0.535356
vertex 0.734567 0.976903 0.541573
vertex 0.730357 0.970603 0.535356
endloop
endfacet
facet normal -0.365077 -0.683026 -0.632610
outer loop
vertex 0.736470 0.967336 0.464645
vertex 0.734091 0.961591 0.472221
vertex 0.726903 0.965433 0.472221
endloop
endfacet
facet normal -0.365063 -0.683078 -0.632562
outer loop
vertex 0.736470 0.967336 0.464645
vertex 0.726903 0.965433 0.472221
vertex 0.730357 0.970603 0.464645
endloop
endfacet
facet normal -0.365087 -0.683129 0.632493
outer loop
vertex 0.734091 0.961591 0.527778
vertex 0.736470 0.967336 0.535356
vertex 0.730357 0.970603 0.535356
endloop
endfacet
facet normal -0.365128 -0.683116 0.632483
outer loop
vertex 0.734091 0.961591 0.527778
vertex 0.730357 0.970603 0.535356
vertex 0.726903 0.965433 0.527778
endloop
endfacet
facet normal -0.299877 -0.561108 -0.771512
outer loop
vertex 0.739369 0.974336 0.458427
vertex 0.736470 0.967336 0.464645
vertex 0.730357 0.970603 0.464645
endloop
endfacet
facet normal -0.299919 -0.561058 -0.771533
outer loop
vertex 0.739369 0.974336 0.458427
vertex 0.730357 0.970603 0.464645
vertex 0.734567 0.976903 0.458427
endloop
endfacet
facet normal -0.416175 -0.778630 0.469610
outer loop
vertex 0.732322 0.957323 0.519134
vertex 0.734091 0.961591 0.527778
vertex 0.726903 0.965433 0.527778
endloop
endfacet
facet normal -0.416134 -0.778630 0.469647
outer loop
vertex 0.732322 0.957323 0.519134
vertex 0.726903 0.965433 0.527778
vertex 0.724336 0.961591 0.519134
endloop
endfacet
facet normal -0.223090 -0.417341 -0.880941
outer loop
vertex 0.742677 0.982322 0.453806
vertex 0.739369 0.974336 0.458427
vertex 0.734567 0.976903 0.458427
endloop
endfacet
facet normal -0.223151 -0.417269 -0.880960
outer loop
vertex 0.742677 0.982322 0.453806
vertex 0.734567 0.976903 0.458427
vertex 0.739369 0.984091 0.453806
endloop
endfacet
facet normal -0.451224 -0.844295 0.289073
outer loop
vertex 0.731234 0.954693 0.509754
vertex 0.732322 0.957323 0.519134
vertex 0.724336 0.961591 0.519134
endloop
endfacet
facet normal -0.451365 -0.844261 0.288951
outer loop
vertex 0.731234 0.954693 0.509754
vertex 0.724336 0.961591 0.519134
vertex 0.722755 0.959226 0.509754
endloop
endfacet
facet normal -0.137542 -0.257162 -0.956530
outer loop
vertex 0.746267 0.990988 0.450960
vertex 0.742677 0.982322 0.453806
vertex 0.739369 0.984091 0.453806
endloop
endfacet
facet normal -0.137546 -0.257150 -0.956533
outer loop
vertex 0.746267 0.990988 0.450960
vertex 0.739369 0.984091 0.453806
vertex 0.744581 0.991890 0.450960
endloop
endfacet
facet normal -0.469230 -0.877676 0.097510
outer loop
vertex 0.730866 0.953806 0.500000
vertex 0.731234 0.954693 0.509754
vertex 0.722755 0.959226 0.509754
endloop
endfacet
facet normal -0.469156 -0.877707 0.097583
outer loop
vertex 0.730866 0.953806 0.500000
vertex 0.722755 0.959226 0.509754
vertex 0.722221 0.958427 0.500000
endloop
endfacet
facet normal -0.046484 -0.086870 0.995135
outer loop
vertex 0.746267 0.990988 0.549039
vertex 0.750000 1.000000 0.550000
vertex 0.744581 0.991890 0.549039
endloop
endfacet
facet normal -0.046404 -0.086779 -0.995146
outer loop
vertex 0.750000 1.000000 0.450000
vertex 0.746267 0.990988 0.450960
vertex 0.744581 0.991890 0.450960
endloop
endfacet
facet normal -0.469158 -0.877714 -0.097512
outer loop
vertex 0.731234 0.954693 0.490245
vertex 0.730866 0.953806 0.500000
vertex 0.722221 0.958427 0.500000
endloop
endfacet
facet normal -0.469227 -0.877672 -0.097562
outer loop
vertex 0.731234 0.954693 0.490245
vertex 0.722221 0.958427 0.500000
vertex 0.722755 0.959226 0.490245
endloop
endfacet
facet normal -0.137542 -0.257066 0.956556
outer loop
vertex 0.742677 0.982322 0.546194
vertex 0.746267 0.990988 0.549039
vertex 0.744581 0.991890 0.549039
endloop
endfacet
facet normal -0.137477 -0.257082 0.956561
outer loop
vertex 0.742677 0.982322 0.546194
vertex 0.744581 0.991890 0.549039
vertex 0.739369 0.984091 0.546194
endloop
endfacet
facet normal -0.451332 -0.844233 -0.289086
outer loop
vertex 0.732322 0.957323 0.480866
vertex 0.731234 0.954693 0.490245
vertex 0.722755 0.959226 0.490245
endloop
endfacet
facet normal -0.451242 -0.844316 -0.288984
outer loop
vertex 0.732322 0.957323 0.480866
vertex 0.722755 0.959226 0.490245
vertex 0.724336 0.961591 0.480866
endloop
endfacet
facet normal -0.223174 -0.417306 0.880936
outer loop
vertex 0.739369 0.974336 0.541573
vertex 0.742677 0.982322 0.546194
vertex 0.739369 0.984091 0.546194
endloop
endfacet
facet normal -0.223088 -0.417321 0.880951
outer loop
vertex 0.739369 0.974336 0.541573
vertex 0.739369 0.984091 0.546194
vertex 0.734567 0.976903 0.541573
endloop
endfacet
facet normal -0.416146 -0.778670 -0.469570
outer loop
vertex 0.734091 0.961591 0.472221
vertex 0.732322 0.957323 0.480866
vertex 0.724336 0.961591 0.480866
endloop
endfacet
facet normal -0.416186 -0.778626 -0.469608
outer loop
vertex 0.734091 0.961591 0.472221
vertex 0.724336 0.961591 0.480866
vertex 0.726903 0.965433 0.472221
endloop
endfacet
facet normal -0.631342 -0.769341 0.097577
outer loop
vertex 0.722221 0.958427 0.500000
vertex 0.722755 0.959226 0.509754
vertex 0.715324 0.965324 0.509754
endloop
endfacet
facet normal -0.631399 -0.769304 0.097506
outer loop
vertex 0.722221 0.958427 0.500000
vertex 0.715324 0.965324 0.509754
vertex 0.714645 0.964645 0.500000
endloop
endfacet
facet normal -0.062496 -0.076153 0.995136
outer loop
vertex 0.744581 0.991890 0.549039
vertex 0.750000 1.000000 0.550000
vertex 0.743103 0.993103 0.549039
endloop
endfacet
facet normal -0.062464 -0.076078 -0.995143
outer loop
vertex 0.750000 1.000000 0.450000
vertex 0.744581 0.991890 0.450960
vertex 0.743103 0.993103 0.450960
endloop
endfacet
facet normal -0.631405 -0.769290 -0.097575
outer loop
vertex 0.722755 0.959226 0.490245
vertex 0.722221 0.958427 0.500000
vertex 0.714645 0.964645 0.500000
endloop
endfacet
facet normal -0.631340 -0.769354 -0.097488
outer loop
vertex 0.722755 0.959226 0.490245
vertex 0.714645 0.964645 0.500000
vertex 0.715324 0.965324 0.490245
endloop
endfacet
facet normal -0.184928 -0.225350 0.956566
outer loop
vertex 0.739369 0.984091 0.546194
vertex 0.744581 0.991890 0.549039
vertex 0.743103 0.993103 0.549039
endloop
endfacet
facet normal -0.184926 -0.225349 0.956567
outer loop
vertex 0.739369 0.984091 0.546194
vertex 0.743103 0.993103 0.549039
vertex 0.736470 0.986470 0.546194
endloop
endfacet
facet normal -0.607297 -0.740052 -0.288986
outer loop
vertex 0.724336 0.961591 0.480866
vertex 0.722755 0.959226 0.490245
vertex 0.715324 0.965324 0.490245
endloop
endfacet
facet normal -0.607331 -0.740010 -0.289023
outer loop
vertex 0.724336 0.961591 0.480866
vertex 0.715324 0.965324 0.490245
vertex 0.717336 0.967336 0.480866
endloop
endfacet
facet normal -0.300159 -0.365808 0.880959
outer loop
vertex 0.734567 0.976903 0.541573
vertex 0.739369 0.984091 0.546194
vertex 0.736470 0.986470 0.546194
endloop
endfacet
facet normal -0.300141 -0.365823 0.880959
outer loop
vertex 0.734567 0.976903 0.541573
vertex 0.736470 0.986470 0.546194
vertex 0.730357 0.980357 0.541573
endloop
endfacet
facet normal -0.560100 -0.682453 -0.469623
outer loop
vertex 0.726903 0.965433 0.472221
vertex 0.724336 0.961591 0.480866
vertex 0.717336 0.967336 0.480866
endloop
endfacet
facet normal -0.560078 -0.682512 -0.469563
outer loop
vertex 0.726903 0.965433 0.472221
vertex 0.717336 0.967336 0.480866
vertex 0.720603 0.970603 0.472221
endloop
endfacet
facet normal -0.403476 -0.491794 0.771587
outer loop
vertex 0.730357 0.970603 0.535356
vertex 0.734567 0.976903 0.541573
vertex 0.730357 0.980357 0.541573
endloop
endfacet
facet normal -0.403640 -0.491753 0.771527
outer loop
vertex 0.730357 0.970603 0.535356
vertex 0.730357 0.980357 0.541573
vertex 0.725000 0.975000 0.535356
endloop
endfacet
facet normal -0.491318 -0.598715 -0.632571
outer loop
vertex 0.730357 0.970603 0.464645
vertex 0.726903 0.965433 0.472221
vertex 0.720603 0.970603 0.472221
endloop
endfacet
facet normal -0.491353 -0.598627 -0.632627
outer loop
vertex 0.730357 0.970603 0.464645
vertex 0.720603 0.970603 0.472221
vertex 0.725000 0.975000 0.464645
endloop
endfacet
facet normal -0.491443 -0.598720 0.632469
outer loop
vertex 0.726903 0.965433 0.527778
vertex 0.730357 0.970603 0.535356
vertex 0.725000 0.975000 0.535356
endloop
endfacet
facet normal -0.491341 -0.598758 0.632513
outer loop
vertex 0.726903 0.965433 0.527778
vertex 0.725000 0.975000 0.535356
vertex 0.720603 0.970603 0.527778
endloop
endfacet
facet normal -0.403643 -0.491755 -0.771524
outer loop
vertex 0.734567 0.976903 0.458427
vertex 0.730357 0.970603 0.464645
vertex 0.725000 0.975000 0.464645
endloop
endfacet
facet normal -0.403570 -0.491893 -0.771474
outer loop
vertex 0.734567 0.976903 0.458427
vertex 0.725000 0.975000 0.464645
vertex 0.730357 0.980357 0.458427
endloop
endfacet
facet normal -0.560050 -0.682471 0.469656
outer loop
vertex 0.724336 0.961591 0.519134
vertex 0.726903 0.965433 0.527778
vertex 0.720603 0.970603 0.527778
endloop
endfacet
facet normal -0.560095 -0.682459 0.469621
outer loop
vertex 0.724336 0.961591 0.519134
vertex 0.720603 0.970603 0.527778
vertex 0.717336 0.967336 0.519134
endloop
endfacet
facet normal -0.300142 -0.365829 -0.880956
outer loop
vertex 0.739369 0.984091 0.453806
vertex 0.734567 0.976903 0.458427
vertex 0.730357 0.980357 0.458427
endloop
endfacet
facet normal -0.300172 -0.365793 -0.880961
outer loop
vertex 0.739369 0.984091 0.453806
vertex 0.730357 0.980357 0.458427
vertex 0.736470 0.986470 0.453806
endloop
endfacet
facet normal -0.607341 -0.740032 0.288946
outer loop
vertex 0.722755 0.959226 0.509754
vertex 0.724336 0.961591 0.519134
vertex 0.717336 0.967336 0.519134
endloop
endfacet
facet normal -0.607297 -0.740045 0.289005
outer loop
vertex 0.722755 0.959226 0.509754
vertex 0.717336 0.967336 0.519134
vertex 0.715324 0.965324 0.509754
endloop
endfacet
facet normal -0.184986 -0.225434 -0.956535
outer loop
vertex 0.744581 0.991890 0.450960
vertex 0.739369 0.984091 0.453806
vertex 0.736470 0.986470 0.453806
endloop
endfacet
facet normal -0.185009 -0.225409 -0.956537
outer loop
vertex 0.744581 0.991890 0.450960
vertex 0.736470 0.986470 0.453806
vertex 0.743103 0.993103 0.450960
endloop
endfacet
facet normal -0.598689 -0.491302 -0.632608
outer loop
vertex 0.725000 0.975000 0.464645
vertex 0.720603 0.970603 0.472221
vertex 0.715433 0.976903 0.472221
endloop
endfacet
facet normal -0.598659 -0.491379 -0.632578
outer loop
vertex 0.725000 0.975000 0.464645
vertex 0.715433 0.976903 0.472221
vertex 0.720603 0.980357 0.464645
endloop
endfacet
facet normal -0.598698 -0.491405 0.632521
outer loop
vertex 0.720603 0.970603 0.527778
vertex 0.725000 0.975000 0.535356
vertex 0.720603 0.980357 0.535356
endloop
endfacet
facet normal -0.598769 -0.491374 0.632477
outer loop
vertex 0.720603 0.970603 0.527778
vertex 0.720603 0.980357 0.535356
vertex 0.715433 0.976903 0.527778
endloop
endfacet
facet normal -0.491806 -0.403692 -0.771466
outer loop
vertex 0.730357 0.980357 0.458427
vertex 0.725000 0.975000 0.464645
vertex 0.720603 0.980357 0.464645
endloop
endfacet
facet normal -0.491843 -0.403512 -0.771537
outer loop
vertex 0.730357 0.980357 0.458427
vertex 0.720603 0.980357 0.464645
vertex 0.726903 0.984567 0.458427
endloop
endfacet
facet normal -0.682488 -0.560057 0.469624
outer loop
vertex 0.717336 0.967336 0.519134
vertex 0.720603 0.970603 0.527778
vertex 0.715433 0.976903 0.527778
endloop
endfacet
facet normal -0.682443 -0.560096 0.469643
outer loop
vertex 0.717336 0.967336 0.519134
vertex 0.715433 0.976903 0.527778
vertex 0.711591 0.974336 0.519134
endloop
endfacet
facet normal -0.365826 -0.300123 -0.880964
outer loop
vertex 0.736470 0.986470 0.453806
vertex 0.730357 0.980357 0.458427
vertex 0.726903 0.984567 0.458427
endloop
endfacet
facet normal -0.365802 -0.300179 -0.880955
outer loop
vertex 0.736470 0.986470 0.453806
vertex 0.726903 0.984567 0.458427
vertex 0.734091 0.989369 0.453806
endloop
endfacet
facet normal -0.740009 -0.607340 0.289007
outer loop
vertex 0.715324 0.965324 0.509754
vertex 0.717336 0.967336 0.519134
vertex 0.711591 0.974336 0.519134
endloop
endfacet
facet normal -0.740059 -0.607307 0.288949
outer loop
vertex 0.715324 0.965324 0.509754
vertex 0.711591 0.974336 0.519134
vertex 0.709226 0.972755 0.509754
endloop
endfacet
facet normal -0.225417 -0.184973 -0.956542
outer loop
vertex 0.743103 0.993103 0.450960
vertex 0.736470 0.986470 0.453806
vertex 0.734091 0.989369 0.453806
endloop
endfacet
facet normal -0.225407 -0.185028 -0.956534
outer loop
vertex 0.743103 0.993103 0.450960
vertex 0.734091 0.989369 0.453806
vertex 0.741890 0.994581 0.450960
endloop
endfacet
facet normal -0.769351 -0.631341 0.097500
outer loop
vertex 0.714645 0.964645 0.500000
vertex 0.715324 0.965324 0.509754
vertex 0.709226 0.972755 0.509754
endloop
endfacet
facet normal -0.769297 -0.631394 0.097594
outer loop
vertex 0.714645 0.964645 0.500000
vertex 0.709226 0.972755 0.509754
vertex 0.708427 0.972221 0.500000
endloop
endfacet
facet normal -0.076146 -0.062502 0.995136
outer loop
vertex 0.743103 0.993103 0.549039
vertex 0.750000 1.000000 0.550000
vertex 0.741890 0.994581 0.549039
endloop
endfacet
facet normal -0.076080 -0.062442 -0.995145
outer loop
vertex 0.750000 1.000000 0.450000
vertex 0.743103 0.993103 0.450960
vertex 0.741890 0.994581 0.450960
endloop
endfacet
facet normal -0.769295 -0.631411 -0.097497
outer loop
vertex 0.715324 0.965324 0.490245
vertex 0.714645 0.964645 0.500000
vertex 0.708427 0.972221 0.500000
endloop
endfacet
facet normal -0.769350 -0.631331 -0.097578
outer loop
vertex 0.715324 0.965324 0.490245
vertex 0.708427 0.972221 0.500000
vertex 0.709226 0.972755 0.490245
endloop
endfacet
facet normal -0.225362 -0.184941 0.956561
outer loop
vertex 0.736470 0.986470 0.546194
vertex 0.743103 0.993103 0.549039
vertex 0.741890 0.994581 0.549039
endloop
endfacet
facet normal -0.225343 -0.184934 0.956567
outer loop
vertex 0.736470 0.986470 0.546194
vertex 0.741890 0.994581 0.549039
vertex 0.734091 0.989369 0.546194
endloop
endfacet
facet normal -0.740046 -0.607289 -0.289019
outer loop
vertex 0.717336 0.967336 0.480866
vertex 0.715324 0.965324 0.490245
vertex 0.709226 0.972755 0.490245
endloop
endfacet
facet normal -0.740012 -0.607346 -0.288987
outer loop
vertex 0.717336 0.967336 0.480866
vertex 0.709226 0.972755 0.490245
vertex 0.711591 0.974336 0.480866
endloop
endfacet
facet normal -0.365777 -0.300159 0.880972
outer loop
vertex 0.730357 0.980357 0.541573
vertex 0.736470 0.986470 0.546194
vertex 0.734091 0.989369 0.546194
endloop
endfacet
facet normal -0.365844 -0.300134 0.880953
outer loop
vertex 0.730357 0.980357 0.541573
vertex 0.734091 0.989369 0.546194
vertex 0.726903 0.984567 0.541573
endloop
endfacet
facet normal -0.682479 -0.560106 -0.469579
outer loop
vertex 0.720603 0.970603 0.472221
vertex 0.717336 0.967336 0.480866
vertex 0.711591 0.974336 0.480866
endloop
endfacet
facet normal -0.682487 -0.560072 -0.469607
outer loop
vertex 0.720603 0.970603 0.472221
vertex 0.711591 0.974336 0.480866
vertex 0.715433 0.976903 0.472221
endloop
endfacet
facet normal -0.491857 -0.403535 0.771516
outer loop
vertex 0.725000 0.975000 0.535356
vertex 0.730357 0.980357 0.541573
vertex 0.726903 0.984567 0.541573
endloop
endfacet
facet normal -0.491705 -0.403608 0.771575
outer loop
vertex 0.725000 0.975000 0.535356
vertex 0.726903 0.984567 0.541573
vertex 0.720603 0.980357 0.535356
endloop
endfacet
facet normal -0.086856 -0.046474 0.995136
outer loop
vertex 0.741890 0.994581 0.549039
vertex 0.750000 1.000000 0.550000
vertex 0.740988 0.996267 0.549039
endloop
endfacet
facet normal -0.086764 -0.046425 -0.995147
outer loop
vertex 0.750000 1.000000 0.450000
vertex 0.741890 0.994581 0.450960
vertex 0.740988 0.996267 0.450960
endloop
endfacet
facet normal -0.877705 -0.469163 -0.097570
outer loop
vertex 0.709226 0.972755 0.490245
vertex 0.708427 0.972221 0.500000
vertex 0.703806 0.980866 0.500000
endloop
endfacet
facet normal -0.877677 -0.469228 -0.097512
outer loop
vertex 0.709226 0.972755 0.490245
vertex 0.703806 0.980866 0.500000
vertex 0.704693 0.981234 0.490245
endloop
endfacet
facet normal -0.257057 -0.137500 0.956564
outer loop
vertex 0.734091 0.989369 0.546194
vertex 0.741890 0.994581 0.549039
vertex 0.740988 0.996267 0.549039
endloop
endfacet
facet normal -0.257064 -0.137481 0.956565
outer loop
vertex 0.734091 0.989369 0.546194
vertex 0.740988 0.996267 0.549039
vertex 0.732322 0.992677 0.546194
endloop
endfacet
facet normal -0.844267 -0.451345 -0.288966
outer loop
vertex 0.711591 0.974336 0.480866
vertex 0.709226 0.972755 0.490245
vertex 0.704693 0.981234 0.490245
endloop
endfacet
facet normal -0.844286 -0.451224 -0.289099
outer loop
vertex 0.711591 0.974336 0.480866
vertex 0.704693 0.981234 0.490245
vertex 0.707323 0.982322 0.480866
endloop
endfacet
facet normal -0.417275 -0.223167 0.880953
outer loop
vertex 0.726903 0.984567 0.541573
vertex 0.734091 0.989369 0.546194
vertex 0.732322 0.992677 0.546194
endloop
endfacet
facet normal -0.417332 -0.223083 0.880947
outer loop
vertex 0.726903 0.984567 0.541573
vertex 0.732322 0.992677 0.546194
vertex 0.724336 0.989369 0.541573
endloop
endfacet
facet normal -0.778645 -0.416152 -0.469606
outer loop
vertex 0.715433 0.976903 0.472221
vertex 0.711591 0.974336 0.480866
vertex 0.707323 0.982322 0.480866
endloop
endfacet
facet normal -0.778654 -0.416172 -0.469573
outer loop
vertex 0.715433 0.976903 0.472221
vertex 0.707323 0.982322 0.480866
vertex 0.711591 0.984091 0.472221
endloop
endfacet
facet normal -0.560997 -0.299876 0.771593
outer loop
vertex 0.720603 0.980357 0.535356
vertex 0.726903 0.984567 0.541573
vertex 0.724336 0.989369 0.541573
endloop
endfacet
facet normal -0.561066 -0.299840 0.771558
outer loop
vertex 0.720603 0.980357 0.535356
vertex 0.724336 0.989369 0.541573
vertex 0.717336 0.986470 0.535356
endloop
endfacet
facet normal -0.683047 -0.365094 -0.632577
outer loop
vertex 0.720603 0.980357 0.464645
vertex 0.715433 0.976903 0.472221
vertex 0.711591 0.984091 0.472221
endloop
endfacet
facet normal -0.683051 -0.365048 -0.632599
outer loop
vertex 0.720603 0.980357 0.464645
vertex 0.711591 0.984091 0.472221
vertex 0.717336 0.986470 0.464645
endloop
endfacet
facet normal -0.683144 -0.365095 0.632472
outer loop
vertex 0.715433 0.976903 0.527778
vertex 0.720603 0.980357 0.535356
vertex 0.717336 0.986470 0.535356
endloop
endfacet
facet normal -0.683100 -0.365124 0.632502
outer loop
vertex 0.715433 0.976903 0.527778
vertex 0.717336 0.986470 0.535356
vertex 0.711591 0.984091 0.527778
endloop
endfacet
facet normal -0.561095 -0.299867 -0.771526
outer loop
vertex 0.726903 0.984567 0.458427
vertex 0.720603 0.980357 0.464645
vertex 0.717336 0.986470 0.464645
endloop
endfacet
facet normal -0.561085 -0.299924 -0.771511
outer loop
vertex 0.726903 0.984567 0.458427
vertex 0.717336 0.986470 0.464645
vertex 0.724336 0.989369 0.458427
endloop
endfacet
facet normal -0.778615 -0.416158 0.469650
outer loop
vertex 0.711591 0.974336 0.519134
vertex 0.715433 0.976903 0.527778
vertex 0.711591 0.984091 0.527778
endloop
endfacet
facet normal -0.778645 -0.416138 0.469619
outer loop
vertex 0.711591 0.974336 0.519134
vertex 0.711591 0.984091 0.527778
vertex 0.707323 0.982322 0.519134
endloop
endfacet
facet normal -0.417318 -0.223087 -0.880953
outer loop
vertex 0.734091 0.989369 0.453806
vertex 0.726903 0.984567 0.458427
vertex 0.724336 0.989369 0.458427
endloop
endfacet
facet normal -0.417289 -0.223149 -0.880951
outer loop
vertex 0.734091 0.989369 0.453806
vertex 0.724336 0.989369 0.458427
vertex 0.732322 0.992677 0.453806
endloop
endfacet
facet normal -0.844330 -0.451243 0.288942
outer loop
vertex 0.709226 0.972755 0.509754
vertex 0.711591 0.974336 0.519134
vertex 0.707323 0.982322 0.519134
endloop
endfacet
facet normal -0.844237 -0.451336 0.289067
outer loop
vertex 0.709226 0.972755 0.509754
vertex 0.707323 0.982322 0.519134
vertex 0.704693 0.981234 0.509754
endloop
endfacet
facet normal -0.257152 -0.137521 -0.956536
outer loop
vertex 0.741890 0.994581 0.450960
vertex 0.734091 0.989369 0.453806
vertex 0.732322 0.992677 0.453806
endloop
endfacet
facet normal -0.257163 -0.137559 -0.956527
outer loop
vertex 0.741890 0.994581 0.450960
vertex 0.732322 0.992677 0.453806
vertex 0.740988 0.996267 0.450960
endloop
endfacet
facet normal -0.877675 -0.469218 0.097578
outer loop
vertex 0.708427 0.972221 0.500000
vertex 0.709226 0.972755 0.509754
vertex 0.704693 0.981234 0.509754
endloop
endfacet
facet normal -0.877704 -0.469174 0.097525
outer loop
vertex 0.708427 0.972221 0.500000
vertex 0.704693 0.981234 0.509754
vertex 0.703806 0.980866 0.500000
endloop
endfacet
facet normal -0.741213 -0.224828 0.632500
outer loop
vertex 0.711591 0.984091 0.527778
vertex 0.717336 0.986470 0.535356
vertex 0.715324 0.993103 0.535356
endloop
endfacet
facet normal -0.741250 -0.224779 0.632473
outer loop
vertex 0.711591 0.984091 0.527778
vertex 0.715324 0.993103 0.535356
vertex 0.709226 0.991890 0.527778
endloop
endfacet
facet normal -0.608830 -0.184673 -0.771506
outer loop
vertex 0.724336 0.989369 0.458427
vertex 0.717336 0.986470 0.464645
vertex 0.715324 0.993103 0.464645
endloop
endfacet
facet normal -0.608830 -0.184692 -0.771502
outer loop
vertex 0.724336 0.989369 0.458427
vertex 0.715324 0.993103 0.464645
vertex 0.722755 0.994581 0.458427
endloop
endfacet
facet normal -0.844887 -0.256211 0.469598
outer loop
vertex 0.707323 0.982322 0.519134
vertex 0.711591 0.984091 0.527778
vertex 0.709226 0.991890 0.527778
endloop
endfacet
facet normal -0.844753 -0.256378 0.469747
outer loop
vertex 0.707323 0.982322 0.519134
vertex 0.709226 0.991890 0.527778
vertex 0.704693 0.990988 0.519134
endloop
endfacet
facet normal -0.452854 -0.137377 -0.880938
outer loop
vertex 0.732322 0.992677 0.453806
vertex 0.724336 0.989369 0.458427
vertex 0.722755 0.994581 0.458427
endloop
endfacet
facet normal -0.452829 -0.137228 -0.880973
outer loop
vertex 0.732322 0.992677 0.453806
vertex 0.722755 0.994581 0.458427
vertex 0.731234 0.996267 0.453806
endloop
endfacet
facet normal -0.916046 -0.278009 0.289086
outer loop
vertex 0.704693 0.981234 0.509754
vertex 0.707323 0.982322 0.519134
vertex 0.704693 0.990988 0.519134
endloop
endfacet
facet normal -0.916134 -0.277870 0.288940
outer loop
vertex 0.704693 0.981234 0.509754
vertex 0.704693 0.990988 0.519134
vertex 0.701903 0.990433 0.509754
endloop
endfacet
facet normal -0.279090 -0.084575 -0.956533
outer loop
vertex 0.740988 0.996267 0.450960
vertex 0.732322 0.992677 0.453806
vertex 0.731234 0.996267 0.453806
endloop
endfacet
facet normal -0.279073 -0.084660 -0.956531
outer loop
vertex 0.740988 0.996267 0.450960
vertex 0.731234 0.996267 0.453806
vertex 0.740433 0.998097 0.450960
endloop
endfacet
facet normal -0.952396 -0.288848 0.097513
outer loop
vertex 0.703806 0.980866 0.500000
vertex 0.704693 0.981234 0.509754
vertex 0.701903 0.990433 0.509754
endloop
endfacet
facet normal -0.952341 -0.288985 0.097644
outer loop
vertex 0.703806 0.980866 0.500000
vertex 0.701903 0.990433 0.509754
vertex 0.700960 0.990245 0.500000
endloop
endfacet
facet normal -0.094308 -0.028598 0.995132
outer loop
vertex 0.740988 0.996267 0.549039
vertex 0.750000 1.000000 0.550000
vertex 0.740433 0.998097 0.549039
endloop
endfacet
facet normal -0.094199 -0.028566 -0.995143
outer loop
vertex 0.750000 1.000000 0.450000
vertex 0.740988 0.996267 0.450960
vertex 0.740433 0.998097 0.450960
endloop
endfacet
facet normal -0.952355 -0.288986 -0.097500
outer loop
vertex 0.704693 0.981234 0.490245
vertex 0.703806 0.980866 0.500000
vertex 0.700960 0.990245 0.500000
endloop
endfacet
facet normal -0.952383 -0.288849 -0.097639
outer loop
vertex 0.704693 0.981234 0.490245
vertex 0.700960 0.990245 0.500000
vertex 0.701903 0.990433 0.490245
endloop
endfacet
facet normal -0.279000 -0.084616 0.956556
outer loop
vertex 0.732322 0.992677 0.546194
vertex 0.740988 0.996267 0.549039
vertex 0.740433 0.998097 0.549039
endloop
endfacet
facet normal -0.278993 -0.084552 0.956563
outer loop
vertex 0.732322 0.992677 0.546194
vertex 0.740433 0.998097 0.549039
vertex 0.731234 0.996267 0.546194
endloop
endfacet
facet normal -0.916086 -0.277852 -0.289110
outer loop
vertex 0.707323 0.982322 0.480866
vertex 0.704693 0.981234 0.490245
vertex 0.701903 0.990433 0.490245
endloop
endfacet
facet normal -0.916082 -0.278020 -0.288963
outer loop
vertex 0.707323 0.982322 0.480866
vertex 0.701903 0.990433 0.490245
vertex 0.704693 0.990988 0.480866
endloop
endfacet
facet normal -0.452899 -0.137260 0.880932
outer loop
vertex 0.724336 0.989369 0.541573
vertex 0.732322 0.992677 0.546194
vertex 0.731234 0.996267 0.546194
endloop
endfacet
facet normal -0.452802 -0.137353 0.880968
outer loop
vertex 0.724336 0.989369 0.541573
vertex 0.731234 0.996267 0.546194
vertex 0.722755 0.994581 0.541573
endloop
endfacet
facet normal -0.844849 -0.256396 -0.469565
outer loop
vertex 0.711591 0.984091 0.472221
vertex 0.707323 0.982322 0.480866
vertex 0.704693 0.990988 0.480866
endloop
endfacet
facet normal -0.844823 -0.256198 -0.469720
outer loop
vertex 0.711591 0.984091 0.472221
vertex 0.704693 0.990988 0.480866
vertex 0.709226 0.991890 0.472221
endloop
endfacet
facet normal -0.608767 -0.184684 0.771553
outer loop
vertex 0.717336 0.986470 0.535356
vertex 0.724336 0.989369 0.541573
vertex 0.722755 0.994581 0.541573
endloop
endfacet
facet normal -0.608779 -0.184659 0.771550
outer loop
vertex 0.717336 0.986470 0.535356
vertex 0.722755 0.994581 0.541573
vertex 0.715324 0.993103 0.535356
endloop
endfacet
facet normal -0.741157 -0.224735 -0.632598
outer loop
vertex 0.717336 0.986470 0.464645
vertex 0.711591 0.984091 0.472221
vertex 0.709226 0.991890 0.472221
endloop
endfacet
facet normal -0.741163 -0.224819 -0.632562
outer loop
vertex 0.717336 0.986470 0.464645
vertex 0.709226 0.991890 0.472221
vertex 0.715324 0.993103 0.464645
endloop
endfacet
facet normal -0.990437 -0.097485 -0.097623
outer loop
vertex 0.701903 0.990433 0.490245
vertex 0.700960 0.990245 0.500000
vertex 0.700000 1.000000 0.500000
endloop
endfacet
facet normal -0.990438 -0.097525 -0.097573
outer loop
vertex 0.701903 0.990433 0.490245
vertex 0.700000 1.000000 0.500000
vertex 0.700961 1.000000 0.490245
endloop
endfacet
facet normal -0.290147 -0.028673 0.956552
outer loop
vertex 0.731234 0.996267 0.546194
vertex 0.740433 0.998097 0.549039
vertex 0.740245 1.000000 0.549039
endloop
endfacet
facet normal -0.290142 -0.028599 0.956556
outer loop
vertex 0.731234 0.996267 0.546194
vertex 0.740245 1.000000 0.549039
vertex 0.730866 1.000000 0.546194
endloop
endfacet
facet normal -0.952732 -0.093813 -0.288964
outer loop
vertex 0.704693 0.990988 0.480866
vertex 0.701903 0.990433 0.490245
vertex 0.700961 1.000000 0.490245
endloop
endfacet
facet normal -0.952728 -0.093755 -0.288996
outer loop
vertex 0.704693 0.990988 0.480866
vertex 0.700961 1.000000 0.490245
vertex 0.703806 1.000000 0.480866
endloop
endfacet
facet normal -0.470901 -0.046421 0.880964
outer loop
vertex 0.722755 0.994581 0.541573
vertex 0.731234 0.996267 0.546194
vertex 0.730866 1.000000 0.546194
endloop
endfacet
facet normal -0.470903 -0.046393 0.880964
outer loop
vertex 0.722755 0.994581 0.541573
vertex 0.730866 1.000000 0.546194
vertex 0.722221 1.000000 0.541573
endloop
endfacet
facet normal -0.878581 -0.086468 -0.469701
outer loop
vertex 0.709226 0.991890 0.472221
vertex 0.704693 0.990988 0.480866
vertex 0.703806 1.000000 0.480866
endloop
endfacet
facet normal -0.878604 -0.086564 -0.469641
outer loop
vertex 0.709226 0.991890 0.472221
vertex 0.703806 1.000000 0.480866
vertex 0.708427 1.000000 0.472221
endloop
endfacet
facet normal -0.633097 -0.062374 0.771555
outer loop
vertex 0.715324 0.993103 0.535356
vertex 0.722755 0.994581 0.541573
vertex 0.722221 1.000000 0.541573
endloop
endfacet
facet normal -0.633132 -0.062337 0.771530
outer loop
vertex 0.715324 0.993103 0.535356
vertex 0.722221 1.000000 0.541573
vertex 0.714645 1.000000 0.535356
endloop
endfacet
facet normal -0.770773 -0.075942 -0.632568
outer loop
vertex 0.715324 0.993103 0.464645
vertex 0.709226 0.991890 0.472221
vertex 0.708427 1.000000 0.472221
endloop
endfacet
facet normal -0.770754 -0.075874 -0.632599
outer loop
vertex 0.715324 0.993103 0.464645
vertex 0.708427 1.000000 0.472221
vertex 0.714645 1.000000 0.464645
endloop
endfacet
facet normal -0.770862 -0.075892 0.632465
outer loop
vertex 0.709226 0.991890 0.527778
vertex 0.715324 0.993103 0.535356
vertex 0.714645 1.000000 0.535356
endloop
endfacet
facet normal -0.770829 -0.075928 0.632501
outer loop
vertex 0.709226 0.991890 0.527778
vertex 0.714645 1.000000 0.535356
vertex 0.708427 1.000000 0.527778
endloop
endfacet
facet normal -0.633164 -0.062329 -0.771504
outer loop
vertex 0.722755 0.994581 0.458427
vertex 0.715324 0.993103 0.464645
vertex 0.714645 1.000000 0.464645
endloop
endfacet
facet normal -0.633195 -0.062409 -0.771472
outer loop
vertex 0.722755 0.994581 0.458427
vertex 0.714645 1.000000 0.464645
vertex 0.722221 1.000000 0.458427
endloop
endfacet
facet normal -0.878549 -0.086544 0.469746
outer loop
vertex 0.704693 0.990988 0.519134
vertex 0.709226 0.991890 0.527778
vertex 0.708427 1.000000 0.527778
endloop
endfacet
facet normal -0.878585 -0.086478 0.469691
outer loop
vertex 0.704693 0.990988 0.519134
vertex 0.708427 1.000000 0.527778
vertex 0.703806 1.000000 0.519134
endloop
endfacet
facet normal -0.470895 -0.046410 -0.880968
outer loop
vertex 0.731234 0.996267 0.453806
vertex 0.722755 0.994581 0.458427
vertex 0.722221 1.000000 0.458427
endloop
endfacet
facet normal -0.470917 -0.046400 -0.880956
outer loop
vertex 0.731234 0.996267 0.453806
vertex 0.722221 1.000000 0.458427
vertex 0.730866 1.000000 0.453806
endloop
endfacet
facet normal -0.952746 -0.093757 0.288938
outer loop
vertex 0.701903 0.990433 0.509754
vertex 0.704693 0.990988 0.519134
vertex 0.703806 1.000000 0.519134
endloop
endfacet
facet normal -0.952732 -0.093814 0.288966
outer loop
vertex 0.701903 0.990433 0.509754
vertex 0.703806 1.000000 0.519134
vertex 0.700961 1.000000 0.509754
endloop
endfacet
facet normal -0.290259 -0.028625 -0.956520
outer loop
vertex 0.740433 0.998097 0.450960
vertex 0.731234 0.996267 0.453806
vertex 0.730866 1.000000 0.453806
endloop
endfacet
facet normal -0.290231 -0.028647 -0.956528
outer loop
vertex 0.740433 0.998097 0.450960
vertex 0.730866 1.000000 0.453806
vertex 0.740245 1.000000 0.450960
endloop
endfacet
facet normal -0.990434 -0.097512 0.097632
outer loop
vertex 0.700960 0.990245 0.500000
vertex 0.701903 0.990433 0.509754
vertex 0.700961 1.000000 0.509754
endloop
endfacet
facet normal -0.990441 -0.097487 0.097584
outer loop
vertex 0.700960 0.990245 0.500000
vertex 0.700961 1.000000 0.509754
vertex 0.700000 1.000000 0.500000
endloop
endfacet
facet normal -0.098033 -0.009679 0.995136
outer loop
vertex 0.740433 0.998097 0.549039
vertex 0.750000 1.000000 0.550000
vertex 0.740245 1.000000 0.549039
endloop
endfacet
facet normal -0.097928 -0.009672 -0.995147
outer loop
vertex 0.750000 1.000000 0.450000
vertex 0.740433 0.998097 0.450960
vertex 0.740245 1.000000 0.450960
endloop
endfacet
facet normal -0.633192 0.062337 -0.771480
outer loop
vertex 0.722221 1.000000 0.458427
vertex 0.714645 1.000000 0.464645
vertex 0.715324 1.006898 0.464645
endloop
endfacet
facet normal -0.633150 0.062388 -0.771511
outer loop
vertex 0.722221 1.000000 0.458427
vertex 0.715324 1.006898 0.464645
vertex 0.722755 1.005419 0.458427
endloop
endfacet
facet normal -0.878582 0.086559 0.469682
outer loop
vertex 0.703806 1.000000 0.519134
vertex 0.708427 1.000000 0.527778
vertex 0.709226 1.008110 0.527778
endloop
endfacet
facet normal -0.878555 0.086465 0.469749
outer loop
vertex 0.703806 1.000000 0.519134
vertex 0.709226 1.008110 0.527778
vertex 0.704693 1.009012 0.519134
endloop
endfacet
facet normal -0.470909 0.046394 -0.880961
outer loop
vertex 0.730866 1.000000 0.453806
vertex 0.722221 1.000000 0.458427
vertex 0.722755 1.005419 0.458427
endloop
endfacet
facet normal -0.470870 0.046421 -0.880981
outer loop
vertex 0.730866 1.000000 0.453806
vertex 0.722755 1.005419 0.458427
vertex 0.731234 1.003733 0.453806
endloop
endfacet
facet normal -0.952736 0.093766 0.288967
outer loop
vertex 0.700961 1.000000 0.509754
vertex 0.703806 1.000000 0.519134
vertex 0.704693 1.009012 0.519134
endloop
endfacet
facet normal -0.952741 0.093804 0.288938
outer loop
vertex 0.700961 1.000000 0.509754
vertex 0.704693 1.009012 0.519134
vertex 0.701903 1.009567 0.509754
endloop
endfacet
facet normal -0.290248 0.028612 -0.956524
outer loop
vertex 0.740245 1.000000 0.450960
vertex 0.730866 1.000000 0.453806
vertex 0.731234 1.003733 0.453806
endloop
endfacet
facet normal -0.290242 0.028672 -0.956524
outer loop
vertex 0.740245 1.000000 0.450960
vertex 0.731234 1.003733 0.453806
vertex 0.740433 1.001903 0.450960
endloop
endfacet
facet normal -0.990438 0.097523 0.097581
outer loop
vertex 0.700000 1.000000 0.500000
vertex 0.700961 1.000000 0.509754
vertex 0.701903 1.009567 0.509754
endloop
endfacet
facet normal -0.990438 0.097585 0.097523
outer loop
vertex 0.700000 1.000000 0.500000
vertex 0.701903 1.009567 0.509754
vertex 0.700961 1.009754 0.500000
endloop
endfacet
facet normal -0.098046 0.009679 0.995135
outer loop
vertex 0.740245 1.000000 0.549039
vertex 0.750000 1.000000 0.550000
vertex 0.740433 1.001903 0.549039
endloop
endfacet
facet normal -0.097934 0.009672 -0.995146
outer loop
vertex 0.750000 1.000000 0.450000
vertex 0.740245 1.000000 0.450960
vertex 0.740433 1.001903 0.450960
endloop
endfacet
facet normal -0.990432 0.097593 -0.097572
outer loop
vertex 0.700961 1.000000 0.490245
vertex 0.700000 1.000000 0.500000
vertex 0.700961 1.009754 0.500000
endloop
endfacet
facet normal -0.990445 0.097524 -0.097511
outer loop
vertex 0.700961 1.000000 0.490245
vertex 0.700961 1.009754 0.500000
vertex 0.701903 1.009567 0.490245
endloop
endfacet
facet normal -0.290147 0.028648 0.956553
outer loop
vertex 0.730866 1.000000 0.546194
vertex 0.740245 1.000000 0.549039
vertex 0.740433 1.001903 0.549039
endloop
endfacet
facet normal -0.290156 0.028614 0.956551
outer loop
vertex 0.730866 1.000000 0.546194
vertex 0.740433 1.001903 0.549039
vertex 0.731234 1.003733 0.546194
endloop
endfacet
facet normal -0.952725 0.093802 -0.288992
outer loop
vertex 0.703806 1.000000 0.480866
vertex 0.700961 1.000000 0.490245
vertex 0.701903 1.009567 0.490245
endloop
endfacet
facet normal -0.952736 0.093766 -0.288967
outer loop
vertex 0.703806 1.000000 0.480866
vertex 0.701903 1.009567 0.490245
vertex 0.704693 1.009012 0.480866
endloop
endfacet
facet normal -0.470902 0.046399 0.880964
outer loop
vertex 0.722221 1.000000 0.541573
vertex 0.730866 1.000000 0.546194
vertex 0.731234 1.003733 0.546194
endloop
endfacet
facet normal -0.470892 0.046409 0.880970
outer loop
vertex 0.722221 1.000000 0.541573
vertex 0.731234 1.003733 0.546194
vertex 0.722755 1.005419 0.541573
endloop
endfacet
facet normal -0.878611 0.086481 -0.469643
outer loop
vertex 0.708427 1.000000 0.472221
vertex 0.703806 1.000000 0.480866
vertex 0.704693 1.009012 0.480866
endloop
endfacet
facet normal -0.878572 0.086549 -0.469703
outer loop
vertex 0.708427 1.000000 0.472221
vertex 0.704693 1.009012 0.480866
vertex 0.709226 1.008110 0.472221
endloop
endfacet
facet normal -0.633134 0.062396 0.771523
outer loop
vertex 0.714645 1.000000 0.535356
vertex 0.722221 1.000000 0.541573
vertex 0.722755 1.005419 0.541573
endloop
endfacet
facet normal -0.633098 0.062310 0.771560
outer loop
vertex 0.714645 1.000000 0.535356
vertex 0.722755 1.005419 0.541573
vertex 0.715324 1.006898 0.535356
endloop
endfacet
facet normal -0.770753 0.075927 -0.632594
outer loop
vertex 0.714645 1.000000 0.464645
vertex 0.708427 1.000000 0.472221
vertex 0.709226 1.008110 0.472221
endloop
endfacet
facet normal -0.770789 0.075881 -0.632556
outer loop
vertex 0.714645 1.000000 0.464645
vertex 0.709226 1.008110 0.472221
vertex 0.715324 1.006898 0.464645
endloop
endfacet
facet normal -0.770836 0.075865 0.632499
outer loop
vertex 0.708427 1.000000 0.527778
vertex 0.714645 1.000000 0.535356
vertex 0.715324 1.006898 0.535356
endloop
endfacet
facet normal -0.770860 0.075942 0.632462
outer loop
vertex 0.708427 1.000000 0.527778
vertex 0.715324 1.006898 0.535356
vertex 0.709226 1.008110 0.527778
endloop
endfacet
facet normal -0.916126 0.277867 -0.288968
outer loop
vertex 0.704693 1.009012 0.480866
vertex 0.701903 1.009567 0.490245
vertex 0.704693 1.018766 0.490245
endloop
endfacet
facet normal -0.916021 0.278031 -0.289143
outer loop
vertex 0.704693 1.009012 0.480866
vertex 0.704693 1.018766 0.490245
vertex 0.707323 1.017677 0.480866
endloop
endfacet
facet normal -0.452827 0.137260 0.880970
outer loop
vertex 0.722755 1.005419 0.541573
vertex 0.731234 1.003733 0.546194
vertex 0.732322 1.007322 0.546194
endloop
endfacet
facet normal -0.452854 0.137400 0.880934
outer loop
vertex 0.722755 1.005419 0.541573
vertex 0.732322 1.007322 0.546194
vertex 0.724336 1.010630 0.541573
endloop
endfacet
facet normal -0.844770 0.256401 -0.469705
outer loop
vertex 0.709226 1.008110 0.472221
vertex 0.704693 1.009012 0.480866
vertex 0.707323 1.017677 0.480866
endloop
endfacet
facet normal -0.844917 0.256230 -0.469533
outer loop
vertex 0.709226 1.008110 0.472221
vertex 0.707323 1.017677 0.480866
vertex 0.711591 1.015909 0.472221
endloop
endfacet
facet normal -0.608741 0.184693 0.771572
outer loop
vertex 0.715324 1.006898 0.535356
vertex 0.722755 1.005419 0.541573
vertex 0.724336 1.010630 0.541573
endloop
endfacet
facet normal -0.608764 0.184696 0.771553
outer loop
vertex 0.715324 1.006898 0.535356
vertex 0.724336 1.010630 0.541573
vertex 0.717336 1.013530 0.535356
endloop
endfacet
facet normal -0.741190 0.224749 -0.632554
outer loop
vertex 0.715324 1.006898 0.464645
vertex 0.709226 1.008110 0.472221
vertex 0.711591 1.015909 0.472221
endloop
endfacet
facet normal -0.741124 0.224837 -0.632600
outer loop
vertex 0.715324 1.006898 0.464645
vertex 0.711591 1.015909 0.472221
vertex 0.717336 1.013530 0.464645
endloop
endfacet
facet normal -0.741245 0.224884 0.632442
outer loop
vertex 0.709226 1.008110 0.527778
vertex 0.715324 1.006898 0.535356
vertex 0.717336 1.013530 0.535356
endloop
endfacet
facet normal -0.741228 0.224759 0.632507
outer loop
vertex 0.709226 1.008110 0.527778
vertex 0.717336 1.013530 0.535356
vertex 0.711591 1.015909 0.527778
endloop
endfacet
facet normal -0.608819 0.184696 -0.771509
outer loop
vertex 0.722755 1.005419 0.458427
vertex 0.715324 1.006898 0.464645
vertex 0.717336 1.013530 0.464645
endloop
endfacet
facet normal -0.608805 0.184720 -0.771515
outer loop
vertex 0.722755 1.005419 0.458427
vertex 0.717336 1.013530 0.464645
vertex 0.724336 1.010630 0.458427
endloop
endfacet
facet normal -0.844803 0.256198 0.469756
outer loop
vertex 0.704693 1.009012 0.519134
vertex 0.709226 1.008110 0.527778
vertex 0.711591 1.015909 0.527778
endloop
endfacet
facet normal -0.844831 0.256421 0.469584
outer loop
vertex 0.704693 1.009012 0.519134
vertex 0.711591 1.015909 0.527778
vertex 0.707323 1.017677 0.519134
endloop
endfacet
facet normal -0.452825 0.137381 -0.880952
outer loop
vertex 0.731234 1.003733 0.453806
vertex 0.722755 1.005419 0.458427
vertex 0.724336 1.010630 0.458427
endloop
endfacet
facet normal -0.452864 0.137284 -0.880947
outer loop
vertex 0.731234 1.003733 0.453806
vertex 0.724336 1.010630 0.458427
vertex 0.732322 1.007322 0.453806
endloop
endfacet
facet normal -0.916081 0.278048 0.288938
outer loop
vertex 0.701903 1.009567 0.509754
vertex 0.704693 1.009012 0.519134
vertex 0.707323 1.017677 0.519134
endloop
endfacet
facet normal -0.916087 0.277856 0.289104
outer loop
vertex 0.701903 1.009567 0.509754
vertex 0.707323 1.017677 0.519134
vertex 0.704693 1.018766 0.509754
endloop
endfacet
facet normal -0.279102 0.084600 -0.956527
outer loop
vertex 0.740433 1.001903 0.450960
vertex 0.731234 1.003733 0.453806
vertex 0.732322 1.007322 0.453806
endloop
endfacet
facet normal -0.279056 0.084660 -0.956536
outer loop
vertex 0.740433 1.001903 0.450960
vertex 0.732322 1.007322 0.453806
vertex 0.740988 1.003733 0.450960
endloop
endfacet
facet normal -0.952395 0.288853 0.097510
outer loop
vertex 0.700961 1.009754 0.500000
vertex 0.701903 1.009567 0.509754
vertex 0.704693 1.018766 0.509754
endloop
endfacet
facet normal -0.952389 0.288869 0.097515
outer loop
vertex 0.700961 1.009754 0.500000
vertex 0.704693 1.018766 0.509754
vertex 0.703806 1.019134 0.500000
endloop
endfacet
facet normal -0.094271 0.028598 0.995136
outer loop
vertex 0.740433 1.001903 0.549039
vertex 0.750000 1.000000 0.550000
vertex 0.740988 1.003733 0.549039
endloop
endfacet
facet normal -0.094186 0.028566 -0.995145
outer loop
vertex 0.750000 1.000000 0.450000
vertex 0.740433 1.001903 0.450960
vertex 0.740988 1.003733 0.450960
endloop
endfacet
facet normal -0.952392 0.288865 -0.097502
outer loop
vertex 0.701903 1.009567 0.490245
vertex 0.700961 1.009754 0.500000
vertex 0.703806 1.019134 0.500000
endloop
endfacet
facet normal -0.952394 0.288856 -0.097506
outer loop
vertex 0.701903 1.009567 0.490245
vertex 0.703806 1.019134 0.500000
vertex 0.704693 1.018766 0.490245
endloop
endfacet
facet normal -0.279004 0.084624 0.956554
outer loop
vertex 0.731234 1.003733 0.546194
vertex 0.740433 1.001903 0.549039
vertex 0.740988 1.003733 0.549039
endloop
endfacet
facet normal -0.279003 0.084574 0.956559
outer loop
vertex 0.731234 1.003733 0.546194
vertex 0.740988 1.003733 0.549039
vertex 0.732322 1.007322 0.546194
endloop
endfacet
facet normal -0.417355 0.223051 -0.880944
outer loop
vertex 0.732322 1.007322 0.453806
vertex 0.724336 1.010630 0.458427
vertex 0.726903 1.015433 0.458427
endloop
endfacet
facet normal -0.417259 0.223146 -0.880966
outer loop
vertex 0.732322 1.007322 0.453806
vertex 0.726903 1.015433 0.458427
vertex 0.734091 1.010630 0.453806
endloop
endfacet
facet normal -0.844308 0.451181 0.289102
outer loop
vertex 0.704693 1.018766 0.509754
vertex 0.707323 1.017677 0.519134
vertex 0.711591 1.025664 0.519134
endloop
endfacet
facet normal -0.844270 0.451343 0.288958
outer loop
vertex 0.704693 1.018766 0.509754
vertex 0.711591 1.025664 0.519134
vertex 0.709226 1.027245 0.509754
endloop
endfacet
facet normal -0.257182 0.137537 -0.956525
outer loop
vertex 0.740988 1.003733 0.450960
vertex 0.732322 1.007322 0.453806
vertex 0.734091 1.010630 0.453806
endloop
endfacet
facet normal -0.257127 0.137547 -0.956539
outer loop
vertex 0.740988 1.003733 0.450960
vertex 0.734091 1.010630 0.453806
vertex 0.741890 1.005419 0.450960
endloop
endfacet
facet normal -0.877682 0.469217 0.097518
outer loop
vertex 0.703806 1.019134 0.500000
vertex 0.704693 1.018766 0.509754
vertex 0.709226 1.027245 0.509754
endloop
endfacet
facet normal -0.877681 0.469214 0.097545
outer loop
vertex 0.703806 1.019134 0.500000
vertex 0.709226 1.027245 0.509754
vertex 0.708427 1.027778 0.500000
endloop
endfacet
facet normal -0.086881 0.046474 0.995134
outer loop
vertex 0.740988 1.003733 0.549039
vertex 0.750000 1.000000 0.550000
vertex 0.741890 1.005419 0.549039
endloop
endfacet
facet normal -0.086777 0.046425 -0.995145
outer loop
vertex 0.750000 1.000000 0.450000
vertex 0.740988 1.003733 0.450960
vertex 0.741890 1.005419 0.450960
endloop
endfacet
facet normal -0.877688 0.469205 -0.097521
outer loop
vertex 0.704693 1.018766 0.490245
vertex 0.703806 1.019134 0.500000
vertex 0.708427 1.027778 0.500000
endloop
endfacet
facet normal -0.877678 0.469224 -0.097524
outer loop
vertex 0.704693 1.018766 0.490245
vertex 0.708427 1.027778 0.500000
vertex 0.709226 1.027245 0.490245
endloop
endfacet
facet normal -0.257097 0.137511 0.956552
outer loop
vertex 0.732322 1.007322 0.546194
vertex 0.740988 1.003733 0.549039
vertex 0.741890 1.005419 0.549039
endloop
endfacet
facet normal -0.257064 0.137481 0.956565
outer loop
vertex 0.732322 1.007322 0.546194
vertex 0.741890 1.005419 0.549039
vertex 0.734091 1.010630 0.546194
endloop
endfacet
facet normal -0.844224 0.451317 -0.289136
outer loop
vertex 0.707323 1.017677 0.480866
vertex 0.704693 1.018766 0.490245
vertex 0.709226 1.027245 0.490245
endloop
endfacet
facet normal -0.844345 0.451201 -0.288963
outer loop
vertex 0.707323 1.017677 0.480866
vertex 0.709226 1.027245 0.490245
vertex 0.711591 1.025664 0.480866
endloop
endfacet
facet normal -0.417303 0.223153 0.880943
outer loop
vertex 0.724336 1.010630 0.541573
vertex 0.732322 1.007322 0.546194
vertex 0.734091 1.010630 0.546194
endloop
endfacet
facet normal -0.417328 0.223054 0.880956
outer loop
vertex 0.724336 1.010630 0.541573
vertex 0.734091 1.010630 0.546194
vertex 0.726903 1.015433 0.541573
endloop
endfacet
facet normal -0.778700 0.416110 -0.469551
outer loop
vertex 0.711591 1.015909 0.472221
vertex 0.707323 1.017677 0.480866
vertex 0.711591 1.025664 0.480866
endloop
endfacet
facet normal -0.778631 0.416180 -0.469603
outer loop
vertex 0.711591 1.015909 0.472221
vertex 0.711591 1.025664 0.480866
vertex 0.715433 1.023097 0.472221
endloop
endfacet
facet normal -0.561028 0.299827 0.771590
outer loop
vertex 0.717336 1.013530 0.535356
vertex 0.724336 1.010630 0.541573
vertex 0.726903 1.015433 0.541573
endloop
endfacet
facet normal -0.561042 0.299879 0.771560
outer loop
vertex 0.717336 1.013530 0.535356
vertex 0.726903 1.015433 0.541573
vertex 0.720603 1.019642 0.535356
endloop
endfacet
facet normal -0.683032 0.365086 -0.632598
outer loop
vertex 0.717336 1.013530 0.464645
vertex 0.711591 1.015909 0.472221
vertex 0.715433 1.023097 0.472221
endloop
endfacet
facet normal -0.683024 0.365097 -0.632600
outer loop
vertex 0.717336 1.013530 0.464645
vertex 0.715433 1.023097 0.472221
vertex 0.720603 1.019642 0.464645
endloop
endfacet
facet normal -0.683094 0.365127 0.632507
outer loop
vertex 0.711591 1.015909 0.527778
vertex 0.717336 1.013530 0.535356
vertex 0.720603 1.019642 0.535356
endloop
endfacet
facet normal -0.683105 0.365126 0.632495
outer loop
vertex 0.711591 1.015909 0.527778
vertex 0.720603 1.019642 0.535356
vertex 0.715433 1.023097 0.527778
endloop
endfacet
facet normal -0.561068 0.299904 -0.771531
outer loop
vertex 0.724336 1.010630 0.458427
vertex 0.717336 1.013530 0.464645
vertex 0.720603 1.019642 0.464645
endloop
endfacet
facet normal -0.561108 0.299871 -0.771515
outer loop
vertex 0.724336 1.010630 0.458427
vertex 0.720603 1.019642 0.464645
vertex 0.726903 1.015433 0.458427
endloop
endfacet
facet normal -0.778647 0.416175 0.469582
outer loop
vertex 0.707323 1.017677 0.519134
vertex 0.711591 1.015909 0.527778
vertex 0.715433 1.023097 0.527778
endloop
endfacet
facet normal -0.778651 0.416091 0.469650
outer loop
vertex 0.707323 1.017677 0.519134
vertex 0.715433 1.023097 0.527778
vertex 0.711591 1.025664 0.519134
endloop
endfacet
facet normal -0.365823 0.300079 0.880980
outer loop
vertex 0.726903 1.015433 0.541573
vertex 0.734091 1.010630 0.546194
vertex 0.736470 1.013530 0.546194
endloop
endfacet
facet normal -0.365797 0.300190 0.880953
outer loop
vertex 0.726903 1.015433 0.541573
vertex 0.736470 1.013530 0.546194
vertex 0.730357 1.019642 0.541573
endloop
endfacet
facet normal -0.682461 0.560097 -0.469615
outer loop
vertex 0.715433 1.023097 0.472221
vertex 0.711591 1.025664 0.480866
vertex 0.717336 1.032664 0.480866
endloop
endfacet
facet normal -0.682501 0.560074 -0.469584
outer loop
vertex 0.715433 1.023097 0.472221
vertex 0.717336 1.032664 0.480866
vertex 0.720603 1.029397 0.472221
endloop
endfacet
facet normal -0.491784 0.403576 0.771541
outer loop
vertex 0.720603 1.019642 0.535356
vertex 0.726903 1.015433 0.541573
vertex 0.730357 1.019642 0.541573
endloop
endfacet
facet normal -0.491767 0.403580 0.771549
outer loop
vertex 0.720603 1.019642 0.535356
vertex 0.730357 1.019642 0.541573
vertex 0.725000 1.025000 0.535356
endloop
endfacet
facet normal -0.598685 0.491298 -0.632615
outer loop
vertex 0.720603 1.019642 0.464645
vertex 0.715433 1.023097 0.472221
vertex 0.720603 1.029397 0.472221
endloop
endfacet
facet normal -0.598676 0.491298 -0.632624
outer loop
vertex 0.720603 1.019642 0.464645
vertex 0.720603 1.029397 0.472221
vertex 0.725000 1.025000 0.464645
endloop
endfacet
facet normal -0.598741 0.491345 0.632526
outer loop
vertex 0.715433 1.023097 0.527778
vertex 0.720603 1.019642 0.535356
vertex 0.725000 1.025000 0.535356
endloop
endfacet
facet normal -0.598741 0.491353 0.632520
outer loop
vertex 0.715433 1.023097 0.527778
vertex 0.725000 1.025000 0.535356
vertex 0.720603 1.029397 0.527778
endloop
endfacet
facet normal -0.491816 0.403627 -0.771494
outer loop
vertex 0.726903 1.015433 0.458427
vertex 0.720603 1.019642 0.464645
vertex 0.725000 1.025000 0.464645
endloop
endfacet
facet normal -0.491817 0.403598 -0.771509
outer loop
vertex 0.726903 1.015433 0.458427
vertex 0.725000 1.025000 0.464645
vertex 0.730357 1.019642 0.458427
endloop
endfacet
facet normal -0.682479 0.560062 0.469630
outer loop
vertex 0.711591 1.025664 0.519134
vertex 0.715433 1.023097 0.527778
vertex 0.720603 1.029397 0.527778
endloop
endfacet
facet normal -0.682447 0.560089 0.469645
outer loop
vertex 0.711591 1.025664 0.519134
vertex 0.720603 1.029397 0.527778
vertex 0.717336 1.032664 0.519134
endloop
endfacet
facet normal -0.365770 0.300164 -0.880973
outer loop
vertex 0.734091 1.010630 0.453806
vertex 0.726903 1.015433 0.458427
vertex 0.730357 1.019642 0.458427
endloop
endfacet
facet normal -0.365864 0.300113 -0.880952
outer loop
vertex 0.734091 1.010630 0.453806
vertex 0.730357 1.019642 0.458427
vertex 0.736470 1.013530 0.453806
endloop
endfacet
facet normal -0.740020 0.607351 0.288954
outer loop
vertex 0.709226 1.027245 0.509754
vertex 0.711591 1.025664 0.519134
vertex 0.717336 1.032664 0.519134
endloop
endfacet
facet normal -0.740053 0.607284 0.289013
outer loop
vertex 0.709226 1.027245 0.509754
vertex 0.717336 1.032664 0.519134
vertex 0.715324 1.034676 0.509754
endloop
endfacet
facet normal -0.225471 0.184949 -0.956534
outer loop
vertex 0.741890 1.005419 0.450960
vertex 0.734091 1.010630 0.453806
vertex 0.736470 1.013530 0.453806
endloop
endfacet
facet normal -0.225498 0.184959 -0.956526
outer loop
vertex 0.741890 1.005419 0.450960
vertex 0.736470 1.013530 0.453806
vertex 0.743103 1.006898 0.450960
endloop
endfacet
facet normal -0.769358 0.631329 0.097529
outer loop
vertex 0.708427 1.027778 0.500000
vertex 0.709226 1.027245 0.509754
vertex 0.715324 1.034676 0.509754
endloop
endfacet
facet normal -0.769375 0.631303 0.097562
outer loop
vertex 0.708427 1.027778 0.500000
vertex 0.715324 1.034676 0.509754
vertex 0.714645 1.035356 0.500000
endloop
endfacet
facet normal -0.076169 0.062480 0.995135
outer loop
vertex 0.741890 1.005419 0.549039
vertex 0.750000 1.000000 0.550000
vertex 0.743103 1.006898 0.549039
endloop
endfacet
facet normal -0.076100 0.062417 -0.995145
outer loop
vertex 0.750000 1.000000 0.450000
vertex 0.741890 1.005419 0.450960
vertex 0.743103 1.006898 0.450960
endloop
endfacet
facet normal -0.769387 0.631296 -0.097512
outer loop
vertex 0.709226 1.027245 0.490245
vertex 0.708427 1.027778 0.500000
vertex 0.714645 1.035356 0.500000
endloop
endfacet
facet normal -0.769343 0.631344 -0.097550
outer loop
vertex 0.709226 1.027245 0.490245
vertex 0.714645 1.035356 0.500000
vertex 0.715324 1.034676 0.490245
endloop
endfacet
facet normal -0.225387 0.184890 0.956565
outer loop
vertex 0.734091 1.010630 0.546194
vertex 0.741890 1.005419 0.549039
vertex 0.743103 1.006898 0.549039
endloop
endfacet
facet normal -0.225412 0.184904 0.956556
outer loop
vertex 0.734091 1.010630 0.546194
vertex 0.743103 1.006898 0.549039
vertex 0.736470 1.013530 0.546194
endloop
endfacet
facet normal -0.740052 0.607291 -0.289000
outer loop
vertex 0.711591 1.025664 0.480866
vertex 0.709226 1.027245 0.490245
vertex 0.715324 1.034676 0.490245
endloop
endfacet
facet normal -0.740006 0.607335 -0.289024
outer loop
vertex 0.711591 1.025664 0.480866
vertex 0.715324 1.034676 0.490245
vertex 0.717336 1.032664 0.480866
endloop
endfacet
facet normal -0.607325 0.740018 0.289015
outer loop
vertex 0.715324 1.034676 0.509754
vertex 0.717336 1.032664 0.519134
vertex 0.724336 1.038409 0.519134
endloop
endfacet
facet normal -0.607265 0.740116 0.288890
outer loop
vertex 0.715324 1.034676 0.509754
vertex 0.724336 1.038409 0.519134
vertex 0.722756 1.040774 0.509754
endloop
endfacet
facet normal -0.184995 0.225445 -0.956531
outer loop
vertex 0.743103 1.006898 0.450960
vertex 0.736470 1.013530 0.453806
vertex 0.739369 1.015909 0.453806
endloop
endfacet
facet normal -0.184941 0.225479 -0.956533
outer loop
vertex 0.743103 1.006898 0.450960
vertex 0.739369 1.015909 0.453806
vertex 0.744581 1.008110 0.450960
endloop
endfacet
facet normal -0.631281 0.769392 0.097570
outer loop
vertex 0.714645 1.035356 0.500000
vertex 0.715324 1.034676 0.509754
vertex 0.722756 1.040774 0.509754
endloop
endfacet
facet normal -0.631334 0.769336 0.097672
outer loop
vertex 0.714645 1.035356 0.500000
vertex 0.722756 1.040774 0.509754
vertex 0.722221 1.041573 0.500000
endloop
endfacet
facet normal -0.062486 0.076172 0.995135
outer loop
vertex 0.743103 1.006898 0.549039
vertex 0.750000 1.000000 0.550000
vertex 0.744581 1.008110 0.549039
endloop
endfacet
facet normal -0.062413 0.076099 -0.995145
outer loop
vertex 0.750000 1.000000 0.450000
vertex 0.743103 1.006898 0.450960
vertex 0.744581 1.008110 0.450960
endloop
endfacet
facet normal -0.631341 0.769343 -0.097572
outer loop
vertex 0.715324 1.034676 0.490245
vertex 0.714645 1.035356 0.500000
vertex 0.722221 1.041573 0.500000
endloop
endfacet
facet normal -0.631275 0.769387 -0.097653
outer loop
vertex 0.715324 1.034676 0.490245
vertex 0.722221 1.041573 0.500000
vertex 0.722756 1.040774 0.490245
endloop
endfacet
facet normal -0.184882 0.225430 0.956556
outer loop
vertex 0.736470 1.013530 0.546194
vertex 0.743103 1.006898 0.549039
vertex 0.744581 1.008110 0.549039
endloop
endfacet
facet normal -0.184906 0.225356 0.956569
outer loop
vertex 0.736470 1.013530 0.546194
vertex 0.744581 1.008110 0.549039
vertex 0.739369 1.015909 0.546194
endloop
endfacet
facet normal -0.607235 0.740093 -0.289013
outer loop
vertex 0.717336 1.032664 0.480866
vertex 0.715324 1.034676 0.490245
vertex 0.722756 1.040774 0.490245
endloop
endfacet
facet normal -0.607353 0.740029 -0.288930
outer loop
vertex 0.717336 1.032664 0.480866
vertex 0.722756 1.040774 0.490245
vertex 0.724336 1.038409 0.480866
endloop
endfacet
facet normal -0.300171 0.365807 0.880956
outer loop
vertex 0.730357 1.019642 0.541573
vertex 0.736470 1.013530 0.546194
vertex 0.739369 1.015909 0.546194
endloop
endfacet
facet normal -0.300204 0.365803 0.880946
outer loop
vertex 0.730357 1.019642 0.541573
vertex 0.739369 1.015909 0.546194
vertex 0.734567 1.023097 0.541573
endloop
endfacet
facet normal -0.560103 0.682479 -0.469582
outer loop
vertex 0.720603 1.029397 0.472221
vertex 0.717336 1.032664 0.480866
vertex 0.724336 1.038409 0.480866
endloop
endfacet
facet normal -0.560068 0.682484 -0.469616
outer loop
vertex 0.720603 1.029397 0.472221
vertex 0.724336 1.038409 0.480866
vertex 0.726903 1.034567 0.472221
endloop
endfacet
facet normal -0.403566 0.491749 0.771568
outer loop
vertex 0.725000 1.025000 0.535356
vertex 0.730357 1.019642 0.541573
vertex 0.734567 1.023097 0.541573
endloop
endfacet
facet normal -0.403606 0.491711 0.771571
outer loop
vertex 0.725000 1.025000 0.535356
vertex 0.734567 1.023097 0.541573
vertex 0.730357 1.029397 0.535356
endloop
endfacet
facet normal -0.491300 0.598693 -0.632606
outer loop
vertex 0.725000 1.025000 0.464645
vertex 0.720603 1.029397 0.472221
vertex 0.726903 1.034567 0.472221
endloop
endfacet
facet normal -0.491388 0.598669 -0.632561
outer loop
vertex 0.725000 1.025000 0.464645
vertex 0.726903 1.034567 0.472221
vertex 0.730357 1.029397 0.464645
endloop
endfacet
facet normal -0.491422 0.598694 0.632511
outer loop
vertex 0.720603 1.029397 0.527778
vertex 0.725000 1.025000 0.535356
vertex 0.730357 1.029397 0.535356
endloop
endfacet
facet normal -0.491367 0.598789 0.632464
outer loop
vertex 0.720603 1.029397 0.527778
vertex 0.730357 1.029397 0.535356
vertex 0.726903 1.034567 0.527778
endloop
endfacet
facet normal -0.403653 0.491761 -0.771515
outer loop
vertex 0.730357 1.019642 0.458427
vertex 0.725000 1.025000 0.464645
vertex 0.730357 1.029397 0.464645
endloop
endfacet
facet normal -0.403593 0.491789 -0.771529
outer loop
vertex 0.730357 1.019642 0.458427
vertex 0.730357 1.029397 0.464645
vertex 0.734567 1.023097 0.458427
endloop
endfacet
facet normal -0.560057 0.682473 0.469645
outer loop
vertex 0.717336 1.032664 0.519134
vertex 0.720603 1.029397 0.527778
vertex 0.726903 1.034567 0.527778
endloop
endfacet
facet normal -0.560085 0.682457 0.469635
outer loop
vertex 0.717336 1.032664 0.519134
vertex 0.726903 1.034567 0.527778
vertex 0.724336 1.038409 0.519134
endloop
endfacet
facet normal -0.300212 0.365802 -0.880944
outer loop
vertex 0.736470 1.013530 0.453806
vertex 0.730357 1.019642 0.458427
vertex 0.734567 1.023097 0.458427
endloop
endfacet
facet normal -0.300174 0.365811 -0.880953
outer loop
vertex 0.736470 1.013530 0.453806
vertex 0.734567 1.023097 0.458427
vertex 0.739369 1.015909 0.453806
endloop
endfacet
facet normal -0.416136 0.778650 -0.469612
outer loop
vertex 0.726903 1.034567 0.472221
vertex 0.724336 1.038409 0.480866
vertex 0.732322 1.042677 0.480866
endloop
endfacet
facet normal -0.416191 0.778654 -0.469555
outer loop
vertex 0.726903 1.034567 0.472221
vertex 0.732322 1.042677 0.480866
vertex 0.734091 1.038409 0.472221
endloop
endfacet
facet normal -0.299902 0.561020 0.771567
outer loop
vertex 0.730357 1.029397 0.535356
vertex 0.734567 1.023097 0.541573
vertex 0.739369 1.025664 0.541573
endloop
endfacet
facet normal -0.299854 0.561046 0.771567
outer loop
vertex 0.730357 1.029397 0.535356
vertex 0.739369 1.025664 0.541573
vertex 0.736470 1.032664 0.535356
endloop
endfacet
facet normal -0.365085 0.683041 -0.632588
outer loop
vertex 0.730357 1.029397 0.464645
vertex 0.726903 1.034567 0.472221
vertex 0.734091 1.038409 0.472221
endloop
endfacet
facet normal -0.365054 0.683049 -0.632597
outer loop
vertex 0.730357 1.029397 0.464645
vertex 0.734091 1.038409 0.472221
vertex 0.736470 1.032664 0.464645
endloop
endfacet
facet normal -0.365103 0.683125 0.632487
outer loop
vertex 0.726903 1.034567 0.527778
vertex 0.730357 1.029397 0.535356
vertex 0.736470 1.032664 0.535356
endloop
endfacet
facet normal -0.365118 0.683109 0.632496
outer loop
vertex 0.726903 1.034567 0.527778
vertex 0.736470 1.032664 0.535356
vertex 0.734091 1.038409 0.527778
endloop
endfacet
facet normal -0.299874 0.561089 -0.771527
outer loop
vertex 0.734567 1.023097 0.458427
vertex 0.730357 1.029397 0.464645
vertex 0.736470 1.032664 0.464645
endloop
endfacet
facet normal -0.299931 0.561080 -0.771512
outer loop
vertex 0.734567 1.023097 0.458427
vertex 0.736470 1.032664 0.464645
vertex 0.739369 1.025664 0.458427
endloop
endfacet
facet normal -0.416178 0.778612 0.469637
outer loop
vertex 0.724336 1.038409 0.519134
vertex 0.726903 1.034567 0.527778
vertex 0.734091 1.038409 0.527778
endloop
endfacet
facet normal -0.416127 0.778647 0.469626
outer loop
vertex 0.724336 1.038409 0.519134
vertex 0.734091 1.038409 0.527778
vertex 0.732322 1.042677 0.519134
endloop
endfacet
facet normal -0.223080 0.417322 -0.880953
outer loop
vertex 0.739369 1.015909 0.453806
vertex 0.734567 1.023097 0.458427
vertex 0.739369 1.025664 0.458427
endloop
endfacet
facet normal -0.223043 0.417304 -0.880971
outer loop
vertex 0.739369 1.015909 0.453806
vertex 0.739369 1.025664 0.458427
vertex 0.742677 1.017677 0.453806
endloop
endfacet
facet normal -0.451241 0.844347 0.288895
outer loop
vertex 0.722756 1.040774 0.509754
vertex 0.724336 1.038409 0.519134
vertex 0.732322 1.042677 0.519134
endloop
endfacet
facet normal -0.451373 0.844216 0.289071
outer loop
vertex 0.722756 1.040774 0.509754
vertex 0.732322 1.042677 0.519134
vertex 0.731234 1.045307 0.509754
endloop
endfacet
facet normal -0.137459 0.257197 -0.956533
outer loop
vertex 0.744581 1.008110 0.450960
vertex 0.739369 1.015909 0.453806
vertex 0.742677 1.017677 0.453806
endloop
endfacet
facet normal -0.137562 0.257181 -0.956522
outer loop
vertex 0.744581 1.008110 0.450960
vertex 0.742677 1.017677 0.453806
vertex 0.746267 1.009012 0.450960
endloop
endfacet
facet normal -0.469258 0.877649 0.097618
outer loop
vertex 0.722221 1.041573 0.500000
vertex 0.722756 1.040774 0.509754
vertex 0.731234 1.045307 0.509754
endloop
endfacet
facet normal -0.469160 0.877711 0.097534
outer loop
vertex 0.722221 1.041573 0.500000
vertex 0.731234 1.045307 0.509754
vertex 0.730866 1.046194 0.500000
endloop
endfacet
facet normal -0.046435 0.086873 0.995137
outer loop
vertex 0.744581 1.008110 0.549039
vertex 0.750000 1.000000 0.550000
vertex 0.746267 1.009012 0.549039
endloop
endfacet
facet normal -0.046416 0.086779 -0.995146
outer loop
vertex 0.750000 1.000000 0.450000
vertex 0.744581 1.008110 0.450960
vertex 0.746267 1.009012 0.450960
endloop
endfacet
facet normal -0.469160 0.877700 -0.097627
outer loop
vertex 0.722756 1.040774 0.490245
vertex 0.722221 1.041573 0.500000
vertex 0.730866 1.046194 0.500000
endloop
endfacet
facet normal -0.469260 0.877661 -0.097503
outer loop
vertex 0.722756 1.040774 0.490245
vertex 0.730866 1.046194 0.500000
vertex 0.731234 1.045307 0.490245
endloop
endfacet
facet normal -0.137527 0.257061 0.956560
outer loop
vertex 0.739369 1.015909 0.546194
vertex 0.744581 1.008110 0.549039
vertex 0.746267 1.009012 0.549039
endloop
endfacet
facet normal -0.137450 0.257127 0.956553
outer loop
vertex 0.739369 1.015909 0.546194
vertex 0.746267 1.009012 0.549039
vertex 0.742677 1.017677 0.546194
endloop
endfacet
facet normal -0.451395 0.844251 -0.288935
outer loop
vertex 0.724336 1.038409 0.480866
vertex 0.722756 1.040774 0.490245
vertex 0.731234 1.045307 0.490245
endloop
endfacet
facet normal -0.451210 0.844299 -0.289082
outer loop
vertex 0.724336 1.038409 0.480866
vertex 0.731234 1.045307 0.490245
vertex 0.732322 1.042677 0.480866
endloop
endfacet
facet normal -0.223073 0.417331 0.880950
outer loop
vertex 0.734567 1.023097 0.541573
vertex 0.739369 1.015909 0.546194
vertex 0.742677 1.017677 0.546194
endloop
endfacet
facet normal -0.223081 0.417308 0.880959
outer loop
vertex 0.734567 1.023097 0.541573
vertex 0.742677 1.017677 0.546194
vertex 0.739369 1.025664 0.541573
endloop
endfacet
facet normal -0.084648 0.279088 -0.956527
outer loop
vertex 0.746267 1.009012 0.450960
vertex 0.742677 1.017677 0.453806
vertex 0.746267 1.018766 0.453806
endloop
endfacet
facet normal -0.084644 0.279087 -0.956528
outer loop
vertex 0.746267 1.009012 0.450960
vertex 0.746267 1.018766 0.453806
vertex 0.748097 1.009567 0.450960
endloop
endfacet
facet normal -0.288866 0.952387 0.097549
outer loop
vertex 0.730866 1.046194 0.500000
vertex 0.731234 1.045307 0.509754
vertex 0.740433 1.048097 0.509754
endloop
endfacet
facet normal -0.288885 0.952385 0.097513
outer loop
vertex 0.730866 1.046194 0.500000
vertex 0.740433 1.048097 0.509754
vertex 0.740245 1.049039 0.500000
endloop
endfacet
facet normal -0.028607 0.094265 0.995136
outer loop
vertex 0.746267 1.009012 0.549039
vertex 0.750000 1.000000 0.550000
vertex 0.748097 1.009567 0.549039
endloop
endfacet
facet normal -0.028583 0.094172 -0.995145
outer loop
vertex 0.750000 1.000000 0.450000
vertex 0.746267 1.009012 0.450960
vertex 0.748097 1.009567 0.450960
endloop
endfacet
facet normal -0.288892 0.952387 -0.097470
outer loop
vertex 0.731234 1.045307 0.490245
vertex 0.730866 1.046194 0.500000
vertex 0.740245 1.049039 0.500000
endloop
endfacet
facet normal -0.288862 0.952385 -0.097573
outer loop
vertex 0.731234 1.045307 0.490245
vertex 0.740245 1.049039 0.500000
vertex 0.740433 1.048097 0.490245
endloop
endfacet
facet normal -0.084615 0.278992 0.956558
outer loop
vertex 0.742677 1.017677 0.546194
vertex 0.746267 1.009012 0.549039
vertex 0.748097 1.009567 0.549039
endloop
endfacet
facet normal -0.084616 0.279009 0.956553
outer loop
vertex 0.742677 1.017677 0.546194
vertex 0.748097 1.009567 0.549039
vertex 0.746267 1.018766 0.546194
endloop
endfacet
facet normal -0.277856 0.916091 -0.289090
outer loop
vertex 0.732322 1.042677 0.480866
vertex 0.731234 1.045307 0.490245
vertex 0.740433 1.048097 0.490245
endloop
endfacet
facet normal -0.278016 0.916079 -0.288974
outer loop
vertex 0.732322 1.042677 0.480866
vertex 0.740433 1.048097 0.490245
vertex 0.740988 1.045307 0.480866
endloop
endfacet
facet normal -0.137329 0.452843 0.880951
outer loop
vertex 0.739369 1.025664 0.541573
vertex 0.742677 1.017677 0.546194
vertex 0.746267 1.018766 0.546194
endloop
endfacet
facet normal -0.137376 0.452802 0.880964
outer loop
vertex 0.739369 1.025664 0.541573
vertex 0.746267 1.018766 0.546194
vertex 0.744581 1.027245 0.541573
endloop
endfacet
facet normal -0.256394 0.844847 -0.469570
outer loop
vertex 0.734091 1.038409 0.472221
vertex 0.732322 1.042677 0.480866
vertex 0.740988 1.045307 0.480866
endloop
endfacet
facet normal -0.256190 0.844832 -0.469708
outer loop
vertex 0.734091 1.038409 0.472221
vertex 0.740988 1.045307 0.480866
vertex 0.741890 1.040774 0.472221
endloop
endfacet
facet normal -0.184668 0.608767 0.771557
outer loop
vertex 0.736470 1.032664 0.535356
vertex 0.739369 1.025664 0.541573
vertex 0.744581 1.027245 0.541573
endloop
endfacet
facet normal -0.184662 0.608775 0.771552
outer loop
vertex 0.736470 1.032664 0.535356
vertex 0.744581 1.027245 0.541573
vertex 0.743103 1.034676 0.535356
endloop
endfacet
facet normal -0.224751 0.741152 -0.632599
outer loop
vertex 0.736470 1.032664 0.464645
vertex 0.734091 1.038409 0.472221
vertex 0.741890 1.040774 0.472221
endloop
endfacet
facet normal -0.224825 0.741155 -0.632568
outer loop
vertex 0.736470 1.032664 0.464645
vertex 0.741890 1.040774 0.472221
vertex 0.743103 1.034676 0.464645
endloop
endfacet
facet normal -0.224836 0.741205 0.632506
outer loop
vertex 0.734091 1.038409 0.527778
vertex 0.736470 1.032664 0.535356
vertex 0.743103 1.034676 0.535356
endloop
endfacet
facet normal -0.224784 0.741255 0.632466
outer loop
vertex 0.734091 1.038409 0.527778
vertex 0.743103 1.034676 0.535356
vertex 0.741890 1.040774 0.527778
endloop
endfacet
facet normal -0.184678 0.608836 -0.771500
outer loop
vertex 0.739369 1.025664 0.458427
vertex 0.736470 1.032664 0.464645
vertex 0.743103 1.034676 0.464645
endloop
endfacet
facet normal -0.184697 0.608828 -0.771502
outer loop
vertex 0.739369 1.025664 0.458427
vertex 0.743103 1.034676 0.464645
vertex 0.744581 1.027245 0.458427
endloop
endfacet
facet normal -0.256210 0.844902 0.469571
outer loop
vertex 0.732322 1.042677 0.519134
vertex 0.734091 1.038409 0.527778
vertex 0.741890 1.040774 0.527778
endloop
endfacet
facet normal -0.256366 0.844749 0.469762
outer loop
vertex 0.732322 1.042677 0.519134
vertex 0.741890 1.040774 0.527778
vertex 0.740988 1.045307 0.519134
endloop
endfacet
facet normal -0.137356 0.452816 -0.880960
outer loop
vertex 0.742677 1.017677 0.453806
vertex 0.739369 1.025664 0.458427
vertex 0.744581 1.027245 0.458427
endloop
endfacet
facet normal -0.137344 0.452819 -0.880961
outer loop
vertex 0.742677 1.017677 0.453806
vertex 0.744581 1.027245 0.458427
vertex 0.746267 1.018766 0.453806
endloop
endfacet
facet normal -0.278004 0.916049 0.289082
outer loop
vertex 0.731234 1.045307 0.509754
vertex 0.732322 1.042677 0.519134
vertex 0.740988 1.045307 0.519134
endloop
endfacet
facet normal -0.277872 0.916135 0.288934
outer loop
vertex 0.731234 1.045307 0.509754
vertex 0.740988 1.045307 0.519134
vertex 0.740433 1.048097 0.509754
endloop
endfacet
facet normal -0.062269 0.633114 0.771550
outer loop
vertex 0.743103 1.034676 0.535356
vertex 0.744581 1.027245 0.541573
vertex 0.750000 1.027778 0.541573
endloop
endfacet
facet normal -0.062409 0.633028 0.771609
outer loop
vertex 0.743103 1.034676 0.535356
vertex 0.750000 1.027778 0.541573
vertex 0.750000 1.035356 0.535356
endloop
endfacet
facet normal -0.075937 0.770782 -0.632557
outer loop
vertex 0.743103 1.034676 0.464645
vertex 0.741890 1.040774 0.472221
vertex 0.750000 1.041573 0.472221
endloop
endfacet
facet normal -0.075996 0.770798 -0.632531
outer loop
vertex 0.743103 1.034676 0.464645
vertex 0.750000 1.041573 0.472221
vertex 0.750000 1.035356 0.464645
endloop
endfacet
facet normal -0.075998 0.770860 0.632455
outer loop
vertex 0.741890 1.040774 0.527778
vertex 0.743103 1.034676 0.535356
vertex 0.750000 1.035356 0.535356
endloop
endfacet
facet normal -0.075955 0.770884 0.632431
outer loop
vertex 0.741890 1.040774 0.527778
vertex 0.750000 1.035356 0.535356
vertex 0.750000 1.041573 0.527778
endloop
endfacet
facet normal -0.062420 0.633147 -0.771510
outer loop
vertex 0.744581 1.027245 0.458427
vertex 0.743103 1.034676 0.464645
vertex 0.750000 1.035356 0.464645
endloop
endfacet
facet normal -0.062269 0.633098 -0.771564
outer loop
vertex 0.744581 1.027245 0.458427
vertex 0.750000 1.035356 0.464645
vertex 0.750000 1.027778 0.458427
endloop
endfacet
facet normal -0.086557 0.878547 0.469747
outer loop
vertex 0.740988 1.045307 0.519134
vertex 0.741890 1.040774 0.527778
vertex 0.750000 1.041573 0.527778
endloop
endfacet
facet normal -0.086494 0.878584 0.469690
outer loop
vertex 0.740988 1.045307 0.519134
vertex 0.750000 1.041573 0.527778
vertex 0.750000 1.046194 0.519134
endloop
endfacet
facet normal -0.046325 0.470898 -0.880971
outer loop
vertex 0.746267 1.018766 0.453806
vertex 0.744581 1.027245 0.458427
vertex 0.750000 1.027778 0.458427
endloop
endfacet
facet normal -0.046428 0.470938 -0.880944
outer loop
vertex 0.746267 1.018766 0.453806
vertex 0.750000 1.027778 0.458427
vertex 0.750000 1.019134 0.453806
endloop
endfacet
facet normal -0.093789 0.952738 0.288952
outer loop
vertex 0.740433 1.048097 0.509754
vertex 0.740988 1.045307 0.519134
vertex 0.750000 1.046194 0.519134
endloop
endfacet
facet normal -0.093810 0.952740 0.288939
outer loop
vertex 0.740433 1.048097 0.509754
vertex 0.750000 1.046194 0.519134
vertex 0.750000 1.049039 0.509754
endloop
endfacet
facet normal -0.028607 0.290240 -0.956526
outer loop
vertex 0.748097 1.009567 0.450960
vertex 0.746267 1.018766 0.453806
vertex 0.750000 1.019134 0.453806
endloop
endfacet
facet normal -0.028496 0.290228 -0.956533
outer loop
vertex 0.748097 1.009567 0.450960
vertex 0.750000 1.019134 0.453806
vertex 0.750000 1.009754 0.450960
endloop
endfacet
facet normal -0.097522 0.990442 0.097544
outer loop
vertex 0.740245 1.049039 0.500000
vertex 0.740433 1.048097 0.509754
vertex 0.750000 1.049039 0.509754
endloop
endfacet
facet normal -0.097565 0.990434 0.097582
outer loop
vertex 0.740245 1.049039 0.500000
vertex 0.750000 1.049039 0.509754
vertex 0.750000 1.050000 0.500000
endloop
endfacet
facet normal -0.009637 0.098051 0.995135
outer loop
vertex 0.748097 1.009567 0.549039
vertex 0.750000 1.000000 0.550000
vertex 0.750000 1.009754 0.549039
endloop
endfacet
facet normal -0.009634 0.097952 -0.995145
outer loop
vertex 0.750000 1.000000 0.450000
vertex 0.748097 1.009567 0.450960
vertex 0.750000 1.009754 0.450960
endloop
endfacet
facet normal -0.097566 0.990438 -0.097534
outer loop
vertex 0.740433 1.048097 0.490245
vertex 0.740245 1.049039 0.500000
vertex 0.750000 1.050000 0.500000
endloop
endfacet
facet normal -0.097521 0.990439 -0.097573
outer loop
vertex 0.740433 1.048097 0.490245
vertex 0.750000 1.050000 0.500000
vertex 0.750000 1.049039 0.490245
endloop
endfacet
facet normal -0.028484 0.290155 0.956556
outer loop
vertex 0.746267 1.018766 0.546194
vertex 0.748097 1.009567 0.549039
vertex 0.750000 1.009754 0.549039
endloop
endfacet
facet normal -0.028597 0.290126 0.956561
outer loop
vertex 0.746267 1.018766 0.546194
vertex 0.750000 1.009754 0.549039
vertex 0.750000 1.019134 0.546194
endloop
endfacet
facet normal -0.093809 0.952738 -0.288948
outer loop
vertex 0.740988 1.045307 0.480866
vertex 0.740433 1.048097 0.490245
vertex 0.750000 1.049039 0.490245
endloop
endfacet
facet normal -0.093788 0.952725 -0.288997
outer loop
vertex 0.740988 1.045307 0.480866
vertex 0.750000 1.049039 0.490245
vertex 0.750000 1.046194 0.480866
endloop
endfacet
facet normal -0.046414 0.470891 0.880970
outer loop
vertex 0.744581 1.027245 0.541573
vertex 0.746267 1.018766 0.546194
vertex 0.750000 1.019134 0.546194
endloop
endfacet
facet normal -0.046327 0.470941 0.880947
outer loop
vertex 0.744581 1.027245 0.541573
vertex 0.750000 1.019134 0.546194
vertex 0.750000 1.027778 0.541573
endloop
endfacet
facet normal -0.086491 0.878573 -0.469712
outer loop
vertex 0.741890 1.040774 0.472221
vertex 0.740988 1.045307 0.480866
vertex 0.750000 1.046194 0.480866
endloop
endfacet
facet normal -0.086564 0.878604 -0.469641
outer loop
vertex 0.741890 1.040774 0.472221
vertex 0.750000 1.046194 0.480866
vertex 0.750000 1.041573 0.472221
endloop
endfacet
endsolid Exported from Blender-2.82 (sub 7)
