solid Exported from Blender-2.82 (sub 7)
facet normal 0.086524 0.878618 -0.469621
outer loop
vertex 0.050000 0.070787 0.036111
vertex 0.050000 0.073097 0.040433
vertex 0.054506 0.072653 0.040433
endloop
endfacet
facet normal 0.086555 0.878601 -0.469647
outer loop
vertex 0.050000 0.070787 0.036111
vertex 0.054506 0.072653 0.040433
vertex 0.054055 0.070387 0.036111
endloop
endfacet
facet normal 0.062332 0.633141 0.771523
outer loop
vertex 0.050000 0.067678 0.067678
vertex 0.050000 0.063889 0.070787
vertex 0.052710 0.063622 0.070787
endloop
endfacet
facet normal 0.062376 0.633159 0.771504
outer loop
vertex 0.050000 0.067678 0.067678
vertex 0.052710 0.063622 0.070787
vertex 0.053449 0.067338 0.067678
endloop
endfacet
facet normal 0.075934 0.770793 -0.632544
outer loop
vertex 0.050000 0.067678 0.032322
vertex 0.050000 0.070787 0.036111
vertex 0.054055 0.070387 0.036111
endloop
endfacet
facet normal 0.075936 0.770791 -0.632546
outer loop
vertex 0.050000 0.067678 0.032322
vertex 0.054055 0.070387 0.036111
vertex 0.053449 0.067338 0.032322
endloop
endfacet
facet normal 0.075936 0.770793 0.632544
outer loop
vertex 0.050000 0.070787 0.063889
vertex 0.050000 0.067678 0.067678
vertex 0.053449 0.067338 0.067678
endloop
endfacet
facet normal 0.075935 0.770793 0.632544
outer loop
vertex 0.050000 0.070787 0.063889
vertex 0.053449 0.067338 0.067678
vertex 0.054055 0.070387 0.063889
endloop
endfacet
facet normal 0.062376 0.633140 -0.771520
outer loop
vertex 0.050000 0.063889 0.029213
vertex 0.050000 0.067678 0.032322
vertex 0.053449 0.067338 0.032322
endloop
endfacet
facet normal 0.062332 0.633168 -0.771500
outer loop
vertex 0.050000 0.063889 0.029213
vertex 0.053449 0.067338 0.032322
vertex 0.052710 0.063622 0.029213
endloop
endfacet
facet normal 0.086555 0.878615 0.469622
outer loop
vertex 0.050000 0.073097 0.059567
vertex 0.050000 0.070787 0.063889
vertex 0.054055 0.070387 0.063889
endloop
endfacet
facet normal 0.086524 0.878605 0.469645
outer loop
vertex 0.050000 0.073097 0.059567
vertex 0.054055 0.070387 0.063889
vertex 0.054506 0.072653 0.059567
endloop
endfacet
facet normal 0.046355 0.470885 -0.880976
outer loop
vertex 0.050000 0.059567 0.026903
vertex 0.050000 0.063889 0.029213
vertex 0.052710 0.063622 0.029213
endloop
endfacet
facet normal 0.046360 0.470882 -0.880977
outer loop
vertex 0.050000 0.059567 0.026903
vertex 0.052710 0.063622 0.029213
vertex 0.051867 0.059383 0.026903
endloop
endfacet
facet normal 0.093821 0.952711 0.289031
outer loop
vertex 0.050000 0.074520 0.054877
vertex 0.050000 0.073097 0.059567
vertex 0.054506 0.072653 0.059567
endloop
endfacet
facet normal 0.093858 0.952717 0.288999
outer loop
vertex 0.050000 0.074520 0.054877
vertex 0.054506 0.072653 0.059567
vertex 0.054783 0.074049 0.054877
endloop
endfacet
facet normal 0.028571 0.290190 -0.956543
outer loop
vertex 0.050000 0.054877 0.025480
vertex 0.050000 0.059567 0.026903
vertex 0.051867 0.059383 0.026903
endloop
endfacet
facet normal 0.028591 0.290182 -0.956544
outer loop
vertex 0.050000 0.054877 0.025480
vertex 0.051867 0.059383 0.026903
vertex 0.050951 0.054783 0.025480
endloop
endfacet
facet normal 0.097573 0.990439 0.097524
outer loop
vertex 0.050000 0.075000 0.050000
vertex 0.050000 0.074520 0.054877
vertex 0.054783 0.074049 0.054877
endloop
endfacet
facet normal 0.097526 0.990438 0.097574
outer loop
vertex 0.050000 0.075000 0.050000
vertex 0.054783 0.074049 0.054877
vertex 0.054877 0.074520 0.050000
endloop
endfacet
facet normal 0.009649 0.097988 0.995141
outer loop
vertex 0.050000 0.054877 0.074520
vertex 0.050000 0.050000 0.075000
vertex 0.050951 0.054783 0.074520
endloop
endfacet
facet normal 0.009657 0.097988 -0.995141
outer loop
vertex 0.050000 0.050000 0.025000
vertex 0.050000 0.054877 0.025480
vertex 0.050951 0.054783 0.025480
endloop
endfacet
facet normal 0.097526 0.990443 -0.097525
outer loop
vertex 0.050000 0.074520 0.045123
vertex 0.050000 0.075000 0.050000
vertex 0.054877 0.074520 0.050000
endloop
endfacet
facet normal 0.097573 0.990434 -0.097574
outer loop
vertex 0.050000 0.074520 0.045123
vertex 0.054877 0.074520 0.050000
vertex 0.054783 0.074049 0.045123
endloop
endfacet
facet normal 0.028594 0.290194 0.956541
outer loop
vertex 0.050000 0.059567 0.073097
vertex 0.050000 0.054877 0.074520
vertex 0.050951 0.054783 0.074520
endloop
endfacet
facet normal 0.028572 0.290188 0.956543
outer loop
vertex 0.050000 0.059567 0.073097
vertex 0.050951 0.054783 0.074520
vertex 0.051867 0.059383 0.073097
endloop
endfacet
facet normal 0.093857 0.952708 -0.289031
outer loop
vertex 0.050000 0.073097 0.040433
vertex 0.050000 0.074520 0.045123
vertex 0.054783 0.074049 0.045123
endloop
endfacet
facet normal 0.093822 0.952722 -0.288997
outer loop
vertex 0.050000 0.073097 0.040433
vertex 0.054783 0.074049 0.045123
vertex 0.054506 0.072653 0.040433
endloop
endfacet
facet normal 0.046358 0.470883 0.880977
outer loop
vertex 0.050000 0.063889 0.070787
vertex 0.050000 0.059567 0.073097
vertex 0.051867 0.059383 0.073097
endloop
endfacet
facet normal 0.046353 0.470883 0.880977
outer loop
vertex 0.050000 0.063889 0.070787
vertex 0.051867 0.059383 0.073097
vertex 0.052710 0.063622 0.070787
endloop
endfacet
facet normal 0.277886 0.916112 -0.288996
outer loop
vertex 0.054506 0.072653 0.040433
vertex 0.054783 0.074049 0.045123
vertex 0.059383 0.072653 0.045123
endloop
endfacet
facet normal 0.277930 0.916084 -0.289040
outer loop
vertex 0.054506 0.072653 0.040433
vertex 0.059383 0.072653 0.045123
vertex 0.058839 0.071339 0.040433
endloop
endfacet
facet normal 0.137373 0.452779 0.880977
outer loop
vertex 0.052710 0.063622 0.070787
vertex 0.051867 0.059383 0.073097
vertex 0.053661 0.058839 0.073097
endloop
endfacet
facet normal 0.137369 0.452779 0.880977
outer loop
vertex 0.052710 0.063622 0.070787
vertex 0.053661 0.058839 0.073097
vertex 0.055315 0.062832 0.070787
endloop
endfacet
facet normal 0.256312 0.844830 -0.469645
outer loop
vertex 0.054055 0.070387 0.036111
vertex 0.054506 0.072653 0.040433
vertex 0.058839 0.071339 0.040433
endloop
endfacet
facet normal 0.256258 0.844875 -0.469594
outer loop
vertex 0.054055 0.070387 0.036111
vertex 0.058839 0.071339 0.040433
vertex 0.057955 0.069204 0.036111
endloop
endfacet
facet normal 0.184714 0.608826 0.771500
outer loop
vertex 0.053449 0.067338 0.067678
vertex 0.052710 0.063622 0.070787
vertex 0.055315 0.062832 0.070787
endloop
endfacet
facet normal 0.184687 0.608820 0.771511
outer loop
vertex 0.053449 0.067338 0.067678
vertex 0.055315 0.062832 0.070787
vertex 0.056765 0.066332 0.067678
endloop
endfacet
facet normal 0.224806 0.741181 -0.632544
outer loop
vertex 0.053449 0.067338 0.032322
vertex 0.054055 0.070387 0.036111
vertex 0.057955 0.069204 0.036111
endloop
endfacet
facet normal 0.224832 0.741156 -0.632565
outer loop
vertex 0.053449 0.067338 0.032322
vertex 0.057955 0.069204 0.036111
vertex 0.056765 0.066332 0.032322
endloop
endfacet
facet normal 0.224837 0.741173 0.632543
outer loop
vertex 0.054055 0.070387 0.063889
vertex 0.053449 0.067338 0.067678
vertex 0.056765 0.066332 0.067678
endloop
endfacet
facet normal 0.224802 0.741167 0.632562
outer loop
vertex 0.054055 0.070387 0.063889
vertex 0.056765 0.066332 0.067678
vertex 0.057955 0.069204 0.063889
endloop
endfacet
facet normal 0.184691 0.608831 -0.771502
outer loop
vertex 0.052710 0.063622 0.029213
vertex 0.053449 0.067338 0.032322
vertex 0.056765 0.066332 0.032322
endloop
endfacet
facet normal 0.184710 0.608814 -0.771510
outer loop
vertex 0.052710 0.063622 0.029213
vertex 0.056765 0.066332 0.032322
vertex 0.055315 0.062832 0.029213
endloop
endfacet
facet normal 0.256249 0.844847 0.469650
outer loop
vertex 0.054506 0.072653 0.059567
vertex 0.054055 0.070387 0.063889
vertex 0.057955 0.069204 0.063889
endloop
endfacet
facet normal 0.256320 0.844854 0.469597
outer loop
vertex 0.054506 0.072653 0.059567
vertex 0.057955 0.069204 0.063889
vertex 0.058839 0.071339 0.059567
endloop
endfacet
facet normal 0.137371 0.452780 -0.880977
outer loop
vertex 0.051867 0.059383 0.026903
vertex 0.052710 0.063622 0.029213
vertex 0.055315 0.062832 0.029213
endloop
endfacet
facet normal 0.137369 0.452782 -0.880976
outer loop
vertex 0.051867 0.059383 0.026903
vertex 0.055315 0.062832 0.029213
vertex 0.053661 0.058839 0.026903
endloop
endfacet
facet normal 0.277933 0.916098 0.288993
outer loop
vertex 0.054783 0.074049 0.054877
vertex 0.054506 0.072653 0.059567
vertex 0.058839 0.071339 0.059567
endloop
endfacet
facet normal 0.277883 0.916099 0.289040
outer loop
vertex 0.054783 0.074049 0.054877
vertex 0.058839 0.071339 0.059567
vertex 0.059383 0.072653 0.054877
endloop
endfacet
facet normal 0.084655 0.279028 -0.956544
outer loop
vertex 0.050951 0.054783 0.025480
vertex 0.051867 0.059383 0.026903
vertex 0.053661 0.058839 0.026903
endloop
endfacet
facet normal 0.084624 0.279048 -0.956541
outer loop
vertex 0.050951 0.054783 0.025480
vertex 0.053661 0.058839 0.026903
vertex 0.051867 0.054506 0.025480
endloop
endfacet
facet normal 0.288888 0.952378 0.097574
outer loop
vertex 0.054877 0.074520 0.050000
vertex 0.054783 0.074049 0.054877
vertex 0.059383 0.072653 0.054877
endloop
endfacet
facet normal 0.288927 0.952370 0.097534
outer loop
vertex 0.054877 0.074520 0.050000
vertex 0.059383 0.072653 0.054877
vertex 0.059567 0.073097 0.050000
endloop
endfacet
facet normal 0.028582 0.094225 0.995141
outer loop
vertex 0.050951 0.054783 0.074520
vertex 0.050000 0.050000 0.075000
vertex 0.051867 0.054506 0.074520
endloop
endfacet
facet normal 0.028576 0.094225 -0.995141
outer loop
vertex 0.050000 0.050000 0.025000
vertex 0.050951 0.054783 0.025480
vertex 0.051867 0.054506 0.025480
endloop
endfacet
facet normal 0.288926 0.952366 -0.097574
outer loop
vertex 0.054783 0.074049 0.045123
vertex 0.054877 0.074520 0.050000
vertex 0.059567 0.073097 0.050000
endloop
endfacet
facet normal 0.288889 0.952381 -0.097534
outer loop
vertex 0.054783 0.074049 0.045123
vertex 0.059567 0.073097 0.050000
vertex 0.059383 0.072653 0.045123
endloop
endfacet
facet normal 0.084614 0.279036 0.956545
outer loop
vertex 0.051867 0.059383 0.073097
vertex 0.050951 0.054783 0.074520
vertex 0.051867 0.054506 0.074520
endloop
endfacet
facet normal 0.084661 0.279038 0.956541
outer loop
vertex 0.051867 0.059383 0.073097
vertex 0.051867 0.054506 0.074520
vertex 0.053661 0.058839 0.073097
endloop
endfacet
facet normal 0.223047 0.417292 -0.880975
outer loop
vertex 0.053661 0.058839 0.026903
vertex 0.055315 0.062832 0.029213
vertex 0.057717 0.061549 0.029213
endloop
endfacet
facet normal 0.223034 0.417307 -0.880971
outer loop
vertex 0.053661 0.058839 0.026903
vertex 0.057717 0.061549 0.029213
vertex 0.055315 0.057955 0.026903
endloop
endfacet
facet normal 0.451244 0.844294 0.289043
outer loop
vertex 0.059383 0.072653 0.054877
vertex 0.058839 0.071339 0.059567
vertex 0.062832 0.069204 0.059567
endloop
endfacet
facet normal 0.451294 0.844283 0.288997
outer loop
vertex 0.059383 0.072653 0.054877
vertex 0.062832 0.069204 0.059567
vertex 0.063622 0.070387 0.054877
endloop
endfacet
facet normal 0.137447 0.257167 -0.956542
outer loop
vertex 0.051867 0.054506 0.025480
vertex 0.053661 0.058839 0.026903
vertex 0.055315 0.057955 0.026903
endloop
endfacet
facet normal 0.137462 0.257152 -0.956544
outer loop
vertex 0.051867 0.054506 0.025480
vertex 0.055315 0.057955 0.026903
vertex 0.052710 0.054055 0.025480
endloop
endfacet
facet normal 0.469162 0.877710 0.097532
outer loop
vertex 0.059567 0.073097 0.050000
vertex 0.059383 0.072653 0.054877
vertex 0.063622 0.070387 0.054877
endloop
endfacet
facet normal 0.469143 0.877718 0.097553
outer loop
vertex 0.059567 0.073097 0.050000
vertex 0.063622 0.070387 0.054877
vertex 0.063889 0.070787 0.050000
endloop
endfacet
facet normal 0.046417 0.086834 0.995141
outer loop
vertex 0.051867 0.054506 0.074520
vertex 0.050000 0.050000 0.075000
vertex 0.052710 0.054055 0.074520
endloop
endfacet
facet normal 0.046418 0.086834 -0.995141
outer loop
vertex 0.050000 0.050000 0.025000
vertex 0.051867 0.054506 0.025480
vertex 0.052710 0.054055 0.025480
endloop
endfacet
facet normal 0.469142 0.877720 -0.097531
outer loop
vertex 0.059383 0.072653 0.045123
vertex 0.059567 0.073097 0.050000
vertex 0.063889 0.070787 0.050000
endloop
endfacet
facet normal 0.469161 0.877708 -0.097554
outer loop
vertex 0.059383 0.072653 0.045123
vertex 0.063889 0.070787 0.050000
vertex 0.063622 0.070387 0.045123
endloop
endfacet
facet normal 0.137469 0.257161 0.956541
outer loop
vertex 0.053661 0.058839 0.073097
vertex 0.051867 0.054506 0.074520
vertex 0.052710 0.054055 0.074520
endloop
endfacet
facet normal 0.137443 0.257167 0.956543
outer loop
vertex 0.053661 0.058839 0.073097
vertex 0.052710 0.054055 0.074520
vertex 0.055315 0.057955 0.073097
endloop
endfacet
facet normal 0.451289 0.844271 -0.289040
outer loop
vertex 0.058839 0.071339 0.040433
vertex 0.059383 0.072653 0.045123
vertex 0.063622 0.070387 0.045123
endloop
endfacet
facet normal 0.451251 0.844307 -0.288995
outer loop
vertex 0.058839 0.071339 0.040433
vertex 0.063622 0.070387 0.045123
vertex 0.062832 0.069204 0.040433
endloop
endfacet
facet normal 0.223030 0.417300 0.880976
outer loop
vertex 0.055315 0.062832 0.070787
vertex 0.053661 0.058839 0.073097
vertex 0.055315 0.057955 0.073097
endloop
endfacet
facet normal 0.223047 0.417296 0.880973
outer loop
vertex 0.055315 0.062832 0.070787
vertex 0.055315 0.057955 0.073097
vertex 0.057717 0.061549 0.070787
endloop
endfacet
facet normal 0.416158 0.778648 -0.469596
outer loop
vertex 0.057955 0.069204 0.036111
vertex 0.058839 0.071339 0.040433
vertex 0.062832 0.069204 0.040433
endloop
endfacet
facet normal 0.416193 0.778606 -0.469633
outer loop
vertex 0.057955 0.069204 0.036111
vertex 0.062832 0.069204 0.040433
vertex 0.061549 0.067283 0.036111
endloop
endfacet
facet normal 0.299911 0.561094 0.771510
outer loop
vertex 0.056765 0.066332 0.067678
vertex 0.055315 0.062832 0.070787
vertex 0.057717 0.061549 0.070787
endloop
endfacet
facet normal 0.299890 0.561094 0.771518
outer loop
vertex 0.056765 0.066332 0.067678
vertex 0.057717 0.061549 0.070787
vertex 0.059821 0.064699 0.067678
endloop
endfacet
facet normal 0.365115 0.683049 -0.632562
outer loop
vertex 0.056765 0.066332 0.032322
vertex 0.057955 0.069204 0.036111
vertex 0.061549 0.067283 0.036111
endloop
endfacet
facet normal 0.365092 0.683083 -0.632539
outer loop
vertex 0.056765 0.066332 0.032322
vertex 0.061549 0.067283 0.036111
vertex 0.059821 0.064699 0.032322
endloop
endfacet
facet normal 0.365081 0.683067 0.632563
outer loop
vertex 0.057955 0.069204 0.063889
vertex 0.056765 0.066332 0.067678
vertex 0.059821 0.064699 0.067678
endloop
endfacet
facet normal 0.365124 0.683064 0.632541
outer loop
vertex 0.057955 0.069204 0.063889
vertex 0.059821 0.064699 0.067678
vertex 0.061549 0.067283 0.063889
endloop
endfacet
facet normal 0.299895 0.561102 -0.771510
outer loop
vertex 0.055315 0.062832 0.029213
vertex 0.056765 0.066332 0.032322
vertex 0.059821 0.064699 0.032322
endloop
endfacet
facet normal 0.299906 0.561084 -0.771519
outer loop
vertex 0.055315 0.062832 0.029213
vertex 0.059821 0.064699 0.032322
vertex 0.057717 0.061549 0.029213
endloop
endfacet
facet normal 0.416205 0.778624 0.469593
outer loop
vertex 0.058839 0.071339 0.059567
vertex 0.057955 0.069204 0.063889
vertex 0.061549 0.067283 0.063889
endloop
endfacet
facet normal 0.416148 0.778630 0.469634
outer loop
vertex 0.058839 0.071339 0.059567
vertex 0.061549 0.067283 0.063889
vertex 0.062832 0.069204 0.059567
endloop
endfacet
facet normal 0.300170 0.365768 0.880972
outer loop
vertex 0.057717 0.061549 0.070787
vertex 0.055315 0.057955 0.073097
vertex 0.056765 0.056765 0.073097
endloop
endfacet
facet normal 0.300165 0.365767 0.880974
outer loop
vertex 0.057717 0.061549 0.070787
vertex 0.056765 0.056765 0.073097
vertex 0.059821 0.059821 0.070787
endloop
endfacet
facet normal 0.560096 0.682450 -0.469632
outer loop
vertex 0.061549 0.067283 0.036111
vertex 0.062832 0.069204 0.040433
vertex 0.066332 0.066332 0.040433
endloop
endfacet
facet normal 0.560075 0.682490 -0.469600
outer loop
vertex 0.061549 0.067283 0.036111
vertex 0.066332 0.066332 0.040433
vertex 0.064699 0.064699 0.036111
endloop
endfacet
facet normal 0.403598 0.491803 0.771517
outer loop
vertex 0.059821 0.064699 0.067678
vertex 0.057717 0.061549 0.070787
vertex 0.059821 0.059821 0.070787
endloop
endfacet
facet normal 0.403625 0.491794 0.771508
outer loop
vertex 0.059821 0.064699 0.067678
vertex 0.059821 0.059821 0.070787
vertex 0.062500 0.062500 0.067678
endloop
endfacet
facet normal 0.491337 0.598731 -0.632541
outer loop
vertex 0.059821 0.064699 0.032322
vertex 0.061549 0.067283 0.036111
vertex 0.064699 0.064699 0.036111
endloop
endfacet
facet normal 0.491356 0.598691 -0.632566
outer loop
vertex 0.059821 0.064699 0.032322
vertex 0.064699 0.064699 0.036111
vertex 0.062500 0.062500 0.032322
endloop
endfacet
facet normal 0.491369 0.598708 0.632539
outer loop
vertex 0.061549 0.067283 0.063889
vertex 0.059821 0.064699 0.067678
vertex 0.062500 0.062500 0.067678
endloop
endfacet
facet normal 0.491327 0.598717 0.632563
outer loop
vertex 0.061549 0.067283 0.063889
vertex 0.062500 0.062500 0.067678
vertex 0.064699 0.064699 0.063889
endloop
endfacet
facet normal 0.403619 0.491788 -0.771515
outer loop
vertex 0.057717 0.061549 0.029213
vertex 0.059821 0.064699 0.032322
vertex 0.062500 0.062500 0.032322
endloop
endfacet
facet normal 0.403606 0.491814 -0.771506
outer loop
vertex 0.057717 0.061549 0.029213
vertex 0.062500 0.062500 0.032322
vertex 0.059821 0.059821 0.029213
endloop
endfacet
facet normal 0.560063 0.682476 0.469635
outer loop
vertex 0.062832 0.069204 0.059567
vertex 0.061549 0.067283 0.063889
vertex 0.064699 0.064699 0.063889
endloop
endfacet
facet normal 0.560107 0.682462 0.469602
outer loop
vertex 0.062832 0.069204 0.059567
vertex 0.064699 0.064699 0.063889
vertex 0.066332 0.066332 0.059567
endloop
endfacet
facet normal 0.300168 0.365770 -0.880972
outer loop
vertex 0.055315 0.057955 0.026903
vertex 0.057717 0.061549 0.029213
vertex 0.059821 0.059821 0.029213
endloop
endfacet
facet normal 0.300170 0.365766 -0.880973
outer loop
vertex 0.055315 0.057955 0.026903
vertex 0.059821 0.059821 0.029213
vertex 0.056765 0.056765 0.026903
endloop
endfacet
facet normal 0.607338 0.740012 0.289002
outer loop
vertex 0.063622 0.070387 0.054877
vertex 0.062832 0.069204 0.059567
vertex 0.066332 0.066332 0.059567
endloop
endfacet
facet normal 0.607323 0.740019 0.289017
outer loop
vertex 0.063622 0.070387 0.054877
vertex 0.066332 0.066332 0.059567
vertex 0.067338 0.067338 0.054877
endloop
endfacet
facet normal 0.184979 0.225404 -0.956544
outer loop
vertex 0.052710 0.054055 0.025480
vertex 0.055315 0.057955 0.026903
vertex 0.056765 0.056765 0.026903
endloop
endfacet
facet normal 0.184981 0.225398 -0.956545
outer loop
vertex 0.052710 0.054055 0.025480
vertex 0.056765 0.056765 0.026903
vertex 0.053449 0.053449 0.025480
endloop
endfacet
facet normal 0.631371 0.769321 0.097548
outer loop
vertex 0.063889 0.070787 0.050000
vertex 0.063622 0.070387 0.054877
vertex 0.067338 0.067338 0.054877
endloop
endfacet
facet normal 0.631347 0.769337 0.097576
outer loop
vertex 0.063889 0.070787 0.050000
vertex 0.067338 0.067338 0.054877
vertex 0.067678 0.067678 0.050000
endloop
endfacet
facet normal 0.062452 0.076113 0.995142
outer loop
vertex 0.052710 0.054055 0.074520
vertex 0.050000 0.050000 0.075000
vertex 0.053449 0.053449 0.074520
endloop
endfacet
facet normal 0.062463 0.076112 -0.995141
outer loop
vertex 0.050000 0.050000 0.025000
vertex 0.052710 0.054055 0.025480
vertex 0.053449 0.053449 0.025480
endloop
endfacet
facet normal 0.631351 0.769338 -0.097551
outer loop
vertex 0.063622 0.070387 0.045123
vertex 0.063889 0.070787 0.050000
vertex 0.067678 0.067678 0.050000
endloop
endfacet
facet normal 0.631368 0.769320 -0.097574
outer loop
vertex 0.063622 0.070387 0.045123
vertex 0.067678 0.067678 0.050000
vertex 0.067338 0.067338 0.045123
endloop
endfacet
facet normal 0.184987 0.225403 0.956542
outer loop
vertex 0.055315 0.057955 0.073097
vertex 0.052710 0.054055 0.074520
vertex 0.053449 0.053449 0.074520
endloop
endfacet
facet normal 0.184981 0.225404 0.956543
outer loop
vertex 0.055315 0.057955 0.073097
vertex 0.053449 0.053449 0.074520
vertex 0.056765 0.056765 0.073097
endloop
endfacet
facet normal 0.607325 0.740023 -0.289002
outer loop
vertex 0.062832 0.069204 0.040433
vertex 0.063622 0.070387 0.045123
vertex 0.067338 0.067338 0.045123
endloop
endfacet
facet normal 0.607336 0.740008 -0.289017
outer loop
vertex 0.062832 0.069204 0.040433
vertex 0.067338 0.067338 0.045123
vertex 0.066332 0.066332 0.040433
endloop
endfacet
facet normal 0.740009 0.607335 0.289017
outer loop
vertex 0.067338 0.067338 0.054877
vertex 0.066332 0.066332 0.059567
vertex 0.069204 0.062832 0.059567
endloop
endfacet
facet normal 0.740047 0.607308 0.288974
outer loop
vertex 0.067338 0.067338 0.054877
vertex 0.069204 0.062832 0.059567
vertex 0.070387 0.063622 0.054877
endloop
endfacet
facet normal 0.225401 0.184979 -0.956544
outer loop
vertex 0.053449 0.053449 0.025480
vertex 0.056765 0.056765 0.026903
vertex 0.057955 0.055315 0.026903
endloop
endfacet
facet normal 0.225402 0.184984 -0.956543
outer loop
vertex 0.053449 0.053449 0.025480
vertex 0.057955 0.055315 0.026903
vertex 0.054055 0.052710 0.025480
endloop
endfacet
facet normal 0.769339 0.631345 0.097575
outer loop
vertex 0.067678 0.067678 0.050000
vertex 0.067338 0.067338 0.054877
vertex 0.070387 0.063622 0.054877
endloop
endfacet
facet normal 0.769337 0.631347 0.097580
outer loop
vertex 0.067678 0.067678 0.050000
vertex 0.070387 0.063622 0.054877
vertex 0.070787 0.063889 0.050000
endloop
endfacet
facet normal 0.076115 0.062464 0.995141
outer loop
vertex 0.053449 0.053449 0.074520
vertex 0.050000 0.050000 0.075000
vertex 0.054055 0.052710 0.074520
endloop
endfacet
facet normal 0.076112 0.062464 -0.995141
outer loop
vertex 0.050000 0.050000 0.025000
vertex 0.053449 0.053449 0.025480
vertex 0.054055 0.052710 0.025480
endloop
endfacet
facet normal 0.769336 0.631348 -0.097576
outer loop
vertex 0.067338 0.067338 0.045123
vertex 0.067678 0.067678 0.050000
vertex 0.070787 0.063889 0.050000
endloop
endfacet
facet normal 0.769340 0.631343 -0.097579
outer loop
vertex 0.067338 0.067338 0.045123
vertex 0.070787 0.063889 0.050000
vertex 0.070387 0.063622 0.045123
endloop
endfacet
facet normal 0.225398 0.184985 0.956544
outer loop
vertex 0.056765 0.056765 0.073097
vertex 0.053449 0.053449 0.074520
vertex 0.054055 0.052710 0.074520
endloop
endfacet
facet normal 0.225404 0.184981 0.956543
outer loop
vertex 0.056765 0.056765 0.073097
vertex 0.054055 0.052710 0.074520
vertex 0.057955 0.055315 0.073097
endloop
endfacet
facet normal 0.740038 0.607301 -0.289015
outer loop
vertex 0.066332 0.066332 0.040433
vertex 0.067338 0.067338 0.045123
vertex 0.070387 0.063622 0.045123
endloop
endfacet
facet normal 0.740019 0.607343 -0.288974
outer loop
vertex 0.066332 0.066332 0.040433
vertex 0.070387 0.063622 0.045123
vertex 0.069204 0.062832 0.040433
endloop
endfacet
facet normal 0.365766 0.300170 0.880973
outer loop
vertex 0.059821 0.059821 0.070787
vertex 0.056765 0.056765 0.073097
vertex 0.057955 0.055315 0.073097
endloop
endfacet
facet normal 0.365768 0.300168 0.880973
outer loop
vertex 0.059821 0.059821 0.070787
vertex 0.057955 0.055315 0.073097
vertex 0.061549 0.057717 0.070787
endloop
endfacet
facet normal 0.682463 0.560108 -0.469599
outer loop
vertex 0.064699 0.064699 0.036111
vertex 0.066332 0.066332 0.040433
vertex 0.069204 0.062832 0.040433
endloop
endfacet
facet normal 0.682477 0.560062 -0.469633
outer loop
vertex 0.064699 0.064699 0.036111
vertex 0.069204 0.062832 0.040433
vertex 0.067283 0.061549 0.036111
endloop
endfacet
facet normal 0.491814 0.403607 0.771505
outer loop
vertex 0.062500 0.062500 0.067678
vertex 0.059821 0.059821 0.070787
vertex 0.061549 0.057717 0.070787
endloop
endfacet
facet normal 0.491786 0.403618 0.771517
outer loop
vertex 0.062500 0.062500 0.067678
vertex 0.061549 0.057717 0.070787
vertex 0.064699 0.059821 0.067678
endloop
endfacet
facet normal 0.598716 0.491326 -0.632564
outer loop
vertex 0.062500 0.062500 0.032322
vertex 0.064699 0.064699 0.036111
vertex 0.067283 0.061549 0.036111
endloop
endfacet
facet normal 0.598706 0.491369 -0.632540
outer loop
vertex 0.062500 0.062500 0.032322
vertex 0.067283 0.061549 0.036111
vertex 0.064699 0.059821 0.032322
endloop
endfacet
facet normal 0.598690 0.491356 0.632565
outer loop
vertex 0.064699 0.064699 0.063889
vertex 0.062500 0.062500 0.067678
vertex 0.064699 0.059821 0.067678
endloop
endfacet
facet normal 0.598731 0.491338 0.632541
outer loop
vertex 0.064699 0.064699 0.063889
vertex 0.064699 0.059821 0.067678
vertex 0.067283 0.061549 0.063889
endloop
endfacet
facet normal 0.491797 0.403627 -0.771505
outer loop
vertex 0.059821 0.059821 0.029213
vertex 0.062500 0.062500 0.032322
vertex 0.064699 0.059821 0.032322
endloop
endfacet
facet normal 0.491803 0.403594 -0.771519
outer loop
vertex 0.059821 0.059821 0.029213
vertex 0.064699 0.059821 0.032322
vertex 0.061549 0.057717 0.029213
endloop
endfacet
facet normal 0.682491 0.560076 0.469597
outer loop
vertex 0.066332 0.066332 0.059567
vertex 0.064699 0.064699 0.063889
vertex 0.067283 0.061549 0.063889
endloop
endfacet
facet normal 0.682450 0.560096 0.469632
outer loop
vertex 0.066332 0.066332 0.059567
vertex 0.067283 0.061549 0.063889
vertex 0.069204 0.062832 0.059567
endloop
endfacet
facet normal 0.365768 0.300167 -0.880973
outer loop
vertex 0.056765 0.056765 0.026903
vertex 0.059821 0.059821 0.029213
vertex 0.061549 0.057717 0.029213
endloop
endfacet
facet normal 0.365767 0.300171 -0.880972
outer loop
vertex 0.056765 0.056765 0.026903
vertex 0.061549 0.057717 0.029213
vertex 0.057955 0.055315 0.026903
endloop
endfacet
facet normal 0.778629 0.416151 -0.469633
outer loop
vertex 0.067283 0.061549 0.036111
vertex 0.069204 0.062832 0.040433
vertex 0.071339 0.058839 0.040433
endloop
endfacet
facet normal 0.778625 0.416204 -0.469593
outer loop
vertex 0.067283 0.061549 0.036111
vertex 0.071339 0.058839 0.040433
vertex 0.069204 0.057955 0.036111
endloop
endfacet
facet normal 0.561085 0.299906 0.771518
outer loop
vertex 0.064699 0.059821 0.067678
vertex 0.061549 0.057717 0.070787
vertex 0.062832 0.055315 0.070787
endloop
endfacet
facet normal 0.561102 0.299893 0.771511
outer loop
vertex 0.064699 0.059821 0.067678
vertex 0.062832 0.055315 0.070787
vertex 0.066332 0.056765 0.067678
endloop
endfacet
facet normal 0.683065 0.365125 -0.632540
outer loop
vertex 0.064699 0.059821 0.032322
vertex 0.067283 0.061549 0.036111
vertex 0.069204 0.057955 0.036111
endloop
endfacet
facet normal 0.683066 0.365081 -0.632564
outer loop
vertex 0.064699 0.059821 0.032322
vertex 0.069204 0.057955 0.036111
vertex 0.066332 0.056765 0.032322
endloop
endfacet
facet normal 0.683082 0.365093 0.632539
outer loop
vertex 0.067283 0.061549 0.063889
vertex 0.064699 0.059821 0.067678
vertex 0.066332 0.056765 0.067678
endloop
endfacet
facet normal 0.683050 0.365116 0.632560
outer loop
vertex 0.067283 0.061549 0.063889
vertex 0.066332 0.056765 0.067678
vertex 0.069204 0.057955 0.063889
endloop
endfacet
facet normal 0.561095 0.299893 -0.771516
outer loop
vertex 0.061549 0.057717 0.029213
vertex 0.064699 0.059821 0.032322
vertex 0.066332 0.056765 0.032322
endloop
endfacet
facet normal 0.561094 0.299910 -0.771510
outer loop
vertex 0.061549 0.057717 0.029213
vertex 0.066332 0.056765 0.032322
vertex 0.062832 0.055315 0.029213
endloop
endfacet
facet normal 0.778604 0.416194 0.469636
outer loop
vertex 0.069204 0.062832 0.059567
vertex 0.067283 0.061549 0.063889
vertex 0.069204 0.057955 0.063889
endloop
endfacet
facet normal 0.778648 0.416158 0.469596
outer loop
vertex 0.069204 0.062832 0.059567
vertex 0.069204 0.057955 0.063889
vertex 0.071339 0.058839 0.059567
endloop
endfacet
facet normal 0.417299 0.223051 -0.880971
outer loop
vertex 0.057955 0.055315 0.026903
vertex 0.061549 0.057717 0.029213
vertex 0.062832 0.055315 0.029213
endloop
endfacet
facet normal 0.417300 0.223029 -0.880976
outer loop
vertex 0.057955 0.055315 0.026903
vertex 0.062832 0.055315 0.029213
vertex 0.058839 0.053661 0.026903
endloop
endfacet
facet normal 0.844313 0.451254 0.288973
outer loop
vertex 0.070387 0.063622 0.054877
vertex 0.069204 0.062832 0.059567
vertex 0.071339 0.058839 0.059567
endloop
endfacet
facet normal 0.844262 0.451307 0.289040
outer loop
vertex 0.070387 0.063622 0.054877
vertex 0.071339 0.058839 0.059567
vertex 0.072653 0.059383 0.054877
endloop
endfacet
facet normal 0.257164 0.137445 -0.956544
outer loop
vertex 0.054055 0.052710 0.025480
vertex 0.057955 0.055315 0.026903
vertex 0.058839 0.053661 0.026903
endloop
endfacet
facet normal 0.257157 0.137465 -0.956543
outer loop
vertex 0.054055 0.052710 0.025480
vertex 0.058839 0.053661 0.026903
vertex 0.054506 0.051867 0.025480
endloop
endfacet
facet normal 0.877695 0.469181 0.097577
outer loop
vertex 0.070787 0.063889 0.050000
vertex 0.070387 0.063622 0.054877
vertex 0.072653 0.059383 0.054877
endloop
endfacet
facet normal 0.877720 0.469142 0.097532
outer loop
vertex 0.070787 0.063889 0.050000
vertex 0.072653 0.059383 0.054877
vertex 0.073097 0.059567 0.050000
endloop
endfacet
facet normal 0.086831 0.046418 0.995141
outer loop
vertex 0.054055 0.052710 0.074520
vertex 0.050000 0.050000 0.075000
vertex 0.054506 0.051867 0.074520
endloop
endfacet
facet normal 0.086835 0.046418 -0.995141
outer loop
vertex 0.050000 0.050000 0.025000
vertex 0.054055 0.052710 0.025480
vertex 0.054506 0.051867 0.025480
endloop
endfacet
facet normal 0.877716 0.469142 -0.097577
outer loop
vertex 0.070387 0.063622 0.045123
vertex 0.070787 0.063889 0.050000
vertex 0.073097 0.059567 0.050000
endloop
endfacet
facet normal 0.877699 0.469181 -0.097533
outer loop
vertex 0.070387 0.063622 0.045123
vertex 0.073097 0.059567 0.050000
vertex 0.072653 0.059383 0.045123
endloop
endfacet
facet normal 0.257155 0.137462 0.956544
outer loop
vertex 0.057955 0.055315 0.073097
vertex 0.054055 0.052710 0.074520
vertex 0.054506 0.051867 0.074520
endloop
endfacet
facet normal 0.257169 0.137447 0.956542
outer loop
vertex 0.057955 0.055315 0.073097
vertex 0.054506 0.051867 0.074520
vertex 0.058839 0.053661 0.073097
endloop
endfacet
facet normal 0.844279 0.451317 -0.288975
outer loop
vertex 0.069204 0.062832 0.040433
vertex 0.070387 0.063622 0.045123
vertex 0.072653 0.059383 0.045123
endloop
endfacet
facet normal 0.844295 0.451244 -0.289042
outer loop
vertex 0.069204 0.062832 0.040433
vertex 0.072653 0.059383 0.045123
vertex 0.071339 0.058839 0.040433
endloop
endfacet
facet normal 0.417309 0.223033 0.880971
outer loop
vertex 0.061549 0.057717 0.070787
vertex 0.057955 0.055315 0.073097
vertex 0.058839 0.053661 0.073097
endloop
endfacet
facet normal 0.417290 0.223046 0.880976
outer loop
vertex 0.061549 0.057717 0.070787
vertex 0.058839 0.053661 0.073097
vertex 0.062832 0.055315 0.070787
endloop
endfacet
facet normal 0.279035 0.084655 -0.956542
outer loop
vertex 0.054506 0.051867 0.025480
vertex 0.058839 0.053661 0.026903
vertex 0.059383 0.051867 0.026903
endloop
endfacet
facet normal 0.279036 0.084621 -0.956545
outer loop
vertex 0.054506 0.051867 0.025480
vertex 0.059383 0.051867 0.026903
vertex 0.054783 0.050951 0.025480
endloop
endfacet
facet normal 0.952382 0.288888 0.097534
outer loop
vertex 0.073097 0.059567 0.050000
vertex 0.072653 0.059383 0.054877
vertex 0.074049 0.054783 0.054877
endloop
endfacet
facet normal 0.952366 0.288926 0.097574
outer loop
vertex 0.073097 0.059567 0.050000
vertex 0.074049 0.054783 0.054877
vertex 0.074520 0.054877 0.050000
endloop
endfacet
facet normal 0.094226 0.028575 0.995141
outer loop
vertex 0.054506 0.051867 0.074520
vertex 0.050000 0.050000 0.075000
vertex 0.054783 0.050951 0.074520
endloop
endfacet
facet normal 0.094226 0.028575 -0.995141
outer loop
vertex 0.050000 0.050000 0.025000
vertex 0.054506 0.051867 0.025480
vertex 0.054783 0.050951 0.025480
endloop
endfacet
facet normal 0.952370 0.288927 -0.097535
outer loop
vertex 0.072653 0.059383 0.045123
vertex 0.073097 0.059567 0.050000
vertex 0.074520 0.054877 0.050000
endloop
endfacet
facet normal 0.952378 0.288887 -0.097574
outer loop
vertex 0.072653 0.059383 0.045123
vertex 0.074520 0.054877 0.050000
vertex 0.074049 0.054783 0.045123
endloop
endfacet
facet normal 0.279050 0.084625 0.956541
outer loop
vertex 0.058839 0.053661 0.073097
vertex 0.054506 0.051867 0.074520
vertex 0.054783 0.050951 0.074520
endloop
endfacet
facet normal 0.279033 0.084655 0.956543
outer loop
vertex 0.058839 0.053661 0.073097
vertex 0.054783 0.050951 0.074520
vertex 0.059383 0.051867 0.073097
endloop
endfacet
facet normal 0.916099 0.277884 -0.289040
outer loop
vertex 0.071339 0.058839 0.040433
vertex 0.072653 0.059383 0.045123
vertex 0.074049 0.054783 0.045123
endloop
endfacet
facet normal 0.916098 0.277934 -0.288994
outer loop
vertex 0.071339 0.058839 0.040433
vertex 0.074049 0.054783 0.045123
vertex 0.072653 0.054506 0.040433
endloop
endfacet
facet normal 0.452781 0.137367 0.880977
outer loop
vertex 0.062832 0.055315 0.070787
vertex 0.058839 0.053661 0.073097
vertex 0.059383 0.051867 0.073097
endloop
endfacet
facet normal 0.452776 0.137371 0.880979
outer loop
vertex 0.062832 0.055315 0.070787
vertex 0.059383 0.051867 0.073097
vertex 0.063622 0.052710 0.070787
endloop
endfacet
facet normal 0.844855 0.256318 -0.469597
outer loop
vertex 0.069204 0.057955 0.036111
vertex 0.071339 0.058839 0.040433
vertex 0.072653 0.054506 0.040433
endloop
endfacet
facet normal 0.844848 0.256249 -0.469648
outer loop
vertex 0.069204 0.057955 0.036111
vertex 0.072653 0.054506 0.040433
vertex 0.070387 0.054055 0.036111
endloop
endfacet
facet normal 0.608811 0.184710 0.771512
outer loop
vertex 0.066332 0.056765 0.067678
vertex 0.062832 0.055315 0.070787
vertex 0.063622 0.052710 0.070787
endloop
endfacet
facet normal 0.608830 0.184690 0.771503
outer loop
vertex 0.066332 0.056765 0.067678
vertex 0.063622 0.052710 0.070787
vertex 0.067338 0.053449 0.067678
endloop
endfacet
facet normal 0.741167 0.224804 -0.632562
outer loop
vertex 0.066332 0.056765 0.032322
vertex 0.069204 0.057955 0.036111
vertex 0.070387 0.054055 0.036111
endloop
endfacet
facet normal 0.741173 0.224835 -0.632544
outer loop
vertex 0.066332 0.056765 0.032322
vertex 0.070387 0.054055 0.036111
vertex 0.067338 0.053449 0.032322
endloop
endfacet
facet normal 0.741157 0.224833 0.632564
outer loop
vertex 0.069204 0.057955 0.063889
vertex 0.066332 0.056765 0.067678
vertex 0.067338 0.053449 0.067678
endloop
endfacet
facet normal 0.741181 0.224805 0.632545
outer loop
vertex 0.069204 0.057955 0.063889
vertex 0.067338 0.053449 0.067678
vertex 0.070387 0.054055 0.063889
endloop
endfacet
facet normal 0.608820 0.184687 -0.771511
outer loop
vertex 0.062832 0.055315 0.029213
vertex 0.066332 0.056765 0.032322
vertex 0.067338 0.053449 0.032322
endloop
endfacet
facet normal 0.608826 0.184714 -0.771500
outer loop
vertex 0.062832 0.055315 0.029213
vertex 0.067338 0.053449 0.032322
vertex 0.063622 0.052710 0.029213
endloop
endfacet
facet normal 0.844875 0.256255 0.469595
outer loop
vertex 0.071339 0.058839 0.059567
vertex 0.069204 0.057955 0.063889
vertex 0.070387 0.054055 0.063889
endloop
endfacet
facet normal 0.844829 0.256314 0.469646
outer loop
vertex 0.071339 0.058839 0.059567
vertex 0.070387 0.054055 0.063889
vertex 0.072653 0.054506 0.059567
endloop
endfacet
facet normal 0.452779 0.137370 -0.880977
outer loop
vertex 0.058839 0.053661 0.026903
vertex 0.062832 0.055315 0.029213
vertex 0.063622 0.052710 0.029213
endloop
endfacet
facet normal 0.452781 0.137370 -0.880976
outer loop
vertex 0.058839 0.053661 0.026903
vertex 0.063622 0.052710 0.029213
vertex 0.059383 0.051867 0.026903
endloop
endfacet
facet normal 0.916084 0.277931 0.289041
outer loop
vertex 0.072653 0.059383 0.054877
vertex 0.071339 0.058839 0.059567
vertex 0.072653 0.054506 0.059567
endloop
endfacet
facet normal 0.916112 0.277887 0.288996
outer loop
vertex 0.072653 0.059383 0.054877
vertex 0.072653 0.054506 0.059567
vertex 0.074049 0.054783 0.054877
endloop
endfacet
facet normal 0.770792 0.075935 -0.632546
outer loop
vertex 0.067338 0.053449 0.032322
vertex 0.070387 0.054055 0.036111
vertex 0.070787 0.050000 0.036111
endloop
endfacet
facet normal 0.770793 0.075938 -0.632544
outer loop
vertex 0.067338 0.053449 0.032322
vertex 0.070787 0.050000 0.036111
vertex 0.067678 0.050000 0.032322
endloop
endfacet
facet normal 0.770792 0.075937 0.632546
outer loop
vertex 0.070387 0.054055 0.063889
vertex 0.067338 0.053449 0.067678
vertex 0.067678 0.050000 0.067678
endloop
endfacet
facet normal 0.770794 0.075935 0.632543
outer loop
vertex 0.070387 0.054055 0.063889
vertex 0.067678 0.050000 0.067678
vertex 0.070787 0.050000 0.063889
endloop
endfacet
facet normal 0.633161 0.062377 -0.771503
outer loop
vertex 0.063622 0.052710 0.029213
vertex 0.067338 0.053449 0.032322
vertex 0.067678 0.050000 0.032322
endloop
endfacet
facet normal 0.633142 0.062328 -0.771522
outer loop
vertex 0.063622 0.052710 0.029213
vertex 0.067678 0.050000 0.032322
vertex 0.063889 0.050000 0.029213
endloop
endfacet
facet normal 0.878601 0.086555 0.469648
outer loop
vertex 0.072653 0.054506 0.059567
vertex 0.070387 0.054055 0.063889
vertex 0.070787 0.050000 0.063889
endloop
endfacet
facet normal 0.878618 0.086523 0.469622
outer loop
vertex 0.072653 0.054506 0.059567
vertex 0.070787 0.050000 0.063889
vertex 0.073097 0.050000 0.059567
endloop
endfacet
facet normal 0.470884 0.046355 -0.880976
outer loop
vertex 0.059383 0.051867 0.026903
vertex 0.063622 0.052710 0.029213
vertex 0.063889 0.050000 0.029213
endloop
endfacet
facet normal 0.470883 0.046360 -0.880977
outer loop
vertex 0.059383 0.051867 0.026903
vertex 0.063889 0.050000 0.029213
vertex 0.059567 0.050000 0.026903
endloop
endfacet
facet normal 0.952721 0.093822 0.288998
outer loop
vertex 0.074049 0.054783 0.054877
vertex 0.072653 0.054506 0.059567
vertex 0.073097 0.050000 0.059567
endloop
endfacet
facet normal 0.952708 0.093856 0.289029
outer loop
vertex 0.074049 0.054783 0.054877
vertex 0.073097 0.050000 0.059567
vertex 0.074520 0.050000 0.054877
endloop
endfacet
facet normal 0.290185 0.028570 -0.956544
outer loop
vertex 0.054783 0.050951 0.025480
vertex 0.059383 0.051867 0.026903
vertex 0.059567 0.050000 0.026903
endloop
endfacet
facet normal 0.290190 0.028595 -0.956542
outer loop
vertex 0.054783 0.050951 0.025480
vertex 0.059567 0.050000 0.026903
vertex 0.054877 0.050000 0.025480
endloop
endfacet
facet normal 0.990434 0.097575 0.097573
outer loop
vertex 0.074520 0.054877 0.050000
vertex 0.074049 0.054783 0.054877
vertex 0.074520 0.050000 0.054877
endloop
endfacet
facet normal 0.990443 0.097525 0.097526
outer loop
vertex 0.074520 0.054877 0.050000
vertex 0.074520 0.050000 0.054877
vertex 0.075000 0.050000 0.050000
endloop
endfacet
facet normal 0.097989 0.009656 0.995141
outer loop
vertex 0.054783 0.050951 0.074520
vertex 0.050000 0.050000 0.075000
vertex 0.054877 0.050000 0.074520
endloop
endfacet
facet normal 0.097988 0.009656 -0.995141
outer loop
vertex 0.050000 0.050000 0.025000
vertex 0.054783 0.050951 0.025480
vertex 0.054877 0.050000 0.025480
endloop
endfacet
facet normal 0.990438 0.097527 -0.097573
outer loop
vertex 0.074049 0.054783 0.045123
vertex 0.074520 0.054877 0.050000
vertex 0.075000 0.050000 0.050000
endloop
endfacet
facet normal 0.990438 0.097573 -0.097526
outer loop
vertex 0.074049 0.054783 0.045123
vertex 0.075000 0.050000 0.050000
vertex 0.074520 0.050000 0.045123
endloop
endfacet
facet normal 0.290180 0.028594 0.956545
outer loop
vertex 0.059383 0.051867 0.073097
vertex 0.054783 0.050951 0.074520
vertex 0.054877 0.050000 0.074520
endloop
endfacet
facet normal 0.290195 0.028571 0.956541
outer loop
vertex 0.059383 0.051867 0.073097
vertex 0.054877 0.050000 0.074520
vertex 0.059567 0.050000 0.073097
endloop
endfacet
facet normal 0.952718 0.093857 -0.288998
outer loop
vertex 0.072653 0.054506 0.040433
vertex 0.074049 0.054783 0.045123
vertex 0.074520 0.050000 0.045123
endloop
endfacet
facet normal 0.952711 0.093821 -0.289031
outer loop
vertex 0.072653 0.054506 0.040433
vertex 0.074520 0.050000 0.045123
vertex 0.073097 0.050000 0.040433
endloop
endfacet
facet normal 0.470882 0.046360 0.880977
outer loop
vertex 0.063622 0.052710 0.070787
vertex 0.059383 0.051867 0.073097
vertex 0.059567 0.050000 0.073097
endloop
endfacet
facet normal 0.470883 0.046355 0.880977
outer loop
vertex 0.063622 0.052710 0.070787
vertex 0.059567 0.050000 0.073097
vertex 0.063889 0.050000 0.070787
endloop
endfacet
facet normal 0.878605 0.086525 -0.469645
outer loop
vertex 0.070387 0.054055 0.036111
vertex 0.072653 0.054506 0.040433
vertex 0.073097 0.050000 0.040433
endloop
endfacet
facet normal 0.878615 0.086556 -0.469621
outer loop
vertex 0.070387 0.054055 0.036111
vertex 0.073097 0.050000 0.040433
vertex 0.070787 0.050000 0.036111
endloop
endfacet
facet normal 0.633166 0.062333 0.771502
outer loop
vertex 0.067338 0.053449 0.067678
vertex 0.063622 0.052710 0.070787
vertex 0.063889 0.050000 0.070787
endloop
endfacet
facet normal 0.633141 0.062376 0.771519
outer loop
vertex 0.067338 0.053449 0.067678
vertex 0.063889 0.050000 0.070787
vertex 0.067678 0.050000 0.067678
endloop
endfacet
facet normal 0.097989 -0.009656 0.995141
outer loop
vertex 0.054877 0.050000 0.074520
vertex 0.050000 0.050000 0.075000
vertex 0.054783 0.049048 0.074520
endloop
endfacet
facet normal 0.097989 -0.009656 -0.995141
outer loop
vertex 0.050000 0.050000 0.025000
vertex 0.054877 0.050000 0.025480
vertex 0.054783 0.049048 0.025480
endloop
endfacet
facet normal 0.990443 -0.097528 -0.097526
outer loop
vertex 0.074520 0.050000 0.045123
vertex 0.075000 0.050000 0.050000
vertex 0.074520 0.045123 0.050000
endloop
endfacet
facet normal 0.990434 -0.097573 -0.097573
outer loop
vertex 0.074520 0.050000 0.045123
vertex 0.074520 0.045123 0.050000
vertex 0.074049 0.045216 0.045123
endloop
endfacet
facet normal 0.290191 -0.028595 0.956541
outer loop
vertex 0.059567 0.050000 0.073097
vertex 0.054877 0.050000 0.074520
vertex 0.054783 0.049048 0.074520
endloop
endfacet
facet normal 0.290187 -0.028570 0.956543
outer loop
vertex 0.059567 0.050000 0.073097
vertex 0.054783 0.049048 0.074520
vertex 0.059383 0.048133 0.073097
endloop
endfacet
facet normal 0.952708 -0.093856 -0.289029
outer loop
vertex 0.073097 0.050000 0.040433
vertex 0.074520 0.050000 0.045123
vertex 0.074049 0.045216 0.045123
endloop
endfacet
facet normal 0.952721 -0.093822 -0.288997
outer loop
vertex 0.073097 0.050000 0.040433
vertex 0.074049 0.045216 0.045123
vertex 0.072653 0.045494 0.040433
endloop
endfacet
facet normal 0.470885 -0.046360 0.880976
outer loop
vertex 0.063889 0.050000 0.070787
vertex 0.059567 0.050000 0.073097
vertex 0.059383 0.048133 0.073097
endloop
endfacet
facet normal 0.470881 -0.046355 0.880978
outer loop
vertex 0.063889 0.050000 0.070787
vertex 0.059383 0.048133 0.073097
vertex 0.063622 0.047290 0.070787
endloop
endfacet
facet normal 0.878617 -0.086526 -0.469622
outer loop
vertex 0.070787 0.050000 0.036111
vertex 0.073097 0.050000 0.040433
vertex 0.072653 0.045494 0.040433
endloop
endfacet
facet normal 0.878602 -0.086554 -0.469646
outer loop
vertex 0.070787 0.050000 0.036111
vertex 0.072653 0.045494 0.040433
vertex 0.070387 0.045945 0.036111
endloop
endfacet
facet normal 0.633141 -0.062331 0.771523
outer loop
vertex 0.067678 0.050000 0.067678
vertex 0.063889 0.050000 0.070787
vertex 0.063622 0.047290 0.070787
endloop
endfacet
facet normal 0.633159 -0.062378 0.771504
outer loop
vertex 0.067678 0.050000 0.067678
vertex 0.063622 0.047290 0.070787
vertex 0.067338 0.046551 0.067678
endloop
endfacet
facet normal 0.770792 -0.075935 -0.632545
outer loop
vertex 0.067678 0.050000 0.032322
vertex 0.070787 0.050000 0.036111
vertex 0.070387 0.045945 0.036111
endloop
endfacet
facet normal 0.770792 -0.075938 -0.632545
outer loop
vertex 0.067678 0.050000 0.032322
vertex 0.070387 0.045945 0.036111
vertex 0.067338 0.046551 0.032322
endloop
endfacet
facet normal 0.770793 -0.075938 0.632544
outer loop
vertex 0.070787 0.050000 0.063889
vertex 0.067678 0.050000 0.067678
vertex 0.067338 0.046551 0.067678
endloop
endfacet
facet normal 0.770793 -0.075935 0.632544
outer loop
vertex 0.070787 0.050000 0.063889
vertex 0.067338 0.046551 0.067678
vertex 0.070387 0.045945 0.063889
endloop
endfacet
facet normal 0.633141 -0.062376 -0.771519
outer loop
vertex 0.063889 0.050000 0.029213
vertex 0.067678 0.050000 0.032322
vertex 0.067338 0.046551 0.032322
endloop
endfacet
facet normal 0.633167 -0.062331 -0.771502
outer loop
vertex 0.063889 0.050000 0.029213
vertex 0.067338 0.046551 0.032322
vertex 0.063622 0.047290 0.029213
endloop
endfacet
facet normal 0.878615 -0.086556 0.469620
outer loop
vertex 0.073097 0.050000 0.059567
vertex 0.070787 0.050000 0.063889
vertex 0.070387 0.045945 0.063889
endloop
endfacet
facet normal 0.878605 -0.086522 0.469646
outer loop
vertex 0.073097 0.050000 0.059567
vertex 0.070387 0.045945 0.063889
vertex 0.072653 0.045494 0.059567
endloop
endfacet
facet normal 0.470885 -0.046355 -0.880976
outer loop
vertex 0.059567 0.050000 0.026903
vertex 0.063889 0.050000 0.029213
vertex 0.063622 0.047290 0.029213
endloop
endfacet
facet normal 0.470883 -0.046360 -0.880977
outer loop
vertex 0.059567 0.050000 0.026903
vertex 0.063622 0.047290 0.029213
vertex 0.059383 0.048133 0.026903
endloop
endfacet
facet normal 0.952711 -0.093821 0.289031
outer loop
vertex 0.074520 0.050000 0.054877
vertex 0.073097 0.050000 0.059567
vertex 0.072653 0.045494 0.059567
endloop
endfacet
facet normal 0.952718 -0.093857 0.288998
outer loop
vertex 0.074520 0.050000 0.054877
vertex 0.072653 0.045494 0.059567
vertex 0.074049 0.045216 0.054877
endloop
endfacet
facet normal 0.290190 -0.028571 -0.956543
outer loop
vertex 0.054877 0.050000 0.025480
vertex 0.059567 0.050000 0.026903
vertex 0.059383 0.048133 0.026903
endloop
endfacet
facet normal 0.290180 -0.028594 -0.956545
outer loop
vertex 0.054877 0.050000 0.025480
vertex 0.059383 0.048133 0.026903
vertex 0.054783 0.049048 0.025480
endloop
endfacet
facet normal 0.990438 -0.097573 0.097526
outer loop
vertex 0.075000 0.050000 0.050000
vertex 0.074520 0.050000 0.054877
vertex 0.074049 0.045216 0.054877
endloop
endfacet
facet normal 0.990438 -0.097527 0.097572
outer loop
vertex 0.075000 0.050000 0.050000
vertex 0.074049 0.045216 0.054877
vertex 0.074520 0.045123 0.050000
endloop
endfacet
facet normal 0.741174 -0.224837 0.632542
outer loop
vertex 0.070387 0.045945 0.063889
vertex 0.067338 0.046551 0.067678
vertex 0.066332 0.043235 0.067678
endloop
endfacet
facet normal 0.741168 -0.224801 0.632562
outer loop
vertex 0.070387 0.045945 0.063889
vertex 0.066332 0.043235 0.067678
vertex 0.069204 0.042045 0.063889
endloop
endfacet
facet normal 0.608831 -0.184691 -0.771501
outer loop
vertex 0.063622 0.047290 0.029213
vertex 0.067338 0.046551 0.032322
vertex 0.066332 0.043235 0.032322
endloop
endfacet
facet normal 0.608814 -0.184708 -0.771511
outer loop
vertex 0.063622 0.047290 0.029213
vertex 0.066332 0.043235 0.032322
vertex 0.062832 0.044685 0.029213
endloop
endfacet
facet normal 0.844847 -0.256249 0.469648
outer loop
vertex 0.072653 0.045494 0.059567
vertex 0.070387 0.045945 0.063889
vertex 0.069204 0.042045 0.063889
endloop
endfacet
facet normal 0.844854 -0.256318 0.469598
outer loop
vertex 0.072653 0.045494 0.059567
vertex 0.069204 0.042045 0.063889
vertex 0.071339 0.041161 0.059567
endloop
endfacet
facet normal 0.452780 -0.137370 -0.880977
outer loop
vertex 0.059383 0.048133 0.026903
vertex 0.063622 0.047290 0.029213
vertex 0.062832 0.044685 0.029213
endloop
endfacet
facet normal 0.452781 -0.137369 -0.880977
outer loop
vertex 0.059383 0.048133 0.026903
vertex 0.062832 0.044685 0.029213
vertex 0.058839 0.046339 0.026903
endloop
endfacet
facet normal 0.916098 -0.277934 0.288995
outer loop
vertex 0.074049 0.045216 0.054877
vertex 0.072653 0.045494 0.059567
vertex 0.071339 0.041161 0.059567
endloop
endfacet
facet normal 0.916099 -0.277883 0.289039
outer loop
vertex 0.074049 0.045216 0.054877
vertex 0.071339 0.041161 0.059567
vertex 0.072653 0.040617 0.054877
endloop
endfacet
facet normal 0.279029 -0.084653 -0.956544
outer loop
vertex 0.054783 0.049048 0.025480
vertex 0.059383 0.048133 0.026903
vertex 0.058839 0.046339 0.026903
endloop
endfacet
facet normal 0.279046 -0.084625 -0.956542
outer loop
vertex 0.054783 0.049048 0.025480
vertex 0.058839 0.046339 0.026903
vertex 0.054506 0.048133 0.025480
endloop
endfacet
facet normal 0.952378 -0.288888 0.097573
outer loop
vertex 0.074520 0.045123 0.050000
vertex 0.074049 0.045216 0.054877
vertex 0.072653 0.040617 0.054877
endloop
endfacet
facet normal 0.952370 -0.288927 0.097534
outer loop
vertex 0.074520 0.045123 0.050000
vertex 0.072653 0.040617 0.054877
vertex 0.073097 0.040433 0.050000
endloop
endfacet
facet normal 0.094228 -0.028575 0.995140
outer loop
vertex 0.054783 0.049048 0.074520
vertex 0.050000 0.050000 0.075000
vertex 0.054506 0.048133 0.074520
endloop
endfacet
facet normal 0.094225 -0.028575 -0.995141
outer loop
vertex 0.050000 0.050000 0.025000
vertex 0.054783 0.049048 0.025480
vertex 0.054506 0.048133 0.025480
endloop
endfacet
facet normal 0.952366 -0.288926 -0.097573
outer loop
vertex 0.074049 0.045216 0.045123
vertex 0.074520 0.045123 0.050000
vertex 0.073097 0.040433 0.050000
endloop
endfacet
facet normal 0.952381 -0.288889 -0.097534
outer loop
vertex 0.074049 0.045216 0.045123
vertex 0.073097 0.040433 0.050000
vertex 0.072653 0.040617 0.045123
endloop
endfacet
facet normal 0.279040 -0.084622 0.956544
outer loop
vertex 0.059383 0.048133 0.073097
vertex 0.054783 0.049048 0.074520
vertex 0.054506 0.048133 0.074520
endloop
endfacet
facet normal 0.279038 -0.084656 0.956541
outer loop
vertex 0.059383 0.048133 0.073097
vertex 0.054506 0.048133 0.074520
vertex 0.058839 0.046339 0.073097
endloop
endfacet
facet normal 0.916111 -0.277888 -0.288997
outer loop
vertex 0.072653 0.045494 0.040433
vertex 0.074049 0.045216 0.045123
vertex 0.072653 0.040617 0.045123
endloop
endfacet
facet normal 0.916084 -0.277929 -0.289041
outer loop
vertex 0.072653 0.045494 0.040433
vertex 0.072653 0.040617 0.045123
vertex 0.071339 0.041161 0.040433
endloop
endfacet
facet normal 0.452778 -0.137366 0.880978
outer loop
vertex 0.063622 0.047290 0.070787
vertex 0.059383 0.048133 0.073097
vertex 0.058839 0.046339 0.073097
endloop
endfacet
facet normal 0.452779 -0.137370 0.880977
outer loop
vertex 0.063622 0.047290 0.070787
vertex 0.058839 0.046339 0.073097
vertex 0.062832 0.044685 0.070787
endloop
endfacet
facet normal 0.844831 -0.256310 -0.469644
outer loop
vertex 0.070387 0.045945 0.036111
vertex 0.072653 0.045494 0.040433
vertex 0.071339 0.041161 0.040433
endloop
endfacet
facet normal 0.844875 -0.256257 -0.469594
outer loop
vertex 0.070387 0.045945 0.036111
vertex 0.071339 0.041161 0.040433
vertex 0.069204 0.042045 0.036111
endloop
endfacet
facet normal 0.608825 -0.184712 0.771501
outer loop
vertex 0.067338 0.046551 0.067678
vertex 0.063622 0.047290 0.070787
vertex 0.062832 0.044685 0.070787
endloop
endfacet
facet normal 0.608820 -0.184688 0.771510
outer loop
vertex 0.067338 0.046551 0.067678
vertex 0.062832 0.044685 0.070787
vertex 0.066332 0.043235 0.067678
endloop
endfacet
facet normal 0.741181 -0.224806 -0.632545
outer loop
vertex 0.067338 0.046551 0.032322
vertex 0.070387 0.045945 0.036111
vertex 0.069204 0.042045 0.036111
endloop
endfacet
facet normal 0.741157 -0.224832 -0.632564
outer loop
vertex 0.067338 0.046551 0.032322
vertex 0.069204 0.042045 0.036111
vertex 0.066332 0.043235 0.032322
endloop
endfacet
facet normal 0.877721 -0.469141 -0.097532
outer loop
vertex 0.072653 0.040617 0.045123
vertex 0.073097 0.040433 0.050000
vertex 0.070787 0.036111 0.050000
endloop
endfacet
facet normal 0.877708 -0.469161 -0.097554
outer loop
vertex 0.072653 0.040617 0.045123
vertex 0.070787 0.036111 0.050000
vertex 0.070387 0.036377 0.045123
endloop
endfacet
facet normal 0.257162 -0.137468 0.956541
outer loop
vertex 0.058839 0.046339 0.073097
vertex 0.054506 0.048133 0.074520
vertex 0.054055 0.047290 0.074520
endloop
endfacet
facet normal 0.257166 -0.137444 0.956543
outer loop
vertex 0.058839 0.046339 0.073097
vertex 0.054055 0.047290 0.074520
vertex 0.057955 0.044685 0.073097
endloop
endfacet
facet normal 0.844273 -0.451287 -0.289040
outer loop
vertex 0.071339 0.041161 0.040433
vertex 0.072653 0.040617 0.045123
vertex 0.070387 0.036377 0.045123
endloop
endfacet
facet normal 0.844307 -0.451252 -0.288996
outer loop
vertex 0.071339 0.041161 0.040433
vertex 0.070387 0.036377 0.045123
vertex 0.069204 0.037168 0.040433
endloop
endfacet
facet normal 0.417299 -0.223029 0.880977
outer loop
vertex 0.062832 0.044685 0.070787
vertex 0.058839 0.046339 0.073097
vertex 0.057955 0.044685 0.073097
endloop
endfacet
facet normal 0.417298 -0.223050 0.880972
outer loop
vertex 0.062832 0.044685 0.070787
vertex 0.057955 0.044685 0.073097
vertex 0.061549 0.042283 0.070787
endloop
endfacet
facet normal 0.778647 -0.416160 -0.469595
outer loop
vertex 0.069204 0.042045 0.036111
vertex 0.071339 0.041161 0.040433
vertex 0.069204 0.037168 0.040433
endloop
endfacet
facet normal 0.778605 -0.416193 -0.469635
outer loop
vertex 0.069204 0.042045 0.036111
vertex 0.069204 0.037168 0.040433
vertex 0.067283 0.038452 0.036111
endloop
endfacet
facet normal 0.561092 -0.299910 0.771512
outer loop
vertex 0.066332 0.043235 0.067678
vertex 0.062832 0.044685 0.070787
vertex 0.061549 0.042283 0.070787
endloop
endfacet
facet normal 0.561093 -0.299892 0.771518
outer loop
vertex 0.066332 0.043235 0.067678
vertex 0.061549 0.042283 0.070787
vertex 0.064699 0.040179 0.067678
endloop
endfacet
facet normal 0.683050 -0.365115 -0.632561
outer loop
vertex 0.066332 0.043235 0.032322
vertex 0.069204 0.042045 0.036111
vertex 0.067283 0.038452 0.036111
endloop
endfacet
facet normal 0.683083 -0.365094 -0.632538
outer loop
vertex 0.066332 0.043235 0.032322
vertex 0.067283 0.038452 0.036111
vertex 0.064699 0.040179 0.032322
endloop
endfacet
facet normal 0.683066 -0.365084 0.632561
outer loop
vertex 0.069204 0.042045 0.063889
vertex 0.066332 0.043235 0.067678
vertex 0.064699 0.040179 0.067678
endloop
endfacet
facet normal 0.683065 -0.365124 0.632540
outer loop
vertex 0.069204 0.042045 0.063889
vertex 0.064699 0.040179 0.067678
vertex 0.067283 0.038452 0.063889
endloop
endfacet
facet normal 0.561100 -0.299897 -0.771511
outer loop
vertex 0.062832 0.044685 0.029213
vertex 0.066332 0.043235 0.032322
vertex 0.064699 0.040179 0.032322
endloop
endfacet
facet normal 0.561084 -0.299907 -0.771518
outer loop
vertex 0.062832 0.044685 0.029213
vertex 0.064699 0.040179 0.032322
vertex 0.061549 0.042283 0.029213
endloop
endfacet
facet normal 0.778624 -0.416205 0.469594
outer loop
vertex 0.071339 0.041161 0.059567
vertex 0.069204 0.042045 0.063889
vertex 0.067283 0.038452 0.063889
endloop
endfacet
facet normal 0.778629 -0.416149 0.469635
outer loop
vertex 0.071339 0.041161 0.059567
vertex 0.067283 0.038452 0.063889
vertex 0.069204 0.037168 0.059567
endloop
endfacet
facet normal 0.417293 -0.223047 -0.880975
outer loop
vertex 0.058839 0.046339 0.026903
vertex 0.062832 0.044685 0.029213
vertex 0.061549 0.042283 0.029213
endloop
endfacet
facet normal 0.417308 -0.223036 -0.880970
outer loop
vertex 0.058839 0.046339 0.026903
vertex 0.061549 0.042283 0.029213
vertex 0.057955 0.044685 0.026903
endloop
endfacet
facet normal 0.844295 -0.451245 0.289040
outer loop
vertex 0.072653 0.040617 0.054877
vertex 0.071339 0.041161 0.059567
vertex 0.069204 0.037168 0.059567
endloop
endfacet
facet normal 0.844284 -0.451293 0.288997
outer loop
vertex 0.072653 0.040617 0.054877
vertex 0.069204 0.037168 0.059567
vertex 0.070387 0.036377 0.054877
endloop
endfacet
facet normal 0.257167 -0.137446 -0.956543
outer loop
vertex 0.054506 0.048133 0.025480
vertex 0.058839 0.046339 0.026903
vertex 0.057955 0.044685 0.026903
endloop
endfacet
facet normal 0.257153 -0.137461 -0.956544
outer loop
vertex 0.054506 0.048133 0.025480
vertex 0.057955 0.044685 0.026903
vertex 0.054055 0.047290 0.025480
endloop
endfacet
facet normal 0.877710 -0.469162 0.097531
outer loop
vertex 0.073097 0.040433 0.050000
vertex 0.072653 0.040617 0.054877
vertex 0.070387 0.036377 0.054877
endloop
endfacet
facet normal 0.877719 -0.469141 0.097554
outer loop
vertex 0.073097 0.040433 0.050000
vertex 0.070387 0.036377 0.054877
vertex 0.070787 0.036111 0.050000
endloop
endfacet
facet normal 0.086836 -0.046418 0.995141
outer loop
vertex 0.054506 0.048133 0.074520
vertex 0.050000 0.050000 0.075000
vertex 0.054055 0.047290 0.074520
endloop
endfacet
facet normal 0.086836 -0.046418 -0.995141
outer loop
vertex 0.050000 0.050000 0.025000
vertex 0.054506 0.048133 0.025480
vertex 0.054055 0.047290 0.025480
endloop
endfacet
facet normal 0.491787 -0.403617 -0.771517
outer loop
vertex 0.061549 0.042283 0.029213
vertex 0.064699 0.040179 0.032322
vertex 0.062500 0.037500 0.032322
endloop
endfacet
facet normal 0.491816 -0.403605 -0.771505
outer loop
vertex 0.061549 0.042283 0.029213
vertex 0.062500 0.037500 0.032322
vertex 0.059821 0.040179 0.029213
endloop
endfacet
facet normal 0.682476 -0.560062 0.469636
outer loop
vertex 0.069204 0.037168 0.059567
vertex 0.067283 0.038452 0.063889
vertex 0.064699 0.035301 0.063889
endloop
endfacet
facet normal 0.682462 -0.560108 0.469601
outer loop
vertex 0.069204 0.037168 0.059567
vertex 0.064699 0.035301 0.063889
vertex 0.066332 0.033668 0.059567
endloop
endfacet
facet normal 0.365771 -0.300168 -0.880971
outer loop
vertex 0.057955 0.044685 0.026903
vertex 0.061549 0.042283 0.029213
vertex 0.059821 0.040179 0.029213
endloop
endfacet
facet normal 0.365765 -0.300170 -0.880973
outer loop
vertex 0.057955 0.044685 0.026903
vertex 0.059821 0.040179 0.029213
vertex 0.056765 0.043235 0.026903
endloop
endfacet
facet normal 0.740012 -0.607338 0.289003
outer loop
vertex 0.070387 0.036377 0.054877
vertex 0.069204 0.037168 0.059567
vertex 0.066332 0.033668 0.059567
endloop
endfacet
facet normal 0.740018 -0.607324 0.289017
outer loop
vertex 0.070387 0.036377 0.054877
vertex 0.066332 0.033668 0.059567
vertex 0.067338 0.032662 0.054877
endloop
endfacet
facet normal 0.225401 -0.184980 -0.956544
outer loop
vertex 0.054055 0.047290 0.025480
vertex 0.057955 0.044685 0.026903
vertex 0.056765 0.043235 0.026903
endloop
endfacet
facet normal 0.225399 -0.184982 -0.956544
outer loop
vertex 0.054055 0.047290 0.025480
vertex 0.056765 0.043235 0.026903
vertex 0.053449 0.046551 0.025480
endloop
endfacet
facet normal 0.769321 -0.631371 0.097548
outer loop
vertex 0.070787 0.036111 0.050000
vertex 0.070387 0.036377 0.054877
vertex 0.067338 0.032662 0.054877
endloop
endfacet
facet normal 0.769337 -0.631348 0.097573
outer loop
vertex 0.070787 0.036111 0.050000
vertex 0.067338 0.032662 0.054877
vertex 0.067678 0.032322 0.050000
endloop
endfacet
facet normal 0.076122 -0.062465 0.995140
outer loop
vertex 0.054055 0.047290 0.074520
vertex 0.050000 0.050000 0.075000
vertex 0.053449 0.046551 0.074520
endloop
endfacet
facet normal 0.076112 -0.062465 -0.995141
outer loop
vertex 0.050000 0.050000 0.025000
vertex 0.054055 0.047290 0.025480
vertex 0.053449 0.046551 0.025480
endloop
endfacet
facet normal 0.769338 -0.631351 -0.097548
outer loop
vertex 0.070387 0.036377 0.045123
vertex 0.070787 0.036111 0.050000
vertex 0.067678 0.032322 0.050000
endloop
endfacet
facet normal 0.769320 -0.631368 -0.097573
outer loop
vertex 0.070387 0.036377 0.045123
vertex 0.067678 0.032322 0.050000
vertex 0.067338 0.032662 0.045123
endloop
endfacet
facet normal 0.225404 -0.184986 0.956542
outer loop
vertex 0.057955 0.044685 0.073097
vertex 0.054055 0.047290 0.074520
vertex 0.053449 0.046551 0.074520
endloop
endfacet
facet normal 0.225404 -0.184980 0.956544
outer loop
vertex 0.057955 0.044685 0.073097
vertex 0.053449 0.046551 0.074520
vertex 0.056765 0.043235 0.073097
endloop
endfacet
facet normal 0.740022 -0.607326 -0.289003
outer loop
vertex 0.069204 0.037168 0.040433
vertex 0.070387 0.036377 0.045123
vertex 0.067338 0.032662 0.045123
endloop
endfacet
facet normal 0.740009 -0.607334 -0.289018
outer loop
vertex 0.069204 0.037168 0.040433
vertex 0.067338 0.032662 0.045123
vertex 0.066332 0.033668 0.040433
endloop
endfacet
facet normal 0.365766 -0.300171 0.880973
outer loop
vertex 0.061549 0.042283 0.070787
vertex 0.057955 0.044685 0.073097
vertex 0.056765 0.043235 0.073097
endloop
endfacet
facet normal 0.365768 -0.300167 0.880973
outer loop
vertex 0.061549 0.042283 0.070787
vertex 0.056765 0.043235 0.073097
vertex 0.059821 0.040179 0.070787
endloop
endfacet
facet normal 0.682450 -0.560095 -0.469633
outer loop
vertex 0.067283 0.038452 0.036111
vertex 0.069204 0.037168 0.040433
vertex 0.066332 0.033668 0.040433
endloop
endfacet
facet normal 0.682490 -0.560075 -0.469599
outer loop
vertex 0.067283 0.038452 0.036111
vertex 0.066332 0.033668 0.040433
vertex 0.064699 0.035301 0.036111
endloop
endfacet
facet normal 0.491802 -0.403595 0.771519
outer loop
vertex 0.064699 0.040179 0.067678
vertex 0.061549 0.042283 0.070787
vertex 0.059821 0.040179 0.070787
endloop
endfacet
facet normal 0.491795 -0.403626 0.771507
outer loop
vertex 0.064699 0.040179 0.067678
vertex 0.059821 0.040179 0.070787
vertex 0.062500 0.037500 0.067678
endloop
endfacet
facet normal 0.598731 -0.491337 -0.632542
outer loop
vertex 0.064699 0.040179 0.032322
vertex 0.067283 0.038452 0.036111
vertex 0.064699 0.035301 0.036111
endloop
endfacet
facet normal 0.598691 -0.491357 -0.632564
outer loop
vertex 0.064699 0.040179 0.032322
vertex 0.064699 0.035301 0.036111
vertex 0.062500 0.037500 0.032322
endloop
endfacet
facet normal 0.598706 -0.491371 0.632538
outer loop
vertex 0.067283 0.038452 0.063889
vertex 0.064699 0.040179 0.067678
vertex 0.062500 0.037500 0.067678
endloop
endfacet
facet normal 0.598717 -0.491327 0.632563
outer loop
vertex 0.067283 0.038452 0.063889
vertex 0.062500 0.037500 0.067678
vertex 0.064699 0.035301 0.063889
endloop
endfacet
facet normal 0.184985 -0.225400 0.956544
outer loop
vertex 0.056765 0.043235 0.073097
vertex 0.053449 0.046551 0.074520
vertex 0.052710 0.045945 0.074520
endloop
endfacet
facet normal 0.184981 -0.225405 0.956543
outer loop
vertex 0.056765 0.043235 0.073097
vertex 0.052710 0.045945 0.074520
vertex 0.055315 0.042045 0.073097
endloop
endfacet
facet normal 0.607322 -0.740020 -0.289018
outer loop
vertex 0.066332 0.033668 0.040433
vertex 0.067338 0.032662 0.045123
vertex 0.063622 0.029613 0.045123
endloop
endfacet
facet normal 0.607338 -0.740013 -0.289001
outer loop
vertex 0.066332 0.033668 0.040433
vertex 0.063622 0.029613 0.045123
vertex 0.062832 0.030795 0.040433
endloop
endfacet
facet normal 0.300168 -0.365765 0.880974
outer loop
vertex 0.059821 0.040179 0.070787
vertex 0.056765 0.043235 0.073097
vertex 0.055315 0.042045 0.073097
endloop
endfacet
facet normal 0.300167 -0.365771 0.880972
outer loop
vertex 0.059821 0.040179 0.070787
vertex 0.055315 0.042045 0.073097
vertex 0.057717 0.038452 0.070787
endloop
endfacet
facet normal 0.560106 -0.682463 -0.469602
outer loop
vertex 0.064699 0.035301 0.036111
vertex 0.066332 0.033668 0.040433
vertex 0.062832 0.030795 0.040433
endloop
endfacet
facet normal 0.560065 -0.682474 -0.469634
outer loop
vertex 0.064699 0.035301 0.036111
vertex 0.062832 0.030795 0.040433
vertex 0.061549 0.032716 0.036111
endloop
endfacet
facet normal 0.403605 -0.491814 0.771506
outer loop
vertex 0.062500 0.037500 0.067678
vertex 0.059821 0.040179 0.070787
vertex 0.057717 0.038452 0.070787
endloop
endfacet
facet normal 0.403617 -0.491788 0.771517
outer loop
vertex 0.062500 0.037500 0.067678
vertex 0.057717 0.038452 0.070787
vertex 0.059821 0.035301 0.067678
endloop
endfacet
facet normal 0.491327 -0.598716 -0.632563
outer loop
vertex 0.062500 0.037500 0.032322
vertex 0.064699 0.035301 0.036111
vertex 0.061549 0.032716 0.036111
endloop
endfacet
facet normal 0.491368 -0.598707 -0.632540
outer loop
vertex 0.062500 0.037500 0.032322
vertex 0.061549 0.032716 0.036111
vertex 0.059821 0.035301 0.032322
endloop
endfacet
facet normal 0.491357 -0.598691 0.632564
outer loop
vertex 0.064699 0.035301 0.063889
vertex 0.062500 0.037500 0.067678
vertex 0.059821 0.035301 0.067678
endloop
endfacet
facet normal 0.491339 -0.598730 0.632541
outer loop
vertex 0.064699 0.035301 0.063889
vertex 0.059821 0.035301 0.067678
vertex 0.061549 0.032716 0.063889
endloop
endfacet
facet normal 0.403626 -0.491797 -0.771506
outer loop
vertex 0.059821 0.040179 0.029213
vertex 0.062500 0.037500 0.032322
vertex 0.059821 0.035301 0.032322
endloop
endfacet
facet normal 0.403595 -0.491805 -0.771517
outer loop
vertex 0.059821 0.040179 0.029213
vertex 0.059821 0.035301 0.032322
vertex 0.057717 0.038452 0.029213
endloop
endfacet
facet normal 0.560075 -0.682489 0.469601
outer loop
vertex 0.066332 0.033668 0.059567
vertex 0.064699 0.035301 0.063889
vertex 0.061549 0.032716 0.063889
endloop
endfacet
facet normal 0.560097 -0.682449 0.469633
outer loop
vertex 0.066332 0.033668 0.059567
vertex 0.061549 0.032716 0.063889
vertex 0.062832 0.030795 0.059567
endloop
endfacet
facet normal 0.300167 -0.365769 -0.880973
outer loop
vertex 0.056765 0.043235 0.026903
vertex 0.059821 0.040179 0.029213
vertex 0.057717 0.038452 0.029213
endloop
endfacet
facet normal 0.300170 -0.365770 -0.880971
outer loop
vertex 0.056765 0.043235 0.026903
vertex 0.057717 0.038452 0.029213
vertex 0.055315 0.042045 0.026903
endloop
endfacet
facet normal 0.607336 -0.740008 0.289018
outer loop
vertex 0.067338 0.032662 0.054877
vertex 0.066332 0.033668 0.059567
vertex 0.062832 0.030795 0.059567
endloop
endfacet
facet normal 0.607324 -0.740024 0.289001
outer loop
vertex 0.067338 0.032662 0.054877
vertex 0.062832 0.030795 0.059567
vertex 0.063622 0.029613 0.054877
endloop
endfacet
facet normal 0.184978 -0.225401 -0.956544
outer loop
vertex 0.053449 0.046551 0.025480
vertex 0.056765 0.043235 0.026903
vertex 0.055315 0.042045 0.026903
endloop
endfacet
facet normal 0.184981 -0.225401 -0.956544
outer loop
vertex 0.053449 0.046551 0.025480
vertex 0.055315 0.042045 0.026903
vertex 0.052710 0.045945 0.025480
endloop
endfacet
facet normal 0.631368 -0.769321 0.097574
outer loop
vertex 0.067678 0.032322 0.050000
vertex 0.067338 0.032662 0.054877
vertex 0.063622 0.029613 0.054877
endloop
endfacet
facet normal 0.631351 -0.769338 0.097549
outer loop
vertex 0.067678 0.032322 0.050000
vertex 0.063622 0.029613 0.054877
vertex 0.063889 0.029213 0.050000
endloop
endfacet
facet normal 0.062452 -0.076113 0.995142
outer loop
vertex 0.053449 0.046551 0.074520
vertex 0.050000 0.050000 0.075000
vertex 0.052710 0.045945 0.074520
endloop
endfacet
facet normal 0.062464 -0.076113 -0.995141
outer loop
vertex 0.050000 0.050000 0.025000
vertex 0.053449 0.046551 0.025480
vertex 0.052710 0.045945 0.025480
endloop
endfacet
facet normal 0.631348 -0.769337 -0.097573
outer loop
vertex 0.067338 0.032662 0.045123
vertex 0.067678 0.032322 0.050000
vertex 0.063889 0.029213 0.050000
endloop
endfacet
facet normal 0.631370 -0.769322 -0.097549
outer loop
vertex 0.067338 0.032662 0.045123
vertex 0.063889 0.029213 0.050000
vertex 0.063622 0.029613 0.045123
endloop
endfacet
facet normal 0.416193 -0.778605 0.469635
outer loop
vertex 0.062832 0.030795 0.059567
vertex 0.061549 0.032716 0.063889
vertex 0.057955 0.030795 0.063889
endloop
endfacet
facet normal 0.416159 -0.778646 0.469597
outer loop
vertex 0.062832 0.030795 0.059567
vertex 0.057955 0.030795 0.063889
vertex 0.058839 0.028661 0.059567
endloop
endfacet
facet normal 0.223050 -0.417297 -0.880972
outer loop
vertex 0.055315 0.042045 0.026903
vertex 0.057717 0.038452 0.029213
vertex 0.055315 0.037168 0.029213
endloop
endfacet
facet normal 0.223032 -0.417300 -0.880975
outer loop
vertex 0.055315 0.042045 0.026903
vertex 0.055315 0.037168 0.029213
vertex 0.053661 0.041161 0.026903
endloop
endfacet
facet normal 0.451252 -0.844306 0.288995
outer loop
vertex 0.063622 0.029613 0.054877
vertex 0.062832 0.030795 0.059567
vertex 0.058839 0.028661 0.059567
endloop
endfacet
facet normal 0.451289 -0.844272 0.289039
outer loop
vertex 0.063622 0.029613 0.054877
vertex 0.058839 0.028661 0.059567
vertex 0.059383 0.027347 0.054877
endloop
endfacet
facet normal 0.137444 -0.257163 -0.956544
outer loop
vertex 0.052710 0.045945 0.025480
vertex 0.055315 0.042045 0.026903
vertex 0.053661 0.041161 0.026903
endloop
endfacet
facet normal 0.137466 -0.257158 -0.956542
outer loop
vertex 0.052710 0.045945 0.025480
vertex 0.053661 0.041161 0.026903
vertex 0.051867 0.045494 0.025480
endloop
endfacet
facet normal 0.469161 -0.877708 0.097555
outer loop
vertex 0.063889 0.029213 0.050000
vertex 0.063622 0.029613 0.054877
vertex 0.059383 0.027347 0.054877
endloop
endfacet
facet normal 0.469145 -0.877719 0.097533
outer loop
vertex 0.063889 0.029213 0.050000
vertex 0.059383 0.027347 0.054877
vertex 0.059567 0.026903 0.050000
endloop
endfacet
facet normal 0.046417 -0.086834 0.995141
outer loop
vertex 0.052710 0.045945 0.074520
vertex 0.050000 0.050000 0.075000
vertex 0.051867 0.045494 0.074520
endloop
endfacet
facet normal 0.046418 -0.086834 -0.995141
outer loop
vertex 0.050000 0.050000 0.025000
vertex 0.052710 0.045945 0.025480
vertex 0.051867 0.045494 0.025480
endloop
endfacet
facet normal 0.469142 -0.877718 -0.097554
outer loop
vertex 0.063622 0.029613 0.045123
vertex 0.063889 0.029213 0.050000
vertex 0.059567 0.026903 0.050000
endloop
endfacet
facet normal 0.469162 -0.877710 -0.097534
outer loop
vertex 0.063622 0.029613 0.045123
vertex 0.059567 0.026903 0.050000
vertex 0.059383 0.027347 0.045123
endloop
endfacet
facet normal 0.137464 -0.257156 0.956543
outer loop
vertex 0.055315 0.042045 0.073097
vertex 0.052710 0.045945 0.074520
vertex 0.051867 0.045494 0.074520
endloop
endfacet
facet normal 0.137450 -0.257169 0.956542
outer loop
vertex 0.055315 0.042045 0.073097
vertex 0.051867 0.045494 0.074520
vertex 0.053661 0.041161 0.073097
endloop
endfacet
facet normal 0.451295 -0.844283 -0.288996
outer loop
vertex 0.062832 0.030795 0.040433
vertex 0.063622 0.029613 0.045123
vertex 0.059383 0.027347 0.045123
endloop
endfacet
facet normal 0.451246 -0.844294 -0.289041
outer loop
vertex 0.062832 0.030795 0.040433
vertex 0.059383 0.027347 0.045123
vertex 0.058839 0.028661 0.040433
endloop
endfacet
facet normal 0.223033 -0.417305 0.880973
outer loop
vertex 0.057717 0.038452 0.070787
vertex 0.055315 0.042045 0.073097
vertex 0.053661 0.041161 0.073097
endloop
endfacet
facet normal 0.223052 -0.417292 0.880974
outer loop
vertex 0.057717 0.038452 0.070787
vertex 0.053661 0.041161 0.073097
vertex 0.055315 0.037168 0.070787
endloop
endfacet
facet normal 0.416150 -0.778630 -0.469632
outer loop
vertex 0.061549 0.032716 0.036111
vertex 0.062832 0.030795 0.040433
vertex 0.058839 0.028661 0.040433
endloop
endfacet
facet normal 0.416203 -0.778624 -0.469595
outer loop
vertex 0.061549 0.032716 0.036111
vertex 0.058839 0.028661 0.040433
vertex 0.057955 0.030795 0.036111
endloop
endfacet
facet normal 0.299906 -0.561085 0.771518
outer loop
vertex 0.059821 0.035301 0.067678
vertex 0.057717 0.038452 0.070787
vertex 0.055315 0.037168 0.070787
endloop
endfacet
facet normal 0.299896 -0.561100 0.771511
outer loop
vertex 0.059821 0.035301 0.067678
vertex 0.055315 0.037168 0.070787
vertex 0.056765 0.033668 0.067678
endloop
endfacet
facet normal 0.365123 -0.683063 -0.632542
outer loop
vertex 0.059821 0.035301 0.032322
vertex 0.061549 0.032716 0.036111
vertex 0.057955 0.030795 0.036111
endloop
endfacet
facet normal 0.365084 -0.683065 -0.632563
outer loop
vertex 0.059821 0.035301 0.032322
vertex 0.057955 0.030795 0.036111
vertex 0.056765 0.033668 0.032322
endloop
endfacet
facet normal 0.365092 -0.683082 0.632540
outer loop
vertex 0.061549 0.032716 0.063889
vertex 0.059821 0.035301 0.067678
vertex 0.056765 0.033668 0.067678
endloop
endfacet
facet normal 0.365115 -0.683050 0.632561
outer loop
vertex 0.061549 0.032716 0.063889
vertex 0.056765 0.033668 0.067678
vertex 0.057955 0.030795 0.063889
endloop
endfacet
facet normal 0.299892 -0.561094 -0.771517
outer loop
vertex 0.057717 0.038452 0.029213
vertex 0.059821 0.035301 0.032322
vertex 0.056765 0.033668 0.032322
endloop
endfacet
facet normal 0.299912 -0.561093 -0.771510
outer loop
vertex 0.057717 0.038452 0.029213
vertex 0.056765 0.033668 0.032322
vertex 0.055315 0.037168 0.029213
endloop
endfacet
facet normal 0.277881 -0.916100 -0.289038
outer loop
vertex 0.058839 0.028661 0.040433
vertex 0.059383 0.027347 0.045123
vertex 0.054783 0.025951 0.045123
endloop
endfacet
facet normal 0.277932 -0.916099 -0.288993
outer loop
vertex 0.058839 0.028661 0.040433
vertex 0.054783 0.025951 0.045123
vertex 0.054506 0.027347 0.040433
endloop
endfacet
facet normal 0.137363 -0.452783 0.880976
outer loop
vertex 0.055315 0.037168 0.070787
vertex 0.053661 0.041161 0.073097
vertex 0.051867 0.040617 0.073097
endloop
endfacet
facet normal 0.137372 -0.452776 0.880978
outer loop
vertex 0.055315 0.037168 0.070787
vertex 0.051867 0.040617 0.073097
vertex 0.052710 0.036377 0.070787
endloop
endfacet
facet normal 0.256319 -0.844854 -0.469597
outer loop
vertex 0.057955 0.030795 0.036111
vertex 0.058839 0.028661 0.040433
vertex 0.054506 0.027347 0.040433
endloop
endfacet
facet normal 0.256249 -0.844848 -0.469647
outer loop
vertex 0.057955 0.030795 0.036111
vertex 0.054506 0.027347 0.040433
vertex 0.054055 0.029613 0.036111
endloop
endfacet
facet normal 0.184711 -0.608811 0.771512
outer loop
vertex 0.056765 0.033668 0.067678
vertex 0.055315 0.037168 0.070787
vertex 0.052710 0.036377 0.070787
endloop
endfacet
facet normal 0.184693 -0.608830 0.771501
outer loop
vertex 0.056765 0.033668 0.067678
vertex 0.052710 0.036377 0.070787
vertex 0.053449 0.032662 0.067678
endloop
endfacet
facet normal 0.224801 -0.741167 -0.632563
outer loop
vertex 0.056765 0.033668 0.032322
vertex 0.057955 0.030795 0.036111
vertex 0.054055 0.029613 0.036111
endloop
endfacet
facet normal 0.224840 -0.741173 -0.632542
outer loop
vertex 0.056765 0.033668 0.032322
vertex 0.054055 0.029613 0.036111
vertex 0.053449 0.032662 0.032322
endloop
endfacet
facet normal 0.224834 -0.741156 0.632564
outer loop
vertex 0.057955 0.030795 0.063889
vertex 0.056765 0.033668 0.067678
vertex 0.053449 0.032662 0.067678
endloop
endfacet
facet normal 0.224807 -0.741182 0.632543
outer loop
vertex 0.057955 0.030795 0.063889
vertex 0.053449 0.032662 0.067678
vertex 0.054055 0.029613 0.063889
endloop
endfacet
facet normal 0.184689 -0.608821 -0.771510
outer loop
vertex 0.055315 0.037168 0.029213
vertex 0.056765 0.033668 0.032322
vertex 0.053449 0.032662 0.032322
endloop
endfacet
facet normal 0.184715 -0.608824 -0.771501
outer loop
vertex 0.055315 0.037168 0.029213
vertex 0.053449 0.032662 0.032322
vertex 0.052710 0.036377 0.029213
endloop
endfacet
facet normal 0.256258 -0.844874 0.469596
outer loop
vertex 0.058839 0.028661 0.059567
vertex 0.057955 0.030795 0.063889
vertex 0.054055 0.029613 0.063889
endloop
endfacet
facet normal 0.256311 -0.844830 0.469645
outer loop
vertex 0.058839 0.028661 0.059567
vertex 0.054055 0.029613 0.063889
vertex 0.054506 0.027347 0.059567
endloop
endfacet
facet normal 0.137371 -0.452780 -0.880976
outer loop
vertex 0.053661 0.041161 0.026903
vertex 0.055315 0.037168 0.029213
vertex 0.052710 0.036377 0.029213
endloop
endfacet
facet normal 0.137368 -0.452780 -0.880977
outer loop
vertex 0.053661 0.041161 0.026903
vertex 0.052710 0.036377 0.029213
vertex 0.051867 0.040617 0.026903
endloop
endfacet
facet normal 0.277929 -0.916085 0.289040
outer loop
vertex 0.059383 0.027347 0.054877
vertex 0.058839 0.028661 0.059567
vertex 0.054506 0.027347 0.059567
endloop
endfacet
facet normal 0.277885 -0.916112 0.288995
outer loop
vertex 0.059383 0.027347 0.054877
vertex 0.054506 0.027347 0.059567
vertex 0.054783 0.025951 0.054877
endloop
endfacet
facet normal 0.084654 -0.279035 -0.956542
outer loop
vertex 0.051867 0.045494 0.025480
vertex 0.053661 0.041161 0.026903
vertex 0.051867 0.040617 0.026903
endloop
endfacet
facet normal 0.084630 -0.279033 -0.956545
outer loop
vertex 0.051867 0.045494 0.025480
vertex 0.051867 0.040617 0.026903
vertex 0.050951 0.045216 0.025480
endloop
endfacet
facet normal 0.288887 -0.952382 0.097535
outer loop
vertex 0.059567 0.026903 0.050000
vertex 0.059383 0.027347 0.054877
vertex 0.054783 0.025951 0.054877
endloop
endfacet
facet normal 0.288923 -0.952367 0.097574
outer loop
vertex 0.059567 0.026903 0.050000
vertex 0.054783 0.025951 0.054877
vertex 0.054877 0.025480 0.050000
endloop
endfacet
facet normal 0.028582 -0.094225 0.995141
outer loop
vertex 0.051867 0.045494 0.074520
vertex 0.050000 0.050000 0.075000
vertex 0.050951 0.045216 0.074520
endloop
endfacet
facet normal 0.028576 -0.094225 -0.995141
outer loop
vertex 0.050000 0.050000 0.025000
vertex 0.051867 0.045494 0.025480
vertex 0.050951 0.045216 0.025480
endloop
endfacet
facet normal 0.288925 -0.952370 -0.097537
outer loop
vertex 0.059383 0.027347 0.045123
vertex 0.059567 0.026903 0.050000
vertex 0.054877 0.025480 0.050000
endloop
endfacet
facet normal 0.288886 -0.952378 -0.097574
outer loop
vertex 0.059383 0.027347 0.045123
vertex 0.054877 0.025480 0.050000
vertex 0.054783 0.025951 0.045123
endloop
endfacet
facet normal 0.084631 -0.279049 0.956540
outer loop
vertex 0.053661 0.041161 0.073097
vertex 0.051867 0.045494 0.074520
vertex 0.050951 0.045216 0.074520
endloop
endfacet
facet normal 0.084654 -0.279031 0.956544
outer loop
vertex 0.053661 0.041161 0.073097
vertex 0.050951 0.045216 0.074520
vertex 0.051867 0.040617 0.073097
endloop
endfacet
facet normal 0.046354 -0.470882 -0.880977
outer loop
vertex 0.051867 0.040617 0.026903
vertex 0.052710 0.036377 0.029213
vertex 0.050000 0.036111 0.029213
endloop
endfacet
facet normal 0.046358 -0.470885 -0.880976
outer loop
vertex 0.051867 0.040617 0.026903
vertex 0.050000 0.036111 0.029213
vertex 0.050000 0.040433 0.026903
endloop
endfacet
facet normal 0.093824 -0.952722 0.288995
outer loop
vertex 0.054783 0.025951 0.054877
vertex 0.054506 0.027347 0.059567
vertex 0.050000 0.026903 0.059567
endloop
endfacet
facet normal 0.093857 -0.952709 0.289028
outer loop
vertex 0.054783 0.025951 0.054877
vertex 0.050000 0.026903 0.059567
vertex 0.050000 0.025480 0.054877
endloop
endfacet
facet normal 0.028568 -0.290186 -0.956544
outer loop
vertex 0.050951 0.045216 0.025480
vertex 0.051867 0.040617 0.026903
vertex 0.050000 0.040433 0.026903
endloop
endfacet
facet normal 0.028592 -0.290191 -0.956541
outer loop
vertex 0.050951 0.045216 0.025480
vertex 0.050000 0.040433 0.026903
vertex 0.050000 0.045123 0.025480
endloop
endfacet
facet normal 0.097573 -0.990434 0.097573
outer loop
vertex 0.054877 0.025480 0.050000
vertex 0.054783 0.025951 0.054877
vertex 0.050000 0.025480 0.054877
endloop
endfacet
facet normal 0.097526 -0.990443 0.097526
outer loop
vertex 0.054877 0.025480 0.050000
vertex 0.050000 0.025480 0.054877
vertex 0.050000 0.025000 0.050000
endloop
endfacet
facet normal 0.009649 -0.097989 0.995141
outer loop
vertex 0.050951 0.045216 0.074520
vertex 0.050000 0.050000 0.075000
vertex 0.050000 0.045123 0.074520
endloop
endfacet
facet normal 0.009651 -0.097989 -0.995141
outer loop
vertex 0.050000 0.050000 0.025000
vertex 0.050951 0.045216 0.025480
vertex 0.050000 0.045123 0.025480
endloop
endfacet
facet normal 0.097526 -0.990438 -0.097573
outer loop
vertex 0.054783 0.025951 0.045123
vertex 0.054877 0.025480 0.050000
vertex 0.050000 0.025000 0.050000
endloop
endfacet
facet normal 0.097574 -0.990438 -0.097526
outer loop
vertex 0.054783 0.025951 0.045123
vertex 0.050000 0.025000 0.050000
vertex 0.050000 0.025480 0.045123
endloop
endfacet
facet normal 0.028592 -0.290187 0.956543
outer loop
vertex 0.051867 0.040617 0.073097
vertex 0.050951 0.045216 0.074520
vertex 0.050000 0.045123 0.074520
endloop
endfacet
facet normal 0.028566 -0.290192 0.956542
outer loop
vertex 0.051867 0.040617 0.073097
vertex 0.050000 0.045123 0.074520
vertex 0.050000 0.040433 0.073097
endloop
endfacet
facet normal 0.093858 -0.952718 -0.288997
outer loop
vertex 0.054506 0.027347 0.040433
vertex 0.054783 0.025951 0.045123
vertex 0.050000 0.025480 0.045123
endloop
endfacet
facet normal 0.093822 -0.952712 -0.289028
outer loop
vertex 0.054506 0.027347 0.040433
vertex 0.050000 0.025480 0.045123
vertex 0.050000 0.026903 0.040433
endloop
endfacet
facet normal 0.046360 -0.470881 0.880978
outer loop
vertex 0.052710 0.036377 0.070787
vertex 0.051867 0.040617 0.073097
vertex 0.050000 0.040433 0.073097
endloop
endfacet
facet normal 0.046353 -0.470883 0.880977
outer loop
vertex 0.052710 0.036377 0.070787
vertex 0.050000 0.040433 0.073097
vertex 0.050000 0.036111 0.070787
endloop
endfacet
facet normal 0.086525 -0.878605 -0.469645
outer loop
vertex 0.054055 0.029613 0.036111
vertex 0.054506 0.027347 0.040433
vertex 0.050000 0.026903 0.040433
endloop
endfacet
facet normal 0.086556 -0.878615 -0.469621
outer loop
vertex 0.054055 0.029613 0.036111
vertex 0.050000 0.026903 0.040433
vertex 0.050000 0.029213 0.036111
endloop
endfacet
facet normal 0.062330 -0.633166 0.771502
outer loop
vertex 0.053449 0.032662 0.067678
vertex 0.052710 0.036377 0.070787
vertex 0.050000 0.036111 0.070787
endloop
endfacet
facet normal 0.062374 -0.633140 0.771520
outer loop
vertex 0.053449 0.032662 0.067678
vertex 0.050000 0.036111 0.070787
vertex 0.050000 0.032322 0.067678
endloop
endfacet
facet normal 0.075934 -0.770792 -0.632545
outer loop
vertex 0.053449 0.032662 0.032322
vertex 0.054055 0.029613 0.036111
vertex 0.050000 0.029213 0.036111
endloop
endfacet
facet normal 0.075932 -0.770793 -0.632545
outer loop
vertex 0.053449 0.032662 0.032322
vertex 0.050000 0.029213 0.036111
vertex 0.050000 0.032322 0.032322
endloop
endfacet
facet normal 0.075934 -0.770793 0.632544
outer loop
vertex 0.054055 0.029613 0.063889
vertex 0.053449 0.032662 0.067678
vertex 0.050000 0.032322 0.067678
endloop
endfacet
facet normal 0.075933 -0.770793 0.632544
outer loop
vertex 0.054055 0.029613 0.063889
vertex 0.050000 0.032322 0.067678
vertex 0.050000 0.029213 0.063889
endloop
endfacet
facet normal 0.062375 -0.633161 -0.771503
outer loop
vertex 0.052710 0.036377 0.029213
vertex 0.053449 0.032662 0.032322
vertex 0.050000 0.032322 0.032322
endloop
endfacet
facet normal 0.062327 -0.633143 -0.771521
outer loop
vertex 0.052710 0.036377 0.029213
vertex 0.050000 0.032322 0.032322
vertex 0.050000 0.036111 0.029213
endloop
endfacet
facet normal 0.086555 -0.878601 0.469647
outer loop
vertex 0.054506 0.027347 0.059567
vertex 0.054055 0.029613 0.063889
vertex 0.050000 0.029213 0.063889
endloop
endfacet
facet normal 0.086526 -0.878617 0.469623
outer loop
vertex 0.054506 0.027347 0.059567
vertex 0.050000 0.029213 0.063889
vertex 0.050000 0.026903 0.059567
endloop
endfacet
facet normal -0.086526 -0.878617 -0.469623
outer loop
vertex 0.050000 0.029213 0.036111
vertex 0.050000 0.026903 0.040433
vertex 0.045494 0.027347 0.040433
endloop
endfacet
facet normal -0.086555 -0.878601 -0.469647
outer loop
vertex 0.050000 0.029213 0.036111
vertex 0.045494 0.027347 0.040433
vertex 0.045945 0.029613 0.036111
endloop
endfacet
facet normal -0.062327 -0.633143 0.771521
outer loop
vertex 0.050000 0.032322 0.067678
vertex 0.050000 0.036111 0.070787
vertex 0.047290 0.036377 0.070787
endloop
endfacet
facet normal -0.062376 -0.633160 0.771504
outer loop
vertex 0.050000 0.032322 0.067678
vertex 0.047290 0.036377 0.070787
vertex 0.046551 0.032662 0.067678
endloop
endfacet
facet normal -0.075934 -0.770792 -0.632545
outer loop
vertex 0.050000 0.032322 0.032322
vertex 0.050000 0.029213 0.036111
vertex 0.045945 0.029613 0.036111
endloop
endfacet
facet normal -0.075932 -0.770792 -0.632545
outer loop
vertex 0.050000 0.032322 0.032322
vertex 0.045945 0.029613 0.036111
vertex 0.046551 0.032662 0.032322
endloop
endfacet
facet normal -0.075932 -0.770793 0.632545
outer loop
vertex 0.050000 0.029213 0.063889
vertex 0.050000 0.032322 0.067678
vertex 0.046551 0.032662 0.067678
endloop
endfacet
facet normal -0.075935 -0.770794 0.632543
outer loop
vertex 0.050000 0.029213 0.063889
vertex 0.046551 0.032662 0.067678
vertex 0.045945 0.029613 0.063889
endloop
endfacet
facet normal -0.062372 -0.633141 -0.771519
outer loop
vertex 0.050000 0.036111 0.029213
vertex 0.050000 0.032322 0.032322
vertex 0.046551 0.032662 0.032322
endloop
endfacet
facet normal -0.062331 -0.633169 -0.771500
outer loop
vertex 0.050000 0.036111 0.029213
vertex 0.046551 0.032662 0.032322
vertex 0.047290 0.036377 0.029213
endloop
endfacet
facet normal -0.086557 -0.878614 0.469623
outer loop
vertex 0.050000 0.026903 0.059567
vertex 0.050000 0.029213 0.063889
vertex 0.045945 0.029613 0.063889
endloop
endfacet
facet normal -0.086524 -0.878605 0.469645
outer loop
vertex 0.050000 0.026903 0.059567
vertex 0.045945 0.029613 0.063889
vertex 0.045494 0.027347 0.059567
endloop
endfacet
facet normal -0.046355 -0.470883 -0.880977
outer loop
vertex 0.050000 0.040433 0.026903
vertex 0.050000 0.036111 0.029213
vertex 0.047290 0.036377 0.029213
endloop
endfacet
facet normal -0.046357 -0.470883 -0.880977
outer loop
vertex 0.050000 0.040433 0.026903
vertex 0.047290 0.036377 0.029213
vertex 0.048133 0.040617 0.026903
endloop
endfacet
facet normal -0.093823 -0.952712 0.289028
outer loop
vertex 0.050000 0.025480 0.054877
vertex 0.050000 0.026903 0.059567
vertex 0.045494 0.027347 0.059567
endloop
endfacet
facet normal -0.093857 -0.952718 0.288997
outer loop
vertex 0.050000 0.025480 0.054877
vertex 0.045494 0.027347 0.059567
vertex 0.045216 0.025951 0.054877
endloop
endfacet
facet normal -0.028569 -0.290189 -0.956543
outer loop
vertex 0.050000 0.045123 0.025480
vertex 0.050000 0.040433 0.026903
vertex 0.048133 0.040617 0.026903
endloop
endfacet
facet normal -0.028588 -0.290184 -0.956544
outer loop
vertex 0.050000 0.045123 0.025480
vertex 0.048133 0.040617 0.026903
vertex 0.049048 0.045216 0.025480
endloop
endfacet
facet normal -0.097573 -0.990438 0.097525
outer loop
vertex 0.050000 0.025000 0.050000
vertex 0.050000 0.025480 0.054877
vertex 0.045216 0.025951 0.054877
endloop
endfacet
facet normal -0.097526 -0.990439 0.097572
outer loop
vertex 0.050000 0.025000 0.050000
vertex 0.045216 0.025951 0.054877
vertex 0.045123 0.025480 0.050000
endloop
endfacet
facet normal -0.009649 -0.097989 0.995141
outer loop
vertex 0.050000 0.045123 0.074520
vertex 0.050000 0.050000 0.075000
vertex 0.049048 0.045216 0.074520
endloop
endfacet
facet normal -0.009651 -0.097989 -0.995141
outer loop
vertex 0.050000 0.050000 0.025000
vertex 0.050000 0.045123 0.025480
vertex 0.049048 0.045216 0.025480
endloop
endfacet
facet normal -0.097526 -0.990443 -0.097525
outer loop
vertex 0.050000 0.025480 0.045123
vertex 0.050000 0.025000 0.050000
vertex 0.045123 0.025480 0.050000
endloop
endfacet
facet normal -0.097573 -0.990434 -0.097573
outer loop
vertex 0.050000 0.025480 0.045123
vertex 0.045123 0.025480 0.050000
vertex 0.045216 0.025951 0.045123
endloop
endfacet
facet normal -0.028592 -0.290191 0.956541
outer loop
vertex 0.050000 0.040433 0.073097
vertex 0.050000 0.045123 0.074520
vertex 0.049048 0.045216 0.074520
endloop
endfacet
facet normal -0.028566 -0.290188 0.956543
outer loop
vertex 0.050000 0.040433 0.073097
vertex 0.049048 0.045216 0.074520
vertex 0.048133 0.040617 0.073097
endloop
endfacet
facet normal -0.093856 -0.952709 -0.289027
outer loop
vertex 0.050000 0.026903 0.040433
vertex 0.050000 0.025480 0.045123
vertex 0.045216 0.025951 0.045123
endloop
endfacet
facet normal -0.093824 -0.952722 -0.288996
outer loop
vertex 0.050000 0.026903 0.040433
vertex 0.045216 0.025951 0.045123
vertex 0.045494 0.027347 0.040433
endloop
endfacet
facet normal -0.046360 -0.470882 0.880977
outer loop
vertex 0.050000 0.036111 0.070787
vertex 0.050000 0.040433 0.073097
vertex 0.048133 0.040617 0.073097
endloop
endfacet
facet normal -0.046353 -0.470882 0.880978
outer loop
vertex 0.050000 0.036111 0.070787
vertex 0.048133 0.040617 0.073097
vertex 0.047290 0.036377 0.070787
endloop
endfacet
facet normal -0.084653 -0.279029 -0.956544
outer loop
vertex 0.049048 0.045216 0.025480
vertex 0.048133 0.040617 0.026903
vertex 0.046339 0.041161 0.026903
endloop
endfacet
facet normal -0.084630 -0.279044 -0.956542
outer loop
vertex 0.049048 0.045216 0.025480
vertex 0.046339 0.041161 0.026903
vertex 0.048133 0.045494 0.025480
endloop
endfacet
facet normal -0.288887 -0.952378 0.097573
outer loop
vertex 0.045123 0.025480 0.050000
vertex 0.045216 0.025951 0.054877
vertex 0.040617 0.027347 0.054877
endloop
endfacet
facet normal -0.288924 -0.952371 0.097536
outer loop
vertex 0.045123 0.025480 0.050000
vertex 0.040617 0.027347 0.054877
vertex 0.040433 0.026903 0.050000
endloop
endfacet
facet normal -0.028582 -0.094225 0.995141
outer loop
vertex 0.049048 0.045216 0.074520
vertex 0.050000 0.050000 0.075000
vertex 0.048133 0.045494 0.074520
endloop
endfacet
facet normal -0.028576 -0.094225 -0.995141
outer loop
vertex 0.050000 0.050000 0.025000
vertex 0.049048 0.045216 0.025480
vertex 0.048133 0.045494 0.025480
endloop
endfacet
facet normal -0.288923 -0.952367 -0.097574
outer loop
vertex 0.045216 0.025951 0.045123
vertex 0.045123 0.025480 0.050000
vertex 0.040433 0.026903 0.050000
endloop
endfacet
facet normal -0.288888 -0.952382 -0.097534
outer loop
vertex 0.045216 0.025951 0.045123
vertex 0.040433 0.026903 0.050000
vertex 0.040617 0.027347 0.045123
endloop
endfacet
facet normal -0.084628 -0.279038 0.956544
outer loop
vertex 0.048133 0.040617 0.073097
vertex 0.049048 0.045216 0.074520
vertex 0.048133 0.045494 0.074520
endloop
endfacet
facet normal -0.084654 -0.279037 0.956542
outer loop
vertex 0.048133 0.040617 0.073097
vertex 0.048133 0.045494 0.074520
vertex 0.046339 0.041161 0.073097
endloop
endfacet
facet normal -0.277886 -0.916112 -0.288997
outer loop
vertex 0.045494 0.027347 0.040433
vertex 0.045216 0.025951 0.045123
vertex 0.040617 0.027347 0.045123
endloop
endfacet
facet normal -0.277928 -0.916085 -0.289039
outer loop
vertex 0.045494 0.027347 0.040433
vertex 0.040617 0.027347 0.045123
vertex 0.041161 0.028661 0.040433
endloop
endfacet
facet normal -0.137367 -0.452779 0.880977
outer loop
vertex 0.047290 0.036377 0.070787
vertex 0.048133 0.040617 0.073097
vertex 0.046339 0.041161 0.073097
endloop
endfacet
facet normal -0.137368 -0.452779 0.880977
outer loop
vertex 0.047290 0.036377 0.070787
vertex 0.046339 0.041161 0.073097
vertex 0.044685 0.037168 0.070787
endloop
endfacet
facet normal -0.256310 -0.844831 -0.469645
outer loop
vertex 0.045945 0.029613 0.036111
vertex 0.045494 0.027347 0.040433
vertex 0.041161 0.028661 0.040433
endloop
endfacet
facet normal -0.256258 -0.844874 -0.469595
outer loop
vertex 0.045945 0.029613 0.036111
vertex 0.041161 0.028661 0.040433
vertex 0.042045 0.030795 0.036111
endloop
endfacet
facet normal -0.184714 -0.608824 0.771501
outer loop
vertex 0.046551 0.032662 0.067678
vertex 0.047290 0.036377 0.070787
vertex 0.044685 0.037168 0.070787
endloop
endfacet
facet normal -0.184688 -0.608820 0.771511
outer loop
vertex 0.046551 0.032662 0.067678
vertex 0.044685 0.037168 0.070787
vertex 0.043235 0.033668 0.067678
endloop
endfacet
facet normal -0.224807 -0.741182 -0.632544
outer loop
vertex 0.046551 0.032662 0.032322
vertex 0.045945 0.029613 0.036111
vertex 0.042045 0.030795 0.036111
endloop
endfacet
facet normal -0.224833 -0.741156 -0.632565
outer loop
vertex 0.046551 0.032662 0.032322
vertex 0.042045 0.030795 0.036111
vertex 0.043235 0.033668 0.032322
endloop
endfacet
facet normal -0.224837 -0.741174 0.632542
outer loop
vertex 0.045945 0.029613 0.063889
vertex 0.046551 0.032662 0.067678
vertex 0.043235 0.033668 0.067678
endloop
endfacet
facet normal -0.224803 -0.741168 0.632562
outer loop
vertex 0.045945 0.029613 0.063889
vertex 0.043235 0.033668 0.067678
vertex 0.042045 0.030795 0.063889
endloop
endfacet
facet normal -0.184691 -0.608830 -0.771502
outer loop
vertex 0.047290 0.036377 0.029213
vertex 0.046551 0.032662 0.032322
vertex 0.043235 0.033668 0.032322
endloop
endfacet
facet normal -0.184712 -0.608813 -0.771511
outer loop
vertex 0.047290 0.036377 0.029213
vertex 0.043235 0.033668 0.032322
vertex 0.044685 0.037168 0.029213
endloop
endfacet
facet normal -0.256249 -0.844847 0.469648
outer loop
vertex 0.045494 0.027347 0.059567
vertex 0.045945 0.029613 0.063889
vertex 0.042045 0.030795 0.063889
endloop
endfacet
facet normal -0.256319 -0.844854 0.469598
outer loop
vertex 0.045494 0.027347 0.059567
vertex 0.042045 0.030795 0.063889
vertex 0.041161 0.028661 0.059567
endloop
endfacet
facet normal -0.137371 -0.452779 -0.880977
outer loop
vertex 0.048133 0.040617 0.026903
vertex 0.047290 0.036377 0.029213
vertex 0.044685 0.037168 0.029213
endloop
endfacet
facet normal -0.137366 -0.452783 -0.880976
outer loop
vertex 0.048133 0.040617 0.026903
vertex 0.044685 0.037168 0.029213
vertex 0.046339 0.041161 0.026903
endloop
endfacet
facet normal -0.277932 -0.916098 0.288994
outer loop
vertex 0.045216 0.025951 0.054877
vertex 0.045494 0.027347 0.059567
vertex 0.041161 0.028661 0.059567
endloop
endfacet
facet normal -0.277882 -0.916099 0.289039
outer loop
vertex 0.045216 0.025951 0.054877
vertex 0.041161 0.028661 0.059567
vertex 0.040617 0.027347 0.054877
endloop
endfacet
facet normal -0.299912 -0.561091 0.771511
outer loop
vertex 0.043235 0.033668 0.067678
vertex 0.044685 0.037168 0.070787
vertex 0.042283 0.038452 0.070787
endloop
endfacet
facet normal -0.299893 -0.561092 0.771518
outer loop
vertex 0.043235 0.033668 0.067678
vertex 0.042283 0.038452 0.070787
vertex 0.040179 0.035301 0.067678
endloop
endfacet
facet normal -0.365117 -0.683050 -0.632561
outer loop
vertex 0.043235 0.033668 0.032322
vertex 0.042045 0.030795 0.036111
vertex 0.038452 0.032716 0.036111
endloop
endfacet
facet normal -0.365093 -0.683081 -0.632540
outer loop
vertex 0.043235 0.033668 0.032322
vertex 0.038452 0.032716 0.036111
vertex 0.040179 0.035301 0.032322
endloop
endfacet
facet normal -0.365084 -0.683066 0.632562
outer loop
vertex 0.042045 0.030795 0.063889
vertex 0.043235 0.033668 0.067678
vertex 0.040179 0.035301 0.067678
endloop
endfacet
facet normal -0.365124 -0.683064 0.632541
outer loop
vertex 0.042045 0.030795 0.063889
vertex 0.040179 0.035301 0.067678
vertex 0.038452 0.032716 0.063889
endloop
endfacet
facet normal -0.299897 -0.561100 -0.771511
outer loop
vertex 0.044685 0.037168 0.029213
vertex 0.043235 0.033668 0.032322
vertex 0.040179 0.035301 0.032322
endloop
endfacet
facet normal -0.299909 -0.561084 -0.771517
outer loop
vertex 0.044685 0.037168 0.029213
vertex 0.040179 0.035301 0.032322
vertex 0.042283 0.038452 0.029213
endloop
endfacet
facet normal -0.416204 -0.778623 0.469596
outer loop
vertex 0.041161 0.028661 0.059567
vertex 0.042045 0.030795 0.063889
vertex 0.038452 0.032716 0.063889
endloop
endfacet
facet normal -0.416151 -0.778628 0.469635
outer loop
vertex 0.041161 0.028661 0.059567
vertex 0.038452 0.032716 0.063889
vertex 0.037168 0.030795 0.059567
endloop
endfacet
facet normal -0.223049 -0.417292 -0.880975
outer loop
vertex 0.046339 0.041161 0.026903
vertex 0.044685 0.037168 0.029213
vertex 0.042283 0.038452 0.029213
endloop
endfacet
facet normal -0.223037 -0.417309 -0.880970
outer loop
vertex 0.046339 0.041161 0.026903
vertex 0.042283 0.038452 0.029213
vertex 0.044685 0.042045 0.026903
endloop
endfacet
facet normal -0.451246 -0.844294 0.289040
outer loop
vertex 0.040617 0.027347 0.054877
vertex 0.041161 0.028661 0.059567
vertex 0.037168 0.030795 0.059567
endloop
endfacet
facet normal -0.451293 -0.844284 0.288997
outer loop
vertex 0.040617 0.027347 0.054877
vertex 0.037168 0.030795 0.059567
vertex 0.036377 0.029613 0.054877
endloop
endfacet
facet normal -0.137446 -0.257166 -0.956543
outer loop
vertex 0.048133 0.045494 0.025480
vertex 0.046339 0.041161 0.026903
vertex 0.044685 0.042045 0.026903
endloop
endfacet
facet normal -0.137461 -0.257153 -0.956544
outer loop
vertex 0.048133 0.045494 0.025480
vertex 0.044685 0.042045 0.026903
vertex 0.047290 0.045945 0.025480
endloop
endfacet
facet normal -0.469162 -0.877710 0.097533
outer loop
vertex 0.040433 0.026903 0.050000
vertex 0.040617 0.027347 0.054877
vertex 0.036377 0.029613 0.054877
endloop
endfacet
facet normal -0.469142 -0.877718 0.097554
outer loop
vertex 0.040433 0.026903 0.050000
vertex 0.036377 0.029613 0.054877
vertex 0.036111 0.029213 0.050000
endloop
endfacet
facet normal -0.046417 -0.086835 0.995141
outer loop
vertex 0.048133 0.045494 0.074520
vertex 0.050000 0.050000 0.075000
vertex 0.047290 0.045945 0.074520
endloop
endfacet
facet normal -0.046418 -0.086835 -0.995141
outer loop
vertex 0.050000 0.050000 0.025000
vertex 0.048133 0.045494 0.025480
vertex 0.047290 0.045945 0.025480
endloop
endfacet
facet normal -0.469143 -0.877720 -0.097533
outer loop
vertex 0.040617 0.027347 0.045123
vertex 0.040433 0.026903 0.050000
vertex 0.036111 0.029213 0.050000
endloop
endfacet
facet normal -0.469161 -0.877708 -0.097554
outer loop
vertex 0.040617 0.027347 0.045123
vertex 0.036111 0.029213 0.050000
vertex 0.036377 0.029613 0.045123
endloop
endfacet
facet normal -0.137466 -0.257162 0.956541
outer loop
vertex 0.046339 0.041161 0.073097
vertex 0.048133 0.045494 0.074520
vertex 0.047290 0.045945 0.074520
endloop
endfacet
facet normal -0.137442 -0.257166 0.956543
outer loop
vertex 0.046339 0.041161 0.073097
vertex 0.047290 0.045945 0.074520
vertex 0.044685 0.042045 0.073097
endloop
endfacet
facet normal -0.451288 -0.844273 -0.289038
outer loop
vertex 0.041161 0.028661 0.040433
vertex 0.040617 0.027347 0.045123
vertex 0.036377 0.029613 0.045123
endloop
endfacet
facet normal -0.451253 -0.844306 -0.288996
outer loop
vertex 0.041161 0.028661 0.040433
vertex 0.036377 0.029613 0.045123
vertex 0.037168 0.030795 0.040433
endloop
endfacet
facet normal -0.223035 -0.417298 0.880975
outer loop
vertex 0.044685 0.037168 0.070787
vertex 0.046339 0.041161 0.073097
vertex 0.044685 0.042045 0.073097
endloop
endfacet
facet normal -0.223048 -0.417297 0.880973
outer loop
vertex 0.044685 0.037168 0.070787
vertex 0.044685 0.042045 0.073097
vertex 0.042283 0.038452 0.070787
endloop
endfacet
facet normal -0.416160 -0.778646 -0.469597
outer loop
vertex 0.042045 0.030795 0.036111
vertex 0.041161 0.028661 0.040433
vertex 0.037168 0.030795 0.040433
endloop
endfacet
facet normal -0.416194 -0.778604 -0.469636
outer loop
vertex 0.042045 0.030795 0.036111
vertex 0.037168 0.030795 0.040433
vertex 0.038452 0.032716 0.036111
endloop
endfacet
facet normal -0.631370 -0.769322 0.097548
outer loop
vertex 0.036111 0.029213 0.050000
vertex 0.036377 0.029613 0.054877
vertex 0.032662 0.032662 0.054877
endloop
endfacet
facet normal -0.631350 -0.769336 0.097571
outer loop
vertex 0.036111 0.029213 0.050000
vertex 0.032662 0.032662 0.054877
vertex 0.032322 0.032322 0.050000
endloop
endfacet
facet normal -0.062453 -0.076112 0.995141
outer loop
vertex 0.047290 0.045945 0.074520
vertex 0.050000 0.050000 0.075000
vertex 0.046551 0.046551 0.074520
endloop
endfacet
facet normal -0.062464 -0.076112 -0.995141
outer loop
vertex 0.050000 0.050000 0.025000
vertex 0.047290 0.045945 0.025480
vertex 0.046551 0.046551 0.025480
endloop
endfacet
facet normal -0.631351 -0.769338 -0.097547
outer loop
vertex 0.036377 0.029613 0.045123
vertex 0.036111 0.029213 0.050000
vertex 0.032322 0.032322 0.050000
endloop
endfacet
facet normal -0.631368 -0.769320 -0.097572
outer loop
vertex 0.036377 0.029613 0.045123
vertex 0.032322 0.032322 0.050000
vertex 0.032662 0.032662 0.045123
endloop
endfacet
facet normal -0.184987 -0.225400 0.956543
outer loop
vertex 0.044685 0.042045 0.073097
vertex 0.047290 0.045945 0.074520
vertex 0.046551 0.046551 0.074520
endloop
endfacet
facet normal -0.184980 -0.225404 0.956544
outer loop
vertex 0.044685 0.042045 0.073097
vertex 0.046551 0.046551 0.074520
vertex 0.043235 0.043235 0.073097
endloop
endfacet
facet normal -0.607324 -0.740024 -0.289003
outer loop
vertex 0.037168 0.030795 0.040433
vertex 0.036377 0.029613 0.045123
vertex 0.032662 0.032662 0.045123
endloop
endfacet
facet normal -0.607335 -0.740008 -0.289019
outer loop
vertex 0.037168 0.030795 0.040433
vertex 0.032662 0.032662 0.045123
vertex 0.033668 0.033668 0.040433
endloop
endfacet
facet normal -0.300173 -0.365768 0.880971
outer loop
vertex 0.042283 0.038452 0.070787
vertex 0.044685 0.042045 0.073097
vertex 0.043235 0.043235 0.073097
endloop
endfacet
facet normal -0.300164 -0.365770 0.880973
outer loop
vertex 0.042283 0.038452 0.070787
vertex 0.043235 0.043235 0.073097
vertex 0.040179 0.040179 0.070787
endloop
endfacet
facet normal -0.560096 -0.682450 -0.469632
outer loop
vertex 0.038452 0.032716 0.036111
vertex 0.037168 0.030795 0.040433
vertex 0.033668 0.033668 0.040433
endloop
endfacet
facet normal -0.560074 -0.682490 -0.469600
outer loop
vertex 0.038452 0.032716 0.036111
vertex 0.033668 0.033668 0.040433
vertex 0.035301 0.035301 0.036111
endloop
endfacet
facet normal -0.403596 -0.491804 0.771518
outer loop
vertex 0.040179 0.035301 0.067678
vertex 0.042283 0.038452 0.070787
vertex 0.040179 0.040179 0.070787
endloop
endfacet
facet normal -0.403623 -0.491797 0.771508
outer loop
vertex 0.040179 0.035301 0.067678
vertex 0.040179 0.040179 0.070787
vertex 0.037500 0.037500 0.067678
endloop
endfacet
facet normal -0.491338 -0.598730 -0.632542
outer loop
vertex 0.040179 0.035301 0.032322
vertex 0.038452 0.032716 0.036111
vertex 0.035301 0.035301 0.036111
endloop
endfacet
facet normal -0.491355 -0.598692 -0.632564
outer loop
vertex 0.040179 0.035301 0.032322
vertex 0.035301 0.035301 0.036111
vertex 0.037500 0.037500 0.032322
endloop
endfacet
facet normal -0.491370 -0.598707 0.632539
outer loop
vertex 0.038452 0.032716 0.063889
vertex 0.040179 0.035301 0.067678
vertex 0.037500 0.037500 0.067678
endloop
endfacet
facet normal -0.491329 -0.598717 0.632562
outer loop
vertex 0.038452 0.032716 0.063889
vertex 0.037500 0.037500 0.067678
vertex 0.035301 0.035301 0.063889
endloop
endfacet
facet normal -0.403617 -0.491788 -0.771516
outer loop
vertex 0.042283 0.038452 0.029213
vertex 0.040179 0.035301 0.032322
vertex 0.037500 0.037500 0.032322
endloop
endfacet
facet normal -0.403605 -0.491816 -0.771505
outer loop
vertex 0.042283 0.038452 0.029213
vertex 0.037500 0.037500 0.032322
vertex 0.040179 0.040179 0.029213
endloop
endfacet
facet normal -0.560062 -0.682476 0.469635
outer loop
vertex 0.037168 0.030795 0.059567
vertex 0.038452 0.032716 0.063889
vertex 0.035301 0.035301 0.063889
endloop
endfacet
facet normal -0.560106 -0.682462 0.469603
outer loop
vertex 0.037168 0.030795 0.059567
vertex 0.035301 0.035301 0.063889
vertex 0.033668 0.033668 0.059567
endloop
endfacet
facet normal -0.300167 -0.365771 -0.880972
outer loop
vertex 0.044685 0.042045 0.026903
vertex 0.042283 0.038452 0.029213
vertex 0.040179 0.040179 0.029213
endloop
endfacet
facet normal -0.300169 -0.365767 -0.880973
outer loop
vertex 0.044685 0.042045 0.026903
vertex 0.040179 0.040179 0.029213
vertex 0.043235 0.043235 0.026903
endloop
endfacet
facet normal -0.607339 -0.740012 0.289002
outer loop
vertex 0.036377 0.029613 0.054877
vertex 0.037168 0.030795 0.059567
vertex 0.033668 0.033668 0.059567
endloop
endfacet
facet normal -0.607321 -0.740020 0.289018
outer loop
vertex 0.036377 0.029613 0.054877
vertex 0.033668 0.033668 0.059567
vertex 0.032662 0.032662 0.054877
endloop
endfacet
facet normal -0.184979 -0.225404 -0.956544
outer loop
vertex 0.047290 0.045945 0.025480
vertex 0.044685 0.042045 0.026903
vertex 0.043235 0.043235 0.026903
endloop
endfacet
facet normal -0.184981 -0.225395 -0.956546
outer loop
vertex 0.047290 0.045945 0.025480
vertex 0.043235 0.043235 0.026903
vertex 0.046551 0.046551 0.025480
endloop
endfacet
facet normal -0.598717 -0.491328 -0.632562
outer loop
vertex 0.037500 0.037500 0.032322
vertex 0.035301 0.035301 0.036111
vertex 0.032716 0.038452 0.036111
endloop
endfacet
facet normal -0.598707 -0.491368 -0.632540
outer loop
vertex 0.037500 0.037500 0.032322
vertex 0.032716 0.038452 0.036111
vertex 0.035301 0.040179 0.032322
endloop
endfacet
facet normal -0.598692 -0.491356 0.632563
outer loop
vertex 0.035301 0.035301 0.063889
vertex 0.037500 0.037500 0.067678
vertex 0.035301 0.040179 0.067678
endloop
endfacet
facet normal -0.598730 -0.491340 0.632541
outer loop
vertex 0.035301 0.035301 0.063889
vertex 0.035301 0.040179 0.067678
vertex 0.032716 0.038452 0.063889
endloop
endfacet
facet normal -0.491797 -0.403625 -0.771506
outer loop
vertex 0.040179 0.040179 0.029213
vertex 0.037500 0.037500 0.032322
vertex 0.035301 0.040179 0.032322
endloop
endfacet
facet normal -0.491804 -0.403595 -0.771518
outer loop
vertex 0.040179 0.040179 0.029213
vertex 0.035301 0.040179 0.032322
vertex 0.038452 0.042283 0.029213
endloop
endfacet
facet normal -0.682489 -0.560075 0.469601
outer loop
vertex 0.033668 0.033668 0.059567
vertex 0.035301 0.035301 0.063889
vertex 0.032716 0.038452 0.063889
endloop
endfacet
facet normal -0.682450 -0.560096 0.469633
outer loop
vertex 0.033668 0.033668 0.059567
vertex 0.032716 0.038452 0.063889
vertex 0.030795 0.037168 0.059567
endloop
endfacet
facet normal -0.365770 -0.300167 -0.880972
outer loop
vertex 0.043235 0.043235 0.026903
vertex 0.040179 0.040179 0.029213
vertex 0.038452 0.042283 0.029213
endloop
endfacet
facet normal -0.365769 -0.300170 -0.880972
outer loop
vertex 0.043235 0.043235 0.026903
vertex 0.038452 0.042283 0.029213
vertex 0.042045 0.044685 0.026903
endloop
endfacet
facet normal -0.740008 -0.607335 0.289020
outer loop
vertex 0.032662 0.032662 0.054877
vertex 0.033668 0.033668 0.059567
vertex 0.030795 0.037168 0.059567
endloop
endfacet
facet normal -0.740023 -0.607324 0.289002
outer loop
vertex 0.032662 0.032662 0.054877
vertex 0.030795 0.037168 0.059567
vertex 0.029613 0.036377 0.054877
endloop
endfacet
facet normal -0.225403 -0.184978 -0.956544
outer loop
vertex 0.046551 0.046551 0.025480
vertex 0.043235 0.043235 0.026903
vertex 0.042045 0.044685 0.026903
endloop
endfacet
facet normal -0.225396 -0.184985 -0.956544
outer loop
vertex 0.046551 0.046551 0.025480
vertex 0.042045 0.044685 0.026903
vertex 0.045945 0.047290 0.025480
endloop
endfacet
facet normal -0.769321 -0.631368 0.097571
outer loop
vertex 0.032322 0.032322 0.050000
vertex 0.032662 0.032662 0.054877
vertex 0.029613 0.036377 0.054877
endloop
endfacet
facet normal -0.769338 -0.631351 0.097548
outer loop
vertex 0.032322 0.032322 0.050000
vertex 0.029613 0.036377 0.054877
vertex 0.029213 0.036111 0.050000
endloop
endfacet
facet normal -0.076115 -0.062465 0.995140
outer loop
vertex 0.046551 0.046551 0.074520
vertex 0.050000 0.050000 0.075000
vertex 0.045945 0.047290 0.074520
endloop
endfacet
facet normal -0.076111 -0.062465 -0.995141
outer loop
vertex 0.050000 0.050000 0.025000
vertex 0.046551 0.046551 0.025480
vertex 0.045945 0.047290 0.025480
endloop
endfacet
facet normal -0.769336 -0.631350 -0.097571
outer loop
vertex 0.032662 0.032662 0.045123
vertex 0.032322 0.032322 0.050000
vertex 0.029213 0.036111 0.050000
endloop
endfacet
facet normal -0.769323 -0.631369 -0.097548
outer loop
vertex 0.032662 0.032662 0.045123
vertex 0.029213 0.036111 0.050000
vertex 0.029613 0.036377 0.045123
endloop
endfacet
facet normal -0.225395 -0.184987 0.956544
outer loop
vertex 0.043235 0.043235 0.073097
vertex 0.046551 0.046551 0.074520
vertex 0.045945 0.047290 0.074520
endloop
endfacet
facet normal -0.225405 -0.184980 0.956543
outer loop
vertex 0.043235 0.043235 0.073097
vertex 0.045945 0.047290 0.074520
vertex 0.042045 0.044685 0.073097
endloop
endfacet
facet normal -0.740020 -0.607322 -0.289018
outer loop
vertex 0.033668 0.033668 0.040433
vertex 0.032662 0.032662 0.045123
vertex 0.029613 0.036377 0.045123
endloop
endfacet
facet normal -0.740013 -0.607338 -0.289003
outer loop
vertex 0.033668 0.033668 0.040433
vertex 0.029613 0.036377 0.045123
vertex 0.030795 0.037168 0.040433
endloop
endfacet
facet normal -0.365764 -0.300169 0.880974
outer loop
vertex 0.040179 0.040179 0.070787
vertex 0.043235 0.043235 0.073097
vertex 0.042045 0.044685 0.073097
endloop
endfacet
facet normal -0.365773 -0.300166 0.880972
outer loop
vertex 0.040179 0.040179 0.070787
vertex 0.042045 0.044685 0.073097
vertex 0.038452 0.042283 0.070787
endloop
endfacet
facet normal -0.682463 -0.560105 -0.469603
outer loop
vertex 0.035301 0.035301 0.036111
vertex 0.033668 0.033668 0.040433
vertex 0.030795 0.037168 0.040433
endloop
endfacet
facet normal -0.682475 -0.560064 -0.469634
outer loop
vertex 0.035301 0.035301 0.036111
vertex 0.030795 0.037168 0.040433
vertex 0.032716 0.038452 0.036111
endloop
endfacet
facet normal -0.491815 -0.403604 0.771507
outer loop
vertex 0.037500 0.037500 0.067678
vertex 0.040179 0.040179 0.070787
vertex 0.038452 0.042283 0.070787
endloop
endfacet
facet normal -0.491787 -0.403617 0.771517
outer loop
vertex 0.037500 0.037500 0.067678
vertex 0.038452 0.042283 0.070787
vertex 0.035301 0.040179 0.067678
endloop
endfacet
facet normal -0.086831 -0.046417 0.995141
outer loop
vertex 0.045945 0.047290 0.074520
vertex 0.050000 0.050000 0.075000
vertex 0.045494 0.048133 0.074520
endloop
endfacet
facet normal -0.086837 -0.046417 -0.995141
outer loop
vertex 0.050000 0.050000 0.025000
vertex 0.045945 0.047290 0.025480
vertex 0.045494 0.048133 0.025480
endloop
endfacet
facet normal -0.877718 -0.469143 -0.097554
outer loop
vertex 0.029613 0.036377 0.045123
vertex 0.029213 0.036111 0.050000
vertex 0.026903 0.040433 0.050000
endloop
endfacet
facet normal -0.877710 -0.469161 -0.097533
outer loop
vertex 0.029613 0.036377 0.045123
vertex 0.026903 0.040433 0.050000
vertex 0.027347 0.040617 0.045123
endloop
endfacet
facet normal -0.257154 -0.137462 0.956544
outer loop
vertex 0.042045 0.044685 0.073097
vertex 0.045945 0.047290 0.074520
vertex 0.045494 0.048133 0.074520
endloop
endfacet
facet normal -0.257172 -0.137447 0.956541
outer loop
vertex 0.042045 0.044685 0.073097
vertex 0.045494 0.048133 0.074520
vertex 0.041161 0.046339 0.073097
endloop
endfacet
facet normal -0.844283 -0.451294 -0.288997
outer loop
vertex 0.030795 0.037168 0.040433
vertex 0.029613 0.036377 0.045123
vertex 0.027347 0.040617 0.045123
endloop
endfacet
facet normal -0.844294 -0.451246 -0.289039
outer loop
vertex 0.030795 0.037168 0.040433
vertex 0.027347 0.040617 0.045123
vertex 0.028661 0.041161 0.040433
endloop
endfacet
facet normal -0.417304 -0.223037 0.880972
outer loop
vertex 0.038452 0.042283 0.070787
vertex 0.042045 0.044685 0.073097
vertex 0.041161 0.046339 0.073097
endloop
endfacet
facet normal -0.417293 -0.223049 0.880974
outer loop
vertex 0.038452 0.042283 0.070787
vertex 0.041161 0.046339 0.073097
vertex 0.037168 0.044685 0.070787
endloop
endfacet
facet normal -0.778629 -0.416150 -0.469634
outer loop
vertex 0.032716 0.038452 0.036111
vertex 0.030795 0.037168 0.040433
vertex 0.028661 0.041161 0.040433
endloop
endfacet
facet normal -0.778623 -0.416205 -0.469595
outer loop
vertex 0.032716 0.038452 0.036111
vertex 0.028661 0.041161 0.040433
vertex 0.030795 0.042045 0.036111
endloop
endfacet
facet normal -0.561083 -0.299907 0.771519
outer loop
vertex 0.035301 0.040179 0.067678
vertex 0.038452 0.042283 0.070787
vertex 0.037168 0.044685 0.070787
endloop
endfacet
facet normal -0.561099 -0.299897 0.771511
outer loop
vertex 0.035301 0.040179 0.067678
vertex 0.037168 0.044685 0.070787
vertex 0.033668 0.043235 0.067678
endloop
endfacet
facet normal -0.683063 -0.365125 -0.632541
outer loop
vertex 0.035301 0.040179 0.032322
vertex 0.032716 0.038452 0.036111
vertex 0.030795 0.042045 0.036111
endloop
endfacet
facet normal -0.683066 -0.365083 -0.632563
outer loop
vertex 0.035301 0.040179 0.032322
vertex 0.030795 0.042045 0.036111
vertex 0.033668 0.043235 0.032322
endloop
endfacet
facet normal -0.683082 -0.365093 0.632539
outer loop
vertex 0.032716 0.038452 0.063889
vertex 0.035301 0.040179 0.067678
vertex 0.033668 0.043235 0.067678
endloop
endfacet
facet normal -0.683050 -0.365117 0.632560
outer loop
vertex 0.032716 0.038452 0.063889
vertex 0.033668 0.043235 0.067678
vertex 0.030795 0.042045 0.063889
endloop
endfacet
facet normal -0.561094 -0.299893 -0.771517
outer loop
vertex 0.038452 0.042283 0.029213
vertex 0.035301 0.040179 0.032322
vertex 0.033668 0.043235 0.032322
endloop
endfacet
facet normal -0.561092 -0.299912 -0.771511
outer loop
vertex 0.038452 0.042283 0.029213
vertex 0.033668 0.043235 0.032322
vertex 0.037168 0.044685 0.029213
endloop
endfacet
facet normal -0.778604 -0.416194 0.469636
outer loop
vertex 0.030795 0.037168 0.059567
vertex 0.032716 0.038452 0.063889
vertex 0.030795 0.042045 0.063889
endloop
endfacet
facet normal -0.778646 -0.416159 0.469598
outer loop
vertex 0.030795 0.037168 0.059567
vertex 0.030795 0.042045 0.063889
vertex 0.028661 0.041161 0.059567
endloop
endfacet
facet normal -0.417298 -0.223053 -0.880971
outer loop
vertex 0.042045 0.044685 0.026903
vertex 0.038452 0.042283 0.029213
vertex 0.037168 0.044685 0.029213
endloop
endfacet
facet normal -0.417299 -0.223031 -0.880976
outer loop
vertex 0.042045 0.044685 0.026903
vertex 0.037168 0.044685 0.029213
vertex 0.041161 0.046339 0.026903
endloop
endfacet
facet normal -0.844306 -0.451253 0.288995
outer loop
vertex 0.029613 0.036377 0.054877
vertex 0.030795 0.037168 0.059567
vertex 0.028661 0.041161 0.059567
endloop
endfacet
facet normal -0.844273 -0.451288 0.289038
outer loop
vertex 0.029613 0.036377 0.054877
vertex 0.028661 0.041161 0.059567
vertex 0.027347 0.040617 0.054877
endloop
endfacet
facet normal -0.257163 -0.137444 -0.956544
outer loop
vertex 0.045945 0.047290 0.025480
vertex 0.042045 0.044685 0.026903
vertex 0.041161 0.046339 0.026903
endloop
endfacet
facet normal -0.257160 -0.137465 -0.956542
outer loop
vertex 0.045945 0.047290 0.025480
vertex 0.041161 0.046339 0.026903
vertex 0.045494 0.048133 0.025480
endloop
endfacet
facet normal -0.877708 -0.469161 0.097553
outer loop
vertex 0.029213 0.036111 0.050000
vertex 0.029613 0.036377 0.054877
vertex 0.027347 0.040617 0.054877
endloop
endfacet
facet normal -0.877720 -0.469143 0.097533
outer loop
vertex 0.029213 0.036111 0.050000
vertex 0.027347 0.040617 0.054877
vertex 0.026903 0.040433 0.050000
endloop
endfacet
facet normal -0.741157 -0.224833 0.632563
outer loop
vertex 0.030795 0.042045 0.063889
vertex 0.033668 0.043235 0.067678
vertex 0.032662 0.046551 0.067678
endloop
endfacet
facet normal -0.741182 -0.224806 0.632543
outer loop
vertex 0.030795 0.042045 0.063889
vertex 0.032662 0.046551 0.067678
vertex 0.029613 0.045945 0.063889
endloop
endfacet
facet normal -0.608822 -0.184689 -0.771509
outer loop
vertex 0.037168 0.044685 0.029213
vertex 0.033668 0.043235 0.032322
vertex 0.032662 0.046551 0.032322
endloop
endfacet
facet normal -0.608824 -0.184715 -0.771501
outer loop
vertex 0.037168 0.044685 0.029213
vertex 0.032662 0.046551 0.032322
vertex 0.036377 0.047290 0.029213
endloop
endfacet
facet normal -0.844874 -0.256256 0.469596
outer loop
vertex 0.028661 0.041161 0.059567
vertex 0.030795 0.042045 0.063889
vertex 0.029613 0.045945 0.063889
endloop
endfacet
facet normal -0.844830 -0.256311 0.469646
outer loop
vertex 0.028661 0.041161 0.059567
vertex 0.029613 0.045945 0.063889
vertex 0.027347 0.045494 0.059567
endloop
endfacet
facet normal -0.452780 -0.137371 -0.880976
outer loop
vertex 0.041161 0.046339 0.026903
vertex 0.037168 0.044685 0.029213
vertex 0.036377 0.047290 0.029213
endloop
endfacet
facet normal -0.452781 -0.137366 -0.880977
outer loop
vertex 0.041161 0.046339 0.026903
vertex 0.036377 0.047290 0.029213
vertex 0.040617 0.048133 0.026903
endloop
endfacet
facet normal -0.916086 -0.277928 0.289038
outer loop
vertex 0.027347 0.040617 0.054877
vertex 0.028661 0.041161 0.059567
vertex 0.027347 0.045494 0.059567
endloop
endfacet
facet normal -0.916112 -0.277885 0.288996
outer loop
vertex 0.027347 0.040617 0.054877
vertex 0.027347 0.045494 0.059567
vertex 0.025951 0.045216 0.054877
endloop
endfacet
facet normal -0.279034 -0.084653 -0.956543
outer loop
vertex 0.045494 0.048133 0.025480
vertex 0.041161 0.046339 0.026903
vertex 0.040617 0.048133 0.026903
endloop
endfacet
facet normal -0.279035 -0.084628 -0.956545
outer loop
vertex 0.045494 0.048133 0.025480
vertex 0.040617 0.048133 0.026903
vertex 0.045216 0.049048 0.025480
endloop
endfacet
facet normal -0.952382 -0.288887 0.097535
outer loop
vertex 0.026903 0.040433 0.050000
vertex 0.027347 0.040617 0.054877
vertex 0.025951 0.045216 0.054877
endloop
endfacet
facet normal -0.952367 -0.288924 0.097573
outer loop
vertex 0.026903 0.040433 0.050000
vertex 0.025951 0.045216 0.054877
vertex 0.025480 0.045123 0.050000
endloop
endfacet
facet normal -0.094228 -0.028578 0.995140
outer loop
vertex 0.045494 0.048133 0.074520
vertex 0.050000 0.050000 0.075000
vertex 0.045216 0.049048 0.074520
endloop
endfacet
facet normal -0.094225 -0.028578 -0.995141
outer loop
vertex 0.050000 0.050000 0.025000
vertex 0.045494 0.048133 0.025480
vertex 0.045216 0.049048 0.025480
endloop
endfacet
facet normal -0.952371 -0.288924 -0.097535
outer loop
vertex 0.027347 0.040617 0.045123
vertex 0.026903 0.040433 0.050000
vertex 0.025480 0.045123 0.050000
endloop
endfacet
facet normal -0.952378 -0.288886 -0.097573
outer loop
vertex 0.027347 0.040617 0.045123
vertex 0.025480 0.045123 0.050000
vertex 0.025951 0.045216 0.045123
endloop
endfacet
facet normal -0.279047 -0.084630 0.956541
outer loop
vertex 0.041161 0.046339 0.073097
vertex 0.045494 0.048133 0.074520
vertex 0.045216 0.049048 0.074520
endloop
endfacet
facet normal -0.279033 -0.084653 0.956543
outer loop
vertex 0.041161 0.046339 0.073097
vertex 0.045216 0.049048 0.074520
vertex 0.040617 0.048133 0.073097
endloop
endfacet
facet normal -0.916100 -0.277883 -0.289038
outer loop
vertex 0.028661 0.041161 0.040433
vertex 0.027347 0.040617 0.045123
vertex 0.025951 0.045216 0.045123
endloop
endfacet
facet normal -0.916098 -0.277931 -0.288994
outer loop
vertex 0.028661 0.041161 0.040433
vertex 0.025951 0.045216 0.045123
vertex 0.027347 0.045494 0.040433
endloop
endfacet
facet normal -0.452782 -0.137365 0.880976
outer loop
vertex 0.037168 0.044685 0.070787
vertex 0.041161 0.046339 0.073097
vertex 0.040617 0.048133 0.073097
endloop
endfacet
facet normal -0.452777 -0.137371 0.880978
outer loop
vertex 0.037168 0.044685 0.070787
vertex 0.040617 0.048133 0.073097
vertex 0.036377 0.047290 0.070787
endloop
endfacet
facet normal -0.844855 -0.256317 -0.469597
outer loop
vertex 0.030795 0.042045 0.036111
vertex 0.028661 0.041161 0.040433
vertex 0.027347 0.045494 0.040433
endloop
endfacet
facet normal -0.844848 -0.256249 -0.469647
outer loop
vertex 0.030795 0.042045 0.036111
vertex 0.027347 0.045494 0.040433
vertex 0.029613 0.045945 0.036111
endloop
endfacet
facet normal -0.608813 -0.184710 0.771511
outer loop
vertex 0.033668 0.043235 0.067678
vertex 0.037168 0.044685 0.070787
vertex 0.036377 0.047290 0.070787
endloop
endfacet
facet normal -0.608829 -0.184692 0.771502
outer loop
vertex 0.033668 0.043235 0.067678
vertex 0.036377 0.047290 0.070787
vertex 0.032662 0.046551 0.067678
endloop
endfacet
facet normal -0.741166 -0.224803 -0.632563
outer loop
vertex 0.033668 0.043235 0.032322
vertex 0.030795 0.042045 0.036111
vertex 0.029613 0.045945 0.036111
endloop
endfacet
facet normal -0.741174 -0.224838 -0.632542
outer loop
vertex 0.033668 0.043235 0.032322
vertex 0.029613 0.045945 0.036111
vertex 0.032662 0.046551 0.032322
endloop
endfacet
facet normal -0.990438 -0.097526 -0.097573
outer loop
vertex 0.025951 0.045216 0.045123
vertex 0.025480 0.045123 0.050000
vertex 0.025000 0.050000 0.050000
endloop
endfacet
facet normal -0.990438 -0.097522 -0.097576
outer loop
vertex 0.025951 0.045216 0.045123
vertex 0.025000 0.050000 0.050000
vertex 0.025480 0.050000 0.045123
endloop
endfacet
facet normal -0.290182 -0.028590 0.956544
outer loop
vertex 0.040617 0.048133 0.073097
vertex 0.045216 0.049048 0.074520
vertex 0.045123 0.050000 0.074520
endloop
endfacet
facet normal -0.290192 -0.028569 0.956542
outer loop
vertex 0.040617 0.048133 0.073097
vertex 0.045123 0.050000 0.074520
vertex 0.040433 0.050000 0.073097
endloop
endfacet
facet normal -0.952723 -0.093809 -0.288995
outer loop
vertex 0.027347 0.045494 0.040433
vertex 0.025951 0.045216 0.045123
vertex 0.025480 0.050000 0.045123
endloop
endfacet
facet normal -0.952726 -0.093824 -0.288982
outer loop
vertex 0.027347 0.045494 0.040433
vertex 0.025480 0.050000 0.045123
vertex 0.026903 0.050000 0.040433
endloop
endfacet
facet normal -0.470883 -0.046358 0.880977
outer loop
vertex 0.036377 0.047290 0.070787
vertex 0.040617 0.048133 0.073097
vertex 0.040433 0.050000 0.073097
endloop
endfacet
facet normal -0.470882 -0.046354 0.880978
outer loop
vertex 0.036377 0.047290 0.070787
vertex 0.040433 0.050000 0.073097
vertex 0.036111 0.050000 0.070787
endloop
endfacet
facet normal -0.878605 -0.086524 -0.469645
outer loop
vertex 0.029613 0.045945 0.036111
vertex 0.027347 0.045494 0.040433
vertex 0.026903 0.050000 0.040433
endloop
endfacet
facet normal -0.878615 -0.086557 -0.469621
outer loop
vertex 0.029613 0.045945 0.036111
vertex 0.026903 0.050000 0.040433
vertex 0.029213 0.050000 0.036111
endloop
endfacet
facet normal -0.633168 -0.062330 0.771501
outer loop
vertex 0.032662 0.046551 0.067678
vertex 0.036377 0.047290 0.070787
vertex 0.036111 0.050000 0.070787
endloop
endfacet
facet normal -0.633140 -0.062372 0.771520
outer loop
vertex 0.032662 0.046551 0.067678
vertex 0.036111 0.050000 0.070787
vertex 0.032322 0.050000 0.067678
endloop
endfacet
facet normal -0.770793 -0.075934 -0.632544
outer loop
vertex 0.032662 0.046551 0.032322
vertex 0.029613 0.045945 0.036111
vertex 0.029213 0.050000 0.036111
endloop
endfacet
facet normal -0.770792 -0.075933 -0.632546
outer loop
vertex 0.032662 0.046551 0.032322
vertex 0.029213 0.050000 0.036111
vertex 0.032322 0.050000 0.032322
endloop
endfacet
facet normal -0.770794 -0.075933 0.632544
outer loop
vertex 0.029613 0.045945 0.063889
vertex 0.032662 0.046551 0.067678
vertex 0.032322 0.050000 0.067678
endloop
endfacet
facet normal -0.770794 -0.075935 0.632543
outer loop
vertex 0.029613 0.045945 0.063889
vertex 0.032322 0.050000 0.067678
vertex 0.029213 0.050000 0.063889
endloop
endfacet
facet normal -0.633161 -0.062375 -0.771503
outer loop
vertex 0.036377 0.047290 0.029213
vertex 0.032662 0.046551 0.032322
vertex 0.032322 0.050000 0.032322
endloop
endfacet
facet normal -0.633143 -0.062327 -0.771521
outer loop
vertex 0.036377 0.047290 0.029213
vertex 0.032322 0.050000 0.032322
vertex 0.036111 0.050000 0.029213
endloop
endfacet
facet normal -0.878601 -0.086555 0.469648
outer loop
vertex 0.027347 0.045494 0.059567
vertex 0.029613 0.045945 0.063889
vertex 0.029213 0.050000 0.063889
endloop
endfacet
facet normal -0.878617 -0.086526 0.469623
outer loop
vertex 0.027347 0.045494 0.059567
vertex 0.029213 0.050000 0.063889
vertex 0.026903 0.050000 0.059567
endloop
endfacet
facet normal -0.470883 -0.046354 -0.880977
outer loop
vertex 0.040617 0.048133 0.026903
vertex 0.036377 0.047290 0.029213
vertex 0.036111 0.050000 0.029213
endloop
endfacet
facet normal -0.470884 -0.046358 -0.880976
outer loop
vertex 0.040617 0.048133 0.026903
vertex 0.036111 0.050000 0.029213
vertex 0.040433 0.050000 0.026903
endloop
endfacet
facet normal -0.952722 -0.093823 0.288995
outer loop
vertex 0.025951 0.045216 0.054877
vertex 0.027347 0.045494 0.059567
vertex 0.026903 0.050000 0.059567
endloop
endfacet
facet normal -0.952727 -0.093810 0.288983
outer loop
vertex 0.025951 0.045216 0.054877
vertex 0.026903 0.050000 0.059567
vertex 0.025480 0.050000 0.054877
endloop
endfacet
facet normal -0.290186 -0.028569 -0.956544
outer loop
vertex 0.045216 0.049048 0.025480
vertex 0.040617 0.048133 0.026903
vertex 0.040433 0.050000 0.026903
endloop
endfacet
facet normal -0.290190 -0.028589 -0.956542
outer loop
vertex 0.045216 0.049048 0.025480
vertex 0.040433 0.050000 0.026903
vertex 0.045123 0.050000 0.025480
endloop
endfacet
facet normal -0.990439 -0.097523 0.097572
outer loop
vertex 0.025480 0.045123 0.050000
vertex 0.025951 0.045216 0.054877
vertex 0.025480 0.050000 0.054877
endloop
endfacet
facet normal -0.990438 -0.097525 0.097576
outer loop
vertex 0.025480 0.045123 0.050000
vertex 0.025480 0.050000 0.054877
vertex 0.025000 0.050000 0.050000
endloop
endfacet
facet normal -0.097989 -0.009654 0.995141
outer loop
vertex 0.045216 0.049048 0.074520
vertex 0.050000 0.050000 0.075000
vertex 0.045123 0.050000 0.074520
endloop
endfacet
facet normal -0.097988 -0.009654 -0.995141
outer loop
vertex 0.050000 0.050000 0.025000
vertex 0.045216 0.049048 0.025480
vertex 0.045123 0.050000 0.025480
endloop
endfacet
facet normal -0.633141 0.062372 -0.771519
outer loop
vertex 0.036111 0.050000 0.029213
vertex 0.032322 0.050000 0.032322
vertex 0.032662 0.053449 0.032322
endloop
endfacet
facet normal -0.633168 0.062331 -0.771500
outer loop
vertex 0.036111 0.050000 0.029213
vertex 0.032662 0.053449 0.032322
vertex 0.036377 0.052710 0.029213
endloop
endfacet
facet normal -0.878614 0.086556 0.469622
outer loop
vertex 0.026903 0.050000 0.059567
vertex 0.029213 0.050000 0.063889
vertex 0.029613 0.054055 0.063889
endloop
endfacet
facet normal -0.878604 0.086525 0.469646
outer loop
vertex 0.026903 0.050000 0.059567
vertex 0.029613 0.054055 0.063889
vertex 0.027347 0.054506 0.059567
endloop
endfacet
facet normal -0.470884 0.046355 -0.880976
outer loop
vertex 0.040433 0.050000 0.026903
vertex 0.036111 0.050000 0.029213
vertex 0.036377 0.052710 0.029213
endloop
endfacet
facet normal -0.470882 0.046356 -0.880978
outer loop
vertex 0.040433 0.050000 0.026903
vertex 0.036377 0.052710 0.029213
vertex 0.040617 0.051867 0.026903
endloop
endfacet
facet normal -0.952726 0.093824 0.288983
outer loop
vertex 0.025480 0.050000 0.054877
vertex 0.026903 0.050000 0.059567
vertex 0.027347 0.054506 0.059567
endloop
endfacet
facet normal -0.952723 0.093809 0.288995
outer loop
vertex 0.025480 0.050000 0.054877
vertex 0.027347 0.054506 0.059567
vertex 0.025951 0.054783 0.054877
endloop
endfacet
facet normal -0.290190 0.028568 -0.956543
outer loop
vertex 0.045123 0.050000 0.025480
vertex 0.040433 0.050000 0.026903
vertex 0.040617 0.051867 0.026903
endloop
endfacet
facet normal -0.290183 0.028590 -0.956544
outer loop
vertex 0.045123 0.050000 0.025480
vertex 0.040617 0.051867 0.026903
vertex 0.045216 0.050951 0.025480
endloop
endfacet
facet normal -0.990438 0.097522 0.097576
outer loop
vertex 0.025000 0.050000 0.050000
vertex 0.025480 0.050000 0.054877
vertex 0.025951 0.054783 0.054877
endloop
endfacet
facet normal -0.990438 0.097576 0.097524
outer loop
vertex 0.025000 0.050000 0.050000
vertex 0.025951 0.054783 0.054877
vertex 0.025480 0.054877 0.050000
endloop
endfacet
facet normal -0.097989 0.009654 0.995141
outer loop
vertex 0.045123 0.050000 0.074520
vertex 0.050000 0.050000 0.075000
vertex 0.045216 0.050951 0.074520
endloop
endfacet
facet normal -0.097989 0.009654 -0.995141
outer loop
vertex 0.050000 0.050000 0.025000
vertex 0.045123 0.050000 0.025480
vertex 0.045216 0.050951 0.025480
endloop
endfacet
facet normal -0.990433 0.097575 -0.097575
outer loop
vertex 0.025480 0.050000 0.045123
vertex 0.025000 0.050000 0.050000
vertex 0.025480 0.054877 0.050000
endloop
endfacet
facet normal -0.990444 0.097523 -0.097523
outer loop
vertex 0.025480 0.050000 0.045123
vertex 0.025480 0.054877 0.050000
vertex 0.025951 0.054783 0.045123
endloop
endfacet
facet normal -0.290191 0.028591 0.956541
outer loop
vertex 0.040433 0.050000 0.073097
vertex 0.045123 0.050000 0.074520
vertex 0.045216 0.050951 0.074520
endloop
endfacet
facet normal -0.290191 0.028569 0.956542
outer loop
vertex 0.040433 0.050000 0.073097
vertex 0.045216 0.050951 0.074520
vertex 0.040617 0.051867 0.073097
endloop
endfacet
facet normal -0.952727 0.093810 -0.288983
outer loop
vertex 0.026903 0.050000 0.040433
vertex 0.025480 0.050000 0.045123
vertex 0.025951 0.054783 0.045123
endloop
endfacet
facet normal -0.952722 0.093823 -0.288996
outer loop
vertex 0.026903 0.050000 0.040433
vertex 0.025951 0.054783 0.045123
vertex 0.027347 0.054506 0.040433
endloop
endfacet
facet normal -0.470882 0.046358 0.880977
outer loop
vertex 0.036111 0.050000 0.070787
vertex 0.040433 0.050000 0.073097
vertex 0.040617 0.051867 0.073097
endloop
endfacet
facet normal -0.470882 0.046354 0.880977
outer loop
vertex 0.036111 0.050000 0.070787
vertex 0.040617 0.051867 0.073097
vertex 0.036377 0.052710 0.070787
endloop
endfacet
facet normal -0.878617 0.086526 -0.469623
outer loop
vertex 0.029213 0.050000 0.036111
vertex 0.026903 0.050000 0.040433
vertex 0.027347 0.054506 0.040433
endloop
endfacet
facet normal -0.878601 0.086554 -0.469647
outer loop
vertex 0.029213 0.050000 0.036111
vertex 0.027347 0.054506 0.040433
vertex 0.029613 0.054055 0.036111
endloop
endfacet
facet normal -0.633142 0.062328 0.771522
outer loop
vertex 0.032322 0.050000 0.067678
vertex 0.036111 0.050000 0.070787
vertex 0.036377 0.052710 0.070787
endloop
endfacet
facet normal -0.633161 0.062374 0.771503
outer loop
vertex 0.032322 0.050000 0.067678
vertex 0.036377 0.052710 0.070787
vertex 0.032662 0.053449 0.067678
endloop
endfacet
facet normal -0.770792 0.075934 -0.632546
outer loop
vertex 0.032322 0.050000 0.032322
vertex 0.029213 0.050000 0.036111
vertex 0.029613 0.054055 0.036111
endloop
endfacet
facet normal -0.770794 0.075933 -0.632544
outer loop
vertex 0.032322 0.050000 0.032322
vertex 0.029613 0.054055 0.036111
vertex 0.032662 0.053449 0.032322
endloop
endfacet
facet normal -0.770792 0.075933 0.632546
outer loop
vertex 0.029213 0.050000 0.063889
vertex 0.032322 0.050000 0.067678
vertex 0.032662 0.053449 0.067678
endloop
endfacet
facet normal -0.770794 0.075935 0.632542
outer loop
vertex 0.029213 0.050000 0.063889
vertex 0.032662 0.053449 0.067678
vertex 0.029613 0.054055 0.063889
endloop
endfacet
facet normal -0.916112 0.277885 -0.288995
outer loop
vertex 0.027347 0.054506 0.040433
vertex 0.025951 0.054783 0.045123
vertex 0.027347 0.059383 0.045123
endloop
endfacet
facet normal -0.916085 0.277929 -0.289039
outer loop
vertex 0.027347 0.054506 0.040433
vertex 0.027347 0.059383 0.045123
vertex 0.028661 0.058839 0.040433
endloop
endfacet
facet normal -0.452779 0.137367 0.880978
outer loop
vertex 0.036377 0.052710 0.070787
vertex 0.040617 0.051867 0.073097
vertex 0.041161 0.053661 0.073097
endloop
endfacet
facet normal -0.452777 0.137370 0.880978
outer loop
vertex 0.036377 0.052710 0.070787
vertex 0.041161 0.053661 0.073097
vertex 0.037168 0.055315 0.070787
endloop
endfacet
facet normal -0.844830 0.256311 -0.469646
outer loop
vertex 0.029613 0.054055 0.036111
vertex 0.027347 0.054506 0.040433
vertex 0.028661 0.058839 0.040433
endloop
endfacet
facet normal -0.844874 0.256257 -0.469595
outer loop
vertex 0.029613 0.054055 0.036111
vertex 0.028661 0.058839 0.040433
vertex 0.030795 0.057955 0.036111
endloop
endfacet
facet normal -0.608825 0.184715 0.771500
outer loop
vertex 0.032662 0.053449 0.067678
vertex 0.036377 0.052710 0.070787
vertex 0.037168 0.055315 0.070787
endloop
endfacet
facet normal -0.608818 0.184688 0.771512
outer loop
vertex 0.032662 0.053449 0.067678
vertex 0.037168 0.055315 0.070787
vertex 0.033668 0.056765 0.067678
endloop
endfacet
facet normal -0.741181 0.224806 -0.632544
outer loop
vertex 0.032662 0.053449 0.032322
vertex 0.029613 0.054055 0.036111
vertex 0.030795 0.057955 0.036111
endloop
endfacet
facet normal -0.741156 0.224834 -0.632564
outer loop
vertex 0.032662 0.053449 0.032322
vertex 0.030795 0.057955 0.036111
vertex 0.033668 0.056765 0.032322
endloop
endfacet
facet normal -0.741174 0.224838 0.632542
outer loop
vertex 0.029613 0.054055 0.063889
vertex 0.032662 0.053449 0.067678
vertex 0.033668 0.056765 0.067678
endloop
endfacet
facet normal -0.741167 0.224803 0.632562
outer loop
vertex 0.029613 0.054055 0.063889
vertex 0.033668 0.056765 0.067678
vertex 0.030795 0.057955 0.063889
endloop
endfacet
facet normal -0.608830 0.184691 -0.771502
outer loop
vertex 0.036377 0.052710 0.029213
vertex 0.032662 0.053449 0.032322
vertex 0.033668 0.056765 0.032322
endloop
endfacet
facet normal -0.608812 0.184712 -0.771511
outer loop
vertex 0.036377 0.052710 0.029213
vertex 0.033668 0.056765 0.032322
vertex 0.037168 0.055315 0.029213
endloop
endfacet
facet normal -0.844848 0.256248 0.469648
outer loop
vertex 0.027347 0.054506 0.059567
vertex 0.029613 0.054055 0.063889
vertex 0.030795 0.057955 0.063889
endloop
endfacet
facet normal -0.844854 0.256318 0.469598
outer loop
vertex 0.027347 0.054506 0.059567
vertex 0.030795 0.057955 0.063889
vertex 0.028661 0.058839 0.059567
endloop
endfacet
facet normal -0.452779 0.137372 -0.880977
outer loop
vertex 0.040617 0.051867 0.026903
vertex 0.036377 0.052710 0.029213
vertex 0.037168 0.055315 0.029213
endloop
endfacet
facet normal -0.452782 0.137366 -0.880976
outer loop
vertex 0.040617 0.051867 0.026903
vertex 0.037168 0.055315 0.029213
vertex 0.041161 0.053661 0.026903
endloop
endfacet
facet normal -0.916099 0.277932 0.288993
outer loop
vertex 0.025951 0.054783 0.054877
vertex 0.027347 0.054506 0.059567
vertex 0.028661 0.058839 0.059567
endloop
endfacet
facet normal -0.916100 0.277882 0.289038
outer loop
vertex 0.025951 0.054783 0.054877
vertex 0.028661 0.058839 0.059567
vertex 0.027347 0.059383 0.054877
endloop
endfacet
facet normal -0.279029 0.084652 -0.956544
outer loop
vertex 0.045216 0.050951 0.025480
vertex 0.040617 0.051867 0.026903
vertex 0.041161 0.053661 0.026903
endloop
endfacet
facet normal -0.279044 0.084630 -0.956542
outer loop
vertex 0.045216 0.050951 0.025480
vertex 0.041161 0.053661 0.026903
vertex 0.045494 0.051867 0.025480
endloop
endfacet
facet normal -0.952383 0.288887 0.097526
outer loop
vertex 0.025480 0.054877 0.050000
vertex 0.025951 0.054783 0.054877
vertex 0.027347 0.059383 0.054877
endloop
endfacet
facet normal -0.952384 0.288879 0.097535
outer loop
vertex 0.025480 0.054877 0.050000
vertex 0.027347 0.059383 0.054877
vertex 0.026903 0.059567 0.050000
endloop
endfacet
facet normal -0.094226 0.028577 0.995141
outer loop
vertex 0.045216 0.050951 0.074520
vertex 0.050000 0.050000 0.075000
vertex 0.045494 0.051867 0.074520
endloop
endfacet
facet normal -0.094226 0.028577 -0.995141
outer loop
vertex 0.050000 0.050000 0.025000
vertex 0.045216 0.050951 0.025480
vertex 0.045494 0.051867 0.025480
endloop
endfacet
facet normal -0.952385 0.288879 -0.097527
outer loop
vertex 0.025951 0.054783 0.045123
vertex 0.025480 0.054877 0.050000
vertex 0.026903 0.059567 0.050000
endloop
endfacet
facet normal -0.952382 0.288887 -0.097536
outer loop
vertex 0.025951 0.054783 0.045123
vertex 0.026903 0.059567 0.050000
vertex 0.027347 0.059383 0.045123
endloop
endfacet
facet normal -0.279037 0.084627 0.956544
outer loop
vertex 0.040617 0.051867 0.073097
vertex 0.045216 0.050951 0.074520
vertex 0.045494 0.051867 0.074520
endloop
endfacet
facet normal -0.279038 0.084655 0.956541
outer loop
vertex 0.040617 0.051867 0.073097
vertex 0.045494 0.051867 0.074520
vertex 0.041161 0.053661 0.073097
endloop
endfacet
facet normal -0.417293 0.223049 -0.880974
outer loop
vertex 0.041161 0.053661 0.026903
vertex 0.037168 0.055315 0.029213
vertex 0.038452 0.057717 0.029213
endloop
endfacet
facet normal -0.417308 0.223036 -0.880970
outer loop
vertex 0.041161 0.053661 0.026903
vertex 0.038452 0.057717 0.029213
vertex 0.042045 0.055315 0.026903
endloop
endfacet
facet normal -0.844294 0.451246 0.289041
outer loop
vertex 0.027347 0.059383 0.054877
vertex 0.028661 0.058839 0.059567
vertex 0.030795 0.062832 0.059567
endloop
endfacet
facet normal -0.844278 0.451318 0.288975
outer loop
vertex 0.027347 0.059383 0.054877
vertex 0.030795 0.062832 0.059567
vertex 0.029613 0.063622 0.054877
endloop
endfacet
facet normal -0.257166 0.137448 -0.956543
outer loop
vertex 0.045494 0.051867 0.025480
vertex 0.041161 0.053661 0.026903
vertex 0.042045 0.055315 0.026903
endloop
endfacet
facet normal -0.257152 0.137459 -0.956545
outer loop
vertex 0.045494 0.051867 0.025480
vertex 0.042045 0.055315 0.026903
vertex 0.045945 0.052710 0.025480
endloop
endfacet
facet normal -0.877699 0.469183 0.097533
outer loop
vertex 0.026903 0.059567 0.050000
vertex 0.027347 0.059383 0.054877
vertex 0.029613 0.063622 0.054877
endloop
endfacet
facet normal -0.877716 0.469141 0.097577
outer loop
vertex 0.026903 0.059567 0.050000
vertex 0.029613 0.063622 0.054877
vertex 0.029213 0.063889 0.050000
endloop
endfacet
facet normal -0.086838 0.046418 0.995140
outer loop
vertex 0.045494 0.051867 0.074520
vertex 0.050000 0.050000 0.075000
vertex 0.045945 0.052710 0.074520
endloop
endfacet
facet normal -0.086836 0.046418 -0.995141
outer loop
vertex 0.050000 0.050000 0.025000
vertex 0.045494 0.051867 0.025480
vertex 0.045945 0.052710 0.025480
endloop
endfacet
facet normal -0.877720 0.469143 -0.097535
outer loop
vertex 0.027347 0.059383 0.045123
vertex 0.026903 0.059567 0.050000
vertex 0.029213 0.063889 0.050000
endloop
endfacet
facet normal -0.877694 0.469181 -0.097578
outer loop
vertex 0.027347 0.059383 0.045123
vertex 0.029213 0.063889 0.050000
vertex 0.029613 0.063622 0.045123
endloop
endfacet
facet normal -0.257163 0.137466 0.956541
outer loop
vertex 0.041161 0.053661 0.073097
vertex 0.045494 0.051867 0.074520
vertex 0.045945 0.052710 0.074520
endloop
endfacet
facet normal -0.257162 0.137445 0.956544
outer loop
vertex 0.041161 0.053661 0.073097
vertex 0.045945 0.052710 0.074520
vertex 0.042045 0.055315 0.073097
endloop
endfacet
facet normal -0.844261 0.451309 -0.289039
outer loop
vertex 0.028661 0.058839 0.040433
vertex 0.027347 0.059383 0.045123
vertex 0.029613 0.063622 0.045123
endloop
endfacet
facet normal -0.844312 0.451255 -0.288974
outer loop
vertex 0.028661 0.058839 0.040433
vertex 0.029613 0.063622 0.045123
vertex 0.030795 0.062832 0.040433
endloop
endfacet
facet normal -0.417298 0.223032 0.880976
outer loop
vertex 0.037168 0.055315 0.070787
vertex 0.041161 0.053661 0.073097
vertex 0.042045 0.055315 0.073097
endloop
endfacet
facet normal -0.417297 0.223051 0.880972
outer loop
vertex 0.037168 0.055315 0.070787
vertex 0.042045 0.055315 0.073097
vertex 0.038452 0.057717 0.070787
endloop
endfacet
facet normal -0.778646 0.416160 -0.469596
outer loop
vertex 0.030795 0.057955 0.036111
vertex 0.028661 0.058839 0.040433
vertex 0.030795 0.062832 0.040433
endloop
endfacet
facet normal -0.778605 0.416193 -0.469635
outer loop
vertex 0.030795 0.057955 0.036111
vertex 0.030795 0.062832 0.040433
vertex 0.032716 0.061549 0.036111
endloop
endfacet
facet normal -0.561094 0.299912 0.771509
outer loop
vertex 0.033668 0.056765 0.067678
vertex 0.037168 0.055315 0.070787
vertex 0.038452 0.057717 0.070787
endloop
endfacet
facet normal -0.561094 0.299891 0.771517
outer loop
vertex 0.033668 0.056765 0.067678
vertex 0.038452 0.057717 0.070787
vertex 0.035301 0.059821 0.067678
endloop
endfacet
facet normal -0.683050 0.365115 -0.632561
outer loop
vertex 0.033668 0.056765 0.032322
vertex 0.030795 0.057955 0.036111
vertex 0.032716 0.061549 0.036111
endloop
endfacet
facet normal -0.683081 0.365093 -0.632540
outer loop
vertex 0.033668 0.056765 0.032322
vertex 0.032716 0.061549 0.036111
vertex 0.035301 0.059821 0.032322
endloop
endfacet
facet normal -0.683064 0.365083 0.632564
outer loop
vertex 0.030795 0.057955 0.063889
vertex 0.033668 0.056765 0.067678
vertex 0.035301 0.059821 0.067678
endloop
endfacet
facet normal -0.683065 0.365124 0.632540
outer loop
vertex 0.030795 0.057955 0.063889
vertex 0.035301 0.059821 0.067678
vertex 0.032716 0.061549 0.063889
endloop
endfacet
facet normal -0.561101 0.299896 -0.771510
outer loop
vertex 0.037168 0.055315 0.029213
vertex 0.033668 0.056765 0.032322
vertex 0.035301 0.059821 0.032322
endloop
endfacet
facet normal -0.561086 0.299907 -0.771517
outer loop
vertex 0.037168 0.055315 0.029213
vertex 0.035301 0.059821 0.032322
vertex 0.038452 0.057717 0.029213
endloop
endfacet
facet normal -0.778623 0.416204 0.469595
outer loop
vertex 0.028661 0.058839 0.059567
vertex 0.030795 0.057955 0.063889
vertex 0.032716 0.061549 0.063889
endloop
endfacet
facet normal -0.778629 0.416150 0.469634
outer loop
vertex 0.028661 0.058839 0.059567
vertex 0.032716 0.061549 0.063889
vertex 0.030795 0.062832 0.059567
endloop
endfacet
facet normal -0.365766 0.300168 0.880973
outer loop
vertex 0.038452 0.057717 0.070787
vertex 0.042045 0.055315 0.073097
vertex 0.043235 0.056765 0.073097
endloop
endfacet
facet normal -0.365769 0.300167 0.880973
outer loop
vertex 0.038452 0.057717 0.070787
vertex 0.043235 0.056765 0.073097
vertex 0.040179 0.059821 0.070787
endloop
endfacet
facet normal -0.682449 0.560097 -0.469632
outer loop
vertex 0.032716 0.061549 0.036111
vertex 0.030795 0.062832 0.040433
vertex 0.033668 0.066332 0.040433
endloop
endfacet
facet normal -0.682490 0.560075 -0.469599
outer loop
vertex 0.032716 0.061549 0.036111
vertex 0.033668 0.066332 0.040433
vertex 0.035301 0.064699 0.036111
endloop
endfacet
facet normal -0.491803 0.403596 0.771518
outer loop
vertex 0.035301 0.059821 0.067678
vertex 0.038452 0.057717 0.070787
vertex 0.040179 0.059821 0.070787
endloop
endfacet
facet normal -0.491796 0.403625 0.771507
outer loop
vertex 0.035301 0.059821 0.067678
vertex 0.040179 0.059821 0.070787
vertex 0.037500 0.062500 0.067678
endloop
endfacet
facet normal -0.598729 0.491338 -0.632542
outer loop
vertex 0.035301 0.059821 0.032322
vertex 0.032716 0.061549 0.036111
vertex 0.035301 0.064699 0.036111
endloop
endfacet
facet normal -0.598692 0.491355 -0.632565
outer loop
vertex 0.035301 0.059821 0.032322
vertex 0.035301 0.064699 0.036111
vertex 0.037500 0.062500 0.032322
endloop
endfacet
facet normal -0.598708 0.491368 0.632539
outer loop
vertex 0.032716 0.061549 0.063889
vertex 0.035301 0.059821 0.067678
vertex 0.037500 0.062500 0.067678
endloop
endfacet
facet normal -0.598716 0.491329 0.632562
outer loop
vertex 0.032716 0.061549 0.063889
vertex 0.037500 0.062500 0.067678
vertex 0.035301 0.064699 0.063889
endloop
endfacet
facet normal -0.491788 0.403618 -0.771516
outer loop
vertex 0.038452 0.057717 0.029213
vertex 0.035301 0.059821 0.032322
vertex 0.037500 0.062500 0.032322
endloop
endfacet
facet normal -0.491816 0.403605 -0.771505
outer loop
vertex 0.038452 0.057717 0.029213
vertex 0.037500 0.062500 0.032322
vertex 0.040179 0.059821 0.029213
endloop
endfacet
facet normal -0.682475 0.560064 0.469633
outer loop
vertex 0.030795 0.062832 0.059567
vertex 0.032716 0.061549 0.063889
vertex 0.035301 0.064699 0.063889
endloop
endfacet
facet normal -0.682463 0.560106 0.469602
outer loop
vertex 0.030795 0.062832 0.059567
vertex 0.035301 0.064699 0.063889
vertex 0.033668 0.066332 0.059567
endloop
endfacet
facet normal -0.365770 0.300167 -0.880972
outer loop
vertex 0.042045 0.055315 0.026903
vertex 0.038452 0.057717 0.029213
vertex 0.040179 0.059821 0.029213
endloop
endfacet
facet normal -0.365767 0.300171 -0.880972
outer loop
vertex 0.042045 0.055315 0.026903
vertex 0.040179 0.059821 0.029213
vertex 0.043235 0.056765 0.026903
endloop
endfacet
facet normal -0.740019 0.607343 0.288975
outer loop
vertex 0.029613 0.063622 0.054877
vertex 0.030795 0.062832 0.059567
vertex 0.033668 0.066332 0.059567
endloop
endfacet
facet normal -0.740039 0.607299 0.289016
outer loop
vertex 0.029613 0.063622 0.054877
vertex 0.033668 0.066332 0.059567
vertex 0.032662 0.067338 0.054877
endloop
endfacet
facet normal -0.225404 0.184978 -0.956544
outer loop
vertex 0.045945 0.052710 0.025480
vertex 0.042045 0.055315 0.026903
vertex 0.043235 0.056765 0.026903
endloop
endfacet
facet normal -0.225398 0.184984 -0.956544
outer loop
vertex 0.045945 0.052710 0.025480
vertex 0.043235 0.056765 0.026903
vertex 0.046551 0.053449 0.025480
endloop
endfacet
facet normal -0.769340 0.631343 0.097580
outer loop
vertex 0.029213 0.063889 0.050000
vertex 0.029613 0.063622 0.054877
vertex 0.032662 0.067338 0.054877
endloop
endfacet
facet normal -0.769336 0.631349 0.097572
outer loop
vertex 0.029213 0.063889 0.050000
vertex 0.032662 0.067338 0.054877
vertex 0.032322 0.067678 0.050000
endloop
endfacet
facet normal -0.076108 0.062464 0.995141
outer loop
vertex 0.045945 0.052710 0.074520
vertex 0.050000 0.050000 0.075000
vertex 0.046551 0.053449 0.074520
endloop
endfacet
facet normal -0.076111 0.062464 -0.995141
outer loop
vertex 0.050000 0.050000 0.025000
vertex 0.045945 0.052710 0.025480
vertex 0.046551 0.053449 0.025480
endloop
endfacet
facet normal -0.769336 0.631348 -0.097579
outer loop
vertex 0.029613 0.063622 0.045123
vertex 0.029213 0.063889 0.050000
vertex 0.032322 0.067678 0.050000
endloop
endfacet
facet normal -0.769341 0.631343 -0.097573
outer loop
vertex 0.029613 0.063622 0.045123
vertex 0.032322 0.067678 0.050000
vertex 0.032662 0.067338 0.045123
endloop
endfacet
facet normal -0.225404 0.184988 0.956542
outer loop
vertex 0.042045 0.055315 0.073097
vertex 0.045945 0.052710 0.074520
vertex 0.046551 0.053449 0.074520
endloop
endfacet
facet normal -0.225404 0.184979 0.956544
outer loop
vertex 0.042045 0.055315 0.073097
vertex 0.046551 0.053449 0.074520
vertex 0.043235 0.056765 0.073097
endloop
endfacet
facet normal -0.740049 0.607307 -0.288975
outer loop
vertex 0.030795 0.062832 0.040433
vertex 0.029613 0.063622 0.045123
vertex 0.032662 0.067338 0.045123
endloop
endfacet
facet normal -0.740009 0.607335 -0.289018
outer loop
vertex 0.030795 0.062832 0.040433
vertex 0.032662 0.067338 0.045123
vertex 0.033668 0.066332 0.040433
endloop
endfacet
facet normal -0.607336 0.740008 0.289016
outer loop
vertex 0.032662 0.067338 0.054877
vertex 0.033668 0.066332 0.059567
vertex 0.037168 0.069204 0.059567
endloop
endfacet
facet normal -0.607306 0.740050 0.288974
outer loop
vertex 0.032662 0.067338 0.054877
vertex 0.037168 0.069204 0.059567
vertex 0.036378 0.070387 0.054877
endloop
endfacet
facet normal -0.184978 0.225403 -0.956544
outer loop
vertex 0.046551 0.053449 0.025480
vertex 0.043235 0.056765 0.026903
vertex 0.044685 0.057955 0.026903
endloop
endfacet
facet normal -0.184983 0.225397 -0.956544
outer loop
vertex 0.046551 0.053449 0.025480
vertex 0.044685 0.057955 0.026903
vertex 0.047290 0.054055 0.025480
endloop
endfacet
facet normal -0.631343 0.769341 0.097573
outer loop
vertex 0.032322 0.067678 0.050000
vertex 0.032662 0.067338 0.054877
vertex 0.036378 0.070387 0.054877
endloop
endfacet
facet normal -0.631348 0.769336 0.097581
outer loop
vertex 0.032322 0.067678 0.050000
vertex 0.036378 0.070387 0.054877
vertex 0.036111 0.070787 0.050000
endloop
endfacet
facet normal -0.062453 0.076111 0.995142
outer loop
vertex 0.046551 0.053449 0.074520
vertex 0.050000 0.050000 0.075000
vertex 0.047290 0.054055 0.074520
endloop
endfacet
facet normal -0.062464 0.076111 -0.995141
outer loop
vertex 0.050000 0.050000 0.025000
vertex 0.046551 0.053449 0.025480
vertex 0.047290 0.054055 0.025480
endloop
endfacet
facet normal -0.631349 0.769336 -0.097575
outer loop
vertex 0.032662 0.067338 0.045123
vertex 0.032322 0.067678 0.050000
vertex 0.036111 0.070787 0.050000
endloop
endfacet
facet normal -0.631343 0.769340 -0.097580
outer loop
vertex 0.032662 0.067338 0.045123
vertex 0.036111 0.070787 0.050000
vertex 0.036378 0.070387 0.045123
endloop
endfacet
facet normal -0.184993 0.225400 0.956542
outer loop
vertex 0.043235 0.056765 0.073097
vertex 0.046551 0.053449 0.074520
vertex 0.047290 0.054055 0.074520
endloop
endfacet
facet normal -0.184981 0.225404 0.956543
outer loop
vertex 0.043235 0.056765 0.073097
vertex 0.047290 0.054055 0.074520
vertex 0.044685 0.057955 0.073097
endloop
endfacet
facet normal -0.607297 0.740041 -0.289015
outer loop
vertex 0.033668 0.066332 0.040433
vertex 0.032662 0.067338 0.045123
vertex 0.036378 0.070387 0.045123
endloop
endfacet
facet normal -0.607344 0.740019 -0.288972
outer loop
vertex 0.033668 0.066332 0.040433
vertex 0.036378 0.070387 0.045123
vertex 0.037168 0.069204 0.040433
endloop
endfacet
facet normal -0.300168 0.365764 0.880974
outer loop
vertex 0.040179 0.059821 0.070787
vertex 0.043235 0.056765 0.073097
vertex 0.044685 0.057955 0.073097
endloop
endfacet
facet normal -0.300167 0.365771 0.880972
outer loop
vertex 0.040179 0.059821 0.070787
vertex 0.044685 0.057955 0.073097
vertex 0.042283 0.061549 0.070787
endloop
endfacet
facet normal -0.560106 0.682463 -0.469601
outer loop
vertex 0.035301 0.064699 0.036111
vertex 0.033668 0.066332 0.040433
vertex 0.037168 0.069204 0.040433
endloop
endfacet
facet normal -0.560063 0.682476 -0.469635
outer loop
vertex 0.035301 0.064699 0.036111
vertex 0.037168 0.069204 0.040433
vertex 0.038452 0.067283 0.036111
endloop
endfacet
facet normal -0.403604 0.491814 0.771507
outer loop
vertex 0.037500 0.062500 0.067678
vertex 0.040179 0.059821 0.070787
vertex 0.042283 0.061549 0.070787
endloop
endfacet
facet normal -0.403619 0.491786 0.771517
outer loop
vertex 0.037500 0.062500 0.067678
vertex 0.042283 0.061549 0.070787
vertex 0.040179 0.064699 0.067678
endloop
endfacet
facet normal -0.491327 0.598718 -0.632562
outer loop
vertex 0.037500 0.062500 0.032322
vertex 0.035301 0.064699 0.036111
vertex 0.038452 0.067283 0.036111
endloop
endfacet
facet normal -0.491370 0.598707 -0.632539
outer loop
vertex 0.037500 0.062500 0.032322
vertex 0.038452 0.067283 0.036111
vertex 0.040179 0.064699 0.032322
endloop
endfacet
facet normal -0.491357 0.598691 0.632564
outer loop
vertex 0.035301 0.064699 0.063889
vertex 0.037500 0.062500 0.067678
vertex 0.040179 0.064699 0.067678
endloop
endfacet
facet normal -0.491338 0.598732 0.632540
outer loop
vertex 0.035301 0.064699 0.063889
vertex 0.040179 0.064699 0.067678
vertex 0.038452 0.067283 0.063889
endloop
endfacet
facet normal -0.403625 0.491796 -0.771507
outer loop
vertex 0.040179 0.059821 0.029213
vertex 0.037500 0.062500 0.032322
vertex 0.040179 0.064699 0.032322
endloop
endfacet
facet normal -0.403596 0.491803 -0.771518
outer loop
vertex 0.040179 0.059821 0.029213
vertex 0.040179 0.064699 0.032322
vertex 0.042283 0.061549 0.029213
endloop
endfacet
facet normal -0.560074 0.682490 0.469601
outer loop
vertex 0.033668 0.066332 0.059567
vertex 0.035301 0.064699 0.063889
vertex 0.038452 0.067283 0.063889
endloop
endfacet
facet normal -0.560095 0.682450 0.469633
outer loop
vertex 0.033668 0.066332 0.059567
vertex 0.038452 0.067283 0.063889
vertex 0.037168 0.069204 0.059567
endloop
endfacet
facet normal -0.300167 0.365769 -0.880973
outer loop
vertex 0.043235 0.056765 0.026903
vertex 0.040179 0.059821 0.029213
vertex 0.042283 0.061549 0.029213
endloop
endfacet
facet normal -0.300172 0.365767 -0.880972
outer loop
vertex 0.043235 0.056765 0.026903
vertex 0.042283 0.061549 0.029213
vertex 0.044685 0.057955 0.026903
endloop
endfacet
facet normal -0.416149 0.778630 -0.469633
outer loop
vertex 0.038452 0.067283 0.036111
vertex 0.037168 0.069204 0.040433
vertex 0.041161 0.071339 0.040433
endloop
endfacet
facet normal -0.416204 0.778624 -0.469595
outer loop
vertex 0.038452 0.067283 0.036111
vertex 0.041161 0.071339 0.040433
vertex 0.042045 0.069204 0.036111
endloop
endfacet
facet normal -0.299906 0.561085 0.771518
outer loop
vertex 0.040179 0.064699 0.067678
vertex 0.042283 0.061549 0.070787
vertex 0.044685 0.062832 0.070787
endloop
endfacet
facet normal -0.299897 0.561099 0.771512
outer loop
vertex 0.040179 0.064699 0.067678
vertex 0.044685 0.062832 0.070787
vertex 0.043235 0.066332 0.067678
endloop
endfacet
facet normal -0.365125 0.683064 -0.632540
outer loop
vertex 0.040179 0.064699 0.032322
vertex 0.038452 0.067283 0.036111
vertex 0.042045 0.069204 0.036111
endloop
endfacet
facet normal -0.365084 0.683066 -0.632562
outer loop
vertex 0.040179 0.064699 0.032322
vertex 0.042045 0.069204 0.036111
vertex 0.043235 0.066332 0.032322
endloop
endfacet
facet normal -0.365092 0.683084 0.632538
outer loop
vertex 0.038452 0.067283 0.063889
vertex 0.040179 0.064699 0.067678
vertex 0.043235 0.066332 0.067678
endloop
endfacet
facet normal -0.365116 0.683051 0.632560
outer loop
vertex 0.038452 0.067283 0.063889
vertex 0.043235 0.066332 0.067678
vertex 0.042045 0.069204 0.063889
endloop
endfacet
facet normal -0.299892 0.561094 -0.771517
outer loop
vertex 0.042283 0.061549 0.029213
vertex 0.040179 0.064699 0.032322
vertex 0.043235 0.066332 0.032322
endloop
endfacet
facet normal -0.299912 0.561093 -0.771510
outer loop
vertex 0.042283 0.061549 0.029213
vertex 0.043235 0.066332 0.032322
vertex 0.044685 0.062832 0.029213
endloop
endfacet
facet normal -0.416194 0.778603 0.469637
outer loop
vertex 0.037168 0.069204 0.059567
vertex 0.038452 0.067283 0.063889
vertex 0.042045 0.069204 0.063889
endloop
endfacet
facet normal -0.416159 0.778646 0.469597
outer loop
vertex 0.037168 0.069204 0.059567
vertex 0.042045 0.069204 0.063889
vertex 0.041161 0.071339 0.059567
endloop
endfacet
facet normal -0.223051 0.417298 -0.880971
outer loop
vertex 0.044685 0.057955 0.026903
vertex 0.042283 0.061549 0.029213
vertex 0.044685 0.062832 0.029213
endloop
endfacet
facet normal -0.223030 0.417300 -0.880976
outer loop
vertex 0.044685 0.057955 0.026903
vertex 0.044685 0.062832 0.029213
vertex 0.046339 0.058839 0.026903
endloop
endfacet
facet normal -0.451255 0.844313 0.288973
outer loop
vertex 0.036378 0.070387 0.054877
vertex 0.037168 0.069204 0.059567
vertex 0.041161 0.071339 0.059567
endloop
endfacet
facet normal -0.451309 0.844261 0.289038
outer loop
vertex 0.036378 0.070387 0.054877
vertex 0.041161 0.071339 0.059567
vertex 0.040617 0.072653 0.054877
endloop
endfacet
facet normal -0.137445 0.257163 -0.956544
outer loop
vertex 0.047290 0.054055 0.025480
vertex 0.044685 0.057955 0.026903
vertex 0.046339 0.058839 0.026903
endloop
endfacet
facet normal -0.137465 0.257160 -0.956542
outer loop
vertex 0.047290 0.054055 0.025480
vertex 0.046339 0.058839 0.026903
vertex 0.048133 0.054506 0.025480
endloop
endfacet
facet normal -0.469182 0.877694 0.097580
outer loop
vertex 0.036111 0.070787 0.050000
vertex 0.036378 0.070387 0.054877
vertex 0.040617 0.072653 0.054877
endloop
endfacet
facet normal -0.469142 0.877721 0.097532
outer loop
vertex 0.036111 0.070787 0.050000
vertex 0.040617 0.072653 0.054877
vertex 0.040433 0.073097 0.050000
endloop
endfacet
facet normal -0.046417 0.086835 0.995141
outer loop
vertex 0.047290 0.054055 0.074520
vertex 0.050000 0.050000 0.075000
vertex 0.048133 0.054506 0.074520
endloop
endfacet
facet normal -0.046418 0.086835 -0.995141
outer loop
vertex 0.050000 0.050000 0.025000
vertex 0.047290 0.054055 0.025480
vertex 0.048133 0.054506 0.025480
endloop
endfacet
facet normal -0.469140 0.877716 -0.097579
outer loop
vertex 0.036378 0.070387 0.045123
vertex 0.036111 0.070787 0.050000
vertex 0.040433 0.073097 0.050000
endloop
endfacet
facet normal -0.469183 0.877699 -0.097533
outer loop
vertex 0.036378 0.070387 0.045123
vertex 0.040433 0.073097 0.050000
vertex 0.040617 0.072653 0.045123
endloop
endfacet
facet normal -0.137464 0.257155 0.956543
outer loop
vertex 0.044685 0.057955 0.073097
vertex 0.047290 0.054055 0.074520
vertex 0.048133 0.054506 0.074520
endloop
endfacet
facet normal -0.137444 0.257170 0.956542
outer loop
vertex 0.044685 0.057955 0.073097
vertex 0.048133 0.054506 0.074520
vertex 0.046339 0.058839 0.073097
endloop
endfacet
facet normal -0.451318 0.844278 -0.288974
outer loop
vertex 0.037168 0.069204 0.040433
vertex 0.036378 0.070387 0.045123
vertex 0.040617 0.072653 0.045123
endloop
endfacet
facet normal -0.451245 0.844294 -0.289041
outer loop
vertex 0.037168 0.069204 0.040433
vertex 0.040617 0.072653 0.045123
vertex 0.041161 0.071339 0.040433
endloop
endfacet
facet normal -0.223035 0.417306 0.880972
outer loop
vertex 0.042283 0.061549 0.070787
vertex 0.044685 0.057955 0.073097
vertex 0.046339 0.058839 0.073097
endloop
endfacet
facet normal -0.223045 0.417291 0.880976
outer loop
vertex 0.042283 0.061549 0.070787
vertex 0.046339 0.058839 0.073097
vertex 0.044685 0.062832 0.070787
endloop
endfacet
facet normal -0.084656 0.279034 -0.956542
outer loop
vertex 0.048133 0.054506 0.025480
vertex 0.046339 0.058839 0.026903
vertex 0.048133 0.059383 0.026903
endloop
endfacet
facet normal -0.084621 0.279036 -0.956545
outer loop
vertex 0.048133 0.054506 0.025480
vertex 0.048133 0.059383 0.026903
vertex 0.049048 0.054783 0.025480
endloop
endfacet
facet normal -0.288889 0.952381 0.097533
outer loop
vertex 0.040433 0.073097 0.050000
vertex 0.040617 0.072653 0.054877
vertex 0.045216 0.074049 0.054877
endloop
endfacet
facet normal -0.288880 0.952385 0.097525
outer loop
vertex 0.040433 0.073097 0.050000
vertex 0.045216 0.074049 0.054877
vertex 0.045123 0.074520 0.050000
endloop
endfacet
facet normal -0.028582 0.094225 0.995141
outer loop
vertex 0.048133 0.054506 0.074520
vertex 0.050000 0.050000 0.075000
vertex 0.049048 0.054783 0.074520
endloop
endfacet
facet normal -0.028576 0.094225 -0.995141
outer loop
vertex 0.050000 0.050000 0.025000
vertex 0.048133 0.054506 0.025480
vertex 0.049048 0.054783 0.025480
endloop
endfacet
facet normal -0.288880 0.952384 -0.097534
outer loop
vertex 0.040617 0.072653 0.045123
vertex 0.040433 0.073097 0.050000
vertex 0.045123 0.074520 0.050000
endloop
endfacet
facet normal -0.288890 0.952382 -0.097523
outer loop
vertex 0.040617 0.072653 0.045123
vertex 0.045123 0.074520 0.050000
vertex 0.045216 0.074049 0.045123
endloop
endfacet
facet normal -0.084630 0.279049 0.956540
outer loop
vertex 0.046339 0.058839 0.073097
vertex 0.048133 0.054506 0.074520
vertex 0.049048 0.054783 0.074520
endloop
endfacet
facet normal -0.084653 0.279032 0.956543
outer loop
vertex 0.046339 0.058839 0.073097
vertex 0.049048 0.054783 0.074520
vertex 0.048133 0.059383 0.073097
endloop
endfacet
facet normal -0.277883 0.916099 -0.289040
outer loop
vertex 0.041161 0.071339 0.040433
vertex 0.040617 0.072653 0.045123
vertex 0.045216 0.074049 0.045123
endloop
endfacet
facet normal -0.277934 0.916098 -0.288995
outer loop
vertex 0.041161 0.071339 0.040433
vertex 0.045216 0.074049 0.045123
vertex 0.045494 0.072653 0.040433
endloop
endfacet
facet normal -0.137366 0.452781 0.880977
outer loop
vertex 0.044685 0.062832 0.070787
vertex 0.046339 0.058839 0.073097
vertex 0.048133 0.059383 0.073097
endloop
endfacet
facet normal -0.137337 0.452805 0.880969
outer loop
vertex 0.044685 0.062832 0.070787
vertex 0.048133 0.059383 0.073097
vertex 0.047290 0.063622 0.070787
endloop
endfacet
facet normal -0.256320 0.844854 -0.469598
outer loop
vertex 0.042045 0.069204 0.036111
vertex 0.041161 0.071339 0.040433
vertex 0.045494 0.072653 0.040433
endloop
endfacet
facet normal -0.256249 0.844848 -0.469647
outer loop
vertex 0.042045 0.069204 0.036111
vertex 0.045494 0.072653 0.040433
vertex 0.045945 0.070387 0.036111
endloop
endfacet
facet normal -0.184659 0.608831 0.771509
outer loop
vertex 0.043235 0.066332 0.067678
vertex 0.044685 0.062832 0.070787
vertex 0.047290 0.063622 0.070787
endloop
endfacet
facet normal -0.184683 0.608808 0.771522
outer loop
vertex 0.043235 0.066332 0.067678
vertex 0.047290 0.063622 0.070787
vertex 0.046551 0.067338 0.067678
endloop
endfacet
facet normal -0.224802 0.741168 -0.632562
outer loop
vertex 0.043235 0.066332 0.032322
vertex 0.042045 0.069204 0.036111
vertex 0.045945 0.070387 0.036111
endloop
endfacet
facet normal -0.224837 0.741173 -0.632544
outer loop
vertex 0.043235 0.066332 0.032322
vertex 0.045945 0.070387 0.036111
vertex 0.046551 0.067338 0.032322
endloop
endfacet
facet normal -0.224833 0.741158 0.632562
outer loop
vertex 0.042045 0.069204 0.063889
vertex 0.043235 0.066332 0.067678
vertex 0.046551 0.067338 0.067678
endloop
endfacet
facet normal -0.224806 0.741180 0.632545
outer loop
vertex 0.042045 0.069204 0.063889
vertex 0.046551 0.067338 0.067678
vertex 0.045945 0.070387 0.063889
endloop
endfacet
facet normal -0.184686 0.608821 -0.771510
outer loop
vertex 0.044685 0.062832 0.029213
vertex 0.043235 0.066332 0.032322
vertex 0.046551 0.067338 0.032322
endloop
endfacet
facet normal -0.184656 0.608815 -0.771522
outer loop
vertex 0.044685 0.062832 0.029213
vertex 0.046551 0.067338 0.032322
vertex 0.047290 0.063622 0.029213
endloop
endfacet
facet normal -0.256257 0.844875 0.469595
outer loop
vertex 0.041161 0.071339 0.059567
vertex 0.042045 0.069204 0.063889
vertex 0.045945 0.070387 0.063889
endloop
endfacet
facet normal -0.256312 0.844830 0.469646
outer loop
vertex 0.041161 0.071339 0.059567
vertex 0.045945 0.070387 0.063889
vertex 0.045494 0.072653 0.059567
endloop
endfacet
facet normal -0.137333 0.452794 -0.880975
outer loop
vertex 0.046339 0.058839 0.026903
vertex 0.044685 0.062832 0.029213
vertex 0.047290 0.063622 0.029213
endloop
endfacet
facet normal -0.137373 0.452800 -0.880966
outer loop
vertex 0.046339 0.058839 0.026903
vertex 0.047290 0.063622 0.029213
vertex 0.048133 0.059383 0.026903
endloop
endfacet
facet normal -0.277929 0.916085 0.289041
outer loop
vertex 0.040617 0.072653 0.054877
vertex 0.041161 0.071339 0.059567
vertex 0.045494 0.072653 0.059567
endloop
endfacet
facet normal -0.277887 0.916111 0.288997
outer loop
vertex 0.040617 0.072653 0.054877
vertex 0.045494 0.072653 0.059567
vertex 0.045216 0.074049 0.054877
endloop
endfacet
facet normal -0.062386 0.633135 0.771524
outer loop
vertex 0.046551 0.067338 0.067678
vertex 0.047290 0.063622 0.070787
vertex 0.050000 0.063889 0.070787
endloop
endfacet
facet normal -0.062377 0.633140 0.771520
outer loop
vertex 0.046551 0.067338 0.067678
vertex 0.050000 0.063889 0.070787
vertex 0.050000 0.067678 0.067678
endloop
endfacet
facet normal -0.075934 0.770792 -0.632546
outer loop
vertex 0.046551 0.067338 0.032322
vertex 0.045945 0.070387 0.036111
vertex 0.050000 0.070787 0.036111
endloop
endfacet
facet normal -0.075936 0.770793 -0.632544
outer loop
vertex 0.046551 0.067338 0.032322
vertex 0.050000 0.070787 0.036111
vertex 0.050000 0.067678 0.032322
endloop
endfacet
facet normal -0.075936 0.770792 0.632545
outer loop
vertex 0.045945 0.070387 0.063889
vertex 0.046551 0.067338 0.067678
vertex 0.050000 0.067678 0.067678
endloop
endfacet
facet normal -0.075935 0.770794 0.632543
outer loop
vertex 0.045945 0.070387 0.063889
vertex 0.050000 0.067678 0.067678
vertex 0.050000 0.070787 0.063889
endloop
endfacet
facet normal -0.062375 0.633137 -0.771522
outer loop
vertex 0.047290 0.063622 0.029213
vertex 0.046551 0.067338 0.032322
vertex 0.050000 0.067678 0.032322
endloop
endfacet
facet normal -0.062386 0.633140 -0.771519
outer loop
vertex 0.047290 0.063622 0.029213
vertex 0.050000 0.067678 0.032322
vertex 0.050000 0.063889 0.029213
endloop
endfacet
facet normal -0.086555 0.878600 0.469649
outer loop
vertex 0.045494 0.072653 0.059567
vertex 0.045945 0.070387 0.063889
vertex 0.050000 0.070787 0.063889
endloop
endfacet
facet normal -0.086524 0.878618 0.469621
outer loop
vertex 0.045494 0.072653 0.059567
vertex 0.050000 0.070787 0.063889
vertex 0.050000 0.073097 0.059567
endloop
endfacet
facet normal -0.046398 0.470895 -0.880968
outer loop
vertex 0.048133 0.059383 0.026903
vertex 0.047290 0.063622 0.029213
vertex 0.050000 0.063889 0.029213
endloop
endfacet
facet normal -0.046360 0.470884 -0.880976
outer loop
vertex 0.048133 0.059383 0.026903
vertex 0.050000 0.063889 0.029213
vertex 0.050000 0.059567 0.026903
endloop
endfacet
facet normal -0.093822 0.952721 0.288998
outer loop
vertex 0.045216 0.074049 0.054877
vertex 0.045494 0.072653 0.059567
vertex 0.050000 0.073097 0.059567
endloop
endfacet
facet normal -0.093856 0.952708 0.289030
outer loop
vertex 0.045216 0.074049 0.054877
vertex 0.050000 0.073097 0.059567
vertex 0.050000 0.074520 0.054877
endloop
endfacet
facet normal -0.028569 0.290186 -0.956544
outer loop
vertex 0.049048 0.054783 0.025480
vertex 0.048133 0.059383 0.026903
vertex 0.050000 0.059567 0.026903
endloop
endfacet
facet normal -0.028598 0.290188 -0.956542
outer loop
vertex 0.049048 0.054783 0.025480
vertex 0.050000 0.059567 0.026903
vertex 0.050000 0.054877 0.025480
endloop
endfacet
facet normal -0.097573 0.990439 0.097521
outer loop
vertex 0.045123 0.074520 0.050000
vertex 0.045216 0.074049 0.054877
vertex 0.050000 0.074520 0.054877
endloop
endfacet
facet normal -0.097577 0.990438 0.097527
outer loop
vertex 0.045123 0.074520 0.050000
vertex 0.050000 0.074520 0.054877
vertex 0.050000 0.075000 0.050000
endloop
endfacet
facet normal -0.009649 0.097989 0.995141
outer loop
vertex 0.049048 0.054783 0.074520
vertex 0.050000 0.050000 0.075000
vertex 0.050000 0.054877 0.074520
endloop
endfacet
facet normal -0.009657 0.097989 -0.995141
outer loop
vertex 0.050000 0.050000 0.025000
vertex 0.049048 0.054783 0.025480
vertex 0.050000 0.054877 0.025480
endloop
endfacet
facet normal -0.097577 0.990438 -0.097523
outer loop
vertex 0.045216 0.074049 0.045123
vertex 0.045123 0.074520 0.050000
vertex 0.050000 0.075000 0.050000
endloop
endfacet
facet normal -0.097574 0.990438 -0.097526
outer loop
vertex 0.045216 0.074049 0.045123
vertex 0.050000 0.075000 0.050000
vertex 0.050000 0.074520 0.045123
endloop
endfacet
facet normal -0.028594 0.290182 0.956544
outer loop
vertex 0.048133 0.059383 0.073097
vertex 0.049048 0.054783 0.074520
vertex 0.050000 0.054877 0.074520
endloop
endfacet
facet normal -0.028572 0.290193 0.956542
outer loop
vertex 0.048133 0.059383 0.073097
vertex 0.050000 0.054877 0.074520
vertex 0.050000 0.059567 0.073097
endloop
endfacet
facet normal -0.093858 0.952717 -0.288999
outer loop
vertex 0.045494 0.072653 0.040433
vertex 0.045216 0.074049 0.045123
vertex 0.050000 0.074520 0.045123
endloop
endfacet
facet normal -0.093821 0.952711 -0.289032
outer loop
vertex 0.045494 0.072653 0.040433
vertex 0.050000 0.074520 0.045123
vertex 0.050000 0.073097 0.040433
endloop
endfacet
facet normal -0.046366 0.470901 0.880967
outer loop
vertex 0.047290 0.063622 0.070787
vertex 0.048133 0.059383 0.073097
vertex 0.050000 0.059567 0.073097
endloop
endfacet
facet normal -0.046393 0.470883 0.880975
outer loop
vertex 0.047290 0.063622 0.070787
vertex 0.050000 0.059567 0.073097
vertex 0.050000 0.063889 0.070787
endloop
endfacet
facet normal -0.086523 0.878606 -0.469645
outer loop
vertex 0.045945 0.070387 0.036111
vertex 0.045494 0.072653 0.040433
vertex 0.050000 0.073097 0.040433
endloop
endfacet
facet normal -0.086556 0.878615 -0.469621
outer loop
vertex 0.045945 0.070387 0.036111
vertex 0.050000 0.073097 0.040433
vertex 0.050000 0.070787 0.036111
endloop
endfacet
endsolid Exported from Blender-2.82 (sub 7)
